t,gt_x,gt_y,gt_psi,gt_u,gt_r,kf_x,kf_y,kf_psi,kf_u,kf_r,kf_bias,kf_sx,kf_sy,gps_x,gps_y,u_ref,psi_ref,wp,thrust_l,thrust_r
0.05,1.9592952343138764e-06,-4.199047794774919e-21,-5.161279306489277e-22,0.00010525995954879582,2.4564554743885063e-21,nan,nan,nan,nan,nan,nan,nan,nan,0.16521881138216046,-0.6515786158021805,nan,nan,nan,nan,nan
0.1,1.5322120468982642e-05,-7.19725585215591e-21,6.634880387603329e-22,0.00024692959692607086,2.8690259658015084e-20,nan,nan,nan,nan,nan,nan,nan,nan,nan,nan,nan,nan,nan,nan,nan
0.15000000000000002,2.4155249858730763e-05,-4.965760854946959e-21,2.2563002652489467e-21,0.00016302073062484347,3.64937385972995e-21,nan,nan,nan,nan,nan,nan,nan,nan,nan,nan,nan,nan,nan,nan,nan
0.2,2.75970639771678e-05,-1.2861856178676615e-20,1.9645553787128207e-21,1.3915801929531633e-05,-3.270733944074474e-20,nan,nan,nan,nan,nan,nan,nan,nan,nan,nan,nan,nan,nan,nan,nan
0.25,2.1646068035586282e-05,-2.315508655546177e-20,7.040010300079339e-21,-0.0001738134754616273,1.8919502400599413e-19,0.2994479656798116,0.019861053740829495,-0.01165765482533665,0.0,0.01832148015267822,0.002019440958579791,1.0001199898917377,1.0000999979096843,0.2994479656798116,0.019861053740829495,nan,nan,nan,nan,nan
0.30000000000000004,0.001736993692610155,-0.00017941708103393701,-2.4544261365158863e-05,0.09658016853707321,-0.0006102781730603508,0.30101929153355633,0.01984336160766924,-0.010844241572946167,0.1559617898140972,0.018507676681963972,0.0024477905031810767,1.0004762272581786,1.000299980553489,nan,nan,0.9999985079510711,-0.009930200455554481,0.0,3.0297227677398366,3.020265221270738
0.35000000000000003,0.015270695304896099,-0.00023325868945972282,5.521225603315456e-05,0.3118378137544886,-5.139417264079303e-05,0.3147855007928955,0.019698723328875057,-0.009183343200687588,0.3673055694202427,0.04388225464771284,0.005677245347714107,1.0012753621146906,1.0006000571984468,nan,nan,0.9999995741404574,-0.009921355260469701,0.0,2.8181620086484607,2.8061510296471415
0.4,0.03081376761542051,-0.00016301074244513226,9.60089514349755e-05,0.4308569316163916,-0.000911875568501825,0.3305867735118411,0.018182136349049586,-0.05447933614588729,0.47928576903181547,-0.038420217272342565,0.03527449499425362,1.0019526464543516,1.0008006226879524,nan,nan,0.9999997784217718,-0.009849043187695132,0.0,2.5295005507248662,2.492417493452626
0.45,0.06199606521678966,-3.668273132518359e-05,0.0002475116370070824,0.5783141923514301,0.007275174103955809,0.20894291573594173,0.8501850261947063,-0.05538392721807339,0.621518827033683,0.003917683767935426,0.0378680698765091,0.44783882833992444,0.4475273127432958,0.15931666089900176,1.0588415037200676,0.9989701180229691,-0.009090817735528969,0.0,2.26817552013779,2.435550980777795
0.5,0.08702827226016532,3.811284610335608e-05,-5.6693928075180706e-05,0.6496025763693309,-0.02837427137165986,0.23450000782670838,0.8510148409363569,-0.004375619045910106,0.6833977450315094,0.014636118979932333,-0.0303033808857734,0.4487434851775156,0.44797576497620106,nan,nan,0.940544996402464,-0.4019490042568252,0.0,2.4392333166580547,1.3934120193481192
0.55,0.12885855430342152,2.9142722210707172e-05,-0.004710647796589192,0.7270965382097296,-0.11214952951973697,0.27711830425234607,0.8508316004255224,-0.004308254365386509,0.7574363266784278,-0.07154321819042694,-0.028191740241428582,0.4503529908328167,0.44865037368299,nan,nan,0.9218671545268323,-0.4023003586257523,0.0,2.363551643079456,1.151097362580853
0.6000000000000001,0.15895827791335612,-7.575240818852178e-05,-0.010367232826485186,0.7662226567448911,-0.15700286555478687,0.3077797625075112,0.8507802118945021,-0.0066031279400315945,0.7927369278288309,-0.10497643192611944,-0.028610674372420236,0.45153128099987927,0.4490985382769869,nan,nan,0.9218711119635885,-0.40222278124095934,0.0,2.224122370302134,1.076663052383872
0.65,0.20663870254608793,-0.0004410479606835082,-0.02160154340512753,0.8131456883394943,-0.2061379628464351,0.3562747196311225,0.8503059189147039,-0.01469886321962477,0.8365230508608487,-0.15794470621962206,-0.027421559913682173,0.45337303853823313,0.44977732272608073,0.1575037186199793,0.04730046577404366,0.9227663239920664,-0.4022010242817231,0.0,2.1629937273450235,1.0452748930535423
0.7000000000000001,0.2398036887435745,-0.0008686075298524163,-0.03043825346789702,0.8378398829731013,-0.22856701246696082,0.30017489230167704,0.4895883228745167,-0.03181086448178405,0.8553016101470522,-0.19314957857564302,-0.009868278857355958,0.3370762420319484,0.33499273172662414,nan,nan,0.9259316917760696,-0.40200019834330963,0.0,2.0800366586605543,1.0257091141066588
0.75,0.2913662584476557,-0.0018862807880960762,-0.04441741514819954,0.8766604540368125,-0.22635742517668161,0.35215445535889484,0.4877130280811386,-0.043035002896814945,0.8933007906317245,-0.18310705059451593,-0.008809230931835277,0.33896305463015064,0.335903383559101,nan,nan,0.9783916959802761,-0.24007308080118073,0.0,1.9781675771461158,1.487038664726707
0.8,0.32705579370087823,-0.0028511750151312444,-0.053173378732869384,0.9009486859757082,-0.21450200781594356,0.3880433057770482,0.4848006321519438,-0.05866615590582346,0.9156160128684898,-0.17644182394318156,0.0044768858537574474,0.34023368854678143,0.33650286107469113,nan,nan,0.9808235559080214,-0.23918825312820705,0.0,1.9198194607790011,1.45502189173639
0.8500000000000001,0.3821549306089974,-0.004797880189848409,-0.0655288793582021,0.930190466942886,-0.1997371211758559,0.4434591615470086,0.4813318932630517,-0.06948379716773845,0.9433164248466928,-0.15836936774452254,0.004654152895213054,0.34212336962678486,0.33741896064145577,-0.24221951455821034,-0.1617476161732723,0.9839960162120738,-0.23781332907409766,0.0,1.8786870711444221,1.4577840802384143
0.9,0.4197343875584159,-0.00645297936601546,-0.07331369627254264,0.9455031530242479,-0.1913817103375728,0.26234462308216355,0.2783769731523431,-0.07130908604650267,0.9483680398599169,-0.15673461089668178,-0.003395242895779385,0.28360927095001376,0.280411194167776,nan,nan,0.9861392333651304,-0.236174562717096,0.0,1.8360937102357624,1.4364350695720838
0.9500000000000001,0.47712366336537065,-0.00949448838983322,-0.08411944733390275,0.9661840315265126,-0.16759229206869136,0.3195083619643419,0.2741037026101559,-0.08110434251684051,0.969592574145009,-0.1298017960658265,-0.003636352536154294,0.28548901697702755,0.2815103110588805,nan,nan,0.9977569518272931,-0.13829993943448388,0.0,1.7274737835411715,1.62493716534947
1.0,0.5160118802928618,-0.011892198949520543,-0.09036871750715757,0.9778192031821501,-0.14948451572536045,0.3584006433240409,0.27303208559021813,-0.07641305581991542,0.9808132982923454,-0.09833857371125077,-0.017737701545556313,0.28672870437813336,0.2822248068319784,nan,nan,0.998482436275567,-0.13620330281766863,0.0,1.6924692192975626,1.6035110388996274
1.05,0.5750481692799637,-0.016028449151710634,-0.09861975325222971,0.9913062231870076,-0.1301479779711294,0.41735172275953913,0.2683290093628769,-0.08240913249844084,0.9942250512445752,-0.06241305666506756,-0.017185926115385632,0.2885583786415078,0.28332674800597324,0.16964087766117875,0.36009346443808576,0.9982443865380356,-0.1356773350955816,0.0,1.6942520793120106,1.5670347213131437
1.1,0.6147670819774528,-0.019129389156978944,-0.10359895390539846,0.9980986178686976,-0.12102563357358702,0.39513683956892787,0.2890589436183171,-0.07773413658746042,0.9982230249926841,-0.06104007205410407,-0.027741900481626187,0.25116694957218105,0.24731879522051858,nan,nan,0.9987018729584018,-0.133368096273184,0.0,1.678241947449127,1.546690532678336
1.1500000000000001,0.6747323336805885,-0.02426184837742207,-0.11053159823017174,1.0058725622762736,-0.11243635681606101,0.45501550120734924,0.2843105150945994,-0.0820553069534724,1.0062776975338832,-0.05977054865487402,-0.027823558232552417,0.25301998902157924,0.2485739086212016,nan,nan,0.997835867900466,-0.14353555189561357,0.0,1.691916164222884,1.5140809930100103
1.2000000000000002,0.714905107371259,-0.027985143871014365,-0.11492776504928907,1.0097786069876515,-0.10802082407015254,0.49516468452320694,0.28093064486419395,-0.0843149431112309,1.0101290290363603,-0.03986508592108766,-0.027376659338045346,0.25424464030377847,0.24941540325313527,nan,nan,0.9982509221636638,-0.1412091395117707,0.0,1.6721242832828556,1.51262470327458
1.25,0.7753696949117915,-0.033990636469647145,-0.12120342740650523,1.0142692095031012,-0.1021791679296222,0.554874248331447,0.26572925458818186,-0.11998710973605363,1.0147519986405202,-0.0666577122222004,0.010412566977648268,0.25606038046076135,0.2506336849111378,0.45524801195754716,-0.03451503475328749,0.9984748056301442,-0.13955228972738784,0.0,1.6693143741678782,1.5050875083328352
1.3,0.8157837338370798,-0.038257557024231996,-0.1251136045884215,1.0166649544970965,-0.09356933435013577,0.5745872856465486,0.20060153803272518,-0.12291720450656253,1.0166272827563068,-0.06410174938971426,0.010444660164128573,0.22916419840311517,0.2249908838358001,nan,nan,0.9999267489959028,-0.13209098501627134,0.0,1.592458002983448,1.578944613444311
1.35,0.8765223144314617,-0.045018357151290475,-0.13009421590655423,1.0195233997110937,-0.0741550266166264,0.6355060516565101,0.19654390716793654,-0.11518906646294891,1.0196235934508389,-0.043131862093317874,-0.0020939472253396177,0.23104034878786994,0.22634302254340197,nan,nan,0.9997366426434298,-0.09996643471997949,0.0,1.536788113072302,1.6266233961654446
1.4000000000000001,0.9170702951930291,-0.04974576691681047,-0.13276215531304933,1.0209255922143892,-0.0626969142069817,0.6760279433308597,0.1917893592408422,-0.1166139725600317,1.0210167236306325,-0.012640423425453955,-0.0018013202101748442,0.2322874142400583,0.227271086123138,nan,nan,0.9998515389283855,-0.09795742433526852,0.0,1.549139371687132,1.6052136783877269
1.4500000000000002,0.9779430180310547,-0.05713248658165189,-0.1360615927240033,1.0224840404716153,-0.04999899801018525,0.7367755977166686,0.1833340150751044,-0.12314975020890895,1.022634007311735,-0.04644444553828697,0.0015112769979057073,0.23414920272306017,0.2286057591765528,0.6523025118093577,0.3740899115762215,0.9997792639469432,-0.09560234843103962,0.0,1.5526512110278283,1.5958824290393567
1.5,1.0185456197720373,-0.062231225146023715,-0.13785091049070786,1.0231877901685278,-0.04103647208780316,0.7620578213584326,0.21129318665029653,-0.12387192967202365,1.0226470677435324,-0.0147717816802303,0.0016544674226753608,0.21334139777698077,0.20891154880666,nan,nan,0.999496385279876,-0.09141153989076084,0.0,1.5187453560100332,1.621516932382477
1.55,1.0794636190578062,-0.07010249644086802,-0.13991487922492635,1.0240146931574228,-0.031036162072081774,0.8230102976735317,0.20411572708202141,-0.12282867994952662,1.023631288409192,-0.016922688756468057,0.0005241775004912565,0.21528297608900715,0.21036603108957314,nan,nan,0.9998267315072876,-0.1052561569722238,0.0,1.5517360613675075,1.589988351525459
1.6,1.1200827809736074,-0.07548026578471292,-0.14104077268059012,1.0244275421327624,-0.02633976753548752,0.8636399796428731,0.19900146532384808,-0.1230522904872724,1.0240810325661271,0.03146177069634983,0.0009446093540709399,0.21657804783473322,0.21136565517361838,nan,nan,0.9997769186454027,-0.10170572327647268,0.0,1.5447373858469626,1.5924431831523969
1.6500000000000001,1.1810127473714997,-0.08371023564779095,-0.1424228970150381,1.02482857178759,-0.021284024063218755,0.9245174497291327,0.19043378723193088,-0.12564873612250205,1.024573144576113,0.0007362034604505807,0.0030893309205316647,0.21851748780346986,0.21280092772555162,1.19797683859005,-0.07683544383858121,0.9997149344253567,-0.09917430399748754,0.0,1.5583075608985297,1.5758096599568001
1.7000000000000002,1.2419358166941108,-0.09210307507694933,-0.14349379348155578,1.0249976324966272,-0.014919323596547508,1.00927001179074,0.144152005319844,-0.12549492382437322,1.0264946854952506,-0.003515577753079273,0.0031634345675826407,0.20157666800256366,0.19687408308679963,nan,nan,0.9995282380805154,-0.09493069525496403,0.0,1.5334927274733947,1.5964026238623203
1.75,1.2825374945834929,-0.09776889374313993,-0.14389841811075718,1.0247443674664198,-0.007074932948130201,1.070516347585423,0.1377283377368951,-0.12121439880489904,1.0259766960391714,0.04679730329029304,0.0005861816094719178,0.20360159212689874,0.19841711261091816,nan,nan,0.9985668975853748,-0.0719515798386546,0.0,1.4898623067569903,1.625184970911138
1.8,1.3434087130497088,-0.10634932754691993,-0.14402030493309492,1.0243907169023314,0.0008158185121120914,1.1112648544917798,0.13288094912692727,-0.12146662633800975,1.0255864217071908,-0.017308984659560493,0.0001061457746638818,0.20495371906681215,0.1994772202291316,nan,nan,0.9986243537783982,-0.06875561998237344,0.0,1.511674852044705,1.604018103662802
1.85,1.3839723077151116,-0.11211029530275418,-0.1438155015248995,1.0241663531997607,0.007827976565585293,1.171347159004671,0.1170345116008427,-0.13780197854440512,1.025059522830787,0.005839747106378323,0.015530889588941388,0.20697983099025113,0.20099646929267748,0.9636115126859577,-0.3651230372711224,0.9984810758864386,-0.0663429691456509,0.0,1.4810944820366017,1.6332686356960042
1.9000000000000001,1.424520731486995,-0.11789053723128694,-0.1433004121283742,1.0237593144657597,0.01632494283658249,1.1818515617066772,0.04445723427195225,-0.13721450967367146,1.02356839468797,0.02427032023814417,0.015836814349759722,0.1926437227856782,0.18761527850444684,nan,nan,0.996853330982165,-0.058450599749794586,0.0,1.447197443742367,1.6543292905837204
1.9500000000000002,1.4852941939487028,-0.1265687134582241,-0.14177679895677264,1.0225559537682942,0.03305077765175185,1.242672529093564,0.03608486281779216,-0.13498383688819304,1.0223148737657688,0.05113467413880809,0.015899590849530448,0.1947534676968828,0.1893004908994101,nan,nan,0.9933959830656411,-0.022224957083141622,0.0,1.3882241663095756,1.6886759715591788
2.0,1.54598770931591,-0.13521705827369532,-0.13922959723876907,1.0212354513220046,0.04849753144282285,1.282585905774224,0.025777533776172035,-0.14364942304936212,1.0214316148341893,0.04428916143242566,0.023664856384674988,0.19615986574870314,0.19034428196609735,nan,nan,0.9931699141438501,-0.018040474010986532,0.0,1.3957048943641626,1.6816960809820372
2.0500000000000003,1.5864090327455969,-0.14094408958705415,-0.1370223244957108,1.020222660911164,0.059222122748719366,1.343225164270503,0.017085165230461195,-0.14109164513968772,1.0200008746442777,0.045623625073441004,0.023577330540100316,0.1982699379985042,0.19201117124786057,1.5598169225929261,-0.16789510232307564,0.9914629068087235,-0.01288805326388802,0.0,1.3653597453138613,1.6995889765194987
2.1,1.6267980556856099,-0.14662372270934723,-0.13440593841525622,1.0193076293139094,0.06899994007235592,1.4141421579035258,-0.005605571850621037,-0.1232305346311664,1.0205161634628106,0.09237940145388378,0.01273916538919743,0.1857633976878728,0.18035616067112178,nan,nan,0.9912281996319159,-0.008542374823962856,0.0,1.3630409608471812,1.7028918154339165
2.1500000000000004,1.6873381955846765,-0.1550260764220066,-0.1298830939773505,1.018226323772728,0.0786783822400554,1.4748922642266171,-0.013038977372248935,-0.11793270703109293,1.019243325525876,0.10035144269883325,0.012763329282667503,0.18795352905669221,0.18210526297907004,nan,nan,0.9920683094997438,0.002802778586148384,0.0,1.3927493176078172,1.6769080129271408
2.2,1.7276811972159338,-0.1605320249397144,-0.12663139129346357,1.017704268875783,0.08270610846787668,1.5145162226965054,-0.02456930598454711,-0.1271699329338385,1.018659138223125,0.10326916778033911,0.021911220255055746,0.18941273832637914,0.18319201801574875,nan,nan,0.9922658271701481,0.0065193963209450945,0.0,1.3997094842302484,1.673991437991302
2.25,1.7881789201887783,-0.16861589788981488,-0.12144009307774223,1.0167491426779838,0.08985859623697807,1.5751412281866133,-0.032177644818090184,-0.12249585453526056,1.0175330173662167,0.07977168345154918,0.02178745028224572,0.19160100182215778,0.1849192807590563,1.200410967728388,-0.0885779516226445,0.9902920435962425,0.01228403507817622,0.0,1.3699829037138325,1.688330811069732
2.3000000000000003,1.8284936151600872,-0.17387082813128296,-0.11770680977075532,1.016100243088589,0.09549493616525692,1.5684512345813328,-0.036126983695555344,-0.1043224301397152,1.0147047389371087,0.07304504133091073,0.01197809654385555,0.1804190405454404,0.17458255888359775,nan,nan,0.9904126947010394,0.016087434426272133,0.0,1.3626884617565107,1.6986081523136116
2.35,1.8889649658674523,-0.18152994067150652,-0.1117535522099302,1.0158336017002103,0.100993852788824,1.6290061416549555,-0.04238178250211222,-0.09726708179454847,1.0148502673423332,0.11135374205931851,0.012134623424774706,0.18268162833229912,0.17638484673918794,nan,nan,0.9925204260917717,0.018061527588308098,0.0,1.3957676449582903,1.689694495088654
2.4000000000000004,1.929302079653726,-0.1864766425061436,-0.10768139260185917,1.0159351923024378,0.10186737131152886,1.6696509231330632,-0.04434864736919759,-0.08904173037247931,1.0151769024572372,0.12098240330508803,0.009928899642549262,0.18418887741698314,0.17750502118860997,nan,nan,0.9929924296165071,0.02118772015481886,0.0,1.4175090224726807,1.6701859927038438
2.45,1.9898496667681214,-0.19364015699031256,-0.10159609977378237,1.0161851683343284,0.10071138902245232,1.7303415427093456,-0.049620859327848814,-0.08066838428327426,1.0157054561083028,0.12064739306106895,0.009996868201465309,0.18644769293291374,0.17928064355184506,nan,nan,0.9938222699593928,0.022170690380122496,0.0,1.4339525978548895,1.6583116197066665
2.5,2.030245998835997,-0.19823702888731445,-0.09760386815279606,1.0164038145287584,0.0991591207815313,1.809368748598992,-0.07363020404544893,-0.08049259180165125,1.0182253838559097,0.10955080001470241,0.012546063820344311,0.17608659308669253,0.16980502918318516,2.064413268267103,-0.21097072363654407,0.994442801376324,0.02480534079526151,0.0,1.4430497155739035,1.6515153958494833
2.5500000000000003,2.0908781604494595,-0.2048522626347994,-0.09167753669846557,1.0162845792892288,0.09932930518564922,1.8702683452960456,-0.07844234373848298,-0.07386446875679953,1.0178419595366641,0.1254850960420008,0.01261816917748361,0.17840821872617624,0.17165259477090591,nan,nan,0.9931292841150356,0.03679848306452875,0.0,1.4106535594197025,1.6646214742439707
2.6,2.1313095318442516,-0.2090703725276731,-0.08769176911843227,1.0160974667286482,0.09957295848282816,1.9110169116344693,-0.08006782987293012,-0.06750321863279174,1.017571612069924,0.09316888579944202,0.011239850624043455,0.17995384966872383,0.17280439780966164,nan,nan,0.9936148974600916,0.03920107909743181,0.0,1.4247057167141248,1.6543802691592502
2.6500000000000004,2.191978523897902,-0.21510602332009973,-0.08171756500146062,1.0160096295438998,0.09975677029237477,1.971931949972267,-0.08406655417310616,-0.05973299843130109,1.017342775456805,0.11673784020304008,0.01134467703981405,0.18226802878912537,0.17462322073464823,nan,nan,0.9942257455552342,0.040012547836665385,0.0,1.4218241652596768,1.6617774994092207
2.7,2.252683961281694,-0.2207883200507695,-0.0757731092444752,1.0161203422064395,0.09816939649310838,1.9718641354674256,-0.14128616014279158,-0.051344935382213304,1.0153849579570189,0.1623040978112716,0.009773883675732415,0.1726717743616141,0.1659336122837767,1.6425617010773543,-0.6068583411884022,0.9948287918642942,0.042008548548137764,0.0,1.441590358466542,1.6463832860929468
2.75,2.29317017925873,-0.22437805382391926,-0.07184882027943754,1.0159174041878236,0.09816154627241738,2.032722519360469,-0.14423373277888663,-0.044639750687011766,1.0154394810047183,0.11552529590014733,0.009678044794924776,0.17504401913874432,0.1678192494796745,nan,nan,0.992582934630288,0.07052591722567604,0.0,1.422425066999721,1.6523716139509719
2.8000000000000003,2.3336623107816754,-0.22780804640733732,-0.06790533894247697,1.0157626467345735,0.09906051328284451,2.0732985336280447,-0.14603795380459922,-0.039670694722873094,1.015459974928524,0.1350923123797234,0.009747369902009296,0.17662322848061704,0.1690708034236915,nan,nan,0.9932061968707129,0.07199223226111152,0.0,1.4128352659992414,1.665654565329574
2.85,2.394418551154256,-0.23265278343382254,-0.061928578532680405,1.0156743059322724,0.09950313603731128,2.1327160105157215,-0.16492569609898755,-0.05893389344543909,1.0155513472383344,0.07526759983701674,0.023002948792266675,0.17898368648414908,0.17085227948614481,nan,nan,0.9936717738071276,0.07288961699372645,0.0,1.427487530397478,1.6535638059667446
2.9000000000000004,2.455176731216528,-0.2371308013814164,-0.05574364020260361,1.014805000677844,0.10718182297157217,2.235210909633992,-0.23099413086617027,-0.05477700370298643,1.0186340089522994,0.11117385578624867,0.023288558440508877,0.16997136729566148,0.1628426827319792,2.688878066961974,-0.7667495374715465,0.9900463423803091,0.08227668788487894,0.0,1.3446588076129875,1.7059577678708786
2.95,2.4956381438134,-0.2399035862003565,-0.05124257688755969,1.0131184914579174,0.1157255877909216,2.2957391414210937,-0.23965507827388352,-0.055225168306599404,1.0159014791006433,0.12309244823852933,0.027708946921905436,0.17238477229000457,0.16469447666325085,nan,nan,0.9856245684551203,0.11498757659808714,0.0,1.2923127420830007,1.7122463402967836
3.0,2.5562290996290127,-0.24373564941610515,-0.0439038141038918,1.0108086365761042,0.12665706093769763,2.3362965187241507,-0.2418484008761323,-0.05069212771155395,1.0140116874972007,0.12219059276867925,0.027697961980966315,0.17399041804591542,0.16596769599336977,nan,nan,0.9848162340336517,0.11925890987092881,0.0,1.2892407315400984,1.7155427902031952
3.051,2.5965715460473993,-0.24606451178039485,-0.038696343984678465,1.0096962327123413,0.13213702262266916,2.3966726991853444,-0.2491331209268038,-0.049437657050908974,1.0118427034067738,0.12472488694755358,0.030813692658198093,0.17638974173884284,0.16778207552650312,nan,nan,0.9854096400055257,0.12033990704250867,0.0,1.2976784862748016,1.7160562193909228
3.1,2.6368850931070287,-0.24820484826905054,-0.033289911439196934,1.0087644524189723,0.13693323226169293,2.4370885545539167,-0.25107268108675757,-0.04418880997267526,1.0107430848691743,0.12264299599067455,0.030808932654996905,0.17798246987901087,0.16903373695655963,2.3550651698935465,-0.31493522568719756,0.9850097414476343,0.12392820056871474,0.0,1.2953195274617062,1.7204049524076075
3.1500000000000004,2.69731605465505,-0.2510471749824091,-0.024865929789904342,1.0077530393185365,0.14251159570705388,2.4883767125023306,-0.2610931269046361,-0.03820667584416615,1.0090927239622667,0.1338546026177225,0.031567323279248646,0.17012097080987448,0.1620130237722007,nan,nan,0.9857413674876346,0.12488304879061618,0.0,1.304011899851155,1.719571559581195
3.2,2.7375890384294785,-0.25268735942181314,-0.01909978939833558,1.0073302771354613,0.14498827705653225,2.528707909617681,-0.2625910428121335,-0.03267377778969127,1.0086693639144046,0.1410957794478714,0.03158477747424532,0.17174823604668268,0.1633040672623338,nan,nan,0.9859179625724404,0.1298124464836461,0.0,1.311833099385381,1.7169454557306232
3.25,2.7979913565498613,-0.2547509803967151,-0.010318025051560396,1.0069803674159485,0.14697170270635435,2.58917505414421,-0.2646348933164658,-0.02424627038610616,1.0082947935165436,0.14002888259699517,0.031747503655241004,0.17418031840601877,0.1651480908860858,nan,nan,0.9867087454777509,0.13054878335615047,0.0,1.32433580898545,1.7108977659321198
3.3000000000000003,2.838263249215311,-0.2558552879323485,-0.00443246605156815,1.006992237787248,0.14705214420062368,2.6294972172543054,-0.26555596619862104,-0.018902127839900636,1.008372624994056,0.13252795018657687,0.0317420470096169,0.17579467104195404,0.1664165738856328,3.097655709654293,-0.8271142967585945,0.9878877837491642,0.13155325784261163,0.0,1.3390024837536338,1.70570685471192
3.35,2.898690240766311,-0.25709436649572126,0.004373567450605355,1.0072193413636932,0.14649099951795044,2.7423360396492655,-0.3196955442605043,-0.006415726116498099,1.0114678376811872,0.1485624245768602,0.029815067839201907,0.1683188265792521,0.15980857791631733,nan,nan,0.9886349849326767,0.13200584285687011,0.0,1.3449459815351232,1.704485505532871
3.4000000000000004,2.9591193644368814,-0.25782186861146666,0.01320035565926959,1.0066889338737113,0.14790817987846014,2.7827865408475208,-0.31986217453790483,-0.0014399781766165631,1.0105576339840392,0.10915901402945624,0.02975708597990049,0.16996572604331917,0.1611148325431427,nan,nan,0.9864310726359918,0.1585068305523346,0.0,1.315483844428563,1.7058887723969582
3.45,2.9993884446594845,-0.2580191658451979,0.019167467691847313,1.0064113858672967,0.14994782427997497,2.8436438570704725,-0.315045757083506,0.013863079902752594,1.0096007311308066,0.12500643669187556,0.026999518058056532,0.17242596516148304,0.1629833771908894,nan,nan,0.9872228145831778,0.15858806886364402,0.0,1.3101921479440688,1.7190365559350735
3.5,3.0396556266660677,-0.25798423362758577,0.025169115945083247,1.0065588854108767,0.14944726756895513,2.884023898989939,-0.3144383568016906,0.019242003338837414,1.009703097653992,0.12848090714163765,0.027011970103342515,0.17405802144465402,0.1642661524144021,nan,nan,0.9898816522348506,0.15623904311408274,0.0,1.3538142153448371,1.6984481933512285
3.5500000000000003,3.1000811192954045,-0.25749238821694354,0.03403641043189216,1.0071380097182279,0.1464122980350207,2.973080609149002,-0.38869098253203993,0.025109339603987643,1.0116594461853792,0.1742006742758888,0.028562126477757306,0.16673059997090484,0.15787063220532316,3.161105923596531,-1.0607530737580175,0.9906710033765409,0.15594268253482713,0.0,1.365546127793324,1.6917416841858435
3.6,3.1403697417949767,-0.25686885650798585,0.03987743656261739,1.0068637160527047,0.14637738190457825,3.013521820884356,-0.38760978346419844,0.030677129782780366,1.0105371278819104,0.1535651393178394,0.028535224360002682,0.16839097514441867,0.15919087910752527,nan,nan,0.9861139087964196,0.1919526672804957,0.0,1.3160900990864872,1.6978062204899274
3.6500000000000004,3.200751229738626,-0.2554923053453529,0.04871940015180888,1.0061325901423426,0.14797101146626385,3.074110928561032,-0.38499960165455505,0.04023223102907591,1.0093678178784937,0.14008930531950262,0.02822238151597425,0.17087118094896422,0.1610833009693184,nan,nan,0.9871067870910167,0.19143169044373,0.0,1.3212079063473225,1.7027737002771353
3.7,3.2409847495509676,-0.2542800129731745,0.05464645117930706,1.0060722308104268,0.14806715612761007,3.114448481224232,-0.3833133912541086,0.046027085524079414,1.0091856489826934,0.13311401698262476,0.02822235562641063,0.17251619046712927,0.1623796942330551,nan,nan,0.9887798471191797,0.19017353860528277,0.0,1.3391789085775674,1.7005850235275837
3.7500000000000004,3.301329187829181,-0.2520170341014945,0.06350211538201092,1.006346850310176,0.14705498052384475,3.1416642039110343,-0.3644009822107118,0.05497221110379736,1.0072012100918524,0.15181272653407343,0.028361697108047312,0.16544989388768994,0.15627311668410182,2.8262561713905363,-0.2150687770348813,0.9897453502525805,0.1893604322362041,0.0,1.3492125922252032,1.6978083887195963
3.8000000000000003,3.3415653387958746,-0.2502122903989506,0.06931983138144482,1.0069635791931721,0.1438530923867633,3.181897596328464,-0.36214244731605727,0.060786939383672856,1.0080904800391015,0.15108561127711578,0.028373965924653213,0.167122412848769,0.15760574140404648,nan,nan,0.992166300247353,0.18022355026619344,0.0,1.395429625254175,1.676072944849847
3.85,3.401956200183038,-0.24706199188841035,0.07773109341246957,1.0081219530639705,0.13748637847977607,3.242232643230471,-0.36360884144450534,0.061156063953899054,1.0093013447471852,0.13253676007096624,0.030981322711695687,0.1696206387274553,0.15951922307022726,nan,nan,0.9930055875352107,0.17913034935078007,0.0,1.4065426327663626,1.6682272910814058
3.9000000000000004,3.442235586805634,-0.24466923796381476,0.08314753662856227,1.008734918970791,0.13439835060048827,3.2825318780339194,-0.3610907417575279,0.06656039552210748,1.0098872353007844,0.12863679577462006,0.03098795237815684,0.17127741427068732,0.16082776236428953,nan,nan,0.9929653037481154,0.17984017901935737,0.0,1.3956333459711936,1.6743660416968646
3.95,3.5026677359950855,-0.24064978727067932,0.09107616984623167,1.00954379080459,0.13038011918872447,3.3782239397567126,-0.4628475996602347,0.07318927916115082,1.012628817684424,0.11414750129722552,0.03128500121476547,0.16426965516323552,0.15490318947157833,3.6491128945102043,-1.470828144694234,0.9937277622138064,0.17862114336085572,0.0,1.4052049725742077,1.668308145535213
4.0,3.5630667568666166,-0.23612302992166173,0.09901743123850335,1.0087623181682204,0.1353187154123836,3.418609406463331,-0.4613493771403482,0.07720027442277376,1.0115245526046057,0.11714193141162668,0.032023236424586286,0.16595020788351675,0.15618147650512768,nan,nan,0.9881299642096354,0.22742023172944473,0.0,1.308368312779895,1.7111158450371349
4.05,3.6032765317759474,-0.23283059245895177,0.10451874183441513,1.008201234182118,0.13865467450462984,3.4790788693973624,-0.4564872927686352,0.08482263601044826,1.010321664350112,0.10299221318477808,0.03200989920162023,0.1684600472995719,0.15818487967175998,nan,nan,0.9888443612004817,0.22670908421922295,0.0,1.31983228625981,1.7075129342079607
4.1000000000000005,3.6635309963317377,-0.22747928231179457,0.11294416760986609,1.0079111019338713,0.14131341880198023,3.5192550446484394,-0.4472001038183399,0.09782656724469119,1.0100568758398258,0.13015825733955974,0.029481520053065393,0.1701238881213785,0.15943480844937952,nan,nan,0.9902749339802557,0.2243996387341868,0.0,1.3353678084381713,1.705968579776906
4.15,3.70367951836342,-0.2236347117027455,0.11854371380745078,1.0082171686735646,0.13895674675570463,3.615825360949301,-0.4114060110981013,0.10630321859445857,1.012649181866648,0.1203946520215696,0.029408010426550703,0.16330415522330924,0.1537179115048655,3.902800428983159,-0.12593564318619999,0.992548352696704,0.21998155277593576,0.0,1.3807705716522578,1.6785940059449975
4.2,3.7438228965346108,-0.2195673811064216,0.12400412345471293,1.008732098438793,0.1344136974818646,3.656231397913138,-0.4121088648288145,0.10474378504440816,1.012888260208496,0.12460661238972039,0.03166010239076753,0.1649914069882533,0.155009782001177,nan,nan,0.9953407461338847,0.2028731567326355,0.0,1.4215744363381984,1.6514193120875091
4.25,3.804036960660062,-0.2130506204710967,0.1318071197238416,1.009513791421956,0.1272779211735247,3.716661321695318,-0.4056139682202473,0.1126396709770221,1.0131106624044046,0.12491520777669415,0.03167574932609633,0.16751090384646733,0.1570290092827792,nan,nan,0.9951560889755798,0.20321029369210117,0.0,1.4183832365785554,1.6515329206483704
4.300000000000001,3.844173577336254,-0.20843338827059943,0.13678483704453478,1.0100346177487247,0.12249813680093365,3.756838307472494,-0.3986484295717917,0.12100271368425643,1.0133779690545779,0.12287049356420718,0.030721752266887767,0.1691808337644715,0.15829238619046823,nan,nan,0.9961783837069553,0.2000931203302542,0.0,1.437912406369552,1.6386505707399373
4.3500000000000005,3.904373860505657,-0.20110887003950134,0.14385922336033263,1.0109264108065026,0.11432941281693146,3.810092648111991,-0.4010394854806388,0.12868121327156956,1.0133450822851313,0.14058571629742153,0.030778362919151855,0.16251339642667653,0.15274499397561048,3.7294635604523427,-0.49998998949110557,0.9971328724931803,0.19674568200898268,0.0,1.4572860108103465,1.625285933148451
4.4,3.964571217533381,-0.19332203537792203,0.1503987949062586,1.0118453153568594,0.10506943232293986,3.8503255498786904,-0.3965333082927517,0.13186339665990143,1.013812195500082,0.09129547435006868,0.031064508243471546,0.16420553843554472,0.15404908964223216,nan,nan,0.9976056637797169,0.1978952624976637,0.0,1.4753639305689268,1.610297057916824
4.45,4.004699221232715,-0.18788410285686707,0.1544932929729342,1.0124044030512016,0.10089498381740099,3.910624043283234,-0.3884378920247031,0.13857808814947606,1.014419789531125,0.12092146613412381,0.031101703377945572,0.16673199372896785,0.1560828683277904,nan,nan,0.9979613284139333,0.19572832694042563,0.0,1.4636763279301228,1.6226329413019986
4.5,4.044822436079896,-0.18225700477814966,0.15840513538760187,1.0129403932552286,0.0954639330522058,3.950638040141587,-0.37991781049032536,0.14647247043251402,1.0148244871307206,0.10828336576892347,0.030004791496360494,0.16840602965240317,0.1573583998630701,nan,nan,0.9985824133959916,0.1918307248160711,0.0,1.4923537697295404,1.5963052351990503
4.550000000000001,4.1049979813087845,-0.17347921198548497,0.16381012105115766,1.0137209774498,0.08608562943762015,4.010867728375058,-0.37089756352326975,0.15223729709585898,1.0154021022980575,0.07273222693956626,0.029992409911253872,0.17090021781000708,0.1593560729746819,4.047639285325216,-0.8741383120350108,0.9991493470986444,0.18772228329140792,0.0,1.5063640401997123,1.5848300126668684
4.6000000000000005,4.1651607091393625,-0.16431997949117036,0.16867923242134966,1.0144218092873163,0.07785079924735806,4.054662844033107,-0.4116533205644475,0.15412726259142984,1.0156027464150645,0.07593299776524137,0.03031973024309373,0.1634077703576725,0.15314731786015034,nan,nan,0.999515551573459,0.18336566186631637,0.0,1.5073708574368292,1.5842246803498654
4.65,4.205256168882318,-0.1580148581415634,0.17173387480196406,1.0146735886409428,0.07572478476940303,4.114872432802909,-0.4022197255102052,0.15865773551105325,1.0159014520880802,0.07214718695342473,0.030322389513585943,0.16593658880345943,0.15519544160504992,nan,nan,0.9988063665804352,0.20299178868759304,0.0,1.4782461755750507,1.606236511065626
4.7,4.245336431914387,-0.15156008634725066,0.1747070928716318,1.014900400202745,0.07326511920352068,4.1552289344021585,-0.3986101760964068,0.1577657562666914,1.0160518839299457,0.06242494151558468,0.031340130966525145,0.1676128427694867,0.15648230294828772,nan,nan,0.9992078946594745,0.19846250744687613,0.0,1.4908623761722035,1.5951001455505702
4.75,4.305429074251154,-0.14161267739377276,0.17897156630306713,1.0151921974643103,0.06968217104347804,4.215426230881316,-0.38895336466796454,0.16113529174451366,1.0162152212894606,0.049559190973186076,0.03133571925160006,0.17011125966181173,0.1584926905535259,4.775035626090315,0.4273225097289897,0.9992410956062703,0.19672728607426876,0.0,1.4875303683616998,1.5974058230036774
4.800000000000001,4.345471273385181,-0.134813115067779,0.1817008374016764,1.0153650987710632,0.06724748732980182,4.314438258169611,-0.30816221902447144,0.16349811003470105,1.0205619811600766,0.06373338446292923,0.03146124149375686,0.16274144600720603,0.15240972124759578,nan,nan,0.9995212791699291,0.19207908047676836,0.0,1.4947139937141918,1.5911382634514428
4.8500000000000005,4.405501506933143,-0.124379086437253,0.18545177567527696,1.0153872384854314,0.05670907561152529,4.374827794533575,-0.29813020833671494,0.16720901467472027,1.0196545829041788,0.06295515712114495,0.0314704627750281,0.16527459023868005,0.15446935469266626,nan,nan,0.9999056800884903,0.15125851927703463,0.0,1.565061550055008,1.5104975703767687
4.9,4.445492677530661,-0.11728073350211635,0.18748122952672733,1.0153079555532885,0.0472276633432448,4.414664013145168,-0.287665251184981,0.17437535024583892,1.0190711654716031,0.07217114850804103,0.030241371189651492,0.166952789602103,0.15576604448550285,nan,nan,0.999815041637301,0.14797549889732695,0.0,1.5705123748432952,1.505358275682619
4.95,4.505438312839705,-0.10643953262440133,0.18983079175987,1.015184647912805,0.033040723498535415,4.4748579637447,-0.27701151035824284,0.1757208032735531,1.018291165237487,0.011563070176503543,0.03021213346261704,0.16945415839956102,0.1577879016257771,4.257738529337709,-0.005072654744214408,0.9995032086052268,0.14285289685660185,0.0,1.5919285977737667,1.4822196681341504
5.0,4.545376271544137,-0.09909754430812383,0.19094721150210128,1.0150983727030858,0.02526089107850842,4.493271254848064,-0.24970285786019028,0.17230470467857684,1.0167475241877426,0.0328897515062719,0.03163448690972273,0.1621854318962939,0.15180645720351704,nan,nan,0.999274637677095,0.13763012116831747,0.0,1.5775087457241228,1.4962006857806878
5.050000000000001,4.605249637772647,-0.08793836601900677,0.19208213004704866,1.014995019766998,0.013838328542840145,4.553359772378383,-0.23921398477560013,0.17301840170595462,1.016368773158397,0.0005238147774095803,0.031624941737579765,0.16472288206048358,0.15387510702040916,nan,nan,0.998843610421728,0.12420870651169309,0.0,1.596500571999985,1.4753444665237514
5.1000000000000005,4.645146115785784,-0.08041827230458218,0.19245123650174015,1.0149074662105857,0.0066502394188272225,4.593211589697114,-0.23059848839661679,0.17504170067745892,1.0161035748406084,-0.024680141221200564,0.031103401058388207,0.16640448438535477,0.1551790167237858,nan,nan,0.9985435995827683,0.11904147938498706,0.0,1.596500571999985,1.4753444665237514
5.15,4.704963846210227,-0.06904460219774068,0.192526441733551,1.014706658711701,-0.0023749385781116844,4.653238389861134,-0.21998499736741123,0.17600000592873144,1.015694087639249,0.011044510257880455,0.03112864322995572,0.16891209857331504,0.1572083674866358,nan,nan,0.998185557143483,0.11479235507700718,0.0,1.594647719625587,1.474235015653785
5.2,4.744825088753473,-0.061416339191361496,0.1922674115353316,1.0145213796642332,-0.009322408504655159,4.7273657213394165,-0.2162997057002357,0.1810013521458753,1.017516630488062,-0.028710177844280916,0.029608724676145823,0.1615805793223311,0.1511928647620828,5.0098960865471875,-0.3104241529801087,0.9977931510794028,0.10955211513239714,0.0,1.6171662985760258,1.448913758925348
5.2700000000000005,4.784672504859821,-0.05376504584238757,0.19171896270714553,1.0142332275697938,-0.01612387419406016,4.747385730904405,-0.21264967443865446,0.18106886685699133,1.0172294006213574,-0.00235547021330849,0.029623919495021075,0.16242873320622336,0.15188760310621732,nan,nan,0.9969339142744956,0.10229749895391445,0.0,1.6131473952690192,1.4418078120995055
5.300000000000001,4.844410003284806,-0.042269545534563725,0.19044670469119082,1.0136353527718511,-0.024864600437133014,4.827251713496336,-0.19697150348860593,0.18151626202981808,1.0157522532481054,-0.003977615645923253,0.02930709073882555,0.16580415993559122,0.15458182203590717,nan,nan,0.9969339142744956,0.10229749895391445,0.0,1.6131473952690192,1.4418078120995055
5.3500000000000005,4.904114697287057,-0.030783176846607797,0.18862760976997442,1.013081447207883,-0.03462657407658885,4.887181330269639,-0.18599726999893673,0.17987113610149394,1.0148135770819784,-0.02700256941596201,0.02930279950830468,0.1683157820474169,0.15661919731487964,nan,nan,0.9965286416333315,0.09816917310581227,0.0,1.631069328970704,1.421787440534317
5.4,4.943903878760462,-0.023147946495528902,0.1870860736391532,1.0127357529457597,-0.040718786018634844,4.901201054032609,-0.09600706599249675,0.19011391078181505,1.0135530741202443,-0.06606301754425964,0.026302241533949496,0.16107580206932806,0.15068774405600074,4.655834304722565,0.639723053891123,0.9962057794666649,0.0927319105423832,0.0,1.627636964965828,1.4245272373845665
5.45,5.003550415979271,-0.011758235413241683,0.18421289049539774,1.011232243591603,-0.05498686224518719,4.960911802551901,-0.08461186068553962,0.18683182598466752,1.0117760744787825,-0.04356279924474912,0.026318745528885176,0.1636203893971686,0.15277258389785583,nan,nan,0.9899140869258467,0.04796671175141682,0.0,1.6714558210491448,1.333149059566354
5.5,5.043261393308968,-0.004233460863464704,0.1817263832037291,1.0099583318036418,-0.06652386508368864,5.0011026244419545,-0.08008618309712583,0.18176017085366603,1.0104438780283727,-0.053974262440762866,0.02718745694940251,0.16530790933391412,0.15408974441079165,nan,nan,0.9895706676462113,0.04228071781075495,0.0,1.6855282601287327,1.3205640854940526
5.550000000000001,5.102769145752734,0.00692439081272104,0.17720891667212124,1.0084873345079302,-0.08081667724802107,5.060708748732186,-0.06919539895977626,0.1782849568264928,1.0089087568335753,-0.07683765188768392,0.02718532231404839,0.16782651487326705,0.15613264943558489,nan,nan,0.9899719097210662,0.04002170976144883,0.0,1.6809366519218938,1.3313222044781883
5.6000000000000005,5.142417681329508,0.014261454910225726,0.17379080314034134,1.0077270708087718,-0.08799250258099636,5.1013737743259675,-0.007883731825756083,0.17143321132743902,1.0088793923626802,-0.08801878604042557,0.02816249513526237,0.16066520309586485,0.150267971062317,5.074242840548415,0.5801580043647778,0.9896927592022529,0.03458390489438586,0.0,1.676165044057001,1.3375165251318413
5.65,5.201857208414167,0.025082164186404275,0.16812184608927042,1.0060882455139002,-0.09989443168870496,5.161006667274385,0.0023304553237666133,0.1662453495710179,1.0069904194171406,-0.08581841549700654,0.028169006725529716,0.16322041245167596,0.15235473342161848,nan,nan,0.9860060818242895,0.003941845496427645,0.0,1.6930306130374908,1.2902811460795016
5.7,5.241448178941218,0.03214878605374902,0.16392329990752388,1.0049428586307996,-0.1078772672825524,5.200769293467627,0.008666109315072454,0.16210137677183534,1.0058092541588879,-0.10885420892520896,0.028245806117070015,0.16491526619111616,0.1536743495912843,nan,nan,0.9860195469089097,-0.001165227134518979,0.0,1.6969893017169828,1.2910477999336258
5.75,5.300805153131333,0.04250092320043269,0.1571133292744789,1.0036118726681613,-0.11688732896447615,5.260320046162888,0.01825686328405404,0.15485350939559384,1.0044077204150923,-0.11115814480661236,0.028245702797900788,0.1674458307338263,0.1557178169052569,nan,nan,0.9861817363899353,-0.0043330275396175014,0.0,1.689068206983956,1.3028195130822984
5.800000000000001,5.340370309885399,0.04922233362277378,0.15232499805689217,1.0029846978947772,-0.12124982372019263,5.300550118140014,0.02094285688122845,0.14668523814482362,1.0038135211833352,-0.10548161596622257,0.029152716687853374,0.16912164911190228,0.15700569495809286,5.064463899188921,-0.18838720087300226,0.9865851040812241,-0.009128178102581768,0.0,1.6885466868447851,1.3098594752131012
5.8500000000000005,5.3997338980011955,0.05901107331593232,0.14487406452618062,1.0024667922349333,-0.12591256206717374,5.335422052281474,0.010382840977294232,0.13885738213671095,1.0016899131701271,-0.1487555127115104,0.029158978489813848,0.16276722981889882,0.1518782527660254,nan,nan,0.9876763468045268,-0.01047104573224317,0.0,1.6861897277456102,1.3218659410661697
5.9,5.439338123402607,0.06533047799913419,0.13982482915883954,1.0025998480891922,-0.12571810394370367,5.37446684867612,0.02012836756730203,0.13920082766699868,1.002217054767782,-0.11426695480613958,0.02803572169175161,0.1644690234994009,0.15319969600611472,nan,nan,0.9896429057254709,-0.00519137385167536,0.0,1.6606449904856175,1.3688224173085652
5.95,5.498813372392549,0.07448728635259398,0.1322966111492835,1.0028384223582025,-0.12614787102474384,5.43404400204519,0.028364048115989186,0.13099762621590916,1.0026783998514166,-0.1607648463096879,0.028009707681394706,0.16701077216631272,0.15524340587895535,nan,nan,0.9888806966992132,-0.010063844011304236,0.0,1.6788540225918884,1.3423002093040066
6.0,5.538502503462579,0.08036569239055674,0.12724768104615666,1.002932820218349,-0.12578952204393856,5.474555987785035,0.02867486465151299,0.12070513166223318,1.0029421930848268,-0.12709294677890212,0.02924371761646787,0.1686944684288103,0.15653280207743908,6.0646734319373445,0.5129408098242674,0.9894800693369066,-0.014181073363468799,0.0,1.6562143460376992,1.3676649752536365
6.050000000000001,5.598100188919316,0.08883556683073818,0.11976079143899156,1.003301969806243,-0.12412630778032638,5.595779039042562,0.08009030321384539,0.11313864742662405,1.0074764574154225,-0.1051599723231622,0.02919297956493438,0.1624149548047684,0.1514675980648446,nan,nan,0.9908957338541119,-0.014336450036649113,0.0,1.660090662396601,1.3736647098124086
6.1000000000000005,5.637870189083906,0.09424558601107401,0.11476777244511988,1.0030381066163312,-0.12595765854017912,5.635818527690281,0.08457089038649586,0.1082549125351826,1.0064963070763149,-0.12120465550531577,0.029192404226131088,0.16412402165862622,0.1527900002310838,nan,nan,0.9882935492117817,-0.04002376652172836,0.0,1.6791753581805406,1.319308905143862
6.15,5.697537577881686,0.10198976501343918,0.10708167708092074,1.002385321952222,-0.12914654745471055,5.695846048527193,0.09094484290851167,0.1009573380402231,1.0053847566155147,-0.11961040962961869,0.029191434410614454,0.1666757304310311,0.15483297607697633,nan,nan,0.9886939589207702,-0.04226026924219346,0.0,1.672156803775657,1.3315626419798559
6.2,5.737332050473193,0.1069039719170721,0.10188847664237077,1.002185818554309,-0.13010854843506514,5.7351904952995625,0.09960260611333062,0.10064113224742499,1.0049853003294562,-0.13574112359165794,0.028064131339269258,0.16836510767379317,0.15612379289978,nan,nan,0.9893028719691143,-0.04544111854908892,0.0,1.6710389393784264,1.340055571880367
6.25,5.797057872979793,0.11389915879848593,0.09404644040170115,1.0019258593830604,-0.1310961983950052,5.871131511935886,0.08491732296209997,0.09361136060679964,1.0089298791103973,-0.09605987367374952,0.028131497769397013,0.1619935389464133,0.15099668885120557,6.4966400585243695,-0.14343454451383664,0.9887110251172615,-0.04976019232059285,0.0,1.6691809149316752,1.33758950142145
6.300000000000001,5.856821030148547,0.12043661708847936,0.0861676635660041,1.0017462708948641,-0.13132610885560508,5.911404821423026,0.08793326698781713,0.08742583246064539,1.0080637618045007,-0.13773441998452537,0.0282908333834988,0.16370552626196042,0.15232142544420135,nan,nan,0.9907602062812235,-0.042433175095969174,0.0,1.6659820017772484,1.3443555095714157
6.3500000000000005,5.896689220270165,0.12453947382270623,0.08096378393795536,1.0018082139209494,-0.12918623932906725,5.971647889701122,0.09307370955755337,0.07949272071208303,1.0071347602700345,-0.14284660432540808,0.028283666037461214,0.16626171228617265,0.15436610825647007,nan,nan,0.9913841283099292,-0.04393833618889585,0.0,1.6463151862096614,1.3707557905256373
6.4,5.936583335870948,0.1284384917652997,0.07586057326971413,1.002005658076778,-0.1264839416256038,6.012090995673768,0.09407205296492412,0.07131274366303321,1.006853713265478,-0.13397102578911657,0.028777253413669445,0.16795472607657155,0.15565874159544624,nan,nan,0.9920729960051197,-0.04650330373704529,0.0,1.6406091094181285,1.3839839335635575
6.45,5.996482339578996,0.1339068156366305,0.06842061703666771,1.002520585710705,-0.12213181519160529,6.109522864706251,0.11792183898249092,0.06482355309657573,1.0091266238540455,-0.12396924594791005,0.028756131157280276,0.16164985689188263,0.15059365381558373,6.3908212417943835,0.30924627212130196,0.9930090442589012,-0.04700138514470827,0.0,1.6370337508812396,1.395170657833718
6.5,6.036452472038099,0.13730098031903457,0.06358492551599235,1.002685973533389,-0.12044610364287298,6.1493373326374785,0.12417969924440875,0.06516985052781976,1.0084627248086062,-0.07858868906371663,0.027892477813338774,0.16336548276492105,0.15192020392131422,nan,nan,0.9923568957335527,-0.05889273793275155,0.0,1.643328627998643,1.3760204615031062
6.550000000000001,6.096439936028793,0.14201529644477817,0.056350201421489776,1.0026814221846743,-0.12145421092292386,6.2097044633784515,0.12800546922237008,0.058370619855675716,1.0075624852426044,-0.11586621343499821,0.027876891945625783,0.16592684659786683,0.15396635291874106,nan,nan,0.9919235067344022,-0.062010245124198705,0.0,1.6661680829849608,1.3508922561574754
6.6000000000000005,6.136451208011324,0.14490826599656564,0.051481936111396356,1.002765127985631,-0.12137803813587342,6.250329967729533,0.12699013414760457,0.0496449566354058,1.0072086942642602,-0.120188722860701,0.028611631894123985,0.16762347065034872,0.1552609983545401,nan,nan,0.9925323583988545,-0.06391555624416898,0.0,1.6479281735520188,1.3759332631170809
6.65,6.196508095304113,0.1488790197134635,0.044280719539645984,1.003158123684429,-0.11859929109343455,6.3703248943734385,0.21140616614851804,0.04397387843423627,1.0113568056352282,-0.11192640193725197,0.028500310797993825,0.1612253587142278,0.15013394255337695,6.855161825731782,1.031348775956384,0.9936160987318187,-0.06340994348845229,0.0,1.637428351753758,1.3954547277861038
6.7,6.236562972975333,0.151282369176967,0.039517134258547006,1.0026727257347268,-0.1205526430217766,6.410038325329427,0.2193201356149794,0.0467884252494164,1.0094627202989694,-0.10278711795326868,0.027086009420523936,0.1629422110433704,0.1514637481358473,nan,nan,0.9888775393989012,-0.10531202285740349,0.0,1.6701707802716592,1.3114014370489844
6.75,6.296598505699811,0.1545123479348576,0.03205010939580289,1.0013044276799963,-0.12742468851444388,6.4704944509471884,0.222010286407781,0.03955989209577648,1.0069699181059844,-0.12137024519820061,0.0270792726982622,0.16550581602245043,0.15351305538167073,nan,nan,0.9878547811071986,-0.10922364618985612,0.0,1.6829295030138127,1.29511010144666
6.800000000000001,6.356591212643757,0.1572915380655581,0.02424107284064559,1.0005040249912038,-0.13147438687018526,6.5108763615933185,0.22215953965383237,0.032964579436786774,1.0058845411744661,-0.12268755918041171,0.027377557276699927,0.16720446371521622,0.15481091009676892,nan,nan,0.9887542693949227,-0.1105525443411519,0.0,1.6696869031239812,1.3175029680034502
6.8500000000000005,6.3965819250020415,0.15889322759086116,0.018958050282964153,1.0003419053769542,-0.1323131851173159,6.475312252414723,0.22840955306656954,0.025189988752785105,0.9984733858969608,-0.12734612469606105,0.027351407791182204,0.16087263920345943,0.14974566607423212,5.615408647719789,0.2885153027999341,0.9897085361059552,-0.11062626199399708,0.0,1.6696869031239812,1.3321145117853324
6.9,6.4365831582033755,0.1602919552107246,0.013659988133982292,1.0006460609037298,-0.1323566582784453,6.515235034774576,0.22951686921834777,0.02053412975692259,0.9993910586543466,-0.1213828625901176,0.027319148435079744,0.16259287027097905,0.15107759034461013,nan,nan,0.9903686036430831,-0.11371211217849626,0.0,1.6750261097482486,1.3538577713113136
6.95,6.4966357993396615,0.16200757449014144,0.005737489074327701,1.0014076855156557,-0.13174535983252977,6.57521259763247,0.2306043526763094,0.012649314987118743,1.0005883550480976,-0.13038319768465573,0.027312503539422855,0.1651627738927098,0.15312884653678618,nan,nan,0.9909292054311236,-0.11425860784812684,0.0,1.6725652004931326,1.3576064149740883
7.0,6.536702153418575,0.16289411777586882,0.0004951595807110937,1.0019029024665602,-0.1303856172616552,6.614945793032452,0.2344715035262415,0.011628892210439279,1.001364652785359,-0.11681479598998293,0.02660401221458763,0.16686643792155081,0.15442933492836813,nan,nan,0.9918899275695009,-0.11479524874766142,0.0,1.6603930057052223,1.3734045642352684
7.050000000000001,6.59684297269755,0.16383669385867544,-0.007260616917520714,1.0025011895401563,-0.12879174074361316,6.675044732103256,0.2350535521780866,0.005429977277717323,1.002255380735124,-0.10525206099127211,0.026608070831661154,0.169406191235896,0.15643946634065706,6.186586531596179,-0.4274647699049204,0.9917767535270471,-0.11670303327819076,0.0,1.665938076891871,1.3641495095497433
7.1000000000000005,6.636957549951093,0.16420592379927307,-0.012394948154399062,1.002849292422526,-0.12802664094794772,6.663959144890581,0.17410358862051262,-0.0011319522858759257,0.9994871684993112,-0.11838010678093826,0.02698700781006378,0.16216860174767364,0.15063657272926445,nan,nan,0.9925160157412075,-0.1169901022620708,0.0,1.6636733634107688,1.3691459451208003
7.15,6.697176103114539,0.16437283200293018,-0.019905490287513355,1.0041634229286736,-0.12123526303561132,6.723964751402587,0.17390805032671916,-0.007933227549493882,1.0017475053481508,-0.11160072110653829,0.02698476825167313,0.16474282357782374,0.15269207497814416,nan,nan,0.9963299212806053,-0.08683289547819262,0.0,1.6145681324165344,1.454326945214714
7.2,6.757493103668706,0.1640861401533397,-0.0268402300709397,1.0057298389698237,-0.11172837000537036,6.763960138184325,0.17481379674058428,-0.012181504609539928,1.0032594956526457,-0.1446050333272301,0.026713313041095095,0.16644972837867597,0.15399655491788053,nan,nan,0.996896678923494,-0.08673586083570868,0.0,1.6145681324165344,1.454326945214714
7.250000000000001,6.797747984533455,0.16364887597928351,-0.031134888592196836,1.0065533472040693,-0.1047537929534341,6.824188947361948,0.1739494919200321,-0.01912259040741882,1.0051143765240855,-0.12157476623330497,0.026714432997167786,0.1689940925000855,0.15601104577817843,6.258987736109625,-0.43678267779712915,0.9971885323712422,-0.08718531796642161,0.0,1.5947891247017816,1.4715978089309447
7.300000000000001,6.838029839474486,0.16302091369645216,-0.035169800374709556,1.0072530900643102,-0.09862849765745077,6.805996623931151,0.11233860751978818,-0.029244224129430396,1.0023915596489572,-0.0730827159497627,0.028054872402044087,0.16182168112364345,0.15026827332933745,nan,nan,0.9977137038578804,-0.08675642610128434,0.0,1.5924151048458568,1.4722331700319895
7.3500000000000005,6.898503600276685,0.1617356340418917,-0.040723103659437196,1.0086384710279739,-0.08709776498972135,6.86615645866358,0.1104602417007749,-0.034694447004255835,1.004901903204371,-0.07136755417899111,0.028049590785697253,0.16439964544227736,0.1523281880534553,nan,nan,0.999639127505243,-0.05611034411993835,0.0,1.5625066941816477,1.5255656050511144
7.4,6.9388644948028375,0.160663061162948,-0.04399243464985765,1.009558713494609,-0.07849600501012628,6.906615366541264,0.10352055033851609,-0.044257603433954795,1.0063304588677866,-0.08474005701976954,0.029126772676530355,0.16610868533450288,0.15363660827845538,nan,nan,0.9997902999314688,-0.0551740660417696,0.0,1.5504267035907744,1.5310681917122313
7.45,6.999453208858284,0.1587538506533134,-0.04825607813740709,1.0105969016067329,-0.06524822423661272,6.96696952842898,0.1007756046852368,-0.048839372796851244,1.0080663183117424,-0.07635930713414112,0.0291233979131694,0.16865555364959842,0.15565578116889836,7.125272804160719,0.5297759303009826,0.9999722002701551,-0.05171412523034332,0.0,1.5240061073951443,1.554340324294635
7.501,7.060078832736338,0.15651725669390176,-0.051709933586070594,1.0112692789778335,-0.052316674281624634,7.023700923510629,0.13981880068807107,-0.048016583599991065,1.0098588287996135,-0.07063154181951871,0.02846258519438248,0.1615357288398163,0.14996364276288957,nan,nan,0.9999988662070816,-0.05034522347519957,0.0,1.5157411174333433,1.5572076892716682
7.550000000000001,7.100504287498701,0.1548621089741197,-0.05368968588283655,1.0114625680292364,-0.04815427708294413,7.0842361327202825,0.13686851900576882,-0.051122738572142,1.0105191183622737,-0.07168233351505217,0.028459009760302387,0.16411495346436153,0.15202847418021184,nan,nan,0.9997628413006303,-0.06979584318355117,0.0,1.544666024412804,1.5205123646879612
7.6000000000000005,7.140929929642776,0.1530876801030147,-0.05552318044502796,1.0115843706181447,-0.04433107283389841,7.124351154878099,0.1433898205686707,-0.04314448438336971,1.0107881349453618,-0.051761682333384997,0.026822833502209233,0.16582477783725547,0.15334061135611773,nan,nan,0.9998519978347629,-0.06832772716003166,0.0,1.536569805623769,1.5268075423564849
7.65,7.201564131904962,0.15022452405193654,-0.05804701069087441,1.0116491848349671,-0.041354769730174754,7.184946405728955,0.14074093292656575,-0.04552826868176796,1.0110379653939685,-0.06160882451970393,0.026819094399243022,0.16837231380801632,0.15536398249390904,nan,nan,0.9995959526927817,-0.07157244664548529,0.0,1.5598072977697996,1.500155312911883
7.7,7.2419810633337995,0.14819309450323426,-0.0596683656533467,1.0116476423928293,-0.03984385532178652,7.197593157612631,0.16085005705617045,-0.05437403761287519,1.0091739570519285,-0.04730129947934595,0.02789898158385294,0.16114737557557746,0.1495978845454687,6.932552125299038,0.45289395660747656,0.9996943185554901,-0.07025465213361268,0.0,1.5501747613910057,1.5092579628784384
7.750000000000001,7.302599691837043,0.14498009328646622,-0.06198267755859941,1.011749063343005,-0.03794153133930488,7.258062828662057,0.15750286889327192,-0.05676300369933917,1.0097851210033078,-0.02546903075109452,0.027903419597302227,0.1637238547622873,0.15166759012369035,nan,nan,0.9996651765300474,-0.08025229706286134,0.0,1.5601967202654634,1.504119491131686
7.800000000000001,7.343011083416362,0.14273547781455487,-0.0634817112590873,1.0118278796238322,-0.03724725267222036,7.298337382885358,0.15936297958124634,-0.05245373697905365,1.0101296806016395,-0.01495765019383218,0.02713468262998458,0.16543254523911827,0.15298371551291778,nan,nan,0.9997618172114365,-0.07858923765472244,0.0,1.5621798995126126,1.500574669540488
7.8500000000000005,7.4036229093089565,0.13922596484929514,-0.06571250151471789,1.0118518440048567,-0.03752438169504239,7.35886836059551,0.15616167388072152,-0.05447834852343947,1.0104988048807704,-0.04996761977991946,0.027125797025829762,0.1679793400226125,0.1550116878090696,nan,nan,0.999633907141491,-0.07951349300234589,0.0,1.5730792368966544,1.48709373871476
7.9,7.44402475935862,0.13679641502658438,-0.06720379527909247,1.0118261849616337,-0.03673132302973224,7.427513210885231,0.10326356248358609,-0.05683681386175098,1.012748343330855,-0.013007982699758062,0.02741066843625338,0.1608137302076751,0.14929497858527174,7.656829790878151,-0.40692009095880705,0.999725192875882,-0.07792273853610375,0.0,1.5533114797100607,1.5059456113287932
7.95,7.504614912034149,0.1330274050408599,-0.06926622373763176,1.0116696565144876,-0.03181803499811387,7.488173287054234,0.09979335527043683,-0.05871147847646885,1.012439867117072,-0.04701789300667207,0.02740089429709728,0.16339105904667273,0.1513689248912638,nan,nan,0.999986214370919,-0.05158597378514146,0.0,1.522376884959942,1.531581505583133
8.0,7.544996420516498,0.13043752733359654,-0.07041513440510455,1.0115334582641136,-0.026564177711634517,7.528594541474978,0.09370558870776492,-0.06473809681878606,1.0122258353439368,-0.04974649569075831,0.028066713880120383,0.16510015930421126,0.15268862345010853,nan,nan,0.9999607845777155,-0.04985533048816428,0.0,1.503369697661875,1.5506867317455655
8.05,7.605552216191122,0.1264482203099312,-0.07170134275693096,1.0113449391524085,-0.01752499805040934,7.589194732108893,0.08976174685797941,-0.06483410152283664,1.0119332296259465,0.00024402270021414057,0.028077657926869632,0.1676475997637257,0.1547208464390605,nan,nan,0.9998394493234664,-0.04681855593157296,0.0,1.488119640766306,1.5649889311028637
8.1,7.645912372454607,0.12372653284709574,-0.07227997000715969,1.0112304600331372,-0.013061663629985953,7.59396843476491,0.13002580948097858,-0.06456172361763146,1.0091873080248257,-0.010974836869753295,0.027957444831679824,0.1605321773079471,0.1490445231432688,7.259955309010022,0.5720160294776313,0.9998003399827016,-0.044850775389651286,0.0,1.5048994166835192,1.548167481306547
8.15,7.706443718481849,0.11956217552712241,-0.0729527181522763,1.0112863370988323,-0.010864627267238419,7.654417422193487,0.12613077423966979,-0.0645659100080662,1.0100251442153634,-0.01704605782578051,0.027956122062545597,0.16311105254367567,0.1511217124901282,nan,nan,0.9999999352660394,-0.06492154013004826,0.0,1.5356159252584416,1.5268260514355132
8.200000000000001,7.7669771173248625,0.11531387815779828,-0.073573975117703,1.011380943947692,-0.009835873896650311,7.6948212513577765,0.12959419175541817,-0.058182681428255105,1.0102561562419954,-0.009643960539438237,0.026875289237387797,0.1648218171790536,0.15244379850106146,nan,nan,0.9999987455788241,-0.06298197728333306,0.0,1.5287517203576704,1.5306659103382605
8.25,7.807331178257334,0.11244225789625382,-0.07398031535900662,1.0113869050253292,-0.010471970148158732,7.7553384641331515,0.12604616239264743,-0.05912330132577548,1.0105108540631944,-0.0013457437741026972,0.02687720817787313,0.16737248081135184,0.15447838672586167,nan,nan,0.9999787190800464,-0.06470663658346182,0.0,1.5432234513550895,1.514827060315235
8.3,7.847682909333723,0.10954241964595772,-0.0744154100008263,1.011369863629227,-0.011081672519110467,7.802896660179351,0.03792773717922349,-0.05674412274949114,1.0114999576084938,0.005512428460564509,0.026605566194137047,0.16030022019132045,0.14883555732498485,7.84553804344554,-0.8746990597620126,0.999992717029533,-0.06293983884224194,0.0,1.5419116855311663,1.5149608086200987
8.35,7.908199206125107,0.10514801314168844,-0.07496549726787924,1.0110981085302904,-0.005805405626138291,7.8634832508265635,0.034442679721817804,-0.058430142103867766,1.0112356039187018,-0.004971702263546167,0.026600673352129647,0.16288263328861066,0.15091488572795203,nan,nan,0.9992863252321171,-0.01896159576533222,0.0,1.477453391000785,1.5701909950737016
8.4,7.9686916724688475,0.10071341546407027,-0.0749959446234091,1.0107613927038699,0.0032551188573084556,7.903803480738609,0.02957084250537425,-0.06086266947672624,1.010991456695032,0.015921732099074715,0.027039307526146864,0.1645954969272617,0.15223918984716775,nan,nan,0.9991509673330726,-0.017219637693436637,0.0,1.4674649145983447,1.5792858605734708
8.450000000000001,8.009007494200265,0.09774116835510306,-0.07473374672681646,1.0105325987630784,0.00843571300852017,7.9643451294432195,0.025906365062392245,-0.06049539689467531,1.0106439936536493,-0.0008609195854609921,0.027033635967521136,0.16714902004746174,0.15427598540600856,nan,nan,0.9989385817812946,-0.01478434398683431,0.0,1.467505927604467,1.5776763725827778
8.5,8.04931415677822,0.0947622905427583,-0.07427050362332724,1.01032671759666,0.013572022533584863,7.955082420854877,0.023280632161985934,-0.07237468561016946,1.0070659072700359,-0.0005561968875880457,0.02894043996364424,0.16011136172342563,0.1486611940657836,7.499183497677533,0.14333192734228187,0.9988700473509484,-0.012952458154477141,0.0,1.4583110907289685,1.5867769261932279
8.55,8.109762454743253,0.09029555635571665,-0.07315875346137184,1.0101605513279481,0.02252832906683818,8.015354227496271,0.018875957424556975,-0.07284233736819967,1.0075333091521428,0.017747899432460256,0.028941417324887912,0.16269604802463802,0.15074283572342892,nan,nan,0.9981562031273339,-0.011639790381255885,0.0,1.4406325034702128,1.6090377791946102
8.600000000000001,8.170204631596498,0.0858517371470554,-0.07151145228661454,1.0099993773469136,0.03065035468958603,8.055496536510836,0.01426083419923649,-0.07486590557453487,1.007751969323365,0.002269563902610662,0.029221417273583232,0.1644106343490543,0.15206943452605606,nan,nan,0.9979952226339477,-0.009510708938574282,0.0,1.4421595266407359,1.6043450411955262
8.65,8.21049367827648,0.08291437429808816,-0.07014159422685734,1.0098138522084246,0.03640222224361635,8.115799638821807,0.009766736332464226,-0.07255010474283852,1.007945809697137,0.04430643905991222,0.029228842883908396,0.16696703022692871,0.1541086148414461,nan,nan,0.9977205731212024,-0.007333789214388234,0.0,1.4276536033929532,1.6154985713267886
8.700000000000001,8.250777344973342,0.08000592518589796,-0.06857693349783611,1.00962524396661,0.040339125932528655,8.261744080688722,0.03248890368207001,-0.06864324829531789,1.0150098188729904,0.025376002490007644,0.02872255800465091,0.15995839907512083,0.14851736765671636,9.178624560619086,0.2747058993775286,0.9977317246059593,-0.005183444957509189,0.0,1.443878147556631,1.5982709122380256
8.75,8.311187659265748,0.07571264210594703,-0.06604747728648706,1.0090730736214724,0.042762784032966863,8.322476902989434,0.02838007656541369,-0.0652236899104479,1.0134461152114713,0.043964819127053786,0.02872701942760624,0.16254629516822658,0.15060104408786404,nan,nan,0.9987525131310385,-0.01868834211263093,0.0,1.4552509476449318,1.5730523498361508
8.8,8.371568372042573,0.0715206758289501,-0.06347819706175163,1.0085515266848728,0.04266361958909136,8.362843582231768,0.02382736780857968,-0.06628100062102506,1.0125742891385217,0.018071753312972297,0.02904085342424792,0.16426251221244015,0.15192933489900382,nan,nan,0.9988334216302275,-0.01691623173110373,0.0,1.467219785844976,1.5656908652983226
8.850000000000001,8.411812422129548,0.06879120033037203,-0.061738302382366626,1.0082933902197015,0.04410406979596744,8.423446537718059,0.01987674222915719,-0.06334915376781591,1.0114842074006285,0.043568887500824646,0.029045173972623767,0.16682076918662475,0.15396982794109781,nan,nan,0.9986624099587117,-0.014553090574658088,0.0,1.4517495658544695,1.5817137326606128
8.9,8.452051759886853,0.0661187216344774,-0.059951795821095416,1.0081158718039458,0.04476138190786248,8.450260822347023,0.05675767266554435,-0.057999697651404336,1.0098509350579292,0.04659437424222679,0.028452715498044963,0.15983448209440415,0.1483972220720145,8.310107713522015,0.4326213308277925,0.9987128956805965,-0.012607050530663935,0.0,1.464691069419036,1.5718075294796239
8.950000000000001,8.51241422995063,0.062220673123264236,-0.05735474951188212,1.0082009208543006,0.04076601029389866,8.510747085612405,0.05330787016402094,-0.054114757818988675,1.0097017526631804,0.0707815621090653,0.028461212551824107,0.1624240362484823,0.15048113394109577,nan,nan,0.9997711989701699,-0.03660765448822173,0.0,1.5162489179932654,1.5331087288704555
9.0,8.55266894129579,0.05969626821298885,-0.05584506610855887,1.0083806949317147,0.03575479065699987,8.550957209616268,0.04841028944356478,-0.05530732841813624,1.0097287262149515,0.030564842020380692,0.02889811411297685,0.16414169890968625,0.1518100909488649,nan,nan,0.9998319187380675,-0.0357797655530922,0.0,1.530637577241586,1.519159835056106
9.05,8.613069745954993,0.05602162484346321,-0.05389786691416538,1.0085903713246396,0.03104746558573867,8.611450573977974,0.045094839653221884,-0.053498735885882276,1.0097348798981503,0.025557207402768206,0.028898323779358928,0.1667025448685153,0.1538507811338761,nan,nan,0.9997599573217939,-0.033396039901236164,0.0,1.5084993925411188,1.540143028064766
9.100000000000001,8.653347100749137,0.0536454989379891,-0.05269639073876968,1.008692834371698,0.029474397571762838,8.6348341948129,0.11678538189217644,-0.050827255352630996,1.00824718142374,0.06283608242573702,0.02897634833462932,0.15973533416198057,0.14829400436253565,8.468641885427663,0.8999146460795624,0.999778795174062,-0.032464811778304854,0.0,1.50752442576478,1.5407524149956249
9.15,8.713776248927488,0.05018262067044158,-0.051216536365057665,1.008844217279736,0.01803989546499185,8.695256815389623,0.11371927219353856,-0.04966703647071923,1.0085248174365606,0.03358123866899877,0.028972027538502955,0.16232765640646576,0.1503782757985723,nan,nan,0.9994045325338047,-0.08533889317231294,0.0,1.6064406134322209,1.4428637004847158
9.200000000000001,8.75407006040912,0.047931937359518124,-0.050752455295778036,1.0089098805194872,0.008087767495417685,8.735487030858884,0.11035642807011357,-0.05106941594555581,1.0086363467546395,-0.0013519903294009691,0.029182966884299028,0.16404717957995527,0.15170802288466198,nan,nan,0.9993054936058887,-0.08693865566973293,0.0,1.5980220410254846,1.449196342753385
9.25,8.81451773026175,0.04462977798518162,-0.05066600713121647,1.0089633221889038,-0.002427084846837101,8.795929972078325,0.10728308567425597,-0.050301270518947394,1.0087675395287041,0.0044976580426983525,0.029187118090208165,0.1666108295335979,0.15374913368469847,nan,nan,0.9993527209559591,-0.0870513248570229,0.0,1.5820835549485874,1.4647137516487332
9.3,8.874970086951627,0.04139355089544962,-0.051106519785820745,1.0089588679096646,-0.010812349768559546,8.801900133600059,0.04126894861187694,-0.046321319427244934,1.0067280358179056,-0.006783407141248742,0.028633969853030888,0.1596587973024136,0.1482059855647504,8.470188893148412,-0.6745155657789906,0.9992564844756818,-0.0888657017601701,0.0,1.5876706423349094,1.4574879090356965
9.350000000000001,8.915278071086425,0.03926084752034503,-0.05147748520253267,1.0091932705999702,-0.007810315958426327,8.862248700249193,0.038429981089239645,-0.04830657358016088,1.0074252486057484,-0.023486966138109692,0.02862955761349706,0.1622538101586947,0.1502906126106339,nan,nan,0.9999293195402278,-0.03443171956777703,0.0,1.5129978017088295,1.543320909857441
9.4,8.975757141423095,0.0360874000959312,-0.051738488724745936,1.0094533880790313,-0.001855198005285158,8.902390416862893,0.034060108584010686,-0.05042001251546546,1.0078353350580935,0.0008321606053924679,0.02901244771445242,0.16397506659999286,0.15162115810043414,nan,nan,0.9998942630032293,-0.033764300015913976,0.0,1.500890342399859,1.5526797415959386
9.450000000000001,9.016083129456582,0.033982583985345274,-0.05173242581021978,1.0095367098879602,0.0012535322135826565,8.962792938872253,0.0309917672447466,-0.051226489123599624,1.0082982363561677,-0.005024587637648878,0.029009842220067063,0.1665412002365306,0.15366279553012505,nan,nan,0.9998118492189167,-0.03102121453730502,0.0,1.502090864745156,1.5491885237679555
9.5,9.056411544378369,0.031884257698752874,-0.051610166362662156,1.0095671736069443,0.004182824312462952,9.0603397173478,-0.06733938753912289,-0.05459723770150404,1.0127306657887978,-0.02050883752350548,0.029358084536808916,0.15960072845551168,0.1481316792341398,9.544815282318382,-1.0543718561316229,0.9997719830235311,-0.029871131843230644,0.0,1.4956395932372797,1.5535058823339425
9.563,9.096223821230309,0.029948626798084497,-0.050374413518932966,0.9697230391199774,0.08184650938023216,9.080563945136944,-0.06844858740925988,-0.054603677950669116,1.0125380424024286,0.0011527569175902453,0.029361938234945845,0.16046777359004377,0.14882960428312772,nan,nan,0.37521111109198,1.131574574394767,1.0,-2.3941786650327908,1.182386106541226
9.600000000000001,9.149170346744949,0.02753736930999923,-0.03617245081581082,0.8268655824381339,0.3325868523695258,9.155165812301238,-0.0715034001665423,-0.044917903027407384,0.8148115501363411,0.3069607189648013,0.02920060914026309,0.1639217927641159,0.15154183886263936,nan,nan,0.35316893788346515,1.1562458846664998,1.0,-2.263439994069155,1.2267694236968154
9.65,9.194699603474112,0.025621319806522196,-0.010033010167335068,0.7152325290117614,0.4969392193026046,9.201643624808055,-0.07326324630588922,-0.020062442816213725,0.7029262449935341,0.5195784604337456,0.02921142963972156,0.16651200185661513,0.153565951950058,nan,nan,0.3473681024248048,1.171115456648325,1.0,-2.124522153457937,1.3039103509427437
9.700000000000001,9.234558187596004,0.024344605496260528,0.023335589726775692,0.6312927406318221,0.5894486186857887,9.207852603881577,-0.1261303417759249,0.0021626240139176467,0.64656948187879,0.5312337516347594,0.02886329473619887,0.1596091814108567,0.14803394113348603,8.999382711497605,-0.7059234307715747,0.3520264652951187,1.1909986093554457,1.0,-1.866441678226765,1.389090321008259
9.75,9.258752130995477,0.0238989666807603,0.04785714203072817,0.588651465311308,0.6256429881120302,9.245203179767586,-0.12563468688059043,0.03769509788613057,0.5800902588853841,0.6147870518107573,0.02887485530830665,0.1622999106817916,0.15008854434505312,nan,nan,0.3702514396181085,1.1936792685636142,1.0,-1.7111798950034776,1.488309814850342
9.8,9.281454023962839,0.023804114293216338,0.07346340468639838,0.5545953957398494,0.6473105035126163,9.26819034800072,-0.12184027661998617,0.06638290461545981,0.5499005566706145,0.6297859757371724,0.028430187165385912,0.1641178602850878,0.15140198942403185,nan,nan,0.3880979003731228,1.2099246006213351,1.0,-1.510543210952941,1.5759647283439562
9.850000000000001,9.313400850921203,0.02436274712590386,0.11291146429141494,0.5161154549284529,0.6634466008546502,9.300291205340276,-0.11930206269745124,0.1050975051746259,0.5137232885698975,0.6409578263995713,0.028433846794193772,0.16688423497542168,0.15340534223239635,nan,nan,0.4051619636852858,1.2200232520591294,1.0,-1.3930976585171535,1.6371800792384439
9.9,9.333623296854604,0.025220618090410554,0.13953822920952255,0.49826704084682805,0.667053988481886,9.280372144498699,-0.12037766491891855,0.13861269762426345,0.49540988471545,0.6654597115167479,0.027634169553531908,0.16004869404868,0.14789206363915902,8.912371301598558,-0.2133102174989369,0.4274250401262148,1.2342512261430552,1.0,-1.242374200212755,1.7167977147968874
9.950000000000001,9.362938087130836,0.02729036282470795,0.17946249259077351,0.4828181536294622,0.6631602739652854,9.309434305874696,-0.11592854447146837,0.17758748019935397,0.48317291584874433,0.6389013046601412,0.027630080029638657,0.16294952545481073,0.14994218587889824,nan,nan,0.4653265888520359,1.2254054799972898,1.0,-1.0381082119821408,1.7852473069712802
10.0,9.382116158884894,0.029234478438687834,0.20583499950876508,0.47893898261754086,0.6577154318123466,9.328485591647476,-0.1094036980719493,0.2087017044768955,0.482389126736572,0.6587546437331174,0.02712966539028974,0.1649134457865702,0.15126670524449826,nan,nan,0.48822417448674676,1.2383300360347222,1.0,-0.9288490314014499,1.848209958982637
10.05,9.410675937609447,0.033061846742450496,0.24495714374526428,0.4786733656929322,0.6482639793452483,9.356726917315209,-0.10303474184255787,0.24797152889195884,0.4844046433541031,0.6309653154328003,0.02713247819743754,0.16789642317659156,0.15328847938087733,nan,nan,0.5078026284742467,1.2468658772303503,1.0,-0.8317623478943668,1.8720604637131315
10.100000000000001,9.429707113588067,0.03624963246935724,0.27070423921876563,0.48196176656674916,0.641411132694896,9.352874331354627,-0.11535535587957037,0.2702573243523121,0.48711184925859885,0.6082292215780499,0.027448436990352654,0.16103431850994815,0.1478156821864209,9.145711052323573,-0.2800995294667639,0.5304728695791043,1.2596095623369086,1.0,-0.7411401916057819,1.915452045050905
10.15,9.45844905009174,0.04205374429896814,0.30883899742330395,0.4909133690183978,0.631871482197848,9.38113260152126,-0.10717539357286207,0.30626157359183465,0.49812988970822325,0.6163517796830831,0.027455470947003114,0.16411483391902731,0.14990957008974906,nan,nan,0.5506884644365193,1.2578648435513011,1.0,-0.6593107796332404,1.9532548645613566
10.200000000000001,9.477821283546628,0.04663948790209987,0.33394297964732095,0.49894894322273925,0.6249625895661568,9.400225253002162,-0.10326254434493456,0.3281897972145788,0.5080604537815349,0.6093636233102698,0.02788200632126437,0.16618363270874548,0.15127782974293302,nan,nan,0.5698723547870176,1.2707073901020483,1.0,-0.581010433900036,1.9652165139093096
10.25,9.507259911740343,0.05464226506400667,0.37110609149453394,0.5120789161750354,0.6158076697897438,9.42922902458815,-0.09299135441271485,0.3650613218135534,0.5225995970779777,0.5931976079064701,0.027885501521111255,0.1692962532134675,0.15336938245166484,nan,nan,0.5806633702584423,1.2794428625849177,1.0,-0.5478561285120035,1.973895621629671
10.3,9.527139939271885,0.0607429333167297,0.3955980832451087,0.5217775133313409,0.6099586057317421,9.427343906747563,-0.06624455439089606,0.3925678757869955,0.5314963971720901,0.6280406390534654,0.027710286208696592,0.16227861178149486,0.14793983721458623,9.230866508501775,0.12372146078617177,0.5996446308874565,1.2928006772486758,1.0,-0.48320700059701194,1.990213825616404
10.350000000000001,9.557405753189862,0.0711019036729294,0.4318408678734631,0.5387720361832848,0.5987642793149621,9.45697655521555,-0.05355349872724727,0.42875748623299437,0.5499658623469983,0.592172118721645,0.027709051784032497,0.16541207889500578,0.15012613686035375,nan,nan,0.6221100390458421,1.2919293204984714,1.0,-0.3699015547243897,1.9995047288476049
10.4,9.577921608664743,0.07885755178696152,0.4556107439632544,0.5512318540663906,0.5914191142435878,9.476729006325066,-0.03977606630106225,0.4602767199835669,0.5636197241619585,0.6002973284939797,0.026837322012079706,0.16748989725427868,0.15156920796310258,nan,nan,0.6395231187788742,1.3056760232257953,1.0,-0.3236393820785325,2.0159021799728234
10.450000000000001,9.609200830204442,0.09181057622570707,0.4907541810623322,0.5708271105051612,0.5810289574273483,9.507201462492814,-0.024209360723039117,0.49570243800588676,0.5843554252278005,0.5632067344151154,0.026837048728700238,0.17057611854303942,0.15378037271059738,nan,nan,0.6617792122701731,1.319628736075382,1.0,-0.24429576618976334,2.0279130201261433
10.5,9.630387125128369,0.10135379772139458,0.5138442385019345,0.5840509457709457,0.5747753921237904,9.592280963261683,0.03659969317114203,0.5144346396307169,0.609364144716659,0.5583553482361406,0.027344770361533606,0.1633211964628344,0.14837354052430882,10.10989460947678,0.5581111430286204,0.6722836826295159,1.329209447822714,1.0,-0.21710947154679916,2.0321809546023166
10.551,9.662487736789007,0.11699371214305194,0.5481818811563544,0.5982874511712795,0.5715658151995029,9.624160734780732,0.055110444165825424,0.5495457710921068,0.6220142744932395,0.5698808103418198,0.027360907979154237,0.16636410822594044,0.15068684642442506,nan,nan,0.6560239434530472,1.3696924609616519,1.0,-0.34247284933821953,1.976616336065672
10.600000000000001,9.683920801580273,0.1282076942093249,0.5710211420986491,0.6059112491117542,0.5694359292035582,9.64521872455171,0.06926337797554918,0.5734669353506168,0.629655620793315,0.5450385682297697,0.027151386501787902,0.16836121897826753,0.1522195064465248,nan,nan,0.6708089858520306,1.385043026695531,1.0,-0.27678977687147277,1.9737973416653434
10.65,9.716099628033882,0.1462395257359568,0.6050557594406233,0.6181365679635309,0.5650539278479874,9.676905525715505,0.09023005315069726,0.6075813705213214,0.6410695458748713,0.56726937199548,0.02716939498375309,0.1713034553160215,0.15456132889314653,nan,nan,0.6809296213855651,1.39523200573592,1.0,-0.2423868404768902,1.9868775160952032
10.700000000000001,9.737562320947564,0.15908650931944376,0.6275701137891369,0.6268775191636227,0.5604835993999446,9.672110789606025,0.059684508764705525,0.6267096758175228,0.6438157998096479,0.5499037611204869,0.027511093340426535,0.16382671481857602,0.14912393729081433,9.462190844560824,-0.3891505565041623,0.6945144980930137,1.410632813253761,1.0,-0.17535384911219287,1.9799849814887418
10.751000000000001,9.769778678236568,0.17964509895694744,0.6609448256757049,0.6415026890276819,0.5524599219842827,9.703360419218214,0.08285364467317481,0.6613774291046344,0.6586643964066887,0.5640056872103993,0.027532211019947017,0.16669730411514747,0.15156104748562413,nan,nan,0.723337557053893,1.4235500196207205,1.0,-0.0399540327838086,1.995359188996131
10.8,9.791285372772872,0.1942457045012964,0.6828996029399783,0.6520207057928844,0.5459138466629228,9.724362836978987,0.09835497965458796,0.6815541064179814,0.6695494898285367,0.518239774457597,0.02771037847772903,0.16857269714317755,0.15317822605760067,nan,nan,0.723337557053893,1.4235500196207205,1.0,-0.0399540327838086,1.995359188996131
10.850000000000001,9.823535871196484,0.21750566431101062,0.7153875103061846,0.6670873018705304,0.5385160859646051,9.755523558956481,0.12417609115608144,0.7142311752467871,0.6844374697092884,0.5427974795553725,0.02773034282380051,0.1713276779612264,0.15564142081163432,nan,nan,0.7301284580225689,1.4338405076641876,1.0,-0.034792134200958946,2.0074752499715824
10.901,9.855698870562914,0.24234973554450165,0.7474487442824524,0.6815042939530296,0.5306344729428021,9.789927671599596,0.08563111857337248,0.733894755301769,0.6918032389324794,0.5158618022962024,0.027929840838471692,0.16371746114198674,0.15012234469409827,9.929495347313392,-0.5045689832743883,0.7418774476137198,1.4491615407338196,1.0,0.02096159234913042,1.99151470516593
10.950000000000001,9.8770245658643,0.2597926683880685,0.7685950973925887,0.6901093698468292,0.5271877483092091,9.820653004485386,0.11394345119010851,0.7657620876574183,0.7051038240445201,0.5110653967978533,0.027939227571361535,0.16640027357554474,0.15266916801012942,nan,nan,0.7436726328789933,1.4661438994589964,1.0,0.010714442599919938,1.9947724332346404
11.0,9.89822511719764,0.2779063780273211,0.7896068265628441,0.6985162970284862,0.523358615929605,9.8415472605122,0.1319937508589092,0.7837376906106316,0.7138708370013633,0.5175776441353291,0.028313428704480427,0.16814900385013595,0.1543577677628347,nan,nan,0.7546997655714854,1.481362040858887,1.0,0.05363570434979659,1.991583246515921
11.05,9.929741410129884,0.3063322956764945,0.820821896659787,0.7104606938326012,0.5174215651477114,9.87173946249177,0.1627095413908529,0.815154792571513,0.7257066006538461,0.5129990088297038,0.028323044937964996,0.17071564196421418,0.1569204052559806,nan,nan,0.7596657114873756,1.4917350987162357,1.0,0.07309092224321523,1.9830210312517647
11.100000000000001,9.960845545414921,0.33622680602477467,0.8516580327400005,0.7220730579636045,0.5108081105506646,9.96213114528673,0.2506987888110077,0.8396613504650711,0.7470494097886017,0.48967061874039436,0.02909772630485888,0.16391843330000633,0.15214987987444875,10.399546553577474,0.7832055623822487,0.7702272287335686,1.5067537577341854,1.0,0.11649752792399037,1.9808952163482447
11.15,9.981246300815522,0.356917539977016,0.872103693338236,0.7257853632861535,0.5110166201291938,9.981991421909933,0.27304978539569585,0.8594878363020904,0.7489925319960197,0.5010177239097672,0.029107602198723933,0.16558550356741925,0.15390221552355857,nan,nan,0.756924170472734,1.5518641616948636,1.0,-0.0024288424558699395,1.9424430962411927
11.200000000000001,10.001330537386323,0.3780944576974435,0.8925550645935498,0.729222126959604,0.5104672397460034,10.003394471937948,0.2918953483220396,0.8715813231352535,0.7517776945612598,0.494461225136359,0.030003115995417523,0.16722201280270355,0.15564071412681244,nan,nan,0.7633555936764153,1.5617922810856044,1.0,0.037042351470778834,1.943141506693507
11.25,10.030809035974523,0.4108163059513452,0.9231708919756572,0.7342627290988687,0.5094941153910849,10.032132708684404,0.32675528451845176,0.9011007430234663,0.7553676948200093,0.49489482926398987,0.030008632089760377,0.1696291144516308,0.1582682644340073,nan,nan,0.764254189269655,1.572493561134182,1.0,0.035812125263768535,1.9429798591514666
11.3,10.050011683346447,0.4332576353522194,0.9435273615450477,0.7381603313286899,0.5075894004528798,10.011051533476664,0.31490065979831666,0.9263466229763111,0.7528628557824454,0.49438434599826636,0.029491771114794937,0.16204585131472451,0.15246839621682023,9.701915629205692,-0.042269803128634154,0.7739376399436427,1.5868612989605706,1.0,0.08805424430081632,1.949420048700938
11.350000000000001,10.07819003154736,0.467952731728046,0.9737782529945218,0.7477946528814644,0.4999151434553095,10.03792667571309,0.35140122021666503,0.9564544804517459,0.7626916759153618,0.4892809471957139,0.029500641104051303,0.1644103778832212,0.15515568719142897,nan,nan,0.7960986772298776,1.5763220372928244,1.0,0.27073486322924367,1.9792188401712991
11.4,10.096602224626809,0.4918652604501408,0.9936214838199406,0.7557337808244853,0.4932034135224395,10.055344225725928,0.37662423000630874,0.9768142686583392,0.7708812985237711,0.46513614006233656,0.029470845157229097,0.16594924757489934,0.15693693791106175,nan,nan,0.8060772113421366,1.5897573920179546,1.0,0.27073486322924367,1.9792188401712991
11.450000000000001,10.1236376735158,0.5289058265059992,1.0229190434403082,0.7673631661322272,0.4846830357513235,10.080980141583556,0.4153877924215459,1.0074801062330563,0.782294414886573,0.5039539494256288,0.02949783946412402,0.16821481879909647,0.15962775144844327,nan,nan,0.8129203236901906,1.598461379632941,1.0,0.29209238969940654,1.9849248105733428
11.5,10.141254857231441,0.5543599748418755,1.0421572321406838,0.7751216035413127,0.47773438809783436,10.170305796330222,0.4496594569776517,1.0203053714567822,0.7956716037698289,0.4485410324931276,0.0301640327802764,0.16075563168307597,0.15367226703596268,10.776848611394596,0.473559403650052,0.8231929984435468,1.6112642922343117,1.0,0.3556693004740895,1.963858698937353
11.55,10.166979632402542,0.5935794916612337,1.070665763594962,0.78201666817919,0.47530632317635585,10.194974479874114,0.49070897931536467,1.0474660316500959,0.8008016866371633,0.4244493859417603,0.030161814016875538,0.163003813351368,0.15640856239202125,nan,nan,0.804811255937679,1.6557443007582435,1.0,0.19949568671586437,1.9469796486257462
11.600000000000001,10.183579559315962,0.6202606454279679,1.0897143121785202,0.7851815563123352,0.4758233126027152,10.209706497067685,0.5200368344764519,1.069236978492123,0.8036189100935239,0.47968831872894546,0.0298158403843473,0.16446666979107594,0.15822002815581476,nan,nan,0.8135817598429438,1.6679764840630529,1.0,0.23661125103290304,1.9585830995183666
11.65,10.20765546393206,0.6611048319103955,1.118192861745394,0.7911618608590281,0.4718622093333483,10.232534830443196,0.5626066155877012,1.0975802731658728,0.8086445866377964,0.47022232098694794,0.02982203645112464,0.16662549669405485,0.1609492328321883,nan,nan,0.8219153508810412,1.6752678310417124,1.0,0.3069545459189339,1.9412964485845468
11.700000000000001,10.22315889806139,0.6889071352556418,1.1369687585137622,0.7960705653781285,0.4671182626704661,10.22185942198677,0.6135814524626803,1.1181390184566071,0.8139070346658042,0.43809665572420314,0.029644262617440423,0.15933471959848533,0.15483151279853774,9.971369334244446,0.8287519860564831,0.8315167496006551,1.6865440454313543,1.0,0.3568801147977214,1.9475935748046074
11.75,10.245603860325085,0.7315246800867282,1.1647422857082161,0.8051966714985681,0.45900012008360686,10.242875584591848,0.6578245084712601,1.1455513510276552,0.8222653813897848,0.4344179329095766,0.029652729869599617,0.16148772978599094,0.15760099366951774,nan,nan,0.8455855010558155,1.6812743564818802,1.0,0.4274030273103717,1.9663317168068284
11.8,10.260034949717523,0.7605816007504501,1.1829639165406083,0.8120482086547017,0.4528051565961963,10.256036450021188,0.6882170580332034,1.164260802416903,0.8288839201149288,0.43252044501976233,0.029578610066596126,0.16288837940544315,0.15943463597740284,nan,nan,0.8545611661281226,1.691642392824144,1.0,0.47297913426324156,1.9637179133250462
11.850000000000001,10.280867628763689,0.8051257088506049,1.2098326885080886,0.8221831047373275,0.44376164347021707,10.275361520816869,0.7342400557094151,1.1911981263560456,0.8382063022542908,0.42444480738504187,0.029586944365333125,0.16496332052899676,0.16219087098349574,nan,nan,0.8608486796048971,1.6981219998499903,1.0,0.5471517800129075,1.9603641423121902
11.9,10.30070066209151,0.8507832732679679,1.2361538809680492,0.8322704032873283,0.4345823656466378,10.276732398394998,0.8100637516914115,1.2097216758194234,0.8481341396286981,0.4440178834516293,0.02953659398837836,0.1578674134473263,0.1559168755277188,10.12960830862528,1.2253565891138523,0.8695930554630855,1.7076168912768837,1.0,0.5471517800129075,1.9568522288673882
11.950000000000001,10.31335856446398,0.881826599430308,1.2533590984898175,0.8391186229692895,0.4269102123003119,10.29435235190231,0.8579884676568604,1.2359653929881604,0.8570493848252015,0.42011487339008147,0.029541490497364865,0.15995219539581187,0.15870358534970716,nan,nan,0.8782682755499512,1.708289516213032,1.0,0.6001325164683988,1.9406217308879208
12.0,10.325558218134294,0.9133434580113287,1.2702673293831077,0.845968637268291,0.4196324047320329,10.302492278008502,0.8930036880402646,1.258825812626072,0.8633861922486618,0.4166904375532665,0.02884168986254205,0.1613071830072648,0.16054749281284791,nan,nan,0.8865521046197686,1.716923450812155,1.0,0.6355378150062003,1.9423200897661193
12.05,10.342991305116819,0.9614951795242996,1.2950913884166668,0.8564679857543057,0.40873706285888406,10.318038958922127,0.9426081820723574,1.2835175337771512,0.8727990022072726,0.40297195688789494,0.028847718463727422,0.16332088926188656,0.16331240884807252,nan,nan,0.8951276130911923,1.7209047689036572,1.0,0.6862048438324028,1.939089362622545
12.100000000000001,10.354031312979018,0.9941717839770754,1.3112729768313829,0.8634697009000858,0.4014007284403486,10.275346454752839,1.036333507903664,1.300967925455872,0.8827589057031776,0.38796116634085376,0.028671386121105542,0.15642957881059422,0.15688960036709393,9.73005442922693,1.623829166052762,0.9026201940221469,1.7284953972392851,1.0,0.7214503384470388,1.9340063633231246
12.15,10.369717858565643,1.0440455040735102,1.3349353741112169,0.875063287480644,0.3878717462161508,10.289106813411975,1.0876703869710787,1.3253638723682046,0.892962848996085,0.3891617742470294,0.028684228370752612,0.15846630261480035,0.15967529301771505,nan,nan,0.9184543485481821,1.7076094983769516,1.0,0.8194064736296288,1.9289622593201856
12.200000000000001,10.379597536800446,1.0778892488372323,1.3502165700390185,0.8830107458434714,0.3778943209593982,10.300406473981361,1.120557571735997,1.3367420827630356,0.9001357676926935,0.38805042807744117,0.02926350204339794,0.15979095105759572,0.16151605008802272,nan,nan,0.9252920278914398,1.714355323767453,1.0,0.858146518806772,1.913791453606894
12.25,10.393535124489384,1.1294788932174982,1.372445945968844,0.8935884706127725,0.3651559117847455,10.31259064200206,1.1733692626824106,1.3581361518229285,0.9092723833915205,0.34751466961000105,0.0292608462078095,0.16177007544298813,0.16426758399863944,nan,nan,0.9274942660876853,1.7198850332588993,1.0,0.8648840692475477,1.9038725782731856
12.3,10.402230745785339,1.1643647592026138,1.386891702363537,0.8999347818871494,0.35834360675080323,10.305928423393746,1.2196671305321378,1.3791817578217813,0.9153592018304443,0.36495369747073003,0.028615232231469865,0.15508481484820408,0.1577077161465502,10.192053829639711,1.289856356429487,0.9331561782774673,1.7258373093139,1.0,0.8805832905032565,1.9056750272881706
12.350000000000001,10.414380045502643,1.2173888821227388,1.4080275144571162,0.9094944694176116,0.34653278904451745,10.316028205317433,1.2738125734304004,1.4016772447975034,0.9237340974775532,0.36439531125700386,0.02862736593239013,0.1570965351529233,0.1604731456814758,nan,nan,0.9416146106681454,1.7225839907697391,1.0,0.9483079327722964,1.8865516736395862
12.4,10.421886798277676,1.2531949351279064,1.4216787759406502,0.9158005610202814,0.33745172796772105,10.321938550571188,1.3104204709055194,1.4171680192968816,0.929411328562715,0.39002368270929705,0.028604420732032284,0.15840368701641608,0.16229986996541473,nan,nan,0.9473829988705894,1.7275146639585988,1.0,0.9848939259614589,1.870889934439141
12.450000000000001,10.432259097303282,1.3075392885017216,1.4414661164995897,0.9245681450860006,0.3235616266760801,10.330118701250283,1.3657397283537258,1.4376008072198425,0.937066029561121,0.3280151070229729,0.02859872502930193,0.1603634999617509,0.1650260231417375,nan,nan,0.9513437242260628,1.7303965270198012,1.0,1.0215328907497114,1.8491994677510317
12.5,10.438584531560197,1.344158637173811,1.4542182199566398,0.9300027184086892,0.3157675812293033,10.347445596161531,1.474643292638091,1.4562776343980826,0.9478222776638006,0.2980381237032606,0.027954671917444926,0.15387136431302403,0.15835163661417995,10.448392462390657,2.0810463989222647,0.9562831346144084,1.7343807226942058,1.0,1.0297020976770737,1.8576297584817854
12.55,10.447192885224794,1.399612098309154,1.4728557892138594,0.9370882157346754,0.3068256666646846,10.353588898096008,1.5312855985949245,1.4747760243373857,0.9528290045800042,0.2831012156718362,0.027958158800360598,0.1558725962616447,0.16108823917313275,nan,nan,0.9592318168029099,1.7428024751779012,1.0,1.02879039191152,1.8499344152883674
12.600000000000001,10.452349644407597,1.4368865589007955,1.4849989648738953,0.9413808119826912,0.30104233905302674,10.357142433901291,1.5692645365189914,1.48674318621209,0.9560785337553337,0.29770893591003367,0.027966128468746885,0.15717211330762806,0.16289542669371976,nan,nan,0.9635019259626139,1.745782588167092,1.0,1.0556002780704412,1.8421389970220912
12.65,10.459222118367917,1.4932211381049025,1.5027609750800397,0.9474261374247644,0.2917412675581381,10.361627178563376,1.6265415250768998,1.5046690237242257,0.9605283974743305,0.2916545226239451,0.02797231802447461,0.15912806429137216,0.16558849060975134,nan,nan,0.966193855944999,1.7475049777837222,1.0,1.082767579741548,1.8268858057284179
12.700000000000001,10.463235507180906,1.5310381853352928,1.514271422310071,0.9513052532488976,0.2847935552140304,10.383185663442905,1.64531773422176,1.5152399905791765,0.9622451475339965,0.25674067130790523,0.02809245984563811,0.1528121631227831,0.15882316060352888,10.576788031479047,1.4385787352125186,0.9701353394643685,1.7496772093519015,1.0,1.113056577964822,1.8147575167486933
12.75,10.468413571401316,1.5881188842232126,1.5310765949627747,0.9564436742226252,0.2772205558956445,10.386069605162682,1.7030618172078469,1.5333532402276318,0.9662908144015633,0.2930430293370808,0.02810911708912196,0.15481580987511834,0.1615270965433925,nan,nan,0.9701724450617256,1.760095157149686,1.0,1.0970898308469654,1.82626279351217
12.802000000000001,10.472597269016811,1.6455687804214327,1.5474137719760437,0.961202659641106,0.26784951722120953,10.38178363874154,1.7436277630513919,1.5526760307867369,0.9690137359029918,0.25336221201897285,0.027211944181120468,0.15611499952760804,0.16331412507052645,nan,nan,0.974090454213892,1.761485699157141,1.0,1.1462749843520066,1.796237937670869
12.850000000000001,10.474844830085082,1.68406736942837,1.5579600314276134,0.9646216883873304,0.2608632912823146,10.382525257304724,1.8018422674393673,1.5686582179962594,0.9732287334380662,0.2495654856650266,0.027218034232905884,0.1580760612871113,0.16597609116913287,nan,nan,0.9787047111259798,1.759418878775837,1.0,1.1768841783775459,1.7944229527296676
12.9,10.476665755466117,1.7227231077186789,1.5682214628643112,0.9679701525630413,0.2534504750091643,10.386983762744308,1.7208850300371001,1.57943132759549,0.9670819280797239,0.28284619378993753,0.027260508401407434,0.15191330728844377,0.15914632097599582,10.500467986509403,0.6200699082176984,0.9817923996026506,1.7597766265035155,1.0,1.2049225237009213,1.7786253606906677
12.950000000000001,10.478613514892078,1.7809883228538477,1.5830280301199366,0.9731461413709541,0.24139246134929548,10.386175096251048,1.779025101424703,1.5939931521673865,0.9732203947871326,0.2168446838046663,0.027252732943489975,0.15392470769582273,0.1618230945706931,nan,nan,0.983393953543841,1.7619263204202487,1.0,1.247148398980184,1.7683564224225095
13.0,10.479399833645157,1.820016878970172,1.5925112761140985,0.976451890563119,0.23455149410577952,10.383552809121545,1.8183941451033685,1.6058090693222653,0.9770108018845529,0.21581476695220256,0.027013766190290292,0.15522790204537557,0.16359384675288957,nan,nan,0.9859974063718516,1.7615365493803963,1.0,1.2446210367936572,1.7737754813889535
13.051,10.47983085899107,1.8787975490273863,1.6062666053367791,0.9808765877873329,0.22498285855104988,10.381221062820892,1.8770692918796545,1.6195317183013023,0.9819899612345988,0.21730650579540334,0.027019324240117916,0.15720034115923223,0.166231064247466,nan,nan,0.9880942666271745,1.7602722240217672,1.0,1.2667540246754898,1.7574916752122336
13.100000000000001,10.479632408714535,1.9181225985723875,1.6150969627240932,0.983506947695733,0.21773375497536054,10.328090470880504,2.004300588070071,1.6307397539710156,0.9914845209523181,0.21168969368312454,0.026722823008358054,0.15116835795160224,0.15935824925481876,9.791365723626164,2.793027319210888,0.9902695428118492,1.7591474664296416,1.0,1.291014120632521,1.736016160381216
13.15,10.478630533627957,1.9772850364148262,1.627699246643178,0.9870993849673464,0.20306095892995008,10.324279317151385,2.063721466795161,1.6430785640815682,0.9942028245880757,0.19616300133528175,0.026725981665205425,0.15319338633062932,0.16201152429255308,nan,nan,0.9947357455220848,1.7333933433080257,1.0,1.347847916431328,1.6864569294958596
13.200000000000001,10.477508906272995,2.0168292254461853,1.6355575645228424,0.9892807524045217,0.19228747940060995,10.32225246619815,2.103226294049051,1.6497427042164627,0.9958628017971504,0.16545116985409436,0.026857362006453066,0.1545038511971432,0.16376660772199486,nan,nan,0.9960900906996856,1.7315371403606494,1.0,1.3643044410041698,1.6727497687731887
13.25,10.475173588167584,2.0762717252753955,1.6466158481491482,0.9921460781279027,0.17898950477257353,10.317326155707883,2.1628169322287087,1.6611426264540163,0.997974410891091,0.17864702101291807,0.026865709090117,0.15649110166517088,0.16637861547262742,nan,nan,0.9967369056940927,1.7305495168312468,1.0,1.363611861063293,1.6736713630243705
13.3,10.472092430152653,2.1358342574107114,1.6569100230365752,0.9945996585167924,0.16590091346107963,10.316664914689177,2.2851060856017535,1.6626848949396145,1.00522114982552,0.18336050013679855,0.027502602238739956,0.15056658068773426,0.15947565984699266,10.26838372276018,3.009873257824511,0.9977559953624305,1.7281477665496061,1.0,1.3904905827222027,1.6485883861986377
13.350000000000001,10.469646163067251,2.175583913442874,1.6633454852327512,0.9955560208731139,0.15787598956437562,10.310917255468203,2.345148751828769,1.673337856117488,1.0051615978793778,0.1582828176526206,0.02750391506152778,0.15260598193840988,0.16210522173991018,nan,nan,0.9978791173033347,1.7278252482012446,1.0,1.3846114457582124,1.633344105433664
13.4,10.466902834869067,2.2153481525468504,1.669478857805749,0.9964529452918478,0.1504179659545209,10.307151851596725,2.3850890107379423,1.678763770408554,1.0051177726552196,0.1423449989261111,0.027559438390664517,0.15392392997234777,0.16384522815374541,nan,nan,0.9986647513006809,1.7250204635081863,1.0,1.3978337190607457,1.6262552871107439
13.450000000000001,10.462256706477575,2.2750207982342636,1.6781477839705585,0.9977719860103932,0.14030966334999176,10.300485426473692,2.4450257708275482,1.6868957229559447,1.0051268899190289,0.12340733615109194,0.027559754091737037,0.15592527940846893,0.16643470785624997,nan,nan,0.9990136875214118,1.7231816644745783,1.0,1.4036637320711853,1.6230414151283687
13.5,10.458822423191585,2.314816424925755,1.6836052497317981,0.9986082967828714,0.13395245779345172,10.339340478716768,2.377115651194044,1.692394570662568,0.9972920254102835,0.13206515696851334,0.027512727160774183,0.15008618032518295,0.1595152931688285,10.824222214950208,1.3811241916358217,0.9994546279827597,1.719923638307165,1.0,1.4147812390529861,1.6151391161857733
13.55,10.45319283410975,2.3745343075605105,1.691382726334025,1.0001578960424518,0.12725307904918587,10.331902472515278,2.4365277097350573,1.7001426688068364,0.9993627525437088,0.1003958197350372,0.027510435003755305,0.1521379181661921,0.1621264349460785,nan,nan,0.9989203989155997,1.738865968247789,1.0,1.4077361019689287,1.6414981691497812
13.600000000000001,10.44913352494693,2.4143702855634688,1.6963908181048382,1.001183080731971,0.1238738360271242,10.325729348083597,2.4762372065368696,1.7068377890855224,1.000615644527046,0.13558523294883681,0.027391444263542886,0.15346243131455475,0.1638561475539596,nan,nan,0.9993838420401452,1.7352488291026813,1.0,1.4108636461571875,1.6358654712566925
13.65,10.442611244667697,2.4741449416846897,1.7035978808332635,1.0024351921287074,0.11657935132524724,10.317417751922934,2.5357285262034246,1.7153004341950382,1.0021715164671094,0.13027639567784324,0.027395090651182036,0.15547614446295155,0.16643182599938153,nan,nan,0.9996772922106089,1.7322435029154666,1.0,1.4387608095301823,1.6065097646609452
13.700000000000001,10.43798892926598,2.5140003354738485,1.7081088510231273,1.0030947007925728,0.11022495198345197,10.340001574400311,2.544876359907434,1.7151937748640371,1.0006028650465195,0.07206310822615997,0.02780141670667884,0.1497050669505382,0.15950891571929995,10.607624732376989,2.2486362085007414,0.9999168992476111,1.7281924397310533,1.0,1.4539759946355224,1.588430894701293
13.75,10.430666029168677,2.5737809384776296,1.7144965907908662,1.003978074638844,0.10531556300685467,10.331216807592787,2.6042962788813018,1.7223609385995928,1.0021160266091396,0.10480779028350032,0.027809470840121666,0.15176834302888204,0.16211014071342783,nan,nan,0.9997121704073955,1.7391872490314082,1.0,1.4155503470519986,1.6298802829731838
13.8,10.425534987482285,2.613630528442891,1.7186448067482163,1.004467062370624,0.10211412546427945,10.322842314419331,2.6439632207135433,1.729744167376622,1.0029135654504997,0.08478955452458654,0.02751989441137535,0.15309920720749093,0.16383370155191673,nan,nan,0.9999211967137698,1.7349151666718337,1.0,1.4443185045158966,1.598134956505819
13.851,10.417487282879017,2.673388585465146,1.7245434601549834,1.0050190718002097,0.09544856288865759,10.31321069064782,2.703382427374057,1.73559007207077,1.0038821453878748,0.1036310668559587,0.02752540332367498,0.1551241539337977,0.16640055353031777,nan,nan,0.9999994028971182,1.7308369646507729,1.0,1.452547012607384,1.5879937608101664
13.902000000000001,10.409041554484,2.733117087611989,1.7299843618849238,1.0053675644553821,0.08686112229240596,10.320153475011663,2.6966348235064492,1.7342409724026853,1.001034533906028,0.10226189470357668,0.028077631827499474,0.14940621567287,0.15947927122402866,10.422506772056497,2.261837077952887,0.9999553477072304,1.726139926560974,1.0,1.4742180238292422,1.5628682323599894
13.950000000000001,10.403202554967804,2.7729193851382172,1.7333393228081337,1.0057288038069199,0.08224393051440208,10.310271095109448,2.755905746770599,1.7388694225502581,1.0024188665709135,0.06096533433286254,0.028073106820550357,0.15147930505427837,0.1620734194764085,nan,nan,0.9999888864719514,1.7295264101465029,1.0,1.4709699821246356,1.5748751325155674
14.0,10.397203844319932,2.8127111805878364,1.736534962076452,1.006006383212332,0.07856810351607506,10.306991977371046,2.7955106773419054,1.7377915050260526,1.0031456284079392,0.05561834370058297,0.02850453808959218,0.15281518752879875,0.16379304702009317,nan,nan,0.999899686125475,1.7247049916251946,1.0,1.4662007131792905,1.5746518615508989
14.05,10.387923662151284,2.8723698630105994,1.7410892111572016,1.006253224066461,0.07414580138977916,10.296875760930645,2.8548611281702065,1.7434785967753463,1.0040010389969622,0.08462674058579417,0.028511641425599237,0.15484834579754797,0.16635512726909352,nan,nan,0.9998921341972472,1.7231035683445117,1.0,1.4637189289929426,1.5747302732341284
14.100000000000001,10.381559642199868,2.9121193909823977,1.7439583109870107,1.006304249393994,0.06975617468481757,10.267995275270675,2.845248213669416,1.7429116910791282,1.0013143926066674,0.1069762314840305,0.028991882593195604,0.14917100800961042,0.1594388585141144,10.004264527743999,2.3866085458749873,0.9996794553771445,1.718158180146522,1.0,1.4891558301104801,1.5448098128353571
14.15,10.371767829870162,2.971706325661324,1.747823852831885,1.0064155212674104,0.059863372388494894,10.257601774873121,2.9044436677901198,1.7478852475892932,1.0024258928346008,0.07719675163201312,0.028990602347602284,0.1512512027281163,0.1620293090330334,nan,nan,0.9992430552321101,1.7040005029348273,1.0,1.5209093954711774,1.5175223590495939
14.200000000000001,10.365086611181502,3.0114085345976758,1.7500439323482597,1.006414642589386,0.052936787298745645,10.253160439374867,2.9440546076574257,1.74739644643241,1.0029121741734388,0.04751763839025308,0.029311982002004383,0.15259088504017582,0.16374657877586268,nan,nan,0.9988000692410386,1.6988919662523159,1.0,1.5208367366984894,1.510537071767121
14.25,10.354855666485074,3.070920291471845,1.7529229530023196,1.006285061000541,0.04499627872129714,10.24252717462957,3.0032943906846,1.7512841333811746,1.0034659823846608,0.061253705826477725,0.02931633023755483,0.15463060505837053,0.1663056342928731,nan,nan,0.9987155613250043,1.6967069261545593,1.0,1.5105907383697637,1.5184387520064035
14.302000000000001,10.344399495966714,3.1303789706183576,1.755343317043491,1.0059920065380425,0.03670042975030878,10.229954466398045,3.032577874200242,1.7525108145861255,1.002992403563237,0.03226420849221393,0.029380292732602845,0.14898497663942414,0.15939512686787438,10.17184753560339,2.9213538485841903,0.9982117107986143,1.691470715955254,1.0,1.5270941551370016,1.495983489206193
14.350000000000001,10.33731885143978,3.1699865535900504,1.7566804764036883,1.0057465030103239,0.031545954760883635,10.219069822889463,3.091770507255791,1.7535981345388434,1.0032222275744263,0.023348449087022004,0.029379850856858066,0.15107101833481443,0.16198310977837815,nan,nan,0.9977402474517596,1.6852708838643,1.0,1.5256694452460047,1.4947984379876735
14.4,10.32655409779243,3.229350024170665,1.7583138673627727,1.0052898218593929,0.024154959929104148,10.208918506496119,3.1309987997982014,1.7583511086290917,1.0032122496603024,0.02933101702893149,0.029041314989097605,0.1524138572313041,0.16369861744787476,nan,nan,0.9972852491502234,1.6798963021084494,1.0,1.5298536129159952,1.4859924897318095
14.450000000000001,10.319294936415295,3.2688918029895415,1.7591306548130337,1.0048715468208396,0.018106753791285877,10.197651544364053,3.190126233937574,1.759130713711361,1.003042017400853,-0.027001264659965517,0.029034634747552936,0.15445935176527717,0.16625498654509482,nan,nan,0.996518151206621,1.6748781044096042,1.0,1.544104738831775,1.4653093158845854
14.500000000000002,10.311979911659066,3.3084053344410815,1.7597311208199882,1.0044189470338294,0.013478946450810136,10.191496168296853,3.272664637351845,1.755501842911662,1.0057302904675278,0.041783592195538774,0.029510251576049237,0.1488381693973289,0.15935054408550955,10.168991567928112,3.634953972229173,0.9959681351486734,1.6693022428300641,1.0,1.529436738267575,1.4757424559772625
14.55,10.300920568780812,3.3676214191919107,1.760289573682019,1.0036185910899014,0.005546445075304974,10.180402512478086,3.33195998332602,1.755569727247105,1.0046672928628737,-0.019943343553890693,0.029502513406756175,0.1509284830749715,0.16193703106019455,nan,nan,0.996020001794451,1.6662534135091052,1.0,1.5524587451564875,1.4445842175239665
14.600000000000001,10.29350315937978,3.4070616603799926,1.7603851751226582,1.0030682807246922,0.0009078371605439787,10.178007975898977,3.371970826776745,1.7486672279444164,1.0039757404751124,-0.02462762477843375,0.03008898115095341,0.152272899357837,0.16365195412461808,nan,nan,0.9955083683734326,1.66075413655707,1.0,1.5359161147210076,1.4597734959186939
14.65,10.282326564821389,3.4661765987656774,1.7602828551129919,1.002478372079683,-0.0031411018502460475,10.16735998786751,3.4312434241306486,1.7485928735483238,1.0032396284607974,0.001516721522188911,0.030093345941388246,0.1543200504522416,0.16620888073507648,nan,nan,0.9960331470416666,1.6595664042678293,1.0,1.5288491954158674,1.4727072943967665
14.700000000000001,10.27485071039827,3.5055654647040475,1.7600830065076591,1.0021678308927848,-0.006461761451229291,10.167102673117508,3.4963400224265784,1.7494373409664359,1.0044583615249627,0.036382632099294876,0.030056769025347374,0.14871677660165303,0.15931106161600928,10.24863175054314,3.7067030711069684,0.9955560078774099,1.6542818186308712,1.0,1.5466013700654557,1.452970187734086
14.750000000000002,10.26361843932554,3.564619965194736,1.7594646318187508,1.0016397648996065,-0.01344018010452413,10.156408600064953,3.5556324326822066,1.748598746883399,1.0035064943467036,-0.013064516863496163,0.03005074426959105,0.15080827364149266,0.16189828211007437,nan,nan,0.9954639810615569,1.6541540545289146,1.0,1.5600622580391672,1.4346688198215318
14.8,10.256128075481012,3.6039703774697873,1.7588258026011858,1.0012764090563493,-0.017172652454270416,10.145660729992706,3.5946988995402447,1.7528469469095411,1.002904049848803,-0.005107102365510225,0.02962777884853151,0.15215334477892326,0.16361339986311374,nan,nan,0.9950283986296005,1.648841779100657,1.0,1.546970365309808,1.4467160325489148
14.850000000000001,10.244904600968713,3.6629692649110686,1.7576069040549813,1.0006575416106436,-0.023063826946411105,10.134808845760855,3.653868511060491,1.7519808649546016,1.001976981881249,0.011435422958630606,0.029631374120380746,0.15420280435930522,0.16617026380395983,nan,nan,0.9940273947709436,1.6434983296168184,1.0,1.561776238588749,1.4252875395265991
14.9,10.237441435735807,3.7022829221063196,1.75656040748961,1.0002153642773735,-0.028217967532046084,10.197047587249548,3.6244388901762696,1.7537850282872363,0.995747537999763,-0.019722395734586576,0.029354265288405047,0.14861503057643863,0.15927745158538356,10.945421671773497,3.001013763242094,0.9935224594927854,1.6380989462809412,1.0,1.574928394679968,1.410466952028955
14.950000000000001,10.22628724310813,3.7612505724777945,1.7547289223498848,1.000526562555925,-0.030126072234244128,10.186215361986044,3.6832097585570884,1.751529888575592,0.9970384698439898,-0.03476202136429838,0.02935197174216233,0.15070835348234535,0.16186539524506316,nan,nan,0.9964081710461681,1.6690031762008675,1.0,1.5401135471483065,1.4870307406928776
15.000000000000002,10.218876631818398,3.8005933756207786,1.7535559424995573,1.0010081286316876,-0.028874248093402777,10.18815747117864,3.7236591456749317,1.73891183429655,0.9979454355642179,-0.031989085277558324,0.030397756607248208,0.15205364742761854,0.16358220927061656,nan,nan,0.9961398487148202,1.6636363472191318,1.0,1.536174545421091,1.4849094362455932
15.05,10.207811799076959,3.8596494285331215,1.7519149412012347,1.0016705703335949,-0.025721406083530664,10.178162072742658,3.7827215101888734,1.7377574806131422,0.9992408816252776,-0.014792960976765272,0.0303997270278006,0.15410243085970582,0.16614373365538934,nan,nan,0.9972400695319416,1.664598969471211,1.0,1.520299786368812,1.506815229269033
15.100000000000001,10.200472777874964,3.8990484039215567,1.7509304441474411,1.0020019458144152,-0.024254228091038048,10.122396500652446,3.781190581885806,1.734864962837718,0.9977264846390171,-0.008361334406617833,0.030579565804551335,0.14852604471315414,0.15925760996200347,9.58572460029823,3.384432218484804,0.9969506030425029,1.6596428466112414,1.0,1.5301148526156845,1.4906869422055657
15.15,10.189530188788988,3.9581712824388333,1.7494225321354686,1.002057975355695,-0.027130910273307746,10.112656520311171,3.8402777749408337,1.7334117512383511,0.9985599271307612,-0.012937682486246351,0.030579414611764385,0.15061770091416404,0.16185128974448323,nan,nan,0.9947056754908391,1.6319183479223898,1.0,1.5636853037826957,1.4435866832270239
15.200000000000001,10.182285281978453,3.997589946433936,1.7482478056351254,1.0018704446536355,-0.030712443043022564,10.10224325990088,3.8791457446187274,1.7357565022396626,0.9987823430880545,-0.041133078687237694,0.030123188122295884,0.15196216029705545,0.1635710720273556,nan,nan,0.9943505251032484,1.6270651259702114,1.0,1.5647143995623363,1.4370133601592514
15.250000000000002,10.171499581929938,4.05671294346748,1.7462374966879328,1.0014048173534025,-0.035366910598700785,10.09242962236606,3.938267725826043,1.7334909770440106,0.9988780445786688,-0.060709637383679925,0.03012081784784623,0.15401097586165868,0.1661358208585029,nan,nan,0.9935223354888691,1.621873492332492,1.0,1.561542394077495,1.4326496876190389
15.3,10.16436815928131,4.096120481480593,1.7447613967841804,1.0010207580247854,-0.0377113452343741,10.149284655573739,4.082649669316915,1.7328653536942096,1.0051618729442082,-0.06372511887596172,0.0300105998348332,0.1484458880465509,0.1592520018462596,10.848556410900368,5.016092806090995,0.9932200706118156,1.61697827807742,1.0,1.556748813894564,1.4344631602253362
15.350000000000001,10.153765084976982,4.155222582886606,1.7424919742848106,1.0005830490760375,-0.03635132022121774,10.139589832611746,4.142149416340342,1.7308885773228437,1.004004096935943,-0.0453327252429888,0.030013020279274497,0.1505382643341052,0.1618472587664322,nan,nan,0.996168646674565,1.6453004934721378,1.0,1.5146711303537261,1.480765729509659
15.4,10.146759587626674,4.194624043266261,1.741088916288334,1.000395038985544,-0.034605316946149274,10.132442239272548,4.1816824006796915,1.7306013063574301,1.0034116641402926,-0.013554676528311787,0.029930478891810317,0.1518827389895397,0.16356756042999102,nan,nan,0.9959157688076185,1.6404782418327453,1.0,1.5272732984039379,1.4692134534945123
15.451,10.136350555165128,4.253731005686649,1.7390269314718523,1.000145581166611,-0.03486388852038051,10.122915710253574,4.241112387977415,1.7279962801446285,1.0026349405730803,-0.032198313640613783,0.029927592655375517,0.15393165072731516,0.16613260971950858,nan,nan,0.9956151990755696,1.6369209018987854,1.0,1.5448520275382978,1.4506227327069043
15.500000000000002,10.129479011836317,4.293139429256966,1.737611258316892,0.9999977828053656,-0.035611384915634536,10.187463260958836,4.289706616937756,1.7249704056643458,1.001973976773594,-0.04821112550932454,0.03007492128270284,0.14837583442225066,0.15924877225184025,10.923136294631897,4.362567833131719,0.9954128421563815,1.6321769799727464,1.0,1.5412589335156763,1.4545696682326938
15.55,10.11927033055757,4.352271724555668,1.7355862231329444,1.000337165694377,-0.03050294241628961,10.178287300996455,4.34911602197416,1.722051004931026,1.0020573317724264,-0.04074963508426409,0.030074171016264778,0.15046739230198172,0.16184427804808083,nan,nan,0.9981573797447293,1.6642548984460457,1.0,1.4943582312331327,1.5251834392336812
15.600000000000001,10.112523853929593,4.391723691025583,1.734490433582671,1.000731010424221,-0.02575636335532766,10.173360857058235,4.3889067433090805,1.7200749547527643,1.0022585174944096,-0.0010921371782088825,0.030201275825368266,0.15181098610131316,0.1635650821098505,nan,nan,0.9980571152640128,1.6597049674360445,1.0,1.499474636723521,1.5188156011790273
15.65,10.102491737400728,4.4509420876372525,1.7331053041809648,1.0011926009049248,-0.02191265925030352,10.164421327956694,4.448379104218681,1.7188296241733365,1.0024870650507307,-0.02792262757798324,0.030197110439605882,0.15385885748920758,0.16613126439407716,nan,nan,0.998027829372591,1.6572606377322847,1.0,1.5158295520634715,1.501411536447435
15.700000000000001,10.092559602886476,4.510199519204776,1.7318838002177592,1.001489209904609,-0.019165698273151132,10.148636471284298,4.511314421473858,1.7162302077800664,1.0042401763514661,-0.0232629900612071,0.03039176921458837,0.14831133317484507,0.1592481034301543,10.033248641117305,4.695047158374378,0.9978223225153796,1.6528225287396223,1.0,1.5089359444961146,1.5057439150058565
15.750000000000002,10.085990326523612,4.549717115495223,1.731137048610306,1.0014571337406686,-0.01845554188258009,10.139958121748052,4.570933293474137,1.7142180400400866,1.003788102578073,-0.020165178613692814,0.030391290881542507,0.1504021321606735,0.16184470997697745,nan,nan,0.9974626486797813,1.6449781892523598,1.0,1.514787339623659,1.491420310652725
15.8,10.079461289811258,4.589239190547831,1.7304063771894969,1.00140524474926,-0.0182542074218546,10.134970668244543,4.610779791482448,1.7127614681893277,1.003460000649824,-0.00543419026237237,0.030474918746595702,0.15174507850726748,0.16356605865511384,nan,nan,0.9972959366135304,1.6406614913745956,1.0,1.5197008742057168,1.4862064401767647
15.851,10.069738663781221,4.648530285659168,1.7292945243508258,1.0013391273363408,-0.018963075921936613,10.126480886806792,4.670377041902371,1.7117923429397726,1.003045189155659,-0.006089355788774372,0.030474868437897384,0.15379220893651616,0.1661329633432956,nan,nan,0.9972200533225992,1.638179491139353,1.0,1.5275373591984196,1.47843602956446
15.9,10.063302094899669,4.688062772861701,1.7285134698405444,1.0012871664849041,-0.01994580087663358,10.174461329272493,4.663971593252498,1.709157962133462,0.9990849515205629,0.006311672696778818,0.03070336641155809,0.14825227010863712,0.15924977055919298,10.709773107863889,4.239385325131133,0.9969720216099069,1.6339526649594707,1.0,1.5320307445246877,1.4729020477410641
15.950000000000001,10.053710429077924,4.747380190491454,1.7273405033435525,1.0017542731651203,-0.01806666733974366,10.166217534228176,4.723361179127238,1.7088166634539634,1.0000732603308866,0.018136048444956292,0.030704917560358876,0.1503421071130303,0.16184739798181474,nan,nan,0.998681815930574,1.657806744566421,1.0,1.5102772456885258,1.520179595180572
16.0,10.047351701193278,4.7869553150436195,1.7266707121862106,1.002199282151913,-0.016225118672891028,10.15528862376765,4.76219812083585,1.7144167180953858,1.0007123698322857,-0.02223163004465539,0.03010432448926297,0.15168471230894257,0.16356948403401597,nan,nan,0.9984822619101307,1.6537145370555264,1.0,1.5185889815287736,1.5072280826641054
16.05,10.037867600411543,4.846349739150681,1.7257525226645716,1.0025307200125915,-0.014712945600559985,10.14672306007445,4.821641973960387,1.7132438691551224,1.0013382674806213,-0.006886870789618747,0.03010583186673329,0.15373209438149524,0.1661374412989089,nan,nan,0.9978141060461936,1.6482851708016981,1.0,1.5156154295132416,1.5027990952815744
16.1,10.031580732634923,4.885957655544281,1.7251701375741928,1.0025897827870887,-0.014691171456151161,10.107200116193285,4.883659612710156,1.7133041328160727,1.0034062848791436,0.002409985932511443,0.030087407757518704,0.14823532946752951,0.15925483527876108,9.759851380367978,5.0569047063023564,0.9976054460473425,1.6440266717044894,1.0,1.5248620431904425,1.489820779109404
16.150000000000002,10.02220534587271,4.945370540099388,1.7241947083152824,1.0022134704451888,-0.018461310426333276,10.09693580541293,4.942996969579281,1.7142766321806027,1.0028414915170765,-0.030298451533119816,0.0298974320236489,0.15029120196034346,0.16185197088020123,nan,nan,0.9960457578049497,1.62434514280707,1.0,1.5491233795653898,1.446529662531448
16.2,10.015995205088684,4.984964674688275,1.7233721010983325,1.001768536098002,-0.021681872751507146,10.091203234149395,4.982693243244369,1.7139189712290763,1.0022959032815095,-0.01837176158525819,0.029899691720397626,0.15167221227428554,0.1635747940811837,nan,nan,0.995486120003219,1.6192263303145165,1.0,1.544081717503713,1.4484303118523638
16.25,10.006741976997752,5.0443328286762394,1.7219154553321419,1.0011490786658852,-0.026296897981601286,10.083206396560348,5.04228591112639,1.7117278771205025,1.0015875820877223,-0.04395216741363927,0.029954915566068455,0.15368216080028402,0.1661419930498686,nan,nan,0.9952455176505419,1.6163663736159901,1.0,1.5527755433830768,1.4391003725563074
16.3,10.000616798551425,5.083899197232,1.7207991994618832,1.0007986608234878,-0.02868119181336686,10.074144613131308,5.125390625932499,1.7109603591480766,1.0041905332109016,-0.01484129680120411,0.02996140199181386,0.14819184530806534,0.1592585787411332,10.0501715604555,5.4938134530434395,0.9950686157135512,1.6123755473370183,1.0,1.5459333542881717,1.4463297883150792
16.35,9.99150021490578,5.143230018674943,1.7189429962274416,1.0001045082853073,-0.03305009874847105,10.060556069287975,5.184273827678276,1.7143918555594588,1.0028583494281165,-0.06061944639513007,0.029396892312028865,0.1502483472035003,0.1618552374443026,nan,nan,0.9946890062541285,1.6078516638370606,1.0,1.5580712797082075,1.422878833709461
16.400000000000002,9.985476301198785,5.182764387297031,1.717543848032169,0.999519621273332,-0.036029588838647035,10.054830205934978,5.223967327936919,1.71316168162533,1.0018876654315365,-0.03762704480661447,0.02940055469916094,0.1516296234488274,0.16357777774081192,nan,nan,0.9935853944358705,1.6010651139675331,1.0,1.5530186680362752,1.4226613354540218
16.45,9.97652981825884,5.2420367911214,1.7152237460489081,0.9987306415586368,-0.04084180820279022,10.045109835076676,5.283273203069611,1.7123457073143922,1.000681098278513,-0.03153068317783296,0.029272476488507154,0.15363990175730988,0.16614456397734165,nan,nan,0.9933997040768996,1.598204564571708,1.0,1.5657394597163434,1.4109475083076521
16.5,9.97063036880295,5.2815375264893065,1.7134969973389012,0.998283407441982,-0.044677988213661826,10.042942549264527,5.407807134119206,1.7105336816474248,1.0057506493123838,-0.040213090652391766,0.02928246625660491,0.1481551450485438,0.15926049767611652,10.100742783145455,6.149115924522432,0.9929280550540454,1.5933474207553375,1.0,1.5745706271153534,1.401588095021748
16.55,9.9618890764745,5.340766163108209,1.7106347741000256,0.9973767630099758,-0.049573392190426016,10.033179619432225,5.467322052476638,1.708434993674744,1.003448930631879,-0.0778263154798523,0.029123733055363622,0.1502114069711657,0.1618573932363316,nan,nan,0.9930143254744311,1.5922643028084429,1.0,1.5630167837176627,1.3979842069755322
16.6,9.956140956212566,5.380230240449088,1.7086003185097178,0.9967743072864543,-0.05139537826945474,10.027715850887885,5.507072799137905,1.706670374099729,1.00212849632288,-0.012947190058809767,0.02913318174051015,0.15159229410087058,0.16358013895391915,nan,nan,0.9926823450230581,1.5873846148032635,1.0,1.5546084857306117,1.4101129849642406
16.650000000000002,9.947646959895167,5.439407428537571,1.7053862561649065,0.9961059154421337,-0.055985953285455047,10.02241928588915,5.567021471153931,1.6998263640912183,1.000516899702818,-0.06746997744219277,0.029410987108064366,0.15360172150988963,0.16614765152755986,nan,nan,0.9925651559015081,1.5846533652393515,1.0,1.5838947062258486,1.383375845067347
16.7,9.942075652517728,5.478855033507069,1.703089162292395,0.9958845986827514,-0.057700597666334306,10.046467373857318,5.523473105169958,1.696301145404914,0.9938867223643446,-0.07268940475790261,0.02941975118652018,0.14812055523888545,0.159263805292277,10.3370414283651,4.764759314504844,0.993067147605842,1.5820055002548812,1.0,1.5606123835361707,1.4151219787181342
16.75,9.933858635619615,5.538052862040384,1.6996554577405183,0.9964221925722929,-0.05608268316201888,10.040215037310066,5.58282246501819,1.6927275687952292,0.9949572360590712,-0.0189960542806567,0.02955193284568489,0.1501742704678995,0.161863284702974,nan,nan,0.9947744378285555,1.594025834529714,1.0,1.5524935215654148,1.4567925643746056
16.8,9.928473856984587,5.577561307891391,1.6974320776620948,0.9970052433079806,-0.05575997000499251,10.035383305466285,5.622334565063602,1.6913807379338868,0.9957513577924232,-0.03788831203414428,0.02954981164624065,0.15155335453988814,0.16358860742271003,nan,nan,0.9948201667784269,1.5909011362013805,1.0,1.5723799191948309,1.43405265214034
16.85,9.920545473138493,5.636880239041141,1.6940649108762382,0.9976342042617491,-0.05618086666699186,10.032528282233848,5.6822710714109315,1.683248661140693,0.9966768858987805,-0.029558613482442816,0.029990209537794032,0.15356047342141468,0.16616089235239442,nan,nan,0.9947110190552929,1.5884861340774783,1.0,1.5652871066927956,1.4378401860148515
16.900000000000002,9.915362012135237,5.6764583006666784,1.6918246101199361,0.9979965850547107,-0.05578591257374928,10.067693862430739,5.673989245746002,1.6809232135818135,0.9935996725096019,-0.03927100316948252,0.030009186059161252,0.1480830314135042,0.15927842128122127,10.475921230748696,5.233942687815345,0.9953773437100482,1.5870590340634538,1.0,1.560280382616616,1.4453227371640474
16.95,9.907740520748737,5.735883861744868,1.6885833517413091,0.999003904504228,-0.05172451317377136,10.052212200753992,5.732054252133403,1.6881832552172114,0.995550149537961,-0.028827649713426523,0.029041549502408743,0.15013519359971145,0.16188279528584967,nan,nan,0.9970911102187516,1.6046303417061247,1.0,1.5384770230487481,1.4902166262317054
17.0,9.902759333867017,5.775549546849608,1.6865677463847657,0.9995350350136325,-0.05018445728972852,10.047581175149519,5.771615194898398,1.685816337623291,0.9964309577436344,-0.03304973665482671,0.029040948253764833,0.15151344012383758,0.16361079775862847,nan,nan,0.995836256733883,1.5968964989122614,1.0,1.5576725231726987,1.4551629227399774
17.05,9.895442560374764,5.835092435715858,1.683574364664784,0.9999625282190534,-0.04963996564712795,10.040815090527653,5.831039560844576,1.6813022509692905,0.9974834458685249,-0.06657511215791746,0.02903553931030101,0.15356154009752124,0.16618734992898082,nan,nan,0.995841072799315,1.5945824274654214,1.0,1.5550438534733924,1.4551581219334526
17.1,9.890666904581447,5.874811445245394,1.6816166355711346,1.0001443535402483,-0.048239564817391396,10.001926427376928,5.842834201355228,1.6809409579826144,0.9963579649087476,-0.057386475889494845,0.028938329467627838,0.1480473644941924,0.15930212008229575,9.643388220574916,5.567302034427514,0.9959436311921828,1.5912010397372336,1.0,1.5391773244092681,1.4686089779369194
17.150000000000002,9.883655255480395,5.934412697498239,1.6787386877387245,1.000085970236055,-0.04891057303152894,9.995410159097023,5.902276363709929,1.6784035071405796,0.9970069613188246,-0.035430796444812965,0.028941183876106766,0.15013809815113366,0.16190926037407352,nan,nan,0.9940456274965334,1.571759540185477,1.0,1.566076394499012,1.4298247051387114
17.200000000000003,9.879083995070667,5.974151335668641,1.6767271597184963,0.9999024337244901,-0.05127780074909651,9.988699523683191,5.941609278479945,1.6792746894421535,0.9972112878083506,-0.06922259154904331,0.028685517263085304,0.15147680390742835,0.1636378313249621,nan,nan,0.9939668408435431,1.5685014103722508,1.0,1.5751254954360518,1.418048204638749
17.25,9.872382260576067,6.033760211320832,1.6735403622469378,0.9995302102512253,-0.054075726339704755,9.98231760530805,6.001104981012293,1.6756702335053542,0.9973556695285665,-0.03382213226360484,0.02869001914205752,0.15352379117247597,0.16621578984464006,nan,nan,0.9934944041602569,1.565146148763652,1.0,1.566235851172198,1.4223713793209767
17.3,9.868018913268997,6.0734977158974495,1.6713282892996548,0.9992726642659265,-0.056284037940598095,9.907818223326908,5.988220679887905,1.674089486276861,0.9943094153134415,-0.06556050519943274,0.028603815126337268,0.14801421727868194,0.15932728810500565,9.162427001464021,5.483965215993461,0.9935414279399235,1.5619553598007325,1.0,1.5802196656685281,1.4081386785735497
17.35,9.86163684140141,6.133089867407142,1.6677327586901458,0.9983287567303953,-0.06375798911607995,9.90172656044033,6.047572838545104,1.6705885378503078,0.9942078431760292,-0.06948420075659083,0.028604018720687022,0.1501036064067287,0.1619356044364912,nan,nan,0.9888677878861482,1.5247380349535127,1.0,1.6075469335943,1.35245339747857
17.400000000000002,9.857498761397208,6.172789253447069,1.6650365987620208,0.9975245687886825,-0.06942757043499145,9.897786458952353,6.087142713460485,1.6679283651466263,0.9939434576346966,-0.07693048091517224,0.028603459898372156,0.1514831730602684,0.16366593945984081,nan,nan,0.9889364277948659,1.5216990953403506,1.0,1.606322498303751,1.3542650506488212
17.450000000000003,9.851474335993274,6.232303666302118,1.6606323639128995,0.9965345346942668,-0.07590172302100309,9.893977071878206,6.14673376233237,1.6617030367944912,0.9936417402413428,-0.07208956870023697,0.02879078624889892,0.15348632974072265,0.16624540784626146,nan,nan,0.9890392939732948,1.519733981962432,1.0,1.60372554254844,1.3582283531658221
17.5,9.847585610107872,6.2719646928092185,1.6575142483607874,0.9960712616700853,-0.07904085901580331,9.91305420825256,6.288550664022778,1.6578062588140838,1.000538452730605,-0.08237401833279541,0.028812356588054977,0.1480195424346174,0.15935490887868037,10.173628856369636,7.187510944427235,0.9896687512925335,1.5178344370482884,1.0,1.6027502535426748,1.364918998704621
17.55,9.841953579025782,6.331444489975763,1.6526923127435493,0.995403304128522,-0.08045209505126279,9.906800442959595,6.348198919346878,1.65411654993321,0.9990964589123565,-0.06339868850457589,0.028695730649189535,0.15006867818476838,0.16196475327411597,nan,nan,0.9915027460727556,1.5273507862778244,1.0,1.575899546582415,1.3852306783548753
17.6,9.838338970558668,6.371088932239515,1.6494671469257478,0.9950312182445227,-0.08089444958542416,9.903504876955408,6.388018961342937,1.651714803757831,0.9983471596400316,-0.05221041108816097,0.0286975014431723,0.151446917335279,0.16369603621057732,nan,nan,0.9915766248352237,1.524230235478101,1.0,1.5855546328144319,1.380114111823217
17.650000000000002,9.83313621906344,6.430554332083579,1.6445646982349307,0.994671888235038,-0.08239886145160338,9.90087799469453,6.447957981088738,1.644809499948529,0.997463256475993,-0.07284960735611792,0.028905226356658716,0.15344877192007184,0.16627630140827845,nan,nan,0.9916744735561291,1.5225861503993732,1.0,1.5908859831842261,1.3774765370162485
17.700000000000003,9.829817611652487,6.470203259217827,1.6412622720612438,0.9946154226297109,-0.0823291937602185,9.96581303323847,6.425641689053345,1.6421818952071714,0.9924840947704847,-0.03760814906873259,0.02894920920013033,0.147985485332539,0.15938161739480738,10.669628214204376,5.863588356075703,0.992379416427755,1.5212758432238938,1.0,1.578862767144702,1.3975143313253109
17.75,9.825066119808374,6.529718714973525,1.6364390222263647,0.9956072473952797,-0.07781685056605481,9.95913092048283,6.484786336189093,1.6391547319781268,0.9941135770092571,-0.10348731128728339,0.028674372546560835,0.15003248456885693,0.1619922649230889,nan,nan,0.9960884287007631,1.5537045079545286,1.0,1.5631694602825295,1.4579118923766818
17.8,9.820579137295905,6.589339359995906,1.6320653477977332,0.996914899218503,-0.0690648084181298,9.956441247621308,6.524471684019993,1.6359476385841711,0.9952554884050498,-0.0859945708388525,0.028675460323442828,0.15140904292350899,0.16372450412949913,nan,nan,0.9960607479542464,1.5503646306103267,1.0,1.5352247673207342,1.4808444858305776
17.85,9.817733711130797,6.629134542216178,1.6294258818650085,0.9975847377285904,-0.06429333327646025,9.950475448715341,6.5838661017080735,1.633970018192769,0.99665422439143,-0.08131640311356789,0.0284613005150057,0.15340958666118917,0.16630666968735003,nan,nan,0.9962242055081904,1.5490203932444888,1.0,1.5388261356516582,1.475170957433713
17.900000000000002,9.815002871065373,6.668960723821973,1.6269501215024855,0.9980911691868404,-0.06060721945758672,9.933304047343878,6.639747656777468,1.631620281702679,0.9984909916652,-0.05976541851592414,0.028455220556012618,0.14795062679341778,0.15940893176473658,9.782821210459911,6.7609447446914315,0.9961365679828467,1.5460391104553226,1.0,1.5401816248688527,1.4688936162000132
17.950000000000003,9.81111524734942,6.728740191279786,1.6234300372401016,0.9984666942849925,-0.05801447538029656,9.934611924579025,6.7000565591398535,1.62182071730642,0.998840271448559,-0.08800015852519073,0.028956070685269335,0.14999717838955687,0.16202097829531986,nan,nan,0.9955702612800735,1.5374607041809905,1.0,1.5535271217686821,1.4453707202937838
18.0,9.808658127418184,6.768610534038513,1.6211624945675907,0.9986859861093483,-0.05538627607436898,9.932594661378172,6.739962195053364,1.6195150914155967,0.9991152368140671,-0.06429634714238026,0.028958642061019817,0.15137265584699588,0.16375371947121242,nan,nan,0.9964986320945796,1.5381139305059566,1.0,1.5300962332083583,1.4750489280365442
18.05,9.805162387106517,6.828446046118937,1.6179914607644037,0.9990469230384045,-0.05143711935696982,9.929721699699558,6.79984753741663,1.616915362136577,0.9994620576608668,-0.054133148547041016,0.02895939378615745,0.15341669448691622,0.16633650676671966,nan,nan,0.9966063258081856,1.5371064094104754,1.0,1.5379975054568216,1.4670573787447339
18.1,9.802953737676688,6.8683540411409245,1.615978029100631,0.9992455821694332,-0.04975038634005774,9.988684092645698,6.918064506073193,1.6227903446209577,1.0048457870984435,-0.03428502617655521,0.02826362729304185,0.1479177829489774,0.15943402982562516,10.724983081715243,7.615101964292003,0.9967015427921531,1.535671628743458,1.0,1.5405125672333038,1.4641242901470195
18.150000000000002,9.799813745216674,6.928236726997677,1.6131262290858719,0.9994234362372303,-0.045094674085638296,9.985593630122795,6.9782599206977975,1.619903203282435,1.0040440729851807,-0.056404021019274816,0.02825943848810438,0.15000542188135532,0.16204513637166854,nan,nan,0.9983385888233431,1.5651384334915535,1.0,1.5024424219689152,1.5015326140134762
18.200000000000003,9.797829009378724,6.968168749905125,1.6114320509684668,0.999537881500671,-0.040576475146103005,9.9824125125449,7.018259501735534,1.61928975107513,1.0036353395702695,-0.029714977512499508,0.028138268150765592,0.15133946590654235,0.16377606909106035,nan,nan,0.998415014379667,1.5635932664335959,1.0,1.5024424219689152,1.5015326140134762
18.25,9.795003707772887,7.028083685887949,1.609193156969603,0.9997324476510808,-0.03557980684148612,9.979532906359,7.078397884613527,1.6171193514594593,1.003129355314395,-0.04245398128217005,0.02813564070875296,0.15338310953316245,0.16635606836874045,nan,nan,0.9983595518836377,1.5620028097300225,1.0,1.5151295151594435,1.4893645894963274
18.3,9.793215060268103,7.068037846346355,1.6078355529829402,0.9998751301710564,-0.03287481913274036,9.96249391115797,7.10874011771923,1.6155975957557411,1.0022668137366462,-0.028516670424890644,0.028199105969066177,0.1478888588417711,0.15944931192570394,9.793963689465816,6.998763981977602,0.9984011235631319,1.5605631371896536,1.0,1.5100275267538168,1.496080423189644
18.35,9.790662565434692,7.127984760061153,1.6059611593970917,1.0000568650905746,-0.03069844676070276,9.959811188862288,7.168812016010242,1.6142182518969541,1.0020510882473725,-0.02574086734243647,0.028199466609365134,0.14997537652008058,0.1620579438638179,nan,nan,0.9979812439023874,1.5520454802462393,1.0,1.5259227369819302,1.4792025598577507
18.400000000000002,9.78904254021538,7.167957914668227,1.6047468975637946,1.0001585841534906,-0.03017458398241348,9.95807476256238,7.208855283444571,1.6138492738824157,1.001933602469947,-0.014238842013144251,0.028201153038045386,0.15135321320682743,0.1637878850867939,nan,nan,0.9979836875610666,1.5507046251784042,1.0,1.5275245611532156,1.4780640716687437
18.450000000000003,9.786726171812587,7.227929161513497,1.6029491838353702,1.000292617577839,-0.02999262672293934,9.949715602290098,7.268456680662918,1.6171414226439083,1.0017831151195125,-0.05021803846295119,0.02764217300137207,0.15335218014341473,0.16636589505492483,nan,nan,0.9979518996745897,1.5498367778109463,1.0,1.5331434015441072,1.472344558776729
18.5,9.785253798315857,7.2679155569006655,1.6017515910080482,1.0003063904084646,-0.029843028841251014,9.830200622688377,7.35050563023893,1.6166096345097258,1.0048513446432668,-0.05164406486373534,0.027567210097560104,0.1479029337171654,0.15945742458493917,8.597008123180146,7.689365484591006,0.9974462495906121,1.5456594236456345,1.0,1.528410423327112,1.473271608949183
18.55,9.783150752107382,7.327867794384182,1.5997698302214916,0.9990124127156488,-0.03816865277048588,9.825926917797904,7.410586345641867,1.6167411947676922,1.00258564767825,-0.03257845828390504,0.02741824175493342,0.1499486960461802,0.16206453295174889,nan,nan,0.9914956657194927,1.4860997449079267,1.0,1.5883616284372932,1.355974864473397
18.6,9.781825905149592,7.367776174552606,1.5980222768755599,0.9978066106469669,-0.04704042578187241,9.824111776161146,7.450631952394651,1.6155300226100842,1.000958965746332,-0.014681019228942714,0.027422138203801558,0.15132613369855835,0.16379359567398488,nan,nan,0.9911999798090044,1.4839785698261625,1.0,1.601967063966177,1.34624198246981
18.650000000000002,9.779959823420542,7.427566184648536,1.5947702422671182,0.9964264162423865,-0.059140951425356005,9.829981519610087,7.511203180896556,1.6046264739918277,0.9990113793246856,-0.04253098047423142,0.028236390352250278,0.15332491745257706,0.16637088295311975,nan,nan,0.991241033260228,1.483077893347383,1.0,1.611683124249838,1.3412470572533597
18.700000000000003,9.778802780310148,7.467394614622457,1.592271835022166,0.9959961685386043,-0.06371834810975242,9.858600500894743,7.542273426513538,1.6031169565809913,0.9977466292500458,-0.03919958990347412,0.028256504573029965,0.14787835506542538,0.15946171381283075,10.173937527292132,7.447003010416169,0.9929710593923461,1.4859909783654153,1.0,1.5900745294457719,1.3821819773981272
18.75,9.777208032073599,7.527132858005946,1.5883531253446728,0.9960588707071544,-0.06565194086748558,9.856685382560874,7.602097496268667,1.5996543388080005,0.9975851621929647,-0.05584007674761763,0.02824903210961308,0.1499231467798376,0.16206954008814703,nan,nan,0.9947101633165668,1.5002140217142614,1.0,1.5770789647354624,1.4126899531615913
18.8,9.776245830933895,7.56697069658929,1.585732052524835,0.9962819718228015,-0.06527625505257353,9.85556498633754,7.641986373408514,1.5976408878979953,0.9976911459163191,-0.033299219976864844,0.028252065675158526,0.1512993240224433,0.1637996415350825,nan,nan,0.9949648489682162,1.4992612895248347,1.0,1.56835271260425,1.4238018167635558
18.85,9.774965699719415,7.626748491746963,1.5818285426393055,0.9966138587390942,-0.06521243570589598,9.851126871276449,7.701645975282292,1.5962312605826963,0.9978440791727746,-0.07197554729564568,0.027964885823643235,0.15329775987121427,0.16637893668066847,nan,nan,0.9951097346731922,1.4987039755221885,1.0,1.57603412841624,1.4168295887572608
18.900000000000002,9.774226455912412,7.666612755303125,1.5792286623277187,0.996787124760974,-0.06461113365868905,9.877035557838893,7.6630347660088125,1.5945923632060757,0.9924263758924771,-0.03880953347211519,0.027983454325126195,0.14785393529148724,0.1594700442135656,10.15228808790124,6.9453785976261715,0.9950306385723909,1.4964967866108463,1.0,1.5616432718077853,1.4299897644759834
18.950000000000003,9.773294448919447,7.726437371186581,1.5754196424937092,0.9975938474397577,-0.06248808705755805,9.876716686380108,7.722656836585681,1.5906990157167131,0.9941814259218834,-0.06062809493596451,0.028087523709916774,0.1498984849215361,0.16208034576807023,nan,nan,0.9963725930193494,1.5093913993850592,1.0,1.5671169085949093,1.4516791110185736
19.0,9.772576034323231,7.786326909037309,1.5717926813794942,0.998551964659038,-0.05877992944009952,9.87595253147829,7.762428501971607,1.5883275585172638,0.9953165880426954,-0.04944813255070688,0.028088245970953194,0.15127376410955948,0.16381231068501556,nan,nan,0.9966834436347485,1.5092325656157053,1.0,1.5518662650048907,1.46427219325865
19.05,9.772216110633138,7.826281852732447,1.5694951600323404,0.9990348310581598,-0.056695776689684826,9.874963190335626,7.822168537796917,1.5838803750038046,0.9967069851586517,-0.09771998796381548,0.02808004560181737,0.15331769405597492,0.16639471686922044,nan,nan,0.996843475307753,1.5088519433955296,1.0,1.5527238953601277,1.4613636024922836
19.1,9.771852224950013,7.886246580536902,1.5662718705815388,0.9996005136555584,-0.05113915632973966,9.85808779617352,7.8854275553741875,1.5827361552062682,0.9990772196575448,-0.040473623167321275,0.028012386497718787,0.1478311684582363,0.15948533286994498,9.695339215513888,8.072923677176357,0.997149629956377,1.5083591836018937,1.0,1.527009373573916,1.4853746242820105
19.150000000000002,9.77172467107373,7.926234236437313,1.5642381070782179,0.9996542303858684,-0.050930552336563926,9.862863820063652,7.945653087659771,1.5738694685327825,0.9993987891803873,-0.05264317824456304,0.02855576776463615,0.14987620050547718,0.16209764725920028,nan,nan,0.996575922899201,1.4999589489517795,1.0,1.5552967151012576,1.4452690573518785
19.200000000000003,9.771687983614486,7.966224528555751,1.5622253062748592,0.9997692334386651,-0.04953198079659965,9.862763010068079,7.98563124979879,1.5713051886665612,0.9996358024476484,-0.06259490177086885,0.02855340982010183,0.15125101433965957,0.16383026950615495,nan,nan,0.9974425289601587,1.502335394224296,1.0,1.5368518453310882,1.469573886738425
19.25,9.771795735619595,8.026221565128996,1.5593751154819213,1.000004932676516,-0.04589924303872357,9.862841811797638,8.045615924222602,1.5675905150925553,0.9999517307902287,-0.0219530533353082,0.02855732646688805,0.15329423513098103,0.16641281346023531,nan,nan,0.9976190677333466,1.5022852252734293,1.0,1.5297444343688413,1.4772799877093545
19.3,9.771972628901462,8.066226663372593,1.5575844999130606,1.0001470324600839,-0.044405281631753835,9.860416591690877,8.058323025517236,1.5723769169308586,0.9982627348929685,-0.03879311415176674,0.028017556295757962,0.1478112588766518,0.15950065553165063,9.891618914924099,7.79731749015936,0.9977657653501275,1.5007314526802944,1.0,1.5431516893670836,1.4639878762776377
19.35,9.772390718384395,8.126243667204031,1.5549480962201454,1.00035982049792,-0.04373019410756289,9.860370934772885,8.118231222235842,1.5701830356032114,0.9988749001275812,-0.02789830985909595,0.028018666027279232,0.14989751959192116,0.1621123805956971,nan,nan,0.9973114460326994,1.4990317118772882,1.0,1.5472062759003673,1.4613226314896248
19.400000000000002,9.772768021436356,8.166260634174051,1.5531993774753066,1.000462600238924,-0.0437994087069818,9.860424656160529,8.158189355179411,1.568311812585831,0.9991808568985046,-0.02423789611954914,0.02801917658534078,0.15127525511687806,0.1638445335399747,nan,nan,0.9973036183629773,1.496731088662077,1.0,1.551102771760062,1.4554485387830798
19.450000000000003,9.77347771756057,8.226289791418301,1.550558252752129,1.0005512455220464,-0.044192734761198324,9.858554956081395,8.218072475342652,1.5670043494240709,0.9995487047862409,-0.04918085428066656,0.027821898503585917,0.15327291947514704,0.16642636876333625,nan,nan,0.9973255481998979,1.4951593038600162,1.0,1.5520658261688616,1.4536500517589426
19.5,9.774044593717479,8.266309576163355,1.5487930232174651,1.000552608528014,-0.04396464203166996,9.79812698679245,8.343371153015712,1.566179570358649,1.0055844744104052,-0.025003881615069612,0.02778776170176172,0.1478346348649622,0.15951208276474874,9.164986376507109,9.080022023702263,0.9971572982858953,1.491584861736728,1.0,1.5445825803956241,1.4585660407531407
19.55,9.775033448856405,8.326310843494372,1.5460188560828867,0.9994434578005661,-0.05023870320897259,9.801563985359733,8.403772478871925,1.5609612727079014,1.0034144452995646,-0.045242191368551087,0.028088342646202295,0.14987947224750642,0.16212255352911087,nan,nan,0.9932049016108905,1.449536457192459,1.0,1.591537385198793,1.3613419598556291
19.6,9.776196409194654,8.386216563533706,1.5427102592706972,0.9980563594722967,-0.05801936583075441,9.801974320723017,8.443892716609298,1.5603456850103008,1.0020163873097927,-0.012027015902004883,0.028093813235869798,0.15125685065694344,0.16385345727570752,nan,nan,0.9935265367379941,1.4471152395614364,1.0,1.584105790258668,1.3773537924460002
19.650000000000002,9.77707140089045,8.426112943470272,1.5402523248860758,0.997357447567099,-0.06354863806890373,9.805492693865562,8.504049735489215,1.554335467620593,1.000283626346886,-0.0512914321798575,0.028354837769712503,0.15325505023627709,0.16643305549180523,nan,nan,0.9932649389192654,1.4442195909312907,1.0,1.6022279471356355,1.3609023652113057
19.700000000000003,9.778542815211276,8.485913120924373,1.5362542005236037,0.9966845289186541,-0.0681606155836884,9.774669815462197,8.569926298904967,1.5518524547510983,1.0012818212452774,-0.0784422031521385,0.028331798094535638,0.1478185985539663,0.15951646395766428,9.44348557697578,8.778941945201957,0.9936407311185464,1.441499122546868,1.0,1.5860830559556571,1.384909890618727
19.75,9.779634999280237,8.5257442841515,1.533413013326128,0.9957247418276689,-0.07286617355652637,9.777631180409314,8.629995923814018,1.5460693631118385,0.9992882373879692,-0.05927478089518068,0.02850936616844566,0.14986341136636294,0.1621251231338742,nan,nan,0.9905841295239525,1.4145157580747314,1.0,1.598717035751208,1.3443900654174135
19.801000000000002,9.781456003789254,8.585420595944958,1.5287936040930916,0.994579786603295,-0.07987812757348253,9.778642237140481,8.669942602808334,1.543825004609051,0.9981189115340402,-0.05954361704543572,0.028510148909409762,0.15124007713682308,0.16385519148393798,nan,nan,0.9907415149111592,1.409887080433334,1.0,1.608736605272778,1.3411771163002193
19.85,9.782799475534915,8.625168513176927,1.5254898071852376,0.9939921565395469,-0.08417500401009717,9.7881838166831,8.729906730903272,1.5299261679030336,0.996663040060036,-0.10657920282191172,0.029240303523704048,0.15323867305025998,0.16643407329123672,nan,nan,0.9905007519588044,1.4058806278481493,1.0,1.6125669329693775,1.3385567869022217
19.900000000000002,9.784253000729615,8.664896599096782,1.5220789812507096,0.9937709705161296,-0.08513114060485846,9.766065477068164,8.74526988877844,1.5271541227419068,0.9945815392127737,-0.08545008863246299,0.029228569610468533,0.14780384647495673,0.15951718449709879,9.513374815096778,8.506173812651403,0.9922746324666912,1.4055450201369097,1.0,1.5831688255483476,1.3862330236090448
19.950000000000003,9.786648813592418,8.724470985886658,1.5169189452531,0.9934591327224951,-0.0877704512232704,9.765157317902311,8.804838716115718,1.5261881058642128,0.994172728274574,-0.06209810436346335,0.02887514839431962,0.14984925751133063,0.16212616217911813,nan,nan,0.990120375452866,1.386470538961882,1.0,1.6112091629631407,1.347055925792777
20.0,9.788398575844889,8.764163985219552,1.513303656402969,0.9930258685080897,-0.09232935631561172,9.766977406403884,8.844558278821259,1.522603445564883,0.9936260876411069,-0.0669919034065014,0.028875391353584204,0.15122553243902032,0.1638569135488929,nan,nan,0.9888584110674288,1.3767736501359107,1.0,1.6298523658299207,1.3193307808422405
20.05,9.79126546621832,8.823657411158651,1.5075158791524654,0.9923496850509167,-0.09920238992609828,9.769976988740133,8.904085192027404,1.5154405240851216,0.992924754560889,-0.11842245772952398,0.028867563814177502,0.1532711186790382,0.16643729899631954,nan,nan,0.988649437090679,1.3717916377562058,1.0,1.6306092824261675,1.3183025623537077
20.1,9.793345249143982,8.863291011108299,1.5034737174431783,0.991975682556171,-0.10171161667852191,9.709307289617156,8.9224385561145,1.5105420487823924,0.990886516462349,-0.11674826955918821,0.02888559062809263,0.1477918522803215,0.15952113200643234,9.037165434688296,8.711229870669413,0.9885409325086714,1.3639082195962642,1.0,1.6123863279300772,1.3375472382306044
20.150000000000002,9.79672794690234,8.922669576281688,1.4971232593682853,0.990068883433457,-0.11131561491820448,9.712985317873787,8.981757079090068,1.5050630332358486,0.9890354645871765,-0.10092387080955949,0.028889735315504914,0.14988078466882318,0.16213199600692316,nan,nan,0.9794172876106395,1.3072997769574795,1.0,1.6720672800951821,1.2248647852551846
20.200000000000003,9.799169264823293,8.962156041572632,1.4924339505970872,0.9882632856670913,-0.12087992116433914,9.706676835952853,9.021255665906624,1.5094271718562036,0.98736199920636,-0.14951319890864445,0.028033142845679586,0.15121435567208252,0.1638643440379648,nan,nan,0.9782366163492267,1.2960520965344715,1.0,1.6720672800951821,1.2066708921369165
20.25,9.803127400734565,9.021225503341528,1.4847039179235042,0.985198287832395,-0.13444066307619068,9.710444963012822,9.080324651866965,1.5017029886745272,0.984439736313176,-0.14129308545937616,0.028035811721264337,0.15325944699698468,0.16644742378749205,nan,nan,0.973710540186255,1.2796208902973036,1.0,1.6692556953228297,1.1780466724556753
20.3,9.805681636108266,9.059351200053571,1.481842050680406,0.9187534402264008,0.007833475598768829,9.643117409645638,9.17793437054762,1.494516663126353,0.8820597891138108,0.08439755601994947,0.028362005053753813,0.14778164338104258,0.15953162790860193,8.860013555765038,9.689431982828344,0.35406247854804623,2.7105878976326023,2.0,-2.564961607352709,1.2654156996612282
20.35,9.809096999814702,9.109356737528518,1.492857690063048,0.7794117773504716,0.29582253608103326,9.646889800231223,9.227867700220353,1.5008419528098964,0.7454605560926721,0.30947578471109216,0.028348597221034937,0.149859519831907,0.16215325827577584,nan,nan,0.30858153491607737,2.7516115596957573,2.0,-2.535152404505075,1.2718733011250813
20.400000000000002,9.811093802187639,9.138537697211024,1.5082850615489576,0.704770335844165,0.43312381363031494,9.648834628478914,9.25689933508294,1.5142114114589573,0.6751515395615041,0.44045555882959253,0.02834466842121004,0.151225623937635,0.16390704730534833,nan,nan,0.3,2.773155623473192,2.0,-2.3029341404166983,1.3824084412488529
20.450000000000003,9.813580891703767,9.177462448882975,1.5394004733874895,0.6139543091372129,0.5688340414989085,9.649703263007124,9.295507370866966,1.5446817531784165,0.5868313885315404,0.5671200457689964,0.028247787152150948,0.15320139975984812,0.1665585985011692,nan,nan,0.3,2.7858497740713437,2.0,-2.159802724198281,1.431446497645865
20.5,9.814864978884474,9.200759501153653,1.5635881830943914,0.5660487792905071,0.6226519387783088,9.690005468866447,9.304345594462218,1.567088527453782,0.5423020820137566,0.6069080539727114,0.028267017573037543,0.14775270450012434,0.15969620060564177,10.110616109291263,9.166186196153012,0.3074956209988011,2.802918066421773,2.0,-1.9502834056475238,1.512010441670443
20.55,9.816182639495105,9.232659203449886,1.6027475912735223,0.5090856634105678,0.6696581070106626,9.688207378351425,9.335755643313918,1.608402380707844,0.489086301281602,0.6714459199676442,0.0281170299026258,0.14976682852417011,0.1624761710527601,nan,nan,0.3250173114992505,2.8068548208858974,2.0,-1.8053740867608625,1.58207695749473
20.6,9.816638792692356,9.252332388427014,1.6299412937587285,0.4813147534472936,0.6845517741561709,9.68734628153292,9.355065692525958,1.6352769313382005,0.4661321090758087,0.6626176870461629,0.028113542461601058,0.15111651706606902,0.16436318579342182,nan,nan,0.35065102145216237,2.8209325344582115,2.0,-1.5998172865294553,1.6664203474224502
20.650000000000002,9.816649637759154,9.28015666511895,1.6714146594187271,0.4502649042986275,0.6953244923196535,9.68945742033484,9.382295980796655,1.6713357507956612,0.4387925020951195,0.7000223236091682,0.028574175613654707,0.15308149894972228,0.16724625122553777,nan,nan,0.3675934131559105,2.829653330212952,2.0,-1.5040684465106429,1.7267142731403493
20.700000000000003,9.816193831989619,9.297849711128292,1.6992642258192687,0.4360184605127011,0.6965843072327432,9.592433803628097,9.332872230013292,1.6993860806210073,0.4213522130805653,0.6907229278279249,0.028525773221852874,0.14764016555227388,0.16043462371073655,8.587421769404845,8.736677777698548,0.3895080640843602,2.8420346642551753,2.0,-1.359245642361083,1.7822879009283863
20.75,9.814765706609395,9.323653164651725,1.7408614856915328,0.42626326773354817,0.6900604832832504,9.588556496797032,9.357708464133093,1.7406712712632926,0.4160364788251702,0.6559415820530324,0.028484687193409623,0.14965802388138374,0.16346949840748348,nan,nan,0.4354587250708076,2.8196346170527153,2.0,-1.1362403166847115,1.871926950348073
20.8,9.813267005452763,9.340693586127097,1.7682811182639802,0.42612488876454135,0.6832794772334648,9.585633807022662,9.374127058890663,1.7688884279092747,0.4198000448785896,0.6864391974870286,0.028501299270272267,0.15101198238020025,0.16553000974737753,nan,nan,0.46232625941417305,2.830850715416552,2.0,-1.0180620330888381,1.9277230337285134
20.85,9.810129498999068,9.366316667326652,1.8088700026447866,0.43053093653819924,0.6717907960180183,9.578541415191246,9.398869242082942,1.8111992165042583,0.42750798949311336,0.6467130440694047,0.028285876332287557,0.1530036307368459,0.16866660122279706,nan,nan,0.4806313740694493,2.8383101959862516,2.0,-0.9249798617446351,1.9341340844966712
20.900000000000002,9.807416168505332,9.383541198425691,1.8355259197306504,0.43658767314236746,0.6635216870954768,9.521322179541594,9.423605294211844,1.8384348897216565,0.4383261107056304,0.6535413347838883,0.02827138628630657,0.14770580843695869,0.16195406964781148,8.959929228161005,9.474906318351515,0.5075839233688726,2.8496172435673888,2.0,-0.8233847100443101,1.9744989358895577
20.950000000000003,9.802344178269253,9.409754662018127,1.8749274937531761,0.4479663679532269,0.6521864537249553,9.508519781713423,9.449001147452035,1.8857427030827782,0.4520454483747753,0.6470248769969433,0.027566934164708883,0.14977740393277872,0.16519193525341372,nan,nan,0.5211794729371968,2.8609988374770206,2.0,-0.7698504196746482,1.975008355764333
21.0,9.798270465004107,9.427519913548723,1.9008032691130252,0.4578136269799117,0.6433113202779369,9.502766814919575,9.466276664840304,1.9120551213193806,0.46460488396776245,0.6360584768160205,0.027572006371562034,0.15117492084946668,0.1673632008221611,nan,nan,0.5511792066592821,2.872762189364637,2.0,-0.6450710308391421,1.9983675264088814
21.05,9.791035351783007,9.454739351015759,1.938951555743548,0.47474219622915453,0.6307299299291087,9.492961884750365,9.492761326734332,1.950915739864497,0.4833283826620366,0.6107446364733288,0.02757631495497271,0.1532776339960593,0.1706251635137104,nan,nan,0.5663276459138814,2.8808082158879564,2.0,-0.5911287245004118,2.0062837777524987
21.1,9.785435214079651,9.473276607999678,1.9639887712203996,0.4870603220531045,0.6228136692482724,9.524075046316694,9.404886331276838,1.976027796739759,0.48033667031055516,0.6057831204028178,0.027535937275003537,0.14786903161729226,0.16348927573309063,9.91766685687184,8.5076844481709,0.587933347835231,2.8932104676077204,2.0,-0.5188868114984582,2.019401662552549
21.150000000000002,9.775767621472976,9.50183089712122,2.000832574231333,0.5127292269616309,0.605724786894215,9.512167988553506,9.431698628333951,2.0139060569840765,0.5102699250758341,0.6000684238909962,0.02754757935908105,0.1500739118716497,0.16675606129180853,nan,nan,0.6399593197730636,2.8523787999414623,2.0,-0.2455434430072727,2.0988830702755834
21.200000000000003,9.768347078179458,9.521558154856455,2.0247445715316696,0.5325810279721529,0.5929315534129065,9.499936964112678,9.450007888082716,2.0430202466748977,0.532358026526321,0.5699697814973064,0.027093363046377935,0.15153532317312762,0.1689185668781917,nan,nan,0.6593570054838899,2.8647391832340023,2.0,-0.18672611018411944,2.085718529452861
21.25,9.755715323819663,9.5521084001391,2.059771289464865,0.5610086925296219,0.5776867092285229,9.484790422155752,9.478835855973962,2.077307484557971,0.5633585288116699,0.5583922593953009,0.0270980059315768,0.15377473254538032,0.17212778833196238,nan,nan,0.6747208808991593,2.8732301094314376,2.0,-0.14617939544673209,2.088474367625043
21.3,9.746293299984513,9.573041566251993,2.082670847522784,0.5787507255192431,0.5690200203102578,9.438807547260573,9.425144829768055,2.096570328764571,0.5739466517381646,0.5629318797521465,0.027423843695614597,0.14838557331136365,0.164697085352897,9.026529476567054,8.787434223847114,0.6899531693107571,2.886679456918456,2.0,-0.11163777056518165,2.0697643390000326
21.35,9.730659742853723,9.605230025072816,2.116332583734811,0.6070304357332498,0.5539288518979432,9.420866950104646,9.45524331234942,2.130962443932342,0.605814583939611,0.5434248344644327,0.02743047756970244,0.15073168232628953,0.16783951577468897,nan,nan,0.7212858177659844,2.8617097186644167,2.0,0.051211398008310205,2.0962840639061304
21.401,9.71306809254772,9.638362236441665,2.1490622246106,0.6348147828841372,0.5396190650643338,9.40776649070884,9.475878739659349,2.1530887446988958,0.6265184901699804,0.5357128750425726,0.027435643351043027,0.15230780352614687,0.1698984839865831,nan,nan,0.7352892536451514,2.875665405482151,2.0,0.07790211823278126,2.077271135310663
21.450000000000003,9.700279705046453,9.66086150821593,2.170457520895046,0.6514154973442277,0.5318299481071678,9.385800283532115,9.507395109099765,2.1864008109801834,0.6542349687488022,0.5120732467548337,0.027349656642009428,0.15466929235268512,0.1729209959642157,nan,nan,0.7437010287377991,2.8852954136686724,2.0,0.0946999612576398,2.062749668132912
21.5,9.686672912082948,9.68361188094163,2.1915751506337315,0.6666699059614176,0.5250719710688958,9.46174368562294,9.490640354392477,2.206353356277448,0.6597980564348352,0.49821192369351597,0.02737990785915189,0.14925140095449116,0.16522651217797932,10.39465012679851,9.21393934508752,0.7559473623581713,2.9000970580444365,2.0,0.1168356965241909,2.048265840313084
21.55,9.664745924529289,9.718123601720176,2.2227517203566602,0.6896309330540153,0.5147090543327995,9.440108385624248,9.523336368117622,2.2323581537054595,0.6876702592027311,0.5122233389948369,0.02776913282381508,0.15170266179445488,0.1681511904893765,nan,nan,0.7738740488399913,2.8922143243985,2.0,0.21082935577090967,2.0698427211792536
21.601000000000003,9.640971143432377,9.753019549696768,2.2533023953832783,0.7103321242638468,0.5047893342669886,9.423005113108367,9.545081273440639,2.2528212697780727,0.7032696455020854,0.5084602043085307,0.027773947451863682,0.1533546026195886,0.1700566689525558,nan,nan,0.7805397975185594,2.9076255987570696,2.0,0.21653047020110183,2.032554134160063
21.650000000000002,9.624151667366139,9.776379528933932,2.273358603961704,0.7223532884311116,0.49893674121246445,9.391336993265716,9.576558327444708,2.2929991979084177,0.7239633991962167,0.5375070278195466,0.027136755132286392,0.15582616619233638,0.17283662658244495,nan,nan,0.7868443859518934,2.9179385903997925,2.0,0.2314315810939951,2.02001537951233
21.700000000000003,9.60657931773567,9.79976530948717,2.2931620733821445,0.7340463900042946,0.4914819397226312,9.37258611299974,9.633076501480248,2.313049387234079,0.7411769737615308,0.46664874943351714,0.027131462419168844,0.15030298896902808,0.1649905502896291,9.413360759563384,9.911892474206393,0.8021234188426752,2.9329528783672343,2.0,0.3065450978261337,1.9964005169469465
21.75,9.578840240286254,9.834790095650163,2.3224032806413812,0.7484213940986514,0.4855333849038462,9.343236837969412,9.666233740136116,2.3417100571782834,0.7562937664068616,0.49804523710397564,0.027349154111518705,0.15284922202529697,0.16766962391103843,nan,nan,0.7978359384552103,2.960148641939309,2.0,0.22764478223138707,1.9956235468002639
21.8,9.559509916691532,9.857995008555156,2.341772822918861,0.7562636458481589,0.48227591146996024,9.321990875668615,9.687889233683777,2.36173044636325,0.7647493810557322,0.48675748471466845,0.02735298348861744,0.15455834833626608,0.16941201607686288,nan,nan,0.8053543647160537,2.9762333706642323,2.0,0.26470893571640497,1.9698426864910714
21.85,9.529302640978862,9.89250119976005,2.37054657638184,0.767143715613608,0.4769370196944832,9.290120704887112,9.720518756145932,2.3890527710214524,0.7762768233951947,0.48689511011569186,0.027548375419319326,0.15710590739227792,0.17195583616790316,nan,nan,0.8109306748311507,2.986785895993364,2.0,0.28303226776061463,1.9687926288792226
21.900000000000002,9.497678613684553,9.926567189938192,2.39899771045035,0.7771171338563592,0.47146722453585443,9.290728724572537,9.757970086970388,2.4091014774153763,0.7831830515369355,0.4922444727188356,0.02756731206456527,0.15143671730281927,0.16410015248707255,9.55206674652566,9.904070486261354,0.8175237573543294,3.0027511131526587,2.0,0.3077856885121627,1.9593646268132283
21.950000000000003,9.475840707256932,9.9489828382767,2.4177931918185847,0.7827531076187796,0.4683805927320666,9.256984379611527,9.789988141543118,2.4341355827810762,0.7923783862934062,0.46294643324890783,0.02782981934673537,0.1540389082136821,0.16657603492912762,nan,nan,0.8184651257481028,3.021163299407745,2.0,0.3063257284190093,1.9487156162210466
22.0,9.453427528245138,9.971127314717076,2.436484288891845,0.7879830548932838,0.4660282363628352,9.23275686619222,9.810511280935128,2.4524984296623185,0.7979196068836578,0.44600692036248746,0.02782995453226052,0.1557807682545755,0.1681911827962378,nan,nan,0.8237317948700975,3.036970131389345,2.0,0.31462050184494317,1.9527670010706233
22.05,9.418755459827768,10.00379530182855,2.4643692165103794,0.7954087115632065,0.4631778490540269,9.195423516321153,9.840723875622865,2.4796583689696927,0.8056228779703785,0.4603081988248663,0.027838148370753282,0.15838933330654859,0.17055828370478604,nan,nan,0.8283548007453532,3.0471302676421055,2.0,0.3294814293827353,1.9565714070321063
22.1,9.39495180658445,10.025188481845646,2.482844968368659,0.8003598373184306,0.46016218467231906,9.245919279636029,9.835500849408513,2.4944367654376505,0.8033426340867487,0.4774791057474669,0.028180036204632688,0.15254845047323054,0.16280546322786624,9.970180527592959,9.667822775251553,0.8351098111420583,3.0621223143495353,2.0,0.3673827879080752,1.9465280649877097
22.150000000000002,9.358203842092347,10.05669230203988,2.510249918441907,0.8089215658991502,0.4530487662248518,9.207049169373787,9.864316218434702,2.522653238244467,0.8134248418180334,0.4702861816891182,0.0281874902244967,0.15520117601334388,0.16513786247503037,nan,nan,0.8445398546845658,3.059527801670785,2.0,0.4394600673074861,1.9527498914089159
22.200000000000003,9.332985517477104,10.077311583402452,2.528248833576668,0.8150838534055458,0.447491016410076,9.180742335667608,9.883337718673959,2.5404671376295056,0.8205364751358536,0.4608919674906364,0.028245799847603108,0.15695370780644524,0.16665577787007524,nan,nan,0.8518959927600348,3.0738545575951006,2.0,0.4704474326654364,1.947822445366043
22.25,9.294103142685046,10.107633206167637,2.5548536386797567,0.8237744459984396,0.4401566514093271,9.139731127079045,9.910925204391022,2.567137333613431,0.8301057730718138,0.4195793275170083,0.028244058740599952,0.15959720778706668,0.1688930590443647,nan,nan,0.8562345408595622,3.0833275358549836,2.0,0.4855140330195743,1.9453816537034991
22.3,9.267504181710631,10.127419881280193,2.5723750274146173,0.8292990009211939,0.43635944929428405,9.132870536426086,9.943772696923808,2.583306982324027,0.8355482199917433,0.42357291914239026,0.02837013770553858,0.1536099648525395,0.16131218817595377,9.360915920046166,10.080397855555553,0.8628336932307246,3.097084668615205,2.0,0.499365520921223,1.9535440639129389
22.351000000000003,9.226635763885472,10.156417432991852,2.5984240710438105,0.836452721251851,0.43223839292478344,9.089988114441525,9.970052525266468,2.6097048566978565,0.84328426882073,0.4360957174466527,0.028379945875737618,0.15629416667199664,0.1635360273409671,nan,nan,0.8627163523107498,3.113486405339475,2.0,0.4926931990091904,1.9443731327416218
22.400000000000002,9.19878672832346,10.175265122856553,2.6156511418213246,0.8408431967947705,0.4287942798865537,9.060798654046739,9.987055911447653,2.628086330104532,0.8483091550998446,0.4432556096286769,0.02838861650486592,0.1580803151523433,0.16499126330658195,nan,nan,0.8693478346566262,3.1266200351737483,2.0,0.5313953188121985,1.933264280282552
22.450000000000003,9.156124269255624,10.202793882666906,2.641175689100522,0.8475031076671715,0.42222964275448804,9.014057537518347,10.009977578103305,2.657599926382484,0.8553811389264937,0.406405970281615,0.028043518215084075,0.160740104607651,0.16712198851944093,nan,nan,0.8741884209456234,3.1351206996769587,2.0,0.5603110515389105,1.9268096725532495
22.5,9.127097421923908,10.220643524254253,2.6579686619526446,0.8522780743610839,0.41779947815390484,8.976175044969754,9.976781860912652,2.6757097193184602,0.8589647016661753,0.43384095698376274,0.028039976273422244,0.15462405234359866,0.15975472767320328,8.872252955274956,9.52238875491904,0.8828117451568523,-3.136603905924544,2.0,0.5951261577596165,1.9369458061519986
22.55,9.082635468977532,10.246684453907228,2.682719011890637,0.8615612254119949,0.40672867672532276,8.925285794375226,9.995389171539156,2.709610042153855,0.8689854095553413,0.37974973332724227,0.027235023278813244,0.1573263543915009,0.1618815774087191,nan,nan,0.898579671593522,3.1299841055239708,2.0,0.7134005172672824,1.9291509102968036
22.625,9.067550159165316,10.255177283781789,2.6907962729420443,0.8650146584319565,0.40256928874560566,8.909505017558583,10.00266813209984,2.7176888988125505,0.8730809557289831,0.3897327964665229,0.027239848028162764,0.15822899911606964,0.16258375591469781,nan,nan,0.9091002676731957,3.1392872434437336,2.0,0.7546906774390214,1.9399224946468627
22.650000000000002,9.005878866799966,10.288206027578475,2.7223239075689554,0.8789840874252175,0.38776430974147985,8.850823050416532,10.036788137531198,2.737272019120967,0.8873507538475812,0.3856058001402754,0.028271445448307266,0.1618116364245868,0.16533816082774389,nan,nan,0.9126324919563839,-3.1366676897524783,2.0,0.7679917439695686,1.9315468554478334
22.700000000000003,8.958367218724947,10.311923690083072,2.7453223037981394,0.886676683114407,0.38003645079411735,8.807576072055793,10.130284631659999,2.752996351949248,0.8963813344413952,0.37198741758306153,0.028296697886149483,0.1555589691120171,0.1581969252064901,8.798801941774718,10.843012560042203,0.9119794793578031,-3.1232006588970647,2.0,0.7524417241346975,1.912094971507141
22.75,8.926236394804162,10.327169229276478,2.760553807039152,0.8881733184824826,0.38109385145849195,8.758330050400373,10.151200384313452,2.772664463085471,0.8990969660656376,0.350562053498734,0.028443072053513034,0.15826854007244046,0.16027204425798253,nan,nan,0.8988549266865788,-3.076542248127383,2.0,0.6370937262316769,1.9004439134740923
22.8,8.893831590990093,10.341933077908466,2.775842118493447,0.8894834439579842,0.3821091437873336,8.72472874617529,10.164047270641028,2.7880891692414416,0.9002132910584886,0.3733865417513261,0.02845087532123878,0.16007290710911104,0.1616422764275878,nan,nan,0.9067250612675642,-3.059752227573255,2.0,0.68956731515589,1.8968898128494982
22.85,8.844696211391051,10.363179704679164,2.798768378900025,0.8920938507608159,0.3807713804907567,8.675666865549,10.184627214424484,2.8077408145463183,0.9027308711635186,0.3812896367270697,0.02881039388908142,0.1627555355943352,0.16365300985461764,nan,nan,0.9067250612675642,-3.059752227573255,2.0,0.68956731515589,1.8968898128494982
22.900000000000002,8.81158119300055,10.3767456750212,2.8139527360795578,0.8942044192388714,0.3781563804097515,8.606785121760673,10.204463798506497,2.82346813951985,0.9076428616759704,0.3901252387574434,0.02881113619887264,0.15637576937186112,0.15673540133404268,8.304831852376369,10.24331048516284,0.9106653943597582,-3.04953993979839,2.0,0.7183513723017005,1.891033321424677
22.950000000000003,8.76137717355889,10.396192705062253,2.836495727916,0.8973315886724794,0.3733566961678955,8.557262872359011,10.224365095529679,2.8396145299742894,0.9097420176642156,0.3473988779559825,0.029309897919070634,0.159085368214985,0.15877330822687916,nan,nan,0.9130879306974454,-3.0397146916666467,2.0,0.7327700507096944,1.8806772876830082
23.0,8.72757124467378,10.40855059451578,2.851379344861297,0.8993793078090135,0.37116892771110693,8.522463982767686,10.235052558911251,2.8559260887442974,0.9113039333929052,0.3794850728467841,0.029321780353152707,0.1608883583053728,0.1601226788369319,nan,nan,0.9156422706630318,-3.0298771869040944,2.0,0.7319214858403267,1.8950831543791467
23.05,8.676366608070458,10.426176699134,2.873524900537934,0.9028646301848502,0.3664420186142845,8.469846526739959,10.250096647749563,2.878122283462334,0.9140504735923903,0.36895745313732226,0.029325666510671852,0.16357853679026035,0.16211963357508521,nan,nan,0.9200233819127676,-3.0246030411948577,2.0,0.7759916739484914,1.880372147392356
23.1,8.624551147076135,10.442717911604419,2.8952925376056298,0.907185778526501,0.3597284813790137,8.43537852552923,10.271005942451328,2.8943358744080694,0.9169297211101907,0.3434545988498915,0.029157106847930825,0.15708270293100424,0.15539481329977764,8.47990027136263,10.389425930657449,0.9257156486729016,-3.017190078895499,2.0,0.8120182662224609,1.8804711381778623
23.150000000000002,8.589667221851741,10.453143314775026,2.9096000942987765,0.9100838823338459,0.35627071251333325,8.381876191024498,10.284128671103332,2.9148114252697574,0.9206045817386181,0.34727204296859854,0.02916183521011063,0.15979964618346162,0.1574245447688772,nan,nan,0.9279435104359105,-3.006909989968952,2.0,0.8152592708809604,1.886313920208743
23.200000000000003,8.554521567826383,10.46308695901706,2.923760969783869,0.9131571953194442,0.3520402549271879,8.345411356954267,10.291393935818059,2.930184929340413,0.9235041622043081,0.3279167843617715,0.029040610305365762,0.1615962957482944,0.1587411815718914,nan,nan,0.9330842336576454,-3.000472636234339,2.0,0.8524917195582142,1.8783778222098066
23.25,8.501309708106618,10.47710281429605,2.944663492614418,0.918043476700946,0.3454409684196222,8.291072151701373,10.3026504353252,2.950745761042562,0.9278414611171092,0.30874258960321005,0.029042360158730855,0.16428569624771275,0.16071818321408457,nan,nan,0.9372682108232196,-2.9969136836355257,2.0,0.874659640090619,1.8805862952121424
23.3,8.465510170973566,10.485848755244504,2.9583779845124654,0.9215299024798667,0.34086455077322747,8.317029083917527,10.4243800238497,2.9590455543157015,0.9284702681928878,0.3391933275782576,0.02945524900669033,0.15769736968273157,0.15418513655501748,8.984546156423042,11.551720941975997,0.942409789520039,-2.991406902227172,2.0,0.9033769672258423,1.8794808272728298
23.35,8.411395373827029,10.498054931320835,2.978744066836737,0.9236494665485013,0.3404139086152611,8.262121250117358,10.434145388992732,2.978976831645177,0.9296595215368137,0.3324915133918696,0.029457549834403882,0.16041059320723142,0.15620251914416539,nan,nan,0.9242858804752898,-2.9325038742811294,2.0,0.7685249494731768,1.8720779231588383
23.400000000000002,8.375175131045093,10.505567412975177,2.992412026384769,0.9238953200763147,0.34160301376851837,8.225398454407323,10.440035883654836,2.9924594930501947,0.9302370738508365,0.3156183962577525,0.029456980062932982,0.16221061958267066,0.1575319849361018,nan,nan,0.9300041272940178,-2.927836222289627,2.0,0.8090041785090047,1.8721277275298562
23.450000000000003,8.320604322690896,10.515907261314545,3.0129135575356223,0.9253338483099973,0.3410431227430675,8.168875700207403,10.445222716467141,3.0173836923272166,0.9316857023300176,0.3250456110364349,0.029137324373989523,0.16488982767567056,0.15947764213966978,nan,nan,0.9338734607721131,-2.92502523514569,2.0,0.8324376551557421,1.8770446751006467
23.5,8.28403778674476,10.522185653510437,3.0264972194817727,0.927363538933369,0.3377625817985167,8.079710116184255,10.555418964254539,3.032596396611364,0.9395007450662962,0.3340432482862925,0.029047608394059732,0.1582217395885901,0.15311664204699516,7.701858078712239,11.564199502390675,0.9416662928829577,-2.922552914559696,2.0,0.898164361787948,1.8678739738368209
23.55,8.228924871878885,10.530671858025901,3.0466879667800617,0.9279927202917696,0.33715837724388653,8.02362281829254,10.561183498905319,3.05271236999773,0.9386130036625175,0.3359899345626748,0.029052266172773945,0.160930090804756,0.15512722298976075,nan,nan,0.9287092495550815,-2.8707092077799055,2.0,0.7846759378537053,1.8570804475896225
23.6,8.192111668090718,10.535703082475235,3.0601906110608486,0.9279627753872599,0.3369342426700973,7.986216827950741,10.564380638094637,3.0663871783882097,0.9384248086602536,0.3168732843097155,0.029052078059184555,0.16272618127309224,0.15645315196291765,nan,nan,0.9350353292189856,-2.8680353057623353,2.0,0.8373022456683347,1.8558231922767576
23.650000000000002,8.136725399207766,10.542318327472493,3.0803369109558014,0.9293196329733953,0.3343905191289392,7.9315463920055755,10.572310173788168,3.0799031317336647,0.9390361636859665,0.31385542029650315,0.029521583977333878,0.16539934851923183,0.15839428982946213,nan,nan,0.939288982382912,-2.866554025514672,2.0,0.8647298064939605,1.8619634888763015
23.700000000000003,8.099669171520938,10.546108713402996,3.0936594377741184,0.9308030201451007,0.33182521536589743,7.981907454254651,10.520424717764428,3.093310636718229,0.9330826709332798,0.3227746110127441,0.02951450792511456,0.15866466487244235,0.1522096863308216,8.76357620369221,10.036876196223965,0.942622308186251,-2.8628855088878487,2.0,0.8904061121116879,1.8605117755487037
23.75,8.04382490880823,10.550873051244658,3.1133143309001845,0.9354837641178835,0.3227240382399925,7.9235607878523275,10.515748638998902,3.12352860922212,0.9386721635243289,0.33720065548415495,0.0286870894645709,0.1613623880726012,0.15419757297914205,nan,nan,0.9544906827590441,-2.8870256929220934,2.0,1.006013158080109,1.856340401887705
23.8,8.00634228491502,10.553440193161126,3.1259898728482582,0.9400901848716602,0.3124438692144406,7.8859629144379015,10.516308480856063,3.1371844729836518,0.9441532635173884,0.332162525028458,0.028692879181651375,0.1631535423588652,0.15552459864399887,nan,nan,0.9636534436479425,-2.889216706953836,2.0,1.0885383665471493,1.8300978151707152
23.85,7.949708909953423,10.55638384708209,-3.1390004536009624,0.947041147217868,0.2967082202379344,7.830690741065781,10.521467161954716,-3.135794785690329,0.951479832091413,0.2670028180161051,0.02927266358247493,0.1658201123709836,0.1574673226466801,nan,nan,0.9671450299921367,-2.888954257636783,2.0,1.1126911024762092,1.818100812130897
23.900000000000002,7.911711784156645,10.557748055955424,-3.1273246260955365,0.9510545870065265,0.2893347987284707,7.860281869102864,10.552891738605402,-3.124791172685909,0.9504455987497237,0.27735003024550403,0.029300481347631427,0.1590262926824577,0.15141812186211473,8.505783599788378,10.907054899815183,0.9690959263669838,-2.886537586954689,2.0,1.0954410341146734,1.8296103759087092
23.950000000000003,7.854425123806629,10.55891270887774,-3.1102309510042265,0.9561077703940561,0.281864792952305,7.803157734973476,10.551654808521983,-3.1079046434073536,0.9565083567678491,0.26252676891418003,0.029309311751981048,0.16171409094171646,0.1534120589040874,nan,nan,0.9681887637146944,-2.8718827270280967,2.0,1.09252622013756,1.829371532914593
24.0,7.816069484708232,10.559112122882663,-3.0990722783568327,0.9592389935378899,0.2767017515310406,7.764884729486417,10.550260620637852,-3.096502693601585,0.9603187255648243,0.27380030386566284,0.02931516398702528,0.16349614036713245,0.1547454206026988,nan,nan,0.972410100602176,-2.872457374368252,2.0,1.1207266824464757,1.8170470744324358
24.05,7.758311196120359,10.558561783672374,-3.0827615109005193,0.9637227640033503,0.2677144073175456,7.707235591659067,10.54733186157747,-3.0806881464249027,0.9654576728446482,0.22862814667444525,0.029312071879696356,0.16614904014732537,0.15672826080640967,nan,nan,0.9751504064080053,-2.8731052982543344,2.0,1.1487836687666837,1.7999356117159055
24.1,7.719669698914204,10.557638021206218,-3.0721960248901268,0.9666320440246512,0.2617552423547042,7.6514588957840655,10.579512345102168,-3.073336505729352,0.970076882698841,0.28198897232366044,0.029622022894307563,0.15930168256942462,0.1507639654500364,7.525367550536475,10.895672160550266,0.9788116976942313,-2.874467138744043,2.0,1.163581424089104,1.799341929792127
24.150000000000002,7.661540750388048,10.555433139074799,-3.0567661672870834,0.970003955351579,0.25362923761546563,7.59333615046725,10.575206829166339,-3.0572061839920557,0.9734708954747011,0.24037575941931488,0.029620649219670572,0.1619719361196386,0.15279822753533556,nan,nan,0.9772367259081882,-2.8595601585978625,2.0,1.1606122618203962,1.7763501253559364
24.200000000000003,7.622715443227381,10.553430763878819,-3.0467443911560155,0.9719873665838159,0.24837200677540863,7.555046759749447,10.574909432213307,-3.050987774887827,0.9756785458439554,0.24617878003213703,0.029953501590077536,0.16373903337221174,0.15411042986870144,nan,nan,0.9809197897351492,-2.861547314374548,2.0,1.180816539206567,1.7754925405236381
24.25,7.564375150812981,10.549644880605456,-3.0321015207796225,0.9748832611814189,0.2406330913273488,7.496717241167383,10.569302024766165,-3.0352592035205403,0.9785656270619292,0.24685715068935687,0.029959576303213924,0.16636944746882298,0.15610656959888494,nan,nan,0.9821356092706899,-2.8616846582275532,2.0,1.1943396880938755,1.7653060140489867
24.3,7.525423682914952,10.546610776010052,-3.022619416339066,0.9768528768213172,0.23428807277316926,7.471755440397462,10.596148281502801,-3.0270366949941265,0.9794733427457357,0.26080092719120956,0.030170100459561106,0.15948120407976252,0.1502368372570188,7.623667619153392,10.900916238036816,0.9854180003670798,-2.8642762967300133,2.0,1.2309551013097764,1.7464181011298718
24.35,7.466919105973971,10.54131223453536,-3.008875732487843,0.9794576290202596,0.22553336247262729,7.413346467520357,10.58914607215539,-3.0138478298262883,0.9821601486526647,0.20871087966589583,0.030164751763557863,0.16212847204753938,0.15228460061827262,nan,nan,0.9847033638191002,-2.851903637635096,2.0,1.226239369232124,1.7429977995562482
24.400000000000002,7.408355853221289,10.535142505384703,-2.99558415443352,0.9819052142492918,0.21866390733599653,7.374373006916268,10.5840528243927,-3.0053773416954384,0.9839618588198663,0.19677461563963453,0.030165113771132568,0.16388089466769848,0.1536385609966883,nan,nan,0.98742950124634,-2.855122131627369,2.0,1.2369444939860386,1.7461528848500794
24.450000000000003,7.369284342503378,10.530557640156728,-2.9869502539296744,0.983545630219172,0.2139718011320204,7.315772580278661,10.574682706987529,-2.9914798822490836,0.9864533820003236,0.17995418355546505,0.030058729539241,0.16648757769771794,0.15561570630510058,nan,nan,0.9890811986783229,-2.8574670349702815,2.0,1.2523864863431546,1.7386977140069173
24.5,7.330192050522186,10.525604321105577,-2.9785191280075356,0.9852404572476828,0.20843759122105926,7.306537124372299,10.509944409554791,-2.9835107699865353,0.9866554082482824,0.1848040133392173,0.030030733908615954,0.1595723805457994,0.1498539074578623,7.577147167429667,9.918496145232732,0.991601966632674,-2.861789371751421,2.0,1.2794138162553919,1.7245220009040072
24.55,7.271503541789196,10.517499552733378,-2.96641154324801,0.9883063689360647,0.1953498490161409,7.2483157078449505,10.504703278349467,-2.976829268370393,0.9900707788117106,0.21619081237356208,0.030480039153509494,0.16219847606839774,0.15188426209181785,nan,nan,0.9958103049281761,-2.891939770913099,2.0,1.3552392281126557,1.682109014661591
24.6,7.2323334824025745,10.511657293880221,-2.9588617050124597,0.9903356049346513,0.18440286856787508,7.209244024290975,10.498105850449859,-2.9683238028568146,0.9921627209634178,0.170970657631114,0.03047733354635519,0.16393706031758457,0.1532477073603338,nan,nan,0.9966047883320404,-2.8944019106176864,2.0,1.3797216116332867,1.6540510349925568
24.651,7.1735394882440255,10.502264726436376,-2.9483103809579556,0.9929382646521281,0.1702338915101732,7.150421923929626,10.482728195335579,-2.951058214169379,0.9948423614705623,0.16324949446531503,0.03000237114881853,0.16652307212846446,0.15523904868264238,nan,nan,0.9974934356164437,-2.897505553397822,2.0,1.3795919113559951,1.6552701336280817
24.700000000000003,7.114720552610446,10.492155536336732,-2.9385838994700655,0.9952331895218984,0.15574548267509983,7.0195163681485395,10.488771988701242,-2.9451177747394173,1.0027842797004478,0.14584574441298845,0.030010242077487113,0.15959248230525938,0.14953828608188174,6.222944057848641,10.618290094247744,0.9989283489446406,-2.904758267817908,2.0,1.4150981085608565,1.623398352043017
24.75,7.075514654854736,10.485042266638503,-2.9325657655092865,0.9960749576607816,0.14736836428099792,6.96052148865847,10.475675700155994,-2.934819959308895,1.0031024147310597,0.1402820768090312,0.02989250447910386,0.1621973607867916,0.15158357995806676,nan,nan,0.9990664603673672,-2.9019046999083704,2.0,1.4013132617435744,1.6142758907063244
24.8,7.036331480463011,10.477649005826875,-2.9268669584982376,0.9968193533833741,0.1390944874757568,6.921265227547338,10.467376352578542,-2.927957374801887,1.003191378856915,0.15799316669148966,0.02989891876478739,0.16392129108291686,0.15295725616981326,nan,nan,0.9996428578605812,-2.9080930664905495,2.0,1.4255582222804815,1.5935132392882931
24.85,6.977598523111443,10.466063253549228,-2.9189970612645144,0.9978947874714399,0.12507533096666823,6.862544871865166,10.450372425554978,-2.915285475160229,1.0033348449050175,0.11403111059877878,0.029497797140152913,0.1664855240384838,0.1549634538437252,nan,nan,0.9998730700620155,-2.9120242255038415,2.0,1.4495376069716985,1.5709425215126434
24.900000000000002,6.938472440402675,10.45802864209014,-2.914226608522496,0.9985409911964478,0.11561373975009721,6.913708672029179,10.447792862908639,-2.9106567705195228,0.9971044307268493,0.11036046081448095,0.029500127772676646,0.15954878039903989,0.14930867916390111,7.738437734318079,10.52601662872406,0.9999884054871159,-2.920100978309361,2.0,1.4632623063871502,1.5575427534292388
24.950000000000003,6.8798214292500415,10.44554348522545,-2.9077475789164193,0.9997794479315356,0.10263054573327443,6.855433076580507,10.43478509239913,-2.90533024773327,0.9988569039566483,0.10954737258903255,0.029584571245039902,0.1621346785263822,0.1513670819458121,nan,nan,0.9999430538832865,-2.9213288515910265,2.0,1.4798674573016188,1.5594079695933165
25.0,6.840735470977639,10.436948163859931,-2.903853319942509,1.0005721752493624,0.09396017060910831,6.816590635208562,10.425385011298403,-2.9003212052115557,0.9998184313195568,0.11291527854522225,0.02958821138290571,0.16384745779875626,0.15274925829892508,nan,nan,0.999753578211248,-2.9275307842147793,2.0,1.4935817696132054,1.5389653808904304
25.05,6.782141804879839,10.42368616320912,-2.898670293178594,1.0014118538173196,0.08077491382134348,6.7583392247603555,10.410948771896566,-2.8954160340815305,1.0009146916540517,0.07539546205878261,0.029585866921218704,0.1663973322888024,0.15480631041411597,nan,nan,0.9994975376684274,-2.9320230794551185,2.0,1.506865164197753,1.5207334186814294
25.1,6.723604057285496,10.410026556504857,-2.894248155280154,1.0018617808596813,0.06888945879954603,6.7615338035018375,10.374877191573436,-2.8914104117555794,0.9988898281311421,0.06591079567860038,0.02946832246239491,0.15946660705031568,0.1491457053824688,7.155223813003525,10.119122904235866,0.9990530319468336,-2.9389388453189045,2.0,1.5063379465493818,1.5143240151284028
25.150000000000002,6.684615269101234,10.400724252726908,-2.8917285349764215,1.0020195878199674,0.05936974824878396,6.703469429671915,10.359949520360768,-2.8872333584274017,0.9997649753975821,0.04254927724247382,0.029467832563302078,0.16204224021170138,0.1512506791670369,nan,nan,0.997895148421938,-2.9563040230409667,2.0,1.5333091759694797,1.4841216413957528
25.200000000000003,6.645657506472689,10.391282306109053,-2.8895805739485025,1.0020165327683894,0.050257904930855545,6.664517291936881,10.35259482754412,-2.888416137977992,1.00000545999279,0.04198652090170629,0.029735621447076793,0.1637490005498907,0.1526031413516385,nan,nan,0.9970912677704415,-2.963524163179868,2.0,1.5368507569461027,1.471397948672516
25.25,6.587285308841823,10.376889775373678,-2.887003505979812,1.0018542010478138,0.037920988068094366,6.606434384195011,10.337525193121417,-2.886419745845585,1.0002463957184422,0.02554691933526569,0.029735550023497224,0.16629169693075227,0.1546683631691001,nan,nan,0.9969069331127635,-2.967088403919525,2.0,1.5394167851671645,1.4664830757395764
25.3,6.5484122360245545,10.36716135243754,-2.8856769434875558,1.0016371735749796,0.030248477848540768,6.589332637668932,10.296453706620941,-2.88206496457753,0.9992649513994887,0.034528213196221645,0.029496547297325593,0.15937245892640184,0.14903008064604265,6.801329211365063,10.004004436717976,0.9961317597786848,-2.9744053887361614,2.0,1.5436913715749607,1.455089356124488
25.35,6.490173027949791,10.352406167752491,-2.8843261508859808,1.000904572899353,0.01591445134272056,6.531397498717158,10.281028711849057,-2.8804027090614257,0.9989324257072043,0.01239031683247343,0.029496456366992233,0.16194316548291085,0.15114145201214743,nan,nan,0.9936928720387543,-2.994437284230131,2.0,1.5760278959760423,1.4059570919542057
25.400000000000002,6.4514013893718465,10.342484979612417,-2.8839454704528515,1.000211719882224,0.005721005259700663,6.492798457420452,10.270720471481871,-2.880272892785489,0.998415360659091,0.015082605369253677,0.029498178010402085,0.16364728922231583,0.15253687170783384,nan,nan,0.9926170906749885,-3.001992279431387,2.0,1.5776590685529728,1.3964309337663545
25.450000000000003,6.393323336026284,10.327511583850837,-2.884103071963191,0.9991522548307241,-0.008562882941384032,6.435730942625293,10.249492529134242,-2.874076623491801,0.997611484256435,-0.028121228406774133,0.028960888991464262,0.16618462235065437,0.15457005509252308,nan,nan,0.9919745206970387,-3.0070501545932755,2.0,1.5852056050627226,1.3849927925151257
25.5,6.354655199337542,10.317488715167611,-2.884673293559462,0.9982626906848168,-0.017704792182810892,6.349469585093513,10.275420110566722,-2.874889321619662,0.9992729182265153,0.0013527227154098561,0.028991194871999693,0.15927868310950227,0.14898318725909276,5.936547883135408,10.6647483731238,0.9897342728769711,-3.0174874986509033,2.0,1.5856804158296296,1.368695721497317
25.55,6.296726776360159,10.302430249260107,-2.8861544179216665,0.9971399968752884,-0.02909674100319336,6.292623269684972,10.25326381654299,-2.868272091293193,0.9979670165878846,-0.0017623096856972057,0.028373588597779595,0.16184498008736012,0.1510649359864514,nan,nan,0.9915808074382526,-3.004743339329408,2.0,1.5824511623633437,1.3812593393042552
25.6,6.258143963352992,10.292391430250532,-2.8875097089713977,0.9963350081131441,-0.03715362502941812,6.2541973932413235,10.24248866189665,-2.86908688331623,0.9969137105303064,-0.04345977831933973,0.028370259092542066,0.1635469054401331,0.1524640320930935,nan,nan,0.9891622821213424,-3.015631181096395,2.0,1.600310759146168,1.3476221548295655
25.650000000000002,6.200327799807568,10.277370800500437,-2.890137621915008,0.9950514550611722,-0.04792185266778974,6.196398674532868,10.227691579597048,-2.8727277821652906,0.9955121290294147,-0.06067470579894396,0.028487792623267894,0.16608274829655661,0.15450153100996544,nan,nan,0.9884928712906554,-3.020937241780956,2.0,1.5898346791422648,1.3555117401633572
25.702,6.161814560515565,10.267398460764195,-2.8921991886985063,0.9942869219045803,-0.05360949496346447,6.158410319515839,10.283843700970039,-2.8736375351240597,0.9933457556618418,-0.006383227750233774,0.028533008388099183,0.15919055294330503,0.1489239220793653,6.16931890805933,10.981585796601149,0.9879331116445711,-3.028234920587605,2.0,1.5888984677947458,1.3558220595425323
25.75,6.104058037867066,10.252524707202898,-2.8956352424088125,0.994098637430396,-0.059016112236912346,6.1015062985485065,10.264863291732906,-2.8726835450836092,0.9935006676985837,-0.059596086982025086,0.028206364913870054,0.16175848555759134,0.1510069395799185,nan,nan,0.9919495288011457,-3.000612305287937,2.0,1.587650903775475,1.3954686701579666
25.8,6.065529260222724,10.242670651603829,-2.898046935903345,0.994197994306322,-0.060941154049287974,6.063188600100188,10.254322485275472,-2.8748219671259214,0.9936049220103694,-0.060664886282941054,0.028206429503058916,0.16346228030038773,0.1524061601491226,nan,nan,0.9905968681893206,-3.0099271631924323,2.0,1.5767632534019016,1.3949723271539007
25.85,6.0077083984538335,10.228008722023079,-2.901799936415644,0.9940819779196467,-0.06383745616184802,6.00470804013759,10.243749467340967,-2.884603768272854,0.9936446708123873,-0.080568231496904,0.028683451454682922,0.16600180392180655,0.1544439827065276,nan,nan,0.9901757292182705,-3.015110235395177,2.0,1.5796855805003929,1.3882128605291342
25.900000000000002,5.969141874552009,10.218325312522307,-2.9043843962125515,0.9940532972529763,-0.06478701480350456,5.991849574278763,10.25857909063408,-2.8876748105545884,0.9915500257164535,-0.07972594271925344,0.0286935824336217,0.159123602938304,0.14887128759870857,6.235159487400215,10.516782914561192,0.9908052178613532,-3.020316018717375,2.0,1.5679141496976405,1.4047350368673115
25.950000000000003,5.911245460396603,10.20394721462364,-2.9082617214522517,0.9944404419496411,-0.06405060473376219,5.934031699521873,10.24467599520153,-2.89254000477703,0.9927125681178954,-0.059670025523467264,0.028791939551624922,0.1616976670878542,0.1509520149928755,nan,nan,0.9921550267177721,-3.0130163604273426,2.0,1.5618550497822454,1.4278607921463689
26.0,5.853272538414596,10.189753374706884,-2.9120998213216214,0.9948475786514444,-0.06426009498484382,5.895540089711404,10.234899197356514,-2.8947860740502396,0.993228676263113,-0.07346610756152988,0.028790305357535365,0.16340645129163875,0.15234821316666053,nan,nan,0.9919058083099026,-3.0198595605695706,2.0,1.5707241394236784,1.4134779347138886
26.05,5.814588166233509,10.180401233770565,-2.914680517649604,0.994950839959729,-0.06466415355354868,5.837720030971163,10.22041650551919,-2.898794011647575,0.9937773702068182,-0.06344499411413237,0.02879100891377127,0.16595480344550265,0.15442279902405753,nan,nan,0.9915758102008262,-3.024678677926927,2.0,1.5675847164830246,1.4123573071124773
26.1,5.775879446716652,10.171141659642558,-2.9172884915773247,0.9949529663843467,-0.06570151309616162,5.76868894605227,10.252878592428877,-2.9048777321641372,0.9952082132899462,-0.04499811067702122,0.029103409804653327,0.1590855748254916,0.1488133418343125,5.510603752947798,10.669374634314087,0.9911641059069505,-3.0318273684489054,2.0,1.5744413743850485,1.4004444819146404
26.150000000000002,5.717768044576926,10.157430431675065,-2.9212392849670694,0.995267320244864,-0.06508114843789604,5.710631724507832,10.238901611232286,-2.9080834748525817,0.995593244300591,-0.09163330299784761,0.029097559996455843,0.16166742915462906,0.1509278794655629,nan,nan,0.993852132259812,-3.0158207577914076,2.0,1.557771008141267,1.4341781721870777
26.200000000000003,5.678983819418689,10.14840607951393,-2.923793249144925,0.9955345600576871,-0.06289935546277561,5.672081617857706,10.228740879473424,-2.908971814110949,0.9958283657392734,-0.049068816137480605,0.02901060362254948,0.16337852499000416,0.15228341370013404,nan,nan,0.9934381234934057,-3.022705160943351,2.0,1.5429258326824034,1.4444589523334708
26.25,5.620752961621528,10.135048605927192,-2.927500616714172,0.9957152115282607,-0.061901632993791735,5.613916313170906,10.215050898454523,-2.9133263168802257,0.9960103815548933,-0.07652210550404073,0.029006487828146344,0.16593207548188182,0.15435337792096732,nan,nan,0.9929580690881452,-3.0277170141453436,2.0,1.5643924977144963,1.4183160340460501
26.3,5.581901908541274,10.1262655810121,-2.9299807125389123,0.9957260133521775,-0.06191458316597269,5.55938960159905,10.127239874637057,-2.905402732248728,0.9984171613834174,-0.03806411520670959,0.028221663120785702,0.15906724201397435,0.14875085418613493,5.4417125016116765,9.40125635869359,0.9926700167365328,-3.034478746357724,2.0,1.556123185893252,1.4235761410939676
26.35,5.523619451241068,10.113283186000046,-2.9338986300931458,0.9942035379821295,-0.07072579909274197,5.501163866415379,10.113271028580517,-2.908386766330469,0.9962596797460844,-0.07298065273208729,0.02821867071846645,0.16165070674945067,0.15086365933164714,nan,nan,0.9851320097996331,-3.0780583422476937,2.0,1.6156974330423566,1.2961478983408155
26.400000000000002,5.484808670875493,10.104774555106003,-2.9369354863282418,0.9927139995344534,-0.07868660768693445,5.462405263580633,10.10408426029722,-2.910365845400673,0.9945233737032079,-0.061975809722576145,0.028221409778765676,0.1633641757083604,0.15225877938274002,nan,nan,0.9844412920964198,-3.085017577368315,2.0,1.608775681856651,1.3034674659483925
26.450000000000003,5.426646005778006,10.092234974678783,-2.942008570222458,0.99084210822479,-0.08869461957035377,5.403710508507845,10.093462823832827,-2.9190338762716515,0.9923445917081846,-0.09003460115982423,0.028486168855379322,0.16591755408568692,0.15428622070332698,nan,nan,0.9839809712904688,-3.089597430584807,2.0,1.6184890898751676,1.2947823612685956
26.5,5.38789260703941,10.084028788305027,-2.94568439945792,0.9899545529680825,-0.09338677596469361,5.3613259562218465,10.113078472021785,-2.922881003521924,0.99116717370195,-0.10106442757752189,0.028501481476022522,0.15905740996640777,0.14872700309683595,5.339359032228499,10.4137885722443,0.9845762075710752,-3.09489521490921,2.0,1.6085257027772202,1.3156181335737962
26.55,5.329756485341032,10.071954880763025,-2.9514121201408883,0.9894137991369357,-0.09601402604472925,5.3027783027755975,10.10255440752065,-2.9311669676830663,0.9905467140016262,-0.0936221319645277,0.02871739965756197,0.16164440975067307,0.15079725636604602,nan,nan,0.9868691383392295,-3.0851135483359946,2.0,1.5952466695519443,1.350427017505002
26.6,5.290971766196338,10.064065023908611,-2.9552648312225833,0.9893985316071442,-0.09649553003275342,5.264020062377911,10.094329234700847,-2.9356143106585666,0.9905047057271148,-0.09046241236205475,0.028717135731636374,0.16336229482157266,0.15218812368530205,nan,nan,0.9873554756815315,-3.0903603209944883,2.0,1.5972444897387035,1.3539966421761973
26.650000000000002,5.232741930110945,10.052479532863426,-2.9610838734373655,0.9894450926905132,-0.09739543753999905,5.204452613980053,10.088666678284415,-2.948238439895985,0.9904631220997331,-0.0775450264102495,0.02930361383876378,0.16592353756852418,0.15420941375045363,nan,nan,0.9874100597682306,-3.094462962217009,2.0,1.5989881734174054,1.3526581689162762
26.700000000000003,5.193882926229354,10.044927426145009,-2.964984415185591,0.9896652567584733,-0.09741774003689388,5.182297549904504,10.047768595642637,-2.9522136541277084,0.9901209639279511,-0.11630892906381703,0.029276711153406517,0.15906735982489986,0.1486549901956748,5.362178772542338,9.699060541492397,0.9889126149962779,-3.0972883251565433,2.0,1.5962004849644613,1.3674423717429336
26.75,5.135531546969458,10.033862007536973,-2.9708408238411774,0.989657233485775,-0.0980998367655165,5.123940583861871,10.036626421560463,-2.957303819635317,0.9900959253877469,-0.1073528735016319,0.029274311968213743,0.16166257814216942,0.15071901932499163,nan,nan,0.986336230797813,-3.1177128958909184,2.0,1.5963733054839773,1.347623252459717
26.8,5.096605141941003,10.026667950731385,-2.9747925180445804,0.9894569618285296,-0.09928957132815183,5.085001246240795,10.02941135791361,-2.960701735818621,0.9899093246162108,-0.07459252043260836,0.029278678823785168,0.16338587084715125,0.1521051620694292,nan,nan,0.9862572993640479,-3.1232814896540555,2.0,1.6011312880988504,1.3421213291580687
26.85,5.038178369526179,10.016157609576235,-2.980847070308351,0.989195173571183,-0.10245557839878403,5.026978957178385,10.016841088009595,-2.964496267645804,0.9896743848415445,-0.11700052541747301,0.02908886765890971,0.16595432269164737,0.15412141145746358,nan,nan,0.9862228089623352,-3.1268880345641015,2.0,1.6154300297415254,1.3279240391778442
26.900000000000002,4.999202147411474,10.00934119191163,-2.98498713746114,0.9890014482561931,-0.10384105531718783,4.9907948589251845,10.019998153519154,-2.9675140658073382,0.9891408054055201,-0.0872305929886567,0.02909881118122469,0.159097345893455,0.1485749468163599,5.0322111498293625,10.12809273736319,0.9858078935462992,-3.133172308597662,2.0,1.6016525118700842,1.3389169382656436
26.950000000000003,4.940698734005695,9.999407080905717,-2.9912697651173685,0.9888837454975278,-0.10548395630105485,4.932163583080089,10.010623634516088,-2.9752621217773023,0.989133828831999,-0.11972959805887545,0.029168519215637432,0.16169852595103343,0.15063498632714367,nan,nan,0.9865690754592528,-3.1315939100512447,2.0,1.6112463664065233,1.3368426385404453
27.0,4.901663018584779,9.99298002909093,-2.9954989895076407,0.988942725526452,-0.10551549217065259,4.893135602364221,10.00411566787986,-2.97988888249176,0.9892856162173876,-0.11531962559830485,0.02916802966293681,0.1634256978210425,0.1520177717417614,nan,nan,0.9870644633564557,-3.1362808862892573,2.0,1.5963874592895106,1.3555559870303424
27.05,4.843054159997689,9.983635284021334,-3.0017983325551127,0.9890951787478939,-0.1046765187030974,4.8345284217250875,9.994682866960476,-2.986450347620658,0.9895084101855036,-0.10154923550741665,0.029168819279041504,0.1660017457568678,0.15407177710224532,nan,nan,0.9872836296900337,-3.1395348225546122,2.0,1.5974837538590478,1.3556463175781028
27.1,4.8039445571718655,9.977604891375867,-3.0059806153252215,0.9892172716351393,-0.10455900802819702,4.845851825422827,10.069562163375322,-2.9847510786821636,0.9852012837757557,-0.06625795313117976,0.02869857490191833,0.15913973738010342,0.1484921552486983,5.281415621714333,10.963970173279979,0.9875752579342252,3.138934093333566,2.0,1.6017899648301446,1.3528934293267072
27.150000000000002,4.745197958272456,9.968857199950197,-3.0121673773378785,0.9905614356092463,-0.10083847549600863,4.787415208352327,10.060423240391781,-2.9905339475290744,0.9875636759043039,-0.10247790377744644,0.028692587186773335,0.16174752175354667,0.15058746559541533,nan,nan,0.992558155757527,-3.1068255868965955,2.0,1.5894045228430187,1.418233290389237
27.200000000000003,4.705943397439223,9.963215622500245,-3.016091703700592,0.9917301894525842,-0.09625721843679343,4.748180914550862,10.055333040116789,-2.995888879913588,0.9891689045268762,-0.10064490202632757,0.028766956394918598,0.16347664277565646,0.15192849003347964,nan,nan,0.9927057656136965,-3.111390220168163,2.0,1.5708666988688358,1.4311175709317068
27.25,4.6469464194478585,9.955037830744073,-3.021631163878191,0.9931054145221154,-0.08966634857988941,4.689401913436816,10.046820542854944,-3.0013073744229577,0.9911607194961184,-0.08627831441815188,0.02876710307866612,0.16605745031242303,0.15397855633780208,nan,nan,0.9930408571375826,-3.113933189277793,2.0,1.5669967219948298,1.4330366393878147
27.3,4.6075496227339725,9.94977383962107,-3.0251314629218244,0.993794434083175,-0.08637003512130634,4.632120659865968,9.991432338545337,-3.00926949514099,0.9939417825360326,-0.08625651709438786,0.029092430367196442,0.159190794757029,0.148409312969053,4.512862930270718,9.436253629193072,0.9931773887607507,-3.118186657351315,2.0,1.5691871529241377,1.426060086708841
27.35,4.5483887238755925,9.942156209221821,-3.030246847794808,0.9939981475842414,-0.08553744216054626,4.5729852431656255,9.983626210929755,-3.013466497863842,0.9941579985000357,-0.09912683739598885,0.029090781681428333,0.16180261539729712,0.1505004266007052,nan,nan,0.9906837702346244,3.1373088490666596,2.0,1.585283151874878,1.381589538040116
27.400000000000002,4.508930638274473,9.937263583220949,-3.0336801134163602,0.9938458681362491,-0.0858677319826248,4.5335417408201435,9.978576577179801,-3.0163146245468186,0.9940452090550664,-0.07082405427926278,0.029094390662837134,0.16353503462765878,0.15188089594694645,nan,nan,0.9907237780602612,3.1334059419568447,2.0,1.5801245526734606,1.3862463532454983
27.450000000000003,4.449720825758914,9.930196773170696,-3.0388590609738895,0.9936641001443259,-0.08697090743692172,4.474237448314164,9.971890089356277,-3.0215740258670896,0.9939150126287785,-0.0673911928244308,0.029153938284034526,0.16611634641664522,0.1538853931580093,nan,nan,0.9907676919524877,3.1308813518414653,2.0,1.5919023967499157,1.3749926872234512
27.5,4.410231330680076,9.925664718157973,-3.042363009049144,0.9936039904659028,-0.08791545371867568,4.398227521263657,9.977971792952694,-3.0249268834916454,0.9963329413448216,-0.10289586716309555,0.029159508997985105,0.15924333973740432,0.14836525936212078,4.087523974548194,10.104017081888744,0.991025716409125,3.127538623638501,2.0,1.5922213572588326,1.3769746513436845
27.55,4.350970513871261,9.919131502587529,-3.0476271862009257,0.9935364499830273,-0.08678494529988018,4.338692838641573,9.972033673696775,-3.0312795349986343,0.995855780181684,-0.08991137874437473,0.029245896518075756,0.1618544349934565,0.15041484362780377,nan,nan,0.9918600489647225,3.130578995409108,2.0,1.5686523764477285,1.3997123039062085
27.6,4.311445514860269,9.914950584812692,-3.051058127290984,0.9935646324350932,-0.08520881527844096,4.299097895649121,9.967688248160247,-3.034724823209401,0.9956972542269584,-0.07373828985917631,0.02924723567244339,0.163586990210114,0.15179303555186327,nan,nan,0.9922852704052867,3.1276104017018875,2.0,1.571712184980375,1.4012937413983948
27.650000000000002,4.252125719325159,9.908938406867595,-3.056115457423537,0.9936921352662094,-0.0838550509571613,4.239220370384876,9.964254089895721,-3.0437223151771704,0.9955347003372514,-0.10384889618655628,0.029496685321587567,0.16616871338836275,0.1537949114588371,nan,nan,0.9924422957898659,3.125438183077414,2.0,1.577669046009164,1.396901117068978
27.700000000000003,4.212555702008151,9.905101115193952,-3.0594282921753484,0.9938921936533704,-0.0817660721393375,4.222219516479172,9.940704194446292,-3.047164886003004,0.9942290145464342,-0.10178250421921584,0.029482619042128386,0.15928874157083855,0.14828463619148882,4.4499591295636804,9.730197451747172,0.9933094391793682,3.1237216013002542,2.0,1.558926562720599,1.4229324355071218
27.75,4.153160832347029,9.899595515227793,-3.0642288515582177,0.9941541464942203,-0.07933508504609785,4.162431158075323,9.937590743496969,-3.0535873001540943,0.9945132362868369,-0.053183991368455384,0.02971987248503475,0.16190056079182988,0.1503313602639242,nan,nan,0.9923135583596661,3.111953433051519,2.0,1.5708032873662563,1.4069385844289517
27.8,4.113541974135653,9.89609118272543,-3.067399126471341,0.9943232339419124,-0.07946400839301523,4.122799931064312,9.934124164380007,-3.0568254766783727,0.9947366641421381,-0.07667412606206575,0.029716508798387463,0.1636337093545109,0.15170714796713877,nan,nan,0.9929041046402858,3.110398147707064,2.0,1.5854248931597763,1.3960907677685854
27.85,4.054078603641458,9.891080166534815,-3.0721716967546833,0.9945973925786207,-0.07919153405300114,4.0625058028074825,9.934541972627516,-3.0675703283916307,0.9950359778693171,-0.07392669646719924,0.030204207279277334,0.16621672765846357,0.1537066313136611,nan,nan,0.9930821472632935,3.1086666395516738,2.0,1.574690473426386,1.407491528987253
27.900000000000002,4.014411705567729,9.887900509591757,-3.0753034632958447,0.994907030417339,-0.07748314732070113,3.9581928216794213,9.952948191148712,-3.0699178358077925,0.9997771491850999,-0.05040771621395813,0.030224480263818236,0.15933116567144529,0.14820637914213391,3.3946103766066007,10.194239503917316,0.9943087291187557,3.1088753187109277,2.0,1.5643165567460247,1.4267128646477611
27.950000000000003,3.9548688306989237,9.883367171582735,-3.0798341141047874,0.9953076798088244,-0.07395191122784042,3.8976471375038715,9.953743562437948,-3.0796485502506257,0.9993587778420692,-0.08805256241320916,0.030696525149251506,0.16194407265144226,0.15025138524196827,nan,nan,0.9954722451887918,3.1180710880032225,2.0,1.5543080104074258,1.431567000398259
28.0,3.9151497870954324,9.880499779932787,-3.0826953170835516,0.9956174730966076,-0.06955588364304108,3.8577482246376107,9.951299605144914,-3.0828187558209055,0.9992950681800132,-0.07578253905108702,0.0306966561276808,0.16367750888082333,0.1516253270917922,nan,nan,0.9963838821996381,3.1184685573589466,2.0,1.5286754456389264,1.4655841819891307
28.05,3.8555287748222757,9.876421662814648,-3.0866235299086857,0.9961508087333837,-0.06287173758455032,3.7978903565371005,9.947862564584499,-3.086686532343362,0.999248390292195,-0.051642434018173866,0.030698165085694434,0.16626124260227157,0.15366686660729229,nan,nan,0.9965475806581483,3.1172472671221745,2.0,1.5317561924351408,1.4638644632538038
28.1,3.8157547103184375,9.873846998965046,-3.0890572832075676,0.9964910442926881,-0.05982457626966087,3.759343601408402,9.973239439418705,-3.088914335446969,0.9990399533640691,-0.006603016423487842,0.030760110200762514,0.15936866484759943,0.1481329754469713,3.785928647345375,10.258256955063937,0.9967238061641536,3.1155298387180874,2.0,1.539302175450627,1.4577397172368882
28.150000000000002,3.7560522087046944,9.870191421705586,-3.092514693514989,0.9971481324204527,-0.05601000820269457,3.6994782967055495,9.970139688763384,-3.092584582593418,0.9993411707754536,-0.06984908637618302,0.030751478475217035,0.1619813775977981,0.15021726253916567,nan,nan,0.9978189768000371,3.1282131717123867,2.0,1.5399383642795144,1.4664172022835422
28.200000000000003,3.6962934214271717,9.866768145430367,-3.0956579346426008,0.9978278162881471,-0.04923615524791662,3.6595386300456254,9.968286258681916,-3.094361763046537,0.9995868348605957,-0.03540153795259007,0.030762619446601074,0.1637135294301925,0.15154974826316647,nan,nan,0.9979567187214274,3.126663607181211,2.0,1.5118425463658711,1.4946409170038228
28.25,3.65642705832558,9.864607133567306,-3.097544198532289,0.9982076379707662,-0.04606174002356808,3.5996226126152737,9.965481521193022,-3.096147987498706,0.9998890981949687,-0.031161648972970832,0.03076270853058763,0.16629621191846616,0.15359002702219854,nan,nan,0.9980107109198174,3.1257371117493067,2.0,1.5244688222053906,1.4816303448442802
28.3,3.6165421614316764,9.862538217053327,-3.099321791304416,0.9985298163082736,-0.04353267932775007,3.5634276692148563,9.923149209615179,-3.092134387800253,0.9999452318079998,-0.04020094732998999,0.030238304461401546,0.15939860908002335,0.14806692455402048,3.618347590059474,9.556753537910156,0.9980348615207859,3.124335127615223,2.0,1.5254986842640987,1.4797939947528882
28.35,3.5566934263961176,9.859598589809384,-3.101900394980048,0.9985920464237685,-0.04376730653119039,3.5035018091529184,9.920231547139075,-3.094783185188223,0.9997593983178142,-0.04654443031445002,0.030237080598389084,0.16201013942118483,0.1501506034615295,nan,nan,0.9961423742258536,3.103186153500414,2.0,1.5523279479391194,1.4374883280149502
28.400000000000002,3.5167935677479627,9.857744659183698,-3.1036824869548325,0.998504051347379,-0.0448978163513549,3.4635557698439317,9.918385556249135,-3.0959034767602356,0.9995641465417273,-0.009029981620959391,0.03024189425770058,0.16374208644541502,0.15152650650267752,nan,nan,0.996246283871035,3.101729555628153,2.0,1.5490413883665868,1.4419864277134788
28.450000000000003,3.4569419079264523,9.855115277238065,-3.106447465411751,0.9984211711355909,-0.04736218229236288,3.403438490523187,9.917734093515167,-3.1007963709327435,0.9993296184845772,-0.0249671827326319,0.0304178683257097,0.1663232427611642,0.15352312181651726,nan,nan,0.9962634727959023,3.100808060237602,2.0,1.564460330193424,1.42712546142809
28.5,3.4170378716975716,9.853461531138407,-3.108374741230043,0.9984356344304104,-0.048370900343982726,3.378263906675004,9.910842072188863,-3.102242287496334,0.9982878576501385,-0.024543134068247062,0.030414146808744904,0.15942219786859063,0.14804903037105532,3.5311004885412696,9.853405909257464,0.9966475733457659,3.10048287471301,2.0,1.553461837370183,1.4417607948225997
28.55,3.357171836665009,9.851126728645385,-3.111301172409509,0.9985369827921827,-0.049157132196234465,3.3187837594328933,9.904655510894884,-3.1011186941113627,0.9984708739169859,-0.040269550985456384,0.030053604060839175,0.1620328210650993,0.150092351389073,nan,nan,0.996482472962356,3.097043184877251,2.0,1.5578998552510324,1.4390392556073752
28.6,3.317254534880816,9.849667426293014,-3.1132824890959188,0.9985587420864956,-0.04975331519755374,3.278876757686999,9.903057715769824,-3.103285262725126,0.99849664946602,-0.05545015875779724,0.030051424044602985,0.16376459305903587,0.151467681719429,nan,nan,0.9961208122989673,3.0939564738685505,2.0,1.5565880522771371,1.436796571594236
28.650000000000002,3.257374118130822,9.847624839588827,-3.1162771443843367,0.9985495446976023,-0.0497471480386086,3.219040274357154,9.900471431402224,-3.106147706850132,0.9985487135394613,-0.053768667473892216,0.030018914659944346,0.16634577922515328,0.1534646177318361,nan,nan,0.996240390025712,3.0931594182540385,2.0,1.5492775704676858,1.4448717087384046
28.700000000000003,3.217450318537204,9.846360602743218,-3.118257452867407,0.9985648590233623,-0.04934611001582093,3.1805752888386887,9.96672661574353,-3.1088586032059546,0.9983408254563797,-0.04606421867560559,0.03005794969319616,0.15944192150566977,0.14799800833567728,3.2025818355684983,10.679037920159521,0.9963753796120688,3.091869388509214,2.0,1.5484239185629531,1.4465384248288944
28.750000000000004,3.157548373830425,9.844608876515146,-3.12108166868086,0.9990336264647773,-0.04384136609987001,3.1205795010661976,9.96621537304389,-3.1136557562315974,0.9989582432408174,-0.06146582134834683,0.03018626869890846,0.16205291025147284,0.15004136632634155,nan,nan,0.9987815881588833,3.124957496105293,2.0,1.5079900702276587,1.5068443372319904
28.8,3.1175885646004105,9.843532878125245,-3.1226914314587986,0.9994832551860091,-0.037945465083188024,3.0806307729113738,9.965125559273678,-3.11568193274857,0.9994583624716015,-0.03533602063795425,0.030188131126825585,0.16378488655662196,0.15141603487146954,nan,nan,0.9989954111881085,3.1247019465786874,2.0,1.4951707812420463,1.5195228648379893
28.85,3.0576159690397993,9.84205072929573,-3.1247060741183796,1.0000228712799966,-0.031110276224928058,3.020580940995524,9.96473666821813,-3.118401939067183,1.0000534345729384,-0.021969668915350463,0.030290466283122645,0.1663663780732144,0.15341320957970664,nan,nan,0.9990751660516642,3.123898670089923,2.0,1.5059580185214294,1.5071645717689561
28.900000000000002,3.017616750578187,9.841145966804143,-3.1258663187700884,1.0003077030824032,-0.02777271744161383,2.982025644539703,9.989558329477761,-3.119913625609535,1.00022122132826,-0.04139829743305349,0.03030184674911589,0.15945989296376906,0.14795302191100726,3.0112059254239876,10.260898596746406,0.9991669568849122,3.1239628144432876,2.0,1.5043835132865078,1.5083215106917587
28.950000000000003,2.9575948533236387,9.839901776144192,-3.12731133386031,1.000740843399986,-0.02064204320364819,2.9215949984110914,9.99411082028475,-3.128727248712494,1.0007230319054328,-0.04041762609042809,0.030845679932179276,0.16207077340005338,0.14999673661282578,nan,nan,0.9996382217707893,3.1363718657628774,2.0,1.4774836955097932,1.5384578111569631
29.000000000000004,2.8975447527573968,9.838774801556951,-3.128225169004969,1.0011549909684536,-0.011204286461363207,2.8815662039326826,9.993589467652686,-3.129402930263596,1.0010414730976522,-0.03921695044522388,0.030845147495173253,0.16380246781093136,0.15137088098688858,nan,nan,0.9998750247710119,3.1386480722425865,2.0,1.4614934502960557,1.5547944177548831
29.05,2.8574982476140054,9.838078318659901,-3.1285288045487563,1.0013720748724635,-0.005518853512216957,2.8214995653579806,9.99286685257736,-3.1289948375185435,1.0014214862200186,0.015212734328176065,0.03085074617118127,0.16638358110915732,0.15341312057416193,nan,nan,0.999881499658597,3.1383873983927497,2.0,1.4609474207444129,1.5543789210056416
29.1,2.797413983781667,9.837100570621496,-3.128678966023586,1.0016114880746598,-0.0010816024077579104,2.939892474175048,9.982025895499167,-3.1299298699891995,0.9906424318344539,0.011960883883880162,0.030986590773399974,0.15947425872793308,0.14791354230555198,4.3765634217709,9.836030026134523,0.9998693593405236,3.1380260950011625,2.0,1.4832968296288527,1.5307147499148426
29.150000000000002,2.7573345647277545,9.836485239059453,-3.1286835581239796,1.0024299902391562,0.00040794075666042136,2.880403522169165,9.981328761976082,-3.1299813651397423,0.9936631010537514,0.00022533954267935628,0.030984803099204896,0.16208538858118568,0.1499982704486531,nan,nan,0.9997868047114787,3.1326058432803925,2.0,1.5048941670651976,1.5412514140171825
29.200000000000003,2.717223160689003,9.835890322913135,-3.128627789249143,1.0031020327184095,0.0020542684897558944,2.840940798573951,9.975747104136726,-3.124681950783556,0.9953979186656547,-0.012857277557471741,0.030517944040646942,0.16381758011469558,0.1513304732199037,nan,nan,0.9997806272358016,3.132257305775155,2.0,1.496347473137159,1.5409925621353715
29.250000000000004,2.657019141303441,9.835026247883215,-3.1284327811383386,1.003701187616756,0.003831199036354884,2.7811807842606187,9.974757844215302,-3.124985589104512,0.9974325843619228,0.007840178469906034,0.03051981591760131,0.16640039431758602,0.1533718061153472,nan,nan,0.9995784688146125,3.1294668000067625,2.0,1.500088272481157,1.5306393292218599
29.3,2.6168692962261133,9.834463560500344,-3.1282708646560144,1.003881993508801,0.0040097911725242175,2.759431032149629,10.014327188283849,-3.1267953869726792,0.9970799219614296,0.017470440068240358,0.03075738018040923,0.15949024391724181,0.14787857691938758,2.938523846474539,10.41106499945454,0.9995729078362913,3.12897224577733,2.0,1.505779036464659,1.5189071059350538
29.35,2.5566334429507767,9.833630631783498,-3.1279676811591433,1.0041386513233654,0.0067576603386732504,2.6995818206465367,10.013434661175127,-3.12628361300115,0.9986231174276727,0.018591364115586158,0.030757180443707316,0.16210295283773718,0.14996319805375652,nan,nan,0.9999708627283731,-3.134429181982343,2.0,1.4794716992764247,1.5496002533822983
29.400000000000002,2.516467783421647,9.833076430968307,-3.12762934732073,1.004254245364496,0.009392601971638364,2.65963368854984,10.012817688662984,-3.126863705191509,0.9994104340393499,-0.0232984830795172,0.03075164783470512,0.1638358226849634,0.15133984610153797,nan,nan,0.9999630906186422,-3.1348754240338117,2.0,1.479087670189831,1.5453595188785076
29.450000000000003,2.4562157369484274,9.832238561299658,-3.126909427390637,1.0042899976679618,0.01432990612493475,2.5994301001091276,10.016634917915848,-3.1308396162054843,1.000350501606745,0.008332577114239986,0.03116801884267463,0.16641867560866933,0.15333707176769357,nan,nan,0.9999653874038068,-3.135183897000237,2.0,1.460807989327916,1.561323371526389
29.500000000000004,2.4160484376258498,9.831669671004716,-3.1262525801135777,1.004248623280098,0.017538241551759256,2.4740779268967987,10.023694011840703,-3.1305930874727768,1.0067080295943212,0.011902903694121244,0.031174342600761334,0.15950587096048824,0.14788945374702148,1.7321463928407346,10.110644130311439,0.9999970335131859,-3.133275386424854,2.0,1.463353605067332,1.5561930461766798
29.55,2.3558123350425344,9.830791035140045,-3.1250538275415725,1.0037340122254927,0.02173057572655838,2.4137192967791616,10.022449835548931,-3.1280232248003124,1.0057074319217947,0.04089851747196527,0.031127261709082164,0.162117012314406,0.14993394962083034,nan,nan,0.9999996413924105,-3.1297462018713174,2.0,1.4501599473618483,1.5499995635257933
29.6,2.315678215743682,9.830183367741505,-3.124142579648491,1.003306262403934,0.023059760396819895,2.373501572072409,10.021887213867927,-3.1258850113619223,1.0050605212519725,0.05517366825015522,0.031129722063234392,0.16384819902248077,0.15131046425481848,nan,nan,0.9999972505299817,-3.130368207221668,2.0,1.4679062983510254,1.5349503696000362
29.651000000000003,2.2555040323163684,9.829230588926904,-3.1227490536392986,1.0028311988569683,0.02303992701216869,2.313263488333752,10.019910731200254,-3.123900805156011,1.0042808049179321,0.021495705999068485,0.031036842759288683,0.16642778769485234,0.15330859253430937,nan,nan,0.9999886499240818,-3.130649483502467,2.0,1.4780785825209881,1.526396419268475
29.700000000000003,2.2154016696198027,9.828563136515344,-3.1218246966399232,1.0026061437826033,0.023347773354335015,2.224036247971131,10.03804428795823,-3.1233762879254523,1.007276916990149,0.012070051763665855,0.031047391438522975,0.15951151895891647,0.14786449469359672,1.8049646528702206,10.241063540320154,0.9999700710216212,-3.131637616859896,2.0,1.4700920823348136,1.5363579020761098
29.750000000000004,2.1552677415416164,9.82750558320382,-3.120348139455173,1.0021433570940177,0.026025692544155488,2.1636209175580148,10.037290970075663,-3.1222329169352707,1.0059521135677416,0.03392722092523032,0.031084846368311908,0.16211911642230145,0.1499093734310926,nan,nan,0.9999996772063656,-3.1225728034493243,2.0,1.4489496836886708,1.5483849502030895
29.8,2.115196083290019,9.82675979927944,-3.1192653321647548,1.0018525314527582,0.027439778236869754,2.12339798422071,10.036505444959747,-3.12107570709519,1.0052279717831882,0.03812160456538721,0.03108534141779729,0.16384806914457128,0.15128546319525255,nan,nan,0.999999743377011,-3.122949328827879,2.0,1.46181463852725,1.5391973164872825
29.85,2.05510619917525,9.825575305460493,-3.1175858642911543,1.0015701039027556,0.02822968877700614,2.0628614108940613,10.04224020881727,-3.127014416883272,1.0043555632447805,0.02721580004139478,0.03170806668641187,0.16642465334364615,0.15328409991402797,nan,nan,0.9999974320551022,-3.123341957741917,2.0,1.466774685270245,1.5361296775493294
29.900000000000002,2.015054335745299,9.824738287666923,-3.1164251938257994,1.00146390174727,0.029822675943506904,1.9525737690876073,10.031093870266668,-3.126272282616175,1.0087638845278233,0.02023128793791328,0.03170207323190074,0.15950735965632437,0.14784277506763535,1.3478927202359494,9.92498872634347,0.9999786225924536,-3.1204756886105267,2.0,1.4502961533311851,1.554856113270606
29.950000000000003,1.9549907131702313,9.823405226348283,-3.1145426365086437,1.001064076691079,0.032190369428978724,1.8921938595317507,10.027055789376282,-3.1213317819516053,1.0070098431305252,0.027310930997311963,0.03141631392132108,0.16211265670133976,0.14988819883608434,nan,nan,0.9999998182925224,-3.1256694435280177,2.0,1.449656366834101,1.5420022972934255
30.000000000000004,1.9149661721065536,9.822463339177398,-3.1132440234146435,1.000780370279979,0.03236433344949744,1.8519322479316322,10.026217998922844,-3.119958694906451,1.0060369869737968,0.017979903387343225,0.03141532182595137,0.16384015226865523,0.15126389635415005,nan,nan,0.9999822201102133,-3.1272949929112,2.0,1.4647520942915813,1.5316765280505347
30.05,1.8549461167726227,9.82096660139363,-3.1113150912596277,1.000538264773314,0.03207155808049618,1.791610374882458,10.024863407345002,-3.1175594304384218,1.0048667407470457,0.03033693007193851,0.03141723170778093,0.166414751394472,0.15330841673854648,nan,nan,0.9999720413870604,-3.127436494478677,2.0,1.4645959013327738,1.5343666133460863
30.1,1.8149396710881294,9.819910605325129,-3.1100449942149972,1.0004720703943215,0.031389130326677964,1.7065539980674125,10.095607902520877,-3.1197229379111935,1.0073073198816769,0.023142231479368867,0.031659504368237466,0.1594978064028699,0.14782406847164264,1.3226067185413737,10.830478003300062,0.9999484239353922,-3.12771585775932,2.0,1.399742522974981,1.5903433679281216
30.150000000000002,1.7549412275321092,9.818234623662192,-3.1080474160831066,1.0001626270378179,0.036945913906316394,1.6461661403443915,10.09425792311761,-3.117902362988949,1.0056092434725072,0.03852518807425056,0.0316601495451518,0.16210170995380646,0.14991173776328726,nan,nan,0.9994187967513004,-3.085627203369672,2.0,1.399742522974981,1.5903433679281216
30.200000000000003,1.7149572332776701,9.817051763490834,-3.106428750577687,0.9999512105240994,0.04231820198698945,1.6059414936874687,10.09394222996549,-3.1173891619488883,1.0047779769977059,0.017994465714495894,0.031716377626403024,0.16382847997377276,0.15124501503940319,nan,nan,0.9994387159732622,-3.0843960489205635,2.0,1.4090848103089586,1.58594609170747
30.250000000000004,1.654994439916974,9.81517271226615,-3.103644534033022,0.9997891433880637,0.04942232225183024,1.5456958020933296,10.09241127207616,-3.114149049503368,1.0037746403152903,0.04922811607457046,0.03171933826205716,0.1664023877764242,0.1532887663316819,nan,nan,0.9994143273515494,-3.083162569184705,2.0,1.4006362523144291,1.596425213615779
30.3,1.615024815106035,9.813844024776337,-3.1015778543929216,0.9997648117345201,0.052631976639293775,1.575922398582563,10.099944402095836,-3.1079703927733973,0.9984794453239684,0.07239431657023256,0.0314119178550191,0.15948700935962135,0.1478073757035333,2.222041524735085,10.225932687640404,0.9994793199739316,-3.0818775383221984,2.0,1.4175584978769298,1.5828180092529907
30.35,1.5550658936043673,9.811726960691129,-3.0983348810884945,1.0001290328735306,0.05455925682809195,1.5160394981939496,10.097859844791646,-3.104966746795011,0.9991869536290277,0.03947878739052766,0.03140781366577206,0.16209125580597172,0.14989395896768157,nan,nan,0.999558614965423,-3.078257853046064,2.0,1.4388017479643564,1.5781485099796524
30.400000000000002,1.515078691605743,9.810225795872816,-3.0961243284501796,1.000467438824747,0.0558926419342395,1.4760940075053646,10.096390731558728,-3.1037026560136853,0.999673119211925,0.04828047901995361,0.0314082216034602,0.16381889129656751,0.15127192899464895,nan,nan,0.9996126500035297,-3.0771324152699457,2.0,1.427479152261723,1.5878020563292286
30.450000000000003,1.4550823375657747,9.807829575499316,-3.0926957064638683,1.0008425660189884,0.05784326051805257,1.4164762463874083,10.083800707611314,-3.0891979884599676,1.0002573729319473,0.07725977128325619,0.03052206501594805,0.16639426464524734,0.15327087547647184,nan,nan,0.9996268693362125,-3.076384022427355,2.0,1.430963244549629,1.5829708878332525
30.500000000000004,1.4150776340362188,9.80613255805507,-3.0904108165718256,1.001057684917528,0.055846484874284286,1.2941755276342493,10.00513784802387,-3.085707102580152,1.006431921377663,0.08901391912265039,0.03048110259894557,0.15948122138006457,0.14783355321262673,0.5837640605158189,9.203546130515646,0.9999775694915561,-3.0825001392082996,2.0,1.4739719349426517,1.5410007699041632
30.55,1.3550768707993863,9.80343909591823,-3.0874469197857377,1.0006988504753065,0.04199494322823224,1.2337781285644285,10.005442600703201,-3.0867443234123053,1.0050603510584382,0.042601187896968595,0.0308155824934236,0.16208650453219678,0.14988000894758358,nan,nan,0.9986526881930329,-3.1376226967158214,2.0,1.552099323183789,1.4333653537704165
30.6,1.3151025077155283,9.801551208915402,-3.0860247976667816,1.0002992724518573,0.03231635393683964,1.1936470678851703,10.00321016783802,-3.0840486979462756,1.0041686907281098,0.04826027757588369,0.0308184133712361,0.1638141384501275,0.15125824002205057,nan,nan,0.9987283226096971,-3.137181353637559,2.0,1.5337699643275742,1.4560975013237418
30.650000000000002,1.2551713491702101,9.798588172150389,-3.084494598411722,0.9998666716647244,0.02067935324781444,1.1334922791490145,10.000406784221614,-3.0827534253400413,1.0031578747669627,0.0066185110032348695,0.03087906544764448,0.16638897606245176,0.15325861650721131,nan,nan,0.9984958645070346,-3.138903282346842,2.0,1.5432006870736243,1.4471997439567157
30.700000000000003,1.215233897992255,9.796534895234508,-3.0838260958172374,0.9996488312215686,0.014658925964315223,1.0866950274128813,10.01364818365581,-3.0831041020212058,1.0029613083447462,-0.003545155807010335,0.03088741196815293,0.15947607828980453,0.147822651372665,1.0455625308405962,10.179769969283381,0.9982905115340841,-3.1412337766819984,2.0,1.5328488205096913,1.4586991863133099
30.750000000000004,1.1553443889598953,9.793354937915485,-3.083147406452409,0.9995105468922182,0.009836204125252254,1.0264927168343678,10.013801481644817,-3.087530318684783,1.0022535880169914,0.010793171333824611,0.031227509649224883,0.16208058099640985,0.149869590273421,nan,nan,0.9989454093264882,-3.1290339634602606,2.0,1.5129995013765933,1.4841729717227246
30.8,1.1154220197670282,9.791177662423518,-3.082799047033468,0.9995456895518554,0.008085965845935445,0.9864641811332621,10.011628235756445,-3.087231849520983,1.0019947854934388,-0.0008062498071932113,0.03122651892225794,0.1638080891023725,0.15124723791992048,nan,nan,0.9991752079124128,-3.1281481840364362,2.0,1.5128733108817978,1.4881059291239496
30.85,1.0570594214267508,9.787720730499965,-3.079222443415645,0.9290671465803937,0.15163403007415027,0.929008409754861,10.010708424682134,-3.0888839802466848,0.872444543884945,0.15997368933748823,0.03140546661913541,0.16638385232641692,0.15324480415568423,nan,nan,0.49042681382973446,-2.029014964327706,3.0,-1.9330400878732186,1.3585584877684695
30.900000000000002,1.0219244951970168,9.785543011834607,-3.0692754130547018,0.8529616844343426,0.30082346637515095,0.9170937582288397,9.996122587800679,-3.0816705881450246,0.8020346418256373,0.2966493008950505,0.03139377449600583,0.15947741098140536,0.14780315225779717,1.1329653558814021,9.861228809750344,0.4684703763055761,-2.0056462715643524,3.0,-1.7924163690646993,1.4564531028152354
30.950000000000003,0.9741469478954201,9.782399999219443,-3.0452967571467915,0.7622103452889658,0.4580475739433628,0.8710648231638333,9.988562716974617,-3.0557331709931166,0.7177471168705389,0.4664618944027546,0.0309643668299388,0.162110358711809,0.14983571227472955,nan,nan,0.47050306663289715,-2.000735065605389,3.0,-1.6363969362414696,1.5070348431897207
31.000000000000004,0.9449415358627933,9.780244288513916,-3.0252214337023022,0.7152834508219426,0.5236796033149433,0.842887076887284,9.986005077216461,-3.036312445629018,0.6771826152984538,0.5259982470724371,0.03096427840641859,0.1638754376604237,0.15119967235047096,nan,nan,0.4764541566700633,-1.981554091747607,3.0,-1.4257715580942376,1.572282607440866
31.05,0.9041468509132959,9.776703426770796,-2.991512532169801,0.659924432904295,0.5841199244373055,0.803591132267539,9.981456500539453,-3.0039831035863935,0.6272354196467709,0.5932430786233149,0.0309670314014641,0.1665423930565854,0.15322392347619812,nan,nan,0.48304992536950975,-1.9696507669238466,3.0,-1.3205005851092777,1.6180389134561157
31.1,0.878574825189175,9.774049171335317,-2.967546609871143,0.6319097763650875,0.6068057918767904,0.7356646075296095,9.974920340412355,-2.9753292232163675,0.6082193345507032,0.6198054632673,0.030561270550902585,0.159685949755552,0.14774298007852066,0.3601387610723895,9.99571881091541,0.49658754165794433,-1.9528496467057501,3.0,-1.1635742018014743,1.6850961006184413
31.150000000000002,0.8420812035111495,9.769491442354205,-2.9303874716428844,0.597876629903664,0.6274156226618773,0.7003656880853216,9.968555710462043,-2.9374045634376644,0.5786000580459625,0.6335187415914398,0.030566938380879077,0.16245696804555765,0.14981493431493761,nan,nan,0.4957822385304572,-1.923268229448355,3.0,-1.1362974227427622,1.7044261925617528
31.200000000000003,0.8188016597598606,9.766027868012644,-2.9051149008054225,0.5810440521393233,0.6341966864396233,0.6779578021260658,9.962000931938597,-2.9107293179103935,0.5664367078309044,0.6114503829296878,0.03038702851328055,0.16432325772153594,0.15114979730696207,nan,nan,0.5150155502174788,-1.9076340269098413,3.0,-1.0017783638764775,1.7714009624134348
31.250000000000004,0.7849927566986395,9.760083501668346,-2.86691597516998,0.5637304502629009,0.638527402476422,0.6452714641216087,9.953891693549114,-2.8725328221542363,0.5531426545495232,0.6319325082247721,0.030397266533766298,0.16714797187395622,0.15319264335500307,nan,nan,0.5292244553403377,-1.897619257638311,3.0,-0.9297036015472647,1.8204662729252328
31.3,0.7630072745978252,9.755575027846836,-2.8414041032653157,0.5570211552118028,0.6372494420760548,0.6186232293656196,9.897593998681742,-2.853514227722641,0.5517391152264262,0.6135549489404217,0.03093370298805207,0.16029599561064198,0.147739134905643,0.59250256545753,9.31170930981104,0.5489870501233521,-1.882888342474631,3.0,-0.8056417440902061,1.857745688368793
31.35,0.7305791314358132,9.747907147513803,-2.803317041007864,0.5510235046206786,0.6338591254964514,0.5870762552456252,9.88782004056933,-2.814403582661219,0.5487063985109507,0.6427084239590669,0.03095074131937499,0.16321112165423216,0.14985056768993438,nan,nan,0.5547445758827095,-1.8707738431338858,3.0,-0.7825863648797561,1.8747908297341724
31.400000000000002,0.6986413651702272,9.739101291176244,-2.765537131136168,0.5501806421814768,0.6264434551317127,0.5663187704270257,9.880622751214178,-2.7897458440171596,0.550717695155675,0.5968357493193732,0.03094377870443142,0.16516586830468472,0.15125638964555072,nan,nan,0.5750841862558207,-1.856314305521596,3.0,-0.6650802963753096,1.8950207958763046
31.450000000000003,0.6774967351023,9.732548628341423,-2.7406038386373184,0.552091446375281,0.6219640481585096,0.5355549571352733,9.867045805786171,-2.750153663992805,0.5552968660654349,0.6082560457539042,0.030761400207449763,0.1681046654368354,0.15333491988802128,nan,nan,0.5873517526794714,-1.8467323171862582,3.0,-0.6241214413556678,1.9274505396815376
31.501,0.6458747483418749,9.721637521114076,-2.703594994095553,0.5584186118870763,0.6129070579482218,0.5722164271469315,9.760647822147456,-2.7100031501596895,0.5600184575842568,0.6057618519946497,0.0305398228013544,0.1621540208602788,0.14864673027947248,1.2000511608963107,8.788825644668066,0.6076340075295619,-1.8324354965017766,3.0,-0.5223690961691125,1.944180569700848
31.55,0.6247091767848537,9.7135747314204,-2.6793479009093226,0.5680532570796282,0.6020597031501547,0.5518179393757368,9.75110168131312,-2.685090880241759,0.5720640651024926,0.5984865753314832,0.03054685996986991,0.16413677102738006,0.15011545760761588,nan,nan,0.6444514106609304,-1.854077442286056,3.0,-0.331250987647836,1.992271766723144
31.601000000000003,0.6033665293901874,9.704806350443478,-2.6555281001640285,0.5791205833961908,0.5914544893089873,0.5312171434347802,9.740834481191179,-2.661801288910649,0.5852938307378276,0.5719340353639631,0.03054609951364778,0.1661139739831977,0.15158995225146565,nan,nan,0.6636688416409884,-1.8400074030427431,3.0,-0.2546884003179588,2.0017727710139015
31.650000000000002,0.5710140295482573,9.690298139663684,-2.620505711450468,0.5959685601623895,0.5787573458829228,0.5000621989534845,9.723194403720314,-2.6257095732531517,0.6038947229186289,0.5771935603599456,0.030449695585565158,0.1690588350891887,0.15378758701825448,nan,nan,0.6738488826409869,-1.8304106105885927,3.0,-0.22842492287353888,2.008199883801459
31.701,0.5383162551140251,9.674163665686846,-2.5861799671086128,0.6128045590215894,0.5671046795375909,0.565770393609153,9.719069264525803,-2.6034472275667073,0.6058722203614676,0.5429399112657511,0.03044279967698277,0.16195287231324168,0.1484026932783961,1.322951415607644,9.776193461468406,0.6895670101146579,-1.8158042598033268,3.0,-0.1669859969087959,2.0009750951527225
31.750000000000004,0.5162481251655947,9.662469743769977,-2.563769125326308,0.6286315512317642,0.5559508233423948,0.5348358289911813,9.69754429531951,-2.565735058431169,0.6307435030994566,0.5235510301868083,0.03015510179889053,0.1648775273773742,0.15070636836470222,nan,nan,0.7269209605456256,-1.8464784629160216,3.0,0.02639666129662288,2.0629510262360786
31.8,0.49391342920464,9.64991410644994,-2.541783698518889,0.6446836828147335,0.5455566203266942,0.5136019159381151,9.683587912449024,-2.5433087381699115,0.6486018090759743,0.5293618979061484,0.030163762555501017,0.1668031228852199,0.15226767987618056,nan,nan,0.7427453473968597,-1.832099959726663,3.0,0.07404007168634175,2.056104543650413
31.85,0.46000393039286336,9.629503539461071,-2.5095142897980596,0.6668782534497248,0.5322199033924598,0.48145749398816223,9.66024718779941,-2.5102257694013623,0.6726298725981797,0.520954120989661,0.030067873256694855,0.16964564896248302,0.15460201032495527,nan,nan,0.7510514557899357,-1.8221655780212451,3.0,0.09989596376156162,2.039835925882642
31.900000000000002,0.43720145875687144,9.614885097102967,-2.488414245068113,0.680365673814804,0.5241650881622208,0.3115298200735737,9.596468743930142,-2.489853527260158,0.7068873801075025,0.5206286676412977,0.03006895649235745,0.16236587933394725,0.14918228214858756,-0.9266393207538646,9.188590575147584,0.7627796761359869,-1.8070302507675615,3.0,0.13087695084644346,2.023700209956117
31.951,0.4030213787357931,9.591582141338764,-2.4570664448499526,0.6898023515891973,0.5236210286510123,0.2776222556278686,9.571220937515166,-2.4612002744445753,0.7136684868772994,0.4852022905109794,0.030196422640377835,0.16514985219923708,0.1516119694011851,nan,nan,0.7217049856018793,-1.725319504523799,3.0,-0.15540093692509083,1.921698197170948
32.0,0.3805175667259853,9.575396857943531,-2.4360241815642545,0.692227475911312,0.5264025595516769,0.25551439812170107,9.5531396366147,-2.4389656746190083,0.7154847682085984,0.5437139404306899,0.03021478174755201,0.16697099755781517,0.1532499529612478,nan,nan,0.730000110664283,-1.7087260602020151,3.0,-0.13261281914447665,1.93664799117442
32.050000000000004,0.3472078564158476,9.55013497778543,-2.4043800053666584,0.6971649054942904,0.5258422708414461,0.22324714654969938,9.524252235008582,-2.4057861276995673,0.7191260125915498,0.526095596811928,0.030116643881133158,0.16964204097046812,0.1556962592597875,nan,nan,0.7377260576721363,-1.6978651743511881,3.0,-0.0675245093605299,1.9208058390983795
32.1,0.32529248806946176,9.532600083154525,-2.3833876246280847,0.7016696502689911,0.5231956155046158,0.2600844181691935,9.557816647399816,-2.3850975834783505,0.7140079161670927,0.5024545318677263,0.030126270542789914,0.16224215598562766,0.15018304932626175,0.7362453293138771,10.07142465006097,0.7492771649760652,-1.6819597320799602,3.0,-0.01309002920657365,1.9375126802027056
32.15,0.29276725963642486,9.505147483157796,-2.352208102716798,0.7129755297013614,0.5155295357692381,0.22912324656428976,9.527925835833212,-2.3533686352372314,0.7260280999075066,0.4673301739152681,0.03012699771500975,0.1648535930351256,0.1527289740649976,nan,nan,0.7744286982683958,-1.700112838225097,3.0,0.13353028988626725,1.9865209001518478
32.2,0.27126054986642045,9.485963157834387,-2.3317201703636017,0.7221393576982363,0.5098411573448229,0.20900053507556948,9.506353286919202,-2.3319499720881773,0.7356464378807229,0.5005246354406685,0.030025661106694267,0.16655596647143847,0.15441425534501604,nan,nan,0.7847473302230157,-1.6848606772040335,3.0,0.1643592601823438,1.9960189951497225
32.25,0.23929883994383,9.455873463351276,-2.3014132097337314,0.7352679019656782,0.5008681218134337,0.17868380553322688,9.473907619498586,-2.3024786482205437,0.7489311970449288,0.4853605664094777,0.03002841527600113,0.16905850777587958,0.15697545707972244,nan,nan,0.7918089099329407,-1.6749186758209729,3.0,0.20708472925986587,1.9777589097089447
32.300000000000004,0.21821856335493806,9.43496609707574,-2.281519096261632,0.7436317815358622,0.4947649292109462,0.15860658909339037,9.451705969958693,-2.282579563667562,0.7575253654964159,0.4994224864479513,0.030071403676815708,0.17068649270812747,0.15866725394459108,0.5575374132096647,8.87731771144067,0.8005541266167912,-1.6599016532442987,3.0,0.2354799812384989,1.9749225130396517
32.35,0.18699156226192673,9.40237275422052,-2.2521120744849323,0.755438381521471,0.4861725349023078,0.1664319781735632,9.367231140524092,-2.2527721054216605,0.769870290997999,0.46557424097287686,0.030049562785904104,0.16394058242270787,0.15380992875747757,nan,nan,0.8064660621048761,-1.649933999382073,3.0,0.2656586306879456,1.9640573343860521
