t,gt_x,gt_y,gt_psi,gt_u,gt_r,kf_x,kf_y,kf_psi,kf_u,kf_r,kf_bias,kf_sx,kf_sy,kf_spsi,gps_x,gps_y,gps_nis,u_ref,psi_ref,wp,xte,seg_ax,seg_ay,seg_bx,seg_by,thrust_l,thrust_r
0.9700000000000001,-2.796790079378934e-05,1.9879808925237605e-20,-6.057069004122463e-21,0.0,0.0,-0.17034293979123996,0.2890681169223029,0.0033346619480840722,-0.04687137415109778,0.03207202217338761,-0.008187865849794855,0.29083332195874123,0.2807272962018065,0.02869109661671098,-0.6244004142339473,-0.15694973598342388,2.400693977675691,0.9993250229389528,0.03937035927549474,0.0,0.31656294195487183,0.0,0.0,1.913417161825449,0.3806023374435661,3.078596676817844,3.135931331069418
1.06,-2.796790079378934e-05,1.9879808925237605e-20,-6.057069004122463e-21,0.0,0.0,-0.17220446732207254,0.28906086355801835,0.004095553171887367,0.03483418743717372,0.01764627154801921,-0.008668834866624594,0.2940810046782907,0.2814388104893565,0.0305278928966404,nan,nan,nan,0.9993539977208489,0.039281062165430466,0.0,0.3167460130883216,0.0,0.0,1.913417161825449,0.3806023374435661,3.078596676817844,3.1615051616211747
1.1,-2.9983707745604074e-05,-5.878389366606128e-20,-5.662714935445478e-20,0.0,0.0,-0.22353179019490202,0.3103099344610202,0.024072127973532087,0.32442493736178274,0.057485062345222125,-0.02181212092774567,0.25848917069185157,0.24636485294621677,0.02515196004776829,-0.4054362690468393,0.3761219135897964,0.19273954106633528,0.99942082938148,0.03938633789412631,0.0,0.3165301841750203,0.0,0.0,1.913417161825449,0.3806023374435661,2.760288245193171,2.840417037194619
1.1600000000000001,-3.09977109575707e-05,-1.335675916185684e-19,-5.101766723045553e-20,0.0,0.0,-0.21704517867728895,0.3104664281972073,0.025193847458997,0.39021425258084663,0.052188989268282325,-0.031704440299133635,0.2601967557152237,0.24677057917047734,0.02589197632175264,nan,nan,nan,0.9999999997261855,0.024095529450943384,0.0,0.3479563050122248,0.0,0.0,1.913417161825449,0.3806023374435661,2.647052995562281,2.6025481883021087
1.226,-3.2012256961823684e-05,-2.0971151525935047e-19,-1.8303095727091337e-20,0.0,0.0,-0.20924345791982576,0.31066667382442936,0.02602906716997433,0.44936818314244326,0.02871695384916685,-0.03214358757208804,0.2619307889751826,0.24717587661645915,0.026643694231235675,nan,nan,nan,0.9999998439786506,0.024635239629743688,0.0,0.3468443166353878,0.0,0.0,1.913417161825449,0.3806023374435661,2.562370417296883,2.5203508544999753
1.2550000000000001,0.00600952557026927,-0.0002230783985627502,0.0002579760229491315,0.1858894906518501,0.005464960642377595,-0.1790124688652529,0.31023486020376934,0.0028102891442984834,0.6059147102893315,0.03071111753594625,0.002891398659496207,0.2671997980456967,0.24838901233778146,0.025420972494053676,-0.3141121573839751,-0.0007474766822030907,0.3670390774114844,0.999673893478792,0.02834944523816209,0.0,0.33919738455163523,0.0,0.0,1.913417161825449,0.3806023374435661,2.2132640641224555,2.2669679791700377
1.3,0.016316881224365906,-0.00019307552067933772,0.0005349308356109795,0.29778900194492025,0.006278568348521028,-0.18429483715623307,0.24927357459052302,0.013259067509181488,0.6786496993616858,0.0495873984914115,-0.008321354902824749,0.2389459001452138,0.22335156679782447,0.02382828609882112,nan,nan,nan,0.999673893478792,0.02834944523816209,0.0,0.33919738455163523,0.0,0.0,1.913417161825449,0.3806023374435661,2.2132640641224555,2.2669679791700377
1.352,0.03935701778365539,-7.04913531875224e-05,0.0011324753870953926,0.4419554107134346,0.011509843358529937,-0.14142639977830987,0.24988694436388403,0.016207916321052895,0.7801322854374002,0.04396390085777851,-0.008307887044590154,0.24379283737632115,0.22469987999251181,0.025851662317579238,nan,nan,nan,0.9990418197065034,0.05703881969790019,0.0,0.28043799187860113,0.0,0.0,1.913417161825449,0.3806023374435661,2.089614619676362,2.1833770957660237
1.4000000000000001,0.07014126939962281,6.66851902293343e-05,0.0020548594831856807,0.56008532146041,0.017485626467910336,-0.10971041153708878,0.2503895656192397,0.018564956222679285,0.8302140729841869,0.06820316912295368,-0.007806202509575883,0.24690738501498746,0.22559881394479273,0.027239770508295902,nan,nan,nan,0.9990038496027909,0.06084681924422037,0.0,0.27267635867137063,0.0,0.0,1.913417161825449,0.3806023374435661,1.9389494037884718,2.0402345192176177
1.451,0.0942452328968727,0.0001516185098725567,0.0028373759755334705,0.6268181812760617,0.02046645363561949,-0.05858192770493867,0.25081528249316826,0.01693651697113951,0.8917500408007502,0.026223880579327535,-0.004181044329809691,0.2513363789157805,0.2269384573733474,0.025611269283786035,-0.2313952733248243,0.43137401666774594,0.2035805029897306,0.9988103128374994,0.06572018493403171,0.0,0.2574247043097595,0.0,0.0,1.913417161825449,0.3806023374435661,1.7638623403052711,1.8927123859714272
1.5010000000000001,0.13486202845546824,0.0002795679723260264,0.004215833501447614,0.7099180654913047,0.02544757457632359,-0.05770362705386496,0.28222333943028677,0.019067685378406644,0.9152876602846892,0.05209761850672651,-0.0038729339843279914,0.22722630619552647,0.20763182670238875,0.026862558456222745,nan,nan,nan,0.9988103128374994,0.06572018493403171,0.0,0.2574247043097595,0.0,0.0,1.913417161825449,0.3806023374435661,1.7638623403052711,1.8927123859714272
1.5510000000000002,0.1644476844693696,0.000373726658410506,0.0052538401844470775,0.7566254534607733,0.025739015577889233,-0.0020026646597450792,0.28350978045300507,0.023706138669128855,0.9527981164109841,0.04204274204810527,-0.004612051130969624,0.23099924038048492,0.20909021696862093,0.025234616268492712,nan,nan,nan,0.9996371273780514,0.05064661268731881,0.0,0.2784529200120189,0.0,0.0,1.913417161825449,0.3806023374435661,1.717676754771227,1.7689195453312336
1.6,0.19574321206700432,0.00048446642085047303,0.006263534717402326,0.7967492043439149,0.024975213254800545,0.03628498169439051,0.28441192559863193,0.02597364477293418,0.9708663362127724,0.053686343827224335,-0.00438229345171767,0.23336142201070173,0.21007039965003213,0.02642361789605761,nan,nan,nan,0.9996371273780514,0.05064661268731881,0.0,0.2784529200120189,0.0,0.0,1.913417161825449,0.3806023374435661,1.717676754771227,1.7689195453312336
1.6500000000000001,0.24535397638893316,0.0006938631954102882,0.00771643723826727,0.8467229486843534,0.023469103091593342,0.09499911283470155,0.2851660303717954,0.026002610738258713,0.9925829860261001,0.04737296684788166,-0.0012519200051316975,0.2366815924602743,0.21151431551483127,0.02483063929699018,0.26231806760748333,0.007568655004620037,nan,0.9996818702395657,0.051198498771433384,0.0,0.271868181435169,0.0,0.0,1.913417161825449,0.3806023374435661,1.6985785008664671,1.7356117984840915
1.701,0.29759244038166854,0.0009707289704915723,0.009092428447285205,0.8863329087429751,0.02261726378648985,0.16549821801293974,0.24413992163560874,0.028090309357925225,1.0062356298487327,0.03844510900381635,-0.001129969574494325,0.2159745890401806,0.19585625822545588,0.025902389879935418,nan,nan,0.352973509988027,0.9996506836421993,0.052435041450606984,0.0,0.261153237545509,0.0,0.0,1.913417161825449,0.3806023374435661,1.6615866149967138,1.707557668646483
1.752,0.3335899764735583,0.00119962699900635,0.010077296851229847,0.9076784973189265,0.026043673474166827,0.2260738271573927,0.24670990616372537,0.03442277076989342,1.01734008712519,0.08158203169653247,-0.003489415014821689,0.21889062682874857,0.1974055304563596,0.02436384073738387,nan,nan,nan,0.9989983337892436,0.07918510935872726,0.0,0.19786462875548982,0.0,0.0,1.913417161825449,0.3806023374435661,1.6069128252941909,1.6814522042150346
1.8,0.3703650506928161,0.0014668959660795074,0.01118064341907197,0.9259796363113024,0.027853952224348454,0.2667921929957439,0.248242927196719,0.0356668007899712,1.0223904341965229,0.014202929515718263,-0.004074840706414993,0.2207367686796105,0.19845474377908576,0.025361966114932064,nan,nan,nan,0.9989983337892436,0.07918510935872726,0.0,0.19786462875548982,0.0,0.0,1.913417161825449,0.3806023374435661,1.6069128252941909,1.6814522042150346
1.852,0.4267445364963864,0.0019437730802708449,0.012937869726213724,0.9487534035716971,0.03111868549420508,0.3283963324815784,0.24359407477655562,0.020806962446628496,1.0283737297364484,0.05753433247920242,0.013107066778384979,0.2233747510990056,0.1999825366310985,0.023940426040214575,0.006383741467232473,-0.2510689688880974,1.1891274549498176,0.9990081251807795,0.08020978748552947,0.0,0.19142443411582405,0.0,0.0,1.913417161825449,0.3806023374435661,1.5719465650425106,1.7001765998951353
1.901,0.48431814746485313,0.0025237362671570148,0.015010174145739436,0.9666828524188388,0.03714966421957858,0.3156226578024086,0.17615457246878485,0.02259849349811205,1.0266639169985823,0.04406036232912587,0.013274860327057738,0.20564841957370203,0.1867964462992904,0.024865339479969797,nan,nan,nan,0.9978609977306095,0.08622508317429486,0.0,0.17484653668154293,0.0,0.0,1.913417161825449,0.3806023374435661,1.5433166546804415,1.7001611504658787
1.9500000000000002,0.5232277801683007,0.0029751571753010592,0.016709906437459496,0.9762362643015429,0.04644931775392718,0.37728260561631605,0.1775909539078058,0.02594489255093313,1.0300454679295907,0.06586189853530172,0.013376936666462422,0.20811757856929353,0.18846996035925911,0.02627268767325314,nan,nan,nan,0.9945274934265091,0.1272646796182644,0.0,0.11119488580685019,0.0,0.0,1.913417161825449,0.3806023374435661,1.4669843018996649,1.7533988318438238
2.0020000000000002,0.5822206473816596,0.0037639586559357167,0.019967849810094494,0.9879373105302524,0.059201128167459385,0.4185894190404566,0.17414445364959685,0.01690481891933615,1.0314454331562501,0.056042169851044474,0.02258204227415906,0.20971411359602266,0.1895210019996983,0.024117946553827194,nan,nan,nan,0.9944451974327537,0.1313958559145654,0.0,0.10057440850477349,0.0,0.0,1.913417161825449,0.3806023374435661,1.4677098860695064,1.7400920284127999
2.052,0.6218927187163188,0.004374738810377221,0.022557681372983415,0.9941150310466501,0.06825275645379611,0.4804974420893809,0.17528548412217695,0.02016850070581455,1.0327256374384541,0.05504737176602208,0.02248677098138325,0.21204279345022364,0.19117824102888728,0.025421380624951275,0.5953006085636481,-0.022576273925644257,0.1813661187814322,0.9927676701007638,0.13724653668714512,0.0,0.08913557225024052,0.0,0.0,1.913417161825449,0.3806023374435661,1.431088603920574,1.7572022096014814
2.101,0.6818038172225876,0.005440916378754323,0.027102325997367938,1.0016365256632402,0.08073840857870175,0.5391409770848823,0.15729791059419646,0.03869325582216376,1.034084633025084,0.10153927856955137,0.010614679324807008,0.1967658062048218,0.17968246795431964,0.0234595111741326,nan,nan,nan,0.99254914547184,0.14231697998402904,0.0,0.0781770219902421,0.0,0.0,1.913417161825449,0.3806023374435661,1.4235741914238274,1.757125404896752
2.152,0.7219658895546935,0.006265634133490745,0.030473025922138453,1.0056996515174368,0.08604637303632079,0.6012879925140769,0.15392650961113946,0.031046405510875008,1.0342135167439297,0.1003531996507283,0.020671338179781108,0.1990564534420044,0.18136622973575783,0.022205223229989184,nan,nan,nan,0.9925199700395275,0.16108094921741148,0.0,0.04909428851739156,0.0,0.0,1.913417161825449,0.3806023374435661,1.3999040666084352,1.7534473580411059
2.202,0.7824629442682319,0.00769977572010227,0.03595072939290247,1.0102718805133315,0.09553635349176647,0.6426305480482977,0.15523277409741237,0.035410850113243075,1.0337099229693651,0.11384464008381538,0.020736476771453034,0.20056031606908067,0.18251677844761893,0.023007390705954655,nan,nan,nan,0.9902132931941335,0.17106577466974612,0.0,0.0336633868064494,0.0,0.0,1.913417161825449,0.3806023374435661,1.3999040666084352,1.7534473580411059
2.25,0.8229233024120205,0.008802100084342141,0.0399205763400811,1.0127069248632223,0.10123521052235529,0.7045952154291136,0.1575922265294298,0.04080105477822382,1.0330543798081568,0.09191300297028805,0.020591959806150334,0.20278376387048827,0.18424080688372738,0.024145739922179065,0.23515534995163023,0.08884004635151252,0.7766571340054096,0.9902005450475196,0.1755215334652469,0.0,0.026879019314758584,0.0,0.0,1.913417161825449,0.3806023374435661,1.404080031389818,1.7485052198889368
2.3000000000000003,0.863469224039827,0.010033220870249727,0.044103839355163627,1.014797191538687,0.10670984924653823,0.679191685659266,0.158110477838182,0.05994085105930492,1.0292915960414366,0.08600384911093553,0.009807460318592648,0.18942528978634632,0.1740238079011397,0.022446853178100235,nan,nan,nan,0.9899867762013841,0.1824342383114528,0.0,0.01710442861694722,0.0,0.0,1.913417161825449,0.3806023374435661,1.391371244955479,1.7593255755244281
2.35,0.9244364415651158,0.012142656341919293,0.050715551240322856,1.0181274479737974,0.11137896838585164,0.7408413310779504,0.16189755871348974,0.06776263175171905,1.0302236251300225,0.12323414744551821,0.010004469248287908,0.19167245324047286,0.17582666404922215,0.023516200040411418,nan,nan,nan,0.992997480119794,0.1783529089166041,0.0,0.02256870467526695,0.0,0.0,1.913417161825449,0.3806023374435661,1.4399756206958576,1.7441780179030715
2.4010000000000002,0.9855938136478637,0.014595099447639773,0.05741801624894714,1.0212326452041753,0.11146841574714603,0.7818984178878189,0.1664176332777928,0.07616040654033719,1.030932338166583,0.1322260197179974,0.007869492820006338,0.19315966217868916,0.1769473855532579,0.021878203360372838,nan,nan,nan,0.9938551483804621,0.18707618677377952,0.0,0.010679150988766234,0.0,0.0,1.913417161825449,0.3806023374435661,1.4676770603592666,1.7146883968426496
2.45,1.026450904586029,0.016431727205271626,0.061852188610210315,1.022979165210825,0.11031364973479141,0.8435806267605187,0.1712777327840575,0.08522003149957992,1.0318582032467687,0.1317074670743298,0.007958529814250225,0.19537363540576952,0.17872680000854527,0.022884546218897486,nan,nan,nan,0.9941737377090006,0.1932193708757925,0.0,0.0034122630541645604,0.0,0.0,1.913417161825449,0.3806023374435661,1.4702439380770518,1.7100007874974417
2.504,1.087839125490049,0.01950080991354615,0.06840304204511864,1.0251502826836212,0.10835773629859793,0.9369977397261601,0.15481725238995997,0.08767175780497904,1.0340029645309448,0.11794245357303441,0.01111590773801863,0.18407487858421262,0.16996347653152347,0.02175236117479525,1.1012700811939222,0.0023985253662266986,0.2982759211778844,0.9903319094951303,0.22438154148786202,0.0,-0.02866340513990545,0.0,0.0,1.913417161825449,0.3806023374435661,1.3998069369605592,1.7415404074139342
2.551,1.128800551136567,0.021762298115162164,0.07281943688806719,1.0255481274029161,0.1120919321189335,0.9781900154792011,0.1584360499606518,0.09216468507387088,1.033225125048854,0.13936156737499353,0.011187148212652343,0.18557972390711344,0.17119838886181285,0.022374768351196225,nan,nan,nan,0.9903319094951303,0.22438154148786202,0.0,-0.02866340513990545,0.0,0.0,1.913417161825449,0.3806023374435661,1.3998069369605592,1.7415404074139342
2.601,1.1899991833736492,0.025489436817762494,0.08060428768349355,1.0168216864608413,0.14943575446276858,1.0191748503225775,0.1635252962043868,0.09906923540307133,1.0236695813638754,0.13105079108345893,0.009766207263346911,0.18707978319354268,0.17235158197444045,0.020964066688856395,nan,nan,nan,0.9457201921350602,0.4231574090494762,1.0,0.3348598467017281,1.913417161825449,0.3806023374435661,3.5355339059327373,1.4644660940672622,0.940235845145085,1.8475511641062723
2.6500000000000004,1.230409109753407,0.028187367145563996,0.08730700656384069,1.009822502828317,0.17770385234808103,1.080028397751854,0.16973966225880446,0.10989649223023079,1.0120667542820383,0.19676482652297295,0.009874792819877368,0.1893201031819412,0.17417793880226007,0.02186707229767497,nan,nan,nan,0.9450273788431895,0.43218723995249636,1.0,0.3163214460587141,1.913417161825449,0.3806023374435661,3.5355339059327373,1.4644660940672622,0.9417297225769579,1.8654006843383262
2.701,1.2905501134431072,0.03260110832582254,0.09911513546450623,1.0016384033159724,0.20846755175641735,1.0668260221912957,0.11799006858281325,0.12140895013236852,1.0032696570745125,0.24537429344934256,0.008148117566432458,0.17842654061278282,0.16556125585468293,0.020545398615133523,0.6808654509502412,-0.3602124049989196,1.6231250351997115,0.94398476236157,0.44618846006799917,1.0,0.2876800830673342,1.913417161825449,0.3806023374435661,3.5355339059327373,1.4644660940672622,0.9858147840732152,1.8523790846941455
2.75,1.3303846704291173,0.03582554524166697,0.10783114664442225,0.99726404372158,0.22305968963122189,1.1264100899870753,0.12554648231116003,0.13475587623992788,0.9967692352638113,0.24064932247316756,0.008096628892278612,0.18072325929251765,0.16745586802158047,0.0214584361551646,nan,nan,nan,0.9420248970974764,0.4769374467518339,1.0,0.22516650930688442,1.913417161825449,0.3806023374435661,3.5355339059327373,1.4644660940672622,0.9909467732490206,1.864337410394553
2.8000000000000003,1.389812862459698,0.0411479321594779,0.12184494316108922,0.9920807703113328,0.24046687830017355,1.165877969991938,0.13093486999954074,0.1448670699382033,0.9935375060529417,0.27022119696519603,0.008202395728878962,0.18225238997359441,0.16871444830055554,0.02203238073712951,nan,nan,nan,0.9420248970974764,0.4769374467518339,1.0,0.22516650930688442,1.913417161825449,0.3806023374435661,3.5355339059327373,1.4644660940672622,0.9909467732490206,1.864337410394553
2.85,1.4292501115015483,0.045054272494330826,0.13167974831811705,0.9893991409839289,0.2487257436391747,1.2260709874073468,0.1229443396973171,0.13301443506013302,0.9897096604260122,0.22348818363261916,0.022659983836668143,0.18454206791312905,0.17050082777219425,0.0209796877793066,nan,nan,nan,0.9425234030591741,0.4855598591115557,1.0,0.20771961063798683,1.913417161825449,0.3806023374435661,3.5355339059327373,1.4644660940672622,1.0088139428353875,1.8574876642633686
2.9000000000000004,1.4685408162818236,0.04927219373597975,0.1418697482603591,0.9859712853414841,0.25959995813838127,1.3225892588240875,0.06447009368376122,0.14306367552696783,0.98840484027912,0.2645598920714495,0.023066213033051938,0.1745376466495615,0.16255141117808874,0.021520872153517504,1.7231217231219467,-0.4854389204840992,2.1394791539748463,0.9314522341125321,0.5054269404633573,1.0,0.16763427879387355,1.913417161825449,0.3806023374435661,3.5355339059327373,1.4644660940672622,0.9020749946387864,1.8870184004764776
2.951,1.5270689919386824,0.05620500775232435,0.15814824099999628,0.9780022995821225,0.28042466609026,1.3815631525058583,0.06784149365909721,0.1520439737022454,0.9797914918626818,0.28477445113965993,0.027755286058946,0.17688743767539636,0.16441001243655873,0.02050094771337339,nan,nan,nan,0.9158001918662612,0.5563642452923924,1.0,0.06539204158965073,1.913417161825449,0.3806023374435661,3.5355339059327373,1.4644660940672622,0.7950298351287193,1.8739130729996012
3.0,1.5849735471981388,0.06388787666299574,0.17564339334699128,0.9695552867860849,0.29874000866419625,1.4202281959183174,0.07387265931800632,0.16320621761444842,0.9740869388877794,0.28905365937762195,0.02775494377185908,0.1784527617349929,0.16569064591697605,0.021024320424342952,nan,nan,nan,0.9133778363196764,0.5713349163064013,1.0,0.035431118365205516,1.913417161825449,0.3806023374435661,3.5355339059327373,1.4644660940672622,0.7940176953855316,1.8788933139440802
3.0500000000000003,1.6232689462207168,0.06945924466495076,0.18782561272125195,0.9652368006642493,0.30772167616764406,1.478109244455385,0.07949692182668576,0.17484779962143548,0.9674053444177765,0.29686234610066736,0.030986306921639967,0.18079490731276876,0.16751489307048767,0.020086014200884315,nan,nan,nan,0.9145669993436851,0.5795665556550748,1.0,0.018964702158978164,1.913417161825449,0.3806023374435661,3.5355339059327373,1.4644660940672622,0.8096643652660748,1.8864884069240713
3.1020000000000003,1.6803194200795883,0.0785445744791059,0.20666998220766608,0.9600215716142035,0.318210534430235,1.5161608129570288,0.086335750229987,0.18712087928285115,0.9640812952935541,0.2973435909580781,0.030997833376503497,0.1823517029678205,0.16877590373099213,0.02058790100489771,1.3795318213797008,0.008685557099890343,0.08748294939072238,0.9137163211402072,0.5933065378644212,1.0,-0.00851588209659998,1.913417161825449,0.3806023374435661,3.5355339059327373,1.4644660940672622,0.8129714749061303,1.8940283551751989
3.1500000000000004,1.7181208217393587,0.08511278303039048,0.21952928201221492,0.9575034125137719,0.3232514384492337,1.5567722325114628,0.08855274507467596,0.20408915947602146,0.959508176122893,0.3005031960278029,0.03165386088516519,0.17370890728225763,0.16180829119556708,0.019786801741959268,nan,nan,nan,0.9155543967674763,0.6010330101977384,1.0,-0.02396992287472302,1.913417161825449,0.3806023374435661,3.5355339059327373,1.4644660940672622,0.8287257135866508,1.8998968972946442
3.2,1.7557652126278704,0.0921102552239014,0.23255035022304524,0.9558581087395904,0.32664475790119585,1.594325283287936,0.09641081246084823,0.21693926793402388,0.9584941141508196,0.31860242710608355,0.031723904910674824,0.17530460407919404,0.16311168649552765,0.020251172919899085,nan,nan,nan,0.9181936156852222,0.6113894323799928,1.0,-0.04468905485584651,1.913417161825449,0.3806023374435661,3.5355339059327373,1.4644660940672622,0.8538157562917805,1.9066966846402857
3.25,1.8119873950590257,0.10344618050713507,0.25224880765968316,0.9545449339104835,0.3289624879827004,1.6503909964088812,0.10908634124630644,0.23651847166557124,0.9576606825343703,0.3179049355343766,0.031793896992403245,0.17769031326515494,0.16497794809754315,0.019425095459586633,nan,nan,nan,0.9240233759534939,0.6288415016238794,1.0,-0.07962779208133977,1.913417161825449,0.3806023374435661,3.5355339059327373,1.4644660940672622,0.9026506292306451,1.9046177687104306
3.3000000000000003,1.8493242299945147,0.11157961783389815,0.26541257807602137,0.9543906772219053,0.32895566910332874,1.6876072137536753,0.11817389602180896,0.24912188680472447,0.9580476252814241,0.3105539335535062,0.03180347544802168,0.17927486799547415,0.1662639040589947,0.01988976712309161,2.108716690433497,-0.4596793909923479,1.8334018260076688,0.9240233759534939,0.6288415016238794,1.0,-0.07962779208133977,1.913417161825449,0.3806023374435661,3.5355339059327373,1.4644660940672622,0.9026506292306451,1.9046177687104306
3.35,1.9051428465317768,0.12466945299064226,0.2851280073917173,0.954829806485549,0.3282371525723386,1.7902076568825855,0.07900238636733903,0.27281766409494157,0.9608144046256336,0.32594652090189913,0.02969041378623124,0.1711862259583851,0.15970787876118664,0.019071962445454643,nan,nan,nan,0.9263216558522356,0.6353894167085459,1.0,-0.09274798897773001,1.913417161825449,0.3806023374435661,3.5355339059327373,1.4644660940672622,0.9143377481040161,1.907881864304076
3.4000000000000004,1.942213140460567,0.13399378088809216,0.29827875794680025,0.9541872098458946,0.32956352519217735,1.8271638593839514,0.08951360316963225,0.28507589992495275,0.9593713713473979,0.288740184933974,0.029624170893652307,0.17280339455695717,0.16103750330336244,0.019520837116019107,nan,nan,nan,0.9182572814383853,0.6799571884801757,1.0,-0.18231966102048064,1.913417161825449,0.3806023374435661,3.5355339059327373,1.4644660940672622,0.850932872589418,1.8988502975988548
3.454,1.9975056970815663,0.14885245935750194,0.3181829105795262,0.952784836714032,0.33322515080992265,1.881385395430853,0.11138641306303669,0.31244641929346617,0.958075257215818,0.3141566770790848,0.026279316663446833,0.17521537337396875,0.16295067927057422,0.01888237641805307,nan,nan,nan,0.928937201128109,0.6917109064469562,1.0,-0.20604896435047496,1.913417161825449,0.3806023374435661,3.5355339059327373,1.4644660940672622,0.9276327099496465,1.9091567983776088
3.5,2.0524883078466,0.1647853450903692,0.33816795380109166,0.9536725627635425,0.33174965363449826,1.917826495235523,0.12327865801088726,0.32526986065467467,0.9591545173210986,0.30872165635486615,0.02629721950675886,0.17681451454399916,0.1642654296938469,0.019294653216907452,nan,nan,nan,0.928937201128109,0.6917109064469562,1.0,-0.20604896435047496,1.913417161825449,0.3806023374435661,3.5355339059327373,1.4644660940672622,0.9276327099496465,1.9091567983776088
3.5500000000000003,2.0890181673452917,0.1760261850015961,0.3513809902714708,0.9549767549065329,0.3293732665647487,1.9958722121776709,0.06496164237394139,0.3419805678289656,0.9611140274704018,0.35211930381151385,0.028008853744662953,0.1689915128886961,0.15792081841850808,0.018557104281820006,2.153800308342174,-0.63808868407185,2.2953473899788865,0.9317611176773181,0.6968325423033201,1.0,-0.21640651436424985,1.913417161825449,0.3806023374435661,3.5355339059327373,1.4644660940672622,0.9437521612339456,1.9102344765432355
3.6,2.125428361510663,0.1877607920868465,0.36453260175587,0.9551049494574873,0.32892165694036063,2.032035367749154,0.07798178069496209,0.3547167162514695,0.9599840335851123,0.32486995321746026,0.027973558833851747,0.17061633024268022,0.15927974689577037,0.01897634824962303,nan,nan,nan,0.9242315656914052,0.7464948670251079,1.0,-0.317520541299942,1.913417161825449,0.3806023374435661,3.5355339059327373,1.4644660940672622,0.8837561894240183,1.905883979315412
3.6510000000000002,2.1796947192068945,0.20623826194507225,0.3843326588313692,0.9541564870469832,0.3304794641506302,2.085785086097536,0.09890451070773727,0.3756135436611942,0.9594908126657944,0.3239773233832382,0.027665780782284884,0.17303676760015718,0.1612419295098898,0.018335545398918997,nan,nan,nan,0.9242315656914052,0.7464948670251079,1.0,-0.317520541299942,1.913417161825449,0.3806023374435661,3.5355339059327373,1.4644660940672622,0.8837561894240183,1.905883979315412
3.701,2.233581025431891,0.2257813525750779,0.4041620638469436,0.9546591764606749,0.3298488691590876,2.121449018273751,0.11309989348610414,0.3884681144209994,0.9600774726647578,0.3115277163424652,0.027668698977386726,0.17464058407184482,0.1625868111024274,0.018806233231729055,nan,nan,nan,0.9287053682859939,0.7555037133497791,1.0,-0.3299856706354578,1.913417161825449,0.3806023374435661,3.5355339059327373,1.4644660940672622,0.9165391327909632,1.90751598499146
3.7510000000000003,2.269314344543166,0.23941305336330806,0.4173404588937686,0.9554020082716661,0.3290311204004557,2.137585299529275,0.14816291434794074,0.40841917099417957,0.959253609773499,0.3296657417659634,0.02781244117696451,0.16717044640121576,0.15652673617096224,0.018128007492933355,1.7987374533466547,0.26429756348632927,0.48861822005712274,0.9307803951069409,0.7627226810996518,1.0,-0.3379964603297778,1.913417161825449,0.3806023374435661,3.5355339059327373,1.4644660940672622,0.9245375411928722,1.9123098156629768
3.8000000000000003,2.3049095755164086,0.25353227451394583,0.43044231408556666,0.9571873799381214,0.3255642762309958,2.1727772507745704,0.16352787339239594,0.42106545441575216,0.9621087315575347,0.30795730667065546,0.027806999311709338,0.16879612722664267,0.1579159364019462,0.018522511225691356,nan,nan,nan,0.9404285322026779,0.7553269608713947,1.0,-0.31780746150483163,1.913417161825449,0.3806023374435661,3.5355339059327373,1.4644660940672622,1.0091934994695833,1.9038841010953491
3.85,2.3581119998598177,0.2756592772553652,0.44973983578533827,0.9608057862851933,0.3190715581344394,2.2267017603068204,0.18249760775035745,0.4324191614992996,0.9658954769972062,0.310273934720831,0.030589390671554736,0.17121495902004988,0.15992918184046132,0.017938401533018098,nan,nan,nan,0.9423775250469255,0.7621945524502491,1.0,-0.32458356551885736,1.913417161825449,0.3806023374435661,3.5355339059327373,1.4644660940672622,1.0102641160877268,1.9083966812419297
3.9000000000000004,2.3934329276098874,0.29103356286835597,0.4624318653342291,0.9626800448037824,0.3162172825217876,2.261750623470409,0.19879305695505917,0.4450870279335648,0.96766723723093,0.30656562755772604,0.030611165278110124,0.17281798975969054,0.1613043737099006,0.018323979909093686,nan,nan,nan,0.9418808829708553,0.7750296710071034,1.0,-0.33876966017306076,1.913417161825449,0.3806023374435661,3.5355339059327373,1.4644660940672622,0.999046028380381,1.9031956306094413
3.951,2.4461420883602902,0.3149982641226387,0.48129328178816805,0.9650206971062362,0.31278641093432447,2.3434255066254788,0.1160184723966676,0.46259267119585745,0.9690604654304722,0.2930539784035636,0.030956571861365474,0.16548636600541572,0.15540202958659313,0.01889662561541945,2.595200554121298,-0.9218912768163213,5.005001307807984,0.9437120397922123,0.782204480673389,1.0,-0.34469259441539857,1.913417161825449,0.3806023374435661,3.5355339059327373,1.4644660940672622,0.8623858905283865,1.9124899415040633
4.0,2.4810530315634765,0.33155532880645167,0.49385842559461596,0.9643470308812097,0.3161707402145475,2.378448087462581,0.13205758877681004,0.4739247571737599,0.9672423641060994,0.29694165454784033,0.031713245665466225,0.16710239982682887,0.15676168042554856,0.018052870112031702,nan,nan,nan,0.9270740703542649,0.8468580657768592,1.0,-0.45889328001297963,1.913417161825449,0.3806023374435661,3.5355339059327373,1.4644660940672622,0.8623858905283865,1.9124899415040633
4.0520000000000005,2.5329034977867035,0.3571609403323632,0.5131163961096475,0.9619273230437335,0.3234897643994479,2.4298706568490753,0.15885977222210135,0.4925749419920478,0.9651898696809627,0.2850809736786433,0.03171152092360562,0.16951552484656218,0.15888315961948282,0.018618139838445832,nan,nan,nan,0.9280020535148857,0.8557070997543299,1.0,-0.4650147455313239,1.913417161825449,0.3806023374435661,3.5355339059327373,1.4644660940672622,0.8710802172214827,1.9144427947062486
4.1000000000000005,2.567137886829918,0.37475019637765844,0.5261476971285441,0.9609476994313662,0.3266778161817459,2.4620378880572558,0.18264803093011203,0.5133030368409432,0.964666435408529,0.31258649879778194,0.02903781842555176,0.1711025827126161,0.16022949512574927,0.01781626818138442,nan,nan,nan,0.9303044894608438,0.8681291456161779,1.0,-0.4712983933097272,1.913417161825449,0.3806023374435661,3.5355339059327373,1.4644660940672622,0.8848904930976175,1.9228127404446629
4.156000000000001,2.618030230157662,0.40194059565742973,0.5458261108943492,0.960858469037025,0.327403908541562,2.5478435645381574,0.23994307134611187,0.5328583815106671,0.9681098527951366,0.3053888601880665,0.029017301902540565,0.16402285532719196,0.15451680292287356,0.018363105438729117,2.8203170635020998,0.49241593413683554,0.6805948026101332,0.9361816964815609,0.8920488431484576,1.0,-0.46942232983769827,1.913417161825449,0.3806023374435661,3.5355339059327373,1.4644660940672622,0.9307857033541138,1.9105654524759914
4.202,2.66840838226663,0.4301296819768768,0.5654271775059945,0.9612805307396662,0.3261322459738474,2.582774485203737,0.2551616008906274,0.5386378377158526,0.9680844029302103,0.30775168150224214,0.03135499159657415,0.16562683663713715,0.1559123794051382,0.017596364392480454,nan,nan,nan,0.9361816964815609,0.8920488431484576,1.0,-0.46942232983769827,1.913417161825449,0.3806023374435661,3.5355339059327373,1.4644660940672622,0.9307857033541138,1.9105654524759914
4.2540000000000004,2.701686260381879,0.44946757095302303,0.5784815671712441,0.9611143240184896,0.3264232741203384,2.632444936406884,0.2852513022218103,0.5585799862380112,0.9676118576919248,0.3200568391301507,0.031402167148261176,0.16802271268497115,0.1580809774195573,0.018203204356262635,nan,nan,nan,0.9341717310726801,0.9035034254978296,1.0,-0.4761751647112703,1.913417161825449,0.3806023374435661,3.5355339059327373,1.4644660940672622,0.9336851616475363,1.9073591732293171
4.300000000000001,2.7347049051289853,0.4692326670641483,0.5915439271785129,0.961099284087984,0.3261563799286707,2.6643486610870086,0.3080520472194175,0.5749371679800586,0.9676324963271732,0.3180325955792114,0.030382235277890805,0.16959616967142616,0.1594642821834898,0.017553820748003216,nan,nan,nan,0.9363698062973596,0.9172349279819058,1.0,-0.47875191656025357,1.913417161825449,0.3806023374435661,3.5355339059327373,1.4644660940672622,0.9336851616475363,1.9073591732293171
4.352,2.7837619855389404,0.49969251681863436,0.611061651617576,0.9617787558008413,0.32419792498092914,2.703557490716464,0.3267905360674911,0.5948760825975139,0.9671828545448912,0.3449831045441292,0.030470864463093696,0.16272923851585055,0.15389629016745837,0.018044937697258335,2.6126271332416824,0.19304252881733625,0.09219314318210803,0.939298248745297,0.9251542646318337,1.0,-0.477518549711614,1.913417161825449,0.3806023374435661,3.5355339059327373,1.4644660940672622,0.9543915030861632,1.9078735451988553
4.4,2.832270007253889,0.531139241304198,0.6303981543018438,0.9630728091965925,0.32036314582087966,2.7357819940908605,0.3479974724688078,0.6065900690652581,0.9681736334901008,0.3012033686722969,0.030732411667982743,0.16431716439995794,0.1553284287825764,0.017318356870829034,nan,nan,nan,0.9412450337109103,0.9393743047996457,1.0,-0.483721324267633,1.913417161825449,0.3806023374435661,3.5355339059327373,1.4644660940672622,0.9796081277088553,1.8978181215227048
4.45,2.8643014325830825,0.5526511196455608,0.6431914162601488,0.9639317574486963,0.3195212513865063,2.783328540975408,0.38140786589753184,0.6260432647396329,0.9694596155865236,0.31249362096295574,0.030774540799982528,0.16668995427676953,0.15754592730305925,0.017930141369715966,nan,nan,nan,0.941881322863022,0.949199269161327,1.0,-0.48399137592856,1.913417161825449,0.3806023374435661,3.5355339059327373,1.4644660940672622,0.963544035512212,1.914536843706299
4.5,2.911872782429535,0.5857269307718644,0.6623171484080215,0.9652372376003397,0.317785675425485,2.8135064241831422,0.4068254217331035,0.6430130569860905,0.9703741632905706,0.3261542741819544,0.02962569349158641,0.16824480557632307,0.1589676138981102,0.017191472153106273,nan,nan,nan,0.9464376172179538,0.9717910583417371,1.0,-0.478259103498907,1.913417161825449,0.3806023374435661,3.5355339059327373,1.4644660940672622,1.004107218927159,1.9003106322373444
4.550000000000001,2.9432703848801265,0.608313998307584,0.6749696525168373,0.9664289468855752,0.3151195904758787,2.8598963664995667,0.44205539894671786,0.6622931376866505,0.9720160181633793,0.29756134752140223,0.029624930036295866,0.1705659310988251,0.16117139777483458,0.01769814578441388,2.885911688896558,-0.09234510174194177,1.0377386339496748,0.9464376172179538,0.9717910583417371,1.0,-0.478259103498907,1.913417161825449,0.3806023374435661,3.5355339059327373,1.4644660940672622,1.004107218927159,1.9003106322373444
4.6000000000000005,2.9898893334722394,0.6429969092513451,0.6937829808318436,0.9681758852196479,0.3125604819655191,2.8910563554913167,0.41542772988984566,0.6735020356968224,0.9713617827522809,0.3041628067261474,0.029933542920141772,0.16298282344389695,0.15485111021682707,0.017011641716356992,nan,nan,nan,0.9477931425244748,0.986846828336769,1.0,-0.47473931906617733,1.913417161825449,0.3806023374435661,3.5355339059327373,1.4644660940672622,0.9995941200120568,1.9092444794406007
4.652,3.0206173414878497,0.666628579261547,0.7063327158013131,0.9680097446492646,0.3144385322866141,2.9364190698818433,0.45205292663933866,0.6921163025541555,0.9718077735602635,0.3060644285808375,0.0299530878219303,0.16532655315627223,0.15711740867223897,0.017510307623312914,nan,nan,nan,0.9413002690228323,1.0364509360350966,1.0,-0.5089404147409913,1.913417161825449,0.3806023374435661,3.5355339059327373,1.4644660940672622,0.943399676066826,1.9124976405645304
4.7010000000000005,3.05103427127423,0.6906385404710954,0.7189612169277926,0.9677299091790893,0.3161087303384601,2.967500296398479,0.4746201036353878,0.7007535584710674,0.9716912118831469,0.29413472807994756,0.030974338167854276,0.16686133327363065,0.15857533912052568,0.016956885350735758,nan,nan,nan,0.9413002690228323,1.0364509360350966,1.0,-0.5089404147409913,1.913417161825449,0.3806023374435661,3.5355339059327373,1.4644660940672622,0.943399676066826,1.9124976405645304
4.75,3.096066279315767,0.7273557102254888,0.7380253139336931,0.967138253929474,0.31895690083903505,3.011827824352851,0.5124758317348204,0.7189681630923026,0.9711939148561206,0.2946737754136682,0.03098781144077645,0.16915600348127627,0.16082539939361712,0.017411743609281466,3.5656728311549273,1.2962908973482512,3.3116358607611014,0.9396928422674509,1.0498187613006489,1.0,-0.5074442970917057,1.913417161825449,0.3806023374435661,3.5355339059327373,1.4644660940672622,0.9229230869401052,1.9192471719127377
4.8020000000000005,3.140359014758381,0.7648948498997988,0.7572759044547225,0.9664388246674938,0.32181116218536115,3.1166083972231293,0.626950164756822,0.7378292055911877,0.9764475949856193,0.32077209766221565,0.03118363610956941,0.16253918054668162,0.15535361530625347,0.01698936858454561,nan,nan,nan,0.9397510119282446,1.067863249152594,1.0,-0.5005954645602335,1.913417161825449,0.3806023374435661,3.5355339059327373,1.4644660940672622,0.9218349444976373,1.9207063921560248
4.851,3.1694926940958505,0.790390203554731,0.7700984554688529,0.9675021987439667,0.31843825646569807,3.14544721624247,0.6533057534717144,0.7503348682407109,0.9776123123780518,0.318668838068048,0.031198513017185535,0.16408112151237014,0.15689353178433035,0.017309603934880215,nan,nan,nan,0.9533348727606139,1.0377462806847055,2.0,-0.11211436831053101,3.5355339059327373,1.4644660940672622,4.619397662556434,3.086582838174551,1.03127524013617,1.8983893725902208
4.901000000000001,3.2126816719886326,0.8294197686308767,0.7888978817569925,0.970542260568837,0.3093746344543552,3.172104609353376,0.6831763024817148,0.7683106179514283,0.9792697446173163,0.33005074344037155,0.029898660168968284,0.16559328037403045,0.15838750402657226,0.016673344235771794,nan,nan,nan,0.9569518267173628,1.044819591703501,2.0,-0.12631131079977886,3.5355339059327373,1.4644660940672622,4.619397662556434,3.086582838174551,1.0663329736330036,1.8887891373452486
4.95,3.24113967300639,0.8559687064012257,0.8011048221116227,0.9729645336672021,0.3023384882046546,3.2141400297303973,0.7243069214535716,0.7855909433315024,0.9820849552632016,0.2752981663177514,0.029871364927068603,0.16785617727095042,0.1606853734182358,0.017214278035077062,nan,nan,nan,0.9612535506406795,1.047592847523559,2.0,-0.1318809352407908,3.5355339059327373,1.4644660940672622,4.619397662556434,3.086582838174551,1.1062115500699983,1.8767475301081273
5.002000000000001,3.2833300901246427,0.8965838758199357,0.8189547532021326,0.9766701070823312,0.29447918049794236,3.2228480490964726,0.7695108496364734,0.7929250737574831,0.9841477529787804,0.29774859441479323,0.03132069329754113,0.16063203341481183,0.15449147500753743,0.01658321683387373,2.993439889504393,0.9573355842814126,0.3741762330430013,0.9642962452146152,1.0536143035512826,2.0,-0.14398116235821234,3.5355339059327373,1.4644660940672622,4.619397662556434,3.086582838174551,1.1071354217918974,1.8903770890732696
5.051,3.3111270711087855,0.9241806115127968,0.8305883683181544,0.9793771028815588,0.28812962987040397,3.2640862099635752,0.8118637377018005,0.8099920119981991,0.987582278798406,0.26921321941061976,0.03132094999069299,0.1629197300745483,0.15684572456217774,0.017049178648071404,nan,nan,nan,0.9684672453048212,1.0447181696526875,2.0,-0.12610765893046993,3.5355339059327373,1.4644660940672622,4.619397662556434,3.086582838174551,1.1530833969641923,1.8702638091179709
5.1000000000000005,3.338663581488069,0.9521895184435479,0.841962275370168,0.982087512839463,0.2819439552211177,3.290321574668059,0.8419360481664929,0.823015686679196,0.9900058433424401,0.25940080097129004,0.03075441392593674,0.16441008814841424,0.15837176232937364,0.01655224545241773,nan,nan,nan,0.9713184485202305,1.050074144265447,2.0,-0.13686593266720284,3.5355339059327373,1.4644660940672622,4.619397662556434,3.086582838174551,1.1649104375563226,1.8697862588295706
5.152,3.3794743180925244,0.9949539796562132,0.8585949979964566,0.9859830852855177,0.27358495150762385,3.330513799333782,0.8857553671843621,0.8408743015825331,0.9933698002766937,0.27968999511517284,0.030801483741827524,0.16664438294209533,0.16070977242294202,0.01697310959226232,nan,nan,nan,0.973757639532653,1.0526151092597085,2.0,-0.14197256065434885,3.5355339059327373,1.4644660940672622,4.619397662556434,3.086582838174551,1.1822907769367,1.8635684039012048
5.2,3.4063499443869456,1.0239490569938283,0.8693919224949347,0.9885136409727717,0.2670890246558651,3.387142864681504,0.9081953792881226,0.8571319081948743,0.9966956107501,0.24204208498302032,0.029231680670967385,0.15943684189096777,0.15440818646742693,0.016370262891099455,3.6779449579843333,0.76421348600586,0.4821575471195385,0.9767081880671719,1.0571278373066222,2.0,-0.1510464648372166,3.5355339059327373,1.4644660940672622,4.619397662556434,3.086582838174551,1.2166188503305606,1.8416274614106896
5.251,3.446158166627482,1.0681386389386884,0.885121080469297,0.9917125055768903,0.2593653913660917,3.4260893386104856,0.9536413839775068,0.8731613321779664,0.9991073503250512,0.2479154549090265,0.02925836863383093,0.16169137415306567,0.15680143415936573,0.016929272234153334,nan,nan,nan,0.9765083510255079,1.0743148071694424,2.0,-0.18566480909349353,3.5355339059327373,1.4644660940672622,4.619397662556434,3.086582838174551,1.193882245100528,1.8517972740378152
5.304,3.485339114834726,1.1131103342120983,0.9004571624224637,0.9945252870479537,0.2524080722578265,3.4636906215238867,1.0007040942688552,0.890879360362752,1.001390290965214,0.25840633104481836,0.02892815095651997,0.16389410462551338,0.15915014575451175,0.01645158705991312,nan,nan,nan,0.9791242461991986,1.0778503339399133,2.0,-0.19279917125668386,3.5355339059327373,1.4644660940672622,4.619397662556434,3.086582838174551,1.2212027721442626,1.8369374135028815
5.351,3.511114832925914,1.143512340588848,0.9104115227635288,0.9964529071993999,0.2463241147378356,3.4888022805809773,1.0319332461159696,0.90047872982979,1.0029567948103464,0.2267295000844991,0.028918226730005426,0.1653583376358662,0.16073279033064244,0.01685610690675354,nan,nan,nan,0.9812502988378021,1.0794317365620218,2.0,-0.19599185744632353,3.5355339059327373,1.4644660940672622,4.619397662556434,3.086582838174551,1.2508862165570531,1.8184064510038684
5.4,3.536616293658644,1.174241395834065,0.9201281154997599,0.9983355328349456,0.2407754302279972,3.488215680619309,1.142359130127409,0.9227209520608435,1.0074686832892605,0.2095738358863093,0.02584899472209122,0.15831308445874845,0.15445262150831376,0.016230486930686724,3.2557234450966863,1.8255219155918518,2.3660123886158666,0.9835462974253535,1.082132369063091,2.0,-0.20144644871143624,3.5355339059327373,1.4644660940672622,4.619397662556434,3.086582838174551,1.258059410734819,1.8216367283671222
5.4510000000000005,3.574372932468127,1.2209448494052741,0.9342020207256454,1.0019878856305062,0.22785376355989442,3.524544109017237,1.1907228613339789,0.9363561707271463,1.0102835883435948,0.23193279525500982,0.02588418710074548,0.1605349820036774,0.15688218258455444,0.016671244266234793,nan,nan,nan,0.9917272196450989,1.0514393428838409,2.0,-0.1396093745571004,3.5355339059327373,1.4644660940672622,4.619397662556434,3.086582838174551,1.3559600518068908,1.7744561555668348
5.625,3.586835407066283,1.2366803748871253,0.9386813100078545,1.0033352205388688,0.22253068629123024,3.538355553338897,1.2048878702298835,0.9378045960522075,1.011341329640044,0.2337850972328907,0.02677569029203226,0.1612471661986385,0.15765906238040328,0.01596121505408616,3.5998721609567927,1.8860802664862635,1.3112727064611858,0.9931932537589868,1.0530993268766617,2.0,-0.14294590941655486,3.5355339059327373,1.4644660940672622,4.619397662556434,3.086582838174551,1.3840480600509928,1.748742133218156
5.65,3.696231066368252,1.3816655636815367,0.9744883578589622,1.0123822140082808,0.18054253547448978,3.6503352746619218,1.408194848426353,0.9718541471670461,1.0206279196563042,0.18728202542390002,0.027845503191445315,0.15946403243869872,0.15704186524518923,0.016423412157442446,nan,nan,nan,0.9964393579166788,1.044629791723052,2.0,-0.1256212312680514,3.5355339059327373,1.4644660940672622,4.619397662556434,3.086582838174551,1.411632776947589,1.7163159589929928
5.702,3.7316067550649614,1.4311666429461471,0.9848975476782668,1.0144232438935634,0.16834674894853766,3.673453106945799,1.4417965712272396,0.9789974156395669,1.0212615772729876,0.16414028223007537,0.02791397718810811,0.16089123223897436,0.15864133315248602,0.015890039908933958,nan,nan,nan,0.9971645291139629,1.047177608089666,2.0,-0.1267164786020798,3.5355339059327373,1.4644660940672622,4.619397662556434,3.086582838174551,1.4265317198925596,1.7026764823213
5.753,3.754899707141256,1.4644485445572644,0.991461975551906,1.0156078203747434,0.16159238466061218,3.7074769993582946,1.4927781852683806,0.9884064610411105,1.0220649821833425,0.14006250519151378,0.02791340411639934,0.1630462378128473,0.16106799535315652,0.016431238159379115,nan,nan,nan,0.9975596165087882,1.0488741172826117,2.0,-0.12727013668208195,3.5355339059327373,1.4644660940672622,4.619397662556434,3.086582838174551,1.4254803912460026,1.7037982703910766
5.800000000000001,3.7894155187275578,1.5147608010398783,1.0008619668789545,1.017146904077688,0.15326426888330152,3.7323371718590224,1.5246145638383424,0.991561137560268,1.0225238610472982,0.16420791165647683,0.028854193372817336,0.16443945112950104,0.16264753422853356,0.015857274173454283,3.502059427283908,1.260330619288189,0.4410492192774178,0.9980357444032584,1.0510945617268586,2.0,-0.1272361021227708,3.5355339059327373,1.4644660940672622,4.619397662556434,3.086582838174551,1.426728757962834,1.702743055866868
5.851,3.8121510653408586,1.5485437465568057,1.006859970807714,1.017985058344415,0.14783520715300635,3.7415700157073015,1.5492464293688248,1.0004406552461838,1.0209413058438677,0.11768398082399259,0.028837036754777865,0.1583638407292711,0.15709919793921606,0.01627591660965471,nan,nan,nan,0.9980322370403947,1.0543051993823824,2.0,-0.13021923585311143,3.5355339059327373,1.4644660940672622,4.619397662556434,3.086582838174551,1.4349883542877249,1.6918542104288867
5.901000000000001,3.845857012939678,1.5995556880270099,1.0154876235925756,1.0192734428508865,0.1410816727262842,3.7604648504341878,1.5865231930690276,1.011705332014408,1.0216900439844414,0.14196140923329456,0.027677354780491027,0.15977989141692142,0.15871080031060075,0.01587463338819941,nan,nan,nan,0.9986727007680314,1.0519691513717409,2.0,-0.12421133367561238,3.5355339059327373,1.4644660940672622,4.619397662556434,3.086582838174551,1.4375789927205502,1.698017296438027
5.95,3.868073772576479,1.6337798613073757,1.0209913020440566,1.02008992534048,0.13507192927064396,3.7928063606022206,1.6386246136675193,1.019728603264098,1.0226737827088233,0.09290259958642794,0.027662859309618912,0.16192292697694488,0.16115132401594334,0.01624847600333827,nan,nan,nan,0.9992371410629854,1.0507682543076367,2.0,-0.11921195428535887,3.5355339059327373,1.4644660940672622,4.619397662556434,3.086582838174551,1.4665604764591889,1.6701801159522396
6.001,3.901030750701133,1.6854163110034386,1.028825302380524,1.0210963083034152,0.1277941419977986,3.817823788007769,1.6703069792768674,1.0196683504669712,1.0231834642435929,0.12125045938168708,0.028938303594098942,0.16330707717666204,0.16274267535648093,0.015730830415305784,4.416264549325312,2.100740948278674,1.951827089877797,0.9994769399921611,1.05207379186546,2.0,-0.11715693882349561,3.5355339059327373,1.4644660940672622,4.619397662556434,3.086582838174551,1.45591691133847,1.6786303974734136
6.050000000000001,3.922761853807058,1.7200256865402688,1.0338332071547065,1.0215885817016663,0.12356966191633197,3.9103645754943117,1.7678530301628448,1.0268518397932294,1.0278160822127964,0.13525058954937444,0.028984228736214025,0.15738435481887406,0.15719333866233917,0.016141263537931022,nan,nan,nan,0.99934831416553,1.0557725504768802,2.0,-0.1203563902449962,3.5355339059327373,1.4644660940672622,4.619397662556434,3.086582838174551,1.4597427848857778,1.6710550174101553
6.101,3.955000341711784,1.7721823821454805,1.0411033964334728,1.021666456500744,0.11996501453384038,3.9315889891004803,1.8030548023230442,1.0318764878600408,1.027057318788933,0.11894811291475192,0.028980967947118044,0.1587947565310086,0.15881411733255815,0.015636590269130852,nan,nan,nan,0.9987189868512433,1.0774737074264569,2.0,-0.14310756071773964,3.5355339059327373,1.4644660940672622,4.619397662556434,3.086582838174551,1.433373888223144,1.6770390194833271
6.15,3.976254681058991,1.8070954038790765,1.0458644697426263,1.0216309076555319,0.11843950560844312,3.963078364122285,1.856001551271448,1.039412995627707,1.02615513459192,0.12106830920606156,0.028988882102664062,0.16093369705555816,0.16126331488819906,0.016119648989879266,nan,nan,nan,0.9988963162055464,1.0788634408125284,2.0,-0.14119795890846457,3.5355339059327373,1.4644660940672622,4.619397662556434,3.086582838174551,1.4334482842020593,1.6792506527277202
6.2,3.997325554860574,1.8421189748961775,1.0505591245011183,1.0216598237116357,0.11650004679453936,3.9801991714211695,1.8943448350728214,1.0491872407845515,1.0257469104181203,0.10408703656552186,0.027827614157120272,0.16231073577368882,0.16286481837983222,0.015615026824422003,nan,nan,nan,0.9991423088593228,1.0808331302100387,2.0,-0.13796477969859894,3.5355339059327373,1.4644660940672622,4.619397662556434,3.086582838174551,1.4443080340573016,1.671713790439447
6.252000000000001,4.0286007502374845,1.8948590110540149,1.0574159562060312,1.0218347118415676,0.1123769231710993,4.081544103156244,1.9230112446131764,1.0562516959609136,1.0262006617447526,0.12680052247146623,0.027964802822177188,0.15639489234932033,0.15717122263448852,0.016015291629209567,4.7471975614423165,1.606951127556223,2.4188897286871187,0.9995656615441962,1.0786616330970333,2.0,-0.13089782358944327,3.5355339059327373,1.4644660940672622,4.619397662556434,3.086582838174551,1.4570848072000073,1.6622383548850346
6.300000000000001,4.049233312043272,1.930149090430118,1.061896309663992,1.0216544916006491,0.1132693579837094,4.112254903596879,1.976234022363381,1.0622854440676355,1.0247809261767362,0.12392887563971111,0.028133477025523126,0.1585126991947203,0.1596222909950648,0.015733247355091202,nan,nan,nan,0.9967032198912693,1.1409792206122673,2.0,-0.19679096513888678,3.5355339059327373,1.4644660940672622,4.619397662556434,3.086582838174551,1.3661042233548524,1.7290121540475538
6.352,4.079840975997668,1.9832429227010857,1.068943578490365,1.0209781069125707,0.12044052474339728,4.132157193497864,2.012061632281617,1.0666286153354978,1.0240270864229166,0.1003040255628805,0.028122744789622005,0.15993207255825814,0.16126029139131165,0.016001966500131755,nan,nan,nan,0.9967032198912693,1.1409792206122673,2.0,-0.19679096513888678,3.5355339059327373,1.4644660940672622,4.619397662556434,3.086582838174551,1.372004535343361,1.7290121540475538
6.4,4.100022410676559,2.01874527842361,1.0738626624353897,1.020671797849685,0.12428465913547578,4.153573328413618,2.04669552108353,1.0684690124222165,1.0234716142599694,0.1062196526428427,0.02861881035287805,0.16130536651351296,0.16286998090790786,0.015629259799491414,nan,nan,nan,0.9969244256712454,1.1450779894473304,2.0,-0.19184635283620238,3.5355339059327373,1.4644660940672622,4.619397662556434,3.086582838174551,1.372004535343361,1.7271094372285545
6.45,4.12996144918676,2.0721654150137985,1.0814780476484303,1.020303506149717,0.12866905138740034,4.220113677619358,2.117622365453865,1.0768652851840395,1.0247528856520114,0.11968835389714232,0.028661855965573357,0.1555285810738134,0.15718553878218644,0.016045326547732965,4.5443265387395355,2.215464178915493,0.604553029738844,0.9967071977196336,1.1496430348673619,2.0,-0.19041166055956932,3.5355339059327373,1.4644660940672622,4.619397662556434,3.086582838174551,1.3695803830892481,1.7281267283104096
6.501,4.159485235096074,2.125773584160199,1.0894159010553088,1.0193857954933614,0.13535222481725667,4.236424799646148,2.1559384106206503,1.0875379815878912,1.0235257646840825,0.16814442857128634,0.02776038725012879,0.15692865745673196,0.1588244403155613,0.015542522065673312,nan,nan,nan,0.9946941126884762,1.1799243559644224,2.0,-0.2063330954619702,3.5355339059327373,1.4644660940672622,4.619397662556434,3.086582838174551,1.3314318844446356,1.7448584136680703
6.550000000000001,4.178929817662605,2.1616104439721604,1.0948628710985235,1.018976612420354,0.13627970271525375,4.267149873932898,2.208712165022294,1.092525147933802,1.0222386605103182,0.13046738926123433,0.028432426754353635,0.15902247928772054,0.16127926960254077,0.015200488512257573,nan,nan,nan,0.9956910509779279,1.1804039827907316,2.0,-0.1986080436281038,3.5355339059327373,1.4644660940672622,4.619397662556434,3.086582838174551,1.3712269000491655,1.7153093608006573
6.6000000000000005,4.198165461592414,2.1975099231037065,1.1005021528112446,1.0169187865726814,0.14721645805745892,4.285904399585218,2.2450060746625216,1.0978197586320473,1.0187132924939346,0.14335813469622885,0.02843112837013638,0.1604256703915921,0.16291662869579418,0.015539716199878827,nan,nan,nan,0.9810412222835875,1.2875584185035436,3.0,0.17421537382276295,4.619397662556434,3.086582838174551,5.0,4.999999999999998,1.1455474540132353,1.8262733543134717
6.6530000000000005,4.226553494048348,2.251364762096987,1.1101859951856796,1.0128492425255158,0.17030837684027073,4.374802739303249,2.384850868177265,1.108059418173001,1.0213240945394362,0.17074715519194686,0.028447869618055916,0.15464226733840497,0.15710020569241398,0.015925863021215306,4.895831462154495,3.1171542179725487,3.763937673274124,0.9809787168101539,1.2931752933803171,3.0,0.16290180164095958,4.619397662556434,3.086582838174551,5.0,4.999999999999998,1.154317395619875,1.8256974921077012
6.7,4.245163488716315,2.2872884901383044,1.117316716262096,1.0100731880080485,0.18309111971235523,4.38766079613324,2.4249450694084,1.1230244354799706,1.017069099512859,0.1948726051325679,0.026963000293656628,0.15603656698048524,0.15874972266187837,0.015435465112942656,nan,nan,nan,0.9769900836394577,1.3229952437675199,3.0,0.10299398439229923,4.619397662556434,3.086582838174551,5.0,4.999999999999998,1.1150911285619831,1.8233008811919815
6.75,4.2725741331153,2.341203769061427,1.1288348562100938,1.0064917043535533,0.19670394768607077,4.413833225614546,2.47995607744519,1.134448043976711,1.0124820107396837,0.19535742338940387,0.02696214555956062,0.15815689499909022,0.161236847209841,0.01582267339565442,nan,nan,nan,0.9795951370224775,1.3253837008107683,3.0,0.09820498214801743,4.619397662556434,3.086582838174551,5.0,4.999999999999998,1.1593589081257103,1.810538620012049
6.801,4.299382697126147,2.3952486050220156,1.1409325980645766,1.0043984075232708,0.2046715841420285,4.4319258900453695,2.5159964477833765,1.1411429894557132,1.0106134869807784,0.2030419700095826,0.02724227929376031,0.15951747355206775,0.16287132133930324,0.01542206924028211,nan,nan,nan,0.9803853640395976,1.332837034649524,3.0,0.08326756383268975,4.619397662556434,3.086582838174551,5.0,4.999999999999998,1.1747157479868913,1.8135967812938063
6.853000000000001,4.31691515215661,2.431387570428784,1.149206820776512,1.0035468154813507,0.20793401531387928,4.371809266709047,2.5651142479806257,1.1548109837285905,1.0057513198869794,0.21162984909303123,0.02701290000769313,0.15381715092561668,0.1570682815833729,0.015083126701123831,3.547005691474298,2.543703338499716,2.9468918115605254,0.9810269412726056,1.3405216250708936,3.0,0.0678763637574092,4.619397662556434,3.086582838174551,5.0,4.999999999999998,1.2977148641624288,1.8086427935896654
6.9,4.3341783679162385,2.467643420433078,1.1575190531069723,1.0038634983730794,0.2062821566478521,4.3879955527769905,2.6019564461880473,1.1635182271939764,1.0068798650763595,0.20838692042126372,0.027019166909034744,0.155238014738481,0.15874639330229498,0.015417983049903881,nan,nan,nan,0.9888897608417293,1.3040146916659319,3.0,0.14109757906353632,4.619397662556434,3.086582838174551,5.0,4.999999999999998,1.2977148641624288,1.7760221087000283
6.95,4.359590610981775,2.5223401905164353,1.1696622811151716,1.0054312530748128,0.1998158934927853,4.411704287818646,2.6575547271754885,1.1758125932020373,1.0083326388641631,0.19268993802176435,0.027021886051240902,0.15734844254313718,0.16125570903038372,0.01580060043465264,nan,nan,nan,0.9895318839764263,1.3083383276911107,3.0,0.1324098642557691,4.619397662556434,3.086582838174551,5.0,4.999999999999998,1.3034212231201812,1.7711719882745731
7.001,4.384403754164973,2.577405617558077,1.1814714059046405,1.0067638851036116,0.19486434807527092,4.424142381091819,2.696609997017273,1.1882535021553953,1.0091949801621902,0.20112694723377664,0.026287400093244356,0.15870005917057886,0.16290841448060886,0.01532134894561052,nan,nan,nan,0.9903959630270369,1.3145169506474752,3.0,0.12000337245131651,4.619397662556434,3.086582838174551,5.0,4.999999999999998,1.3071274394358297,1.7690885613547318
7.050000000000001,4.4006080683765365,2.6143150723307103,1.1891652273288817,1.0076843793767227,0.19071375876960975,4.401523597323203,2.6801611474335694,1.2002734217024829,1.004807769040507,0.20684040265008596,0.026535056034524815,0.15310161871034875,0.15712557859798787,0.01499114119931921,3.990351627275165,2.0230136085671147,2.540790725350012,0.9917494054380118,1.3167989413987309,3.0,0.115423578822566,4.619397662556434,3.086582838174551,5.0,4.999999999999998,1.3294005735369907,1.754135333479977
7.1000000000000005,4.41654518239915,2.651387848788908,1.1966635985553087,1.0090007882945533,0.18489699735878218,4.416008325159967,2.717678265661499,1.2083123253261696,1.0071245754289917,0.1853292870406894,0.02653494867999468,0.15451491155276867,0.15881926987153988,0.015323344652447642,nan,nan,nan,0.9942729605180217,1.307348295904984,3.0,0.13439873764136825,4.619397662556434,3.086582838174551,5.0,4.999999999999998,1.38026819672487,1.7360204972123052
7.15,4.439961965871718,2.7073245741966385,1.2074407102605729,1.0111045930314404,0.17626908957072923,4.437233729139156,2.7743185177509657,1.2200428244925767,1.0099692623922487,0.1769901761789883,0.02654348001302754,0.1566139028851959,0.16135137959710597,0.015701283961430442,nan,nan,nan,0.9947550678359097,1.3107771824541892,3.0,0.12751155646462742,4.619397662556434,3.086582838174551,5.0,4.999999999999998,1.37671746842401,1.735848610175517
7.2010000000000005,4.462789042491655,2.763619809106503,1.2177708933104527,1.012703358414464,0.16926313599891482,4.449968412586657,2.812886181060671,1.2275973691720836,1.0114426180860783,0.13301274493707826,0.026278777316032943,0.15795728473469237,0.16302018786295955,0.01523222893152363,nan,nan,nan,0.995433812966067,1.3156426810005362,3.0,0.11774395769043543,4.619397662556434,3.086582838174551,5.0,4.999999999999998,1.3817572296001317,1.7269646581808198
7.252000000000001,4.477680643430569,2.8013307859223624,1.2244646063891826,1.0135673884005922,0.1663067364892524,4.4702084032178995,2.870137707126075,1.2375291460544255,1.0132753271064945,0.1413344819698368,0.026288110398979346,0.1600097896430867,0.16552672801207752,0.015608853710812106,3.9389203950067384,2.2008992321459497,2.6226263817181366,0.996396766460893,1.322445569703803,3.0,0.1040962792384245,4.619397662556434,3.086582838174551,5.0,4.999999999999998,1.381594568415288,1.7232762537875512
7.300000000000001,4.49953306243465,2.858145597218275,1.2342844686423455,1.0146045827546544,0.16154910487428767,4.435664725174375,2.836277385661879,1.2379062536135326,1.0089817978249707,0.1621242737426676,0.027595392609747443,0.15373975163273912,0.15880349332318439,0.015143884581381757,nan,nan,nan,0.996396766460893,1.322445569703803,3.0,0.1040962792384245,4.619397662556434,3.086582838174551,5.0,4.999999999999998,1.4213564537124452,1.7232762537875512
7.352,4.513786396470495,2.896184443746585,1.2406168531499584,1.0156134778105572,0.15606990283060085,4.455274538495308,2.893604815754954,1.2483490254195144,1.0116899381181563,0.16347670897720573,0.0276059075790183,0.15583289119586666,0.1613477641246675,0.01559549208421552,nan,nan,nan,0.9979196272805403,1.3128640538237986,3.0,0.12332139971707068,4.619397662556434,3.086582838174551,5.0,4.999999999999998,1.428882724177154,1.6916464422082425
7.401000000000001,4.534708464822935,2.953487500164509,1.2496868618561459,1.0169041144508435,0.14763144970725345,4.473157930355455,2.9294707585835735,1.247970198502231,1.013246880667604,0.13629798640431787,0.028746252724508144,0.15717335319877934,0.1630249193338683,0.015137549089576242,nan,nan,nan,0.9979196272805403,1.3128640538237986,3.0,0.12332139971707068,4.619397662556434,3.086582838174551,5.0,4.999999999999998,1.428882724177154,1.6916464422082425
7.45,4.5483537285234865,2.9918341102550676,1.255510267892964,1.017435746377035,0.1446067147937959,4.49226931667245,2.9872241147315948,1.25673927630627,1.0150004990037922,0.12636244108348502,0.028748134104118795,0.15922330169522297,0.16554061791628694,0.01551000728707363,4.674173323825921,3.362856189902737,0.6258517832532151,0.9975407165242243,1.3181170751240452,3.0,0.11277873055280267,4.619397662556434,3.086582838174551,5.0,4.999999999999998,1.4053214719932456,1.706723712735235
7.500000000000001,4.561759845223118,3.0302831451165324,1.2612361630825908,1.0178349267952127,0.1421776009635522,4.520958803753332,3.0653226459069653,1.265521307643786,1.018487682092504,0.12108102393912598,0.028149169245423326,0.15305904830520808,0.15882595070008632,0.015057814494535655,nan,nan,nan,0.9978814025106477,1.3218445140089268,3.0,0.10530168501342393,4.619397662556434,3.086582838174551,5.0,4.999999999999998,1.4072124916528401,1.701438251894022
7.551,4.581428041748842,3.0881285154964577,1.269644381782247,1.0180834764708664,0.13866146734172552,4.539150639164575,3.1236653984340967,1.2735824339680146,1.0186826173353594,0.10860044918590818,0.028149083091523756,0.15514883935829488,0.1613787745788994,0.015503109649435921,nan,nan,nan,0.9980444423672364,1.3280704136798849,3.0,0.09239972597816652,4.619397662556434,3.086582838174551,5.0,4.999999999999998,1.403843761845422,1.6946262608024174
7.6000000000000005,4.60057628092292,3.146153897505705,1.2778469003847783,1.0181840127268251,0.1352330552616583,4.543215874737925,3.1662141951675458,1.2894046170022753,1.018819257517169,0.129064990983371,0.026491588165089498,0.15648383512881464,0.1630643020568187,0.01505209750095942,nan,nan,nan,0.9984116420162301,1.3299522599769917,3.0,0.08593954796112635,4.619397662556434,3.086582838174551,5.0,4.999999999999998,1.4087887720089605,1.6910178906871647
7.6530000000000005,4.61306215668243,3.1849348572658824,1.2831289376707844,1.0183746176670603,0.12980838947934797,4.560009051670695,3.2249969603294533,1.2978433854482418,1.019146324954083,0.10413638968645521,0.02648966071505359,0.1585264198907957,0.16558990269427576,0.015497061976308943,nan,nan,nan,0.999550967031784,1.327812255208096,3.0,0.08525073104310714,4.619397662556434,3.086582838174551,5.0,4.999999999999998,1.449486276778227,1.6560837743086252
7.702000000000001,4.631385487478454,3.243250023059176,1.2906494588517448,1.018659765160686,0.12235855443549955,4.55606475987465,3.2869670630192123,1.295308876414321,1.0206022361022833,0.11178706518644924,0.027635837438073445,0.1523349630603206,0.1587330206356485,0.015042799332623851,4.330002345966204,3.508028122021199,0.46875535425314213,0.999550967031784,1.327812255208096,3.0,0.08525073104310714,4.619397662556434,3.086582838174551,5.0,4.999999999999998,1.46275914375096,1.6560837743086252
7.750000000000001,4.643337679081608,3.2822155976995186,1.295411933952549,1.0187525741600052,0.11697164133164495,4.572588283019342,3.345931044798913,1.302604601450594,1.0205706568823574,0.12404863832842306,0.027645529290965597,0.1544211593019519,0.1612901744972787,0.015408780108770073,nan,nan,nan,0.9997598929131408,1.3172231044884886,3.0,0.10120900166740074,4.619397662556434,3.086582838174551,5.0,4.999999999999998,1.46275914375096,1.6390721758243025
7.800000000000001,4.655085973552745,3.321245723836172,1.2999524760828198,1.0188260576107275,0.11120370877579666,4.579613855225385,3.3868669674148717,1.3130545528557092,1.0205215946411206,0.1279879592982338,0.02688820507643171,0.15575414188731762,0.16297959104302473,0.014970039830251336,nan,nan,nan,0.9998826086705215,1.317927370543538,3.0,0.09650627557944022,4.619397662556434,3.086582838174551,5.0,4.999999999999998,1.4775719482630112,1.6243013448791042
7.8500000000000005,4.672341733931143,3.3799057076109422,1.306296594109423,1.0189596760638513,0.10139496130335371,4.595071621372147,3.4461143723304284,1.3197571978584728,1.0204648332033277,0.08437044107838232,0.02688121815768322,0.1577951576920281,0.1655092049582758,0.015335150357575692,nan,nan,nan,0.9999960529215532,1.3158642080101033,3.0,0.09760190009851788,4.619397662556434,3.086582838174551,5.0,4.999999999999998,1.4979315656166088,1.6039701636412034
7.9,4.683611779751961,3.4190834692540797,1.3101985734384882,1.019010867291497,0.09549340979764989,4.631691195446772,3.4257484306353794,1.322688426474162,1.0170182585985306,0.11433011070648083,0.027204313633918117,0.15170256167871507,0.158671030638029,0.01490047489207844,4.911004873418519,2.8545479944217824,1.6995402741040782,0.9999924639262066,1.315874909033865,3.0,0.09399974589745373,4.619397662556434,3.086582838174551,5.0,4.999999999999998,1.490100862725881,1.610918820501106
7.95,4.7001840991573065,3.47795068232502,1.3157337302298522,1.0192388833304686,0.09082066566777344,4.646543714891373,3.4849493753749528,1.3285646945036618,1.0177838384624585,0.07148641615524336,0.027195494675537644,0.15378637171652648,0.1612339361855097,0.015264733471042314,nan,nan,nan,0.9998328596002904,1.340972028739723,3.0,0.05411060854697771,4.619397662556434,3.086582838174551,5.0,4.999999999999998,1.47291832000544,1.6363050382369393
8.0,4.711021207542509,3.5172644053709052,1.3193361104362196,1.0194243701533363,0.08977372999138014,4.659932410608302,3.523092691219199,1.327075853518753,1.018217438985418,0.06261013569805315,0.02791516884827338,0.15511876762297688,0.1629276777624916,0.014843099538762582,nan,nan,nan,0.9999150526631984,1.341599151876636,3.0,0.05109300747171227,4.619397662556434,3.086582838174551,5.0,4.999999999999998,1.4623882216147206,1.644302460809449
8.051,4.726973463882853,3.5763272040497602,1.3247079629230196,1.0195743493081513,0.0896635856491336,4.67455969995285,3.5824183155331593,1.3337769231747387,1.0186928802348645,0.1032907509849954,0.027930878785158725,0.15716052132437772,0.165462010047075,0.015206450139611881,nan,nan,nan,0.999848477047214,1.3444842870769331,3.0,0.04540296355956706,4.619397662556434,3.086582838174551,5.0,4.999999999999998,1.4509008336003597,1.6530380257164574
8.1,4.737412255171805,3.615757653342118,1.328275350995637,1.0196100280984959,0.08833157748594224,4.657500833071477,3.664630355248852,1.3381538444249372,1.0212366140637736,0.08536515353060735,0.027817433415886755,0.15115517490462588,0.15863737037353995,0.014915221044049801,4.36643407278455,4.042960049381673,1.0597754761741427,0.9999355283605058,1.345132303597384,3.0,0.04263058862945435,4.619397662556434,3.086582838174551,5.0,4.999999999999998,1.4754187501979636,1.6268522906779035
8.151,4.752787155499307,3.6749744092849945,1.333379113522266,1.0194470940364027,0.08155001548703275,4.6714819313552365,3.72428159163696,1.34431351576304,1.020821455724485,0.07196516258387223,0.027819528683626072,0.15324017752330107,0.16120513318837604,0.015223945898335728,nan,nan,nan,0.9998302065235608,1.319725698472208,3.0,0.07540044746879987,4.619397662556434,3.086582838174551,5.0,4.999999999999998,1.5082439179026175,1.584483075760417
8.200000000000001,4.762853924835501,3.7144894446243826,1.3364975441744977,1.019247785681012,0.07579201609567651,4.6749992723041505,3.7660367465000086,1.354332583044924,1.0204825362098329,0.07303726890069204,0.02673997829239253,0.15457169209289517,0.16290352406555372,0.014788990887857918,nan,nan,nan,0.9996734312117439,1.3187562637850576,3.0,0.07332537098383418,4.619397662556434,3.086582838174551,5.0,4.999999999999998,1.513172380287889,1.5784886403075362
8.251000000000001,4.777691970614283,3.773811049431115,1.3407276644416621,1.018896392106066,0.06615353222494764,4.688070458127782,3.8258437704245853,1.3586035899182018,1.0199550836379097,0.06622375712454252,0.026742772431865503,0.15661227866702526,0.165443756254975,0.015280458708670128,nan,nan,nan,0.9991568573320982,1.3132652925051,3.0,0.07802164136304532,4.619397662556434,3.086582838174551,5.0,4.999999999999998,1.5349811631339154,1.552498949509184
8.302000000000001,4.792235486692,3.83318135161276,1.3443442441989368,1.0185172084392893,0.05616703494803173,4.70007634188851,3.7633004854448484,1.3645650309520085,1.0129345623066488,0.07283557450653969,0.026453053254234297,0.1506803748925717,0.15862830181502394,0.014785012159943704,4.800601991506167,2.807901403652947,3.932480493942411,0.9988734100550343,1.311131460353807,3.0,0.07686938626608442,4.619397662556434,3.086582838174551,5.0,4.999999999999998,1.5412312838335365,1.544510641260369
8.352,4.8017819977392975,3.8727948659714824,1.3464808174308638,1.0187637247686705,0.052174682970782114,4.712486285551479,3.822819325761634,1.3668984888335112,1.0143281975413672,0.05022995111126952,0.026448396368911095,0.15276354315378182,0.16120215323000867,0.015142467746077276,nan,nan,nan,0.9994977703924968,1.332870499807638,3.0,0.052892602588686874,4.619397662556434,3.086582838174551,5.0,4.999999999999998,1.533059372390583,1.5780651258604466
8.401,4.815899431961534,3.9322875565361417,1.3494657706754978,1.019143387894033,0.048185615404990334,4.72338441863974,3.861703058722159,1.366268254763158,1.0151612201332136,0.06221224051092307,0.026956679901450748,0.15409455487242724,0.16290538742154093,0.01471581723814664,nan,nan,nan,0.9993645480029103,1.331246860304939,3.0,0.05233266223684177,4.619397662556434,3.086582838174551,5.0,4.999999999999998,1.527133745167197,1.5779961889153866
8.451,4.825184992120883,3.9719874391886663,1.3513320613722066,1.019265135315939,0.04573360213522231,4.735689435188049,3.9213783736219443,1.3698089237033386,1.0161434608344981,0.05998758703470035,0.026959040721369707,0.15613572155864527,0.16545128679870832,0.01506991527844308,nan,nan,nan,0.9994268252651997,1.3324088543535115,3.0,0.049229773704457566,4.619397662556434,3.086582838174551,5.0,4.999999999999998,1.5280137557704414,1.5743284583515886
8.5,4.83437630849419,4.011711708557935,1.3530959914733665,1.019281668292756,0.042987769976214854,4.715372367407761,3.9658955848858386,1.3577634534905811,1.0165538290897023,0.005793522449289911,0.02893211975648255,0.15027025746694767,0.1586402955260302,0.014711534152766926,4.299813750458186,4.038926809534441,0.7405901669570583,0.9992269864861401,1.3304868401867371,3.0,0.04880327099897094,4.619397662556434,3.086582838174551,5.0,4.999999999999998,1.53281917045171,1.5641323256578041
8.552000000000001,4.847997090854974,4.071329683559586,1.35552162262359,1.0190544059530104,0.038525376996937075,4.72824715092539,4.025522243148292,1.3595512188585257,1.0168155282639375,0.031850586892148904,0.02893958525518864,0.15235803135020468,0.16121661547545516,0.015144194865151532,nan,nan,nan,0.998157370169507,1.2988355538371237,3.0,0.0764200148982643,4.619397662556434,3.086582838174551,5.0,4.999999999999998,1.5480333148628311,1.5365007103694452
8.600000000000001,4.8614324414221946,4.130966197235787,1.3576325330684202,1.018634126172639,0.03248535567777057,4.738672304298525,4.0647296878887085,1.3576710163904497,1.0168141475687966,0.006946392862750999,0.02927808149649467,0.1536923697259874,0.16292139488729335,0.014714490421170732,nan,nan,nan,0.998157370169507,1.2988355538371237,3.0,0.0764200148982643,4.619397662556434,3.086582838174551,5.0,4.999999999999998,1.5480333148628311,1.5365007103694452
8.65,4.870266567360705,4.17067844754057,1.3595807362913466,1.015705613251623,0.06329680767260835,4.751530823095821,4.124331773774558,1.3601511496306176,1.013402664962806,0.06336808135346172,0.029282038341426102,0.15573902017639474,0.16546758002267756,0.015064291740340434,nan,nan,nan,0.9813349224149538,1.5511829412086047,4.0,0.4387685436676171,5.0,4.999999999999998,4.619397662556434,6.913417161825448,1.0879329820998618,1.8609416215968464
8.700000000000001,4.87897891629405,4.2102777892063665,1.3629717774587056,1.0124025760265725,0.09666699441505508,4.853566152234141,4.192693812051421,1.3648890505208315,1.0134000214889887,0.08313349847870816,0.02892544219473528,0.14992983591129913,0.15865675509606317,0.014707003899314897,5.822626298645731,4.383741293682842,4.3647188119258535,0.9795419418595847,1.562774922013968,4.0,0.4145293075751383,5.0,4.999999999999998,4.619397662556434,6.913417161825448,1.093017806446263,1.850194658513544
8.753,4.891792640860441,4.269456248497029,1.3703329533405837,1.006185041164726,0.14190034148206185,4.865843070067168,4.252124129528158,1.3724760095983326,1.006569024244035,0.15153723285990936,0.028932031414265834,0.15201981606504172,0.16123528681007734,0.015054667697518268,nan,nan,nan,0.967205479727855,1.6292846983167908,4.0,0.27748248654065255,5.0,4.999999999999998,4.619397662556434,6.913417161825448,1.006455834638677,1.855652114506124
8.8,4.900127975419461,4.308720467759873,1.3766716946622124,1.0018444324714995,0.16729268962415178,4.875662722685378,4.291025673637129,1.3754170669691765,1.0022779599903653,0.1427289664949712,0.029264888113955462,0.1533547160750772,0.16294295994549346,0.014705523110583612,nan,nan,nan,0.967205479727855,1.6292846983167908,4.0,0.27748248654065255,5.0,4.999999999999998,4.619397662556434,6.913417161825448,1.006455834638677,1.855652114506124
8.852,4.912271794424084,4.367403801610363,1.3877228057836657,0.9965484864461803,0.19455757976361884,4.887097897939671,4.349950268733534,1.3864141258923672,0.9970006205194182,0.19264535653850068,0.02927172373713794,0.15540025655197853,0.16549521138172085,0.015053868066221133,nan,nan,nan,0.9657416513355919,1.6489241687279537,4.0,0.23755113122662613,5.0,4.999999999999998,4.619397662556434,6.913417161825448,1.0213001934397625,1.854714036715721
8.9,4.923916157925884,4.425912015702963,1.4001280074669797,0.9924251500818564,0.21496939393553832,4.8840646539889665,4.427785813335399,1.398002809023854,0.9966879874299094,0.19874998827347076,0.02868718436978768,0.14963520679337403,0.1586875817175052,0.014757842990188742,4.794387977675601,4.7520953592698785,0.5619579894820421,0.9657416513355919,1.6489241687279537,4.0,0.23755113122662613,5.0,4.999999999999998,4.619397662556434,6.913417161825448,1.0213001934397625,1.854714036715721
8.954,4.931364543793672,4.464859366830932,1.4089893568944438,0.9903001242815062,0.2251339489537186,4.894071917048021,4.486662082442024,1.4123315568706378,0.9930357508210259,0.2516332080386896,0.028704137452258336,0.15172105632990185,0.16127754287487278,0.015053426455072108,nan,nan,nan,0.9671706791503398,1.6549484747575132,4.0,0.2253411307846705,5.0,4.999999999999998,4.619397662556434,6.913417161825448,1.0374398698271445,1.8492768764093457
9.001000000000001,4.942016756008915,4.523249275834239,1.4228618144029666,0.9880495624192334,0.23442291299803367,4.902914506503199,4.525203960745378,1.4184943414568403,0.9914963533586,0.22380998221016876,0.02915332402024192,0.15305272734688796,0.16299492258602094,0.014631003942309834,nan,nan,nan,0.9681292756427868,1.6654776354636318,4.0,0.2040399641801073,5.0,4.999999999999998,4.619397662556434,6.913417161825448,1.0729205962114912,1.8310522655595212
9.05,4.9487444076237805,4.562179509505621,1.432377034454958,0.9868383213983201,0.24003429440112684,4.911666229053293,4.584004391607962,1.4323367692740199,0.989531635867055,0.23058604147510917,0.029156440106305637,0.15509236490848122,0.16556256201170777,0.01505438293031637,nan,nan,nan,0.9676627415517132,1.6734965382640308,4.0,0.1878481351525117,5.0,4.999999999999998,4.619397662556434,6.913417161825448,1.058884203305858,1.8448428079592938
9.100000000000001,4.958234464525765,4.6206026233495034,1.447016439478286,0.985566963560716,0.24639626856773847,4.909440456911781,4.704773734736655,1.4430653575932748,0.9941971965234566,0.2721082340464188,0.02928875490426802,0.1493654458630749,0.15875665773404446,0.0146263819522543,4.787423940206756,5.426736383485179,2.501626369461749,0.9686375740429158,1.6834452899952732,4.0,0.1677931795055381,5.0,4.999999999999998,4.619397662556434,6.913417161825448,1.073697099275227,1.8425538282588991
9.151,4.964139821567722,4.659577605671769,1.4569249271790907,0.9846149460990228,0.24826892308100756,4.9167726994790595,4.7639270111954755,1.4573294129828653,0.9918182767494665,0.25880588103789076,0.029286058525635886,0.15144569863895405,0.16136161882279038,0.014970721589203487,nan,nan,nan,0.968663727106408,1.6940686036214707,4.0,0.14641525401881147,5.0,4.999999999999998,4.619397662556434,6.913417161825448,1.082930183114225,1.8182533339616775
9.201,4.972337527412039,4.718078106313412,1.4718880155204412,0.9836819426048009,0.2501362929070715,4.922416196917479,4.803059830125537,1.4652822190958046,0.9907525288164496,0.23578303393647126,0.029488243994276776,0.15277379145285366,0.16308914440950914,0.014557317901635202,nan,nan,nan,0.9698793914104938,1.7033905578925008,4.0,0.12768366668381873,5.0,4.999999999999998,4.619397662556434,6.913417161825448,1.0928302473954488,1.8239689772940428
9.251000000000001,4.977350030376201,4.757121362134702,1.4819147951318283,0.9834591932312102,0.2509328997959893,4.928378722839183,4.862177921785856,1.480779196004688,0.9896665967909087,0.25208696165007255,0.02949924113697182,0.15480762635938056,0.16567036347828049,0.014901588812370973,nan,nan,nan,0.9707748527030755,1.7128914694307875,4.0,0.10861538858294947,5.0,4.999999999999998,4.619397662556434,6.913417161825448,1.1023877676871785,1.8251381294900932
9.3,4.981992209260831,4.796206836777793,1.4919650916977156,0.9834322099385551,0.251331354259045,4.897664236568972,4.819108088795769,1.4958575055378587,0.9833689172346999,0.24695725748454028,0.028831586922658345,0.1491156345697397,0.1588584073024483,0.014492229330449155,4.615238284615977,4.058597583600658,2.795764579216033,0.9718495282951847,1.7186175741859875,4.0,0.09713284802273879,5.0,4.999999999999998,4.619397662556434,6.913417161825448,1.1125372831945857,1.8243828484184261
9.350000000000001,4.988255620737312,4.854959033850717,1.5069484019834591,0.9852315931315518,0.24704794225663002,4.90182622472916,4.877998208518673,1.50939411068814,0.9860424670265512,0.23133452573406438,0.028830648956209837,0.15118974216271838,0.16147524113144412,0.01483641566895826,nan,nan,nan,0.9793526479768879,1.6994197713934787,4.0,0.1356596716389252,5.0,4.999999999999998,4.619397662556434,6.913417161825448,1.2037329662848308,1.8120034854116818
9.402000000000001,4.993672913994325,4.913954835293181,1.5215572871569394,0.9878367027845716,0.24117543294774668,4.907527417622072,4.936671842026811,1.521500075402976,0.9891521445726739,0.21755803823322117,0.029211544793996493,0.1531934743571606,0.16407711457732388,0.014554142563671565,nan,nan,nan,0.9805053301585186,1.7071734905928406,4.0,0.12008876249389035,5.0,4.999999999999998,4.619397662556434,6.913417161825448,1.2076076489733856,1.8120034854116818
9.450000000000001,4.996810382123748,4.9534042499187585,1.5311190012073257,0.9892412319036594,0.23774690201255644,4.909393021729135,4.976210064086736,1.5307600612939307,0.9907966393931746,0.22484917639984547,0.029217780045609893,0.15454378249459164,0.16580310062285059,0.014783167089309364,nan,nan,nan,0.9808173813314349,1.7132297159729402,4.0,0.10793691273754452,5.0,4.999999999999998,4.619397662556434,6.913417161825448,1.2076076489733856,1.803807719817594
9.5,4.999568831573071,4.992933641120062,1.540551775083542,0.9905043779427898,0.23458764557536255,4.961739118185934,4.906068728795277,1.537049812694562,0.9849217801362917,0.2042058781564457,0.029543080584891038,0.1488860235137673,0.15897963821998712,0.014387933623239917,5.50680497594178,3.8858548729067093,5.750406236114568,0.9822619549478934,1.7193905690587874,4.0,0.0935071768479415,5.0,4.999999999999998,4.619397662556434,6.913417161825448,1.2142944354065006,1.8003066175811944
9.551,5.002996860171056,5.052358996038965,1.5545496829184968,0.9921079890011206,0.23336996663168513,4.963485817859615,4.965189074756684,1.550038294209389,0.9877587314196001,0.22242743360512732,0.02955102398821363,0.15095813538966246,0.1616038220561372,0.014729069898866992,nan,nan,nan,0.9796315689408435,1.739227727426451,4.0,0.055850791645197316,5.0,4.999999999999998,4.619397662556434,6.913417161825448,1.1839747299773715,1.8271437716478824
9.602,5.005576053623934,5.111911332089959,1.5685342411799745,0.9934275958582651,0.23223560042584257,4.9635107577199395,5.004827311037798,1.5589293259900714,0.9896062378208423,0.1914412744231662,0.029431210870239474,0.15228220497745895,0.16334409506242362,0.014415090627508665,nan,nan,nan,0.9809368300343463,1.7456094943820177,4.0,0.0426038469846496,5.0,4.999999999999998,4.619397662556434,6.913417161825448,1.2019170253754798,1.8106886790092647
9.65,5.006826401340713,5.151672219426701,1.5778054386669544,0.9942373487664223,0.23147473628844195,4.96393263762105,5.064248184420345,1.5741208585543534,0.9920100287959017,0.24518910581641448,0.029453796561260816,0.15431051512222566,0.1659406203175921,0.014756903419498077,nan,nan,nan,0.9819574361276525,1.7491769652622078,4.0,0.03484635005651416,5.0,4.999999999999998,4.619397662556434,6.913417161825448,1.1985899774444144,1.8161798757222907
9.700000000000001,5.007703187230557,5.191474759070669,1.5870146099848683,0.9950492505944035,0.2286713287253294,4.945726944918194,5.039275276529703,1.5848669592736666,0.988932562831049,0.18675003895234088,0.0291194336569492,0.1486847267439694,0.15910112670831722,0.014363498668751314,4.798171570342475,4.440525829401041,1.5889201091022362,0.983685386879033,1.7550029651041092,4.0,0.022840139136726417,5.0,4.999999999999998,4.619397662556434,6.913417161825448,1.2371760420704943,1.783671077066631
9.752,5.008323867311017,5.25126835334361,1.6005191975756146,0.9970373157785577,0.22233014025493922,4.9446175162292345,5.098666865908507,1.598711872629747,0.9926952400512068,0.20810905830605175,0.029132283508520856,0.15075718412314312,0.16172682488965243,0.01470510061099042,nan,nan,nan,0.9874930763303876,1.7431899297730737,4.0,0.04556798720129649,5.0,4.999999999999998,4.619397662556434,6.913417161825448,1.2673403455289602,1.7929092258653088
9.801,5.008116203149934,5.311201666932694,1.6136139000636158,0.9992304342955972,0.21485459803006246,4.9410551925795385,5.138678539949104,1.6103159555518785,0.995107596973065,0.1979141455328916,0.02876522311547898,0.15208215798683125,0.16346745296858994,0.014321952154109521,nan,nan,nan,0.9888588876700561,1.7481231266218085,4.0,0.03506937423212443,5.0,4.999999999999998,4.619397662556434,6.913417161825448,1.288942549994642,1.7706890653259861
9.851,5.007524921827382,5.351220917793909,1.6220743373268527,1.0005502814684788,0.2094262235516437,4.93844717244142,5.198394078560399,1.6226710650344078,0.9983049463700134,0.18604570819125604,0.028768231190618932,0.15411237343096623,0.16606220162925875,0.014663318952625688,nan,nan,nan,0.9902471923929252,1.750092218502031,4.0,0.030757358458794258,5.0,4.999999999999998,4.619397662556434,6.913417161825448,1.3011012377146993,1.762098710138844
10.025,5.007524921827382,5.351220917793909,1.6220743373268527,1.0005502814684788,0.2094262235516437,4.93844717244142,5.198394078560399,1.6226710650344078,0.9983049463700134,0.18604570819125604,0.028768231190618932,0.15411237343096623,0.16606220162925875,0.014663318952625688,nan,nan,nan,0.9902471923929252,1.750092218502031,4.0,0.030757358458794258,5.0,4.999999999999998,4.619397662556434,6.913417161825448,1.3011012377146993,1.762098710138844
10.05,4.999362685498869,5.551913350258784,1.660462412622475,1.0069247882192387,0.173177427745767,4.885546873183463,5.389722570107089,1.6711285701940461,1.0066266907272958,0.15745928109817325,0.027540123183147625,0.1539561324709025,0.16614677061814698,0.01458904659149151,4.59587225306594,5.133195697512259,0.4514580668468195,0.9967665617905052,1.7407376177059584,4.0,0.042430100866688344,5.0,4.999999999999998,4.619397662556434,6.913417161825448,1.3982799600443236,1.6881158992592553
10.102,4.995320945444839,5.612270425887513,1.670485218297713,1.0083860273907823,0.16298781017371772,4.869799159125935,5.414066443622415,1.6739405683587936,1.0068844996533826,0.13279913374395705,0.0279279477092732,0.14838501023845066,0.15927260627245604,0.014214894813068566,4.723622064643353,5.257339472636659,0.1766562056502028,0.9973660167900181,1.74372526893602,4.0,0.036222840378638224,5.0,4.999999999999998,4.619397662556434,6.913417161825448,1.3959266773197878,1.687749348667171
10.15,4.9922483681824765,5.652526101951426,1.6768592277812744,1.0092926025564182,0.15712137820730562,4.863451392814617,5.474183167509576,1.6814056598035103,1.0087857648765892,0.1434739920409624,0.02793263212352986,0.15046751269396125,0.1618827249515783,0.014555395504260863,nan,nan,nan,0.9980577914634632,1.7362757519716177,4.0,0.04691871240303584,5.0,4.999999999999998,4.619397662556434,6.913417161825448,1.403611442978177,1.6843776868214837
10.201,4.98709758772605,5.712925462745502,1.6859884792115156,1.0104070374610086,0.148473337249668,4.862334683360305,5.514130641210164,1.6837374758204913,1.009795345153018,0.13785824528613197,0.02844867659652097,0.15179999659079535,0.16361205726074068,0.014189095542838995,nan,nan,nan,0.9983550922584838,1.7387704380739384,4.0,0.04141631714291549,5.0,4.999999999999998,4.619397662556434,6.913417161825448,1.4134124663878718,1.6707276075663866
10.25,4.983317410702298,5.753190925035952,1.6918111810076928,1.0109373343849852,0.14389479423890192,4.855340318840857,5.574338925438164,1.6921932869303662,1.010961414700442,0.1228617736901432,0.02844781977861818,0.15384183066304777,0.16618743098308061,0.014529176691549798,nan,nan,nan,0.9982623460396987,1.7426977579404839,4.0,0.03471820383021318,5.0,4.999999999999998,4.619397662556434,6.913417161825448,1.406599545363784,1.6731937954948564
10.3,4.97927138904952,5.793448704278829,1.6974684711696442,1.0113795219848485,0.13989136812951466,4.836019444856023,5.638981947743541,1.6997908049756347,1.0133316663410195,0.13999938156360056,0.028311388244045832,0.1482903577558196,0.15930220115198954,0.01415878477104727,4.695022352774879,5.839428798135215,0.30735290053924436,0.9985952624208564,1.7452039761104696,4.0,0.029832120038583335,5.0,4.999999999999998,4.619397662556434,6.913417161825448,1.4087977073781075,1.669540355966304
10.350000000000001,4.972724398546047,5.853811972508235,1.705622852208118,1.0118711846302724,0.13224311959868623,4.8280251975920985,5.6992614294407575,1.708332889227024,1.0136746996481796,0.1294149547799775,0.028314313577532384,0.1503791007622969,0.16190178552285422,0.014579996255413495,nan,nan,nan,0.9992250575914037,1.7391619243037544,4.0,0.036170520809782,5.0,4.999999999999998,4.619397662556434,6.913417161825448,1.434721870556119,1.6408357232895983
10.4,4.968054921910169,5.894033343142903,1.7107697516629548,1.0121345038683554,0.12646695326593202,4.816563484362525,5.739480820707068,1.7208787803413248,1.0138452605144657,0.1408353395337104,0.027453319064383797,0.1517161133135731,0.16362365853023542,0.014209193517410549,nan,nan,nan,0.9994676568703504,1.740963867388586,4.0,0.03225121735886807,5.0,4.999999999999998,4.619397662556434,6.913417161825448,1.4406986655315785,1.635059636192283
10.450000000000001,4.960615381658745,5.954331446310408,1.7180370550316286,1.012528652342028,0.11652254475883186,4.807306878775843,5.799608777528314,1.7283964020259903,1.0141192365312155,0.10156909138240022,0.027449365475982573,0.15376527684755778,0.16618696051257253,0.014546728961808857,nan,nan,nan,0.9998668762352575,1.7371960545317964,4.0,0.035646282989199835,5.0,4.999999999999998,4.619397662556434,6.913417161825448,1.4707286862756557,1.607012237220102
10.502,4.952681266100789,6.014588233638096,1.7246934998231123,1.012883630402373,0.10740134400487715,4.861230159733186,5.901992420182698,1.727364416273664,1.017961336019596,0.09671309592627204,0.028109797022091616,0.14822881256571718,0.15929549297904794,0.014175523683995299,5.4481563423700745,6.436042457310726,2.880186022373734,0.9969496753513675,1.8054909374815435,4.0,-0.03986657501195076,5.0,4.999999999999998,4.619397662556434,6.913417161825448,1.341652879438124,1.6986619663207452
10.553,4.9471299993317945,6.054718494748456,1.7290664692871869,1.0123628355703969,0.11178384724610471,4.851561317715729,5.9622790283496725,1.7345945131663554,1.01654851017134,0.11522561792728521,0.028115692043939673,0.15032436438285943,0.16188449760260282,0.014512810666223203,nan,nan,nan,0.9969496753513675,1.8054909374815435,4.0,-0.03986657501195076,5.0,4.999999999999998,4.619397662556434,6.913417161825448,1.341652879438124,1.6986619663207452
10.601,4.938434392986731,6.114667793300909,1.7367663221193272,1.0057537420542273,0.14738070136947004,4.843700372049389,6.002287628361907,1.7398826517298247,1.0094718795763153,0.11394893898644938,0.02793336225037619,0.15166576991970912,0.16359963309642947,0.014149480073471677,nan,nan,nan,0.9666202317151443,1.993697352599033,5.0,0.33538701010292526,4.619397662556434,6.913417161825448,3.5355339059327378,8.535533905932738,0.9582515726177074,1.843379596573912
10.651,4.932417022012438,6.154312367584168,1.7433704423096021,1.0003374433493806,0.17494943760932863,4.8333854724546566,6.061783745846478,1.7487059993980445,1.0008622117344632,0.18421088899254576,0.0279400663316806,0.15372041381608115,0.16615409321925018,0.014486428565316102,nan,nan,nan,0.9660147844223095,2.001338110962488,5.0,0.31969556031686297,4.619397662556434,6.913417161825448,3.5355339059327378,8.535533905932738,0.9613594866308535,1.8545667131396837
10.700000000000001,4.926208888759733,6.193733212890402,1.7509225910918103,0.9958802511779116,0.19595018381400356,4.8142610296622195,6.0560815307187035,1.752538933951186,0.9936902480482577,0.1908197708956067,0.02828629498318771,0.14819312153770298,0.15926309158280302,0.014121799036007932,4.664699931937806,5.632319346250906,0.8255526013031738,0.9652002482126607,2.013294295272929,5.0,0.29521781402917,4.619397662556434,6.913417161825448,3.5355339059327378,8.535533905932738,0.9935858473526966,1.8399820237833133
10.751000000000001,4.916489461686055,6.252526984076568,1.7634552887524935,0.9913740573804034,0.2159612967434393,4.803257644469581,6.114586551589801,1.7659290555522809,0.9900948944126828,0.2339456765755845,0.028296442084869356,0.15029343221957028,0.16184696624826386,0.01445837758857187,nan,nan,nan,0.9686745427519092,2.007822297156124,5.0,0.3064094136476203,4.619397662556434,6.913417161825448,3.5355339059327378,8.535533905932738,1.054347838519813,1.8321659388616696
10.8,4.909699178522776,6.291560697607599,1.7723066139520192,0.9895243928341774,0.2241143513104265,4.796974080195697,6.15349186724469,1.7725927903109628,0.988669391246456,0.19967459703886303,0.02850181027514012,0.15163904180527832,0.16356022887924107,0.014100856436431858,nan,nan,nan,0.9690451765883514,2.0153918989597366,5.0,0.290932520392532,4.619397662556434,6.913417161825448,3.5355339059327378,8.535533905932738,1.0663379923874003,1.8275699813492998
10.850000000000001,4.8989964379273365,6.349896991643293,1.7861216765237702,0.9871952671481594,0.23483654587533626,4.784858694319946,6.2115210200553275,1.7864945987346434,0.9868703015613277,0.25183763931300757,0.028515703198232833,0.15370051267861476,0.16611401138958398,0.014437037128185051,nan,nan,nan,0.9687058690630197,2.023426310088347,5.0,0.27454247785912855,4.619397662556434,6.913417161825448,3.5355339059327378,8.535533905932738,1.050876604149901,1.8436374858509632
10.9,4.891492615699872,6.388650990687203,1.7956546441832448,0.9860246791177225,0.2397683745362574,4.796123646658068,6.190617553740187,1.79425784715544,0.9818166123213768,0.22575408088559434,0.02871630160034046,0.1481813189535813,0.15922864690864916,0.014077633539949123,4.990507669189215,5.639107959376444,1.4203838798750241,0.9694481303124103,2.0343200178426257,5.0,0.25237678310719874,4.619397662556434,6.913417161825448,3.5355339059327378,8.535533905932738,1.081440191418,1.8234463372915408
10.950000000000001,4.879645549332246,6.446602871536055,1.8101921635322278,0.9851863853355182,0.24391094792838608,4.782791315573171,6.248001654601525,1.8087062629710242,0.982431112137449,0.2303907586208659,0.028720245317209375,0.15029094483948746,0.16181257218543427,0.01441342606491624,nan,nan,nan,0.9715854898213758,2.033214342234072,5.0,0.25462366120563407,4.619397662556434,6.913417161825448,3.5355339059327378,8.535533905932738,1.1000583155716324,1.8363245360990523
11.0,4.871329490559038,6.485142077096838,1.8199974966744252,0.9851481448349168,0.24568214299125382,4.7762107398668485,6.2864302747187315,1.8152723335060132,0.9831641679730317,0.24307594976194788,0.029122814749939024,0.1516443161682544,0.16352557350640906,0.01406056674544777,nan,nan,nan,0.972571833156125,2.0434592231060225,5.0,0.23382819107672861,4.619397662556434,6.913417161825448,3.5355339059327378,8.535533905932738,1.1109403506692708,1.8308866241775736
11.053,4.858203624825876,6.542807209524043,1.8347976836876474,0.9850784743044472,0.24725516512845808,4.761657531976252,6.343614307702333,1.8301421069850017,0.9839652876235809,0.24589409776535798,0.029127473189934455,0.15371731481649312,0.16607835448227606,0.014395921102179533,nan,nan,nan,0.9734641671302703,2.06102748494981,5.0,0.19828074596770667,4.619397662556434,6.913417161825448,3.5355339059327378,8.535533905932738,1.1236282195842215,1.8195690752663594
11.100000000000001,4.849010127583263,6.5811448507337555,1.8446998359722384,0.9850599965139404,0.2475397719064306,4.799766324564194,6.467755036399611,1.837886950215518,0.9883206281742977,0.22818489574074727,0.030014336800861786,0.14891331398144844,0.16005858905248938,0.014152761894741912,5.313041129202165,7.029058771907284,2.7314914528083936,0.9734641671302703,2.06102748494981,5.0,0.19828074596770667,4.619397662556434,6.913417161825448,3.5355339059327378,8.535533905932738,1.1236282195842215,1.8195690752663594
11.151000000000002,4.834549416441329,6.638439279786528,1.8597141904694885,0.9829637619184076,0.2544607352269877,4.789260655740121,6.505839033684368,1.8472156393562331,0.9858278941010344,0.24678956789796289,0.030018531075056098,0.15032587388542282,0.1617770998264927,0.014375711518384673,nan,nan,nan,0.9625165637675117,2.107907503900669,5.0,0.10396839255257131,4.619397662556434,6.913417161825448,3.5355339059327378,8.535533905932738,0.9995774395807389,1.8431404600796912
11.201,4.81930913767431,6.695345544895948,1.8752744705641513,0.9802172186680826,0.26192081522026206,4.785039156264801,6.54457177334632,1.8490455322189794,0.9840550196659426,0.24599435012945045,0.03096284780492456,0.1516883542496291,0.16348660045414282,0.014026623020806258,nan,nan,nan,0.963756524965014,2.11726951377918,5.0,0.08520235853804248,4.619397662556434,6.913417161825448,3.5355339059327378,8.535533905932738,1.0230221963273012,1.8357521652777713
11.25,4.8087036813917745,6.7330753897131475,1.885861647935119,0.9785325042433712,0.26626642133814526,4.768567993271648,6.601217974996134,1.863826673186951,0.981514330331499,0.2544130339995499,0.030966095557742365,0.1537735278799003,0.16603351481664527,0.014441854085995043,nan,nan,nan,0.9618212993043426,2.1262607566214395,5.0,0.06719364987064413,4.619397662556434,6.913417161825448,3.5355339059327378,8.535533905932738,1.0064686739557354,1.8413188670595553
11.302000000000001,4.792111075455202,6.789366002538428,1.901994703881752,0.9768112770970726,0.2701573820060592,4.7278524280385135,6.6052705256667394,1.8797300885996917,0.9787126281346077,0.2582226967328077,0.03038505883154006,0.14826072630049292,0.15915193230076732,0.014079848635052182,4.464727211086369,6.287635459299187,0.7233132046791448,0.963419495210145,2.1351409870978917,5.0,0.04941797792847086,4.619397662556434,6.913417161825448,3.5355339059327378,8.535533905932738,1.0283194801317674,1.8387319946649496
11.351,4.780572931768348,6.826734931663033,1.9127506423995795,0.9773951044344436,0.2675704477679925,4.709698656771285,6.661150337128881,1.8956300294322566,0.9803065006187202,0.25854509359822164,0.030391125319975516,0.15039746718907349,0.16172236585216124,0.014492857770271813,nan,nan,nan,0.9714266010666097,2.119356959217423,5.0,0.08102025664715208,4.619397662556434,6.913417161825448,3.5355339059327378,8.535533905932738,1.112901642005307,1.825204096472254
11.402000000000001,4.762512408523194,6.882622281114346,1.9286253404984757,0.9787996357751858,0.262336583646713,4.696850137654537,6.698249219233193,1.906699750157794,0.9814448408591739,0.2373138348228516,0.030359209218956334,0.1517723358180374,0.16342332172093818,0.014127644598709592,nan,nan,nan,0.9732793348813621,2.127321718495652,5.0,0.06506940592943014,4.619397662556434,6.913417161825448,3.5355339059327378,8.535533905932738,1.133938713722886,1.8208319048531687
11.451,4.749968528301128,6.919766241578269,1.9390452627670782,0.9798101900176024,0.25944169395682676,4.6771467280411505,6.753772088601019,1.9236583271470697,0.9830744367275782,0.2823145469267188,0.03037909824098746,0.153877269307092,0.16595548957603515,0.014457947798035243,nan,nan,nan,0.9746642238864042,2.1322811698206485,5.0,0.055141524562635075,4.619397662556434,6.913417161825448,3.5355339059327378,8.535533905932738,1.133938713722886,1.8208319048531687
11.508000000000001,4.730400778480618,6.975305470163832,1.9543997869296983,0.9814488529082986,0.2526598216979229,4.730537796193292,6.800002869549882,1.9270376118416515,0.9835274464763718,0.22707660382822517,0.03111305227708331,0.14836309115602153,0.15907431385785634,0.014092718298769649,5.387907564303127,6.870305360088947,1.8888421081176634,0.9767945466473718,2.1395090243918196,5.0,0.04067745744231608,4.619397662556434,6.913417161825448,3.5355339059327378,8.535533905932738,1.1723515736948722,1.7940520278877459
11.552000000000001,4.716863296955139,7.0121878999098755,1.9645154309421449,0.9813677439964568,0.2540352427394005,4.7096773650449215,6.855227350294578,1.9408189250930221,0.9837944152334743,0.20306496608685534,0.03110920515802688,0.1505191274972671,0.16162985491470583,0.014422934531758037,nan,nan,nan,0.9695263601291245,2.174543910154528,5.0,-0.02940003903900175,4.619397662556434,6.913417161825448,3.5355339059327378,8.535533905932738,1.0730608566601023,1.8339184685361523
11.600000000000001,4.695854024770294,7.067221944528053,1.9799029166366113,0.9810609956941448,0.2578061840554186,4.692619220023052,6.891319886716367,1.9538303057612678,0.9837815399121403,0.2632970150004537,0.030734641077511674,0.151908191421406,0.1633194325546697,0.014065577373914633,nan,nan,nan,0.971244976981492,2.1812098490538463,5.0,-0.04273630207531994,4.619397662556434,6.913417161825448,3.5355339059327378,8.535533905932738,1.1284341759430192,1.8087335140902971
11.65,4.681375566474055,7.10373348650841,1.990182442149887,0.9814022903965947,0.25600773039910374,4.670285953459134,6.945962482568963,1.9690474166751386,0.9842235609155335,0.25689401483136187,0.03073760684159095,0.15403375163974362,0.16583368382329902,0.014395607513103129,nan,nan,nan,0.9735951463285349,2.184142622477148,5.0,-0.04860491171750707,4.619397662556434,6.913417161825448,3.5355339059327378,8.535533905932738,1.1284341759430192,1.8087335140902971
11.705,4.658943572888294,7.158247726029015,2.0054163638857063,0.9822017895092385,0.2521291877946748,4.624781288987772,7.0318197130177715,1.9859991707538924,0.9877632671030132,0.24355758706444003,0.03055735821085417,0.14923996538505108,0.1598030825373509,0.01414765815048452,4.429901859423852,7.275743753343537,0.5460340544323011,0.9770919008021135,2.195425505165235,5.0,-0.06673747717750007,4.619397662556434,6.913417161825448,3.5355339059327378,8.535533905932738,1.1448125305850751,1.8075567870982503
11.751000000000001,4.643512496865991,7.194423676705831,2.0154500165654192,0.9828011510907603,0.25003447793512296,4.60875185502805,7.067936400267802,1.9955870820932426,0.9880964449389591,0.22715746297823686,0.030556257101770398,0.15069097255689615,0.16148975771100466,0.014367211490594958,nan,nan,nan,0.9770919008021135,2.195425505165235,5.0,-0.06673747717750007,4.619397662556434,6.913417161825448,3.5355339059327378,8.535533905932738,1.1448125305850751,1.8075567870982503
11.8,4.6277035313839345,7.230463574820064,2.0253976868684354,0.983505475092983,0.24758084589667986,4.5917285309038425,7.103751560907982,2.0060099990591294,0.9886643733555028,0.22924013551254258,0.03046883021947543,0.15209721273214666,0.1631631349812096,0.014015966683096515,nan,nan,nan,0.9787302262641302,2.20220559479306,5.0,-0.07699462384915684,4.619397662556434,6.913417161825448,3.5355339059327378,8.535533905932738,1.162627657313286,1.8007572250301491
11.850000000000001,4.603284750689137,7.284272195704891,2.040108044759118,0.9847244765693567,0.24316804384366902,4.566454297559694,7.15743521857982,2.020522348619542,0.9895856514984837,0.22958189416045566,0.03047422897690646,0.1542473962268696,0.16565310492891677,0.014478404197397664,nan,nan,nan,0.9799960415893036,2.2063647321702313,5.0,-0.08273808428200112,4.619397662556434,6.913417161825448,3.5355339059327378,8.535533905932738,1.1767988111691265,1.7944709020923983
11.9,4.578028493791681,7.337778543994195,2.0545293766602812,0.9860877801410209,0.2380884589953549,4.536650132432445,7.246454131000615,2.0309618451280027,0.994219605473985,0.24942773706762106,0.03043093028340654,0.14871186311378032,0.15878369131756687,0.014063354007007476,4.436976484655384,7.70727605167953,1.0711141653528542,0.9815210632950702,2.213063932062982,5.0,-0.09154836948418477,4.619397662556434,6.913417161825448,3.5355339059327378,8.535533905932738,1.1931131067829421,1.7870723417848977
11.950000000000001,4.560737011436596,7.373268307802088,2.063988114757395,0.986405463632049,0.23547898949892634,4.509899541968311,7.299772646322207,2.0452415391664562,0.9938859363885619,0.22438315655339963,0.030430469728946287,0.1509152467865642,0.1612923541672184,0.01452352468926643,nan,nan,nan,0.9800364581763562,2.2311133954958113,5.0,-0.11622336977760334,4.619397662556434,6.913417161825448,3.5355339059327378,8.535533905932738,1.1764496353391063,1.7773620967884354
12.0,4.543096919698867,7.4085960409647535,2.0733569849905504,0.9867212619119954,0.23338334071587682,4.486322765940399,7.333506322248206,2.060649267725953,0.9937643490345079,0.2333498045636311,0.029680983769851257,0.15233969518828044,0.16294688934384385,0.014106002343644264,nan,nan,nan,0.9813894705954547,2.238469606020293,5.0,-0.12360324667700176,4.619397662556434,6.913417161825448,3.5355339059327378,8.535533905932738,1.1823649788666497,1.78254265418544
12.05,4.515982909180905,7.461300086423069,2.0872236266856263,0.9877501371805796,0.2286769423920886,4.458029403582958,7.385993351139201,2.074257969967346,0.9941272159396697,0.22554189750202402,0.029683815287883955,0.15451683008730718,0.16540787536931473,0.014431914174098488,nan,nan,nan,0.983956571948208,2.240017665899933,5.0,-0.12274130004854424,4.619397662556434,6.913417161825448,3.5355339059327378,8.535533905932738,1.2168577728843997,1.7682831237554342
12.101,4.488084647217705,7.513679997965073,2.1007484159011547,0.9891109527338886,0.22302041292663044,4.385252344919789,7.495315060839979,2.0846334469425543,1.000673472230497,0.20350494186330503,0.0294702404242028,0.14908163787145862,0.15869354118345827,0.014216990537723793,3.888254917460215,8.124848415559526,3.1426906481116736,0.9851078609481398,2.247054087862847,5.0,-0.12837645988994462,4.619397662556434,6.913417161825448,3.5355339059327378,8.535533905932738,1.2273927864665581,1.765347622151443
12.152000000000001,4.469060896505961,7.548411711303862,2.109604089900119,0.9895933264986295,0.22046500465369614,4.355509567199581,7.547453473959165,2.0987221926820254,0.9998308075445272,0.22507265101214177,0.029481257664858707,0.15131175259443658,0.16117451102515917,0.014487300630824877,nan,nan,nan,0.9864571889978727,2.2634855978033372,5.0,-0.13283676933739882,4.619397662556434,6.913417161825448,3.5355339059327378,8.535533905932738,1.2353414748816312,1.7495735694358532
12.200000000000001,4.439914273996083,7.600206060980122,2.1226795575683868,0.990344413752732,0.2156360078552005,4.339441792808986,7.5834077549119066,2.1033680889256283,0.9994776326955667,0.2310154575427055,0.030072165100821203,0.152754308409158,0.16280963371855925,0.01411875116621454,nan,nan,nan,0.9864571889978727,2.2634855978033372,5.0,-0.13283676933739882,4.619397662556434,6.913417161825448,3.5355339059327378,8.535533905932738,1.2353414748816312,1.7495735694358532
12.25,4.42008189707927,7.634534677662184,2.131236669351544,0.9907601021580991,0.21290883349427245,4.3087764198891545,7.634931579198831,2.1151854766624254,0.9989041749070194,0.18154402465801425,0.030064259324537674,0.15495533124279115,0.1652441655211215,0.01457543910960279,nan,nan,nan,0.9858171541836633,2.271988957818842,5.0,-0.1394520314412529,4.619397662556434,6.913417161825448,3.5355339059327378,8.535533905932738,1.2295782582754204,1.7506284989208967
12.3,4.399936337276598,7.668698288584001,2.139714382804844,0.9911884492916272,0.21160500564938817,4.274420352545322,7.681843376029669,2.130900844627609,0.9998817636550323,0.22144736964900416,0.02938335252136084,0.14935549590037128,0.1583920258204657,0.014145251559694264,4.204159346993066,7.794618963761008,0.10525286096066572,0.9864073223112535,2.280252634373884,5.0,-0.14257980877363507,4.619397662556434,6.913417161825448,3.5355339059327378,8.535533905932738,1.218012297543764,1.7679785509517283
12.350000000000001,4.369136501246728,7.719640984914461,2.152317243705696,0.9920780383725425,0.20777225119214698,4.242334716678601,7.732524501521929,2.144718145039624,0.9996755760509046,0.2290185148407087,0.029391583611396273,0.15160945804566295,0.16084378711465977,0.0144679800473189,nan,nan,nan,0.9882677945701143,2.284231978112966,5.0,-0.1400765806756955,4.619397662556434,6.913417161825448,3.5355339059327378,8.535533905932738,1.2572157123231122,1.740051217059979
12.4,4.337646646841064,7.7702322537075075,2.164573571856227,0.9931655675743372,0.201637193613969,4.219926975941847,7.765804981185219,2.1548732852810417,0.9998138282111724,0.21749595235835745,0.029308248904211718,0.15307053284338676,0.1624578805572679,0.014250201824803578,nan,nan,nan,0.989091546388718,2.2925582201111716,5.0,-0.14155527416054287,4.619397662556434,6.913417161825448,3.5355339059327378,8.535533905932738,1.2718017956755001,1.7321072090175758
12.450000000000001,4.316276624907101,7.803766267118476,2.172547178953837,0.9939314502270173,0.1979323839840869,4.18665453461298,7.8157260762774285,2.167173439883852,1.0001161742830067,0.20530187170339462,0.029310571894330138,0.1552986181990458,0.16486200312078494,0.01451795859992271,nan,nan,nan,0.9898352011634058,2.2975762368300168,5.0,-0.14141356249911624,4.619397662556434,6.913417161825448,3.5355339059327378,8.535533905932738,1.2774005599237728,1.731512652684012
12.501000000000001,4.283735747269441,7.853651848748522,2.1848389901746046,0.9897349608944614,0.21475014624394467,4.169008297312693,7.919739263572919,2.1808947104801764,0.9991468860948274,0.1929178726522903,0.028658747751242362,0.14966893655067026,0.15804265612756538,0.01414023016428729,4.3183926360464255,8.575706904859722,2.0868306381462824,0.9644237713105189,2.4347148302255226,6.0,0.23675509765608416,3.5355339059327378,8.535533905932738,1.9134171618254514,9.619397662556432,0.9162968745423634,1.821818739453807
12.55,4.261815311089274,7.886495181690895,2.1938741140554026,0.984850368663509,0.2322882519455546,4.134536859194569,7.968591496768718,2.193499160403518,0.9908977727706012,0.2116270956816232,0.028658768117203595,0.15194965543437947,0.16046563083316445,0.01446167439198412,nan,nan,nan,0.9577327688042607,2.472676775314424,6.0,0.16007501730999052,3.5355339059327378,8.535533905932738,1.9134171618254514,9.619397662556432,0.9162968745423634,1.8373087709232743
12.601,4.228594664672249,7.935134993614564,2.2085427962584836,0.9789802874863838,0.2517304209448842,4.1112324669441005,8.000635390113581,2.2028602344719204,0.9865337565802522,0.24572262720281787,0.028643521788500634,0.15342980186423438,0.16205988955597636,0.014094507080316034,nan,nan,nan,0.9590097963857408,2.490169608839908,6.0,0.12491087787922833,3.5355339059327378,8.535533905932738,1.9134171618254514,9.619397662556432,0.9665459065201644,1.8318959278618734
12.65,4.206178933850181,7.967180753863714,2.2188254951195105,0.9761722388829945,0.25967514859156315,4.076098523668972,8.04813210920233,2.218184968346022,0.98142149819638,0.2718947033887923,0.028650235308537022,0.1556855478244324,0.1644365397480337,0.014413519416748167,nan,nan,nan,0.9590097963857408,2.490169608839908,6.0,0.12491087787922833,3.5355339059327378,8.535533905932738,1.9134171618254514,9.619397662556432,0.9665459065201644,1.8318959278618734
12.701,4.172091693924334,8.014718623648143,2.2346669350171604,0.973330571940217,0.26623530626574493,4.075606204408161,8.063271249248649,2.2272101206763644,0.9774644990217574,0.23719072047209547,0.028737513111656624,0.15002060526632194,0.15765844261001755,0.01412154169070834,4.310384642841928,7.909569512982263,0.3042937611718917,0.9605180437101639,2.500123014721081,6.0,0.10493817232512442,3.5355339059327378,8.535533905932738,1.9134171618254514,9.619397662556432,0.9981291475754266,1.8264275239895702
12.75,4.149025105281354,8.046076236622852,2.2454092406706034,0.9722097259756813,0.2699739746798807,4.039587115957964,8.109506030074014,2.244394025243122,0.9757673923962707,0.28384468136276897,0.028752755987094276,0.15232949003171226,0.16005809942232901,0.014516793189628709,nan,nan,nan,0.9613161652051494,2.5062651207903985,6.0,0.09262395534666651,3.5355339059327378,8.535533905932738,1.9134171618254514,9.619397662556432,0.9972340143987088,1.844646438363135
12.8,4.113871593295834,8.092631750430238,2.2616889215856295,0.9714073314172283,0.2713261857245479,4.008499542362737,8.136493568811181,2.263996478418486,0.9753401915278176,0.25414206551639185,0.02779338721724972,0.1538333334557735,0.16163405569244885,0.014215519480566144,nan,nan,nan,0.9634847087604573,2.5154648965811797,6.0,0.07419227342233636,3.5355339059327378,8.535533905932738,1.9134171618254514,9.619397662556432,1.0386214864073828,1.8247583553313405
12.850000000000001,4.090042046503031,8.123365783437993,2.272516039776487,0.9717913385044614,0.27014797284296066,3.9708652699473337,8.18130296960781,2.2801574681133596,0.9757055342522604,0.2592076035612372,0.027799145154690782,0.1561258078179771,0.16398263578718278,0.014532986936665864,nan,nan,nan,0.9679027177242452,2.5180455808117213,6.0,0.06902428555785833,3.5355339059327378,8.535533905932738,1.9134171618254514,9.619397662556432,1.070096862833988,1.8289305176005806
12.901000000000002,4.053669028737442,8.169036398345686,2.288625776161561,0.9729020689128982,0.26709354366109866,3.9641457011163737,8.098248915915542,2.2918067718654918,0.9694395755459762,0.28651150801086384,0.027764402563889925,0.15042490691188318,0.15724734838323884,0.014148655773391793,4.102662253657086,7.055340238830531,4.765024185155355,0.9698808652460246,2.526212562365582,6.0,0.05267511194532523,3.5355339059327378,8.535533905932738,1.9134171618254514,9.619397662556432,1.0912099762875818,1.8220091761952586
12.950000000000001,4.028970889005624,8.19923270085024,2.299093833364563,0.9757753478773757,0.2578501082087139,3.9254613830076903,8.141788812380552,2.307082080041684,0.9743696454631566,0.2327929952319981,0.02775823057746881,0.15277296331444376,0.15961728343425197,0.014550319747267603,nan,nan,nan,0.9804448889993721,2.489893516419605,6.0,0.1254652261901972,3.5355339059327378,8.535533905932738,1.9134171618254514,9.619397662556432,1.225489468611666,1.790540495865315
13.0,3.991189551995646,8.244207281886094,2.314155485397065,0.9799538838767177,0.24699525266424738,3.897306794032972,8.169527096827387,2.31988194006896,0.9779027730568556,0.2308152604839391,0.027487639714056385,0.1543049930911431,0.16117232842646592,0.014169759009136366,nan,nan,nan,0.9819776029279034,2.497223044716585,6.0,0.11075498098258815,3.5355339059327378,8.535533905932738,1.9134171618254514,9.619397662556432,1.2147890875238883,1.7989775853629935
13.05,3.9655333285671803,8.273958969350288,2.3238803187825736,0.9823816870906024,0.2407688008729553,3.8570739222155175,8.212363027600508,2.334501474119719,0.9824811606317709,0.23251950408383523,0.027493701381139112,0.15663577432926434,0.16349218841405355,0.014486694373528468,nan,nan,nan,0.9836567277902599,2.5009232852950336,6.0,0.10333329192489563,3.5355339059327378,8.535533905932738,1.9134171618254514,9.619397662556432,1.2291503754754163,1.7876222027664856
13.100000000000001,3.93951763620963,8.303515948609764,2.3333659580787,0.9845118356069186,0.23477633793172603,3.769298120135401,8.336577451690285,2.346394172994281,0.992525516804214,0.21039655600032586,0.02717381926123986,0.151017002030038,0.1569380125379766,0.014259816536609545,3.2641557327300275,9.1833422911062,4.662943332703408,0.9850661379883241,2.507540087092123,6.0,0.09006870314302112,3.5355339059327378,8.535533905932738,1.9134171618254514,9.619397662556432,1.240626772847739,1.7737270084978825
13.15,3.8998623521490177,8.347454719514229,2.347225302551977,0.9863172906737946,0.22956381893837946,3.72739279591712,8.378923577642261,2.360018894335819,0.9930894648511583,0.22265575061765033,0.02718086471613802,0.1534012577793364,0.1592788859753637,0.014521809224475579,nan,nan,nan,0.9823098665603311,2.534768999836715,6.0,0.03555380691784307,3.5355339059327378,8.535533905932738,1.9134171618254514,9.619397662556432,1.1825161821690868,1.779323417896127
13.200000000000001,3.873050721642458,8.376445648938939,2.356367848698069,0.98682777393268,0.22749159104628203,3.6998957430486032,8.40734040433996,2.3679628952571967,0.9932235064819125,0.20047011281408006,0.027293521621716353,0.1549572452440172,0.16081186060288427,0.014144188097818861,nan,nan,nan,0.9837158187625581,2.540731760094713,6.0,0.023625640730751282,3.5355339059327378,8.535533905932738,1.9134171618254514,9.619397662556432,1.2034085809650628,1.7674225777476247
13.251000000000001,3.8322884147499647,8.419480534490894,2.369902041942231,0.98773422695385,0.2242745900571211,3.6570863529780424,8.448801696363606,2.381659780320061,0.9935047153644571,0.2232828840533514,0.027302760257345033,0.15731806700774162,0.16310087761889822,0.01446053918905789,nan,nan,nan,0.984386202368729,2.54490695106118,6.0,0.015274456923061161,3.5355339059327378,8.535533905932738,1.9134171618254514,9.619397662556432,1.20242569626962,1.772881773430306
13.3,3.7908832284295646,8.461979759048699,2.383214784930959,0.9888344343747419,0.21957379278028447,3.6242679112015117,8.564928783848238,2.3846105363738666,0.9987252376676368,0.23346029934208226,0.027970307116744125,0.15149504985627651,0.15644534861249432,0.014086664594751351,3.612714473430893,9.347464850644243,2.813067677889232,0.9858219789919567,2.550251897388148,6.0,0.004584275335526036,3.5355339059327378,8.535533905932738,1.9134171618254514,9.619397662556432,1.2291651632321885,1.7563152071937684
13.350000000000001,3.7629506379322795,8.489992704824704,2.3920271213545017,0.9880597194207276,0.2211089650687484,3.580539544954283,8.60586352678211,2.3984942979865984,0.9966708764143823,0.22076352852565423,0.02797189944450945,0.15390056128187035,0.1587583110928505,0.014403643619035848,nan,nan,nan,0.9791044722153184,2.5893967982647053,6.0,-0.07373891972801697,3.5355339059327378,8.535533905932738,1.9134171618254514,9.619397662556432,1.1439891892176184,1.7715797354164686
13.4,3.7347897388078426,8.51772544945357,2.400918145534602,0.9873707762130666,0.22261530979763075,3.551316502732565,8.632897890568254,2.4067603232431463,0.9954168228983395,0.21267485543504075,0.027999254951160887,0.15547220399066503,0.16027123797463697,0.014037609617779926,nan,nan,nan,0.980687393411411,2.5953449597855895,6.0,-0.08348073593940904,3.5355339059327378,8.535533905932738,1.9134171618254514,9.619397662556432,1.1597638743098417,1.7737050368862919
13.450000000000001,3.692100432780742,8.558823676473846,2.4143152619760007,0.9869942473715504,0.22345950476247217,3.5068577845263422,8.672739117809778,2.4192785019645484,0.9941662755728581,0.2054482942496013,0.027999967416805677,0.15785324922708688,0.16253330385463605,0.014441562105151351,nan,nan,nan,0.9814856608010541,2.599486829334185,6.0,-0.08972353553885772,3.5355339059327378,8.535533905932738,1.9134171618254514,9.619397662556432,1.1674103133984575,1.7754499473235412
13.502,3.648860656890143,8.599337240293925,2.4277174014521012,0.9871618604224286,0.22301280497077683,3.5328730167272506,8.596024428673555,2.4289424168331575,0.9859148298432426,0.2198595334817815,0.027876475544192245,0.15197033025286716,0.15593717880981064,0.014069456660318707,4.0413992964388505,7.65859890142161,4.884415006223265,0.9827062381250055,2.6055247837130446,6.0,-0.09815036487344159,3.5355339059327378,8.535533905932738,1.9134171618254514,9.619397662556432,1.180667948229742,1.7750481580755495
13.551,3.6197027530309165,8.626050627206215,2.436507562325744,0.9888431649275399,0.2171301851339306,3.487902477859181,8.634515125394028,2.442126751818712,0.9887191564450591,0.18833353566731414,0.027874910738159897,0.1543975112880171,0.15822329940275157,0.014385700386600787,nan,nan,nan,0.9889070644086471,2.5780296754849337,6.0,-0.04881772065535396,3.5355339059327378,8.535533905932738,1.9134171618254514,9.619397662556432,1.279250237181064,1.750624386350967
13.600000000000001,3.5902509801687357,8.652552438932576,2.4450454439723575,0.9906562752417389,0.21134860741446815,3.4565817186338563,8.65913118723327,2.452453761598628,0.9909185318229126,0.20681888797238562,0.027728158453473623,0.1559865072941217,0.15971719299591564,0.014160800930317656,nan,nan,nan,0.9901477874291259,2.5826147078217705,6.0,-0.05583727257682988,3.5355339059327378,8.535533905932738,1.9134171618254514,9.619397662556432,1.2803049228546537,1.7511019623299773
13.65,3.5455452881449676,8.691898349406328,2.4574476976835635,0.9930451750274722,0.20299036126589604,3.4259154533206377,8.684274714106275,2.461568036999603,0.9928972092216438,0.20643670901425692,0.027732969125435235,0.15759185302160736,0.16121108159008327,0.014449863238487135,nan,nan,nan,0.9912341225813363,2.5849582083751708,6.0,-0.05890389846955472,3.5355339059327378,8.535533905932738,1.9134171618254514,9.619397662556432,1.3007082694418548,1.7327664993935747
13.700000000000001,3.515404851103714,8.717854452968956,2.465429249172466,0.994444242960457,0.19734141626920496,3.411162459231418,8.697672194197475,2.4697486563486066,0.9926526939824382,0.15748584652297026,0.028114631102657106,0.1524517263142039,0.1554196672898658,0.014119724088381684,3.697805927506762,8.459467586652204,0.55321906613961,0.9920367697487781,2.5878520153293736,6.0,-0.0627727128446655,3.5355339059327378,8.535533905932738,1.9134171618254514,9.619397662556432,1.3100937345427255,1.7237963023206313
13.75,3.4697135992965444,8.756373950289698,2.4770274045526928,0.9963816418063794,0.19098176316892237,3.364354451701253,8.734586575257053,2.482121239399846,0.9953956443952713,0.1878939694388886,0.028125647451559946,0.15490126827912754,0.15768351581695678,0.014433764580856219,nan,nan,nan,0.9927880840714038,2.589920210890722,6.0,-0.06571598605804191,3.5355339059327378,8.535533905932738,1.9134171618254514,9.619397662556432,1.3030460388245564,1.7375720252325262
13.8,3.4389419885836903,8.781779420525076,2.484572422171679,0.9976057425793506,0.18668173051362583,3.330636956517529,8.756989996468125,2.4933684129780582,0.9969742304512432,0.18268784389686546,0.027781334900694052,0.1565072410525123,0.1591602269357946,0.014215364368475574,nan,nan,nan,0.9937499297757467,2.593983580338424,6.0,-0.07040403651532064,3.5355339059327378,8.535533905932738,1.9134171618254514,9.619397662556432,1.3273519743753102,1.7126238216399339
13.850000000000001,3.3923442217111015,8.819476551244245,2.4955059545458176,0.9991869328925762,0.17877634097012085,3.2827910046731525,8.792966310738782,2.504363961422494,0.999126991182272,0.1759728641081558,0.027784816418117128,0.15893426061273574,0.1613737155316631,0.014609461003956407,nan,nan,nan,0.9948469082151136,2.594931433831594,6.0,-0.07029936380788242,3.5355339059327378,8.535533905932738,1.9134171618254514,9.619397662556432,1.3426728468808058,1.7012116343239212
13.9,3.3609974725528784,8.844336036372642,2.5025272857204097,1.000137660955219,0.17345089873157885,3.267311596730309,8.780395512635236,2.506290346198062,0.9978788272682783,0.18328610060870532,0.028314789404237165,0.15293232396480638,0.15490511766464282,0.014165542698952004,3.3844901713033755,8.400468468754914,0.6398233620097158,0.995563448108627,2.598595975905804,6.0,-0.07363078927135552,3.5355339059327378,8.535533905932738,1.9134171618254514,9.619397662556432,1.3505244230590714,1.6924421752224768
13.950000000000001,3.31357530037876,8.881223450461889,2.512645325075235,1.0016046533587424,0.16458679436321888,3.2189650385052686,8.815789040703658,2.5157876643091095,1.0001659908902316,0.1427154963174471,0.028310840618362875,0.1553994658147245,0.15714920665757753,0.014610478372452619,nan,nan,nan,0.9967594821980224,2.5868169812352324,6.0,-0.054578654368055396,3.5355339059327378,8.535533905932738,1.9134171618254514,9.619397662556432,1.3806270033932566,1.6755780280178032
14.0,3.2656842104950607,8.91764496881034,2.5222383135784616,1.0029774690558486,0.15696024276145543,3.1890367065553966,8.841643265730719,2.51820170510028,1.0014863912001049,0.1341452699275548,0.028733625186388972,0.15701666822065896,0.15861291646038683,0.01417183143860268,nan,nan,nan,0.9972601482442753,2.5898295956982196,6.0,-0.057147388810343924,3.5355339059327378,8.535533905932738,1.9134171618254514,9.619397662556432,1.3726220956667952,1.680575492780168
14.05,3.2335148295443443,8.941667671643925,2.528432303772656,1.0036337894363956,0.15366337008307862,3.140105451678365,8.876575649689622,2.52867602559016,1.0030234417289583,0.16155696990978538,0.02874341007738069,0.15945587646440174,0.16081148286712088,0.014483196876589274,nan,nan,nan,0.9971236784733012,2.594066076925514,6.0,-0.06201710091469856,3.5355339059327378,8.535533905932738,1.9134171618254514,9.619397662556432,1.3638255635276568,1.6841024630613162
14.101,3.184925300847106,8.977317861926737,2.5374418035412596,1.0044335688465251,0.14717551918801067,3.0697143838543033,8.874183081393488,2.534684685311353,1.0039563209811493,0.15939654288679483,0.02920394228842609,0.15421755115258642,0.15515616117475298,0.014208128092579033,2.8368678385251727,8.447963046942306,1.022565875693479,0.9976598759128245,2.5971017130758964,6.0,-0.06387756798783759,3.5355339059327378,8.535533905932738,1.9134171618254514,9.619397662556432,1.3856505978044242,1.6616820843338047
14.151000000000002,3.1523172480694774,9.00083820724025,2.5431160168264437,1.0051251155609748,0.13810894882460287,3.036683034780562,8.89703960660753,2.5408350589136983,1.0049317378975187,0.13776813078779723,0.029200964979740705,0.15586752890580058,0.15664051791923952,0.01454943117491,nan,nan,nan,0.9993065590613022,2.56856384809891,6.0,-0.0223577666747031,3.5355339059327378,8.535533905932738,1.9134171618254514,9.619397662556432,1.4469543537149614,1.6116766781589036
14.201,3.103093498101354,9.035766044084163,2.550979932428515,1.0060408590451877,0.12660175661893025,3.005312915987338,8.921640478515505,2.543618574625449,1.0057315372205808,0.12228257849940705,0.029512671139849147,0.15749255883188276,0.1580938349318725,0.014117726008241231,nan,nan,nan,0.9995720371095254,2.5700923116668677,6.0,-0.023434310057183605,3.5355339059327378,8.535533905932738,1.9134171618254514,9.619397662556432,1.4394279425778223,1.6169851962070925
14.251000000000001,3.0700843139066305,9.05882073659193,2.555905332534177,1.006501188477184,0.12119274056660942,2.9553400250578052,8.955497162789666,2.5520978516382637,1.0066419797702975,0.13484742218139725,0.02951905226686531,0.1599405130904326,0.16027971572750513,0.014429235350413148,nan,nan,nan,0.9995693973605025,2.5729659270154697,6.0,-0.02646088327700774,3.5355339059327378,8.535533905932738,1.9134171618254514,9.619397662556432,1.4467130302095301,1.6053727471144439
14.3,3.0369316897863343,9.081696625228467,2.560620425255763,1.006887799839691,0.11561345671800298,2.916519343779956,8.972419104379679,2.556508701404928,1.0072146829168487,0.10615262502774947,0.02956638004738153,0.15381480631365518,0.15394163082429135,0.01405598480065502,2.8739792537941615,8.900888245690973,0.03105691478345774,0.99975405122211,2.574277069854941,6.0,-0.026848236765910416,3.5355339059327378,8.535533905932738,1.9134171618254514,9.619397662556432,1.4467130302095301,1.6053727471144439
14.350000000000001,2.986953147615541,9.115687573863633,2.5672697030691536,1.007347010445966,0.10749266589291806,2.8660737556494964,9.005717880064465,2.5621474697252795,1.0077769148099947,0.0971602549778152,0.02956663775665284,0.156299409594452,0.156161081473715,0.014368384855543238,nan,nan,nan,0.9999250010576313,2.568756140309532,6.0,-0.019350702035650535,3.5355339059327378,8.535533905932738,1.9134171618254514,9.619397662556432,1.4497752280259983,1.6015954447176113
14.403,2.9366979690641366,9.149307791622787,2.5734664518932324,1.0076854697061581,0.10033698104181096,2.8302521147650714,9.025414322175752,2.5702306406623556,1.008041901866719,0.1031350217470424,0.02921002310597297,0.15793069626824055,0.15760530714962187,0.014006345675547087,nan,nan,nan,0.9999742660813559,2.5693215939251144,6.0,-0.019011554991978596,3.5355339059327378,8.535533905932738,1.9134171618254514,9.619397662556432,1.4529468931375351,1.5967410617547875
14.451,2.9030532751534124,9.171524960446435,2.577344096564249,1.0078551417678554,0.09469378296625888,2.7792973909258802,9.058012454957998,2.5758150938686413,1.008356712652927,0.05848896376405929,0.029205101275192803,0.16038673589671032,0.15977906680599036,0.014316708084184554,nan,nan,nan,0.9999938421436707,2.566721263894553,6.0,-0.015487110704686058,3.5355339059327378,8.535533905932738,1.9134171618254514,9.619397662556432,1.4708592197273025,1.5777879782585829
14.502,2.852391784951633,9.204570547182414,2.582777414649436,1.0080233520403152,0.08805482915980203,2.7425257776893597,9.125637247282334,2.5753011376458677,1.0104036587778387,0.11613038079284141,0.029694789853633007,0.15420484102524162,0.15350208577989755,0.01402882329199525,2.739538799159158,9.528878706458181,0.7688548805457261,0.9999555363954125,2.5663849364899485,6.0,-0.0142825397341379,3.5355339059327378,8.535533905932738,1.9134171618254514,9.619397662556432,1.4610936515976483,1.5858826131088573
14.551,2.8185414121608865,9.226378618030923,2.586676446441046,1.0049549297109561,0.10831918884690624,2.6913502587852145,9.158045161100032,2.579678742935114,1.0056320190667323,0.08244623414681558,0.029684102118821963,0.15669463716239318,0.15571296033559107,0.014419999864368272,nan,nan,nan,0.9766934724496201,2.796000849236002,7.0,0.30072052411276196,1.9134171618254514,9.619397662556432,2.8327694488239896e-15,10.0,1.0420323614930946,1.8250416930783062
14.600000000000001,2.7847321583585933,9.247944927370488,2.5917088477284187,1.0009793187978413,0.1359785618893042,2.643606081213722,9.194029547534587,2.579809633551868,0.9997583395493254,0.14524171201215214,0.030260130528876023,0.15915016587553332,0.15787778991008372,0.014155056406621118,nan,nan,nan,0.9766934724496201,2.796000849236002,7.0,0.30072052411276196,1.9134171618254514,9.619397662556432,2.8327694488239896e-15,10.0,1.0420323614930946,1.8250416930783062
14.65,2.7340594458722243,9.279852544791815,2.6010974553624586,0.9957252262526985,0.1698357909692709,2.6097632174869854,9.215265037238943,2.585779077823874,0.9962041712613355,0.16578465876100826,0.030260334457646965,0.16078632873698992,0.1593217310458193,0.014359522380168643,nan,nan,nan,0.9741036777165757,2.8051890448567462,7.0,0.2819540740711137,1.9134171618254514,9.619397662556432,2.8327694488239896e-15,10.0,1.0307492202386315,1.826619720597881
14.700000000000001,2.7002793928661384,9.300823641866314,2.6083264718473664,0.9927809342047876,0.1863779767122702,2.5825732995535255,9.261641976509713,2.5947768839040624,0.9939147241054341,0.2267631792973125,0.030215170080501848,0.15455276869729262,0.15310303513732965,0.014066679250094595,2.687212951318054,9.511198211644754,0.3292550097970373,0.9736812438665852,2.815713935756964,7.0,0.2605169540084371,1.9134171618254514,9.619397662556432,2.8327694488239896e-15,10.0,1.0559407672509538,1.8131176140414171
14.750000000000002,2.649553203251035,9.331814810506494,2.620155085812447,0.9888600179419015,0.20382522849696233,2.531587217449657,9.292418999559764,2.6059952936817954,0.9898875911584634,0.2012400488888282,0.030207702790669363,0.157049828845579,0.15530673420002392,0.014377244686284145,nan,nan,nan,0.9711615946055117,2.835517783011028,7.0,0.22033562446674215,1.9134171618254514,9.619397662556432,2.8327694488239896e-15,10.0,1.0570488358580092,1.7978609897410556
14.8,2.615679337720028,9.352146672909365,2.6285420871943987,0.9866239497125843,0.2131562952787517,2.495052593334646,9.309371857340585,2.6195220403274178,0.9878400298295844,0.22121174694839568,0.029758147907887982,0.1586940911700869,0.15673701504601695,0.014013046279188038,nan,nan,nan,0.97350443313813,2.8502313949674343,7.0,0.1905973026717431,1.9134171618254514,9.619397662556432,2.8327694488239896e-15,10.0,1.0874099893984575,1.8025686557597904
14.850000000000001,2.5647191500278863,9.382139383229076,2.641715045687418,0.9843936849572372,0.22300183661311995,2.4436051286273193,9.338701938718133,2.6327968884596284,0.9857860420986069,0.2516102036023898,0.029764762230225436,0.16117024147802342,0.15889165711869296,0.01432438858392337,nan,nan,nan,0.97350443313813,2.8502313949674343,7.0,0.1905973026717431,1.9134171618254514,9.619397662556432,2.8327694488239896e-15,10.0,1.0874099893984575,1.8025686557597904
14.902000000000001,2.513506572688319,9.41151597917404,2.655270885702004,0.9831624551092488,0.2273978828573954,2.4900560706497328,9.291150645471914,2.645356619030718,0.9778603413738498,0.22968317235831384,0.02941945882725883,0.15489879467769183,0.15271971029574238,0.013962891375803897,3.251930862699142,8.710386642597166,3.9172899272554473,0.9744082536208976,2.8595198636666064,7.0,0.17186769304028082,1.9134171618254514,9.619397662556432,2.8327694488239896e-15,10.0,1.1119136824446074,1.790794445183629
14.950000000000001,2.479174464394788,9.430763769778272,2.664347183354429,0.9840154548966034,0.22619061256322484,2.4383146704549863,9.318873626625395,2.6585092332184654,0.9802156382773553,0.21582927563256832,0.029419227704912187,0.157420787496511,0.15490406015947997,0.014274994109919946,nan,nan,nan,0.9809418779895017,2.8409018408815934,7.0,0.20944317228320453,1.9134171618254514,9.619397662556432,2.8327694488239896e-15,10.0,1.1877178614899089,1.7906069891558842
15.005,2.4273043839966104,9.459142864890303,2.677837667888741,0.985617900336511,0.22405018454655307,2.4089282051775838,9.344473124338714,2.655949808412669,0.9821502329568963,0.2156496342891667,0.030454832865933177,0.15908307637293695,0.1563214187169588,0.013923296245519419,nan,nan,nan,0.9818423647044283,2.849364429016021,7.0,0.19234712686453279,1.9134171618254514,9.619397662556432,2.8327694488239896e-15,10.0,1.1892874992496758,1.7891896661362876
15.05,2.3924911252694496,9.477713518617643,2.6868087629187603,0.986041724625786,0.22470716172690838,2.3566503574805555,9.371764052953505,2.6699277671722914,0.983976774228287,0.22898214313191181,0.030461198633183386,0.16158269009386497,0.15846068750805442,0.01423602066830397,nan,nan,nan,0.9794617829847138,2.858971519938415,7.0,0.17297253129547746,1.9134171618254514,9.619397662556432,2.8327694488239896e-15,10.0,1.158566557611195,1.7951119847570993
15.100000000000001,2.3575098083023627,9.49599018477193,2.6958092036580963,0.9863271813561948,0.22488419751624433,2.269388570751766,9.358961762830964,2.6768459792716204,0.9871488135229447,0.2190939801501199,0.03062207945835494,0.15526945070052842,0.1523381501671607,0.013882464767379048,1.7566079624647384,8.99197429265789,1.7882823798004113,0.9806049520589085,2.867199503016803,7.0,0.15640489236307842,1.9134171618254514,9.619397662556432,2.8327694488239896e-15,10.0,1.1742274430320734,1.782856936060079
15.151000000000002,2.3047146779678256,9.522850295484208,2.7092261241604403,0.9872134995448372,0.2218223067721954,2.2163043100698463,9.385280057280635,2.689940223651921,0.9884718252897112,0.20368181370891145,0.03062259772799507,0.15781096473136483,0.15450981548117265,0.014277292863362774,nan,nan,nan,0.9846094477187013,2.8525172250392234,7.0,0.18598512014334134,1.9134171618254514,9.619397662556432,2.8327694488239896e-15,10.0,1.2137300537216842,1.7654686069043974
15.201,2.251510123392796,9.549045695202144,2.7223944825627227,0.9883671220181738,0.21790198550945888,2.1783146896692536,9.39895233597627,2.7032512059550253,0.9894704324447556,0.20358876833971032,0.03014826494514617,0.1594879186439353,0.15591566293139653,0.013999676629583058,nan,nan,nan,0.9855434160930653,2.86018446556039,7.0,0.17052874985220928,1.9134171618254514,9.619397662556432,2.8327694488239896e-15,10.0,1.2173559622700265,1.7651432370283044
15.250000000000002,2.2158145341175755,9.566137501933548,2.731030156252259,0.9892531968767511,0.21455058732508311,2.1244204493975856,9.42392085574495,2.715990881042643,0.9910064259015494,0.18348833017445826,0.03014816463191305,0.16200880329835446,0.15803569716241042,0.014310185286325931,nan,nan,nan,0.987241388392627,2.8631626480401113,7.0,0.16453058743518179,1.9134171618254514,9.619397662556432,2.8327694488239896e-15,10.0,1.238009985573687,1.754873297157177
15.3,2.179939059084967,9.582931817509758,2.739537829911339,0.9901201811040694,0.21159305645427037,2.154641244753556,9.533056975195061,2.7257116164214548,0.9906376169856853,0.19639202993039245,0.03004520302069345,0.15565063365577236,0.1519581502868947,0.01394699840347361,2.878527688096866,10.514247102801342,6.453828325599254,0.9881476309643268,2.870106788252931,7.0,0.15055607546201863,1.9134171618254514,9.619397662556432,2.8327694488239896e-15,10.0,1.2398903193295712,1.755447376820869
15.350000000000001,2.125825957961944,9.607548202386301,2.752238578193017,0.9899609996255408,0.21391889609857687,2.1001529740797724,9.556840482273136,2.738522921987647,0.9905433776081398,0.19890631546097334,0.030048011067630116,0.158211354894889,0.1541095626711606,0.014341989569947162,nan,nan,nan,0.9799226600745228,2.9264347352835003,7.0,0.0376211912474408,1.9134171618254514,9.619397662556432,2.8327694488239896e-15,10.0,1.1427890585728353,1.7878447912146578
15.4,2.071449663935389,9.631437637237271,2.765252360702319,0.9890859627469879,0.21834973689999906,2.063193959610291,9.571528297084857,2.748459972647094,0.9902309001744535,0.231046057158997,0.029952856716206837,0.15990169362161558,0.15550079570468583,0.013981120445631079,nan,nan,nan,0.9811910912440375,2.9327813519351813,7.0,0.02492481186074881,1.9134171618254514,9.619397662556432,2.8327694488239896e-15,10.0,1.1858348301393664,1.7647537533031459
15.453000000000001,2.035045192930481,9.646964790711028,2.773991186333094,0.9888874896042887,0.21819525377439306,2.008211246985793,9.594063836419046,2.760991322384994,0.9904001587507052,0.21429530194133303,0.029951865035682965,0.16243980033878785,0.15760121672180596,0.01429137780955378,nan,nan,nan,0.9836506705359845,2.942066305841016,7.0,0.006353635172687312,1.9134171618254514,9.619397662556432,2.8327694488239896e-15,10.0,1.193956563824754,1.7657452726397538
15.500000000000002,1.9801938502870609,9.669660173609671,2.787050290362223,0.9889095606182423,0.21712989682207584,2.0497294874037704,9.617258010405994,2.768357709367362,0.9857503722236398,0.19876400854660342,0.03007099375066326,0.15603394808219895,0.1515707065197868,0.013932986428341445,2.8070231353075865,9.743742163200375,2.4933194735307915,0.9836506705359845,2.942066305841016,7.0,0.006353635172687312,1.9134171618254514,9.619397662556432,2.8327694488239896e-15,10.0,1.193956563824754,1.7657452726397538
15.55,1.9434599655477842,9.684393016191748,2.7957545962372343,0.9890073213056733,0.21806839918367205,1.9945553070839752,9.638604209944548,2.780571535224597,0.9867194312461267,0.20144462807881844,0.030073225724528772,0.15861024527181758,0.15370429468150956,0.014244010717552099,nan,nan,nan,0.9821677704035242,2.957489838518449,7.0,-0.024494676157508763,1.9134171618254514,9.619397662556432,2.8327694488239896e-15,10.0,1.1766625299779772,1.7850477105939555
15.600000000000001,1.8881087082080976,9.705895726749386,2.808859741456688,0.9893666263498574,0.21827592241033694,1.9580939983789012,9.653349229138167,2.7885681575310572,0.9876033604453773,0.23523228411621644,0.030193899012008352,0.1603121674548219,0.15508295653717985,0.013895101804401075,nan,nan,nan,0.9834830825023534,2.962574760063112,7.0,-0.034666765851907935,1.9134171618254514,9.619397662556432,2.8327694488239896e-15,10.0,1.2134921705649888,1.776963677606446
15.65,1.8510409226463274,9.719833552736777,2.8175568725513105,0.9896621718036689,0.21655357111578516,1.9023725102215103,9.67357982459891,2.8018510252534474,0.9888049424558685,0.20410406667139505,0.030191546674951712,0.1628656486138357,0.15716681260512988,0.014206736568048712,nan,nan,nan,0.9842342600445186,2.9663733398738454,7.0,-0.04201521517986988,1.9134171618254514,9.619397662556432,2.8327694488239896e-15,10.0,1.2134921705649888,1.75872189030038
15.700000000000001,1.7951904903294666,9.74014468254529,2.8304546529034322,0.9902666645339142,0.2138990051228275,1.852841841556256,9.713361200034539,2.8086286499921895,0.9911878993316868,0.20500182977153275,0.030394942143223705,0.1564121810456093,0.15118568045813924,0.013858635298435153,1.7665359002308163,9.951039489980666,0.31269939483713804,0.9856167949701399,2.9716616098596615,7.0,-0.05098636235371628,1.9134171618254514,9.619397662556432,2.8327694488239896e-15,10.0,1.2166391612221132,1.7627876617036398
15.751000000000001,1.75780094548208,9.753284539178855,2.83900507077737,0.9902448436893643,0.21380162145259857,1.7965644307216126,9.73258700109625,2.820562251395814,0.9912363037105333,0.2035340329142021,0.030396409895720608,0.15900226048416366,0.15330468932025784,0.014168086219681372,nan,nan,nan,0.9839369261501255,2.988107131910588,7.0,-0.08034039571559705,1.9134171618254514,9.619397662556432,2.8327694488239896e-15,10.0,1.1920723813251435,1.7665063632631126
15.802000000000001,1.701511866381502,9.772387471322787,2.8518230353791303,0.9902706838309777,0.21315857939057725,1.759218446012022,9.745607587349697,2.828699258334331,0.9914993032380665,0.2198000492459706,0.03047532844059254,0.1607140351181274,0.15467255743287697,0.013902518123321503,nan,nan,nan,0.9857057312130977,2.997982769334547,7.0,-0.09370215935551779,1.9134171618254514,9.619397662556432,2.8327694488239896e-15,10.0,1.219538460485679,1.7515489540895506
15.851,1.6638454395546,9.78472109793612,2.8603092308144022,0.9904469188683767,0.21138666566308734,1.702535016335709,9.763688502609314,2.8416020844339673,0.9919410818617173,0.21746798364823558,0.030478532654081247,0.16327947057863315,0.15674226046152676,0.0142135956667863,nan,nan,nan,0.9857057312130977,2.997982769334547,7.0,-0.09370215935551779,1.9134171618254514,9.619397662556432,2.8327694488239896e-15,10.0,1.219538460485679,1.7515489540895506
15.901000000000002,1.626066544846218,9.796734772818432,2.868715909751149,0.9907235590564223,0.2092008802142667,1.726567427205882,9.736598517343682,2.8485662823440343,0.9874155132216689,0.2280844945915366,0.03067071087196419,0.15677760337373328,0.15081044646206887,0.013864376076454504,2.2882274811170604,9.36185694564505,1.9138526128438178,0.9868950631934285,3.0036740467603953,7.0,-0.10037726634983765,1.9134171618254514,9.619397662556432,2.8327694488239896e-15,10.0,1.2333588800249586,1.745600380085654
15.951,1.5691691692403298,9.814165773564493,2.881082129319759,0.9920260691330748,0.20284273811989237,1.669739638802742,9.753491418517358,2.8618740554482285,0.9898956532081272,0.23090311248919632,0.030676687481824866,0.15937835474472622,0.1529160930030938,0.014176018263947541,nan,nan,nan,0.989986411961193,2.9902020461872243,7.0,-0.0784962983304506,1.9134171618254514,9.619397662556432,2.8327694488239896e-15,10.0,1.2874063352034615,1.7298460310598023
16.0,1.5310626955980127,9.825403082194505,2.8890626766293024,0.9931874782845032,0.1973057543553161,1.6291750599899897,9.759126926341644,2.87642653170806,0.9916357352388586,0.18540124954697934,0.030041286648487018,0.16109941632369928,0.15427300295952726,0.013845358297846822,nan,nan,nan,0.9911493684879124,2.995018473479901,7.0,-0.08397805560586592,1.9134171618254514,9.619397662556432,2.8327694488239896e-15,10.0,1.302211821821738,1.7169225859253987
16.05,1.4736518644883259,9.841690416220093,2.900627734392346,0.9948958821958296,0.18962731357013504,1.5716470017374626,9.774515950232042,2.887687434034757,0.9941963988528105,0.1755130981905729,0.030043493376816045,0.1636769017571166,0.15632825949228968,0.014379004228957572,nan,nan,nan,0.9930012904319911,2.9948063314571773,7.0,-0.08159152198449396,1.9134171618254514,9.619397662556432,2.8327694488239896e-15,10.0,1.310960355936185,1.717778755545953
16.1,1.435216107347719,9.852174941553493,2.908100726751118,0.9959565062498499,0.18505521639468675,1.4952473875350938,9.809637618524903,2.8957399028489546,0.9986760559443751,0.19553221562426013,0.03005603647144289,0.157134981865332,0.15047385570441893,0.014523568111207037,1.1795802148398775,10.037721533641989,0.7402733678967328,0.9938005774603175,2.9990951413402285,7.0,-0.08546168268652181,1.9134171618254514,9.619397662556432,2.8327694488239896e-15,10.0,1.3167989421208648,1.7106115854848203
16.153000000000002,1.3773509717438661,9.867346681800171,2.9190037201807284,0.9968849595714208,0.17960228819338828,1.4363517500340612,9.822382475512692,2.9087419362154474,0.9993902975762354,0.16263179480193976,0.029861565253631747,0.159740479900638,0.1525370207747358,0.014256417666829337,nan,nan,nan,0.9929014308598252,3.0149622443351003,7.0,-0.10500367263471679,1.9134171618254514,9.619397662556432,2.8327694488239896e-15,10.0,1.3026361570009106,1.7038774089599396
16.2,1.3386592310903007,9.877093635665773,2.926118981666834,0.9972882093733609,0.17680827136361985,1.3974346136271756,9.831535202524998,2.9163100744316655,0.9997853117857025,0.17453480774956898,0.029866363030514813,0.16147302467540353,0.1539173365901126,0.014460944712193773,nan,nan,nan,0.9939762241580464,3.0185584488288004,7.0,-0.10601367188376265,1.9134171618254514,9.619397662556432,2.8327694488239896e-15,10.0,1.3066630870823677,1.7060071890808748
16.252000000000002,1.28045504510234,9.89117488817864,2.9365816908063898,0.9979662907942867,0.17230426642653182,1.3391101654786717,9.845229274654718,2.9259240693708115,1.0003477229325055,0.15456137149500357,0.029922314496106314,0.16405086082387974,0.15593011162280607,0.014337423208813295,nan,nan,nan,0.9944601681180808,3.0216187104296712,7.0,-0.1073981751394171,1.9134171618254514,9.619397662556432,2.8327694488239896e-15,10.0,1.3193906369805721,1.6956886987749344
16.302,1.2220610515979964,9.904622214133378,2.9467737702502577,0.9986231071440062,0.16822935322868665,1.296388224291796,9.89629818560259,2.933021947959997,1.0016781512531632,0.17748167736638934,0.029953688455615256,0.15746117922639638,0.1501252828157707,0.014482320156859917,1.3075075647275258,10.325423509106821,0.8253530725548465,0.9949439014563358,3.026525908185228,7.0,-0.10945058414232202,1.9134171618254514,9.619397662556432,2.8327694488239896e-15,10.0,1.2712783225249384,1.6975689729924908
16.35,1.1830456920075243,9.913236786256643,2.9535148475664794,0.9984004244237651,0.1690149100547656,1.2356539158156568,9.903624460118811,2.9490772393025555,1.0012267733076594,0.15489025594658115,0.029382631803184844,0.1600716129942747,0.15217797857672472,0.014217081917164772,nan,nan,nan,0.9917234435416099,3.0617697527680847,7.0,-0.1512035830229153,1.9134171618254514,9.619397662556432,2.8327694488239896e-15,10.0,1.2712783225249384,1.7155363950560907
16.400000000000002,1.143981156815074,9.921572839557225,2.960295947546093,0.9982617350882433,0.16946649779860964,1.1963339013096281,9.911223095992622,2.9556506100386626,1.0011076070379363,0.15839280689579507,0.02938463059806182,0.16180641470034735,0.15355233263427798,0.014564252421114223,nan,nan,nan,0.9934317476368063,3.0637546591124254,7.0,-0.14654040943058244,1.9134171618254514,9.619397662556432,2.8327694488239896e-15,10.0,1.29063737966391,1.7107574343362546
16.453,1.0852739122175599,9.933564860754315,2.9704376274427404,0.9984009436897411,0.1684664767304796,1.1368364670203879,9.92094109350193,2.9672586579248916,1.0010186779721466,0.17234891377636938,0.029255982337268064,0.1643885339463123,0.15555526780188356,0.014227485532631439,nan,nan,nan,0.9937490361523638,3.0675209559758163,7.0,-0.14632208535509947,1.9134171618254514,9.619397662556432,2.8327694488239896e-15,10.0,1.3165189715448313,1.6933484747558991
16.5,1.046061045908251,9.94122187215559,2.9771400806054467,0.9986064653387366,0.1666537861528482,1.100595510680121,10.007539408926625,2.973201750914603,1.0019965424231705,0.1577683820713887,0.029303633420279047,0.1577554550683399,0.14979772285292273,0.014424645360426841,1.1928447716350556,10.824754387403361,2.977385008094813,0.9945027371318627,3.0721615360022794,7.0,-0.14424598065260374,1.9134171618254514,9.619397662556432,2.8327694488239896e-15,10.0,1.3165189715448313,1.6933484747558991
16.55,0.9871605169527202,9.952196114374955,2.9872227804305234,0.9973662644401597,0.17283468259033738,1.0408369947198646,10.016009563538441,2.9842259461307066,0.9999311720977175,0.14054098056237052,0.02913958925240317,0.1603690779457207,0.15184299687089056,0.014227058314419632,nan,nan,nan,0.9846845336722069,-3.13474246119501,7.0,-0.22211007388626525,1.9134171618254514,9.619397662556432,2.8327694488239896e-15,10.0,1.1642113662498246,1.7637199458026322
16.602,0.9282802084911514,9.962536152005532,2.998044045225572,0.9952125933087341,0.18516841561700512,1.0013447110557223,10.02223051535449,2.9914649013233596,0.9983519208767656,0.21370785819386337,0.029151969661512518,0.1621053662550949,0.15321322745903396,0.014430698670996158,nan,nan,nan,0.9851163175696082,-3.12621243436281,7.0,-0.2187591687303813,1.9134171618254514,9.619397662556432,2.8327694488239896e-15,10.0,1.1655034384305043,1.7713114340388183
16.652,0.8890753227911327,9.96906234271226,3.005788994563949,0.9915759297983783,0.20068796827891214,0.942983957737537,10.033556142573751,2.9988651710336027,0.9927466566112781,0.1854323725172504,0.029422517945297152,0.16469068914890236,0.15520979209504995,0.014160228133385161,nan,nan,nan,0.9663082169236681,-3.0284402175134626,8.0,0.1667791889721616,2.8327694488239896e-15,10.0,-1.913417161825446,9.619397662556434,0.9675183156994922,1.8259711645004908
16.7,0.8499966000100901,9.97527738734299,3.014241055513517,0.9873930565697939,0.2169327922467144,0.940468599945288,9.970479396962235,3.0063475332435914,0.985339121467855,0.19741379272268086,0.029386957228655437,0.15801876486323016,0.1494971901760411,0.01436041050248911,1.2617109813727392,9.277837398680619,2.501618849574236,0.9654341711499439,-3.020627823901465,8.0,0.15105567326761143,2.8327694488239896e-15,10.0,-1.913417161825446,9.619397662556434,1.08730172395568,1.8213283520786705
16.75,0.7915184716333136,9.984015152736879,3.0277808645899813,0.9842273586985059,0.229111561289345,0.8822325523176381,9.97921090944201,3.0196191881104575,0.9830608219292671,0.25847484205571153,0.02951689756204831,0.16063732268843192,0.15153647778489152,0.014085349915106928,nan,nan,nan,0.9746205586062218,-3.0510612180411556,8.0,0.21242969493744998,2.8327694488239896e-15,10.0,-1.913417161825446,9.619397662556434,1.08730172395568,1.806700357462053
16.8,0.7525289747679583,9.989444754519578,3.037012503433183,0.9834716594849073,0.23111675504178225,0.8431926939305896,9.983895263041935,3.029699418939531,0.9828235106530301,0.24177182428330604,0.029516623081059793,0.16237782548364602,0.15290304422040832,0.01429029641668316,nan,nan,nan,0.9753783263292813,-3.041199843921086,8.0,0.19250466673700464,2.8327694488239896e-15,10.0,-1.913417161825446,9.619397662556434,1.1230601333880954,1.783379085187653
16.851000000000003,0.6940030731111034,9.996973619214833,3.050911893177937,0.9827558314738318,0.2320963989916754,0.7856798320217888,9.99424809650745,3.038756300433448,0.9827094343205318,0.2509075946889427,0.029955219896222563,0.16497229728125967,0.15489359051050053,0.01402411257412088,nan,nan,nan,0.9762586315514941,-3.0351471153565264,8.0,0.18029402313380055,2.8327694488239896e-15,10.0,-1.913417161825446,9.619397662556434,1.1260906712630319,1.7876895304869733
16.901,0.6354176003932354,10.003741516120016,3.0648733502279146,0.9821910696558188,0.23307543438825623,0.7944894096074432,9.959337331630286,3.0483962603482277,0.9789501404563072,0.2417391250929544,0.02993926132178472,0.15826838681953764,0.14922202609173732,0.014225578709921003,1.2324586119979593,9.576591860442592,1.4199067292726326,0.9759208946234947,-3.024536466619146,8.0,0.15891991371050085,2.8327694488239896e-15,10.0,-1.913417161825446,9.619397662556434,1.1260809325943413,1.7850324772241621
16.951,0.5963059904754402,10.007825783316106,3.0741380001412826,0.9829819477250463,0.230365257858789,0.733715024738985,9.955771137589561,3.073268010410729,0.9809103817998387,0.24483027212048022,0.028958731533066325,0.16089759063922754,0.15125629032354176,0.013967532366491122,nan,nan,nan,0.9815456037978321,-3.042375752126818,8.0,0.19487854135765303,2.8327694488239896e-15,10.0,-1.913417161825446,9.619397662556434,1.1915958383903016,1.7754444224295582
17.002000000000002,0.5374837735605771,10.013305750518505,3.0877228709170454,0.9849906515598488,0.22300192140502836,0.694542881366416,9.958375153644493,3.082124852354985,0.9830695106066623,0.2346207476694516,0.028959132212625784,0.1626447670900387,0.15261945181981026,0.014173600710357413,nan,nan,nan,0.9852985867900542,-3.038234000986403,8.0,0.18651971766553735,2.8327694488239896e-15,10.0,-1.913417161825446,9.619397662556434,1.2359841374739704,1.7551698071249493
17.05,0.4981627680073571,10.016525871934034,3.0965249108425597,0.9862518810667991,0.21838450597377493,0.635591894580001,9.961656795968112,3.0940023470234186,0.9857971658809622,0.19458880319375946,0.028953549907904046,0.16525116289220126,0.1546444504901676,0.014480111852855155,nan,nan,nan,0.9859407371842761,-3.033177574819781,8.0,0.17632363098431048,2.8327694488239896e-15,10.0,-1.913417161825446,9.619397662556434,1.2369841717116552,1.7529362135905533
17.1,0.4390481641656094,10.020705462982042,3.1094661595667925,0.9878107291601786,0.2141915061284722,0.5583023698451028,9.943651134610604,3.1042774537101865,0.9898340408837978,0.19908749032218584,0.028862932161621318,0.15851276275539222,0.14897155644722418,0.014111174212645575,0.22881785658554873,9.730357894020766,0.7372898254196215,0.9866940655662355,-3.0258700851755043,8.0,0.161604277502426,2.8327694488239896e-15,10.0,-1.913417161825446,9.619397662556434,1.2267500395863666,1.761017621973349
17.151,0.399562418371577,10.023060562212336,3.117951403991825,0.9887354207464547,0.21066369927402762,0.4989164725929025,9.945616749691728,3.117446066482632,0.9912917526183032,0.21657505373896407,0.028870615162226557,0.1611494397800992,0.15103989437745344,0.014418480299209337,nan,nan,nan,0.988507193321878,-3.027152204500737,8.0,0.16418552685679025,2.8327694488239896e-15,10.0,-1.913417161825446,9.619397662556434,1.2470044174991908,1.743001372147432
17.200000000000003,0.36002280342625026,10.025073781843776,3.126280627694995,0.9896014453615949,0.2064442715790001,0.4587796255324632,9.944089946571411,3.1287542666629564,0.9922073417887772,0.18186737711576237,0.028611036205586853,0.16289669796468992,0.15236536377385676,0.014061033246708396,nan,nan,nan,0.9894622045039113,-3.0204371057998753,8.0,0.15067206670013675,2.8327694488239896e-15,10.0,-1.913417161825446,9.619397662556434,1.2652464129253702,1.727892774625437
17.25,0.3006200402795219,10.027459481268703,3.138454845418717,0.9909294443664936,0.20060963241679963,0.399225415297951,9.94464847704045,3.140549512602025,0.9935333879359567,0.21323800561594428,0.028620088603206285,0.16550319267551072,0.1543896015610699,0.014368998818630817,nan,nan,nan,0.9906105984549022,-3.0172878166700228,8.0,0.14433922230888424,2.8327694488239896e-15,10.0,-1.913417161825446,9.619397662556434,1.2667590980441612,1.7326948678913725
17.301000000000002,0.24111459742852775,10.029095287808472,-3.132910184650408,0.9921864451722394,0.19399530736434054,0.2803734239251027,9.904032752070243,-3.1342075446273205,0.9999035709101448,0.18032875897703465,0.028550188054427036,0.15873024246707426,0.14875241050324844,0.014000124335102294,-0.4269674627386991,9.458423360491832,3.2134233141589443,0.9913791521714055,-3.0112336417347407,8.0,0.1321729737941267,2.8327694488239896e-15,10.0,-1.913417161825446,9.619397662556434,1.2889364038569526,1.7125524578926592
17.351000000000003,0.20139762868801353,10.029777281821987,-3.125270951559135,0.9928674682065063,0.18901822050781797,0.2203832183036573,9.903351072874617,-3.122588385189937,0.9998978876666891,0.1768000849251625,0.02855378769424585,0.16136303072857086,0.1508215825787205,0.014308829289418271,nan,nan,nan,0.9934302381612836,-3.019516933881641,8.0,0.14882140572862484,2.8327694488239896e-15,10.0,-1.913417161825446,9.619397662556434,1.2992960972799432,1.6991049223353536
17.400000000000002,0.16165095683473532,10.030138909671154,-3.117830152640441,0.9935386750949803,0.1840975846719602,0.18039531966955388,9.90251387985952,-3.115127884987136,1.0000005483251633,0.1700743714991944,0.02855535345072741,0.16310803797330578,0.15218812456153805,0.014512904744669024,nan,nan,nan,0.9941130701612849,-3.0140276656471556,8.0,0.13778647811715053,2.8327694488239896e-15,10.0,-1.913417161825446,9.619397662556434,1.309666191063403,1.6939082817516178
17.450000000000003,0.10197923175834808,10.030092922278925,-3.1070145140944274,0.9945383078018086,0.1775703813076014,0.12069085620337378,9.90256030237117,-3.106156694938063,1.0002028316748255,0.17462693768591644,0.02874806311444941,0.16570655943506807,0.15417431962251804,0.014247084471181693,nan,nan,nan,0.9945370553398825,-3.0105532620656548,8.0,0.13080633268193942,2.8327694488239896e-15,10.0,-1.913417161825446,9.619397662556434,1.3143556008484467,1.6920199724135354
17.501,0.04225521240415297,10.029358998118976,-3.096567196703991,0.995475284191326,0.1716206106076376,0.10867928476345126,9.993414358608403,-3.1003906603139098,0.9983099296322447,0.16351346427830377,0.028808809206264104,0.1589026030280878,0.14860614311241865,0.014447200744134086,0.40618844258643866,10.965299636292238,4.47018458713757,0.9948606567134864,-3.0047293665579335,8.0,0.11911303916241663,2.8327694488239896e-15,10.0,-1.913417161825446,9.619397662556434,1.3217515643161095,1.6863319993077648
17.55,0.0024329924879816487,10.028495373071562,-3.089660811295436,0.9953178216714861,0.17396865944475576,0.0486862856568116,9.989576880278532,-3.0888720267592866,0.9980764386590775,0.18429787219129698,0.028688420752295093,0.16152684282144417,0.15064049604037638,0.014189554478883943,nan,nan,nan,0.9900312548630757,-2.959072919360266,8.0,0.027661376799876243,2.8327694488239896e-15,10.0,-1.913417161825446,9.619397662556434,1.2408582979159808,1.7340007493542686
17.6,-0.03737320923147647,10.02733931239975,-3.08264776372982,0.9952028602767748,0.17558355023570218,0.008824908588684812,9.987404223115085,-3.0810747400122427,0.997902490388748,0.1970019630345497,0.02869301379738192,0.16326673120192403,0.15200889348399557,0.014394520113217641,nan,nan,nan,0.9910685265083847,-2.9551200140531764,8.0,0.019721065545252166,2.8327694488239896e-15,10.0,-1.913417161825446,9.619397662556434,1.264825174028824,1.718642914394117
17.651,-0.09706426214596711,10.02506468436671,-3.072112169043292,0.9952878108813799,0.17505548182663402,-0.05070520176621306,9.985621317330304,-3.072539177268957,0.9978226251822132,0.1777735997231084,0.02890240928635169,0.16585834187857137,0.15399845298145373,0.014129939296302206,nan,nan,nan,0.991737306723703,-2.952434955357091,8.0,0.014075406822296509,2.8327694488239896e-15,10.0,-1.913417161825446,9.619397662556434,1.2803455669991506,1.708663350536966
17.701,-0.15673873660249937,10.022147238057306,-3.0616462425673068,0.9955368705375012,0.1740258164330502,-0.010131527054004089,9.933529275316982,-3.0640891370235357,0.9924625634396096,0.21108683643958642,0.028883930479079122,0.1590299719193386,0.14845693227415413,0.01433097740246394,0.7212089341008957,9.437374219889872,3.3421793442642063,0.9921879131907915,-2.94746096572101,8.0,0.004210306173562722,2.8327694488239896e-15,10.0,-1.913417161825446,9.619397662556434,1.2797706938138877,1.712786448679243
17.75,-0.19653691279109733,10.019849577520665,-3.054841831309851,0.9967855765862664,0.16703843534457113,-0.0697343322887829,9.926216983483384,-3.0518232935928435,0.9947921426767793,0.13426940898161024,0.028605446417109832,0.16164844268549186,0.1504950527380736,0.014060723247104223,nan,nan,nan,0.9962983606790367,-2.978020266148744,8.0,0.0632169454713587,2.8327694488239896e-15,10.0,-1.913417161825446,9.619397662556434,1.3761404504414319,1.6654775939141382
17.801000000000002,-0.2562956510785258,10.015876419038033,-3.045138383821599,0.9985692920114575,0.15872006067963312,-0.109376650165915,9.922579947076505,-3.0453582710108544,0.9964953276159559,0.14002600508123228,0.028608431952103535,0.1633845824670208,0.1518661107424096,0.014266616402049024,nan,nan,nan,0.9971786227323128,-2.9766873506400473,8.0,0.058760803201446735,2.8327694488239896e-15,10.0,-1.913417161825446,9.619397662556434,1.3618934707359975,1.679885772409098
17.85,-0.2961636417210939,10.012883404805097,-3.0389046265223025,0.9995427885656344,0.15404470802371711,-0.16905094448413854,9.914544426261564,-3.0336892530613633,0.9986005963451021,0.13035285510349276,0.028396145489658003,0.16597097633769115,0.15386090867141616,0.014004307462172596,nan,nan,nan,0.9975322832645352,-2.9750911757025897,8.0,0.05459412241348864,2.8327694488239896e-15,10.0,-1.913417161825446,9.619397662556434,1.3703832987101827,1.669163780569991
17.902,-0.35599008778022806,10.007893875569028,-3.029911950156825,1.0007605751616508,0.14677981725116634,-0.22518435806840376,9.928786108107806,-3.0276262910116074,1.0007767593030275,0.14324323948826834,0.028411816671013203,0.15912417885006777,0.14834189201401005,0.014206325466735455,-0.349636221168783,10.123186437770073,0.25483672899985005,0.9982179397708616,-2.9739801286231966,8.0,0.05083336565452907,2.8327694488239896e-15,10.0,-1.913417161825446,9.619397662556434,1.3819232376542376,1.6567683268859437
17.950000000000003,-0.39587851666481405,10.004243570496897,-3.024135378666177,1.0012546891395635,0.14312019139344417,-0.2846151508153084,9.92666343732765,-3.025150083075336,1.0017886852595426,0.10721050497712004,0.02893185971312472,0.16173683590949847,0.1503863969533789,0.01395141059271195,nan,nan,nan,0.9977372770759949,-2.9603421657153928,8.0,0.025914247999530342,2.8327694488239896e-15,10.0,-1.913417161825446,9.619397662556434,1.3704559520254163,1.6577137363234453
18.0,-0.4556916718599815,9.998298410439338,-3.0156422389158757,1.0016929019200853,0.1409794017596614,-0.32441166927982135,9.921949314659079,-3.0194555831922405,1.002152493684746,0.12648939714770457,0.0289360112279546,0.16346864390158639,0.1517611331007132,0.014158088150270682,nan,nan,nan,0.9975501950382942,-2.955138571549559,8.0,0.01640175976118268,2.8327694488239896e-15,10.0,-1.913417161825446,9.619397662556434,1.3495804811648264,1.673846611760461
18.05,-0.4955476175162867,9.9940300868595,-3.0100433057738134,1.0019329663925338,0.13912216604513927,-0.38407908443605987,9.914437726243186,-3.0103772164951708,1.0026358657546008,0.1305810581402203,0.028939488689311836,0.16604807416711398,0.153805683091122,0.014465406028284642,nan,nan,nan,0.9978218702859399,-2.953441631911807,8.0,0.013261386282168997,2.8327694488239896e-15,10.0,-1.913417161825446,9.619397662556434,1.363719843873584,1.6605701799967205
18.1,-0.5353870597204557,9.98952390480378,-3.004539180943771,1.002190828465368,0.13644387239640277,-0.3434619670650632,9.975194062488853,-2.99691144168055,0.9967339627878686,0.14581199150584118,0.02822965201623377,0.15918584663207755,0.14826026688766994,0.014098404150817636,0.40546756241326687,10.75850996964171,5.02828076887206,0.9982385133366265,-2.951013860026088,8.0,0.008988106396223633,2.8327694488239896e-15,10.0,-1.913417161825446,9.619397662556434,1.3761623393613445,1.649787562256417
18.151,-0.5951160205051623,9.982327248559216,-2.9964539065327997,1.0026821337042613,0.13438221058910577,-0.40264910241089347,9.966390309972121,-2.9887634796898177,0.9984615893765812,0.11772750993377207,0.028227236562824925,0.16179042437059926,0.150351425509408,0.014406314048174954,nan,nan,nan,0.9969452967736653,-2.918728838802481,8.0,-0.042676807377481536,2.8327694488239896e-15,10.0,-1.913417161825446,9.619397662556434,1.357717343018548,1.6756155584480814
18.202,-0.6548111646281728,9.974613957618455,-2.9883879601292005,1.0031458227209205,0.13449403834842144,-0.44212850341657195,9.959104070173487,-2.9823044023869456,0.9994391078385947,0.13968210971081674,0.02811129461260221,0.16351664675872113,0.15168998282727922,0.014050586362032453,nan,nan,nan,0.9973414277078286,-2.9158285617267716,8.0,-0.04558905379058815,2.8327694488239896e-15,10.0,-1.913417161825446,9.619397662556434,1.3533178943689517,1.6779406403110724
18.251,-0.6945840680506696,9.969191103009585,-2.9830374041384373,1.0033952347427095,0.13308451951658576,-0.5013343126543326,9.949421989146716,-2.9741036563093988,1.0006809143008184,0.12111452531751625,0.028110375960557252,0.16608796336544623,0.15374118498379344,0.014358961631086714,nan,nan,nan,0.9977142587839354,-2.914678778308002,8.0,-0.04614486610180057,2.8327694488239896e-15,10.0,-1.913417161825446,9.619397662556434,1.370043757097238,1.6611749415654156
18.3,-0.7343351828347057,9.963547489126952,-2.9777537746947806,1.003601917104265,0.13147998508172837,-0.5602366277774304,9.940982357642547,-2.9691178797943376,1.0027223531370744,0.13062143366331597,0.028194407164040484,0.15921624323675365,0.1482094928575299,0.013991263579389344,-0.7145991940191293,9.917101090053809,0.13787722763106938,0.9980721383190819,-2.9119992049174876,8.0,-0.04819930393649255,2.8327694488239896e-15,10.0,-1.913417161825446,9.619397662556434,1.3704005634559278,1.659822297377648
18.35,-0.7939128650662389,9.954674379402087,-2.9699490648761,1.0037320657511626,0.12893004445128545,-0.6194858332607076,9.930472262505463,-2.960749191200383,1.0031836531591551,0.12897683709497304,0.02819583273498445,0.16181366231389513,0.1503074229965735,0.014300219983835199,nan,nan,nan,0.9981493345365974,-2.9082699287624547,8.0,-0.05141310921003679,2.8327694488239896e-15,10.0,-1.913417161825446,9.619397662556434,1.3732200867969524,1.6512667929619484
18.401,-0.8335923511525818,9.948492226182584,-2.9648397602710186,1.0037674464209905,0.12685121645334227,-0.6589501700658468,9.923196918340652,-2.954760140375072,1.0034247916338643,0.1376268887294091,0.02819953205470757,0.1635347494935357,0.1516942124025617,0.014504412692250626,nan,nan,nan,0.9984829534568679,-2.9056596228578657,8.0,-0.0526639091808795,2.8327694488239896e-15,10.0,-1.913417161825446,9.619397662556434,1.3817237068266242,1.6438109421781972
18.450000000000003,-0.8930524189570261,9.93882611981721,-2.9573553084264876,1.0038523491858953,0.12297760196785094,-0.7178432500571695,9.906185769191097,-2.942167036182833,1.0037480181817453,0.09844527190894531,0.027632125116710624,0.16609683675732645,0.15371012619004257,0.014239667895385999,nan,nan,nan,0.9987116314130788,-2.903993117004711,8.0,-0.05322746888963352,2.8327694488239896e-15,10.0,-1.913417161825446,9.619397662556434,1.4005440628826684,1.6343016376368502
18.5,-0.9524439255171986,9.92869769256153,-2.9501325723105327,1.004054866393148,0.11848364185851126,-0.8950802789334475,9.938705986480452,-2.9379908446498417,1.0123857507519338,0.10707680618714173,0.027666924249540092,0.15936354176764672,0.14834268618403984,0.014573515389299841,-2.1018316342147028,10.376944199739631,7.710389760966948,0.9993520332268582,-2.9061660150290134,8.0,-0.04803265414103476,2.8327694488239896e-15,10.0,-1.913417161825446,9.619397662556434,1.4005440628826684,1.6297909088169713
18.551000000000002,-0.9919724007447518,9.921694442176232,-2.945276361470742,1.002901901264081,0.12419487815501093,-0.9544005190185119,9.924730924306473,-2.9285068459277763,1.0096703328356504,0.1264145351683929,0.027512845797086502,0.16195289995022766,0.15040792992493765,0.014251652064256022,nan,nan,nan,0.9949794540756278,-2.8377436248577874,8.0,-0.11450523361060308,2.8327694488239896e-15,10.0,-1.913417161825446,9.619397662556434,1.276770091779923,1.6918503062063726
18.6,-1.031416217411364,9.914499630707287,-2.9401609641074873,1.0018284262595682,0.12957680281199177,-0.9938449704444797,9.916141615368403,-2.9231063087061084,1.00794899468933,0.1324195888050423,0.02751432008812953,0.1636674804057778,0.15179935537743394,0.014588969727658187,nan,nan,nan,0.9954768062816656,-2.8333584595252126,8.0,-0.11237150307791446,2.8327694488239896e-15,10.0,-1.913417161825446,9.619397662556434,1.2978563843914206,1.6821699154643974
18.650000000000002,-1.0903732934639252,9.903346923175546,-2.931810925906763,0.9970524375751353,0.15292698813729344,-1.0534098602078277,9.911289119738791,-2.922970159524829,1.001079931494197,0.16690785461010255,0.02835369894048543,0.16622024484738696,0.1538216283668857,0.014250847290958735,nan,nan,nan,0.9715170088639385,-2.6838606562570293,9.0,0.26415335724617617,-1.913417161825446,9.619397662556434,-3.5355339059327355,8.53553390593274,0.9907353461818881,1.8025366324850918
18.701,-1.1488200792072436,9.891794524424911,-2.921452745016509,0.9898202993278709,0.18545406132540318,-1.0564671133257861,9.9020750049337,-2.9154486654981504,0.9931109006007721,0.19629904660162834,0.028353664925267388,0.15931753719363767,0.14832728812834162,0.014449673286936448,-0.7153481164096298,9.899062662546404,0.4603976902989449,0.9680618141495126,-2.6695548609719406,9.0,0.23509558022041904,-1.913417161825446,9.619397662556434,-3.5355339059327355,8.53553390593274,1.0281035282814666,1.8058619252515242
18.75,-1.1875270876503163,9.883851262043347,-2.9136475722894764,0.9864616579153935,0.20007967409699806,-1.1143498035187658,9.888376958481045,-2.903821376815029,0.9875982400364056,0.2051680830291734,0.028336354658177777,0.16189650170620978,0.1503984865956147,0.014162933677102654,nan,nan,nan,0.9706315417175606,-2.672494571570062,9.0,0.24105831785797568,-1.913417161825446,9.619397662556434,-3.5355339059327355,8.53553390593274,1.0281035282814666,1.7999265727844296
18.8,-1.2452975621832278,9.87151043792642,-2.901069037483857,0.9829218819850676,0.21565896463600903,-1.1527014981912627,9.879008381576675,-2.8950957859556214,0.9852865765355002,0.23685912443075957,0.02834182983061006,0.16360592101914184,0.15179354959267063,0.014366876629605693,nan,nan,nan,0.9709624865561329,-2.6622467862432404,9.0,0.2202899275529518,-1.913417161825446,9.619397662556434,-3.5355339059327355,8.53553390593274,1.0428779450958818,1.8034672503879094
18.851000000000003,-1.2836437397301848,9.862969199597186,-2.8922687784161893,0.9811951223373466,0.22227835022203077,-1.2095833934458806,9.861357007830714,-2.879490350852331,0.9825975232853137,0.2099864172885983,0.028033965964331282,0.16615180937353663,0.15382484816815228,0.014090469956455604,nan,nan,nan,0.9714492345659581,-2.655564297075224,9.0,0.2067725546135591,-1.913417161825446,9.619397662556434,-3.5355339059327355,8.53553390593274,1.0636595369548907,1.7927667040514752
18.900000000000002,-1.321869279436781,9.85415583123557,-2.8832430265743607,0.9799383696398906,0.22756864939175112,-1.217742491346763,9.790463990508085,-2.868918844499788,0.980689559686315,0.24624162872304028,0.028002403548416446,0.1592549313599597,0.14833548361693769,0.014290534967339574,-0.9250666292283489,9.157296710365983,2.1171197983225616,0.9731380289427494,-2.6471840834643072,9.0,0.1898472476975161,-1.913417161825446,9.619397662556434,-3.5355339059327355,8.53553390593274,1.0742069756426784,1.8031366439758707
18.950000000000003,-1.3790319686793109,9.840385196115687,-2.8694620367136827,0.9798609648418459,0.2283158491770969,-1.2744488901781785,9.7752945516242,-2.8552224097292234,0.9815527065326302,0.2197926721721439,0.02810431384803502,0.16182811338147382,0.15042001573281394,0.014020784915905334,nan,nan,nan,0.9815402489628818,-2.6710626683636285,9.0,0.23815340749453645,-1.913417161825446,9.619397662556434,-3.5355339059327355,8.53553390593274,1.1915480128607807,1.7590817133651082
19.0,-1.4170807696118963,9.830806958946217,-2.8604160211405927,0.9807720656560193,0.22532900883933915,-1.31209650006097,9.76411500817361,-2.84592975128568,0.9825972803615214,0.22191802623220888,0.028107238214384687,0.16353362190092774,0.15182403181489004,0.014369899990625367,nan,nan,nan,0.9819158157897742,-2.664754801521184,9.0,0.22536822565885647,-1.913417161825446,9.619397662556434,-3.5355339059327355,8.53553390593274,1.1772103735132788,1.7727790603996818
19.051000000000002,-1.4740598410403587,9.815821102926325,-2.846986306136708,0.9819639011648194,0.2227378776460765,-1.3684386674710267,9.746658421144776,-2.833272330558606,0.9839804644734949,0.1753930493713442,0.028101394189741682,0.1660733237772186,0.1539155293237373,0.01461632866855255,nan,nan,nan,0.9825820111607829,-2.6590137840017514,9.0,0.21374778492222432,-1.913417161825446,9.619397662556434,-3.5355339059327355,8.53553390593274,1.1844618641508047,1.767675345016823
19.101000000000003,-1.530906725808902,9.800084188840076,-2.833656904412256,0.9830351979326432,0.22216159222890877,-1.4237009633888422,9.759561662673276,-2.8235405216868643,0.985536433541475,0.2269787668690468,0.02805703762065418,0.15918158092969328,0.14838493872221759,0.014229242155166305,-1.5697569340954673,10.037316772868406,0.4435496572157229,0.9833813118835075,-2.6507076935966634,9.0,0.19696037549437964,-1.913417161825446,9.619397662556434,-3.5355339059327355,8.53553390593274,1.1734591112571364,1.7808385826458883
19.150000000000002,-1.5687113862705753,9.78917531468707,-2.824775137807158,0.9832181884092485,0.22190338637444404,-1.4797947457546519,9.740808694096948,-2.80930084335437,0.9859671903846149,0.24213171128867644,0.028063688849939872,0.16174641596446895,0.15052685692719206,0.014533140853702473,nan,nan,nan,0.9813587725681668,-2.630152657738221,9.0,0.15552963564297273,-1.913417161825446,9.619397662556434,-3.5355339059327355,8.53553390593274,1.1674013199539526,1.765981898304645
19.202,-1.625249573897348,9.77219191778099,-2.811521452405452,0.9835768678094168,0.21978947921561104,-1.5366304327231013,9.726851109777694,-2.8041494822589046,0.9863894020262188,0.17358970313336194,0.02861042813003168,0.16429025832512054,0.15260533618554567,0.014262360730516165,nan,nan,nan,0.9814949623200349,-2.614943007896001,9.0,0.12496017881960818,-1.913417161825446,9.619397662556434,-3.5355339059327355,8.53553390593274,1.1568515132915875,1.7750337032702208
19.25,-1.6628245605120193,9.760454127614206,-2.802716623344763,0.9836443099123642,0.22059906096400175,-1.5738371211610163,9.713726230111263,-2.7952255705005715,0.9863785391404059,0.23645724025974738,0.02862290634049897,0.16597360143839168,0.15400786830007682,0.014465127872583805,nan,nan,nan,0.9814949623200349,-2.614943007896001,9.0,0.12496017881960818,-1.913417161825446,9.619397662556434,-3.5355339059327355,8.53553390593274,1.1568515132915875,1.7750337032702208
19.301000000000002,-1.7189955711102636,9.742227645005851,-2.789483309262276,0.9838436467675434,0.21980771420643438,-1.6072760334126281,9.677577805921167,-2.7795539899130755,0.986754988673367,0.21857601236098673,0.02805469049797995,0.15908688756700318,0.14847540129123415,0.014083024867614969,-1.5618281666342841,9.505555355385699,0.15164300599531236,0.9824504468325849,-2.6076029391861466,9.0,0.11022922482687493,-1.913417161825446,9.619397662556434,-3.5355339059327355,8.53553390593274,1.182602748399613,1.75630485013509
19.35,-1.7563272600095061,9.729660234590405,-2.7807623003223307,0.9845768054141892,0.21664001280347778,-1.6625734427833527,9.656356299227188,-2.765840253272746,0.987978444499104,0.22483763101680188,0.028060500872493344,0.16163730118786682,0.1506340595016939,0.014468948073612525,nan,nan,nan,0.986215417997594,-2.6133230177706075,9.0,0.12170787680201145,-1.913417161825446,9.619397662556434,-3.5355339059327355,8.53553390593274,1.22190149497635,1.7457336015149645
19.400000000000002,-1.8121752396022885,9.710175484810932,-2.767959810626328,0.9858675327876835,0.21086155501700424,-1.6993166130081878,9.641784081119148,-2.7573477139975138,0.9888083903429147,0.2243754000040802,0.028062666577454373,0.16332517011995265,0.15206395071829532,0.01466982712727627,nan,nan,nan,0.9873807428601851,-2.6068063716036245,9.0,0.10863132013585698,-1.913417161825446,9.619397662556434,-3.5355339059327355,8.53553390593274,1.237982182269261,1.7352137224631845
19.450000000000003,-1.8493038142803055,9.696767349644231,-2.7596207589280284,0.986705084597158,0.2070168804041796,-1.7537975677921605,9.617293883349692,-2.7433174681206385,0.9899344349082924,0.19512687670606424,0.027860246822452958,0.16583301133328518,0.1541498615326595,0.01438123353128888,nan,nan,nan,0.9880611016829135,-2.602669141099516,9.0,0.10033426503284616,-1.913417161825446,9.619397662556434,-3.5355339059327355,8.53553390593274,1.2514105580898074,1.7303067776625496
19.5,-1.886346795181116,9.683029017060061,-2.7514232185839136,0.987571171046213,0.20367483002184955,-1.8585432184279904,9.680130049957368,-2.735337921499225,0.9932815690318424,0.21483654109819467,0.027925845786832774,0.1589545194522702,0.1486489419625859,0.014578130158318655,-2.476601344311358,10.52366145898017,4.849055739562521,0.9894205340222471,-2.5977278189844593,9.0,0.09042912353296641,-1.913417161825446,9.619397662556434,-3.5355339059327355,8.53553390593274,1.2514105580898074,1.7320780041334938
19.55,-1.9417128844655729,9.661820413896473,-2.739208238711838,0.9871992321375653,0.20557843163952355,-1.913890257745432,9.659241015577848,-2.725645125843283,0.9920514337003722,0.2043445572197107,0.028227573051317324,0.1614847350363447,0.15078864402463904,0.01430109784324097,nan,nan,nan,0.9814717808832218,-2.5425389623523174,9.0,-0.020010805086433936,-1.913417161825446,9.619397662556434,-3.5355339059327355,8.53553390593274,1.1516008701886908,1.7581285147508574
19.601000000000003,-1.9967394501889255,9.639941600611428,-2.726691796183152,0.9860583344293274,0.21040659639849907,-1.9501442006186225,9.643138028550739,-2.715942354317575,0.9909634021810626,0.24469102968119233,0.028237556979611295,0.1631597441992456,0.15223096063969357,0.01450315510702077,nan,nan,nan,0.9819991955477164,-2.535618443382897,9.0,-0.03339137530005589,-1.913417161825446,9.619397662556434,-3.5355339059327355,8.53553390593274,1.1552467814257368,1.761851183031126
19.651,-2.0332442458087994,9.624982935562016,-2.7182638493428386,0.9856963136765948,0.21049687913490733,-2.004772638679788,9.620621339785027,-2.7053192461241666,0.990003232127739,0.21628268147652352,0.028460750987795384,0.1656480260936175,0.154336990387393,0.014316714841096709,nan,nan,nan,0.9830909656551781,-2.531785339992702,9.0,-0.040143842409650424,-1.913417161825446,9.619397662556434,-3.5355339059327355,8.53553390593274,1.1859540758908083,1.7426722951204725
19.701,-2.0877478622695955,9.601977791677951,-2.705630902512677,0.985491620781098,0.2106760039722954,-2.0758654267127308,9.632391327111405,-2.697342586833825,0.9911337190262715,0.19261870531798553,0.028481634419945754,0.15878258977414356,0.1488207185881631,0.014513708795498199,-2.385500022932977,9.950281609591297,0.8937468557335231,0.9837772642181777,-2.5249485756154217,9.0,-0.051771833994425094,-1.913417161825446,9.619397662556434,-3.5355339059327355,8.53553390593274,1.1842773141811496,1.7523631805261652
19.752000000000002,-2.1239032310855617,9.586264717902912,-2.6971219861245754,0.9847652827536446,0.21431917340314938,-2.129868148212652,9.608145343376187,-2.686257496911613,0.9895898764304903,0.22106509804974003,0.028651527593523463,0.16129259386507558,0.15098056780516578,0.014216934185873907,nan,nan,nan,0.9807610028185938,-2.4897835521709095,9.0,-0.11089776347815779,-1.913417161825446,9.619397662556434,-3.5355339059327355,8.53553390593274,1.1501990552209664,1.762768811003285
19.802,-2.1778344023604284,9.562145795441698,-2.6841230710399797,0.9838577960768836,0.21759186276877993,-2.1653711978411305,9.590663224427153,-2.6769437253799344,0.988705068587017,0.2275832400494976,0.02865502645023181,0.16295479735959834,0.15243523971645323,0.014419092650064635,nan,nan,nan,0.9807610028185938,-2.4897835521709095,9.0,-0.11089776347815779,-1.913417161825446,9.619397662556434,-3.5355339059327355,8.53553390593274,1.1650442019366838,1.762768811003285
19.85,-2.213597448913198,9.545693888293748,-2.675404816156544,0.9835950186313347,0.21796211042085334,-2.2204159335611404,9.570806781271562,-2.6726713424469306,0.9878320696293837,0.19036269002225523,0.029354591058503694,0.16542418764768185,0.1545614233989118,0.01428394683404511,nan,nan,nan,0.9817050971653069,-2.485366271033971,9.0,-0.11608635036837855,-1.913417161825446,9.619397662556434,-3.5355339059327355,8.53553390593274,1.1650442019366838,1.7577099729349763
19.902,-2.266955883841174,9.520449823164702,-2.6622390380347802,0.9831176956441015,0.22097595617887816,-2.282429617868626,9.5375730208957,-2.662974473869175,0.9894002534249028,0.21209947963528586,0.029356880165187022,0.15857857382143012,0.1490241121767958,0.014426559157900814,-2.5015604671030762,9.39849479380077,0.3463476569026674,0.9804675594467336,-2.4746998299324523,9.0,-0.13015753792655987,-1.913417161825446,9.619397662556434,-3.5355339059327355,8.53553390593274,1.1476142429574616,1.778411327770472
19.950000000000003,-2.3023287994635586,9.503244683243055,-2.6533668778687165,0.9827608433923976,0.2220680267570565,-2.3338386525797086,9.506557692629428,-2.6449830799269525,0.9881558770211775,0.23965033654887444,0.02899141605407186,0.16107082741965814,0.15120368466829232,0.014209814184440775,nan,nan,nan,0.9808716126940346,-2.4670679511032265,9.0,-0.13697763311259936,-1.913417161825446,9.619397662556434,-3.5355339059327355,8.53553390593274,1.1476142429574616,1.765654227547079
20.001,-2.3550972045433523,9.47686751918471,-2.640097604210581,0.9828753549260538,0.21966861280921085,-2.3685533115427124,9.487660470298303,-2.6361545551422596,0.9880287686599163,0.23777442414657118,0.028992737248404187,0.16272052531235245,0.15267142061878747,0.014411113213323556,nan,nan,nan,0.9832989719637678,-2.4619654655809624,9.0,-0.1397506595373556,-1.913417161825446,9.619397662556434,-3.5355339059327355,8.53553390593274,1.1893355565474608,1.7466681303463316
20.052,-2.390095529537739,9.45889356866727,-2.6313489583209746,0.9832625527529355,0.21822383028571135,-2.420304337759118,9.45874503308376,-2.624456364046402,0.9880866637446584,0.1917015148189126,0.028986101062000526,0.1651729259574337,0.15486079776217967,0.014710517806590915,nan,nan,nan,0.9843524027244114,-2.454876210868355,9.0,-0.1449695102873052,-1.913417161825446,9.619397662556434,-3.5355339059327355,8.53553390593274,1.187732744563641,1.7570030967037558
20.101000000000003,-2.4423230060224186,9.431345769221084,-2.618305425622288,0.983903573335233,0.21681699840175428,-2.527354973759887,9.42517913500789,-2.6171588328033906,0.9932777086370717,0.19449747591008656,0.02904652105973197,0.1583439826180728,0.14926138350505389,0.014310224982528418,-3.162663605924375,9.317542080408419,1.9544169559000828,0.9848411782912322,-2.450116032538923,9.0,-0.1480336469050891,-1.913417161825446,9.619397662556434,-3.5355339059327355,8.53553390593274,1.1280378618039326,1.7588836365993752
20.151,-2.476933595438535,9.412602371022738,-2.6095720367686455,0.9831740401847355,0.21942252046658633,-2.5787552287919464,9.395125316164908,-2.603401739334824,0.9907139998592273,0.22224350849357158,0.02905342223049044,0.16081884506498262,0.15150100747973744,0.01461081767038017,nan,nan,nan,0.980346184309627,-2.4185711494379305,9.0,-0.17959876943320177,-1.913417161825446,9.619397662556434,-3.5355339059327355,8.53553390593274,1.1280378618039326,1.7682029311722434
20.200000000000003,-2.51135229175756,9.393573774089205,-2.6007408195147916,0.9825303584671399,0.22105721679341292,-2.6095080035160043,9.366385477163803,-2.5852712523680212,0.9896280629932249,0.1850006232310871,0.02816647138879577,0.1624471377506686,0.15294968397799977,0.014227101923419912,nan,nan,nan,0.981288743483283,-2.4096498294636355,9.0,-0.18316638399704527,-1.913417161825446,9.619397662556434,-3.5355339059327355,8.53553390593274,1.1537339421799695,1.7571948649986773
20.25,-2.5626526687238833,9.364477953634843,-2.5875314764425084,0.9826867525673825,0.21823876616993537,-2.6597732363118536,9.334815802066633,-2.5722389919892947,0.9891332020407939,0.20329548708925338,0.02817228697879696,0.16487358874256566,0.1551648633270956,0.014528707864219307,nan,nan,nan,0.9850898725317451,-2.4074934798670786,9.0,-0.17701232123242683,-1.913417161825446,9.619397662556434,-3.5355339059327355,8.53553390593274,1.2071886802563574,1.7384069306785084
20.3,-2.613602122990751,9.334690480934832,-2.5745634913850757,0.9834681093006873,0.21497619696274262,-2.7754232355230597,9.373248144781087,-2.5671029179239886,0.9920697771474869,0.2641705397389164,0.028609443252849292,0.15806810045609948,0.14954091735313538,0.014137431065769385,-3.5241167690793413,10.003307713804931,4.291024298198579,0.9855138981697891,-2.4018206121581835,9.0,-0.1780320490082161,-1.913417161825446,9.619397662556434,-3.5355339059327355,8.53553390593274,1.2000947942025721,1.7487135440245032
20.35,-2.647302197121245,9.31448337919389,-2.565773335686963,0.980558987326767,0.2234822589716336,-2.8252135017390665,9.340718918087905,-2.5544604821100703,0.987619400688584,0.21923830532264446,0.028601310176507324,0.16051725516833365,0.15180596388732875,0.01444010381586652,nan,nan,nan,0.966534164105381,-2.3076643695543915,9.0,-0.27423907111536855,-1.913417161825446,9.619397662556434,-3.5355339059327355,8.53553390593274,1.0108624882368742,1.7778417015545325
20.400000000000002,-2.6807147290435345,9.29405062425564,-2.5565930887681096,0.9775675111171479,0.23313316436874904,-2.8580230108514497,9.318781112317364,-2.545404646580746,0.9840964707736093,0.22658847506388663,0.02860243701618388,0.16213588418360594,0.15330827791851329,0.014640200152018766,nan,nan,nan,0.9661890458068318,-2.2936800339864343,9.0,-0.27485399741202193,-1.913417161825446,9.619397662556434,-3.5355339059327355,8.53553390593274,0.9956592959127484,1.8026099960255406
20.450000000000003,-2.730327085365839,9.262947401781965,-2.542161725828904,0.9740474428605458,0.24502437487840129,-2.906399682642667,9.284886977779006,-2.5301526006001014,0.979916290425282,0.23427164475147108,0.028547450606996035,0.16453290321500638,0.1555107879996662,0.014353982326116654,nan,nan,nan,0.9660113675343391,-2.283935968865333,9.0,-0.27484136517604685,-1.913417161825446,9.619397662556434,-3.5355339059327355,8.53553390593274,1.0017006201365224,1.8048358732316518
20.5,-2.7630517888658384,9.241903313893541,-2.5321304611242392,0.9704940772283297,0.25558840565185276,-2.892040569685429,9.260620503049314,-2.520779666652224,0.9720443404396785,0.23411722017726774,0.028531969199492573,0.15776447389013926,0.14988819887572993,0.014550148399482337,-2.450377586323787,9.229303342431558,0.8115051631788132,0.9501859285773196,-2.2131881596800587,10.0,0.10678772798567077,-3.5355339059327355,8.53553390593274,-4.619397662556432,6.913417161825452,0.8650817134276434,1.8285577203865946
20.55,-2.8115236271956334,9.209921742147278,-2.5162226622516197,0.9657432092215167,0.2699230306688418,-2.9387385747933186,9.225516350754667,-2.5028261493896777,0.967777625774334,0.269890325467818,0.02843201314503875,0.16018319238869394,0.15214679230113048,0.014275287036559989,nan,nan,nan,0.9568235264970641,-2.2258532264504756,10.0,0.1322086250893732,-3.5355339059327355,8.53553390593274,-4.619397662556432,6.913417161825452,0.935437507136667,1.8329230516000987
20.601000000000003,-2.859380358801807,9.17732586670093,-2.4998071578878696,0.9637460027199685,0.27514757336638074,-2.9697409862181696,9.202352124521882,-2.4920856331267753,0.9667329035662204,0.2496033659941097,0.02842968794227427,0.16178556898794624,0.1536682206325511,0.014476632008948949,nan,nan,nan,0.9592107752000675,-2.216226866209779,10.0,0.11288347495730666,-3.5355339059327355,8.53553390593274,-4.619397662556432,6.913417161825452,0.9777719333269648,1.8216575224924072
20.650000000000002,-2.8909688450875515,9.155216431114921,-2.488745732009638,0.9630338521282003,0.27732492709815243,-3.0181358107275242,9.171845013530017,-2.4815711901408037,0.9657145286959506,0.2830555842797157,0.028952119842067185,0.16415885211346729,0.15590312867191572,0.014197579513281692,nan,nan,nan,0.9604187764501557,-2.209791009154729,10.0,0.09997526651530891,-3.5355339059327355,8.53553390593274,-4.619397662556432,6.913417161825452,0.9822582858818054,1.8294594650026565
20.700000000000003,-2.9223061813725852,9.132791905397207,-2.4776150889120814,0.9624711055871163,0.27852960375007846,-3.1597582553288355,9.091629409612862,-2.4709162480090585,0.9740784294028084,0.27321760741561035,0.02895408828651264,0.15742766380405468,0.1502445292576914,0.01439509298129216,-4.135716903555335,8.59165398189128,5.534935153685903,0.9601096126147713,-2.1981688176369247,10.0,0.07668528330557123,-3.5355339059327355,8.53553390593274,-4.619397662556432,6.913417161825452,0.9941529042081774,1.8179155542960417
20.751,-2.9687999397922473,9.098577711996846,-2.460789119402181,0.9600773461549682,0.28304142509615415,-3.205324541031064,9.055156395574718,-2.4551236850411295,0.969958348383546,0.24769506604288558,0.028957875431654956,0.15982369073836175,0.1525364998259401,0.014112763622741586,nan,nan,nan,0.9532901717543414,-2.158611499843679,10.0,-0.002466900249654902,-3.5355339059327355,8.53553390593274,-4.619397662556432,6.913417161825452,0.9141719145540101,1.8207544870833556
20.8,-2.9994057056102825,9.075415170128906,-2.449360432085005,0.9582169477544273,0.28713513418912007,-3.2352445531261598,9.030497992468614,-2.44332965498379,0.9675227441280584,0.28253704262396095,0.028966106720030776,0.1614108412499586,0.15407849909635948,0.014312605659181575,nan,nan,nan,0.9546416168129274,-2.152781199311369,10.0,-0.014127735039157652,-3.5355339059327355,8.53553390593274,-4.619397662556432,6.913417161825452,0.9229437021063026,1.8318151064612764
20.85,-3.0447533609825554,9.040108852746329,-2.4320010571346704,0.9565330634988027,0.28982316330137226,-3.2785576604237563,8.991359483218814,-2.4247485839724616,0.9649453825346759,0.2639831618765956,0.02878598150166488,0.1637565637620318,0.15634958730923473,0.014113818844867936,nan,nan,nan,0.9564709670070991,-2.1471927039389334,10.0,-0.02530584113640505,-3.5355339059327355,8.53553390593274,-4.619397662556432,6.913417161825452,0.956720701285935,1.8191019203213368
20.902,-3.089465914450308,9.00407903237886,-2.4146167178241087,0.9563167623047828,0.2893712001010402,-3.3669350778390266,8.975978333861264,-2.4130361881322293,0.967362539646253,0.27559643802346717,0.02881427168797728,0.15706167940671353,0.15064992736986596,0.0143116286132339,-3.908633972913805,9.128185068868689,1.452797200033995,0.9597491461667774,-2.140059939856435,10.0,-0.03957518296480439,-3.5355339059327355,8.53553390593274,-4.619397662556432,6.913417161825452,0.9830458170208298,1.8259252198676337
20.951,-3.1189165004690063,8.979649385714685,-2.4030032957330323,0.9553465618097773,0.2911817783718225,-3.406535758510572,8.931231841396169,-2.3881766234621735,0.9648715900438324,0.2879973115139103,0.02812338111744177,0.15942576665087474,0.1529802757145072,0.014110070200407578,nan,nan,nan,0.9537266820701645,-2.1076359322979403,10.0,-0.10451301122669604,-3.5355339059327355,8.53553390593274,-4.619397662556432,6.913417161825452,0.929088310126898,1.824811927210991
21.0,-3.148061097207275,8.954910514708049,-2.391337700102175,0.9549360098941049,0.29102452022533676,-3.43460250752765,8.904748584555914,-2.375893263140211,0.9644114783323906,0.2947094459897747,0.02812861640523953,0.16098956727172486,0.15454856614500773,0.014311744480924276,nan,nan,nan,0.9597846201338074,-2.10361431202982,10.0,-0.11257995458594039,-3.5355339059327355,8.53553390593274,-4.619397662556432,6.913417161825452,0.9926226353619765,1.8159117204479085
21.051000000000002,-3.1912579903646643,8.917165939294437,-2.373986439159351,0.9556412946980167,0.28744432638909967,-3.4760657584652894,8.86439784849668,-2.3581708820579577,0.9642925551741011,0.26667374063035837,0.028128475232901212,0.16330872636390872,0.15689412981129244,0.014611620941119846,nan,nan,nan,0.9619960620050981,-2.0993173268485075,10.0,-0.12120329433590486,-3.5355339059327355,8.53553390593274,-4.619397662556432,6.913417161825452,1.016589624032779,1.8105498761160694
21.106,-3.233849464556208,8.878634342946276,-2.3568782741421717,0.9571570572266067,0.2834161568955726,-3.481742222497299,8.743797047523215,-2.340214882043473,0.9672197016246344,0.2898365246064861,0.028056985981380723,0.1574240544297287,0.15191898835604395,0.01432390619464128,-3.076169529578749,7.948129959381191,3.5971238922518944,0.9651296509915169,-2.093312762581201,10.0,-0.13326105968288532,-3.5355339059327355,8.53553390593274,-4.619397662556432,6.913417161825452,1.141322941586736,1.787808427476753
21.153000000000002,-3.261936007931252,8.852485431540904,-2.3457060562501924,0.9596572911007074,0.27587856581612474,-3.5085917326803733,8.715909491162725,-2.3285071013805774,0.9695056508650741,0.2708923789405353,0.028058650348136236,0.15897897549875656,0.15351857647278777,0.014524191628479592,nan,nan,nan,0.9758809228360353,-2.126163110152318,10.0,-0.06738916388716504,-3.5355339059327355,8.53553390593274,-4.619397662556432,6.913417161825452,1.141322941586736,1.787808427476753
21.200000000000003,-3.303657668873921,8.812519837321856,-2.3296076164066566,0.9639019400577513,0.26289119190605087,-3.5327163313920584,8.683984941714945,-2.312859618172518,0.9718584922097782,0.2434407108520834,0.027621705373354344,0.16050618690019156,0.1550871901185204,0.014150646414670289,nan,nan,nan,0.9785392424465105,-2.1209597063875445,10.0,-0.07780970756854036,-3.5355339059327355,8.53553390593274,-4.619397662556432,6.913417161825452,1.1686214533032433,1.7745497351299138
21.252000000000002,-3.3311984377379016,8.785391189544315,-2.3192918052065825,0.9667753100090714,0.2549451644586405,-3.5719571709318525,8.640764081986925,-2.2979254411650194,0.9752740913726673,0.24188253472055138,0.02762647447734461,0.16278737956795322,0.15747271615147643,0.014452501036422993,nan,nan,nan,0.9814218502449793,-2.119800243558989,10.0,-0.08013224893055085,-3.5355339059327355,8.53553390593274,-4.619397662556432,6.913417161825452,1.1874976532983679,1.771923208457288
21.3,-3.358518116826505,8.757885780870682,-2.309271105378847,0.9694597901875361,0.24761470029316018,-3.6505670302995217,8.55408103140191,-2.292139411025452,0.9832265859293013,0.2420053097553856,0.027988646762374055,0.1561673691367843,0.1516422273496172,0.014070300647025684,-4.069460586156101,7.996595897682347,2.2748763070225313,0.9834066178782871,-2.1155002437540964,10.0,-0.0887475914587261,-3.5355339059327355,8.53553390593274,-4.619397662556432,6.913417161825452,1.2057748262831194,1.7595443907394472
21.35,-3.399063279458142,8.71596326524413,-2.2947370505188815,0.9723584359371568,0.23892049656937747,-3.6893121680166296,8.509557805289326,-2.2769987983062046,0.9841992340511345,0.22992795298227595,0.02799220702708835,0.1584701353679573,0.15407623582885252,0.014373126252360193,nan,nan,nan,0.9823931157043678,-2.104209661782852,10.0,-0.10595077813795321,-3.5355339059327355,8.53553390593274,-4.619397662556432,6.913417161825452,1.1815981833076485,1.75178318323114
21.400000000000002,-3.4390495489802078,8.673318841936052,-2.280641684130988,0.9746163356405984,0.23193487597661105,-3.714180514701048,8.478727067822048,-2.266129905111544,0.9847624637108287,0.23395009216822263,0.027894290733308503,0.15997400688915828,0.15566746803007475,0.014001765507351854,nan,nan,nan,0.9840944385778407,-2.098404813736157,10.0,-0.11343040366805265,-3.5355339059327355,8.53553390593274,-4.619397662556432,6.913417161825452,1.1960575715410973,1.747897162865419
21.450000000000003,-3.465400876522074,8.644501356293667,-2.271485029320644,0.9762169677054124,0.22689142100277898,-3.7518359565052872,8.433171716658102,-2.2527325604995214,0.9857776888959902,0.20797057459459914,0.027893866871217206,0.1622223900486478,0.158080601046358,0.01438938254381689,nan,nan,nan,0.9858846173159235,-2.0932325000661685,10.0,-0.11906840799482551,-3.5355339059327355,8.53553390593274,-4.619397662556432,6.913417161825452,1.215656111963476,1.7400995300771305
21.5,-3.4915101819094496,8.615381441364914,-2.2625177838440496,0.9777521963926457,0.22249117852578917,-3.6833968844581553,8.386182504776595,-2.2440045109343383,0.9830351931859492,0.1963197167279046,0.02785016595621784,0.15567177473807448,0.15220734806362238,0.014584547417716002,-2.7774129047018103,8.171709039090404,3.753929514826958,0.9867089163936519,-2.0895110511551325,10.0,-0.12297919678209772,-3.5355339059327355,8.53553390593274,-4.619397662556432,6.913417161825452,1.3324765547082196,1.6966177802185443
21.551000000000002,-3.5302451989831773,8.57113286682779,-2.2495243956955404,0.9813137116205816,0.209857036177909,-3.7226840923196423,8.343136339962363,-2.236490153952475,0.9863961599887802,0.20962087254203376,0.02827220583777561,0.1579310668829425,0.1546408815914101,0.014304046417705569,nan,nan,nan,0.9942739445282531,-2.1369388446367887,10.0,-0.039968380686307176,-3.5355339059327355,8.53553390593274,-4.619397662556432,6.913417161825452,1.3324765547082196,1.6966177802185443
21.601000000000003,-3.5685192603110156,8.526172086464678,-2.2374585807296445,0.9850247799535652,0.19513064505799305,-3.7470074001712543,8.312041027848462,-2.228343271430031,0.9886178182111685,0.2002555761080105,0.028274269896250988,0.1594307257167831,0.15627182217021904,0.014501569509447311,nan,nan,nan,0.994438221899077,-2.1309729390190593,10.0,-0.04871933235890419,-3.5355339059327355,8.53553390593274,-4.619397662556432,6.913417161825452,1.3359345505712568,1.6847894973378772
21.651,-3.593772017838535,8.495834689269447,-2.229860137938482,0.9870557229821311,0.1868866105337954,-3.7786601157210664,8.259737713733543,-2.2070437211737763,0.991392152468379,0.23120853264235436,0.027635090276431955,0.16163511269459271,0.15868329194371428,0.0142897652477201,nan,nan,nan,0.9950193565750234,-2.1284955534468857,10.0,-0.051667793911262,-3.5355339059327355,8.53553390593274,-4.619397662556432,6.913417161825452,1.3398386406856355,1.679177333748663
21.701,-3.6312605718606425,8.449823514537597,-2.2191535195640033,0.9898807716528413,0.17166794685973535,-3.801528598670774,8.260975155284019,-2.1996547351317264,0.9912298833962735,0.15395666101091524,0.027640133580038872,0.1551473835703917,0.15274022704678672,0.014485379886784402,-3.8084190055061486,8.604386617085737,0.4736185045684247,0.9969572902984298,-2.1290148294925273,10.0,-0.048927900627263876,-3.5355339059327355,8.53553390593274,-4.619397662556432,6.913417161825452,1.3886618759791798,1.6377817249090434
21.751,-3.655996854684659,8.418832165015079,-2.2124345743574065,0.9914939141905391,0.16618836181226737,-3.8378585988125287,8.214364806967216,-2.190444027742999,0.9937265415090506,0.17183106171009266,0.027876056439529617,0.15737626202553961,0.15519814687366926,0.014325781562109112,nan,nan,nan,0.9965274641189872,-2.1162935031944685,10.0,-0.0686298349699507,-3.5355339059327355,8.53553390593274,-4.619397662556432,6.913417161825452,1.3484219557741635,1.6753403227772048
21.801000000000002,-3.692718644811111,8.371909772361207,-2.202711243213159,0.9934577003127222,0.15877387212592026,-3.860891547230896,8.18195380387306,-2.183154639811699,0.9950020276220605,0.17029750484857165,0.02787908105221338,0.15885714376149138,0.15684285557833924,0.014470790228154853,nan,nan,nan,0.9969063355590025,-2.1117641588455127,10.0,-0.0729418040272761,-3.5355339059327355,8.53553390593274,-4.619397662556432,6.913417161825452,1.360441266309865,1.6590160236342495
21.85,-3.716947894534125,8.340360293620156,-2.1964871698700357,0.9945432743380236,0.15361794671583623,-3.8965818171524482,8.134554089396076,-2.1754114838135252,0.996611079800367,0.1688127928888396,0.02809398007670846,0.16103505299487036,0.15927452203791873,0.014176507708662304,nan,nan,nan,0.9973032875874841,-2.1096981856656805,10.0,-0.07408641217746109,-3.5355339059327355,8.53553390593274,-4.619397662556432,6.913417161825452,1.3673927776341672,1.6515241361933664
21.902,-3.7529204029876797,8.292665006028265,-2.1875138718136222,0.9958728817905387,0.14664999224843206,-3.908927270891512,8.10586611105123,-2.165280568015622,0.9958666168028325,0.13927283979652605,0.028092951197858294,0.15536208675773813,0.1540910876475188,0.014472409778114965,-3.6958380576004797,8.324670807281338,0.315313934944891,0.9975399558518365,-2.105253755136406,10.0,-0.07742791665506649,-3.5355339059327355,8.53553390593274,-4.619397662556432,6.913417161825452,1.3703020773042356,1.6457250290245211
21.950000000000003,-3.776660864145106,8.260634427049412,-2.181760442437115,0.9967944206616934,0.142048921330659,-3.933229563090543,8.074861776660468,-2.1629195016018583,0.9970181891687997,0.14116272422756718,0.028383239839344584,0.15682511065672658,0.1557312614846537,0.01409088594350289,nan,nan,nan,0.9983672153242841,-2.108127629329154,10.0,-0.07175459947527724,-3.5355339059327355,8.53553390593274,-4.619397662556432,6.913417161825452,1.3824781425710015,1.6425186867931845
22.0,-3.8119220375032015,8.212254778401727,-2.1734436936996704,0.9979420923365344,0.13630408707818814,-3.9554466498302,8.04173128961637,-2.1576465256276585,0.9979197582073334,0.12172133064413697,0.02838187227896444,0.15829448628751036,0.1573830337445883,0.014292038230646172,nan,nan,nan,0.998289106638867,-2.104415118121911,10.0,-0.07473613166597548,-3.5355339059327355,8.53553390593274,-4.619397662556432,6.913417161825452,1.3791991699696275,1.641782141027416
22.05,-3.835199151670589,8.179794633859206,-2.1680664961992435,0.99855619997452,0.1333463835687077,-3.9908971320913627,7.994079079952909,-2.154219195758461,0.999041066018569,0.12211013289288411,0.028701022672920476,0.16045567726821525,0.15982602977904353,0.014017591542856046,nan,nan,nan,0.9984895182287842,-2.1026763121724863,10.0,-0.07480265175674816,-3.5355339059327355,8.53553390593274,-4.619397662556432,6.913417161825452,1.3761867587749106,1.6437203346251175
22.1,-3.869774227533479,8.130816559511835,-2.160184976458819,0.999224690603765,0.13003376744900239,-3.9463094745681917,7.950436842325625,-2.147591429772925,0.9975573468099183,0.15638034434051587,0.02867607533356047,0.15410878516726229,0.15373889922831982,0.01429825085421576,-3.2835116289748387,7.81679766777679,1.969736271480179,0.9983957463174704,-2.0975679326756747,10.0,-0.07780450127174715,-3.5355339059327355,8.53553390593274,-4.619397662556432,6.913417161825452,1.3717478149530489,1.6440134978871004
22.153000000000002,-3.892608571771789,8.097978440078839,-2.1552168997640875,0.9999917829844722,0.11960094261332244,-3.978829395113604,7.900158408226616,-2.13884125309781,0.9990149368367064,0.14439736363346495,0.028678861237215813,0.15632486078912378,0.15623772035561884,0.014674876039968626,nan,nan,nan,0.9999994158893178,-2.1465105868250545,10.0,-0.01648489082939042,-3.5355339059327355,8.53553390593274,-4.619397662556432,6.913417161825452,1.477510264932289,1.5556485183034883
22.201,-3.9265568547059218,8.048450537989174,-2.1486152968245293,1.0009097762450136,0.1034995143294654,-4.000930212620126,7.867017830995735,-2.1347834150616163,0.9998584947124616,0.12867243314444737,0.028761893294737342,0.1577653731882455,0.1578762167212662,0.014281390272845747,nan,nan,nan,0.9999699651749379,-2.1465917337812033,10.0,-0.015591015209146686,-3.5355339059327355,8.53553390593274,-4.619397662556432,6.913417161825452,1.4837224992122848,1.544875661448499
22.251,-3.9489920163696763,8.015267194165606,-2.144699336319025,1.001374010848725,0.09470263951791394,-4.032900110903872,7.816228556008271,-2.128618703205571,1.0008572557791173,0.07866987062040684,0.028757777232972032,0.15993625787685664,0.16034596765628897,0.014579492862673184,nan,nan,nan,0.999935301842429,-2.146158726505707,10.0,-0.01555525515829942,-3.5355339059327355,8.53553390593274,-4.619397662556432,6.913417161825452,1.481524583033286,1.5442694442641813
22.3,-3.9712758038296814,7.981964477652141,-2.1410901081535942,1.0017049844138985,0.08785479620214712,-4.038730803595903,7.7995013709615595,-2.126516288130746,0.999719548110419,0.08040068700761419,0.028898240254121348,0.15363371489986796,0.15417620448449415,0.014180289394239815,-3.8801074018637074,7.961457821877957,0.1907543807299366,0.9998326336828369,-2.1469146582750467,10.0,-0.013920244749954902,-3.5355339059327355,8.53553390593274,-4.619397662556432,6.913417161825452,1.4700615972719684,1.5518636180952463
22.352,-4.004432480233784,7.931807532567106,-2.136121497256911,1.0021353225869862,0.079064759928682,-4.070306136513993,7.748480397735679,-2.121289798283195,1.000630304461682,0.08468198869718542,0.028901369480945623,0.15584038722968774,0.15668014541000946,0.014613383444824539,nan,nan,nan,0.9997027101169407,-2.1509008986234175,10.0,-0.009475162447889818,-3.5355339059327355,8.53553390593274,-4.619397662556432,6.913417161825452,1.4811953366735244,1.5431028920125225
22.402,-4.0372497032833445,7.881466444916907,-2.1310217623076437,1.0000796874453612,0.09876177592409896,-4.091189452098514,7.714363569606303,-2.1168706947686338,0.9982972390984081,0.11514734386528763,0.028903055642140393,0.15729814267785472,0.15834051658930695,0.014754981152023639,nan,nan,nan,0.9858386727186811,-1.9527971993705417,11.0,0.37562813073901413,-4.619397662556432,6.913417161825452,-5.0,5.000000000000001,1.1362913913485038,1.7740235971287155
22.450000000000003,-4.058889611284128,7.847883502359809,-2.1265197912974276,0.9978650306897816,0.12010605115334874,-4.119423327889708,7.660910021502625,-2.10724757517419,0.9954150980465737,0.11151765338916533,0.02857040722465581,0.15943527997223889,0.16079864896246684,0.014450828105558667,nan,nan,nan,0.9854560177279319,-1.9461113657947673,11.0,0.3618019451936296,-4.619397662556432,6.913417161825452,-5.0,5.000000000000001,1.1467363701015392,1.7668964819309079
22.5,-4.080344219473165,7.8142751009813605,-2.12127325978569,0.9960644390127525,0.13731434545563997,-4.16252349182706,7.577759338996486,-2.1011074806668177,0.9978238461462002,0.16233471654904752,0.02856974732277945,0.15321761772532164,0.15458723310341696,0.014644109705591114,-4.339057496789198,7.141704136329102,1.0667256563306762,0.9856681042781501,-1.9377408730264554,11.0,0.3445388453213451,-4.619397662556432,6.913417161825452,-5.0,5.000000000000001,1.152085192899353,1.7713911766312251
22.554000000000002,-4.112174383271879,7.763782756635979,-2.1123177487739335,0.9935681356451775,0.1565902954433047,-4.186055805072117,7.520857199479054,-2.0833934963980214,0.9949942658240188,0.13566502334814584,0.027761291561255712,0.1553872733550224,0.1570870684204579,0.014354221384860363,nan,nan,nan,0.9865533624577912,-1.9192174846701262,11.0,0.30650964265187985,-4.619397662556432,6.913417161825452,-5.0,5.000000000000001,1.1733448569473572,1.7573408734525269
22.6,-4.133146979866618,7.730057982943312,-2.105815953810933,0.992281281528388,0.16573984949825984,-4.205517006345047,7.4861533761094945,-2.0774416879544617,0.9938799198975043,0.147909443030704,0.027762146998653297,0.15683466961868134,0.1587559520224256,0.014552850339328101,nan,nan,nan,0.9865533624577912,-1.9192174846701262,11.0,0.30650964265187985,-4.619397662556432,6.913417161825452,-5.0,5.000000000000001,1.1733448569473572,1.7573408734525269
22.785,-4.143559068687729,7.71316676435428,-2.1024431639808547,0.9918181108244044,0.16957198041667243,-4.215164010041483,7.468773910179025,-2.074245446902792,0.9933761705183816,0.16130294879223941,0.027763922423883328,0.15755403459925002,0.15958785018066318,0.01465167729776214,-4.365833234792496,8.209155580771228,2.285032815001959,0.9865417904069677,-1.913194888072003,11.0,0.2941927629807841,-4.619397662556432,6.913417161825452,-5.0,5.000000000000001,1.1795785313820084,1.7539913766048203
22.8,-4.194827837487686,7.628377808012225,-2.0846259980090167,0.989486532283343,0.18484088544980748,-4.277385402277,7.462853836733129,-2.069125402038518,0.9867572128511565,0.16079150997863312,0.028845873329493465,0.15353033703712393,0.15580676605659222,0.014555428742481554,nan,nan,nan,0.9819691175070053,-1.874304277543571,11.0,0.21514093327485317,-4.619397662556432,6.913417161825452,-5.0,5.000000000000001,1.1397317242746927,1.779109059953247
22.85,-4.264135811707765,7.508643306675089,-2.0572099104134414,0.9867778066645532,0.20357524579853972,-4.34663367859202,7.344137844544007,-2.048055543980465,0.98572793995765,0.20850790603621686,0.0293690282712978,0.15851278677245134,0.16163512742731362,0.014082628407896232,nan,nan,nan,0.9823770982157798,-1.8686227170438152,11.0,0.2036532223109813,-4.619397662556432,6.913417161825452,-5.0,5.000000000000001,1.1565091380761734,1.7664004385446934
22.900000000000002,-4.292883512389582,7.456891821321325,-2.044857189115717,0.9859765825113644,0.20727431163145713,-4.405072574417531,7.309865789434498,-2.0397304437246224,0.9868218128722993,0.22284930092183888,0.02939255082018867,0.1524067348268229,0.1553246417587744,0.014279241972020462,-4.797127924951323,7.364711921876182,0.713857807466532,0.9821137818910944,-1.8586364669984194,11.0,0.18349346380586865,-4.619397662556432,6.913417161825452,-5.0,5.000000000000001,1.1600842799917885,1.7615351861089519
22.953000000000003,-4.31170437572572,7.422243659769817,-2.036479477140612,0.984910820222181,0.21091653455063986,-4.435899351486816,7.2599191542472905,-2.033831756956756,0.9856079418590517,0.18811833428230867,0.029896530157937695,0.15455474570098246,0.15785121323986634,0.014008824617208019,nan,nan,nan,0.9779143843970647,-1.8232734820973187,11.0,0.11237325719512614,-4.619397662556432,6.913417161825452,-5.0,5.000000000000001,1.1033771777816221,1.7845573349340869
23.0,-4.3302338051756895,7.387490640105915,-2.027931796308025,0.9837670536042555,0.21565945584264093,-4.453416224879173,7.2246125926961735,-2.0242788939667657,0.9845892609558655,0.21498485758553432,0.02990200086983115,0.15598863899844598,0.1595360704107025,0.014207667152567039,nan,nan,nan,0.9779143843970647,-1.8232734820973187,11.0,0.11237325719512614,-4.619397662556432,6.913417161825452,-5.0,5.000000000000001,1.1033771777816221,1.7845573349340869
23.05,-4.357470764683892,7.3351522132692155,-2.0147771577952844,0.9824436344088998,0.22092929160216088,-4.479058907269233,7.1714208014685745,-2.010930951826965,0.9835449618942061,0.22715401741647828,0.029905963687436986,0.15811658624397695,0.16205172482622657,0.01459005007026161,nan,nan,nan,0.9788289342419474,-1.8181420814943057,11.0,0.10208093407550492,-4.619397662556432,6.913417161825452,-5.0,5.000000000000001,1.1257586328586118,1.7721811842075639
23.1,-4.375255611788699,7.3001042041365825,-2.0059016929555185,0.9819644369945133,0.22211442678333299,-4.498780156778084,7.146099399567027,-2.0004030819957297,0.9827694468750383,0.2064858603551897,0.02972863826993281,0.15202961845610793,0.15568319909832518,0.014202922755115548,-4.545664994131644,7.275260621898655,0.06784761426205686,0.9800350373549104,-1.810772255237806,11.0,0.08730817231648552,-4.619397662556432,6.913417161825452,-5.0,5.000000000000001,1.1458469692548876,1.7645998450891813
23.151,-4.401369667171015,7.247271868886202,-1.9925418217155946,0.9816855159967002,0.22314073476251178,-4.523127222902532,7.092396236817794,-1.9882038794872927,0.9828105709172111,0.2169277980637417,0.029731224449873108,0.15418911552520126,0.15823975586464242,0.014502180867711887,nan,nan,nan,0.9806933043623597,-1.8035826448864083,11.0,0.07290582153791819,-4.619397662556432,6.913417161825452,-5.0,5.000000000000001,1.162859567344954,1.7715783044526972
23.200000000000003,-4.4183999734005175,7.21186843912254,-1.9836105408372766,0.9817153369608572,0.22308687400575175,-4.537828257552889,7.055688825594152,-1.978037611211629,0.9830978340787344,0.2012923128597701,0.029600942515405283,0.1555825729837068,0.15992620528505755,0.014130070779009034,nan,nan,nan,0.9817550341724419,-1.7968888662530338,11.0,0.05950354477608814,-4.619397662556432,6.913417161825452,-5.0,5.000000000000001,1.162859567344954,1.7632623685967375
23.25,-4.443373107238033,7.158479464976487,-1.9702543446783112,0.9820277264316017,0.22216211861652035,-4.560946243509451,7.001411575092795,-1.9651283689153722,0.9836871940187777,0.1872646852103293,0.029600871426557568,0.1576915940506495,0.16246136558421798,0.014430292588508245,nan,nan,nan,0.9829776945771113,-1.7932630513133683,11.0,0.05224624706031809,-4.619397662556432,6.913417161825452,-5.0,5.000000000000001,1.170829676760076,1.7641195061670418
23.3,-4.459638567294586,7.122692856821108,-1.9613853727968136,0.9824037764734459,0.2213502023478126,-4.514975745837493,7.089121545136698,-1.9610650087749462,0.9745108042813991,0.2223536917079738,0.029957526334245047,0.15165177967478072,0.156049195088655,0.014049511613676905,-3.950440987948051,8.210791510645679,6.794985219183535,0.9842166918701821,-1.7872238857133524,11.0,0.04016143300001361,-4.619397662556432,6.913417161825452,-5.0,5.000000000000001,1.2467907936367983,1.7634699828245708
23.35,-4.483471348374217,7.068695932632103,-1.948237203437633,0.9841604774972523,0.21629385015114103,-4.537028738418642,7.034861338011082,-1.9485043214754985,0.9791176397034629,0.19868176822125355,0.029956983989302566,0.15379467919154163,0.15862293319381496,0.01448497434850863,nan,nan,nan,0.9872489915515271,-1.8012013230641477,11.0,0.06813725414959124,-4.619397662556432,6.913417161825452,-5.0,5.000000000000001,1.2467907936367983,1.7484988974028144
23.401,-4.506644183836318,7.014268935845281,-1.9354780798119673,0.9862329334919441,0.21027197677643383,-4.551387750466036,6.998397729547751,-1.9397904571000637,0.9814860248934175,0.18749216874497832,0.02995772760365373,0.15520804328475932,0.16033274720864663,0.01462935668945879,nan,nan,nan,0.9883458254795453,-1.7956849394235421,11.0,0.05709364491795679,-4.619397662556432,6.913417161825452,-5.0,5.000000000000001,1.2455694985210528,1.745082230099919
23.450000000000003,-4.521721532405857,6.977762069853691,-1.927151847642266,0.9873749488472257,0.20689745702999657,-4.569223509699834,6.941505913781092,-1.9226997733657358,0.9844850569405588,0.19273790400098362,0.029629509140357002,0.1572688935233644,0.16287556539178702,0.014341426564874396,nan,nan,nan,0.9891286876909483,-1.7922027395566238,11.0,0.050124234377721365,-4.619397662556432,6.913417161825452,-5.0,5.000000000000001,1.2486934587715035,1.7414628764058404
23.5,-4.536502242881572,6.941086609677522,-1.9189761311295745,0.9884989109459811,0.20247700773013247,-4.62644322995317,7.005986119826788,-1.914452561667224,0.9807729747252938,0.21170345416827002,0.0296869709944069,0.15130546952453755,0.15642813490256577,0.01453567956230508,-5.129634146253912,8.004537491160027,5.369226790229606,0.9910937118188655,-1.7891367545475485,11.0,0.043730226914395744,-4.619397662556432,6.913417161825452,-5.0,5.000000000000001,1.2753167023125433,1.7218154355663189
23.551000000000002,-4.55811658261664,6.885776085326739,-1.9069966085337322,0.9896370592300062,0.19889442629584272,-4.645216822886685,6.949973488010609,-1.901588794739855,0.9836723779456906,0.1883638084560047,0.029593162090590684,0.15340155790058893,0.1590104390747782,0.01439484818931017,nan,nan,nan,0.9872605921386772,-1.7546617679351049,11.0,-0.024969496619987916,-4.619397662556432,6.913417161825452,-5.0,5.000000000000001,1.2340420655895308,1.7440516834512723
23.6,-4.572150335070818,6.848729338554813,-1.899052259630082,0.990133673564402,0.19826431670502623,-4.657907752820129,6.91271271176229,-1.8931630333813838,0.9852257442451543,0.18021934361332043,0.02959400518000728,0.1548030340638281,0.16073119616478584,0.014538943989897175,nan,nan,nan,0.9886484213585246,-1.7507702263859148,11.0,-0.03245483785147155,-4.619397662556432,6.913417161825452,-5.0,5.000000000000001,1.2394577243310052,1.7412223826280213
23.651,-4.5926417869628855,6.792912110566435,-1.8872035880394966,0.9908618950991788,0.19669468039577695,-4.680994195621844,6.8589079678204525,-1.8880071077756455,0.9872540504948294,0.17819488553481524,0.030066886590856576,0.1568482293866612,0.16328911263484763,0.014248563963874993,nan,nan,nan,0.9894500453864606,-1.747776945765906,11.0,-0.03763269828796685,-4.619397662556432,6.913417161825452,-5.0,5.000000000000001,1.2453131568974003,1.737295944853177
23.700000000000003,-4.605930888792239,6.755543780510001,-1.8793575504071405,0.9911880341109807,0.1958378300178098,-4.630367792433777,6.7697862765794365,-1.8796130531988597,0.9901955816625244,0.18935878588261834,0.030024584682530685,0.15093458121575223,0.15679239807538106,0.014443329067341412,-3.9539592214548955,6.266843452104259,3.1624526777062965,0.9891772678016336,-1.7407501170510205,11.0,-0.04977875674315206,-4.619397662556432,6.913417161825452,-5.0,5.000000000000001,1.2376173597110165,1.7368324234570396
23.75,-4.625312986697428,6.699264972715741,-1.8677743853564739,0.9922049349148352,0.18868232200732674,-4.640410650909173,6.709155494646036,-1.8574456254436686,0.992934712022341,0.20627733008052873,0.029182182675494852,0.15301707913485615,0.15938626981225962,0.01415167947271327,nan,nan,nan,0.9947084584569921,-1.7766935227425593,11.0,0.01726165374629526,-4.619397662556432,6.913417161825452,-5.0,5.000000000000001,1.3263252669220416,1.6835968295848476
23.8,-4.644060455439788,6.642675774574277,-1.8569420541911452,0.9938544889309284,0.17409592950462577,-4.651573079522005,6.671024857796985,-1.849162917020599,0.9942993873671868,0.20220683042247403,0.029186029857675388,0.1544087331257275,0.16111367242220442,0.014351666025191036,nan,nan,nan,0.9968587064193355,-1.7781620889355942,11.0,0.019240244751930827,-4.619397662556432,6.913417161825452,-5.0,5.000000000000001,1.381210834355949,1.6459476844663774
23.85,-4.656214460096271,6.604781984820787,-1.8502122967545744,0.9948614076563258,0.16480549104843376,-4.673575475521071,6.616316062796133,-1.847016380908567,0.996037890787865,0.13702987341808434,0.029775077881562473,0.1564383947465869,0.1636822450695347,0.014071644552313533,nan,nan,nan,0.9973511764390993,-1.7763619037679332,11.0,0.01573121729647487,-4.619397662556432,6.913417161825452,-5.0,5.000000000000001,1.381210834355949,1.637848409775967
23.900000000000002,-4.66809821136221,6.566765611089709,-1.8437917438271032,0.9956694857639974,0.158739986194556,-4.629330255166962,6.614358491134036,-1.840717982475496,0.9932204176662589,0.14951525383797518,0.02975803547103412,0.15057307468306277,0.15713646001067821,0.014268044927704018,-4.087138313211096,6.935717722907012,1.680271339752991,0.9970412279589069,-1.7700718262120299,11.0,0.004824747600818469,-4.619397662556432,6.913417161825452,-5.0,5.000000000000001,1.3451040118316102,1.666313777186753
23.950000000000003,-4.685432891230265,6.509525496323105,-1.8345442930163054,0.9971696114237092,0.14912342193048597,-4.645140028335492,6.556875115088591,-1.8317096309337209,0.9954887973964741,0.13166921534161363,0.0297688898825034,0.15264346275434276,0.1597368439095993,0.01399855494160243,nan,nan,nan,0.9990222104683872,-1.7964924487066682,11.0,0.048601711738254436,-4.619397662556432,6.913417161825452,-5.0,5.000000000000001,1.4114640816718906,1.624528479907994
24.001,-4.702210424621148,6.452021972600753,-1.8260026989338771,0.9986103724594443,0.1377763742283003,-4.655359789400314,6.518375165321271,-1.825848833713202,0.9968534528902602,0.13347781750747026,0.029771755529130577,0.1540291677899523,0.16146611926839696,0.014335993384055801,nan,nan,nan,0.9993225541987641,-1.7948987003869652,11.0,0.044310169271326305,-4.619397662556432,6.913417161825452,-5.0,5.000000000000001,1.4133417232131418,1.618439142580118
24.051000000000002,-4.713097084324004,6.413558124517536,-1.820664069606807,0.999361132486307,0.13086645292719928,-4.670280353760836,6.46041802666164,-1.818084124677865,0.9985211693614789,0.09349968945161476,0.029769024919696938,0.1560867851442133,0.16404463700876232,0.014578250689922877,nan,nan,nan,0.9994926838837337,-1.7939941945844777,11.0,0.04179774564742201,-4.619397662556432,6.913417161825452,-5.0,5.000000000000001,1.4124123044509573,1.6089805792975924
24.1,-4.723753810716354,6.375003161632367,-1.8155737159101892,0.9999700385096075,0.12528101500664915,-4.7042129140924445,6.450032323846756,-1.8163666447882507,0.9978962939803343,0.1490678382373111,0.030086729084615935,0.1502341849469603,0.15744539217431722,0.01419227503230145,-4.932090014307586,6.73180842715692,0.5404528602724972,0.9996814910535771,-1.7928442413243064,11.0,0.038470752591554,-4.619397662556432,6.913417161825452,-5.0,5.000000000000001,1.4124123044509573,1.6133322029503405
24.152,-4.739323544736372,6.317019694746402,-1.8082787863435414,1.0006502453931667,0.11929816143055008,-4.718606240765074,6.391886617575003,-1.8085328551303084,0.9991341333467045,0.11113057120119044,0.030084054060975605,0.1523320953404433,0.1600534730394562,0.014624619420348706,nan,nan,nan,0.9990169439617916,-1.772022149143942,11.0,0.007216346998437109,-4.619397662556432,6.913417161825452,-5.0,5.000000000000001,1.3973968243427288,1.618069867777524
24.202,-4.754415830613225,6.258877527104102,-1.8012601035264877,1.0011285427377679,0.11554537969567673,-4.731291589626008,6.3543586338768,-1.8077635314359137,0.9997658493089641,0.11755852181900411,0.030421272795626106,0.15367999264584006,0.1617771612449389,0.0141890887618537,nan,nan,nan,0.9991551859510605,-1.7666555510053232,11.0,-0.0006770083929873438,-4.619397662556432,6.913417161825452,-5.0,5.000000000000001,1.3942781663112847,1.623555290147852
24.251,-4.76422258664214,6.220038225579821,-1.7966840721548052,1.0013344670242426,0.11371213751243911,-4.745223550509911,6.295997150147702,-1.7998729206792314,1.0004913656818457,0.12329526976984105,0.030424815683132107,0.15573308914184503,0.16435486559138315,0.01448747763143382,nan,nan,nan,0.9991551859510605,-1.7666555510053232,11.0,-0.0006770083929873438,-4.619397662556432,6.913417161825452,-5.0,5.000000000000001,1.3942781663112847,1.623555290147852
24.3,-4.773832295752648,6.181142740765952,-1.7921885096166996,1.0015039474371092,0.11134136703007887,-4.749397874743231,6.285267379536478,-1.79657245379542,0.9988852917386702,0.14181506151348888,0.030621975493640298,0.14992645923157844,0.15771443211047032,0.014099018549155821,-4.690289755311846,6.553335290273835,0.28861164371601866,0.9993887965579566,-1.7649082037834491,11.0,-0.002955509901023737,-4.619397662556432,6.913417161825452,-5.0,5.000000000000001,1.4056060242928667,1.6118639591643407
24.35,-4.787890361244086,6.12269912701121,-1.7856623374540872,1.0018304369269189,0.10667581137679986,-4.762683676398289,6.2268054478862185,-1.7906840536517545,0.9998598026504102,0.09239543542353708,0.030615792128642832,0.15202029112772633,0.16032178842167727,0.014398610086154527,nan,nan,nan,0.9994485455508283,-1.7633608552101503,11.0,-0.0049563512609916704,-4.619397662556432,6.913417161825452,-5.0,5.000000000000001,1.41830573722001,1.6044884837650288
24.400000000000002,-4.80153595510006,6.064137230577887,-1.7793744091084385,1.002137384818326,0.10386757588640338,-4.771368113588368,6.187759512290957,-1.7869634967668282,1.000403895259941,0.08301924021568521,0.030615159950821258,0.1534026679145037,0.1620510493650503,0.014596647467610921,nan,nan,nan,0.9995851553254754,-1.7618787291306852,11.0,-0.00658151289129591,-4.619397662556432,6.913417161825452,-5.0,5.000000000000001,1.40422497242228,1.6167245976466582
24.453000000000003,-4.810410404367859,6.025036426954091,-1.7752523043046118,1.0022826365014206,0.10255037379010493,-4.78296536962906,6.128682381729678,-1.779895644092997,1.0010671069575992,0.07277317414123355,0.030505401396137284,0.15541375632877302,0.16462399855203902,0.014309748043816944,nan,nan,nan,0.9996619401342866,-1.7609604617577048,11.0,-0.0074815969072107025,-4.619397662556432,6.913417161825452,-5.0,5.000000000000001,1.4041503222382339,1.6157440350930559
24.5,-4.823397947293426,5.966303852252689,-1.7691782722025697,1.0024438321490123,0.10013285938185343,-4.776793860541618,6.019924282488936,-1.7764190372621633,1.005942977351355,0.07983796147694373,0.030486199156564333,0.1496841313623038,0.15795220068583024,0.014584688185110663,-4.587376315222766,5.3958389268149975,1.9847463183490104,0.9998170684734463,-1.7607678055245821,11.0,-0.00733063849999982,-4.619397662556432,6.913417161825452,-5.0,5.000000000000001,1.4099590544970344,1.6091240308892922
24.551000000000002,-4.831845325461903,5.927103809799184,-1.7652953178646724,1.0022678768228783,0.09461833290048675,-4.793539394763304,5.962358297442379,-1.7761929064185817,1.0052098989322122,0.11878193171027737,0.030937364989939254,0.15174076796378622,0.16055426088863553,0.014301546863594068,nan,nan,nan,0.9999517212524517,-1.786245444136119,11.0,0.01993993937357616,-4.619397662556432,6.913417161825452,-5.0,5.000000000000001,1.4493404626190534,1.5558926087468914
24.6,-4.840112334489074,5.887916202449464,-1.7613986048486214,0.9996171320691467,0.10578478417662476,-4.80166736909643,5.923030638214694,-1.7716694835012454,1.0003638664518246,0.09937374324564978,0.03093086950321442,0.15312159839753228,0.1622823393218477,0.014500024065428092,nan,nan,nan,0.978229114000386,-1.567145815587186,12.0,0.3902403127422196,-5.0,5.000000000000001,-4.619397662556437,3.086582838174558,1.050567310263517,1.782683037389482
24.652,-4.852123461586827,5.829362442496926,-1.7536596816742058,0.9937957535108242,0.1442660452940486,-4.808281628901091,5.862633667953846,-1.7578216561844149,0.9944203001324436,0.14128293910138032,0.030439434859377456,0.155129619606938,0.16485470150216835,0.01421429164782768,nan,nan,nan,0.9775973369636505,-1.559599622730913,12.0,0.37459606945392454,-5.0,5.000000000000001,-4.619397662556437,3.086582838174558,1.0424705651396078,1.7991811528540849
24.700000000000003,-4.859872559615469,5.7904441927108685,-1.7473940271727069,0.9909363780548974,0.16301138444259253,-4.901551278123374,5.8278997573420765,-1.753229896253772,0.9926296533779289,0.1514631611574284,0.03048686295047297,0.14943677912273864,0.1581516840910738,0.014409042353654965,-5.787015139388082,5.929212937396516,3.495909897695208,0.9786391825379396,-1.5507598245389769,12.0,0.3563260364197627,-5.0,5.000000000000001,-4.619397662556437,3.086582838174558,1.0793888962171336,1.7875480398723438
24.75,-4.871078726495102,5.732201225439744,-1.736735551577391,0.986017714079168,0.18917183697809978,-4.9107358899376266,5.768990334578847,-1.741794468700098,0.98642897769009,0.18470539920806567,0.03034647505155546,0.15148758170492946,0.1607570241986067,0.014121456067258273,nan,nan,nan,0.9687994897662427,-1.5027738357039961,12.0,0.258072287548046,-5.0,5.000000000000001,-4.619397662556437,3.086582838174558,0.9816182739539385,1.8118159266773228
24.802000000000003,-4.881725774201048,5.674166687810838,-1.7245885558036091,0.9813619836880267,0.21053095483983375,-4.91736458878567,5.730125821900861,-1.733008722664541,0.9834439895412541,0.22091645941055307,0.030351790997433785,0.15286365018731626,0.1624886904251475,0.014455972274129363,nan,nan,nan,0.9691307623739283,-1.4926785261859201,12.0,0.23757149721774645,-5.0,5.000000000000001,-4.619397662556437,3.086582838174558,1.007098432799955,1.806681940976035
24.851000000000003,-4.888491259866997,5.635547258565501,-1.715926418980548,0.9790819871666834,0.21970410848073585,-4.922165546834818,5.670613676115686,-1.715448100772565,0.9802036967211424,0.20947837780751133,0.029922894967894464,0.15486464570657466,0.16506986343020558,0.014115091466985688,nan,nan,nan,0.9695818854846259,-1.4857291722064858,12.0,0.22348807666601145,-5.0,5.000000000000001,-4.619397662556437,3.086582838174558,1.0302452188888183,1.7953507027345406
24.902,-4.8981057242034645,5.577659173364287,-1.7023931328431787,0.9768963722153761,0.22913775758384008,-4.856709169816821,5.635994137807635,-1.7063309695343671,0.9779183894270047,0.2150346264244173,0.029886017014287693,0.14931865740429653,0.1584895721724057,0.014445229967599789,-4.1113634434917365,5.680191063386467,2.399548287991314,0.9718621347190128,-1.4776632356919805,12.0,0.2071691239944731,-5.0,5.000000000000001,-4.619397662556437,3.086582838174558,1.0535513892033699,1.7993232821991143
24.950000000000003,-4.904147161596879,5.539034506168941,-1.693213387715816,0.9772111007734475,0.2289775420659283,-4.865021950985628,5.5780059092676595,-1.6939178898190899,0.9783342529606648,0.23435340698530155,0.029951439395000633,0.1513602806334634,0.16111076617418055,0.014105037388209101,nan,nan,nan,0.9799987204560158,-1.505989697362596,12.0,0.2646138382056812,-5.0,5.000000000000001,-4.619397662556437,3.086582838174558,1.1475739018991211,1.776570017274901
25.002000000000002,-4.9126331781432935,5.480958495192657,-1.679560607654431,0.978171601464709,0.22642041592326065,-4.8697356939973595,5.539148995682505,-1.68380167295028,0.9792102192070986,0.24395021651960186,0.029956364522421265,0.15273001535130293,0.16285278246364754,0.014304431108973099,nan,nan,nan,0.9805590944690314,-1.496412317154498,12.0,0.24514784261709432,-5.0,5.000000000000001,-4.619397662556437,3.086582838174558,1.1612061827979931,1.7662401752035275
25.05,-4.917892580113528,5.442152382639489,-1.6705556748384163,0.978792775270642,0.22429797391775877,-4.874491289676826,5.480303359897593,-1.6691142413706015,0.9804196204762838,0.20724010041406285,0.029799838956405783,0.1547225052807578,0.16544958433218365,0.014026201544266866,nan,nan,nan,0.9813554243707617,-1.4903963880078643,12.0,0.23294406507170354,-5.0,5.000000000000001,-4.619397662556437,3.086582838174558,1.1730900099538697,1.7581456915654352
25.102,-4.925168522199655,5.383813806146946,-1.6571747047166907,0.9797902692021146,0.22238881406575572,-4.850540516210109,5.3892180543372845,-1.6560268460030814,0.9835882063610899,0.20214035302567585,0.02978141170005358,0.14977168564799526,0.15955774487463442,0.01440520733532513,-4.527798562108398,5.122671876345095,0.8585006929378196,0.9852189219350467,-1.4879871661167956,12.0,0.22806161616388648,-5.0,5.000000000000001,-4.619397662556437,3.086582838174558,1.2023327595835764,1.747427093793527
25.150000000000002,-4.9296052435469715,5.344832275567008,-1.6483493098291646,0.9806713066048924,0.21942483918749084,-4.853790628545618,5.350001214715899,-1.6467702325613824,0.9843746413760216,0.20005768618552008,0.02978341962925087,0.15115219939808047,0.16131089344447824,0.01460220974908049,nan,nan,nan,0.9852189219350467,-1.4879871661167956,12.0,0.22806161616388648,-5.0,5.000000000000001,-4.619397662556437,3.086582838174558,1.2023327595835764,1.747427093793527
25.201,-4.935633095184065,5.286227191072175,-1.6353245149235807,0.9819401959108202,0.2155093383417615,-4.859326393553895,5.3113321915736185,-1.6413867886213556,0.9851661050788526,0.2054295227539797,0.030035646048985936,0.15247992559819076,0.16305511395529887,0.014216568988401172,nan,nan,nan,0.9861086306338802,-1.4798951251915375,12.0,0.21168184906442628,-5.0,5.000000000000001,-4.619397662556437,3.086582838174558,1.2065857297917641,1.7471649029528822
25.252000000000002,-4.939231177851226,5.2470771408967165,-1.6267552999542636,0.982626233396752,0.21347269714674383,-4.8632574031753535,5.2523334948873375,-1.6291242591444988,0.986076325426527,0.1958406331974144,0.030036576188514935,0.1545095651983784,0.16565917412540013,0.014513807652647384,nan,nan,nan,0.9859360802907519,-1.4734760412334877,12.0,0.19870850005166094,-5.0,5.000000000000001,-4.619397662556437,3.086582838174558,1.2053276805403725,1.744716304500793
25.3,-4.942492526966978,5.20787231739326,-1.6182594031389315,0.9832576588738302,0.21167933390631105,-4.8504503726468915,5.175623912793913,-1.6175217889386224,0.9891732807867701,0.2119658109584798,0.029784203669609766,0.14885623271015644,0.1588607808172247,0.014121596216290198,-4.70741902287325,4.859448184651883,0.5929275953437753,0.9867024166287808,-1.4658627555461616,12.0,0.18334294894275222,-5.0,5.000000000000001,-4.619397662556437,3.086582838174558,1.2101606893986294,1.7432726936357095
25.351000000000003,-4.946755192774959,5.148968924041555,-1.6056813781439903,0.9842122181278594,0.20747997388567266,-4.852968102089688,5.116320948922272,-1.604807129861573,0.9895338305051438,0.20001434567067994,0.029785848751311888,0.15092815326433728,0.16149412420317863,0.014420120229639868,nan,nan,nan,0.9883409632628012,-1.4646704692651578,12.0,0.18093859889841382,-5.0,5.000000000000001,-4.619397662556437,3.086582838174558,1.234073089362107,1.7230543996157173
25.400000000000002,-4.949180067115735,5.109639796104387,-1.5974649984433635,0.9848825644225367,0.2041071929056288,-4.854248586233755,5.076756883158588,-1.5969596630322196,0.9899102194204601,0.20884932867748035,0.02978894185084913,0.15229596182624708,0.16324063355946772,0.014617462156723273,nan,nan,nan,0.989199799978622,-1.4577037857330872,12.0,0.16689981260265158,-5.0,5.000000000000001,-4.619397662556437,3.086582838174558,1.2407813492698776,1.7220799051187905
25.450000000000003,-4.952197300459304,5.05056068904398,-1.5853850342457398,0.9858963236570386,0.19916942697803497,-4.84936965138353,5.01624124941453,-1.5783260838273059,0.9904564465174797,0.17573549969184085,0.02922704747542964,0.15428128098821126,0.16584239399087103,0.01432993405434188,nan,nan,nan,0.9897035993370988,-1.4533343264797585,12.0,0.15792536627225687,-5.0,5.000000000000001,-4.619397662556437,3.086582838174558,1.2509671739415928,1.714763720656992
25.502000000000002,-4.954480798354457,4.991378831998622,-1.5736286808432653,0.987264369002227,0.1934492174655108,-4.895955263385466,5.012830970943235,-1.570883450936445,0.9887824025182919,0.20885807648540028,0.029264318597887726,0.1486973613768741,0.15901992849910346,0.014523483764298383,-5.390474979700272,5.373091924011846,1.5832691826869452,0.9920539065697964,-1.4521782405156018,12.0,0.150904539283266,-5.0,5.000000000000001,-4.619397662556437,3.086582838174558,1.2725168315292321,1.7103719617108717
25.55,-4.955600526378662,4.951869137783901,-1.5659534473071257,0.9879141702298032,0.1911163429572951,-4.8888848804506555,4.95237232120772,-1.5511648207124833,0.9898720457809858,0.19391723282286757,0.028620395867796918,0.15072934195977813,0.16164955344450033,0.014383205226000915,nan,nan,nan,0.9898376345464261,-1.428197610505451,12.0,0.10454874442806102,-5.0,5.000000000000001,-4.619397662556437,3.086582838174558,1.254671358544535,1.7156424186491974
25.602,-4.956687659051701,4.892539353940176,-1.554643868265915,0.9891209741553343,0.18611721428820766,-4.888026504450785,4.9127772255946285,-1.543248130803961,0.9908165289543035,0.1843861851354267,0.028621546223244806,0.15209649615109136,0.1633939608985374,0.014658461571667116,nan,nan,nan,0.9923450175523854,-1.4273523100947323,12.0,0.09968837449177566,-5.0,5.000000000000001,-4.619397662556437,3.086582838174558,1.2854172323081292,1.7017209779030875
25.651000000000003,-4.957023393855402,4.852939042902825,-1.547285889699589,0.9899452882342757,0.18259779511364443,-4.887221012745909,4.853481821465519,-1.53305454315344,0.992077885714102,0.1646935155318489,0.02871844472528307,0.15408286266864893,0.1659926411405341,0.014303943221151048,nan,nan,nan,0.992986846789408,-1.4247460973859378,12.0,0.09280563708408246,-5.0,5.000000000000001,-4.619397662556437,3.086582838174558,1.2907659647284175,1.698763116874146
25.701,-4.956953963837282,4.793479042688268,-1.5364874315591528,0.9910738962782017,0.17817409305304088,-4.891212245322314,4.884746429045854,-1.5243581612324593,0.9878312673308226,0.2194470652090469,0.02873814983449744,0.14852726079034165,0.1591478295993152,0.014497114108599139,-4.968825800863815,5.542332663171011,1.8334485217867575,0.9936570559355903,-1.4203632753506552,12.0,0.08202769200608791,-5.0,5.000000000000001,-4.619397662556437,3.086582838174558,1.292424374631862,1.698743365614737
25.751,-4.956533465203156,4.753797716148243,-1.5294862783006744,0.9921459602596616,0.17271455201199246,-4.884661869444311,4.825077323113319,-1.509059773230273,0.9902407367673222,0.16601978086426367,0.028390940795603184,0.1505616539038382,0.1617737091935956,0.014197110992953293,nan,nan,nan,0.9946395246617604,-1.4207698287631791,12.0,0.08421257220503905,-5.0,5.000000000000001,-4.619397662556437,3.086582838174558,1.3398178307298862,1.6736460534129214
25.801000000000002,-4.955353004326492,4.694201531801679,-1.5193912803541942,0.9937774632151019,0.16531437985235883,-4.882145343690259,4.785531272368335,-1.5019727727295538,0.9918610851010444,0.1616735663148691,0.028392816025076453,0.151930387812017,0.16351503899267764,0.01439566125880475,nan,nan,nan,0.9959815941733474,-1.4193814594804564,12.0,0.0789962193565003,-5.0,5.000000000000001,-4.619397662556437,3.086582838174558,1.3398178307298862,1.6760369472879248
25.85,-4.954207507323993,4.654429175978701,-1.5128862898695081,0.9947201740857491,0.16095605398488116,-4.882943730109895,4.726640306307192,-1.4978941317771437,0.9938963269926203,0.14661300469442906,0.028859812373492843,0.15392067205560606,0.16610926622881048,0.014105858252378256,nan,nan,nan,0.9964223716684997,-1.417358783266366,12.0,0.07374933899952493,-5.0,5.000000000000001,-4.619397662556437,3.086582838174558,1.345119102823374,1.6696222181610423
25.901000000000003,-4.951966797578878,4.594731609340902,-1.5033956044565067,0.9957153937529968,0.15652876819235834,-4.864345140550459,4.709540441022611,-1.4920776102720428,0.9933212021035353,0.13648782570313012,0.028851583843689202,0.1483899810609464,0.15924617545334765,0.014383740587380038,-4.706797572465654,4.928158964332649,0.28717649861727546,0.9962673486075228,-1.4114652497870512,12.0,0.06147723581836254,-5.0,5.000000000000001,-4.619397662556437,3.086582838174558,1.3327599931058818,1.6747562353206153
25.950000000000003,-4.950134157830078,4.554913829852083,-1.497228251640598,0.9964930786077659,0.15259441957274203,-4.86033070246813,4.65017721859745,-1.4835440401577082,0.9951032362379344,0.15062419045883138,0.028938990062616767,0.15042925035507015,0.16186712445371373,0.01409777017807034,nan,nan,nan,0.9974750704816276,-1.4210002892867126,12.0,0.07638244046971712,-5.0,5.000000000000001,-4.619397662556437,3.086582838174558,1.3575271271386598,1.661568829532146
26.003,-4.946891182743244,4.495158185151335,-1.4883047987158777,0.9975000857532281,0.1457784515471799,-4.856788850995204,4.610520227825167,-1.4771799481571444,0.9961411000608943,0.13250909019815107,0.02893851050016409,0.15180076856294422,0.16360462622209404,0.014296891544954707,nan,nan,nan,0.9981451607462924,-1.4162633996292997,12.0,0.0644756527611814,-5.0,5.000000000000001,-4.619397662556437,3.086582838174558,1.369743062282398,1.6464854357074112
26.05,-4.944408973216858,4.455310271659887,-1.4825734170218436,0.9980538786607699,0.14182404174526525,-4.851032313282352,4.551002715830076,-1.4685967761683192,0.9974434880417025,0.1369747067989604,0.028941855328885737,0.15384032446552343,0.16619289744820268,0.014593043167743514,nan,nan,nan,0.9981451607462924,-1.4162633996292997,12.0,0.0644756527611814,-5.0,5.000000000000001,-4.619397662556437,3.086582838174558,1.369743062282398,1.6464854357074112
26.1,-4.941677852754474,4.415459021592694,-1.4769958954436517,0.9985238721744103,0.13779499656708563,-4.882233475603759,4.550979793257059,-1.4663366098838202,0.9951803847453351,0.1521350974348696,0.029238224427308404,0.14828557602238668,0.15931468280072536,0.01420432076225218,-5.227706805155222,4.928999799733626,1.0859384044305054,0.9985056516030486,-1.413920991311483,12.0,0.05851028963531153,-5.0,5.000000000000001,-4.619397662556437,3.086582838174558,1.3804041826225553,1.6348517717538948
26.150000000000002,-4.937128218311799,4.355684766699041,-1.4688978807706858,0.9990874032176519,0.1338295561021608,-4.875792039023863,4.491587628693971,-1.4574361131098525,0.9965514714751952,0.10165124813048625,0.02923346477485219,0.1503706840141599,0.16192908933810818,0.014501723108222394,nan,nan,nan,0.9973269472915006,-1.3932032464091246,12.0,0.027904176926852167,-5.0,5.000000000000001,-4.619397662556437,3.086582838174558,1.3575203848457935,1.6552123973219848
26.202,-4.93380056554953,4.315843363726091,-1.4635572628488815,0.9993697673845165,0.13351897521325068,-4.870104624910635,4.451939862597821,-1.4502459988361467,0.9972855243323231,0.1414077716122464,0.029136994982668963,0.15170443114805932,0.16366181086692533,0.014128501162318518,nan,nan,nan,0.9977469486178655,-1.3902959920062414,12.0,0.022635006599217702,-5.0,5.000000000000001,-4.619397662556437,3.086582838174558,1.3459679018496518,1.6660672666560954
26.25,-4.928379902455473,4.2561000738778985,-1.4555880909385956,0.9997437228840347,0.13140518124113043,-4.862761210693822,4.3925348721472055,-1.4428884462169909,0.9982435309433898,0.11131404363505013,0.02913362937641243,0.1537485192034661,0.16624298754596634,0.014426985906068316,nan,nan,nan,0.9981372195489246,-1.3891991469321594,12.0,0.020478243190111545,-5.0,5.000000000000001,-4.619397662556437,3.086582838174558,1.3714901055712287,1.6415044439933943
26.3,-4.922457820902277,4.1963842391082995,-1.447808441884887,1.0000560008715442,0.12861760171803022,-4.867253633469374,4.245585992279231,-1.4245360415692634,1.0045255749073327,0.14592773938543108,0.028386480330773563,0.14891035090493035,0.16022408952445102,0.014145714868494034,-5.086078676517312,3.5068028069353216,2.882993902234202,0.9984139727865534,-1.3865600051253486,12.0,0.016091217045489506,-5.0,5.000000000000001,-4.619397662556437,3.086582838174558,1.3662035402101755,1.6461376285770617
26.353,-4.918237580415674,4.15660121602711,-1.44270111102619,0.9998041012131862,0.12708351718216787,-4.861337599365256,4.205851424933553,-1.4190893085665677,1.0036861664642434,0.11995707719213125,0.028384184553544103,0.1503021379405387,0.16195904746123027,0.014345108647363007,nan,nan,nan,0.9981292932553905,-1.3579126742519383,12.0,-0.018932659750429487,-5.0,5.000000000000001,-4.619397662556437,3.086582838174558,1.3527828605579468,1.64034710174813
26.400000000000002,-4.913806195813281,4.116855449679294,-1.4376461613058724,0.9995010879010314,0.12605080651712783,-4.8552132940376715,4.166181088069535,-1.4130927331739505,1.0030497173567108,0.13753650453532645,0.028388550801956538,0.15168436224517773,0.16368513511380295,0.014543139057633991,nan,nan,nan,0.9981292932553905,-1.3579126742519383,12.0,-0.018932659750429487,-5.0,5.000000000000001,-4.619397662556437,3.086582838174558,1.3527828605579468,1.64034710174813
26.450000000000003,-4.906768188803737,4.057297594263381,-1.4301432465644337,0.9992643532396267,0.12390152555350738,-4.848524293352894,4.106753910109325,-1.4091786075762711,1.0023320507951794,0.12046942495867616,0.02864288695889673,0.15369168018656854,0.16625587791692623,0.014265148725448302,nan,nan,nan,0.9983560654070505,-1.355744930937633,12.0,-0.02066533002572929,-5.0,5.000000000000001,-4.619397662556437,3.086582838174558,1.3673015035591116,1.6293157066398027
26.5,-4.901819139918233,4.017629240760251,-1.4252183756484913,0.9991782780496582,0.12285274433359879,-4.852980915559351,4.094941775144398,-1.4044205012417812,0.9999527231062364,0.10992132395712644,0.028647956979906204,0.14820599437886015,0.1593589434450526,0.014459276791009614,-4.972228722141314,4.36313196825935,0.33334559303624184,0.9982415336532624,-1.349866181292094,12.0,-0.02569852389825958,-5.0,5.000000000000001,-4.619397662556437,3.086582838174558,1.3580442352382056,1.639605974123796
26.55,-4.894014732788782,3.9581788327260874,-1.4178628327905014,0.9991920994101084,0.12263988656253384,-4.845102289015062,4.035740164566287,-1.3998908174851934,1.0000318349376374,0.10385561112797591,0.02885162734375286,0.15026248157288874,0.16195594377916592,0.01418909834669958,nan,nan,nan,0.9981244265423707,-1.343164317112998,12.0,-0.032373946572675755,-5.0,5.000000000000001,-4.619397662556437,3.086582838174558,1.3539646393183302,1.6497961325389783
26.6,-4.88575923809697,3.8989367953093503,-1.4096690856177436,0.993471610525714,0.15418401980147795,-4.8382680192575025,3.9963877714879983,-1.395140415643247,0.9942564619068482,0.14373167400521414,0.028852864132291066,0.15164769718640875,0.16367715745159025,0.01447028970397619,nan,nan,nan,0.9689323013070839,-1.14997118291439,13.0,0.3396570187392699,-4.619397662556437,3.086582838174558,-3.5355339059327417,1.4644660940672658,0.951840205620906,1.818514620430935
26.653000000000002,-4.880025593660798,3.8597283879088122,-1.4028690732659441,0.9887613630340748,0.17862845065521696,-4.834112753587556,3.9375561300833897,-1.3926683969773728,0.9873005635529288,0.19369744911238007,0.029428790187330207,0.15366011767757715,0.16624201401168257,0.01418771547371069,nan,nan,nan,0.9651329692298142,-1.127822953843234,13.0,0.2942463565840956,-4.619397662556437,3.086582838174558,-3.5355339059327417,1.4644660940672658,0.9683876362232995,1.8079660063358107
26.700000000000003,-4.8740933234970445,3.820722598875773,-1.3952287507870333,0.9845801384646501,0.19771282354333714,-4.818078683546102,3.8557167227493765,-1.3856252256641153,0.9863321803379086,0.17394518209030085,0.029419953484428007,0.14818070822725565,0.1593447861325465,0.014382256507391868,-4.728223818171437,3.490574892404161,0.6959810618767411,0.9651329692298142,-1.127822953843234,13.0,0.2942463565840956,-4.619397662556437,3.086582838174558,-3.5355339059327417,1.4644660940672658,0.9683876362232995,1.8079660063358107
26.75,-4.8647830426985905,3.762577433313109,-1.3825316741482332,0.9787287339691249,0.22126887025284026,-4.806665719028634,3.7977358002549413,-1.3722702210795474,0.9802325130708324,0.20654169698431343,0.029396513287381545,0.15024238821553784,0.16193868481695742,0.014097443061997218,nan,nan,nan,0.9628139125139267,-1.1120603592479186,13.0,0.2621106599823514,-4.619397662556437,3.086582838174558,-3.5355339059327417,1.4644660940672658,0.9391630810225537,1.820701534598904
26.8,-4.858273504689399,3.724044826893825,-1.3733644503011704,0.9755295897250237,0.23326308326969336,-4.79886042238335,3.759343881645857,-1.3627604296252185,0.9772142231050946,0.25088229237874055,0.0294036822751527,0.15163063894508572,0.16365859949364725,0.014297252426924478,nan,nan,nan,0.9633977620479962,-1.100874824462591,13.0,0.23938771854398885,-4.619397662556437,3.086582838174558,-3.5355339059327417,1.4644660940672658,0.9664768406609148,1.8154296729243327
26.85,-4.847998890044288,3.6665323101623604,-1.3589293058882848,0.9719496066570612,0.24461704237905998,-4.784190105317626,3.702279160345196,-1.3459919135941858,0.9736957185881525,0.22337242293271234,0.02919040305449277,0.15365143187135416,0.16622134868312383,0.014023160633858424,nan,nan,nan,0.9639821496597768,-1.093553573702962,13.0,0.2245481783518308,-4.619397662556437,3.086582838174558,-3.5355339059327417,1.4644660940672658,0.9939876351403671,1.8009023690041435
26.900000000000002,-4.8370513513657665,3.6093104253547867,-1.3439834578498302,0.9697504026089468,0.25207804476673423,-4.779897854275287,3.672373999528287,-1.3350214877257987,0.971816523081318,0.25829843114483825,0.029199989280369213,0.14817807287531953,0.15932544179488203,0.014219283479895118,-4.8309094199291165,3.762792650876582,0.03224073906933977,0.9658532049670889,-1.0839120853066557,13.0,0.2050426406846167,-4.619397662556437,3.086582838174558,-3.5355339059327417,1.4644660940672658,1.0061088620460692,1.8136504085624894
26.950000000000003,-4.829348477748935,3.571293763530515,-1.3338421336539468,0.968946796489125,0.25421499480439563,-4.7665555076476185,3.6157085127709414,-1.3210089233678777,0.9710060993999693,0.23837246369772197,0.029250634550059385,0.15025147247696213,0.16191663780831,0.013952157153821433,nan,nan,nan,0.9670122090236468,-1.0774529754909363,13.0,0.19199709983115698,-4.619397662556437,3.086582838174558,-3.5355339059327417,1.4644660940672658,1.0341031317874423,1.8001699235761595
27.002000000000002,-4.81715262970045,3.514446062334774,-1.3184943588917448,0.9682195795493345,0.25695869843010705,-4.756865383242314,3.578100000238271,-1.311387630291269,0.9706944156146776,0.23787879710641965,0.029251434513990218,0.15164746859561723,0.16363456400912424,0.014238180288493203,nan,nan,nan,0.96799886180694,-1.0673426517984088,13.0,0.17160919792692306,-4.619397662556437,3.086582838174558,-3.5355339059327417,1.4644660940672658,1.0370090500142077,1.8073098937644372
27.05,-4.808579017466245,3.476660896053906,-1.3081821008938057,0.9679918432945611,0.2582412602520839,-4.741643247476074,3.521890495123893,-1.2962264480968437,0.970478627462018,0.2525839797603446,0.029255955846480972,0.1537263849728805,0.1661937825998124,0.01453550902064483,nan,nan,nan,0.9688084192251474,-1.0609676005605702,13.0,0.1587720718380688,-4.619397662556437,3.086582838174558,-3.5355339059327417,1.4644660940672658,1.0452883934424537,1.8062454449494145
27.103,-4.795033608492213,3.420146485822128,-1.2926745653091731,0.9680536424888253,0.25821249147770864,-4.686981922518433,3.560604506891638,-1.273283216298645,0.9652563413096407,0.2650948979401179,0.028695329700289585,0.1489263090612395,0.16016026152504367,0.014253943400240504,-4.346243683328332,4.441171988245051,3.7033015736726105,0.9702601792285468,-1.051733460039631,13.0,0.14020048730772944,-4.619397662556437,3.086582838174558,-3.5355339059327417,1.4644660940672658,1.0660978322792873,1.7975096126426497
27.152,-4.785529881833296,3.3825293481931644,-1.2825373596860006,0.9703975162270329,0.24967470999127572,-4.675551875835765,3.523685783464418,-1.2628710496896582,0.9688838997232982,0.238161725555972,0.02869500061141027,0.15034485129191796,0.16188081100250915,0.014452525112937903,nan,nan,nan,0.9818154246718119,-1.0877503651866969,13.0,0.2128029777008211,-4.619397662556437,3.086582838174558,-3.5355339059327417,1.4644660940672658,1.206506375615687,1.7660586963717226
27.200000000000003,-4.775624560651616,3.3449060596918363,-1.2727543683065559,0.9729262137370425,0.2419510560956945,-4.664390654762004,3.486657167342278,-1.2542108501541387,0.9720588897153961,0.22756997776777238,0.02875991234087849,0.15171326109372643,0.16359180188913686,0.014082704687704697,nan,nan,nan,0.9832364975617192,-1.0795104826227206,13.0,0.19615086322372355,-4.619397662556437,3.086582838174558,-3.5355339059327417,1.4644660940672658,1.204596856263598,1.7634273108082923
27.252000000000002,-4.760023688931304,3.288497196710712,-1.258534229941781,0.9760695494838435,0.23384001213941077,-4.645936567010738,3.431243616081837,-1.2394773274728428,0.9759897603544951,0.22775322456170732,0.028764918627293915,0.1538114541674926,0.1661395444313416,0.01446551870933404,nan,nan,nan,0.9837907503753422,-1.0739153712345013,13.0,0.1848590824953762,-4.619397662556437,3.086582838174558,-3.5355339059327417,1.4644660940672658,1.21454467789331,1.7634273108082923
27.302000000000003,-4.743554055629857,3.2321650133284754,-1.2447453246252997,0.9785873335026454,0.22687053275033048,-4.655580598847486,3.327914089144639,-1.2351689562182364,0.9822846486471096,0.21999580716182432,0.02912980952491655,0.14830064284640718,0.15924223906201093,0.014079191677767234,-4.869019844369925,2.753575673550256,1.757879271107728,0.9850343954049012,-1.0662544507723972,13.0,0.1694169760971117,-4.619397662556437,3.086582838174558,-3.5355339059327417,1.4644660940672658,1.21454467789331,1.7520107283452808
27.35,-4.732109540777931,3.194697222467965,-1.2356828156108755,0.9788066626948317,0.22691367538452747,-4.635873815207437,3.2723427295342677,-1.2205985305461933,0.9827482036878389,0.20525154976642895,0.029131288541290178,0.15044985525814203,0.1618126995711497,0.014378021814077975,nan,nan,nan,0.9797730128178641,-1.0336966460020485,13.0,0.10399144732647317,-4.619397662556437,3.086582838174558,-3.5355339059327417,1.4644660940672658,1.1387020686665115,1.767122353585615
27.400000000000002,-4.714282903873833,3.138700722516618,-1.2220328376062517,0.9789745476583148,0.22756849727823303,-4.622304760121556,3.2354497449150244,-1.2109428921499568,0.9827847312715395,0.23360738442152318,0.02913841341608764,0.15187322613244528,0.1635135789886201,0.014575540014574702,nan,nan,nan,0.9812160598839013,-1.0264694882221268,13.0,0.08950324587144491,-4.619397662556437,3.086582838174558,-3.5355339059327417,1.4644660940672658,1.1488015250503105,1.766987412209366
27.450000000000003,-4.701960351678466,3.101499139306229,-1.212966873282743,0.9793093432447844,0.2258663986648942,-4.601824708047032,3.1802496920275414,-1.19729200940062,0.9830200396290144,0.23641861169271103,0.029190733961061942,0.15394910556944016,0.16604165443185906,0.01429308487139836,nan,nan,nan,0.9821790163666886,-1.021870589210157,13.0,0.08028885878131277,-4.619397662556437,3.086582838174558,-3.5355339059327417,1.4644660940672658,1.1714756107230988,1.7518066120052795
27.5,-4.689288926508488,3.064398440815242,-1.2039841007761143,0.9797727374472966,0.22349817379533707,-4.6263152276902995,3.154349648685343,-1.1882947766969103,0.9817772841965531,0.20041969016220199,0.029207519066371916,0.1484691777400406,0.15914535417088482,0.014486859341520759,-5.038122151048199,3.2590407133303163,0.7512162511131808,0.9834417052488341,-1.0150603228446033,13.0,0.0666498934942595,-4.619397662556437,3.086582838174558,-3.5355339059327417,1.4644660940672658,1.1875259505075215,1.7450861208214028
27.55,-4.669631992193272,3.0089381367807277,-1.1906590455954686,0.9803283683335587,0.2219993338247907,-4.604862415999213,3.0996198132129726,-1.1759493028399897,0.9824052002120085,0.20931808712568095,0.02928655652624624,0.15059983780925867,0.1616932756577378,0.014212872763802469,nan,nan,nan,0.9830632252536792,-0.9916408607449808,13.0,0.01932857107961957,-4.619397662556437,3.086582838174558,-3.5355339059327417,1.4644660940672658,1.1730109123160213,1.7584817689005028
27.6,-4.656101295051075,2.9721029387286864,-1.1817721911560808,0.9806590186328693,0.22188666519163905,-4.589668380460161,3.063375397647315,-1.1668400791970324,0.9828790769547875,0.2250557498027561,0.02929131843853844,0.1520357974345376,0.16337981925131156,0.014494827595595797,nan,nan,nan,0.9830632252536792,-0.9916408607449808,13.0,0.01932857107961957,-4.619397662556437,3.086582838174558,-3.5355339059327417,1.4644660940672658,1.1730109123160213,1.7584817689005028
27.651000000000003,-4.6351717497632015,2.917055357655653,-1.1685158303976633,0.9813120731916252,0.21971623694808645,-4.568920814992652,3.0086067395181613,-1.1576081977413686,0.9836442766239972,0.21002794472920225,0.02953614211156376,0.15413264078918856,0.1658861572686574,0.014344414926563269,nan,nan,nan,0.9840369194041543,-0.9879225993004096,13.0,0.01182563151711435,-4.619397662556437,3.086582838174558,-3.5355339059327417,1.4644660940672658,1.1905732938366986,1.7472811336843614
27.702,-4.613488512233344,2.8622561360450685,-1.1554165994261196,0.981986838590472,0.21740894475799336,-4.539138084524415,2.945301605280233,-1.1488619948362693,0.986338538911767,0.19021541798233946,0.02953141002329652,0.14863836135075845,0.15899812095439664,0.014483476100353485,-4.410411721808887,2.721955342224359,0.3417395204665843,0.9844488601178082,-0.9810204620586923,13.0,-0.0013512344263794107,-4.619397662556437,3.086582838174558,-3.5355339059327417,1.4644660940672658,1.1829195906003331,1.7503047353405357
27.751,-4.5986202000124825,2.8258688940446404,-1.1467395880150844,0.9822946953924132,0.216609035510449,-4.516922043558242,2.8908397917790896,-1.137392801309164,0.9864860105171899,0.23389789998637692,0.029766136212205797,0.1507891691992856,0.16152525274408,0.014184889273154786,nan,nan,nan,0.9849542421211459,-0.9751746946087697,13.0,-0.011758247250545986,-4.619397662556437,3.086582838174558,-3.5355339059327417,1.4644660940672658,1.1829195906003331,1.75180915689696
27.8,-4.583426928490331,2.789603203270646,-1.138114538632392,0.9826322506306671,0.21447219508896645,-4.50027217911227,2.855062765697927,-1.1288129735491104,0.9866738885019632,0.20912921811617857,0.029764284037627833,0.15223733749598772,0.16319819032410693,0.014383297671035546,nan,nan,nan,0.9857124307563558,-0.9681490604662359,13.0,-0.023543646699004397,-4.619397662556437,3.086582838174558,-3.5355339059327417,1.4644660940672658,1.2098278899222328,1.7304407924619156
27.855,-4.560031979047283,2.735430010908375,-1.1253706177500975,0.9832999812071199,0.2113414163485023,-4.4798047400784755,2.8002379161906368,-1.122061499442366,0.9871121343446104,0.20857561114729445,0.030248474873591325,0.1543547707366431,0.16568306205200992,0.014097505903349135,nan,nan,nan,0.9867903268203453,-0.9623414453286085,13.0,-0.032464872711256476,-4.619397662556437,3.086582838174558,-3.5355339059327417,1.4644660940672658,1.2036540632184611,1.7443614899450373
27.900000000000002,-4.544034363904735,2.69946512621328,-1.1169461650472403,0.9837046301833361,0.2100350974136161,-4.526584498013891,2.7909091787122082,-1.1129990079908927,0.9836530149236863,0.22823399230180136,0.030283763122558933,0.14883992553621034,0.1588101630830917,0.014292484814680343,-5.191710672598195,3.0221969581554897,2.0968480340075977,0.986151989106086,-0.9554476303756352,13.0,-0.043017441897656994,-4.619397662556437,3.086582838174558,-3.5355339059327417,1.4644660940672658,1.2044272451560536,1.7374083634384108
27.953000000000003,-4.519452413676403,2.6457653368603484,-1.1043763152892057,0.9838259733462602,0.2096926097593032,-4.504952034554789,2.73666821195669,-1.1056048555783495,0.9841604998028277,0.18820127647047258,0.030750203260775467,0.15100945053105808,0.1613176455552045,0.014018194041682256,nan,nan,nan,0.983142269284091,-0.9291223719369264,13.0,-0.08709615794649324,-4.619397662556437,3.086582838174558,-3.5355339059327417,1.4644660940672658,1.1796258940185915,1.74866860833905
28.0,-4.494186732110273,2.592392150883132,-1.091711241270227,0.9836193436349792,0.21249157564270646,-4.487221518668077,2.7015204881672403,-1.097461971740602,0.9842203540427523,0.19765622689717324,0.030752608847805212,0.1524683543068829,0.1629788042026355,0.014218164714695747,nan,nan,nan,0.9827618782415302,-0.9196592927831599,13.0,-0.09924408848057602,-4.619397662556437,3.086582838174558,-3.5355339059327417,1.4644660940672658,1.1582046303031075,1.7654802975122976
28.05,-4.47696734882947,2.5569961796387735,-1.083181700497678,0.9835975155327006,0.2132999326305391,-4.46008254488862,2.6490697651344552,-1.0847834008997044,0.9844865916820837,0.20754754696342714,0.03075642043758717,0.1546434552265816,0.16544894583012218,0.014512780802450229,nan,nan,nan,0.9837509871266279,-0.9127283818091229,13.0,-0.10630332585628598,-4.619397662556437,3.086582838174558,-3.5355339059327417,1.4644660940672658,1.1775206870218002,1.7537252384788076
28.1,-4.459446429437543,2.521746033171364,-1.0746482047392991,0.9836886349968553,0.21315060229332516,-4.448877618395346,2.643414292117605,-1.074899302955317,0.9827303833875671,0.25765076863540826,0.030798205877177676,0.14906559103881517,0.1585930581357619,0.014218484461635927,-4.517960350124451,2.9224897497954125,0.32057446127464817,0.984428069136264,-0.908077352895373,13.0,-0.11060356081681796,-4.619397662556437,3.086582838174558,-3.5355339059327417,1.4644660940672658,1.185909494370577,1.7499896008128295
28.151000000000003,-4.432596841238984,2.4691368038145822,-1.061941683876882,0.98430525601805,0.20939722096732752,-4.420577765739764,2.591659069383705,-1.0623136947148781,0.9841135984053612,0.18817539718826665,0.030789774739128584,0.15129103223867957,0.1610849539913102,0.014515251494580229,nan,nan,nan,0.9867071727148333,-0.911667063479818,13.0,-0.10442901739138413,-4.619397662556437,3.086582838174558,-3.5355339059327417,1.4644660940672658,1.2379458565482597,1.7215219600664309
28.202,-4.405053990947444,2.416822048985851,-1.0495197954086382,0.9853370015131363,0.20597555659730196,-4.401396591320874,2.557284575521869,-1.0535307849129345,0.9851729045991109,0.21488328720637614,0.030802312922666865,0.15272821129400396,0.16272857992227033,0.014140045310911474,nan,nan,nan,0.9883525322156439,-0.9007554671358086,13.0,-0.11280109293705165,-4.619397662556437,3.086582838174558,-3.5355339059327417,1.4644660940672658,1.2395694386492744,1.7259887622155514
28.252000000000002,-4.386310018218155,2.382111289515286,-1.041345635850078,0.9859948402961878,0.20317761615737967,-4.371922366528312,2.5060133657928607,-1.0401128312024284,0.9866062177610887,0.2105399483323509,0.030806235710808233,0.15492485360844532,0.1651774095547189,0.014518074299983938,nan,nan,nan,0.9893755757570372,-0.8942136139903168,13.0,-0.11677892861220404,-4.619397662556437,3.086582838174558,-3.5355339059327417,1.4644660940672658,1.250134907204398,1.7194006001748514
28.3,-4.357630902372281,2.3302982961805454,-1.0293153154747998,0.9869682129620692,0.19850138235237091,-4.348247377427482,2.4311139759533127,-1.0263729835231574,0.990121501563751,0.1959812554222253,0.030310459980538593,0.14932369247278443,0.15834329089436736,0.014124852994668325,-4.394964155461986,2.057998586021824,0.6737225955239768,0.9880610926022821,-0.8716943516839601,13.0,-0.13870576606945326,-4.619397662556437,3.086582838174558,-3.5355339059327417,1.4644660940672658,1.2205895986720252,1.7278404898518374
28.35,-4.338146223327844,2.295937681997796,-1.0213986920636255,0.9870960971939523,0.19768400039320358,-4.3172712971215566,2.3804118763862583,-1.0146230785408825,0.9902748067173791,0.18490301813587826,0.030311351269336335,0.1515727008012906,0.1608113207263026,0.014556071970800721,nan,nan,nan,0.9880610926022821,-0.8716943516839601,13.0,-0.13870576606945326,-4.619397662556437,3.086582838174558,-3.5355339059327417,1.4644660940672658,1.2205895986720252,1.7278404898518374
28.400000000000002,-4.308393311429751,2.2446909700428472,-1.009565516268939,0.9872982145399026,0.19676587638571666,-4.296300497855474,2.346808523311186,-1.0060187791912902,0.9903144644683604,0.22493596459130827,0.030320121972580712,0.15306397712859518,0.16244268071313103,0.014697867071585826,nan,nan,nan,0.9887209407746962,-0.8642879456333359,13.0,-0.1411186738578844,-4.619397662556437,3.086582838174558,-3.5355339059327417,1.4644660940672658,1.2250288201327666,1.7281118043467032
28.450000000000003,-4.288210190896617,2.2107197570573467,-1.001749851280404,0.9875320322312907,0.19428462444747105,-4.266131390917894,2.2959811844249236,-0.9966011942873036,0.9904679553646697,0.1883943716565278,0.030492134871941752,0.15524818346567812,0.16486093882572136,0.014532413468852751,nan,nan,nan,0.9892495020501568,-0.8592549174044878,13.0,-0.14235111422059776,-4.619397662556437,3.086582838174558,-3.5355339059327417,1.4644660940672658,1.2484153958401318,1.7087582095274922
28.501,-4.2574210893502755,2.16005508051418,-0.9901763263767632,0.9878108704754892,0.19237347646760525,-4.2378264249684445,2.253878590529427,-0.9884210911479588,0.99136075397143,0.2092393412449335,0.030496181990860193,0.14964984320707655,0.15805947547629276,0.014669623963118435,-4.183905202613513,2.1929193456293214,0.04532619670186205,0.9892603889557205,-0.8499117979705331,13.0,-0.14550457508050152,-4.619397662556437,3.086582838174558,-3.5355339059327417,1.4644660940672658,1.2336933450280472,1.723046036653137
28.55,-4.236557085732738,2.1264756406481795,-0.9825157866620818,0.9879883195145089,0.19082186651299102,-4.20136283184379,2.2058850402536714,-0.9726306868052529,0.9913362322518113,0.1929228898659277,0.030134860541875228,0.15188843189118312,0.16049775783748796,0.014373361167020655,nan,nan,nan,0.9895511928485634,-0.843734849332805,13.0,-0.14536080391752654,-4.619397662556437,3.086582838174558,-3.5355339059327417,1.4644660940672658,1.2448086815744999,1.7114759340240142
28.6,-4.215440121935725,2.093086666500404,-0.9747743829077312,0.985933921727203,0.19889449533358441,-4.178996382071196,2.173199977042226,-0.9652035069243663,0.9866392136282165,0.18951164953016864,0.030132322588453827,0.15339457380587807,0.16211276853394255,0.014569737256723737,nan,nan,nan,0.9661518649106902,-0.7117060732255317,14.0,0.24655259221977943,-3.5355339059327417,1.4644660940672658,-1.913417161825452,0.38060233744356786,0.9707709236985891,1.799206452545011
28.652,-4.183427856598833,2.0435662706867053,-0.9619934206848969,0.980100855390574,0.2218738186618467,-4.144819740391777,2.1249258355311658,-0.9525934307708831,0.9810024165691158,0.21235456941169548,0.030097841716499707,0.15560413907667336,0.16450482750565626,0.01427301946428501,nan,nan,nan,0.9667473721014503,-0.6939872851324411,14.0,0.21065113215047865,-3.5355339059327417,1.4644660940672658,-1.913417161825452,0.38060233744356786,0.998996536372524,1.8049313177584938
28.701,-4.150973009273608,1.9946771902841336,-0.9481140485147833,0.976026123966421,0.23687287281110314,-4.132271821345676,2.1673628588437603,-0.9436257866302027,0.9736680860550083,0.22979303909957302,0.03008647632105624,0.14997035639990972,0.15773639720831303,0.014465965860390341,-4.207493633904959,2.859258535777347,2.047968133656863,0.9667473721014503,-0.6939872851324411,14.0,0.21065113215047865,-3.5355339059327417,1.4644660940672658,-1.913417161825452,0.38060233744356786,1.0900519044574928,1.8049313177584938
28.750000000000004,-4.1290407907975535,1.9623830118123398,-0.9385487605545071,0.9753849108574411,0.23965571865242546,-4.098979983483848,2.1196190616731045,-0.9313850502734223,0.9741418368041521,0.2155741538844247,0.03021515308021629,0.15223355432949945,0.16015152771688565,0.01416916507894529,nan,nan,nan,0.9739412961730267,-0.7148347337360392,14.0,0.25290747777982925,-3.5355339059327417,1.4644660940672658,-1.913417161825452,0.38060233744356786,1.0900519044574928,1.7925906318603246
28.801000000000002,-4.1068288006167455,1.9302890829771007,-0.9289245490991508,0.9752059215451736,0.24120176016037975,-4.075660957853763,2.0883981976287775,-0.9221189719387364,0.9744532873167299,0.23658445239214917,0.030219706419037175,0.153755496478683,0.16175241771195537,0.01436740230588936,nan,nan,nan,0.9743464721121148,-0.7043873921854816,14.0,0.23170591537503937,-3.5355339059327417,1.4644660940672658,-1.913417161825452,0.38060233744356786,1.087948683544056,1.7964823347003374
28.851000000000003,-4.0729752357604685,1.8825346121137851,-0.9144003886616484,0.9750470193692239,0.24221766132321157,-4.041083853798114,2.0414683304726142,-0.9082432282532693,0.9750015065426175,0.24377853336765287,0.030324678983614392,0.1559934787279405,0.16412237721625877,0.014083192697448592,nan,nan,nan,0.9749829345045472,-0.6979668988431746,14.0,0.21870207215544896,-3.5355339059327417,1.4644660940672658,-1.913417161825452,0.38060233744356786,1.1144225915585602,1.7796242640292328
28.900000000000002,-4.05004318930222,1.8509599927198455,-0.9047186233381159,0.9750686988155362,0.24175958299506095,-4.023643359159932,2.0366052342777317,-0.8983915784384742,0.9736825898716686,0.23094401825645752,0.030320942645210226,0.15032190485938945,0.1573928487121684,0.014275241112602005,-4.087957900048576,2.2860293111618835,0.25574747078282023,0.9758811158087429,-0.6881683951983377,14.0,0.19889132346304345,-3.5355339059327417,1.4644660940672658,-1.913417161825452,0.38060233744356786,1.1144225915585602,1.7796242640292328
28.950000000000003,-4.015086591954823,1.8039876077788077,-0.8902708080334821,0.9756861022218584,0.23970672351902458,-3.992054368390032,1.9883249651381045,-0.8918268144616391,0.975215700941492,0.21331231916203136,0.030862366606112798,0.15261405657661106,0.1597866806174237,0.014075665741709195,nan,nan,nan,0.9785637021706337,-0.6909629185536774,14.0,0.20453722642540667,-3.5355339059327417,1.4644660940672658,-1.913417161825452,0.38060233744356786,1.1409665878207433,1.7784973528699672
29.000000000000004,-3.9794418703119314,1.7574763079062827,-0.8759240697135992,0.9762766359235224,0.23912147838628023,-3.9674693964583096,1.9580290321526133,-0.8821628021776031,0.9759714650386996,0.20788208357013793,0.030862841426405614,0.15415313433848588,0.16137432301491733,0.014274439697986169,nan,nan,nan,0.9776002262556622,-0.6797706810355321,14.0,0.1819435527249058,-3.5355339059327417,1.4644660940672658,-1.913417161825452,0.38060233744356786,1.1209209757384087,1.7864395206871047
29.051000000000002,-3.9553038808626955,1.726738821129676,-0.8663618407744526,0.9766211453825736,0.23893333598183233,-3.930028250863426,1.912979334920079,-0.8667464724140482,0.9770436836833251,0.2515357010965483,0.03087415262167326,0.1564513959669914,0.1637324506754543,0.014570043567084384,nan,nan,nan,0.9784224451466927,-0.6740493573657119,14.0,0.17041208365600277,-3.5355339059327417,1.4644660940672658,-1.913417161825452,0.38060233744356786,1.1268432593536353,1.7848779269331987
29.1,-3.9185350226388413,1.6810403187932657,-0.8521188411000558,0.977306964760659,0.23554413574005578,-3.7687603773783627,1.8556415045506345,-0.8573941865928885,0.9856057147342356,0.24338509750474568,0.030969962026373202,0.15070426621619404,0.15703420573971982,0.014183729245729847,-2.4040310819936046,1.709737872377774,8.467392150584311,0.9798732354157659,-0.6657756101143807,14.0,0.1537558153463908,-3.5355339059327417,1.4644660940672658,-1.913417161825452,0.38060233744356786,1.1592236478143823,1.7609076738361462
29.150000000000002,-3.8936441045311283,1.6508394415566936,-0.842852807132143,0.9781694448966503,0.22911884178898853,-3.725519209194144,1.813698887827072,-0.8374055092387721,0.9857602818229694,0.22447637924743497,0.030491456113906946,0.1530252266832032,0.1594033690625205,0.013919437567932706,nan,nan,nan,0.985446118531839,-0.6865766131374104,14.0,0.19567678180951215,-3.5355339059327417,1.4644660940672658,-1.913417161825452,0.38060233744356786,1.2104445644399722,1.7281892068026103
29.200000000000003,-3.8684469732136613,1.6208443522880065,-0.8338412710525023,0.979227322675053,0.22278466559090299,-3.69905431530707,1.7844594541506285,-0.8288112781927991,0.9864634002389029,0.20114550922435434,0.030490304007577046,0.15458409337803977,0.16097164677345538,0.014204665112586468,nan,nan,nan,0.9878247102237071,-0.6812000254250901,14.0,0.1848262764275635,-3.5355339059327417,1.4644660940672658,-1.913417161825452,0.38060233744356786,1.2340697606594797,1.7231051087025775
29.250000000000004,-3.830075521731636,1.5762270311719533,-0.820763523543967,0.9809635233531087,0.21493383225888732,-3.658871754641601,1.740975246936619,-0.8160955498774434,0.9874550017760407,0.21234501374948053,0.030495697623892565,0.15691165320924735,0.16329946516214514,0.014500813879732795,nan,nan,nan,0.9884130812432439,-0.6764343490439019,14.0,0.17521768310834582,-3.5355339059327417,1.4644660940672658,-1.913417161825452,0.38060233744356786,1.231813812131919,1.7280281921991272
29.301000000000002,-3.791034385329955,1.5320642514010732,-0.8081045740081364,0.982561632548566,0.20796576931129396,-3.6243451823000146,1.7502556715603745,-0.8092026967789838,0.9864666560147007,0.21687114888320905,0.030707771353979747,0.15111991712578168,0.15663978616222116,0.014109530784871337,-3.5155560708563587,2.137776816969236,0.6743599688707111,0.9892839186924604,-0.6695672232283745,14.0,0.1613861207870688,-3.5355339059327417,1.4644660940672658,-1.913417161825452,0.38060233744356786,1.2470887658180962,1.7167977347657177
29.351000000000003,-3.764642103176188,1.5028676740307052,-0.7999421642785223,0.9840050646162144,0.20130536486004727,-3.5833018910689742,1.7075688054014293,-0.7964948284729152,0.9882378131007084,0.2063145731946958,0.030710733815362816,0.15349493835361425,0.15898995012313075,0.014406969446481599,nan,nan,nan,0.992036200157131,-0.6829141961159333,14.0,0.18828444769216918,-3.5355339059327417,1.4644660940672658,-1.913417161825452,0.38060233744356786,1.2918384296642158,1.6972070125467995
29.400000000000002,-3.7379580950798355,1.4738581332290843,-0.7920517233795725,0.9854289568611383,0.19480343377195342,-3.5555938997388643,1.6793568874906166,-0.7893845982705652,0.9894638611412206,0.15713393432592807,0.030704944924284456,0.15507154867425715,0.1605413640027786,0.014603581983476296,nan,nan,nan,0.992823743504769,-0.6766210943357961,14.0,0.17559404650970084,-3.5355339059327417,1.4644660940672658,-1.913417161825452,0.38060233744356786,1.2978341117486973,1.6924036556042985
29.450000000000003,-3.6974106753480345,1.430700920618664,-0.7806463837662829,0.987154002456357,0.18702891500181135,-3.5175260753768534,1.6346477772179053,-0.7827739127978308,0.9908544714877006,0.17547908691120065,0.03113514559212025,0.1573917671112966,0.162832540054286,0.01431662206918658,nan,nan,nan,0.9926190273519587,-0.6685517364572995,14.0,0.15934208961562898,-3.5355339059327417,1.4644660940672658,-1.913417161825452,0.38060233744356786,1.29210162422659,1.6912775497422732
29.500000000000004,-3.6700512960729155,1.4021732970639276,-0.7732569103328957,0.9880754430572981,0.1835096178101769,-3.5703063386632916,1.619357453779709,-0.7760726321889369,0.986944010026613,0.17264155192885328,0.031168707974770334,0.151573005916679,0.15623291619617452,0.01450959661280844,-4.387748305888897,1.6951013545235678,2.8601678545460594,0.9930323009115978,-0.6646569738914601,14.0,0.15150551272836926,-3.5355339059327417,1.4644660940672658,-1.913417161825452,0.38060233744356786,1.2615783425551228,1.6991282871813338
29.55,-3.628544186351015,1.3597495846803165,-0.7623295955048519,0.9892476741432376,0.1818589491121882,-3.5275126371436096,1.5782634503000597,-0.7638002690365804,0.9886850769256085,0.195382728408123,0.03113522658422823,0.15394129440955678,0.15854905114568396,0.014234625453766327,nan,nan,nan,0.9912552936638723,-0.6437285267538331,14.0,0.10946893025434923,-3.5355339059327417,1.4644660940672658,-1.913417161825452,0.38060233744356786,1.2615783425551228,1.720497417317352
29.6,-3.586501128263001,1.3177690940324671,-0.7514853911535717,0.9902540912472819,0.17934946328722107,-3.4988903853475186,1.5509589089627367,-0.7552881813144823,0.989705688876791,0.20659238901786944,0.031140269305844515,0.15552993594639514,0.16008615256065906,0.014432802490699002,nan,nan,nan,0.9921659181692841,-0.6385458714298554,14.0,0.09907542183822671,-3.5355339059327417,1.4644660940672658,-1.913417161825452,0.38060233744356786,1.2824121965428705,1.7018692066365466
29.650000000000002,-3.5581853295969115,1.2900263717885216,-0.7443842152782103,0.9909020106987342,0.17626122408160044,-3.4547945873772545,1.5109106005893334,-0.7440477578943331,0.991072507483063,0.1700901782565648,0.031058650185706926,0.15787308324479166,0.16235227160361748,0.014154350534090095,nan,nan,nan,0.9928805015127677,-0.6358900034468826,14.0,0.092274196538284,-3.5355339059327417,1.4644660940672658,-1.913417161825452,0.38060233744356786,1.2970764905790961,1.6899971129675997
29.700000000000003,-3.5296456851848856,1.262477906550481,-0.7374008430633316,0.9915405065771067,0.17361757328759414,-3.4756810334652397,1.5058596538252607,-0.7375763348949862,0.9883108651650409,0.15959575528144845,0.03107237899836805,0.15200003018476257,0.1558037678784535,0.01448347592859699,-3.974430383833964,1.6883911394461135,1.1638247149840937,0.9938110172205011,-0.6327339918591518,14.0,0.0834735578552025,-3.5355339059327417,1.4644660940672658,-1.913417161825452,0.38060233744356786,1.2963301379372991,1.6941992934375905
29.750000000000004,-3.4864247114535862,1.2215160444885533,-0.72707706630176,0.9925484645907172,0.17122663669985236,-3.4319999926867064,1.465820794158235,-0.7273606347693282,0.9902581463901895,0.17445581242926259,0.031123678602660333,0.15439008614410518,0.15809643272978446,0.014137110523637175,nan,nan,nan,0.9935801441095472,-0.6242031743497808,14.0,0.06766996138746488,-3.5355339059327417,1.4644660940672658,-1.913417161825452,0.38060233744356786,1.2923968910308554,1.7048397684413126
29.8,-3.4573412899019096,1.194446045712623,-0.7202663433145473,0.9931944613211223,0.1693188934440204,-3.4023634285169955,1.4395230603596272,-0.7204312831648063,0.9914094915107137,0.17527329983635648,0.031125679392464755,0.15599136831722146,0.15961906995586414,0.014335789116565344,nan,nan,nan,0.9942931279422329,-0.6204746357017512,14.0,0.05864675226695562,-3.5355339059327417,1.4644660940672658,-1.913417161825452,0.38060233744356786,1.3080948979772735,1.6891882452365952
29.85,-3.413327380548205,1.1541981294858639,-0.7102460815163741,0.9940402384418905,0.16519004769961193,-3.3629031605292634,1.3959999556645524,-0.7182643099814429,0.9928937988879241,0.15999849850362585,0.031758423336500904,0.15835424658190858,0.16186424893894366,0.014055795296193474,nan,nan,nan,0.9947784515301009,-0.6181952924127063,14.0,0.05324617860265829,-3.5355339059327417,1.4644660940672658,-1.913417161825452,0.38060233744356786,1.315690102264237,1.6821794346514523
29.900000000000002,-3.383734665378251,1.127606034395387,-0.7036871245908978,0.9944248685026202,0.1635242644176469,-3.3849429901759587,1.3481478847972286,-0.7092365095623947,0.9908690356746858,0.16170600759223705,0.0317907388217237,0.15323440144948658,0.15613903998319528,0.014350205434997583,-4.085742186290111,1.2407045051582388,2.055742733189344,0.9942608930818779,-0.611076578472055,14.0,0.038980989896601634,-3.5355339059327417,1.4644660940672658,-1.913417161825452,0.38060233744356786,1.2978957258711488,1.6914601215964116
29.951,-3.3389955244171863,1.0880914833497346,-0.6938430331174047,0.9945061680059464,0.16566100689406613,-3.3525794384035934,1.3242806817878123,-0.6996912457307736,0.9914039245278553,0.15724456636095588,0.03151133610699045,0.1548291480207718,0.1576479877858683,0.013981712232150128,nan,nan,nan,0.9916277576236471,-0.5830913815529829,14.0,-0.010608331795235779,-3.5355339059327417,1.4644660940672658,-1.913417161825452,0.38060233744356786,1.2537790109279086,1.722173558798192
30.000000000000004,-3.293858442870527,1.0490358272511662,-0.6838150549378408,0.9945453212426688,0.16748259135923305,-3.3221883813129525,1.298794954404309,-0.692966532955877,0.9920542211178818,0.14947964959690355,0.031511255612150145,0.15643968160908472,0.1591597275837058,0.01418186781423082,nan,nan,nan,0.9928910148995066,-0.580381363075931,14.0,-0.014915854241323342,-3.5355339059327417,1.4644660940672658,-1.913417161825452,0.38060233744356786,1.2754520630797264,1.707586057955489
30.052000000000003,-3.263545683951208,1.0232502043280283,-0.6771094568978774,0.9946487089168734,0.1676342537304717,-3.2762487262451088,1.2609190006972122,-0.6824642957566915,0.9929261375797209,0.162201078988672,0.03151536996473946,0.15884286992554644,0.16140474145057832,0.014479455771570636,nan,nan,nan,0.9940715003977695,-0.573520578801169,14.0,-0.025192095112120616,-3.5355339059327417,1.4644660940672658,-1.913417161825452,0.38060233744356786,1.2954682936417714,1.6925385813174012
30.1,-3.2330565866857053,0.9976656215064007,-0.6704176491966622,0.9947936952957745,0.166745728568438,-3.2830123079130074,1.298859420980992,-0.675602383403424,0.9879186885280049,0.15030566479528276,0.0317157465366039,0.15364991096487854,0.15570944142089047,0.014204591437087912,-3.7606589824689918,2.020466440804589,3.046634817980933,0.9940715003977695,-0.573520578801169,14.0,-0.025192095112120616,-3.5355339059327417,1.4644660940672658,-1.913417161825452,0.38060233744356786,1.2954682936417714,1.6925385813174012
30.151000000000003,-3.1869843763329997,0.9596553087563119,-0.6605361232654473,0.9956894595377112,0.1622670472379555,-3.252119355862823,1.2741842966937644,-0.6688398747688956,0.9899980344958254,0.15947010484485402,0.03171926806050803,0.155277896244944,0.1572232271375741,0.014403330104060304,nan,nan,nan,0.9967807763683287,-0.5885783977150489,14.0,-0.0007568446668861084,-3.5355339059327417,1.4644660940672658,-1.913417161825452,0.38060233744356786,1.352997453953255,1.666205801238912
30.200000000000003,-3.1404774300677123,0.9220572900190498,-0.6510324174233855,0.9969129522424083,0.1555463913940232,-3.221544704507682,1.2491625026335658,-0.6635478717532219,0.9917336648028622,0.12984324105791917,0.03178584144390985,0.1568772645843864,0.158706648776496,0.014042010366510394,nan,nan,nan,0.9967807763683287,-0.5885783977150489,14.0,-0.0007568446668861084,-3.5355339059327417,1.4644660940672658,-1.913417161825452,0.38060233744356786,1.352997453953255,1.666205801238912
30.251,-3.10924178939433,0.8972244231578831,-0.644892122444888,0.9975300569544163,0.15243028463686628,-3.174505759088455,1.2126474346796627,-0.6536362475718698,0.9938590285181851,0.14864099911234305,0.03179143406268991,0.1592951184060474,0.1609356457375976,0.014338662643621209,nan,nan,nan,0.9970051042261132,-0.5861347996137087,14.0,-0.004575339895364822,-3.5355339059327417,1.4644660940672658,-1.913417161825452,0.38060233744356786,1.3438435737660512,1.672208197338255
30.3,-3.0620614258652763,0.8603274317974258,-0.6359283054483168,0.9982474807721221,0.1468698256725969,-3.0806409387379468,1.1953386163005635,-0.6432116547328799,0.9981060527952896,0.15456672621979728,0.03146764651318923,0.15323549254161015,0.15453190940915384,0.014037484090302432,-2.5065254305439812,1.296294894906823,1.5798324904472165,0.9975219402977001,-0.5832219898895716,14.0,-0.008803071422641306,-3.5355339059327417,1.4644660940672658,-1.913417161825452,0.38060233744356786,1.360828941560686,1.653158915317706
30.35,-3.030399803095158,0.8359612658944517,-0.6302538579581152,0.9987037180311571,0.13829850429991725,-3.0325953657464004,1.1595584901644107,-0.6345500172692864,0.9990261436814619,0.11982210319697344,0.031466136514481886,0.15569560219693226,0.15678889891876446,0.01442052657512447,nan,nan,nan,0.9994281203929534,-0.6093905334305105,14.0,0.028953672184748924,-3.5355339059327417,1.4644660940672658,-1.913417161825452,0.38060233744356786,1.419370358895255,1.597180341826526
30.400000000000002,-2.9985781924094725,0.8117764165868083,-0.6249253326099952,0.9991153112111816,0.13037783336500128,-3.0003865738168183,1.1358965003174115,-0.6300342365422433,0.9995401512825396,0.11949104284637693,0.03146749219067319,0.15732761827908082,0.15827924010782266,0.014617012836883587,nan,nan,nan,0.9996486629950867,-0.6080412421263456,14.0,0.025896274760659532,-3.5355339059327417,1.4644660940672658,-1.913417161825452,0.38060233744356786,1.4159584223787907,1.599627065250034
30.450000000000003,-2.95056092482039,0.7758331267780321,-0.6174482297593157,0.9996309919479481,0.12062141516799804,-2.9449149452264325,1.1077215586877842,-0.6112010151864391,1.0001646308259087,0.1367281780544461,0.030601405748312886,0.15974309456414157,0.1604654828363982,0.01432830545639248,nan,nan,nan,0.9997408962791097,-0.6072695748585487,14.0,0.024116295273866217,-3.5355339059327417,1.4644660940672658,-1.913417161825452,0.38060233744356786,1.4210450524838578,1.59374620325784
30.500000000000004,-2.902224762711144,0.7402753071293456,-0.6106153105396129,1.0000673352496494,0.10796295669649576,-2.9859743777742924,1.0024717062035637,-0.606737602917593,0.9997337333040792,0.14231406867401333,0.030667665188530847,0.15365188802880875,0.15413110346686015,0.014521110920553608,-3.7857995286116215,0.16049403472641888,5.880891519119552,0.9999960333331841,-0.6140176335270418,14.0,0.03150807310237064,-3.5355339059327417,1.4644660940672658,-1.913417161825452,0.38060233744356786,1.4664054565401567,1.5485448928913854
30.55,-2.8698413107454193,0.7167816615633301,-0.6063115794394672,0.9998746339282926,0.10948128218964984,-2.939203226963136,0.96563739475618,-0.6046114710095862,0.9996983752177023,0.10900827085441853,0.03100980557120294,0.15610714159277814,0.15635055410676355,0.014244642986508953,nan,nan,nan,0.9966967318468226,-0.5254346096937398,14.0,-0.07881537944585143,-3.5355339059327417,1.4644660940672658,-1.913417161825452,0.38060233744356786,1.3298304392152207,1.65988816394757
30.6,-2.8373494069811125,0.6934642920811174,-0.6017903141223845,0.9994907548141045,0.11540226010424319,-2.9062757750015473,0.9429540885611698,-0.5990632054243252,0.9993924029527145,0.12977303865418957,0.031013293817078475,0.15774768142523743,0.15782904635881168,0.01444270453917622,nan,nan,nan,0.9962788954557272,-0.518316458328191,14.0,-0.08345733094968949,-3.5355339059327417,1.4644660940672658,-1.913417161825452,0.38060233744356786,1.3073192305107417,1.6789976518713927
30.651000000000003,-2.7884164226431842,0.6588098024345044,-0.5945988823884681,0.9990020668381904,0.12223094393821263,-2.85704564716297,0.9088652198664033,-0.5925015954319743,0.9990963523855514,0.10660225196439588,0.03105934626715308,0.16017420781866065,0.1600010870100676,0.014256730935794737,nan,nan,nan,0.9964976410584958,-0.5153445662480934,14.0,-0.08402429859835309,-3.5355339059327417,1.4644660940672658,-1.913417161825452,0.38060233744356786,1.3207496895487219,1.6680871761540654
30.700000000000003,-2.7556632780673227,0.6359164225578595,-0.5896280498162797,0.998774996041876,0.12553585619295332,-2.836159809618469,0.899746914954007,-0.5885665018540944,0.9977460510497003,0.10589496886554743,0.031057547603121738,0.1540287382760552,0.15372306174214964,0.014449954643846035,-2.961691810799077,1.0295434299258117,0.11541994094333602,0.9966276122727525,-0.5103519157788274,14.0,-0.08501736344095973,-3.5355339059327417,1.4644660940672658,-1.913417161825452,0.38060233744356786,1.314736162843211,1.675903400231135
30.750000000000004,-2.7063312363864607,0.6018883043850439,-0.5819504242900827,0.9986377374369255,0.12918804766217218,-2.7886913424011954,0.8639006030705173,-0.5862739236647876,0.9980167691425837,0.1277455439965851,0.03139975885433546,0.15649400733902197,0.15592998217400236,0.014155423101841997,nan,nan,nan,0.997106308524148,-0.5124732941570705,14.0,-0.08099540725991822,-3.5355339059327417,1.4644660940672658,-1.913417161825452,0.38060233744356786,1.327459201435451,1.6710228494340844
30.8,-2.67334436129246,0.5794489960943662,-0.5764506270415096,0.9954567335888582,0.14695169608970451,-2.755448889860654,0.8418886834566409,-0.5811082520184043,0.9930598648214307,0.13764206103564502,0.03139752030706404,0.15813945660428735,0.1574017149422674,0.014353923250497343,nan,nan,nan,0.9714701130656139,-0.3468304536726398,15.0,0.30325430323039737,-1.913417161825452,0.38060233744356786,-1.2246467991473533e-15,0.0,0.9883650936679251,1.804499068447101
30.851000000000003,-2.623925960781316,0.5463134832703782,-0.5664046447718253,0.9888663537750118,0.18048267222825407,-2.707089901054799,0.8077220502551489,-0.5749106201386316,0.9870046180543158,0.1744836946391819,0.031594727163566504,0.16057502737396204,0.15956327596994727,0.014071611757329384,nan,nan,nan,0.9709401218774549,-0.3394401937792219,15.0,0.2881506172504284,-1.913417161825452,0.38060233744356786,-1.2246467991473533e-15,0.0,0.9937797383364997,1.8086702642255312
30.900000000000002,-2.590985172809719,0.5245640619066774,-0.5587523538741528,0.9853283128984703,0.19717902645704627,-2.6559821480334542,0.7677094989143819,-0.568091921813151,0.985593570343128,0.18190266448326298,0.031595537055734875,0.15437932443047434,0.1533396295591093,0.014266557293918597,-2.5136182250009167,0.6100196596879183,0.23841125115652784,0.9695810334506181,-0.32762758870665887,15.0,0.2640748570239773,-1.913417161825452,0.38060233744356786,-1.2246467991473533e-15,0.0,1.0033856958263965,1.8056478344109699
30.951,-2.541520088405494,0.4924601873095143,-0.546206372057676,0.9806045721030271,0.21705561054894487,-2.6033956331484585,0.739376171203986,-0.5517181653167422,0.9809409508941246,0.2191409467151168,0.031199783484420082,0.15685693901134734,0.1555353107504369,0.013995273432105432,nan,nan,nan,0.9696118738083522,-0.30456116235711433,15.0,0.217271972991452,-1.913417161825452,0.38060233744356786,-1.2246467991473533e-15,0.0,1.0299239213086318,1.7960821728154213
31.000000000000004,-2.5084809030515434,0.47141588543733326,-0.5372785678534698,0.9781693866676815,0.22607171900438033,-2.569951500252445,0.7188958185359688,-0.5426044316155698,0.9789438917720165,0.22621417966673119,0.031201268065476833,0.15851290621717304,0.15699732148035422,0.014330984832595392,nan,nan,nan,0.9696118738083522,-0.30456116235711433,15.0,0.217271972991452,-1.913417161825452,0.38060233744356786,-1.2246467991473533e-15,0.0,1.0299239213086318,1.7960821728154213
31.05,-2.4587483201804816,0.4403857538133063,-0.5233953061934046,0.9756324804492629,0.23465796104616907,-2.5195792212029966,0.688785514449187,-0.5295574504058674,0.9766573134643205,0.24376878714190597,0.03120401248903555,0.1609863346662801,0.15916742796524957,0.014572678781835649,nan,nan,nan,0.9701979198870248,-0.29785437446082175,15.0,0.2037097712134272,-1.913417161825452,0.38060233744356786,-1.2246467991473533e-15,0.0,1.0414494826629448,1.7947283103938045
31.1,-2.4087481751275663,0.4100149448809324,-0.5091232443178975,0.9739654483697882,0.23966966473444548,-2.5278570554382425,0.6726816584408646,-0.5156470239614518,0.9730625985176777,0.2533482499188129,0.030850377228023987,0.1547349059863335,0.15296306374986487,0.014186001402503406,-2.9732026103084923,0.6504956944605549,0.8148089968861856,0.970989033640592,-0.28809385288101635,15.0,0.18400517231708952,-1.913417161825452,0.38060233744356786,-1.2246467991473533e-15,0.0,1.0598071027681266,1.7891828656291544
31.151000000000003,-2.375234788895059,0.39013875701190087,-0.49949571741418664,0.9734925249293316,0.2411461999604499,-2.4769305211284043,0.6441492343406019,-0.5002311230246672,0.9729306949466145,0.24999619567379977,0.03085297299533376,0.1572551521635061,0.15516089960944243,0.014482877618127298,nan,nan,nan,0.9722362351879128,-0.27945559461309877,15.0,0.16659582203984355,-1.913417161825452,0.38060233744356786,-1.2246467991473533e-15,0.0,1.081836550137074,1.7877322382470828
31.200000000000003,-2.3246529188400356,0.36088634189018376,-0.48499171998985496,0.9733282015479572,0.24195513659827142,-2.4418370094030375,0.626734830174047,-0.48953262273125775,0.9733224275846376,0.21993170717550503,0.03071400257999299,0.15891561118419786,0.15658320477243345,0.014111447261497293,nan,nan,nan,0.9737246678846017,-0.27048687070187627,15.0,0.1485469144457553,-1.913417161825452,0.38060233744356786,-1.2246467991473533e-15,0.0,1.0962574958854454,1.785493296314778
31.252000000000002,-2.2907105128702043,0.3417650780305123,-0.4752970222375282,0.9734803571395714,0.24267305498301844,-2.3901574306741935,0.5995123670500119,-0.47498571532354905,0.9740466855729931,0.23885906787912883,0.030719755202038568,0.16141873110989807,0.15872926544775207,0.014409379321652212,nan,nan,nan,0.9749864506924335,-0.26539636893651536,15.0,0.13831352767538413,-1.913417161825452,0.38060233744356786,-1.2246467991473533e-15,0.0,1.0970801157013754,1.793543511345198
31.3,-2.256584685001033,0.3229527124486643,-0.4655872827515998,0.9737721006515605,0.24242710885195687,-2.362263145727306,0.5123739930514977,-0.47317180754999244,0.9767844463170275,0.22023633494891234,0.03134629430419517,0.15512668981547445,0.15257121591401687,0.014029604455710233,-2.4551283307252048,-0.1138583400604915,1.8294955565876814,0.9674135580576428,-0.21718362224919652,15.0,0.04167419265956249,-1.913417161825452,0.38060233744356786,-1.2246467991473533e-15,0.0,1.0141992698549525,1.8059747577982102
31.35,-2.2050774833602813,0.2953419009913167,-0.4509507080142067,0.9726199761061107,0.24713735129784425,-2.3099787242382264,0.4859198444233109,-0.4576617150362869,0.9753186170757275,0.2608295925262901,0.03135571828023617,0.15767183067362897,0.15474934780792987,0.01432865542462904,nan,nan,nan,0.9674135580576428,-0.21718362224919652,15.0,0.04167419265956249,-1.913417161825452,0.38060233744356786,-1.2246467991473533e-15,0.0,1.0141992698549525,1.8059747577982102
31.400000000000002,-2.170581620894603,0.2773721522943975,-0.44096408818397437,0.9714389014655327,0.25042106877465564,-2.274944854686119,0.4687765281304937,-0.4484127702459535,0.9743496227823751,0.21924269741064667,0.031349445248303444,0.15936325364379295,0.156185223522353,0.014526284689626894,nan,nan,nan,0.969319655491641,-0.20931308346333072,15.0,0.025928537704169086,-1.913417161825452,0.38060233744356786,-1.2246467991473533e-15,0.0,1.0514484703766926,1.787830691074529
31.539,-2.1532819817448803,0.26851754773953695,-0.43594248576641587,0.9709997391889468,0.25122839020364107,-2.256354486022807,0.4617929483200306,-0.4419632238160176,0.9739092638859358,0.22174909232254902,0.031184850699535544,0.16019334123420928,0.1568696469842524,0.014049904901815622,-1.5680633875966992,-0.6977600256227006,6.101500687885451,0.9703579633769538,-0.20432406896304608,15.0,0.01594939431926884,-1.913417161825452,0.38060233744356786,-1.2246467991473533e-15,0.0,1.046647906057663,1.8035198519778677
31.55,-2.0311297614215937,0.20898654749219045,-0.40033429996234055,0.9681891387186539,0.2584674123050174,-2.0626328694999887,0.298426882236669,-0.4039438473905617,0.976201048325373,0.2587195913528669,0.031058224830738657,0.15810604924173058,0.15432724021520833,0.014177254978491038,nan,nan,nan,0.9625162583047601,-0.14710920501548105,15.0,-0.09856034136505928,-1.913417161825452,0.38060233744356786,-1.2246467991473533e-15,0.0,0.971610073203951,1.7949034666883823
31.6,-1.9783402468869178,0.18486620893715425,-0.38464578071769656,0.9659387622948563,0.2626726620149453,-2.0267086617639505,0.2831728000704752,-0.3942709243000402,0.9743120776691634,0.2443182379878848,0.031056524929506276,0.15981286915577653,0.1557469265147125,0.014376220404819576,nan,nan,nan,0.9657720444433391,-0.14155094944638966,15.0,-0.10970701733745128,-1.913417161825452,0.38060233744356786,-1.2246467991473533e-15,0.0,1.013409095007535,1.7936121157577576
31.650000000000002,-1.9429885590694516,0.16925242737614607,-0.37410270030562565,0.9652875558047869,0.2639728476957837,-1.9721089984898157,0.2618787392181047,-0.37778327837464953,0.9723284518347499,0.26529072351844696,0.03096768339327198,0.1623501064792901,0.157820177306281,0.014105281383888292,nan,nan,nan,0.9672372895591028,-0.13758750338365103,15.0,-0.11765953133671761,-1.913417161825452,0.38060233744356786,-1.2246467991473533e-15,0.0,1.0246321782016796,1.799227850560539
31.701,-1.889685153702084,0.1465245032588222,-0.35827350085485393,0.9651925272954379,0.2628929073145388,-1.8596323166261524,0.2424086469762308,-0.36780692698022976,0.9772082004831291,0.23659502667030238,0.03094560852542306,0.15597179239122821,0.15178419190415754,0.01430051836429967,-1.1624611508396354,0.25267615831787227,2.2650807022334174,0.9699516221983266,-0.13201884011487539,15.0,-0.12789256689061013,-1.913417161825452,0.38060233744356786,-1.2246467991473533e-15,0.0,1.06259710254419,1.787875503673576
31.750000000000004,-1.853949803080339,0.13183195265422518,-0.3477886802111915,0.9653230689948394,0.2616392982517918,-1.8032820097600561,0.22420264329210102,-0.34840719525744657,0.9758738151880401,0.23037848904262775,0.030663510800754933,0.1585519099382309,0.15388905795427302,0.014025797613277744,nan,nan,nan,0.9748584049291582,-0.12369557068798194,15.0,-0.13190821560159244,-1.913417161825452,0.38060233744356786,-1.2246467991473533e-15,0.0,1.0944937182036971,1.784325800677989
31.8,-1.8180533899313736,0.11750724930390852,-0.33736379703793995,0.9658228249053658,0.25961870565149137,-1.7665574677474636,0.2109766018733526,-0.3376775170174677,0.9758307234504205,0.24537544483458376,0.03066875932433033,0.1602731702038508,0.1552927859473253,0.014226080743097036,nan,nan,nan,0.9748584049291582,-0.12369557068798194,15.0,-0.13190821560159244,-1.913417161825452,0.38060233744356786,-1.2246467991473533e-15,0.0,1.0944937182036971,1.784325800677989
31.851000000000003,-1.763878525496817,0.0967006210318251,-0.32193484770422326,0.9671220062537724,0.2550022643466439,-1.7107047635669816,0.19273785833346105,-0.3216583354494693,0.9760364697073279,0.24569476167406495,0.030577022034573933,0.16283357999221906,0.15734183036895769,0.013960670011088212,nan,nan,nan,0.9781421585159297,-0.11219265119943879,15.0,-0.14470748876890616,-1.913417161825452,0.38060233744356786,-1.2246467991473533e-15,0.0,1.1362866080756182,1.7681278514864582
31.900000000000002,-1.7275401935789014,0.08328129125374678,-0.311823701188741,0.9681977668446209,0.2511758564423254,-1.8088273894299831,0.14106020975666722,-0.3131839066814375,0.9684825287807439,0.24992340813981362,0.03063149842885046,0.15640167702757937,0.15135796062005757,0.014157309102094165,-3.1209899513848,-0.3437570316494657,8.435608330662483,0.9781421585159297,-0.11219265119943879,15.0,-0.14470748876890616,-1.913417161825452,0.38060233744356786,-1.2246467991473533e-15,0.0,1.1362866080756182,1.7681278514864582
31.950000000000003,-1.6727093703327491,0.06383128988349406,-0.29686193857483256,0.9693479765318165,0.2494035440291403,-1.7540843445830971,0.12220594588602898,-0.30092907141832553,0.9701177669980234,0.21025918468275823,0.030760071914630312,0.1590023185039658,0.15344115751023799,0.013900445929830888,nan,nan,nan,0.9724311354633829,-0.07782682540783109,15.0,-0.21453494049555757,-1.913417161825452,0.38060233744356786,-1.2246467991473533e-15,0.0,1.0880087825308042,1.794141299839773
32.0,-1.635968498998913,0.05132446884827484,-0.2868554203918622,0.9698160855812754,0.25067532416208643,-1.716985507524185,0.11080169065370438,-0.29051813672295834,0.9709302329602656,0.23516935634142325,0.030765739531785692,0.16073549142502414,0.1548320399648189,0.014098940112000866,nan,nan,nan,0.9733526710191794,-0.069556973233158,15.0,-0.22234708672539563,-1.913417161825452,0.38060233744356786,-1.2246467991473533e-15,0.0,1.0793847631284104,1.8052937099377062
32.051,-1.5805890529076052,0.033253722588919385,-0.27177541183612647,0.9706031732386966,0.25099209948442747,-1.660545957131187,0.09539353054311328,-0.2735442394256728,0.9721464816602188,0.25409472651731263,0.030668917361149333,0.16331539394309172,0.15686214742446836,0.013926337430032775,nan,nan,nan,0.9745537478701809,-0.06444333008329449,15.0,-0.22629458832297406,-1.913417161825452,0.38060233744356786,-1.2246467991473533e-15,0.0,1.1009083970491642,1.7909973318950176
32.1,-1.5248881895788513,0.016007069608937743,-0.25680380746753795,0.9716995417435953,0.24776696235367873,-1.579055906766348,0.12437664171234039,-0.2632723824004981,0.9754164877560945,0.2299543775270637,0.03063870991550777,0.15682882920826985,0.15093417020392863,0.014123009801523024,-1.1620364782785866,0.55739779363842,1.6360884653507064,0.9767282065120553,-0.05738401831561792,15.0,-0.23039587489692248,-1.913417161825452,0.38060233744356786,-1.2246467991473533e-15,0.0,1.1302324926774885,1.7754373747938033
32.15,-1.487559570037555,0.004959543109994603,-0.24702099858853013,0.9732358799919597,0.24219453656291873,-1.5224298045419256,0.10946758744843907,-0.24799958387548182,0.9774280152787048,0.19432146474103473,0.030637226051976305,0.159454373195064,0.15303110511322837,0.014421484517467676,nan,nan,nan,0.9829972275571266,-0.07860416919131855,15.0,-0.1860717459150671,-1.913417161825452,0.38060233744356786,-1.2246467991473533e-15,0.0,1.1879224763627982,1.7579636139686856
32.2,-1.4500587318698295,-0.005732939467779903,-0.23746167701671472,0.974884688832104,0.2371487060512123,-1.4839760083069629,0.10102644182170774,-0.23751822367092545,0.9790378235534632,0.2304539412113902,0.030533064664643506,0.16119057458408012,0.15437966854292812,0.014058018659947847,nan,nan,nan,0.9845134104217657,-0.0717796764284769,15.0,-0.18964712236435372,-1.913417161825452,0.38060233744356786,-1.2246467991473533e-15,0.0,1.1895170851308865,1.7627196356790729
32.25,-1.39350117582281,-0.021108473583054867,-0.22347868464025203,0.9771840263420544,0.22946557782865296,-1.426783144054687,0.08743426290210053,-0.2244073265908213,0.9812055529731528,0.21621389333736052,0.03053392663467397,0.16379208130080122,0.15642646237888358,0.014357378098696322,nan,nan,nan,0.9856616618903395,-0.06797333648144058,15.0,-0.19042411025457046,-1.913417161825452,0.38060233744356786,-1.2246467991473533e-15,0.0,1.2162922490088708,1.7405637576082127
32.300000000000004,-1.3366025300018296,-0.035696113640790145,-0.2099814156154752,0.9792393912908913,0.22184910575921343,-1.3886459793066255,0.07843137289936684,-0.21558303826391392,0.9825192822067047,0.21701618225994365,0.030571910843013344,0.16550891721461755,0.15774033553718506,0.01413926108306983,-1.0162858724363566,-0.588568976210271,2.107441681764937,0.9867118965456539,-0.06120415792012102,15.0,-0.192597344963527,-1.913417161825452,0.38060233744356786,-1.2246467991473533e-15,0.0,1.2211667964721378,1.7378051878143501
32.35,-1.298496114537094,-0.044988233049288354,-0.20122021137647195,0.9804660483912915,0.21727258998072552,-1.2902994600243423,0.003631172165981635,-0.20230506548622929,0.9876900343401703,0.1988470630993974,0.03059586918150426,0.1597282862637603,0.15248917123819258,0.014378827853068179,nan,nan,nan,0.9873603637073617,-0.05642052295056415,15.0,-0.19398705520781614,-1.913417161825452,0.38060233744356786,-1.2246467991473533e-15,0.0,1.2282761806234133,1.7321507807555072
32.401,-1.2411505241563237,-0.05826885552268145,-0.18815993668485234,0.9801104926559914,0.21958838514320086,-1.252134729208035,-0.005500920283215729,-0.19540367744551146,0.9864025136902808,0.2057654872715847,0.03072789532560662,0.16146825386662378,0.15383053476773967,0.014020142747632004,nan,nan,nan,0.9801676005071196,-0.002814201425722341,15.0,-0.2481635369423812,-1.913417161825452,0.38060233744356786,-1.2246467991473533e-15,0.0,1.1240343316555006,1.7634292733575039
32.45,-1.202853250762147,-0.06668041155647275,-0.17930599749075582,0.9795235743542559,0.2221260648138656,-1.1940604778020663,-0.016735248877657257,-0.18176817219935423,0.9848743849049213,0.2301964092969882,0.03073430634128266,0.16407211526215565,0.15586779610519746,0.014400290779796173,nan,nan,nan,0.9801069107984518,0.0043932052718740075,15.0,-0.24967458917122318,-1.913417161825452,0.38060233744356786,-1.2246467991473533e-15,0.0,1.127876216335261,1.7626544746701498
32.501000000000005,-1.1453000195156822,-0.07864323934880746,-0.16592010665889093,0.9790707684393516,0.2230814652054271,-1.1546652793224927,-0.022149876402565258,-0.17062784156793542,0.9842779475719471,0.21585981100795223,0.03057645858015199,0.16579177057299574,0.15717486856755353,0.01402546470920654,nan,nan,nan,0.9808957145973903,0.014014493855011082,15.0,-0.24936332888422852,-1.913417161825452,0.38060233744356786,-1.2246467991473533e-15,0.0,1.1489870904788213,1.7521779612043265
32.550000000000004,-1.106849989695462,-0.08618544243371265,-0.1570001729531457,0.9790846990492611,0.2227863141470084,-1.1261248600746754,-0.008952763508074855,-0.15803777332976313,0.9815578184310203,0.2133714927045056,0.030571448808218424,0.15982884723260884,0.15187719104825,0.014319989917679703,-1.4190949912947055,0.21194893478267257,0.4923421625749169,0.982040396704694,0.019180588917285888,15.0,-0.24698829390225516,-1.913417161825452,0.38060233744356786,-1.2246467991473533e-15,0.0,1.1575888238036978,1.7543262664530004
32.6,-1.0683216725603213,-0.09338520511882548,-0.1481307388692795,0.9797316290384244,0.22031624354071266,-1.0868092834738434,-0.013652513454411794,-0.14785547208753158,0.9826944905829137,0.21469066023696637,0.03043095525929658,0.16157038308559282,0.15321333167488763,0.01395492354117813,nan,nan,nan,0.9862556473532039,0.007949895448806806,15.0,-0.22847680024998726,-1.913417161825452,0.38060233744356786,-1.2246467991473533e-15,0.0,1.2132496409499358,1.7405154531220404
32.65,-1.0103358065370798,-0.10355217212990901,-0.1351136642782183,0.9813257878299224,0.21443669052477743,-1.0284238594984225,-0.022092153093666855,-0.13496211089077192,0.9842447738415272,0.20877504564050303,0.03043350363729975,0.16417628179464394,0.15524374479171932,0.014254615228007021,nan,nan,nan,0.9871607897419801,0.012561353301528185,15.0,-0.22541615731962433,-1.913417161825452,0.38060233744356786,-1.2246467991473533e-15,0.0,1.2241367299437962,1.733634677921403
32.701,-0.9521331666343635,-0.11296340492820224,-0.1224289277487661,0.9827080144678021,0.20930312291889827,-0.9893920850630695,-0.027310982202750685,-0.12673924154059835,0.9851640559727611,0.19889435787445348,0.03043400985134149,0.16590328774237295,0.15658381362850807,0.014452643966592916,nan,nan,nan,0.9877881412320197,0.021478260770521996,15.0,-0.22230320048530022,-1.913417161825452,0.38060233744356786,-1.2246467991473533e-15,0.0,1.2279920141283798,1.7302930925998599
32.75,-0.9132820587460677,-0.11880549187068044,-0.11386851012440781,0.9807726382648584,0.2180865198422056,-0.8511221631346646,-0.015119601874512192,-0.11035784671121407,0.9879449556281235,0.20740906156672437,0.030175602924802557,0.15992785151147262,0.1513319854614745,0.014180880034184344,-0.17376108846036453,0.20040821462431918,2.4718971804940413,0.9712994323377939,0.11342285071124632,0.0,0.16623461113734989,-1.2246467991473533e-15,0.0,1.913417161825449,0.3806023374435661,1.0314513768610696,1.7928221673170408
32.800000000000004,-0.8550822163543839,-0.12691248552989012,-0.10035205495072756,0.9776640759502191,0.229199985236046,-0.7950983681677141,-0.030461382662247415,-0.10763212923035681,0.9840010648174872,0.24206969108275744,0.031081313480548378,0.1625435753811894,0.15334389603777407,0.013920342017331349,nan,nan,nan,0.9739943725399373,0.1267759115775608,0.0,0.1393722077320889,-1.2246467991473533e-15,0.0,1.913417161825449,0.3806023374435661,1.0656886952248172,1.7783911665766328
32.85,-0.8163103836055822,-0.13188064227106802,-0.09106627495781912,0.976208988017156,0.23358050291522234,-0.7559744079267553,-0.03458923985365135,-0.09913825589400993,0.9820792836855741,0.19398731802485775,0.031073617694119572,0.16428011585464142,0.15469309692550506,0.014121046464220972,nan,nan,nan,0.9739943725399373,0.1267759115775608,0.0,0.1393722077320889,-1.2246467991473533e-15,0.0,1.913417161825449,0.3806023374435661,1.0656886952248172,1.7783911665766328
32.9,-0.7581743278220109,-0.13866791489437788,-0.07679258217569662,0.9741312954875401,0.24120828661693028,-0.7168976911764591,-0.03839498267268504,-0.08929060283765766,0.9801503624033288,0.25431093022371465,0.031084439549051907,0.16600827847232588,0.1560316942288237,0.014320302751663995,nan,nan,nan,0.9716297658085611,0.1396311032453944,0.0,0.11355867336958417,-1.2246467991473533e-15,0.0,1.913417161825449,0.3806023374435661,1.0366013475680678,1.7977195705663949
32.951,-0.7194266627667562,-0.14274498553655737,-0.06709704496751019,0.9731650130023116,0.24275338234111685,-0.6433943739383383,-0.0033185212910391637,-0.08190652622165695,0.9788762504876363,0.2611341036547546,0.03173543676854888,0.15987639783676474,0.15073975886785884,0.014065060504318376,-0.48951219022489434,0.4868826564039054,1.1793332448821863,0.9726112892402491,0.14529266846000638,0.0,0.1022025675775273,-1.2246467991473533e-15,0.0,1.913417161825449,0.3806023374435661,1.0735861943202685,1.7738872640342889
33.001000000000005,-0.6612784552833567,-0.14818354639048245,-0.05255956805062762,0.9728214960540426,0.24110426309719135,-0.6043658771722424,-0.006423694681907306,-0.0722507382931581,0.9785406959019627,0.23158702143996884,0.03173267661705979,0.1616239428548572,0.15210828581244035,0.014399760858692568,nan,nan,nan,0.9765047904526909,0.13529289608129177,0.0,0.12226525876003935,-1.2246467991473533e-15,0.0,1.913417161825449,0.3806023374435661,1.1196190068017806,1.7623099907868225
33.051,-0.6224679571222345,-0.15135426043106948,-0.0429461261643516,0.9730252723650814,0.23996492304422373,-0.545313314140933,-0.008471830793433697,-0.05389008321056021,0.9783193489572223,0.2542543471863322,0.03156404984414488,0.1642312118585994,0.15410138786157807,0.014078323010592864,nan,nan,nan,0.9774317217266221,0.1406045211960517,0.0,0.11160566840327303,-1.2246467991473533e-15,0.0,1.913417161825449,0.3806023374435661,1.1184570530688784,1.7717532143845331
33.1,-0.5836148291132104,-0.15415924080596732,-0.033393625331755016,0.973532876074833,0.23757644258916066,-0.5062269830206085,-0.010474688639369631,-0.044206166094023835,0.9787545914689296,0.2180347055151403,0.03156068399978035,0.16596152424650493,0.15543998538743062,0.014277596065273217,nan,nan,nan,0.9798193297643183,0.1473506406802479,0.0,0.09807630311516978,-1.2246467991473533e-15,0.0,1.913417161825449,0.3806023374435661,1.1547636711200362,1.7550823650433947
33.157000000000004,-0.5252381098160873,-0.1576802308189594,-0.019277888860293465,0.9746129203784653,0.2340089878734728,-0.4472389526211065,-0.01150965650448342,-0.027391608573990034,0.9794701209646589,0.2487290392948991,0.03145515734641808,0.16853819952494875,0.15738758235243214,0.01401821704158157,-0.1522708522224916,-0.4116043296944111,0.8916664858149272,0.9827929068311998,0.15838604457399347,0.0,0.07596348960291263,-1.2246467991473533e-15,0.0,1.913417161825449,0.3806023374435661,1.1859390062000892,1.7442887342081206
33.202000000000005,-0.46674359550145683,-0.16037861838586026,-0.005404900677798433,0.975987118933514,0.22865523928944825,-0.356769198917314,-0.04997701755297506,-0.013473190293341377,0.9827185858004291,0.20303982136892684,0.031467820151742446,0.1623172038094278,0.15216407621871453,0.014313348848317916,nan,nan,nan,0.9827929068311998,0.15838604457399347,0.0,0.07596348960291263,-1.2246467991473533e-15,0.0,1.913417161825449,0.3806023374435661,1.1859390062000892,1.7442887342081206
33.251000000000005,-0.4276926306270174,-0.16172092298327823,0.0037122332916336015,0.9763403023537525,0.22819177099564558,-0.3185349257805813,-0.055496649151402594,-0.01095813366590548,0.9823557595358705,0.19198393840519537,0.03194973389247271,0.16405399616723523,0.15347965064729788,0.013962527369706927,nan,nan,nan,0.9801597753510378,0.1860571569358011,0.0,0.020585494727802786,-1.2246467991473533e-15,0.0,1.913417161825449,0.3806023374435661,1.131662634931225,1.7678218195235111
33.300000000000004,-0.388628631211381,-0.1626990514906249,0.012875015761350372,0.9763408961527075,0.22968315861386968,-0.279247845835957,-0.05584049689463405,-0.0017654382591518747,0.9818983757676005,0.22105032271576439,0.0319557221735883,0.16578452523826503,0.15482076632325878,0.014162941606389881,nan,nan,nan,0.9793750744645549,0.1924931676440479,0.0,0.007712784644518723,-1.2246467991473533e-15,0.0,1.913417161825449,0.3806023374435661,1.118721522387861,1.7754882755935644
33.351,-0.3300198522086362,-0.16348703961532018,0.026709096019024863,0.9764478333514572,0.23033007499585442,-0.23205154473562656,-0.08983480515716448,0.009760654893572694,0.9808003566497872,0.2261748254899209,0.03216630985421242,0.15969776888580617,0.14969906975959,0.013898065922932053,-0.3635549561715111,-0.4234722440157867,0.542938859450613,0.9804108827285332,0.19649403346746264,0.0,-0.00028898523821267036,-1.2246467991473533e-15,0.0,1.913417161825449,0.3806023374435661,1.1428862878315709,1.7608244448388026
33.402,-0.27139996806357,-0.16346090332010646,0.04053788528059022,0.9763812553230358,0.23084182016390625,-0.19282604143273946,-0.08936307494552366,0.018829801392609813,0.9804629886522996,0.22069935223802517,0.03216699199335779,0.16144801955481541,0.15107098892475604,0.014184130978349325,nan,nan,nan,0.9795611560043819,0.22135807287801962,0.0,-0.05002749400193216,-1.2246467991473533e-15,0.0,1.913417161825449,0.3806023374435661,1.1350494559409623,1.7660747886067711
33.451,-0.23232408942906066,-0.16299179588136498,0.04977630346663313,0.9764677923275578,0.23087928545257905,-0.13370222299046772,-0.08606240369768771,0.03424775274802183,0.9802775185164824,0.21729844863339312,0.03198296667045341,0.16406005021461476,0.15307108202441594,0.013922837130744253,nan,nan,nan,0.9795611560043819,0.22135807287801962,0.0,-0.05002749400193216,-1.2246467991473533e-15,0.0,1.913417161825449,0.3806023374435661,1.1350494559409623,1.7660747886067711
33.5,-0.17370206799567237,-0.1616106630335618,0.06358337185318896,0.9770856973486941,0.22909259472059346,-0.09451370347776886,-0.08461477353476314,0.04389755435721244,0.9807064733017555,0.20953446172993764,0.03198393220816904,0.16579193355529634,0.1544147115284126,0.01412325050214295,nan,nan,nan,0.9817662747749315,0.22550364258668165,0.0,-0.05832472900533039,-1.2246467991473533e-15,0.0,1.913417161825449,0.3806023374435661,1.1596482885533264,1.7595771991625906
33.550000000000004,-0.13460552084896035,-0.1602380809258753,0.0727028578404902,0.9777263106599758,0.22720037787165542,-0.03573922391841823,-0.08185651115401438,0.05767534920133111,0.9814667004392582,0.24514229001592577,0.03200009550688707,0.16837121028275692,0.15637185351580707,0.013869542889273867,nan,nan,nan,0.9829884711901804,0.22861344881322082,0.0,-0.06455021554113398,-1.2246467991473533e-15,0.0,1.913417161825449,0.3806023374435661,1.170612013673081,1.7571321276571563
33.6,-0.09549579108411942,-0.15850504329626505,0.08172757323283007,0.978470960466241,0.224049071481689,0.04616006725438109,-0.15452478901519637,0.06673326105447064,0.9850699109463317,0.23729609959436065,0.0320383951809937,0.16116073651116708,0.15049838801732618,0.014066404501041116,0.3787859493509694,-0.9053460822320911,3.029067034901546,0.9846719198476817,0.23298877906153495,0.0,-0.07331128454216967,-1.2246467991473533e-15,0.0,1.913417161825449,0.3806023374435661,1.2045779842188535,1.7344044417867246
33.65,-0.036837059717814154,-0.15523262587139652,0.09508536367544398,0.9782213611544469,0.22367129144868064,0.10507226088481483,-0.15031910408476143,0.08035436400687335,0.9830774702720376,0.22652980441504295,0.03203887956181642,0.1637668002355277,0.15254552237145103,0.014365161314620572,nan,nan,nan,0.97901695273184,0.2855705526523418,0.0,-0.1679293458607165,-1.2246467991473533e-15,0.0,1.913417161825449,0.3806023374435661,1.1271582546298091,1.7615829770341807
33.7,0.02171654795463863,-0.15116641886530785,0.10860463654248279,0.9774972870952559,0.2260760300459969,0.14464324612332802,-0.14355391050679717,0.0933598130358515,0.9823888947368582,0.2232292219963244,0.03171284751189881,0.16549363019728897,0.15385732743861777,0.014008198323592841,nan,nan,nan,0.97901695273184,0.2855705526523418,0.0,-0.1679293458607165,-1.2246467991473533e-15,0.0,1.913417161825449,0.3806023374435661,1.1271582546298091,1.7615829770341807
33.75,0.06070994779007148,-0.14801545129409005,0.11765073188943158,0.9775462167117255,0.2258837803150069,0.2032999520842299,-0.1377891947591062,0.10620978814517558,0.9821941822070718,0.19237817086792114,0.031709934895825596,0.1680670427227141,0.155864924006638,0.014388838794832411,nan,nan,nan,0.9810990491621194,0.2880944723317718,0.0,-0.16901405983304768,-1.2246467991473533e-15,0.0,1.913417161825449,0.3806023374435661,1.150806276241081,1.7564268765317825
33.802,0.11916067116115578,-0.14262530617866487,0.131189322723682,0.9780265052148034,0.22547478296108162,0.24213182633326083,-0.13612321829671245,0.11214836975741971,0.9823520405746886,0.21539696866384236,0.031944492799918414,0.169769590569549,0.15714919702691083,0.014028697376260424,0.025657600976090433,-0.3897298019740856,0.40302406878670816,0.9823579153010192,0.29432785741994555,0.0,-0.17480346713632133,-1.2246467991473533e-15,0.0,1.913417161825449,0.3806023374435661,1.1536763647090225,1.7641280358389961
33.85,0.1581026913702934,-0.13858916578576974,0.14018897802838073,0.9783690564255378,0.22450375225062685,0.27867631650641267,-0.15169618661435208,0.12429594361827422,0.9810972964792518,0.19613867112227998,0.031955096815108795,0.16335017412699576,0.1519739552436021,0.014458012033884481,nan,nan,nan,0.9824345787347222,0.2998560548087766,0.0,-0.18074522479624056,-1.2246467991473533e-15,0.0,1.913417161825449,0.3806023374435661,1.1635686906715987,1.7543741708945957
33.9,0.19701908328371517,-0.1341998767326128,0.14915909283341955,0.9786654183065743,0.22429030374947506,0.317744783965361,-0.1446459247551498,0.13556133799386672,0.9813810463059378,0.20701054682487097,0.03176357564003947,0.16507244906008223,0.15329471688042617,0.014042052851752106,nan,nan,nan,0.9819109288787653,0.3147893633295673,0.0,-0.2031484392501628,-1.2246467991473533e-15,0.0,1.913417161825449,0.3806023374435661,1.151513297664187,1.766082619900243
33.95,0.2553405511707023,-0.12695532700015635,0.16260166130094922,0.9792782698112227,0.22323146756517356,0.37606358318688166,-0.13645076399660017,0.14904305045782573,0.9820250894250743,0.24344835765843353,0.03177234729245493,0.16763951463746657,0.15531479200268303,0.014340133243012636,nan,nan,nan,0.9834042966053693,0.31799933033164896,0.0,-0.20385552609291174,-1.2246467991473533e-15,0.0,1.913417161825449,0.3806023374435661,1.1734918193064963,1.7551973588599465
34.001000000000005,0.2941902879499317,-0.12168615180852842,0.17147384713904554,0.9798539393191366,0.2204044803685538,0.4148978951281988,-0.1306346421461182,0.15799964322526305,0.9826803568566486,0.21940442302912583,0.031780699714635895,0.16933820939818506,0.15660875188185458,0.01397239177106627,nan,nan,nan,0.984656967469782,0.324442187450495,0.0,-0.20719526637010843,-1.2246467991473533e-15,0.0,1.913417161825449,0.3806023374435661,1.2026956336637158,1.7341343585149767
34.051,0.3524191125817277,-0.1131259961510824,0.18453248271548958,0.9808088350336301,0.2159065321072407,0.5418076342912704,-0.19766294126720896,0.17004767757251615,0.9873928975023537,0.2129817801890228,0.031822200871565356,0.16282959446506762,0.15140413917849574,0.01426735690957445,1.0846701849497187,-0.9691352315783731,4.0890173559042875,0.9854525765893056,0.3287792212590948,0.0,-0.20906709809203047,-1.2246467991473533e-15,0.0,1.913417161825449,0.3806023374435661,1.2022524579549647,1.7390676536331595
34.101,0.4105139202600028,-0.10378952701793887,0.19763517048674475,0.9790177594319769,0.2225446739070822,0.5806068895280994,-0.1951339001657217,0.1734528233629371,0.9848299717246239,0.2011461567725076,0.032221598376184615,0.16454622365543767,0.15273585939066958,0.013905629168984994,nan,nan,nan,0.9739083350820005,0.3989840160771849,0.0,-0.2995663291207675,-1.2246467991473533e-15,0.0,1.913417161825449,0.3806023374435661,1.0452167310569358,1.7757581078674722
34.151,0.44908110713643973,-0.09715287322249827,0.20671387174769462,0.9771698773119362,0.22950460730562025,0.6386952966085958,-0.1846900794644688,0.1871720003701007,0.9814943776135565,0.22576511169046534,0.03222642395228123,0.16710518107472358,0.1547707828403437,0.014287021862086165,nan,nan,nan,0.9726752324787933,0.40776083773137706,0.0,-0.30465524203303296,-1.2246467991473533e-15,0.0,1.913417161825449,0.3806023374435661,1.0452167310569358,1.7872238487442504
34.2,0.50670554460263,-0.08657470895926324,0.22074193551527718,0.9752314189260387,0.23598003605848708,0.6772371656811451,-0.17730022144531105,0.1967478868731356,0.9800184661548671,0.23825409218760082,0.03222989441160542,0.16879883025388376,0.1561170879715592,0.014567019418122454,nan,nan,nan,0.9736133048484085,0.417404759203599,0.0,-0.30574458246081154,-1.2246467991473533e-15,0.0,1.913417161825449,0.3806023374435661,1.0696854649134002,1.7797716520615225
34.251000000000005,0.5449912402191042,-0.07909817608097203,0.2302389105574225,0.9744148704004092,0.23801609667682647,0.6903431155312134,-0.12331526993505,0.21479682264125577,0.9759669935313523,0.208941233366962,0.03184245415452134,0.16236551311422243,0.1509567144302021,0.014279484454178077,0.2696756871886581,0.25272568595558764,1.3015028316414123,0.9743017350441306,0.42394424389044155,0.0,-0.30601586413981896,-1.2246467991473533e-15,0.0,1.913417161825449,0.3806023374435661,1.084024472670416,1.7750102699722534
34.300000000000004,0.5831989629919752,-0.0712745599940728,0.23973814791959513,0.9749609495099447,0.23572325065192556,0.7284804763501266,-0.1148917777673203,0.22468596569348032,0.9777715077217639,0.21911495638428524,0.03184698378365156,0.16407757971051695,0.15233786102615862,0.014476365113740074,nan,nan,nan,0.9845485858320058,0.3908159691801344,0.0,-0.25562506231184984,-1.2246467991473533e-15,0.0,1.913417161825449,0.3806023374435661,1.1959226421321398,1.7568270950552058
34.351,0.6404797917480869,-0.05885373738160253,0.25360530332451525,0.9772464297015047,0.2278205670033609,0.7857524439775586,-0.10406896860864134,0.23556855401405707,0.980120858974474,0.20769491100519039,0.032076945005566355,0.1666302754425211,0.15435157828566634,0.014204349964351626,nan,nan,nan,0.9853507632976511,0.3960635825183011,0.0,-0.2548036551871557,-1.2246467991473533e-15,0.0,1.913417161825449,0.3806023374435661,1.2076216998126874,1.7464625851797213
34.400000000000006,0.697699202651023,-0.04561370150823057,0.2670602104523672,0.9790030313365609,0.22203346809853075,0.8238660566593201,-0.09483174238444753,0.24400043254733195,0.9813097625366644,0.19654940969676518,0.032077023777734616,0.16831988171850856,0.15570963047401773,0.014401973749895172,nan,nan,nan,0.9855235502673657,0.40593001169403553,0.0,-0.25536200987864305,-1.2246467991473533e-15,0.0,1.913417161825449,0.3806023374435661,1.2018750761213284,1.7468035203571117
34.45,0.7357927040951007,-0.03633969662983208,0.2758707954759867,0.9799826156955003,0.2192258405676096,0.8888064620007724,-0.12632029892072805,0.2527842633269981,0.9827083628666629,0.21529704891685636,0.03249988654365878,0.16180651032593066,0.15050339755910414,0.014135354285259156,0.9356513872946159,-0.5513472351610803,0.7952687925564057,0.9860128312857072,0.4114513071292799,0.0,-0.2537378713374819,-1.2246467991473533e-15,0.0,1.913417161825449,0.3806023374435661,1.2020601689855912,1.7471732649740224
34.5,0.7927931075736614,-0.021776227779625613,0.28906869741387126,0.9796269108161895,0.22177626900578612,0.9268356582271879,-0.11640466059142313,0.26222902183033225,0.9820269347444015,0.22929633194964358,0.032504089008012986,0.1635129620920529,0.15189650758614548,0.014333669673777133,nan,nan,nan,0.9787234004814909,0.4594360452960301,0.0,-0.29729062867933254,-1.2246467991473533e-15,0.0,1.913417161825449,0.3806023374435661,1.119659668619938,1.7673773753935493
34.550000000000004,0.8306549643959601,-0.01164948618821994,0.29799176266204713,0.9791344234716304,0.2235710007731316,0.9835770993802867,-0.09988711769139796,0.2769397741714297,0.9812967491672149,0.22673748380215708,0.032414301641350854,0.16605620849951744,0.15393012601896805,0.014066660061164294,nan,nan,nan,0.9791773708823986,0.46665649908777934,0.0,-0.29498464469797414,-1.2246467991473533e-15,0.0,1.913417161825449,0.3806023374435661,1.1313435117872013,1.7611888779998282
34.6,0.8684103209740849,-0.0011885855649862056,0.3069637428518454,0.9788557603482874,0.2244741945981429,1.021308150299149,-0.08907178670555116,0.2856029550069303,0.9811584150272826,0.21039540300692564,0.03241302147202239,0.16773940236206142,0.15530079326724083,0.014400771985831442,nan,nan,nan,0.9800639383894105,0.47695305938929,0.0,-0.2898541877794178,-1.2246467991473533e-15,0.0,1.913417161825449,0.3806023374435661,1.1415158533811418,1.7601657219929967
34.650000000000006,0.9248528747535818,0.015133543199823362,0.32047003388996403,0.9786805172593386,0.225581669677741,1.0785183033205712,-0.08002837896063505,0.2901620343885755,0.9810377354372101,0.21447004878754272,0.03310605247319513,0.17024432815969495,0.15729902790219422,0.014077710382421319,1.533878319678211,0.04393194635337515,0.7988382396774227,0.980264649069775,0.4846035014999852,0.0,-0.28660763321957805,-1.2246467991473533e-15,0.0,1.913417161825449,0.3806023374435661,1.1374781664564733,1.7661634835300979
34.7,0.9809903403468037,0.032197469221833946,0.3343066607516253,0.975802434852266,0.23626322130297073,1.1636007158924557,-0.05718314432967224,0.2988986832115845,0.9814781432628735,0.21941825597556533,0.033104065183715566,0.1628569092836984,0.1514540928227217,0.014407287004794399,nan,nan,nan,0.9667780066219235,0.5486483619957038,1.0,0.08084451018411015,1.913417161825449,0.3806023374435661,3.5355339059327373,1.4644660940672622,0.996471526238605,1.8003544700299552
34.751000000000005,1.0181606765040485,0.04395892594789745,0.34397392741421295,0.973153395819601,0.244613721261815,1.2197032263142502,-0.039482677034852365,0.3118799482555508,0.9770862107639895,0.21813521758080132,0.033088074585877855,0.1653892775454465,0.15350818884664355,0.014083006869013684,nan,nan,nan,0.9653876324271747,0.5627694872212258,1.0,0.05257037278724569,1.913417161825449,0.3806023374435661,3.5355339059327373,1.4644660940672622,0.983844038366645,1.799921845615117
34.801,1.07354993855935,0.06219210303520007,0.3589842674732105,0.9702633226246922,0.2534081498627045,1.2753527282855652,-0.02124242089975089,0.32696635343126834,0.9741495413906951,0.24718413256942465,0.03309423412543156,0.16790052381684442,0.15558044784725422,0.014379807495700773,nan,nan,nan,0.9666180914126367,0.5709911411484108,1.0,0.03611888867842239,1.913417161825449,0.3806023374435661,3.5355339059327373,1.4644660940672622,1.0016346072222404,1.8044600118361787
34.852000000000004,1.1102609448375356,0.07476032257754617,0.36918340565350105,0.9690811326684203,0.25551118951177465,1.3124404119677953,-0.010201955765227765,0.3349774525114624,0.9728753132564788,0.25158831846757973,0.033236886618311055,0.16956052101179006,0.15691162180520365,0.014006807309381464,1.3573881383035615,-0.20041515370031,0.13908709041683906,0.9678337959758371,0.5762927938535208,1.0,0.02551304115636377,1.913417161825449,0.3806023374435661,3.5355339059327373,1.4644660940672622,1.033244002030272,1.7881196435488567
34.901,1.1650326342045703,0.0942569436222035,0.384577408637707,0.9680073826418024,0.25710404082924293,1.353541480342793,-0.01433257266324074,0.34476506506495275,0.9720832691197161,0.26535760321419205,0.03324914437786096,0.1622692488912849,0.15113008606368333,0.014201825701500257,nan,nan,nan,0.9690113674245531,0.5845772029495925,1.0,0.00894289879729393,1.913417161825449,0.3806023374435661,3.5355339059327373,1.4644660940672622,1.0447410320233363,1.7922696285636632
34.95,1.2013568633601635,0.10769420613629502,0.39488229607112124,0.9674054372025622,0.2578620828578603,1.407213760881176,0.012187240567464232,0.36753847457544664,0.9710523104825783,0.25258566050794073,0.03262566306701916,0.16479131861656993,0.15320803594282045,0.01393745476675089,nan,nan,nan,0.9681792666317878,0.5977114627251717,1.0,-0.01732611376791937,1.913417161825449,0.3806023374435661,3.5355339059327373,1.4644660940672622,1.0430431017839275,1.789596212193231
35.0,1.237532531352493,0.1214873987755191,0.4051915678736435,0.9673858233408439,0.25712078668030736,1.4434296187675666,0.026238197693041736,0.37725570542566716,0.971423899122661,0.23055991532056802,0.03262370024121829,0.16646033381265948,0.1546080484968224,0.014137156411436931,nan,nan,nan,0.9727335499282779,0.6015951723384653,1.0,-0.02509441634805204,1.913417161825449,0.3806023374435661,3.5355339059327373,1.4644660940672622,1.0858053769024596,1.7859069417851634
35.050000000000004,1.291561090618885,0.1428702277126524,0.42054057014806884,0.9681515241765734,0.25498831934276034,1.49799050350356,0.045535201844428115,0.38867330468022926,0.9721250552790469,0.22593989243775997,0.032849179250956956,0.1689423009622281,0.15665632803912166,0.01388094862901214,nan,nan,nan,0.9739942827457616,0.6058130143959284,1.0,-0.033531925079315295,1.913417161825449,0.3806023374435661,3.5355339059327373,1.4644660940672622,1.089726807947429,1.7909508026017582
35.1,1.3453080492284668,0.16509117080708166,0.4357766636158137,0.9690779319657234,0.2531030207581456,1.4948382051020122,0.10379111580378649,0.39969950965077183,0.9712430295013996,0.2633776710673283,0.032832321494918944,0.1615880846606951,0.15080504408237308,0.014077231536621139,1.1285664772819748,0.5434751475414363,1.417241902299815,0.9749566044513005,0.6129438016054412,1.0,-0.047799455965492926,1.913417161825449,0.3806023374435661,3.5355339059327373,1.4644660940672622,1.0971282325094642,1.7891878093348916
35.152,1.3810033035839981,0.18037729185006451,0.4457402583015969,0.970896635890424,0.24598181752671336,1.548428682984108,0.12677595935802366,0.41562760587408665,0.9738348944707809,0.2343709428957533,0.03283318187878599,0.16409555256974204,0.15294858082664456,0.014375042396134238,nan,nan,nan,0.982351163675798,0.5878536784237767,1.0,0.002389889386120364,1.913417161825449,0.3806023374435661,3.5355339059327373,1.4644660940672622,1.2054508242652142,1.7509014943365646
35.2,1.4166163367761024,0.19605401638898898,0.45540129843598515,0.9728850987543016,0.23892421365376082,1.5832852413375653,0.14600031773368297,0.42909478036054777,0.97598165427029,0.23136358993789236,0.0325142341628073,0.16575227518651972,0.15433177100578463,0.01401638672120563,nan,nan,nan,0.984278110490245,0.5931846919323778,1.0,-0.008272185939591253,1.913417161825449,0.3806023374435661,3.5355339059327373,1.4644660940672622,1.2054508242652142,1.7506253281234856
35.25,1.4698710503387205,0.2202901433551088,0.4694080803876356,0.975765562530871,0.2293119537598646,1.6364682264054942,0.1706503958623725,0.44355523332756436,0.9789747227369469,0.21397342394064056,0.03251652080256589,0.16821830216072717,0.1564494700692625,0.014315116861637792,nan,nan,nan,0.9862898943381665,0.5948750478073099,1.0,-0.011652982380908228,1.913417161825449,0.3806023374435661,3.5355339059327373,1.4644660940672622,1.2269386018809842,1.739188532270957
35.300000000000004,1.505259304988567,0.2369183496579898,0.4784297634177401,0.9775902886867364,0.22319579790684632,1.6722126900787528,0.18595129003998476,0.45081896261566046,0.98084876274165,0.2117604159959951,0.03266447002984957,0.16984491026502357,0.15781338325103508,0.01396373822156032,1.1264880783638045,0.12706099547653366,1.0799693012226488,0.9878807180424918,0.5994002902223812,1.0,-0.02070407488288656,1.913417161825449,0.3806023374435661,3.5355339059327373,1.4644660940672622,1.241232790776325,1.733297034839801
35.35,1.5581545714771272,0.2625445115465637,0.4915414365936301,0.9800003831050665,0.215263354751628,1.6683065385722458,0.20495854271312003,0.4636276907586105,0.9798539671113923,0.2125932569547875,0.03266351115739924,0.16330036387316457,0.15266170217879013,0.014259253140727372,nan,nan,nan,0.9884476579076196,0.6029679267097704,1.0,-0.027840406345258056,1.913417161825449,0.3806023374435661,3.5355339059327373,1.4644660940672622,1.241232790776325,1.7282713502618585
35.400000000000006,1.6108212488553975,0.28896670313042283,0.5041392229848974,0.9827220961664489,0.20547223178799215,1.7041712695775628,0.21955494954073723,0.46927078492551466,0.982307503151394,0.2171385029254283,0.032959318288896707,0.16494406209469362,0.1540654250071104,0.013914619855233165,nan,nan,nan,0.9915159349012406,0.5939817384466198,1.0,-0.009866311831509766,1.913417161825449,0.3806023374435661,3.5355339059327373,1.4644660940672622,1.2882536751363902,1.7092412126365877
35.451,1.6458123404144176,0.30701533387101837,0.5121988218535374,0.9843785416244881,0.19909383995577196,1.756700360674478,0.246423336547521,0.48091666768507574,0.9852956960624817,0.2024332741512014,0.032960064098805995,0.1673920997623484,0.1562102550080187,0.014214947532770878,nan,nan,nan,0.9917417404776477,0.5978760032903123,1.0,-0.017655220067350014,1.913417161825449,0.3806023374435661,3.5355339059327373,1.4644660940672622,1.2901500111779847,1.702254863932035
35.5,1.6806975127971535,0.3253960711123821,0.5200227074751688,0.9858229944057392,0.19338599740303453,1.7917722328258272,0.26422433128933187,0.4876359929459557,0.9869313048867827,0.1723461407535221,0.03300521927040126,0.1690060089204399,0.15759406152413366,0.014001998859929154,nan,nan,nan,0.9927629980793501,0.6012972960154792,1.0,-0.02449857212064585,1.913417161825449,0.3806023374435661,3.5355339059327373,1.4644660940672622,1.296378403656946,1.6955736693271954
35.550000000000004,1.7328152974513733,0.35356473282142814,0.5313794223239159,0.9876713157052986,0.18668297493221467,1.7791118761162488,0.20744784809129177,0.49793830673136075,0.9827283527408361,0.17985384971321403,0.03303791415546094,0.1624233734163712,0.15237175887830945,0.0142411289772267,1.2124957416211597,-0.6337890096432046,4.255405106120227,0.99327921325162,0.6036388242222828,1.0,-0.029182474107631487,1.913417161825449,0.3806023374435661,3.5355339059327373,1.4644660940672622,1.2906731858184561,1.7008047670446187
35.6,1.7674148030546246,0.3727272332540846,0.5387763433713297,0.9887726777440674,0.18406826599560677,1.8122891311502942,0.2304653558924428,0.5112892052818427,0.9847565511213969,0.19720206677414567,0.032627608223350014,0.16405303553036896,0.15379475046225244,0.013885311721185192,nan,nan,nan,0.9921007760533779,0.6237130699547275,1.0,-0.06935667725295609,1.913417161825449,0.3806023374435661,3.5355339059327373,1.4644660940672622,1.2808605902549792,1.7143018001545087
35.650000000000006,1.8190961456264148,0.4020270455188547,0.5496736305186278,0.9904510907942026,0.17896011215239502,1.8637771415568234,0.25959391504922313,0.5223756434243327,0.9878843917325785,0.1913793881501476,0.032630008137142764,0.1664809476998299,0.15596654454455927,0.014185580364041788,nan,nan,nan,0.9937265874130543,0.6233604582101643,1.0,-0.06865061427557764,1.913417161825449,0.3806023374435661,3.5355339059327373,1.4644660940672622,1.3120172992636028,1.6904694046292512
35.701,1.8705150820289662,0.4319704872503905,0.5601821319532598,0.9918946224329686,0.17222426348176656,1.8979976726506793,0.27938575443874675,0.529306832366899,0.9894266491633913,0.15290537651710182,0.032626260078179425,0.16808495352774047,0.15740660678067628,0.014383962006077897,nan,nan,nan,0.9946821885377203,0.625550556497944,1.0,-0.07303630842582885,1.913417161825449,0.3806023374435661,3.5355339059327373,1.4644660940672622,1.3223222495113514,1.6787434782120676
35.75,1.9046426785565502,0.4522752065411416,0.5669854899647871,0.9927113932691748,0.16889413304842152,2.0125388594645948,0.3979988617353454,0.5392414288858598,0.9977875699808487,0.14902802377968172,0.032623828462751074,0.1616168469503221,0.15220056951986066,0.014120527357562553,2.4959452479424984,1.2398682440770115,4.481719146485691,0.9952487154388394,0.6268265922757837,1.0,-0.07559190383573551,1.913417161825449,0.3806023374435661,3.5355339059327373,1.4644660940672622,1.3155079433065993,1.6857429218195725
35.801,1.9555975292324081,0.48322145383223697,0.5768677840856228,0.9935718208266202,0.16082707525443402,2.0467578199428305,0.4185416767179891,0.5462528880633021,0.9979045960209506,0.17946790345277108,0.03263108840202056,0.16323778664897126,0.15367534014779727,0.014319532891823066,nan,nan,nan,0.9974343889035616,0.6108893026529929,1.0,-0.04060438334638125,1.913417161825449,0.3806023374435661,3.5355339059327373,1.4644660940672622,1.3489413221853466,1.6446625244629998
35.977000000000004,1.9725175720565586,0.4936616396106265,0.5800380720573782,0.9938178170737217,0.15755326807653172,2.0792397011979586,0.44351025462420335,0.5572021626271337,0.998035851736229,0.12756575915537618,0.03221268125060477,0.1648419308556695,0.15510939685488667,0.01396785149551486,1.3299940750769446,1.0871365357191982,3.8049426741380863,0.9978111945462751,0.6124284787040967,1.0,-0.04253469278374155,1.913417161825449,0.3806023374435661,3.5355339059327373,1.4644660940672622,1.3706532557269406,1.6256057048871069
36.0,2.106766557867361,0.5793046926965107,0.6029860814809237,0.996201988131442,0.1282801108878877,2.1325915065449093,0.5760438398129518,0.5768920838405461,0.9968319354401077,0.13332969930053162,0.03254922569664392,0.16233832760817823,0.1534899874243726,0.014218742466894575,nan,nan,nan,0.9999788395690463,0.564701772463551,1.0,0.04139591733526503,1.913417161825449,0.3806023374435661,3.5355339059327373,1.4644660940672622,1.4739585015626202,1.5462121566478848
36.050000000000004,2.1566517088391093,0.6123348014827792,0.6100467175421498,0.99735753319803,0.11043449324803871,2.182975877226654,0.6080878316459682,0.5829706285800205,0.9980609701127968,0.10924992635264646,0.032620900949804195,0.164726998831149,0.15567558477895435,0.013966962933660449,nan,nan,nan,0.9999233984825218,0.5645144834702307,1.0,0.04073692843519092,1.913417161825449,0.3806023374435661,3.5355339059327373,1.4644660940672622,1.480382326587884,1.5363969354317706
36.102000000000004,2.2063065465693614,0.6458078866045345,0.6161574792394241,0.9981627574527254,0.09616457317424659,2.216282792250136,0.6301080181777382,0.58769277101824,0.9986165820906997,0.1031111968639699,0.032622880179470626,0.16630983783427034,0.1571441307711449,0.014167483519616417,nan,nan,nan,0.9998283457635974,0.564441778238442,1.0,0.03938847734101214,1.913417161825449,0.3806023374435661,3.5355339059327373,1.4644660940672622,1.4778903817212552,1.5345297705062457
36.152,2.2392849204613734,0.6683458438388968,0.6197981971313976,0.9985643403172597,0.08794724509151766,2.264854660741232,0.6661375528553479,0.5975999395267553,0.999257066006399,0.10034773581088577,0.0323650823321976,0.1686553442514674,0.1592981924779427,0.013922079829292446,2.3975966885753275,0.6433435887916477,0.06528593489682998,0.9997178556181372,0.5639374494907801,1.0,0.039193262758652675,1.913417161825449,0.3806023374435661,3.5355339059327373,1.4644660940672622,1.482145576742011,1.5277789823450227
36.2,2.272167499080934,0.6910457316203807,0.6231136258905187,0.998852478370129,0.07955910702529483,2.3113476555298886,0.6872151929175887,0.601189327373175,1.000135982097005,0.06745575545309211,0.0323667878543579,0.16138901940291905,0.15326083420029213,0.014118905057411224,nan,nan,nan,0.9993283450561612,0.5609466956311463,1.0,0.0421656416926901,1.913417161825449,0.3806023374435661,3.5355339059327373,1.4644660940672622,1.4980537274621808,1.5068376023642576
36.25,2.321318140765869,0.725368260271731,0.6274952308526538,0.9990975373044687,0.06917378095253293,2.3581755878796122,0.7266810738239199,0.6111185218026369,1.0002233910336187,0.05850125065366644,0.03180471574747601,0.163763928681948,0.15546709617099244,0.01387666220948916,nan,nan,nan,0.9993701611047228,0.5656955244617784,1.0,0.03386093495498099,1.913417161825449,0.3806023374435661,3.5355339059327373,1.4644660940672622,1.4821649329675028,1.520385777079337
36.300000000000004,2.370272160085811,0.7599813444343647,0.63132131551704,0.9991272955658268,0.0594665859788147,2.3909265188882776,0.7496582842117329,0.6146419190330635,1.0001127159204424,0.08634281340263616,0.03181042635170962,0.16533870813916116,0.15694821433865025,0.01416106296887597,nan,nan,nan,0.9986825160354689,0.5597809456968051,1.0,0.04065941036398443,1.913417161825449,0.3806023374435661,3.5355339059327373,1.4644660940672622,1.499686602229987,1.4970263548369986
36.352000000000004,2.402805854694847,0.7831968255655558,0.633505253984988,0.9990750264269577,0.05155237974021325,2.43966020882042,0.784804618385656,0.6195686695895383,0.9999232301705273,0.06579889063236123,0.03176291318513208,0.1676731469652346,0.1591219673705689,0.01397252188256023,3.336374006108071,1.3364703150648054,3.976636080211145,0.9984098331642152,0.5582399961400887,1.0,0.04156882020484021,1.913417161825449,0.3806023374435661,3.5355339059327373,1.4644660940672622,1.5177352591071671,1.4770447019246442
36.404,2.451466390610127,0.8182030827196923,0.6362080020101057,0.9989185270702425,0.04056851994490028,2.5658806487091135,0.8635045890856193,0.6217706467160911,1.0065951636286137,0.04311618878243411,0.03176038197801708,0.1605447880141847,0.15311640595928525,0.014165496307384867,nan,nan,nan,0.997925228639215,0.5551405824842042,1.0,0.043716941582782276,1.913417161825449,0.3806023374435661,3.5355339059327373,1.4644660940672622,1.5201767132853459,1.4711985208109113
36.451,2.4838146178579623,0.841643446802554,0.6376792749369834,0.9984097780484762,0.03466683084848468,2.6150648372046716,0.8984082118293696,0.6244311739152657,1.0045279033938366,0.030630394881099,0.03179388457261098,0.16291308666909657,0.15533829424862702,0.013977773353567044,nan,nan,nan,0.9977602582646663,0.5548292050093154,1.0,0.03902925650810435,1.913417161825449,0.3806023374435661,3.5355339059327373,1.4644660940672622,1.5043204291034895,1.4652789198876044
36.502,2.532198024893525,0.8769215223158147,0.6394806984787518,0.9976379023361671,0.026738410201244678,2.647636291620455,0.9219148335747035,0.6263731592806581,1.0032546754295382,0.022855518292406084,0.03179418885691021,0.16448504808196074,0.15682752675521058,0.01417717410069226,nan,nan,nan,0.9969698900154836,0.5485060740224551,1.0,0.042174598265018515,1.913417161825449,0.3806023374435661,3.5355339059327373,1.4644660940672622,1.5148757378540507,1.4577563702583376
36.551,2.56437489654486,0.9005096786869898,0.640423086345066,0.9972358239897229,0.021643770736340034,2.6947557613169755,0.9601544510916918,0.6320914069249026,1.001652255293986,0.05978569320402081,0.03149727898122654,0.16681553675286953,0.15901386372489779,0.01391609182581128,nan,nan,nan,0.9969698900154836,0.5485060740224551,1.0,0.042174598265018515,1.913417161825449,0.3806023374435661,3.5355339059327373,1.4644660940672622,1.5148757378540507,1.4577563702583376
36.6,2.5964840732359096,0.9241444860329985,0.6414944911895256,0.9961574908085751,0.03660297575779539,2.694226923019083,1.0371027552984151,0.6329518322451024,0.9997721512801355,0.0013286326870108577,0.03145375739111081,0.15967023736511318,0.15290087874807043,0.014112010614746531,2.3536034005533284,1.5682432065333833,1.7588267075097401,0.9897657476562416,0.7752818870281799,2.0,0.4189009409336846,3.5355339059327373,1.4644660940672622,4.619397662556434,3.086582838174551,1.1707309638058936,1.7486720571663628
36.653000000000006,2.6444738503165612,0.9596604922146109,0.6451146742181731,0.9944723413188006,0.07544828592936621,2.742520340979163,1.0725944334523208,0.6365791033995515,0.9975728671572563,0.08540500432306593,0.03145921748923078,0.1620438593560465,0.1551623754504632,0.014409450245142525,nan,nan,nan,0.9925994634990316,0.7546866468865069,2.0,0.46209084120679644,3.5355339059327373,1.4644660940672622,4.619397662556434,3.086582838174551,1.1928486939355663,1.754405787470439
36.7,2.6763736108190774,0.9834002550960071,0.6486240623438423,0.9938259188373422,0.09413831193899846,2.7711794284762075,1.102283840360322,0.6474104134040268,0.9965520387811572,0.08676397951176355,0.0308339453171892,0.16360401453116105,0.15663082257913313,0.01404667857840698,nan,nan,nan,0.9918409419315358,0.7644084999409344,2.0,0.44165445160098604,3.5355339059327373,1.4644660940672622,4.619397662556434,3.086582838174551,1.2168315668290686,1.7306896027204468
36.75,2.7240807419259347,1.0191345262844689,0.6550043718994893,0.9931699922244299,0.1139318731818005,2.818787917266884,1.1384186234449212,0.6535362231416856,0.9955192451377799,0.11832145424276257,0.030835887093107278,0.16593939047092504,0.15886278002835238,0.014345059209146013,nan,nan,nan,0.9927489489846834,0.7679079731792144,2.0,0.43431984194496576,3.5355339059327373,1.4644660940672622,4.619397662556434,3.086582838174551,1.2328246252990545,1.7248049463386395
36.800000000000004,2.755786284085517,1.0430645069284696,0.6598108345478698,0.9928913084265337,0.12353875544295875,2.8478309014374807,1.1669656715180883,0.6629987610444755,0.9950089336663465,0.12706732468407128,0.030398444380983297,0.16747125255891432,0.16031019800623844,0.013990112997076844,3.133960243623908,0.9127773067655363,0.5321886920669593,0.9923581830421258,0.7772420818145381,2.0,0.4148102400862953,3.5355339059327373,1.4644660940672622,4.619397662556434,3.086582838174551,1.2404974992747082,1.7169579118990557
36.85,2.8031698760442696,1.0791501292558041,0.6676650194733644,0.9922557773482035,0.1363147959314163,2.922190109432433,1.181803556995736,0.671001438965102,0.9945466465409281,0.13831772462527223,0.030416465869249534,0.16113623275183703,0.15490489443661823,0.01428515393545115,nan,nan,nan,0.9907808489896212,0.8011030177498245,2.0,0.3652712824378285,3.5355339059327373,1.4644660940672622,4.619397662556434,3.086582838174551,1.218886058774654,1.726315690163501
36.901,2.8503046986127614,1.1154915700173953,0.6762288054507465,0.9915726922396191,0.14684204571488407,2.954756634488988,1.204203082889518,0.6737117224539323,0.9939058569828317,0.13894876386385152,0.030671330148980977,0.16269165380177988,0.15638654473187247,0.013937441025812802,nan,nan,nan,0.9907559810963474,0.8070771244987834,2.0,0.35293783709753934,3.5355339059327373,1.4644660940672622,4.619397662556434,3.086582838174551,1.2248096830904618,1.7223825599912879
36.95,2.8815762455189415,1.1398811000637987,0.6822569654519866,0.991126350496924,0.153021053694218,3.0012388256504785,1.2415328830364352,0.6821495535913726,0.9930102756670743,0.14044160609358589,0.03067081793128683,0.1650202594341371,0.15863731973122963,0.014237462613313056,nan,nan,nan,0.9901503030649452,0.8141817118607827,2.0,0.3383042709550613,3.5355339059327373,1.4644660940672622,4.619397662556434,3.086582838174551,1.2169267909839498,1.7271777481134194
37.002,2.9282349969936545,1.1767341999473915,0.6917257022674456,0.9905579527150928,0.1609795588352641,3.030340165838073,1.2692992003047352,0.6922217216232038,0.9925354026415435,0.17637108925128225,0.030394305859378704,0.1665473077530429,0.16009916212245903,0.0138824292981401,nan,nan,nan,0.990111019506882,0.8228998450059278,2.0,0.32039506725724215,3.5355339059327373,1.4644660940672622,4.619397662556434,3.086582838174551,1.2182180066071453,1.7281155959759422
37.053000000000004,2.9591689698101185,1.2014989039942923,0.6982337031667136,0.9903898381586311,0.16337884505262815,3.1206931261838777,1.3783804024918342,0.7028105668763263,0.9974458158709547,0.16487805537331038,0.030376968743044505,0.16020036559594375,0.15461282696469236,0.014178988660115136,3.4435285501806434,2.0110850444104127,2.4826056216475,0.9909071618959556,0.8271783929354801,2.0,0.3116243265688243,3.5355339059327373,1.4644660940672622,4.619397662556434,3.086582838174551,1.2451212908691867,1.7088944334049896
37.1,2.989959025458183,1.226431408251142,0.7048117399519097,0.9901081254984305,0.16506643957853534,3.1546988084960823,1.3986550636882145,0.7024060411158324,0.9963321873463762,0.17290546101847645,0.03099849075572343,0.16174851464682793,0.15611025228681155,0.0138309742579108,nan,nan,nan,0.9913708940288741,0.8342757322449941,2.0,0.29710085457685564,3.5355339059327373,1.4644660940672622,4.619397662556434,3.086582838174551,1.2400905536399907,1.7025836054473453
37.150000000000006,3.035847375245028,1.2641478361783816,0.7148153884180224,0.9894447170086886,0.16820471474003568,3.200175308000328,1.4374071682595324,0.7128759165041405,0.9947479018143232,0.1786929349914103,0.0310009199819146,0.16406783669449185,0.15838178680625012,0.014132562221131875,nan,nan,nan,0.9901878570755446,0.8426075489672896,2.0,0.28009016133390985,3.5355339059327373,1.4644660940672622,4.619397662556434,3.086582838174551,1.2270035055695605,1.7092836603091508
37.2,3.066232046103586,1.289509967735026,0.7215956008440254,0.9890942566324649,0.17011338916345384,3.2302283482229224,1.4634726766328927,0.7199418498490657,0.9939879723931573,0.183692976451009,0.031002787538336903,0.1656002244202613,0.1598881079393856,0.014331785388560501,nan,nan,nan,0.9905308660327666,0.8506011204490193,2.0,0.2638073496889248,3.5355339059327373,1.4644660940672622,4.619397662556434,3.086582838174551,1.23666937560035,1.7068906394418581
37.252,3.1114968656275512,1.3278997082971313,0.7318663260758664,0.9888413237146467,0.17172933671601825,3.1960617754064753,1.4832648615329325,0.7307365340737122,0.9885250561496094,0.16712103187286004,0.03099361091685837,0.15937151677729358,0.15442357399486673,0.014075190473082694,2.4644628382293527,1.320039307788176,2.2781515406508537,0.9907897689825618,0.8557682383289983,2.0,0.25330038054729376,3.5355339059327373,1.4644660940672622,4.619397662556434,3.086582838174551,1.2436083300845786,1.7041331143635687
37.300000000000004,3.1414708707375847,1.3537370817104895,0.738716260891205,0.9893565193798901,0.1701536633854957,3.2254718944376295,1.509714185158812,0.7374062521063935,0.9897937945374227,0.15750035290922973,0.030993815057461915,0.16092438290755487,0.15596289800370006,0.014274939993247674,nan,nan,nan,0.9944199611697319,0.8364269881209784,2.0,0.2927047963775738,3.5355339059327373,1.4644660940672622,4.619397662556434,3.086582838174551,1.3049922781197767,1.6883668147632866
37.351,3.186164628440818,1.392905119264091,0.7487737631118835,0.9906913943539021,0.16606844919240774,3.271235200530347,1.5470977635894232,0.7439447870712974,0.9913591301170189,0.16961103103259284,0.03129429937535834,0.16322200769807865,0.15823138718582314,0.014029572226872613,nan,nan,nan,0.9946174806385225,0.8412075516158476,2.0,0.2829456329990091,3.5355339059327373,1.4644660940672622,4.619397662556434,3.086582838174551,1.302983135468342,1.68838675166932
37.401,3.230517269910039,1.4325575620895328,0.7586302818109133,0.991599395193389,0.16306699708399855,3.3159020880574603,1.5861220236555076,0.7517179415932405,0.9923916958339061,0.15954361297252095,0.03144929677701171,0.16549334797832885,0.16048382741719933,0.013787910250686616,nan,nan,nan,0.9946602332546791,0.853651735450384,2.0,0.2563756563360216,3.5355339059327373,1.4644660940672622,4.619397662556434,3.086582838174551,1.3037995856691007,1.6813665696488875
37.45,3.2598860439323856,1.4592523393769259,0.7651091130843252,0.9920745913873278,0.16131682280307702,3.36018212271952,1.5741284551516392,0.7577589513970998,0.9919456446157637,0.15527636137015785,0.03147082112473781,0.15849746714413598,0.15419825044466698,0.013985768503273517,3.5122379573615063,1.1715926031687207,0.787124515482033,0.9946602332546791,0.853651735450384,2.0,0.2563756563360216,3.5355339059327373,1.4644660940672622,4.619397662556434,3.086582838174551,1.3037995856691007,1.6813665696488875
37.501000000000005,3.3036247973476094,1.4996707255038573,0.7748020972756213,0.9923369058139938,0.16240948483458045,3.3889651245914285,1.6014437513237252,0.763526858661454,0.9922509897820356,0.14246057312705937,0.03146929807737962,0.1600441513661594,0.1557510345579291,0.014322662755689471,nan,nan,nan,0.9929571307236512,0.8765120721064225,2.0,0.20672482270598094,3.5355339059327373,1.4644660940672622,4.619397662556434,3.086582838174551,1.2699836977144794,1.7020219707463204
37.550000000000004,3.3325656150330087,1.5268580694885905,0.7813313526005661,0.9924526478695146,0.16365223913141316,3.4314672287535224,1.6432642872582286,0.7730426130018162,0.9926955211097835,0.15061131296418398,0.031412003835206086,0.16233049058309681,0.15804286062242834,0.014009126444247415,nan,nan,nan,0.9933496680891872,0.8789193728329161,2.0,0.1979681967579669,3.5355339059327373,1.4644660940672622,4.619397662556434,3.086582838174551,1.2710325158013256,1.7032415998140649
37.6,3.3613318379496593,1.5542383293679558,0.78789106876328,0.9926245655293441,0.1638705736215162,3.4598397674935275,1.671048577684197,0.7809286469154743,0.9930734212905046,0.18220347619064503,0.031419044427227844,0.1638493627505827,0.15957900417924126,0.014209124126251365,nan,nan,nan,0.9940531750205722,0.8821547430843166,2.0,0.185863233582405,3.5355339059327373,1.4644660940672622,4.619397662556434,3.086582838174551,1.285885697764118,1.6927330376402718
37.650000000000006,3.4041559192005,1.5956714505178478,0.7976615076701732,0.9929886715754821,0.16140438919427744,3.500965548975201,1.7145169879241309,0.7924099705638539,0.9936445804251207,0.13785579160389225,0.03126306232922266,0.1660892461298576,0.16184461903987368,0.013958375746955203,3.982895907742356,1.8140384143486379,0.8700604062904556,0.9946436150089286,0.8844774145862958,2.0,0.1777084545024536,3.5355339059327373,1.4644660940672622,4.619397662556434,3.086582838174551,1.308695097330362,1.6735786193903104
37.7,3.4324894670046846,1.6235352601355948,0.8040670695694208,0.9933185646903959,0.1594875614137507,3.5774651482238062,1.755584298987954,0.7969446353629001,0.9969125211591008,0.12018735822482757,0.03127154268978575,0.15911913013789694,0.15550625125096768,0.014154638529014418,nan,nan,nan,0.9955401914766377,0.8868888301408299,2.0,0.16766337172423892,3.5355339059327373,1.4644660940672622,4.619397662556434,3.086582838174551,1.3073290421135222,1.680480987561336
37.75,3.4746586922323504,1.665686746186575,0.8136274413752195,0.9933526309757548,0.16024434329223278,3.62020110652014,1.797147272324122,0.805481308345648,0.9964712343404639,0.1694436063127288,0.03143928000260412,0.16139143530164643,0.15782172162839977,0.013910660409712986,nan,nan,nan,0.9939917904134166,0.906619023212618,2.0,0.1268720551729179,3.5355339059327373,1.4644660940672622,4.619397662556434,3.086582838174551,1.2663160514206577,1.6991893283899486
37.800000000000004,3.5025375410783397,1.6940089147265154,0.8200510125073285,0.993210006205374,0.16020987820805685,3.64776863388436,1.8259313876033663,0.811059721698248,0.996155725831572,0.1364049857698154,0.031434989768491114,0.1629013822672488,0.15937250320666016,0.01424868940380451,nan,nan,nan,0.9943807856229271,0.9115424687405226,2.0,0.11442955527824987,3.5355339059327373,1.4644660940672622,4.619397662556434,3.086582838174551,1.2935995186739209,1.6762281148083618
37.85,3.5440087017008497,1.7368230166419136,0.8296214871096628,0.9931457393595648,0.15932899796296396,3.687821146854876,1.8705677334456077,0.8229340028142538,0.9958381921691064,0.1617533625273857,0.03130667455928207,0.1651279076681555,0.16166125690070748,0.013930367135500771,3.2330099502350067,2.4912379006445597,2.156426955807305,0.9946902908319888,0.91415593567156,2.0,0.10749959162153512,3.5355339059327373,1.4644660940672622,4.619397662556434,3.086582838174551,1.2865027552549284,1.6866674085590114
37.900000000000006,3.5850698781456427,1.7800387475227424,0.8391039355370962,0.9933801351095337,0.1565541893027657,3.674336460499454,1.9555106505825726,0.8298607541483793,0.9966452111826946,0.14729045840367663,0.03127107660592429,0.15828750874584868,0.15536169553708262,0.01412664585011472,nan,nan,nan,0.9955718057894434,0.9170771515391701,2.0,0.0989957692509151,3.5355339059327373,1.4644660940672622,4.619397662556434,3.086582838174551,1.3140588203870927,1.6670855765399328
37.952000000000005,3.6122301053140933,1.8090801008943391,0.8451734257570153,0.9940870045491437,0.14827937931607194,3.7129922048637303,2.0016782000691578,0.8421418124701132,0.9981106963255503,0.13893727222427807,0.031044469624392404,0.16054493348576518,0.15770161530604235,0.01387256461270387,nan,nan,nan,0.9989924455441227,0.8747544885816301,2.0,0.15739963245402752,3.5355339059327373,1.4644660940672622,4.619397662556434,3.086582838174551,1.394659897794493,1.6115087343713042
38.0,3.652668599623968,1.852997009317043,0.8536207023488154,0.9951317557694728,0.1354756082175423,3.739536235130791,2.0315050303891606,0.8486733231933131,0.9984895095098772,0.1574471957320499,0.031050466288145374,0.1620447228300541,0.15926838780373417,0.014073526994180565,nan,nan,nan,0.9994668245000363,0.8747982937886383,2.0,0.15090787190040253,3.5355339059327373,1.4644660940672622,4.619397662556434,3.086582838174551,1.4094069634186877,1.5962265895948398
38.050000000000004,3.6794273678726053,1.8825002482617703,0.8588279189351721,0.995730994462674,0.1269537785321536,3.778622075462875,2.077027777182741,0.857801818817479,0.9989767616527896,0.1303173443492616,0.030998093279898352,0.16425484720548678,0.16158330037930618,0.013826055794370722,nan,nan,nan,0.9996346447379928,0.8757058040852399,2.0,0.14540821641642265,3.5355339059327373,1.4644660940672622,4.619397662556434,3.086582838174551,1.4253784722260854,1.5805181583162262
38.1,3.706029328752832,1.9121743200405683,0.8637150587707776,0.9962724320241666,0.11941309651098597,3.8070775317672845,2.0665793037089393,0.8616825115335951,0.9974346255621523,0.09500220153441813,0.031010484950537345,0.15752948561458396,0.1553088923174144,0.014161634751681829,3.8333765127472845,1.6431186186944875,0.6940493944869008,0.9998277595469819,0.8763622820502487,2.0,0.13820061095278746,3.5355339059327373,1.4644660940672622,4.619397662556434,3.086582838174551,1.4272973103129547,1.578724824531855
38.150000000000006,3.7456452493142245,1.9569883433096482,0.8706303863808095,0.9969754770176845,0.11393153960073565,3.845970731474631,2.1120832403414367,0.8681130570066379,0.998149275739677,0.11354333238838037,0.031014318168913885,0.159790403046491,0.15769263587765828,0.014402250833331921,nan,nan,nan,0.9993310899438377,0.8982607740104028,2.0,0.10873590288892893,3.5355339059327373,1.4644660940672622,4.619397662556434,3.086582838174551,1.386518909427771,1.6202519356306602
38.2,3.771869738105057,1.9870565480025557,0.8751455872698264,0.9973965678118999,0.11191420145529482,3.8743997930542373,2.139670388217895,0.8681055222024286,0.9985353427209763,0.09752474536215798,0.03137035442988879,0.16126700746529718,0.15925019574120527,0.014040482193358213,nan,nan,nan,0.9994938933594808,0.8999296984678937,2.0,0.10167802188528186,3.5355339059327373,1.4644660940672622,4.619397662556434,3.086582838174551,1.4006904558327329,1.6053057143057958
38.25,3.8109354401869857,2.0324275102589793,0.8817506510560181,0.997866176077799,0.10926984212403626,3.9130134730180703,2.185491363805973,0.8748014698402846,0.9989640808196415,0.09910021150406878,0.0313720156547697,0.16348701135352425,0.16160477168319567,0.01433913772386694,nan,nan,nan,0.9993494740465905,0.9041775749944889,2.0,0.09336671924963152,3.5355339059327373,1.4644660940672622,4.619397662556434,3.086582838174551,1.3867636466257514,1.6169600087122062
38.302,3.849682115237448,2.0781019687521574,0.8882324677558457,0.998243783017003,0.10690978573311752,3.937328256450678,2.2175384472785273,0.8817793051888572,0.9991885931245668,0.09644864831782585,0.03121310724114697,0.1649324593895988,0.16314232921060223,0.013985020283380143,4.000506085389901,1.3773816267999273,2.569323983532629,0.9997219468328559,0.9053617585681666,2.0,0.08430478990369783,3.5355339059327373,1.4644660940672622,4.619397662556434,3.086582838174551,1.4056043915760588,1.5991928330597263
38.35,3.8753409246102732,2.108712221692211,0.8924497612198582,0.9984814365365817,0.10440836287902744,3.975528637823034,2.1833221330191366,0.8865685642943175,0.9958747156017117,0.08542147328290252,0.0312419019775539,0.15884002080047976,0.15744661705785667,0.014280249963484457,nan,nan,nan,0.9997219468328559,0.9053617585681666,2.0,0.08430478990369783,3.5355339059327373,1.4644660940672622,4.619397662556434,3.086582838174551,1.4056043915760588,1.5991928330597263
38.402,3.913572348908912,2.1548584649721256,0.8987900855767991,0.9986783198371649,0.10841686483187321,3.996430142508034,2.2186227364331232,0.8967255638647602,0.9963923123300477,0.10042546630033983,0.030684908978656746,0.16030872383779893,0.15901672077130144,0.013933240643518901,nan,nan,nan,0.9978918438233364,0.9515131147011274,2.0,0.03353276792805382,3.5355339059327373,1.4644660940672622,4.619397662556434,3.086582838174551,1.3368555754814853,1.6633520480755932
38.451,3.938889039079023,2.1857716963424827,0.903176762745482,0.9988533571054171,0.11001418691388468,4.033639149464973,2.2654346691128064,0.9035496598266386,0.9971777990866875,0.09460258604214043,0.030684908969011958,0.1625182889929435,0.16138851236174048,0.01423347766104345,nan,nan,nan,0.99867214118269,0.9482649233793093,2.0,0.03576576639551832,3.5355339059327373,1.4644660940672622,4.619397662556434,3.086582838174551,1.3685491305527895,1.6396417734830269
38.5,3.964071846573317,2.2168032117426972,0.907594011242105,0.9990161974822002,0.11056838561827635,4.055864075706191,2.2992396204562424,0.9114955518829637,0.9976378956467806,0.10139845857358377,0.030381586871427495,0.16395640195026404,0.16293985623561688,0.013879018496624002,nan,nan,nan,0.998866233047608,0.9511727898183752,2.0,0.03083492415381922,3.5355339059327373,1.4644660940672622,4.619397662556434,3.086582838174551,1.3685491305527895,1.6357364516942872
38.552,4.001504927206311,2.263485049666573,0.9148482361176452,0.9937122352431003,0.1391108024901941,4.1662525965200565,2.3693754602193384,0.9182840228540945,0.9953902009485519,0.14598229061752993,0.030403447220556927,0.15786275133484637,0.15715595819426673,0.0141757193425164,4.809042343908553,2.4946947393127936,2.090347886937303,0.9648334613523893,1.17748279931978,3.0,0.399102405113674,4.619397662556434,3.086582838174551,5.0,4.999999999999998,0.9073153609323246,1.8241583363839067
38.6,4.026082503053777,2.2945228905239,0.9212156129388963,0.9868622573658945,0.17118622979566886,4.194006271161031,2.3973844772473503,0.9182746641210819,0.9871729052291363,0.17628529360149595,0.030880193217578934,0.1593254960267963,0.15873777788406357,0.013828179608051657,nan,nan,nan,0.9538276232729096,1.223348384354179,3.0,0.3045177923382033,4.619397662556434,3.086582838174551,5.0,4.999999999999998,0.8257375508747078,1.8241448028809382
38.650000000000006,4.062311584845131,2.3408996301810316,0.9329715143242896,0.9764562617362416,0.21184036971539646,4.229672947547749,2.4443972909189045,0.9292486489193612,0.976652485294639,0.2116773293388293,0.030879932423426612,0.16152744204408429,0.16112523867944026,0.014129919868275175,nan,nan,nan,0.9505724002523503,1.2339968038023768,3.0,0.28276168492458487,4.619397662556434,3.086582838174551,5.0,4.999999999999998,0.8205733229131313,1.8267115070758195
38.703,4.097789533597145,2.387176437320907,0.9467345710730999,0.9684708310440507,0.24030687494679587,4.25295515824987,2.4756991754558553,0.9378853095621283,0.9713472553118575,0.23207669714401968,0.03088082615573031,0.16298130197654281,0.1627096515819905,0.014329230913761018,nan,nan,nan,0.950167930896512,1.2549074888225444,3.0,0.24022392386379282,4.619397662556434,3.086582838174551,5.0,4.999999999999998,0.8619058546016723,1.8273110346677046
38.75,4.121033596609805,2.4180514134235715,0.9566987263040269,0.9643341475921433,0.25390835462168837,4.193307282645743,2.41685514648764,0.9532349288266992,0.9567403815255145,0.2706792871946317,0.030878075630494304,0.15713008666297068,0.15709891666550888,0.014155827317160325,3.3543885921084597,1.4382179794494125,6.761664363828147,0.950167930896512,1.2549074888225444,3.0,0.24022392386379282,4.619397662556434,3.086582838174551,5.0,4.999999999999998,0.8619058546016723,1.8273110346677046
38.800000000000004,4.1439685421632575,2.4490091674724668,0.9670619043657168,0.9625301390128114,0.2604593642174643,4.215385168773759,2.4481256186886613,0.9631101774398019,0.9575983221934136,0.23027256534914242,0.03087182248177459,0.15860569509805583,0.15871932158932306,0.014354518790253852,nan,nan,nan,0.9614511702355452,1.231799378888814,3.0,0.2872457817035081,4.619397662556434,3.086582838174551,5.0,4.999999999999998,1.001197299337841,1.8203472197684802
38.85,4.177863675204507,2.4957921178624756,0.9828320779417993,0.9622819401317912,0.2650114491523938,4.249602366774672,2.493984448422275,0.9774503117452662,0.958757764944746,0.2661249070639958,0.031081010115134068,0.16077509295276532,0.16112428366020026,0.014098724808907033,nan,nan,nan,0.9620667954326558,1.2394269587016864,3.0,0.27169268245802514,4.619397662556434,3.086582838174551,5.0,4.999999999999998,0.9896463311501049,1.8343786226564445
38.900000000000006,4.200103064527048,2.5272302548730408,0.9934952104502571,0.962139053006686,0.2671846573808562,4.270966899406041,2.525840927550496,0.9883197851430215,0.9594703512839711,0.27062074317887785,0.031083721435756717,0.16221951161020626,0.16273454640530727,0.014297911143992722,nan,nan,nan,0.962674752548159,1.2515297979239015,3.0,0.24707957218209997,4.619397662556434,3.086582838174551,5.0,4.999999999999998,1.0080880455746126,1.8174265784593227
38.95,4.232898052791435,2.574776118388541,1.009577633585389,0.9620671311353701,0.26847664155836626,4.279911633550569,2.541528159027009,1.003921673405407,0.9577512129451479,0.26276222536041866,0.03106474129110261,0.1562034825285307,0.1568856545537255,0.014045008186455307,4.08495452256027,2.2378428089242086,0.5211654807942693,0.963644042065922,1.2587949653407549,3.0,0.2323404438259839,4.619397662556434,3.086582838174551,5.0,4.999999999999998,1.018134041403645,1.813062987453743
39.0,4.254375189126283,2.606744135907318,1.020320981411526,0.962411752325955,0.2683559344619616,4.3004151577708285,2.573910679572652,1.0146767606427947,0.9595304478350498,0.27514226893559307,0.03106907485520159,0.15766775178860903,0.15852999906147586,0.014244711869542492,nan,nan,nan,0.966980645501899,1.2616140662125541,3.0,0.22662800728020527,4.619397662556434,3.086582838174551,5.0,4.999999999999998,1.050089194522369,1.8129565926554758
39.050000000000004,4.286013423167666,2.655144710001643,1.0363597207111834,0.9635556404937086,0.26633658820064077,4.32934140665949,2.6240556144218843,1.0322384702886271,0.9618740533193654,0.25753059912692317,0.030920515658898935,0.15981698333552102,0.16097513700666563,0.013989581824993212,nan,nan,nan,0.9679775819245221,1.2684278141002026,3.0,0.21283596888952672,4.619397662556434,3.086582838174551,5.0,4.999999999999998,1.0624184501728537,1.803557795396602
39.1,4.316940782472595,2.7040879925197494,1.0522560109284946,0.9648045879114303,0.2639246732856372,4.348996376065405,2.6571496960302903,1.0432169936929974,0.963467575970331,0.2664359262795588,0.030924974209539328,0.161247330024727,0.16261115680175608,0.014189798520420398,nan,nan,nan,0.9700431808700424,1.2776263024509924,3.0,0.19424832124946126,4.619397662556434,3.086582838174551,5.0,4.999999999999998,1.0727418056893083,1.8028808228748656
39.150000000000006,4.337156949204091,2.7370186752894696,1.0627621988905105,0.9656671279618824,0.2617929521495771,4.37237112351241,2.711781498850501,1.0660070726245126,0.9656069428394358,0.23717148135122626,0.03029770125625136,0.16334103703733954,0.16504146281675203,0.013941490751551771,3.953692134835794,3.729524335581875,4.394267450189797,0.9711561529137577,1.2839807154996392,3.0,0.18142735160717624,4.619397662556434,3.086582838174551,5.0,4.999999999999998,1.0854284772082958,1.7945709016045743
39.201,4.3668750429704355,2.786871040014808,1.0783390134988504,0.9674336416680018,0.2578026498364789,4.357951732550317,2.8427820000534756,1.0763968473514804,0.9717908180893079,0.2285957281979045,0.030254762182091728,0.15666818168328206,0.15834796760521117,0.01413801002018862,nan,nan,nan,0.9750032628845086,1.2900676733257086,3.0,0.16915987938252716,4.619397662556434,3.086582838174551,5.0,4.999999999999998,1.1109845478272908,1.793429164849898
39.25,4.38629205154205,2.820426414568637,1.0885169691408656,0.9692503919320566,0.25195343555536437,4.387854525724775,2.8923345429209752,1.0886197466767327,0.9741835500932527,0.2426612713170565,0.03055475136131323,0.15879232492201256,0.1608300197076598,0.013896112040441243,nan,nan,nan,0.9812414224730969,1.2703943733691572,3.0,0.20885913575448997,4.619397662556434,3.086582838174551,5.0,4.999999999999998,1.1682889965447925,1.7674049920394999
39.301,4.405396330197021,2.8542437728803844,1.098446850241366,0.9709596676766014,0.24592655891801213,4.405847636739993,2.926916883480083,1.097799829801641,0.9757029999566453,0.2157336124234941,0.03055267081994412,0.16020641008284303,0.16248820827953747,0.014097231668678803,nan,nan,nan,0.9817181950992272,1.2801283999415336,3.0,0.1891981379107783,4.619397662556434,3.086582838174551,5.0,4.999999999999998,1.1761372217051174,1.7565341644458756
39.35,4.433457053009128,2.9054310324512533,1.1129448367478763,0.9731417086279146,0.2389850409759907,4.4315220108948585,2.979769098323269,1.1132136669229906,0.9776733910313575,0.2263466909778949,0.030473215533851173,0.16227710608801585,0.16495059738040557,0.013999387508420698,5.029650824656155,2.2881505993424347,3.043422639664487,0.9824298010409521,1.2855331160532164,3.0,0.178297439434139,4.619397662556434,3.086582838174551,5.0,4.999999999999998,1.17173911516748,1.7623520839834113
39.400000000000006,4.451766148187594,2.939849348359237,1.122402167871346,0.9745190724942885,0.23457566944790015,4.500844736795079,2.9511350239919394,1.1228966981516164,0.9768954999896396,0.23798412579659212,0.030518797630401055,0.15574219648199766,0.15828963856729195,0.014140460954344444,nan,nan,nan,0.9838972517099989,1.2929142581701123,3.0,0.1634273467925043,4.619397662556434,3.086582838174551,5.0,4.999999999999998,1.1910537882880363,1.7490782092470858
39.45,4.478624760988378,2.991880345611324,1.1363365022015506,0.9755300988048893,0.23184372263319136,4.524260671272235,3.005368663321248,1.1380027351950162,0.9779168735899877,0.21134035210433796,0.03031142465589689,0.1578449697195984,0.160799394617401,0.013884684509494538,nan,nan,nan,0.9787227254942267,1.3295517697617314,3.0,0.0898504068502074,4.619397662556434,3.086582838174551,5.0,4.999999999999998,1.1359848779160315,1.765562792109102
39.5,4.496115491131065,3.0267978379666194,1.145612665696809,0.9759172305767283,0.23172779183133824,4.540585162131797,3.040922275437718,1.146946460787149,0.9784762251696625,0.2070832843510636,0.03031225117118745,0.15924522925202506,0.162474484616586,0.014085536026095203,nan,nan,nan,0.9805148408831559,1.3357337067680926,3.0,0.0774648611489876,4.619397662556434,3.086582838174551,5.0,4.999999999999998,1.1443418178476261,1.7684624508833842
39.551,4.521737512404101,3.079516633626479,1.159496476522475,0.9766840084397794,0.23085234468759652,4.566130736254835,3.0934243046071725,1.1593730970815013,0.9793220891080477,0.22336717259771335,0.03050186642902438,0.16129504099176042,0.16496310697260613,0.013836575391150397,nan,nan,nan,0.981372093065555,1.3402650015516249,3.0,0.06839020644049089,4.619397662556434,3.086582838174551,5.0,4.999999999999998,1.151887342507648,1.7661763373202248
39.6,4.538412103298429,3.1148872375987553,1.1686991593871896,0.9772641882980899,0.22918425664654313,4.632298144410334,3.147063418675801,1.1683598641730288,0.9826302812165777,0.21625123341883917,0.03051989883677331,0.1547634176167268,0.1581753545994187,0.014033831027398145,5.09630064870263,3.253483418037363,1.0564552510859728,0.9824417885191038,1.3470421420778436,3.0,0.05357812113833445,4.619397662556434,3.086582838174551,5.0,4.999999999999998,1.1699244117240517,1.7542378086349077
39.651,4.562807744612642,3.168256296641368,1.1824142905435828,0.9772779894137589,0.22914565485939775,4.655133421238585,3.2014165905524226,1.1815773696368037,0.9820199045938816,0.19796817293521488,0.030519106157976688,0.1568746780859896,0.16071669641076264,0.014333096614721081,nan,nan,nan,0.9787465982612253,1.3748985572579449,3.0,-0.0008534267867029207,4.619397662556434,3.086582838174551,5.0,4.999999999999998,1.119076838946511,1.7656919314661872
39.702000000000005,4.586444994253216,3.221940230686278,1.1962230683688682,0.9770306259368873,0.23055518938580893,4.672805180514675,3.2359485337892613,1.187116974803704,0.9816857441842336,0.2220514117876919,0.030838438467235458,0.15823939783148977,0.16239252088286957,0.013980031909409336,nan,nan,nan,0.9801112832712863,1.3813522202837345,3.0,-0.012646152369776079,4.619397662556434,3.086582838174551,5.0,4.999999999999998,1.1281798218189072,1.7691298354115277
39.753,4.6017853865250204,3.2579071908531243,1.2054490731390763,0.9769817167986858,0.23043511065769096,4.6946100002748326,3.2906541614077685,1.2009211402008155,0.9812581015774093,0.23809527303131137,0.03084373478834466,0.16030238956505047,0.1649109763260619,0.014280034085033267,nan,nan,nan,0.980010056008074,1.3874012774954279,3.0,-0.02324150582067686,4.619397662556434,3.086582838174551,5.0,4.999999999999998,1.1371074154576122,1.7603191941026308
39.800000000000004,4.616792876771132,3.2940156234502593,1.2146413554982025,0.9771178376557327,0.22898886310380964,4.703960492033824,3.3302175660517714,1.2152676674045964,0.9813265295542762,0.211976302194033,0.030343504369179472,0.16163096919817513,0.16657087704843843,0.013933335005174427,5.261003670636835,2.8643375336282015,1.9190913538901297,0.9814176093889677,1.3940026172061806,3.0,-0.03395481357509626,4.619397662556434,3.086582838174551,5.0,4.999999999999998,1.1605505709937194,1.749318783584766
39.85,4.638688221705788,3.34845898811099,1.2282665666412056,0.9778786316282602,0.22547057535011072,4.77378141538159,3.3426033621320816,1.228904628055835,0.9806277078773781,0.23430835816196915,0.0303833532834576,0.15585265351955746,0.16055029481106242,0.01422991072936947,nan,nan,nan,0.9838330007098766,1.3953273800210755,3.0,-0.03540720090479369,4.619397662556434,3.086582838174551,5.0,4.999999999999998,1.1791732809645876,1.7497713770587988
39.900000000000006,4.652874453165428,3.38494184446265,1.23726300699026,0.9779879917080884,0.22516763645819088,4.786640443487072,3.3797056944081376,1.237508522570944,0.9803064717145837,0.18872716989207008,0.030355126407765633,0.15720686569220432,0.16223984141706857,0.013889195508553257,nan,nan,nan,0.9788078856993899,1.4351442515779276,3.0,-0.10147018584271122,4.619397662556434,3.086582838174551,5.0,4.999999999999998,1.1299262477547762,1.761198431791479
39.951,4.673520332390409,3.439888514694312,1.2508588429700906,0.977674292846818,0.22782847943805895,4.8056615114362256,3.4353582807165246,1.2511485978412296,0.9801594174453245,0.2458803897184452,0.03036627558427725,0.15925563708376275,0.16477699665522458,0.014190485857975867,nan,nan,nan,0.9795946757417072,1.4398700830349167,3.0,-0.10684382537757439,4.619397662556434,3.086582838174551,5.0,4.999999999999998,1.121089358097691,1.7771923035759536
40.002,4.693412306631439,3.4951089694052997,1.2645275064080155,0.977798936290536,0.22678546178682754,4.81726322407151,3.4729629011599354,1.260432511635302,0.9803355605411116,0.20656371261222414,0.03029522298185141,0.16057537307414055,0.1664507627169745,0.013841429507478815,4.474422207745067,2.527646220761233,nan,0.9808389560260118,1.447222815978836,3.0,-0.11464212785572009,4.619397662556434,3.086582838174551,5.0,4.999999999999998,1.158547118871502,1.750065461509565
40.053000000000004,4.706257408921532,3.5320807103941374,1.273581264338003,0.9780747015285979,0.22613493131269147,4.7968603360619255,3.432218002746007,1.2750504424021132,0.974400182720329,0.2446749813562245,0.030310329436041127,0.15493483551731038,0.1604699003909902,0.014221444360674268,nan,nan,3.6279489971216257,0.9817649914610669,1.4516951523696198,3.0,-0.11868461932427624,4.619397662556434,3.086582838174551,5.0,4.999999999999998,1.2316980049391795,1.7366352446587077
40.1,4.718774821328189,3.5691904019244873,1.2825635447417902,0.9791078830034066,0.22250793051775292,4.814010080390172,3.4664478844812363,1.2767494883473107,0.9767984101211324,0.23594132477849816,0.030943185282255127,0.15628161871474075,0.16217332996284964,0.013868330403066023,nan,nan,nan,0.9861057567779961,1.4419428506702825,3.0,-0.10662270243884761,4.619397662556434,3.086582838174551,5.0,4.999999999999998,1.2316980049391795,1.7366352446587077
40.150000000000006,4.736951456501059,3.625159486684128,1.2956762044983334,0.9809091114034499,0.21642671904688146,4.8307599560057675,3.522673533621226,1.2894223491778334,0.9794508666909676,0.19130143913459935,0.030939183195339337,0.1583214844693021,0.16472878066525665,0.014169285642939854,nan,nan,nan,0.9850114741842844,1.4501053007542966,3.0,-0.11676500058837111,4.619397662556434,3.086582838174551,5.0,4.999999999999998,1.210771897136807,1.7420862745349666
40.2,4.748664553957617,3.662651098914746,1.3042806918458136,0.9817764629311014,0.21449706892086406,4.841562474506527,3.560346318742349,1.2988979923796595,0.9808405133343608,0.22983267340863225,0.03094814260722705,0.15966728729278595,0.16642381083294594,0.0143681015516304,nan,nan,nan,0.9860358207507525,1.4567352329257046,3.0,-0.12222395204444529,4.619397662556434,3.086582838174551,5.0,4.999999999999998,1.2022340035265107,1.7511315034624448
40.25,4.765628958211028,3.7191365921178705,1.3170454197302024,0.9829589191648209,0.21072475821517295,4.817534402179277,3.6138302671847367,1.3139652387926792,0.9816943647635762,0.19785866317002754,0.03069078041862417,0.1540000583791609,0.16031455284283944,0.014107011136283334,4.447298286516342,3.5596391673355434,0.5733475255192516,0.9868603558765043,1.461184901387263,3.0,-0.12546930740074963,4.619397662556434,3.086582838174551,5.0,4.999999999999998,1.2265272778935838,1.729521866189488
40.408,4.771124090175831,3.738029397194327,1.321231762747039,0.983440363427245,0.2086052312912746,4.822524902658517,3.6328187918416406,1.3184119893601238,0.9828163384635764,0.21050146621704524,0.030694547007527346,0.15468749758723807,0.16117539498994393,0.014206875926551241,nan,nan,nan,0.992078700871582,1.4399158569361608,3.0,-0.09146872702139888,4.619397662556434,3.086582838174551,5.0,4.999999999999998,1.287984418065702,1.707549341960125
40.45,4.817144477786286,3.909699403252875,1.3559618635985784,0.9896419836365922,0.1807198579345664,4.853812923878436,3.817807608671846,1.3556458270455523,0.9909622844187137,0.17435568124066259,0.030317927251303157,0.1530557870511987,0.16008102134468358,0.014091073041944258,4.78180229241578,3.896074183713806,0.06225972178876232,0.9945355939629468,1.4493283000451662,3.0,-0.09426783066520741,4.619397662556434,3.086582838174551,5.0,4.999999999999998,1.330812326453197,1.667680187396816
40.5,4.826550890369937,3.9481932912527626,1.3630590740716522,0.9906207228063216,0.17514573880387269,4.862208249088175,3.856557957976568,1.3630351153860207,0.9920561753316216,0.17439210640966005,0.030320728194476555,0.15442521762187972,0.16180618399092392,0.014290239386571587,nan,nan,nan,0.9957601853818073,1.4477632956909352,3.0,-0.08725616186400995,4.619397662556434,3.086582838174551,5.0,4.999999999999998,1.330812326453197,1.667680187396816
40.550000000000004,4.840124050827149,4.006131534234498,1.3732800083744396,0.9919272434432767,0.1669180372726598,4.87203591342697,3.915786794250968,1.3762024193598759,0.9934433560766801,0.1638729615752348,0.030098665145367524,0.15642341638638546,0.16437705897757465,0.014029271926385443,nan,nan,nan,0.9961451269193079,1.4508685065786626,3.0,-0.08793035512982389,4.619397662556434,3.086582838174551,5.0,4.999999999999998,1.337251050288712,1.661237538738909
40.6,4.848823909155901,4.044878216643923,1.3798271748874218,0.9927258939147963,0.1615181211753644,4.8796581789658475,3.9547959082727893,1.382268589542308,0.9943044009209753,0.13931955245327993,0.030096903271715672,0.15776244380333104,0.16608505305544435,0.014229008711548917,nan,nan,nan,0.997028299646278,1.453314978065045,3.0,-0.08601421091264466,4.619397662556434,3.086582838174551,5.0,4.999999999999998,1.350660155422208,1.6508994622775268
40.650000000000006,4.861366486680524,4.103166157181461,1.389269127917143,0.9937973921452782,0.15474752068893277,4.8925330161901,4.0127319686051495,1.3903245664200101,0.9953873584314274,0.15108541424443125,0.03028202892327208,0.1597144868184281,0.16862510939928596,0.013975678101067309,4.603640334413437,3.4218181377993027,1.5499744689061532,0.9972709806364812,1.4561639415666952,3.0,-0.08587971614041959,4.619397662556434,3.086582838174551,5.0,4.999999999999998,1.3454165395255504,1.655646953636088
40.702000000000005,4.873281913500454,4.161527242426103,1.3989790375426936,0.990160098833431,0.17353708940185242,4.869771464891965,3.989856766558816,1.3965791636138258,0.9869398309745395,0.16435121418233814,0.030277242089312865,0.15348570492747063,0.16148605935629576,0.01417180586537851,nan,nan,nan,0.9781195321712327,1.6061536333377562,4.0,0.32479539901688914,5.0,4.999999999999998,4.619397662556434,6.913417161825448,1.0860655888188058,1.7833080266447263
40.75,4.880860120658192,4.200344565291039,1.4063028454576103,0.9876580177103067,0.18776983408966466,4.876780543838306,4.049257917201895,1.409876795486479,0.984538055043529,0.16202287549880576,0.02997308101297308,0.15548353358274924,0.16406112766334957,0.013925575504147556,nan,nan,nan,0.9781195321712327,1.6061536333377562,4.0,0.32479539901688914,5.0,4.999999999999998,4.619397662556434,6.913417161825448,1.0860655888188058,1.7833080266447263
40.803000000000004,4.891690982195214,4.258535676600185,1.418106639935875,0.9852774298870463,0.20222627727150697,4.883027151935551,4.088129762951831,1.417178840482823,0.9835355908383447,0.1962334876406813,0.02997750121784282,0.1568225300468563,0.16577238896116372,0.014126299597488897,nan,nan,nan,0.9791247157522732,1.6218655321516202,4.0,0.2926223057711055,5.0,4.999999999999998,4.619397662556434,6.913417161825448,1.1149856372751312,1.7720589221689784
40.853,4.898547185623654,4.297328562668244,1.426353615648063,0.984063093444216,0.2081562608756212,4.89925980947071,4.143953803370652,1.421629213042082,0.9824035148158252,0.21558524610776073,0.03069202202010188,0.15877434720944883,0.16832060815315772,0.013872625935982923,5.106674445370235,4.6370905052457205,1.0262212303304772,0.9791247157522732,1.6218655321516202,4.0,0.2926223057711055,5.0,4.999999999999998,4.619397662556434,6.913417161825448,1.1149856372751312,1.7720589221689784
40.900000000000006,4.9051033860649875,4.336126620570783,1.434803385036652,0.9828520010635377,0.21305922171130526,4.926347226289055,4.234129256323471,1.4298840080326531,0.984959255497449,0.1968613035794749,0.030692646450385778,0.15267744006074244,0.16123678479278644,0.014069818780736579,nan,nan,nan,0.9773195505955719,1.6350148055319929,4.0,0.26581082417724566,5.0,4.999999999999998,4.619397662556434,6.913417161825448,1.1041069690245233,1.7717955496080477
40.951,4.9143535817931046,4.394311241182747,1.4478691542704127,0.9803885512752135,0.22173324575994452,4.933290368462749,4.29297413606872,1.445297795044725,0.9823639801953823,0.24369353657672155,0.03059345282341731,0.1546764152067061,0.16382225194015143,0.013823112098861489,nan,nan,nan,0.9743714791242504,1.656770523387403,4.0,0.2216515263231502,5.0,4.999999999999998,4.619397662556434,6.913417161825448,1.0606178346959911,1.7837883378966608
41.0,4.922880211424227,4.4524615480914935,1.4613885778500573,0.9783676635988335,0.22678389136484353,4.938127843569865,4.331957218691822,1.4537080230285566,0.98112159523546,0.22037966197609396,0.030589923707576475,0.15601603786992418,0.1655402504010697,0.014024780993612455,nan,nan,nan,0.9757848273916847,1.6658132717541556,4.0,0.20336172814094344,5.0,4.999999999999998,4.619397662556434,6.913417161825448,1.0982186665677849,1.7648102674347002
41.050000000000004,4.928154027590588,4.491233851375031,1.4705183587462805,0.9774626312089667,0.229146515379892,4.9451830835719885,4.390287969800255,1.4679757460718283,0.9797277097038187,0.2552313487001351,0.03064144054737283,0.15796841364236205,0.1681001080690428,0.013783613276396845,nan,nan,nan,0.9762842095008644,1.671928680498751,4.0,0.1910119816194442,5.0,4.999999999999998,4.619397662556434,6.913417161825448,1.0960515809541742,1.774409823783882
41.101,4.935435862838752,4.549426133364643,1.4843177634389149,0.9767006470900641,0.22990491828546328,4.976418308613647,4.400756743454941,1.4762554740490959,0.9775950038094301,0.2129475447100176,0.03065214705680926,0.1518658938833382,0.1609120245374196,0.013981581953675272,5.259295932109807,4.118864842501833,0.6609468692418659,0.9773953084209206,1.6810033062718481,4.0,0.1727125410584628,5.0,4.999999999999998,4.619397662556434,6.913417161825448,1.1242073488570532,1.7591049504970049
41.153000000000006,4.939863256755336,4.5882505260977515,1.4935658921033834,0.9762048323224594,0.23230523948080511,4.981715709763329,4.4591652841851435,1.4897624705617591,0.9772057905928198,0.24588094586109915,0.0306591327943228,0.15390108658102447,0.16350928839401901,0.014281884428916466,nan,nan,nan,0.9756816011537375,1.6972423838516333,4.0,0.14003513568411494,5.0,4.999999999999998,4.619397662556434,6.913417161825448,1.0917316100047492,1.7843343036443464
41.202000000000005,4.945852837404698,4.646527208362234,1.5075868844786817,0.9757419278402374,0.23386285055952033,4.985601225601338,4.497918163513922,1.4984223738426905,0.9771849367200949,0.2305456894951633,0.030736887267558105,0.15520659119342128,0.16523122785569017,0.014073385464599889,nan,nan,nan,0.9774549384250953,1.711167704665358,4.0,0.11207341314457263,5.0,4.999999999999998,4.619397662556434,6.913417161825448,1.118755646611401,1.7725550874832727
41.25,4.949407271877318,4.6854137430590805,1.516948958678109,0.9756685229294376,0.23415009158429637,4.98956073028164,4.556415134930876,1.5127780567077356,0.9772854874605242,0.24105964932728982,0.03074146089695137,0.1571982364245453,0.16780426588157507,0.014317708809306409,nan,nan,nan,0.9774549384250953,1.711167704665358,4.0,0.11207341314457263,5.0,4.999999999999998,4.619397662556434,6.913417161825448,1.118755646611401,1.7725550874832727
41.300000000000004,4.952607468101126,4.724332373628444,1.5263064253508645,0.9757882616238229,0.2334964779956449,4.998421408473546,4.593837705695565,1.5143694213815593,0.9776600426243537,0.20709723799725543,0.031349330549696304,0.15847371361478052,0.16950684645518468,0.013966280924529643,5.198490251336481,4.5883805362993675,0.14563649991010558,0.9788535267100423,1.7187946838515005,4.0,0.09677779624574291,5.0,4.999999999999998,4.619397662556434,6.913417161825448,1.1384759076041742,1.7636780695736367
41.351,4.95673746546419,4.782771293027247,1.5403141223483205,0.9758382620617946,0.23421160671148472,5.016878136461913,4.6532591251610125,1.5309396927192687,0.9777979483739895,0.21456144765850443,0.031081400613395226,0.15305948927798818,0.1631221851022555,0.013725230965198069,nan,nan,nan,0.9775267201104045,1.72677451891725,4.0,0.08078659211957656,5.0,4.999999999999998,4.619397662556434,6.913417161825448,1.1094937202535204,1.781031222462789
41.401,4.960056191932397,4.841256945277488,1.5544237722900272,0.9757664857831412,0.23554341865669343,5.018352053367136,4.692343572989259,1.540031340011435,0.97787412441984,0.22588112181336728,0.03108457354658892,0.15440311728215902,0.16485085186629916,0.01401341388412206,nan,nan,nan,0.9778919159668777,1.7416054419841531,4.0,0.05109196112601032,5.0,4.999999999999998,4.619397662556434,6.913417161825448,1.1163284195861105,1.77667650925396
41.456,4.961816193938234,4.880272880107327,1.563840343604749,0.9758959914301915,0.2351177631763392,5.019883786566345,4.750999178769789,1.5540402083502007,0.9781542504424005,0.22460901196774838,0.031087123721122364,0.15639977244508396,0.1674302998772553,0.014446694011077604,nan,nan,nan,0.9788350491837043,1.746138274735474,4.0,0.042021367608195276,5.0,4.999999999999998,4.619397662556434,6.913417161825448,1.131335990740392,1.7689518974618141
41.501000000000005,4.963774596047431,4.938839122185689,1.5779010311313064,0.9763230498966905,0.2334126129573178,5.017443891671402,4.790724237574492,1.5652736107127707,0.9786503722358908,0.19825300315630473,0.0308079223305749,0.1576786026291183,0.16913788465036475,0.014169080987361452,nan,nan,nan,0.9803499251687164,1.752608929118717,4.0,0.029075925213131522,5.0,4.999999999999998,4.619397662556434,6.913417161825448,1.1477668448076126,1.7637857975389628
41.550000000000004,4.9646250435013854,4.977919115875438,1.5872013535628693,0.9769163988343077,0.23191128554106366,5.031821597734788,4.82517448570596,1.5800555555393956,0.9780330726029564,0.24449031692953566,0.030828528541734828,0.1522974603913104,0.16266888578873706,0.01440515176105751,5.183159111114731,4.571428664165716,0.3052989641590037,0.9820017173450517,1.7552869417499972,4.0,0.023718963697503516,5.0,4.999999999999998,4.619397662556434,6.913417161825448,1.1559421082604568,1.7673796988470925
41.6,4.965111296455535,5.017032290851438,1.596421490474243,0.9776392090680203,0.22912179570400354,5.032798319611817,4.86405328420476,1.5877910998204303,0.9790598148050779,0.23199705309621274,0.03096693784545983,0.1536112449975703,0.16439808708705578,0.01402894191224362,nan,nan,nan,0.9828179530129223,1.7656975630453742,4.0,0.0028966112230664233,5.0,4.999999999999998,4.619397662556434,6.913417161825448,1.1852758177578928,1.7466095867322
41.651,4.965160383422914,5.0757617305618625,1.6099983548379608,0.9787268038713648,0.2243974985879275,5.031535282288129,4.92281066398743,1.6013105566907697,0.980418551869242,0.2121858658534323,0.030967119016033065,0.15561530969059684,0.16698014536885325,0.01432363087077918,nan,nan,nan,0.983451456609759,1.769968970412128,4.0,-0.005646220535702386,5.0,4.999999999999998,4.619397662556434,6.913417161825448,1.186557041274939,1.747493010573062
41.702000000000005,4.964398095762224,5.13455162511157,1.6233271460387337,0.9798724636070798,0.22048826442399067,5.030255025590659,4.962016260293701,1.6100820462419847,0.9814030212045033,0.21292552213561658,0.030969392254116133,0.15693977897657077,0.16869084091125416,0.01459670367394514,nan,nan,nan,0.984939883245012,1.77508092522739,4.0,-0.015870448262654248,5.0,4.999999999999998,4.619397662556434,6.913417161825448,1.1952254065179388,1.7467878194450532
41.75,4.96344318379516,5.173776350036887,1.6320762330020853,0.9806856309064301,0.21757243942173504,5.044177352637936,4.8919953133736875,1.6296146749308766,0.9742939300763247,0.18851993518979565,0.03036903546196441,0.15163290738718438,0.16229331187366175,0.014389805513790812,5.32019538369717,3.7191678817294287,6.056967749345862,0.9858829717644383,1.7783102776799335,4.0,-0.022263423746862847,5.0,4.999999999999998,4.619397662556434,6.913417161825448,1.2062146068871606,1.7405588834925139
41.800000000000004,4.96213472227089,5.2130336251436935,1.6406942425555993,0.9821210149237825,0.21378476213253106,5.041804615590096,4.930924523496761,1.6391803989278166,0.9773264326103686,0.23465141376571444,0.030379825104597958,0.15298975158177455,0.16402496362523564,0.014585101020217314,nan,nan,nan,0.9889704894871846,1.7782743222802564,4.0,-0.02225782810129259,5.0,4.999999999999998,4.619397662556434,6.913417161825448,1.249108229426159,1.7442712233224618
41.851,4.959511896519813,5.2720222426688155,1.6532630815904437,0.9846115523546451,0.20564796801670124,5.035409081576745,4.989736184538333,1.6544063950241714,0.9811681454886203,0.19841366853313722,0.030185803407744644,0.15496590254168366,0.16660814681679648,0.014295614106893582,nan,nan,nan,0.9899734867179182,1.7809076961383559,4.0,-0.027525394669247645,5.0,4.999999999999998,4.619397662556434,6.913417161825448,1.277717638405788,1.7151783990248342
41.902,4.95611245658426,5.331105797032366,1.6653116344241676,0.9867387154588249,0.19751198556273541,5.032051253683443,5.028861406511263,1.6629349107479134,0.9833969297359489,0.20538706312471522,0.030189976653259173,0.15629696814387395,0.16831965546581917,0.01457419817492245,nan,nan,nan,0.9916435976637166,1.7837746027403103,4.0,-0.03272633493953822,5.0,4.999999999999998,4.619397662556434,6.913417161825448,1.2829102338159615,1.712283922137868
41.953,4.95342450622896,5.3705334894060845,1.6730797036357454,0.9879670743705098,0.19213770142324665,4.98910342096533,5.10551508592523,1.6736071354740405,0.9876622208608875,0.18355409186672128,0.030269077491195426,0.15097254513824607,0.1618322580674517,0.014284469174757865,4.600166622149809,5.249394646952719,0.7899303768586837,0.9923927721291623,1.7863601307845876,4.0,-0.03706597892131191,5.0,4.999999999999998,4.619397662556434,6.913417161825448,1.2944805311782828,1.7004465407885334
42.0,4.948777777364077,5.429718714737626,1.6842916955459153,0.989791687197936,0.18251732393835574,4.984984340165152,5.144822461845835,1.6814698396974475,0.9893109033706335,0.20466255372833148,0.03027531857596385,0.152337913867096,0.16356104913526479,0.014480479539957427,nan,nan,nan,0.9951131349524936,1.772509617588911,4.0,-0.00989776776675834,5.0,4.999999999999998,4.619397662556434,6.913417161825448,1.3271672485501123,1.6770314214013466
42.050000000000004,4.9452809993187135,5.46920080126966,1.6914072069532946,0.9909072189930608,0.17504720236312976,4.972719975712276,5.204220896529241,1.699352686284528,0.9913945359781168,0.19167448005026344,0.02977769698470428,0.15432794145287992,0.16613894232911036,0.014193554201664493,nan,nan,nan,0.9956632033084764,1.7746356591376378,4.0,-0.013526322575111696,5.0,4.999999999999998,4.619397662556434,6.913417161825448,1.3440966108200856,1.6598640261579911
42.1,4.93945881283911,5.5284498701389655,1.7015150309345675,0.9925268632514921,0.16348147950859224,4.967558469895325,5.243553519700576,1.706321524917957,0.9927238997682531,0.15418254600018405,0.029774984802821914,0.1556681547816261,0.16784582888882027,0.014390451655293408,nan,nan,nan,0.9971669884210173,1.7746434592858191,4.0,-0.013085674195870079,5.0,4.999999999999998,4.619397662556434,6.913417161825448,1.3687371720062809,1.6412699069699441
42.151,4.935205588261356,5.567961379086136,1.7078992628859175,0.9934804583939384,0.15742586983677603,4.954818543678495,5.302791399558661,1.7213603737672365,0.9943923765788633,0.1510470509607338,0.029386803493172933,0.15761966439164193,0.1703856757713259,0.014115057214828544,6.093795326850179,6.279589992889567,8.127290664079904,0.9975491385338792,1.7763481375913257,4.0,-0.015696759386123457,5.0,4.999999999999998,4.619397662556434,6.913417161825448,1.3612898053808369,1.6480236066007947
42.2,4.930666228442133,5.6074763457830095,1.7140515467559,0.9943640263246779,0.1512085328107815,5.053076802559284,5.445566202207227,1.7268528997592976,1.0012138365274543,0.1523698374025415,0.02944202924437241,0.15170115766702305,0.16299752335637313,0.01430866947209969,nan,nan,nan,0.9985012497591136,1.7761166476719616,4.0,-0.014758364336299637,5.0,4.999999999999998,4.619397662556434,6.913417161825448,1.3843458065629093,1.6277769875084969
42.25,4.923341843986159,5.666713882150632,1.7230251634677491,0.9939805523308702,0.15238619992464184,5.0405047347453875,5.504944057421851,1.7395215511771447,0.9994806163121243,0.1630097769579317,0.029164504952741067,0.1537078260433529,0.16556319071730213,0.014043680064448458,nan,nan,nan,0.9914026995753557,1.8580752124547437,4.0,-0.13898260054912565,5.0,4.999999999999998,4.619397662556434,6.913417161825448,1.2313758611941366,1.7031469293584418
42.300000000000004,4.91813366325079,5.706119310003387,1.7292443383747964,0.9931528029135809,0.15669400161927552,5.03372880361954,5.544332009580253,1.7460193872243934,0.998260500809892,0.15755049944961663,0.029164681463057576,0.15505855710880476,0.16726185057861737,0.014377844843463852,nan,nan,nan,0.9925919477927562,1.8613182412699207,4.0,-0.13823614638747297,5.0,4.999999999999998,4.619397662556434,6.913417161825448,1.2569358430628246,1.6919180917748073
42.35,4.9098443416945585,5.765118719867151,1.7387761667990964,0.9924445058636204,0.16005632431706776,5.025853409651759,5.603232907516377,1.7527979541341703,0.9968745497052723,0.14965687393125512,0.029410597403527,0.15702627456183546,0.1697902367763834,0.01404237853597555,5.899120833898461,4.952976021215559,4.296457493374218,0.9929695665645745,1.8646674950638107,4.0,-0.13927462114835382,5.0,4.999999999999998,4.619397662556434,6.913417161825448,1.26267792818081,1.6925818521393685
42.401,4.904000973843056,5.804388002081914,1.7452231459807641,0.9921691638204215,0.16180621029455539,5.096546299872783,5.575649929763667,1.7585505604338953,0.9912078156601882,0.16264215027331339,0.029451186464347773,0.1511962787487604,0.16248708490042785,0.014236530145869088,nan,nan,nan,0.992950156379768,1.8716099283668493,4.0,-0.1430415458127759,5.0,4.999999999999998,4.619397662556434,6.913417161825448,1.2611781277689187,1.6978885513219515
42.45,4.894759580281982,5.863191567396066,1.7551137805585146,0.9913899352235568,0.1684442915563481,5.091141710996685,5.634144417641202,1.760843582867432,0.990759664209324,0.16645645353781544,0.029994668984100234,0.15321675636009716,0.16504585228599442,0.013967133378546074,nan,nan,nan,0.9880338975945847,1.9134056117024616,4.0,-0.2069949199587772,5.0,4.999999999999998,4.619397662556434,6.913417161825448,1.2011568280388711,1.735608261625919
42.5,4.884948229947796,5.921835167149689,1.7655392119133675,0.9901598840740183,0.17744058307400476,5.083598234948183,5.6730422859250975,1.7685348275767652,0.9900905061819358,0.20967974028490038,0.03000202701451493,0.15457569580955785,0.16674179998134506,0.014166067008386043,nan,nan,nan,0.9867057251902579,1.9240847294893473,4.0,-0.2131058872186663,5.0,4.999999999999998,4.619397662556434,6.913417161825448,1.185395145534101,1.741953422569594
42.551,4.878088282449477,5.96083751737164,1.7727256604903479,0.9894943990676233,0.1805418873312967,5.070370363872597,5.731181705931917,1.780509560528655,0.9893780777435738,0.16321694924945476,0.029875853863454795,0.15655689747339663,0.16926753754848928,0.013905583895348874,nan,nan,nan,0.9871686519298756,1.9289024236465993,4.0,-0.21329595459646736,5.0,4.999999999999998,4.619397662556434,6.913417161825448,1.2097650894548875,1.7231240854364698
42.6,4.870967523884241,5.999771749248781,1.7800113508521578,0.9890584388194487,0.18323152092034162,5.041038940107334,5.907290411038059,1.7873891893811535,0.9987619240071905,0.1821970299740495,0.02987384272075592,0.15068121566204953,0.16189440971982405,0.014101088300473907,4.830970670020707,7.0735955843274105,6.477439764071694,0.9880567462128022,1.9352164016608886,4.0,-0.21166469152542272,5.0,4.999999999999998,4.619397662556434,6.913417161825448,1.204237089765819,1.737784053762956
42.650000000000006,4.859787753583152,6.058026709759317,1.7912123236350839,0.9873183641905579,0.1899432325220916,5.027961393975043,5.965714387623839,1.7981330751967226,0.995295783942344,0.1773774384315407,0.029873526887536493,0.1527561564286089,0.1644475971409422,0.014531979902048062,nan,nan,nan,0.983799356223594,1.967636670484111,4.0,-0.21725396683218318,5.0,4.999999999999998,4.619397662556434,6.913417161825448,1.1421585881004683,1.737143407430101
42.7,4.848015470296179,6.1160259517313245,1.8028639648395057,0.9852255541412009,0.19692003893830168,5.016696376235135,6.004322323219147,1.8083339435446977,0.9931163697025368,0.21462230267950677,0.02967697594312396,0.1540872603679164,0.16613886288693222,0.014106241011209442,nan,nan,nan,0.9838978302896895,1.977830429333793,4.0,-0.21582565448742097,5.0,4.999999999999998,4.619397662556434,6.913417161825448,1.1463609184632406,1.7435510301292187
42.751000000000005,4.839832681150134,6.154506356354018,1.8110247788450735,0.9814583455856385,0.20971454814785057,5.002467710143573,6.06208814987657,1.8202525737248052,0.9867793086982285,0.2011278836554005,0.02967369478461087,0.1561264140678803,0.1686576200567778,0.014402485579595038,nan,nan,nan,0.9652572769484383,2.0727040784017166,5.0,0.1747242238906906,4.619397662556434,6.913417161825448,3.5355339059327378,8.535533905932738,0.9632079006940155,1.7846204631214668
42.801,4.827078234426054,6.211810176847973,1.8243006028896183,0.9759162420415441,0.22863608703985244,4.9916160762026305,6.100188046136909,1.8295152366745822,0.9826389751427221,0.19584747523395193,0.029581828007966833,0.15743246515595674,0.17032317135544287,0.014039751243279353,5.3046042138973775,5.253089519742028,2.9273611891103926,0.965740519874594,2.082766976591946,5.0,0.15446195359278986,4.619397662556434,6.913417161825448,3.5355339059327378,8.535533905932738,0.9832752614511007,1.798113881410212
42.85,4.818230397898782,6.249778050904184,1.8336906908065602,0.9732707887294243,0.23807197575709246,5.005058039132789,6.06842735170426,1.8426552682935375,0.9722762030787214,0.22828826648605918,0.029595106930479433,0.15225580812214687,0.16376958509925166,0.01433291308565293,nan,nan,nan,0.9665720924047381,2.0888058970927563,5.0,0.14231758921513515,4.619397662556434,6.913417161825448,3.5355339059327378,8.535533905932738,0.9832752614511007,1.8044692625184622
42.900000000000006,4.804391508879725,6.306467358522926,1.8482463128489033,0.9716856076621896,0.24454094679124944,4.994928969854388,6.105904863073122,1.8515772655140665,0.9719707992304338,0.2429398821108319,0.02963419207989726,0.1535999370482928,0.16545671785991836,0.013978664313387722,nan,nan,nan,0.9706365402703951,2.0855885834819095,5.0,0.14878630191582232,4.619397662556434,6.913417161825448,3.5355339059327378,8.535533905932738,1.052293341546163,1.7984626739224319
42.95,4.794757820541015,6.344130351763698,1.8580788326929103,0.9712294282378405,0.24637065867080682,4.9784923682768545,6.161851623439332,1.8660463638509668,0.9717337427339714,0.22998714786484928,0.029633960694304087,0.1556575762147864,0.16797184656687228,0.014411844112895197,nan,nan,nan,0.9712952594939088,2.0917569004095133,5.0,0.1363869254975265,4.619397662556434,6.913417161825448,3.5355339059327378,8.535533905932738,1.065322351768763,1.7915093507664377
43.001000000000005,4.779670862844769,6.400438412323435,1.8729190348830267,0.9709775816273524,0.24792214051107303,4.9622087804564865,6.217676119337515,1.8798067310172648,0.9720293004934903,0.24115450567980937,0.02972171499763574,0.15765573302833535,0.17046433791146653,0.014223873527734784,nan,nan,nan,0.9733159940299463,2.1064155418408927,5.0,0.10696061459162876,4.619397662556434,6.913417161825448,3.5355339059327378,8.535533905932738,1.0876600311969153,1.7853289580229807
43.050000000000004,4.76917733275463,6.4378564276866195,1.882835808788968,0.9709909118917709,0.2478186259381685,5.076092910834344,6.354119325222831,1.888640282686608,0.9762262599578418,0.23634456016657882,0.029794133646482483,0.1517639847931107,0.16303577575531294,0.014362551867074691,6.365194159017735,7.1855302523879425,10.530099263082745,0.9536393772816817,2.1943307676429535,5.0,-0.06899899161737322,4.619397662556434,6.913417161825448,3.5355339059327378,8.535533905932738,0.8882294670556332,1.8162252737914066
43.102000000000004,4.752799497189717,6.493673814871725,1.8980713843838328,0.9665125705732137,0.2608612408409744,5.062273257344113,6.39091619472434,1.900931806260405,0.9717528408496356,0.2693872689634539,0.02965479234524346,0.15312513932634503,0.16471896407508227,0.013991008422589527,nan,nan,nan,0.9536393772816817,2.1943307676429535,5.0,-0.06899899161737322,4.619397662556434,6.913417161825448,3.5355339059327378,8.535533905932738,0.8882294670556332,1.8162252737914066
43.150000000000006,4.7414855708360975,6.530583748213553,1.9087080713106739,0.9634883513754549,0.26820726789729255,5.04312182984891,6.445868860594758,1.9161225245819706,0.9668303505250496,0.2448230589954353,0.029650814442233286,0.15520671676969872,0.1672274817001508,0.014288169060245525,nan,nan,nan,0.9559640048503837,2.198801038611881,5.0,-0.07795161505104076,4.619397662556434,6.913417161825448,3.5355339059327378,8.535533905932738,0.9285822090488105,1.8066800909324747
43.201,4.72387741326252,6.585575415050262,1.9250700204238245,0.9607457297063746,0.2754407520663889,5.031931620371648,6.4825362497365395,1.9256629300038561,0.9651006600361555,0.2967333180685961,0.029841889210978644,0.1565459731313283,0.16888639876453557,0.013922917016171937,nan,nan,nan,0.9582529244921707,2.2060908778293693,5.0,-0.09255785043924025,4.619397662556434,6.913417161825448,3.5355339059327378,8.535533905932738,0.9467364715655636,1.8207830841114108
43.25,4.711690838136511,6.622019120275566,1.9361331282028547,0.9596316299261783,0.27680108470748793,4.981900869049713,6.6112613665621796,1.942781947067684,0.9684821120992814,0.2693028310217648,0.029833630905069613,0.15141141650206297,0.16239098640110042,0.014435954385150142,4.710134886025053,7.215558689689525,2.1916995115530846,0.959394641743595,2.211611080549744,5.0,-0.10362484123331744,4.619397662556434,6.913417161825448,3.5355339059327378,8.535533905932738,0.9804556103344927,1.80091340751728
43.300000000000004,4.699135386992309,6.658295066047605,1.9472316261739337,0.958598832323801,0.27795549417092874,4.967730386960027,6.647297141156819,1.952890035581343,0.966753630067388,0.24327604410182238,0.029829922655240048,0.15282824775898388,0.16406917521875503,0.014577218832511495,nan,nan,nan,0.9600165894055736,2.22651680238003,5.0,-0.13354163497875876,4.619397662556434,6.913417161825448,3.5355339059327378,8.535533905932738,0.969957210855587,1.8057195119752139
43.351000000000006,4.679600127443399,6.712392372290135,1.963982977417408,0.9575770519098231,0.27999578983276957,4.945633823598637,6.700918425635567,1.9703250418074045,0.9650018038484546,0.2650427553672494,0.029821137478193937,0.15490080148625682,0.16656708113559232,0.014290841824579988,nan,nan,nan,0.9616812820470557,2.230616413532157,5.0,-0.1417797134180933,4.619397662556434,6.913417161825448,3.5355339059327378,8.535533905932738,0.9775535480659636,1.816111846636948
43.400000000000006,4.666095965627494,6.748263450737055,1.9751874240322471,0.9575888844086604,0.27957072374741443,4.930503937917627,6.736428019872107,1.9822927172667466,0.9649073510714566,0.2624076829248154,0.029823654715690477,0.1562994866811376,0.16821952824536449,0.014486640100624594,nan,nan,nan,0.9648381624053544,2.236294404541961,5.0,-0.1531974819594486,4.619397662556434,6.913417161825448,3.5355339059327378,8.535533905932738,1.0189149557995132,1.8047888397093825
43.453,4.6450953142876905,6.801815901585657,1.9918684110575284,0.9583891437327126,0.276602765190471,4.842222155903501,6.741118077938924,2.001194655886928,0.9637703170881228,0.26773118178399014,0.029707196602015273,0.15107124193306473,0.1616629999784785,0.014207901856365949,4.195724512887333,6.291846605765278,2.708709606948522,0.9793866129209065,2.2045888425377953,5.0,-0.08954755291089699,4.619397662556434,6.913417161825448,3.5355339059327378,8.535533905932738,1.173525801657262,1.7695234161826723
43.5,4.630585794307319,6.837378537357528,2.0027870757090414,0.9605749852245037,0.2691951687488583,4.826025404881847,6.776135268326945,2.012592802829432,0.9668284297129333,0.26388297678910555,0.029711482414092966,0.15250902033463684,0.16332981303167998,0.014404562389094032,nan,nan,nan,0.9810508969957268,2.207576145761946,5.0,-0.09553495524192553,4.619397662556434,6.913417161825448,3.5355339059327378,8.535533905932738,1.1869624710587678,1.7608061184250254
43.550000000000004,4.608007403318874,6.890621979364414,2.018445917743229,0.964923060906011,0.2553923025410548,4.801106296570457,6.828565910835777,2.028139901469352,0.9708472649350873,0.25142736934119997,0.029733609138580343,0.15461686177858164,0.1658091023298248,0.014127237387638086,nan,nan,nan,0.9810508969957268,2.207576145761946,5.0,-0.09553495524192553,4.619397662556434,6.913417161825448,3.5355339059327378,8.535533905932738,1.1869624710587678,1.7608061184250254
43.6,4.592423073065841,6.926035595964361,2.0284618609148835,0.9675398209220086,0.24732767369630135,4.7838517740980375,6.863384533474761,2.03795372115907,0.9732951325201232,0.21624964547396167,0.029731106967381137,0.1560382506715261,0.16744900317195419,0.01432472727794903,nan,nan,nan,0.9831872401900283,2.2117704199574564,5.0,-0.10394437819132843,4.619397662556434,6.913417161825448,3.5355339059327378,8.535533905932738,1.20175868445933,1.751508344450683
43.650000000000006,4.568274234626123,6.97900947274697,2.042951036540899,0.9710753221920789,0.23777385651368238,4.759246332453003,6.915998781820971,2.05070831514137,0.9765065277054403,0.230455773585625,0.02991734963031581,0.1581197240904697,0.1698832179081818,0.014057598232018185,3.8199139064781096,6.44114939722326,4.027667754164493,0.9844978878812636,2.2142621503482562,5.0,-0.10894195737368244,4.619397662556434,6.913417161825448,3.5355339059327378,8.535533905932738,1.2004792337199417,1.7564048049083305
43.701,4.54323221722262,7.031781778848648,2.056922069608387,0.9741534770864908,0.22902464665656766,4.657122529406701,6.904229752983528,2.060821524784764,0.9780187228867815,0.23111471674896789,0.02987376320001275,0.15221179457603054,0.1624971733315166,0.014251783853004102,nan,nan,nan,0.9859335466638575,2.2186342221179363,5.0,-0.1177141905624075,4.619397662556434,6.913417161825448,3.5355339059327378,8.535533905932738,1.2198542357392133,1.7392673378004115
43.75,4.526051356660359,7.0668651597471435,2.065798233010351,0.9771906352963716,0.21672215611105689,4.6345760855601865,6.957543255292452,2.067936442465017,0.9819726113257612,0.17770466005308144,0.030382818436636108,0.15435247037846112,0.16495498454443006,0.013993911942774214,nan,nan,nan,0.9937020946693483,2.1731115693766223,5.0,-0.02626282954300471,4.619397662556434,6.913417161825448,3.5355339059327378,8.535533905932738,1.3326113886282236,1.6845897490046247
43.801,4.499556906610509,7.119367716518572,2.0782653154379473,0.9811177878981796,0.20250697212483604,4.615762087531978,6.992051122386705,2.075824859846536,0.9843955852844407,0.17893986541487333,0.03038573014238815,0.1557933056453258,0.16658162222798317,0.014192845898833016,nan,nan,nan,0.993821327621668,2.1791573537003694,5.0,-0.0371355415200025,4.619397662556434,6.913417161825448,3.5355339059327378,8.535533905932738,1.3076918954236398,1.6991909010872317
43.85,4.481439863236315,7.1542655867600775,2.086150794867389,0.9832575246876069,0.19344847176821636,4.5966236220917445,7.026487185834927,2.084361164706202,0.9864877993622669,0.1839424471004215,0.030389968387483438,0.15722804756757403,0.1681961126281539,0.014390368947340927,4.7982313845447395,7.770953347915568,nan,0.9947957236018038,2.1825481815596413,5.0,-0.042323486952919036,4.619397662556434,6.913417161825448,3.5355339059327378,8.535533905932738,1.3364299484399398,1.6681330804534
43.900000000000006,4.462979888324964,7.1890710729568275,2.0936862360090402,0.9851411494092908,0.18561444816680886,4.588469772963526,7.153483605347832,2.0906410194890084,0.9928789486374647,0.18385169955404287,0.03086978611484793,0.15203873563299125,0.16172885322842606,0.014122229187612943,nan,nan,2.04982027040149,0.9950764166044387,2.1836348166747546,5.0,-0.04388241699074058,4.619397662556434,6.913417161825448,3.5355339059327378,8.535533905932738,1.326788849085089,1.6774558473104095
43.95,4.43468693111184,7.241075041180311,2.1046052761301577,0.986618103428303,0.18113721943292715,4.559815198660345,7.2054907364703595,2.1006818994552052,0.9931118044261025,0.19049382193828035,0.030986692316601488,0.15420533785275195,0.1641677652139549,0.013940984262924743,nan,nan,nan,0.9914047131392487,2.221847942484986,5.0,-0.10765816959876681,4.619397662556434,6.913417161825448,3.5355339059327378,8.535533905932738,1.254591887147154,1.7011312964918521
44.0,4.415461445415968,7.275569649716275,2.111837664393503,0.9869927450294916,0.1802313192987088,4.539670611992497,7.239727097710189,2.1078719004936763,0.9929678432691676,0.16460100260457547,0.03098446648239105,0.15566165878197066,0.16578194484290798,0.014140192225083243,nan,nan,nan,0.992026811105913,2.2270449222879036,5.0,-0.11272637576862976,4.619397662556434,6.913417161825448,3.5355339059327378,8.535533905932738,1.2666162624813853,1.693310273428856
44.052,4.3861011086303066,7.327051541400558,2.122591240550215,0.9876547367922759,0.17853627346464668,4.510973195059619,7.291541615104721,2.116157327557838,0.9929009765427691,0.16114836540769753,0.031174667934730498,0.15779771788987998,0.16817606735890916,0.013882979313530849,nan,nan,nan,0.9925453365251989,2.230051636393843,5.0,-0.11499746729367442,4.619397662556434,6.913417161825448,3.5355339059327378,8.535533905932738,1.2648055461570296,1.699663951773869
44.1,4.366187232783041,7.361202535651945,2.129711145255588,0.9881234155120341,0.1775191450105793,4.4092951767641715,7.364850095566441,2.123646149308448,0.9981722448768104,0.14576344304711525,0.031144202296217033,0.15183370482963182,0.16087420357138782,0.014078801595448413,3.6297780144136893,7.657595931864092,3.184433695100994,0.9928538449642038,2.2357790860121085,5.0,-0.11992304066508888,4.619397662556434,6.913417161825448,3.5355339059327378,8.535533905932738,1.268590108527549,1.6985366915642024
44.150000000000006,4.3358185231379816,7.412179324849995,2.140222308997367,0.9889796113055184,0.17215426143595605,4.37769069138116,7.415709352479059,2.1333730716879824,0.99767071895541,0.1570666505353118,0.031148496504141455,0.154055813658028,0.16329730942291634,0.014455700287030008,nan,nan,nan,0.9961020644676046,2.211969085002591,5.0,-0.07610886778571227,4.619397662556434,6.913417161825448,3.5355339059327378,8.535533905932738,1.3143827210954377,1.662740773740174
44.2,4.304863748268186,7.462869466319563,2.150276740752408,0.9899856996779992,0.16414409373923572,4.358067680055128,7.450128189536589,2.1386759924442575,0.9975310920669446,0.14934760173836345,0.031319983337500246,0.15549348999209475,0.16489437638304316,0.014086505764131235,nan,nan,nan,0.9966209420734577,2.215603998334627,5.0,-0.07808658779142522,4.619397662556434,6.913417161825448,3.5355339059327378,8.535533905932738,1.330839796676484,1.651879256188169
44.25,4.283910376852161,7.496505864016716,2.156728405248844,0.990628540988402,0.15962974451335885,4.325720986625213,7.500481240552811,2.1485660448751798,0.9973866484210822,0.1620524328875376,0.031325046874799374,0.15768586486632305,0.16727570855746257,0.014383107855883894,nan,nan,nan,0.9972432962421314,2.2228354364041842,5.0,-0.08197209513716666,4.619397662556434,6.913417161825448,3.5355339059327378,8.535533905932738,1.3476650893086637,1.640831317585647
44.301,4.262711344942707,7.5300174422574875,2.1630012288744167,0.9912757112138714,0.15487562567200422,4.301928409582155,7.5330247841077425,2.157341246574525,0.9974239492116473,0.18111026278615536,0.03114329324469868,0.15910316168941627,0.16884129053958827,0.014022785511951187,4.547544984881487,7.91171335595114,0.7374464992280637,0.9972432962421314,2.2228354364041842,5.0,-0.08197209513716666,4.619397662556434,6.913417161825448,3.5355339059327378,8.535533905932738,1.3476650893086637,1.640831317585647
44.35,4.2304661129793,7.580056303018706,2.172024223361206,0.9922595118245937,0.1466908130535876,4.289484188015178,7.620490784566255,2.1652921832435696,0.9988113403193666,0.13475319271726194,0.03115590555651471,0.15383565932585183,0.16235398263396644,0.014451409431168074,nan,nan,nan,0.997812433463212,2.2234980992345506,5.0,-0.08026951440359348,4.619397662556434,6.913417161825448,3.5355339059327378,8.535533905932738,1.3696845254080872,1.6232668731592397
44.400000000000006,4.20868312115113,7.613260770348516,2.1778242716017564,0.9925535349221691,0.14529939935489614,4.262986690728717,7.651693628882201,2.1747830497851686,0.9982092586269199,0.1337195150904891,0.03074377286838846,0.15529038179795135,0.16393758885658155,0.014034454324825283,nan,nan,nan,0.9955212503897819,2.2599716087651522,5.0,-0.1185160285779207,4.619397662556434,6.913417161825448,3.5355339059327378,8.535533905932738,1.2970450406353735,1.6732807630263116
44.451,4.1756104923533135,7.662811243065546,2.1865954259247724,0.9927573334943294,0.1461258345200835,4.228828885786499,7.700874682825307,2.1829663302235005,0.9976761592066601,0.10198397650232738,0.030740047326512636,0.15750542076071203,0.16630150797720203,0.014331504923981825,nan,nan,nan,0.9964187058502035,2.2594404039239713,5.0,-0.11381953626964336,4.619397662556434,6.913417161825448,3.5355339059327378,8.535533905932738,1.3161056236894892,1.6631020740335059
44.5,4.15330016799055,7.695682364683295,2.192436876350093,0.9930406284416098,0.14608267364730324,4.203364025380032,7.732304093127528,2.192002123771508,0.9975433377991989,0.15160260295985978,0.030502983796586752,0.15893965886314176,0.16785547139621235,0.013964130282528115,nan,nan,nan,0.9967235461602302,2.2639384809458294,5.0,-0.11274188903655291,4.619397662556434,6.913417161825448,3.5355339059327378,8.535533905932738,1.3109323179052477,1.6722615888703722
44.550000000000004,4.119446405860151,7.744752861130345,2.2011464852239446,0.9935842824916851,0.14335466300034533,4.174252363387942,7.828536561185613,2.2018851368934858,0.9998536646091666,0.15290451073658684,0.03052080861415158,0.15358797153304019,0.16135611719062296,0.014258122662645464,4.281446012346478,8.21904742420123,0.8260345458671768,0.9973796348916666,2.2644108289693383,5.0,-0.10902987623232258,4.619397662556434,6.913417161825448,3.5355339059327378,8.535533905932738,1.3464405624027944,1.6423845956283971
44.601000000000006,4.085201947004163,7.793421867720285,2.2103287489071515,0.9888678363504761,0.16634436053291132,4.144470584704619,7.857630555503322,2.214633591250335,0.9944266941716305,0.139859785744953,0.02987215954578501,0.15505990637539252,0.16292771368661071,0.013899692962161711,nan,nan,nan,0.9725877002724533,2.436569871776167,6.0,0.23299384589351185,3.5355339059327378,8.535533905932738,1.9134171618254514,9.619397662556432,1.0009769710490386,1.782707567107812
44.650000000000006,4.062238959620292,7.825528202669463,2.2174509996633307,0.9853595467770313,0.1843644899033317,4.108579850646532,7.905139563080533,2.223871463113684,0.9886092395560407,0.15883968735123255,0.029871234566044683,0.15729990951799366,0.16527416838425976,0.014279787664003316,nan,nan,nan,0.974635637246253,2.4403427807965015,6.0,0.2253489434406662,3.5355339059327378,8.535533905932738,1.9134171618254514,9.619397662556432,1.024951742907076,1.7901914829496133
44.7,4.0391398504109075,7.857391531597124,2.2251870800853837,0.9826731056171385,0.1982290491396616,4.084513504042274,7.936480543949107,2.2307422872080487,0.9857892566741602,0.17255512880788804,0.02987150640013543,0.15878535343286046,0.16682461364065793,0.01447638522211296,nan,nan,nan,0.9745390978967289,2.450011617219958,6.0,0.20578647081346024,3.5355339059327378,8.535533905932738,1.9134171618254514,9.619397662556432,1.0398904343312407,1.7912391467690767
44.75,4.004185097659166,7.904756476283844,2.23764083884993,0.9796069922557267,0.2133119032175274,4.0110082415858,8.043878092907232,2.2443085440193933,0.9869260325000676,0.21698233513060544,0.02973967548069939,0.15344943774979888,0.1604536514525036,0.014199875416887315,3.719745867901229,8.541819315945329,1.6932181529682562,0.9746710038718062,2.456293392838638,6.0,0.19309794339234349,3.5355339059327378,8.535533905932738,1.9134171618254514,9.619397662556432,1.0507331260394506,1.7893423398849082
44.801,3.9688204983986233,7.951598613289445,2.2508274932032357,0.9765316491196915,0.22388916789728303,3.9754826230741585,8.09080092363698,2.2556849853497294,0.9826201473327205,0.21085090122173702,0.029905259322477444,0.15569839922175316,0.1627955551908633,0.013935364116222914,nan,nan,nan,0.9730384004741545,2.4862654893608966,6.0,0.13275152594203432,3.5355339059327378,8.535533905932738,1.9134171618254514,9.619397662556432,1.060012247105249,1.7713823659626118
44.85,3.9450021882033477,7.982524785920554,2.2599017044457645,0.9749089085198813,0.22837794446303672,3.950579749404638,8.121181774021066,2.2641555977510164,0.9805506389864272,0.2347674639365094,0.029908986495120547,0.15720857879883574,0.1643486580166565,0.014134820149650196,nan,nan,nan,0.9730384004741545,2.4862654893608966,6.0,0.13275152594203432,3.5355339059327378,8.535533905932738,1.9134171618254514,9.619397662556432,1.060012247105249,1.7713823659626118
44.903000000000006,3.908865551385248,8.028475086920672,2.273784515204153,0.9732215981673923,0.23329231137030745,3.9254541141707437,8.15127902102353,2.273246708383609,0.9790427817073348,0.22668193108800563,0.02990858304119995,0.15871342005320133,0.165890218339892,0.014332841548108452,nan,nan,nan,0.9741410784965233,2.5011552153006678,6.0,0.10286819923097715,3.5355339059327378,8.535533905932738,1.9134171618254514,9.619397662556432,1.0759323435176693,1.7783123193984411
44.95,3.8844797295787408,8.058820913538081,2.283178882638245,0.9725433504140033,0.23573368162388272,3.814693482183157,8.143225456827276,2.289804838098619,0.9778602702254449,0.23401269587295112,0.029701299129841433,0.15328740802512622,0.15950206644109638,0.014074485810600796,3.1018167254812585,7.622097772513952,3.442706591422718,0.9741410784965233,2.5011552153006678,6.0,0.10286819923097715,3.5355339059327378,8.535533905932738,1.9134171618254514,9.619397662556432,1.0759323435176693,1.7783123193984411
45.0,3.8598332799143336,8.088956203127426,2.292563855949557,0.973281846112758,0.2324389001173403,3.788853105413042,8.172605618459892,2.298899103948121,0.9790750523882349,0.21255231719362253,0.029700413431721265,0.15482849128489345,0.16106091851115387,0.014273143965942241,nan,nan,nan,0.98430635786963,2.467201924820578,6.0,0.17109980325363247,3.5355339059327378,8.535533905932738,1.9134171618254514,9.619397662556432,1.196805423212657,1.7417865266801729
45.050000000000004,3.822298496381579,8.13382973990063,2.306233922339039,0.9753780845537972,0.22506904347446252,3.752121093465854,8.21790991792734,2.3097781562406556,0.9806832094312329,0.21663459231382529,0.029982548631068622,0.1571018685713099,0.16336855331504171,0.01401341195181761,nan,nan,nan,0.9850203046302818,2.472203714562636,6.0,0.161027235795062,3.5355339059327378,8.535533905932738,1.9134171618254514,9.619397662556432,1.1955203318766172,1.745392309965265
45.1,3.796901537599668,8.1635139299634,2.315142347993201,0.9765660970914378,0.22130801410085282,3.7256366659346405,8.246858501730038,2.318872033631836,0.981570487238692,0.2321835439216525,0.029987621330755672,0.15862888069271427,0.16489891811503268,0.014212699295665435,nan,nan,nan,0.9854139599777609,2.4807848073019336,6.0,0.1437652999180027,3.5355339059327378,8.535533905932738,1.9134171618254514,9.619397662556432,1.199869197133798,1.7395814764665716
45.150000000000006,3.758259920255594,8.207676349551107,2.3282258286313757,0.9781944283060249,0.21543732588649975,3.6855794658419168,8.290002442254083,2.332596568975311,0.9828401556875064,0.21651329091484542,0.030013212875087136,0.16087978097886754,0.16715885270413455,0.014098653132973827,3.6420639901712297,8.303291994504487,0.007471570142080633,0.9865741234767174,2.487703712827449,6.0,0.12986267991270734,3.5355339059327378,8.535533905932738,1.9134171618254514,9.619397662556432,1.2181380204970789,1.7268926000194207
45.201,3.718974829392971,8.251394329861238,2.3409632709350747,0.9797251265167188,0.2101881533057775,3.654206680560699,8.320001921964796,2.34192190504333,0.9839404456919162,0.22688736178441057,0.030016883835799313,0.15467543338609877,0.16004908466116066,0.014238229221916967,nan,nan,nan,0.9872869291918205,2.4922217520254604,6.0,0.12079110423066791,3.5355339059327378,8.535533905932738,1.9134171618254514,9.619397662556432,1.2213244272837778,1.7269893437023494
45.251000000000005,3.692435447817132,8.280289127195186,2.349279449677072,0.9807063022110404,0.20639820901328437,3.6188261360806946,8.366243644790389,2.3471999625131605,0.9850714820145593,0.21802556602777806,0.030671719858470975,0.1569795909744139,0.16233993224950805,0.014078083421165701,nan,nan,nan,0.9881586732439196,2.4959658619838136,6.0,0.113277234095484,3.5355339059327378,8.535533905932738,1.9134171618254514,9.619397662556432,1.221917955293248,1.7219074693915633
45.302,3.652120898523815,8.323245543142761,2.361523802553446,0.9817794590731612,0.20276354619701625,3.5772269902863014,8.408248908113512,2.3592178276836275,0.9857295545769947,0.1880631875279428,0.03066984449468111,0.1592964896533496,0.16461479017843914,0.014374714159745757,nan,nan,nan,0.9881732235098079,2.5093051801947497,6.0,0.08653163488008817,3.5355339059327378,8.535533905932738,1.9134171618254514,9.619397662556432,1.2203968629527138,1.7273763988539597
45.35,3.6249200870478373,8.351619577670098,2.369601685911072,0.9824329917166098,0.2014385014559517,3.5454498155679492,8.433317307813013,2.3727106356300824,0.9861966711587583,0.1880040286525394,0.03026268711977615,0.16080695959705132,0.16610183302471818,0.014002164460053874,3.650492485337269,8.532129871509202,0.07569359321398948,0.9881732235098079,2.5093051801947497,6.0,0.08653163488008817,3.5355339059327378,8.535533905932738,1.9134171618254514,9.619397662556432,1.2203968629527138,1.7273763988539597
45.400000000000006,3.5974630096502898,8.3797850464129,2.377612039119861,0.9832395566482957,0.19912979270088954,3.52627562078429,8.469867616173856,2.3812444312703853,0.9869755871343032,0.2269748242645838,0.030277876194955203,0.15462886900444614,0.15913335889654773,0.014197015895483273,nan,nan,nan,0.9902001110585136,2.512824426578148,6.0,0.07948101098285681,3.5355339059327378,8.535533905932738,1.9134171618254514,9.619397662556432,1.2460732121605684,1.7160113620827337
45.45,3.55579893067348,8.421649733012204,2.3893974336538575,0.9844166137110578,0.19410146365142023,3.484174262442696,8.511252686432647,2.391852010124662,0.9878746339613452,0.1873718650736301,0.030389981053912156,0.1569652340884542,0.161403001913984,0.013933005115604486,nan,nan,nan,0.990057584184422,2.5223751147433844,6.0,0.05974315212444937,3.5355339059327378,8.535533905932738,1.9134171618254514,9.619397662556432,1.2584775738935396,1.7002897649008697
45.5,3.527715146599411,8.449299997975958,2.3970888425297,0.9851143122552903,0.1913396632053779,3.455206105513422,8.538135404634284,2.4000439426664038,0.9884503537438303,0.215797326973933,0.03039671740041268,0.1585310651407093,0.16290920457375438,0.01413258263535624,nan,nan,nan,0.9908550810732897,2.527195212942092,6.0,0.048722985265540086,3.5355339059327378,8.535533905932738,1.9134171618254514,9.619397662556432,1.2532183176031446,1.7093504339965295
45.551,3.485139029059676,8.490387649689326,2.408428501519759,0.9861740063865347,0.18671001916607927,3.414666146287613,8.580639356516905,2.407141660157439,0.9892890218336188,0.18320836257545645,0.03077634269639081,0.16084353780945543,0.1651309993674864,0.013876705034963282,nan,nan,nan,0.9915685905628621,2.529992272855022,6.0,0.04246466768013121,3.5355339059327378,8.535533905932738,1.9134171618254514,9.619397662556432,1.2620865659715756,1.6919438136211498
45.602000000000004,3.4420394671581533,8.531010278792046,2.419499221011548,0.9870601541461529,0.18334575964377275,3.401137535692083,8.557990994325747,2.415326781165832,0.9866322831685008,0.1906713258581825,0.030770078077737514,0.15454297595435262,0.15815699549445603,0.014072802775957093,3.534128906160477,8.107552594101039,0.9141618865840727,0.9916701658076563,2.536303762225988,6.0,0.029646717880650368,3.5355339059327378,8.535533905932738,1.9134171618254514,9.619397662556432,1.2620865659715756,1.7030061821168567
45.651,3.413020292578956,8.557839529757118,2.426738473200942,0.9880894907480379,0.17895280287967008,3.3566993714928723,8.59714912202596,2.426761934752297,0.9885274577963229,0.17052963400634166,0.030770762319265208,0.15692729411109804,0.16042341303375998,0.014370434804406949,nan,nan,nan,0.9943264394837154,2.521900075469799,6.0,0.05599423615200967,3.5355339059327378,8.535533905932738,1.9134171618254514,9.619397662556432,1.3137203226925918,1.6809031449179468
45.7,3.3690514326994405,8.597727954864212,2.4372256297885033,0.989729283870782,0.17190818363243865,3.3303129902403503,8.625922011128868,2.428817743099698,0.9898624431527797,0.15839513042774414,0.03118724945048037,0.15848511964378134,0.16190561413818763,0.014012177820403865,nan,nan,nan,0.9951460068953661,2.525330946823646,6.0,0.04812396413373837,3.5355339059327378,8.535533905932738,1.9134171618254514,9.619397662556432,1.3182624126932563,1.6775457417022306
45.75,3.3394591988711455,8.624079348755354,2.444023717686893,0.9905446227642338,0.16889540952341556,3.2852359489171485,8.664642991132453,2.4394053633237416,0.9914038708434485,0.1913381796783564,0.03119532440015081,0.16084424638903788,0.1641288691372421,0.01431073462308396,nan,nan,nan,0.9948767266916524,2.530086237211017,6.0,0.03885966916752799,3.5355339059327378,8.535533905932738,1.9134171618254514,9.619397662556432,1.306407833121126,1.683497211112888
45.801,3.2946764730984377,8.663241597366671,2.4539583305914956,0.9916084467577557,0.16269726736754891,3.251532996435976,8.687329191895206,2.4508323227919266,0.9922516879546548,0.15898072471259372,0.030804939033300987,0.162385502379673,0.165577199932392,0.013959725113020823,3.8227738173333337,8.927899399960951,1.3968106908537115,0.9955696328438878,2.5335716246423967,6.0,0.0317078132877376,3.5355339059327378,8.535533905932738,1.9134171618254514,9.619397662556432,1.338569090590577,1.6602236495703426
45.85,3.2645667907451963,8.689110304418378,2.4603577040161273,0.9923581551465821,0.15835329447524546,3.258462602241979,8.744994420579438,2.4609586364240856,0.9918544271737565,0.17027206877855305,0.030836673923447397,0.15680888615751046,0.15939432627803318,0.01425497784229775,nan,nan,nan,0.9966110227457647,2.533183924846814,6.0,0.03156928389832772,3.5355339059327378,8.535533905932738,1.9134171618254514,9.619397662556432,1.338569090590577,1.658439316985164
45.902,3.219040545625512,8.727551261761146,2.4697609743950455,0.992956324030167,0.15634978019605242,3.234042716845472,8.775643542844206,2.4573584590639834,0.9924348875957079,0.15277249450160382,0.031625958505740806,0.15838169475938366,0.16086694561665937,0.013910706200084264,nan,nan,nan,0.9945766992562122,2.5651527809561174,6.0,-0.02022748415146383,3.5355339059327378,8.535533905932738,1.9134171618254514,9.619397662556432,1.3028663955405704,1.679231174113823
45.951,3.188469012591372,8.752927973485823,2.4760514930616098,0.9929755027316276,0.15803016108855109,3.1877909350706624,8.813166522381227,2.4650614992158237,0.9928621826736072,0.1274835839581361,0.03162234740688702,0.16075958379236172,0.163078298128261,0.014347058971146003,nan,nan,nan,0.9933144160403838,2.5730567457829303,6.0,-0.032144336538313945,3.5355339059327378,8.535533905932738,1.9134171618254514,9.619397662556432,1.272727802106218,1.6976046666617757
46.001000000000005,3.1423010492303587,8.790611731824558,2.4856414733430614,0.9929616908461956,0.16106715958958479,3.140605378906582,8.849755209392347,2.476041862644937,0.9931399828596733,0.19007135084670457,0.03155916359830542,0.16309864085463296,0.16524459365927055,0.0140293766114823,nan,nan,nan,0.993684111208091,2.5775119186968256,6.0,-0.03764744060819464,3.5355339059327378,8.535533905932738,1.9134171618254514,9.619397662556432,1.286301939494046,1.7037020097079378
46.050000000000004,3.1113164767763646,8.815483100523512,2.492096443422808,0.9930460793128336,0.16127889883814636,3.1140764261110854,8.807452533213027,2.4818685963873692,0.9904691031627468,0.13823999497960693,0.03152921052273527,0.15662660265744296,0.15834899767241842,0.014224426004795803,3.14064908700964,8.172039640419541,1.6563830652435896,0.9941846751325342,2.579961262582425,6.0,-0.04025188416959549,3.5355339059327378,8.535533905932738,1.9134171618254514,9.619397662556432,1.286301939494046,1.689213363860087
46.102000000000004,3.064513731951148,8.85243504882724,2.501574082018554,0.9941693877218902,0.15416581870359936,3.0853184902679245,8.834167885008071,2.4843488023999223,0.9919973134784005,0.15800347860300848,0.03186975120388062,0.15821226977965022,0.15981381194443148,0.013870499629103037,nan,nan,nan,0.9978806665087282,2.546985145902443,6.0,0.008057154669787181,3.5355339059327378,8.535533905932738,1.9134171618254514,9.619397662556432,1.364195003596526,1.6489526561580614
46.150000000000006,3.033081282379267,8.876846165680513,2.507600266817083,0.9949478667395812,0.1485689179086902,3.0380504641190136,8.870402351553519,2.493958843656948,0.9938013587859182,0.15823880725264333,0.03187307218577619,0.16060702351656497,0.16201560226447798,0.014170792509909397,nan,nan,nan,0.99776274935056,2.5512529930395096,6.0,0.0018212045877835092,3.5355339059327378,8.535533905932738,1.9134171618254514,9.619397662556432,1.3667996008657881,1.6411093899021432
46.2,3.0014747482082433,8.901075376462588,2.5134121749592184,0.9955773379326704,0.14320532267858072,3.0061857049713905,8.894226797334763,2.5002138724048564,0.9947333239249269,0.1487586465845202,0.0318588199854228,0.16217499402141267,0.16344989172709662,0.013820481927945103,nan,nan,nan,0.9981945784852027,2.5540581786666814,6.0,-0.0020459449608225544,3.5355339059327378,8.535533905932738,1.9134171618254514,9.619397662556432,1.3762303490965768,1.6299373083236623
46.251000000000005,2.953755234503513,8.937079227230015,2.5217433587414324,0.9963581493541023,0.135876298257584,2.8967933388300318,8.87376070021648,2.509611037441914,0.9967839873434692,0.13806655484472213,0.03181952419241569,0.15666017586920858,0.15755399795970174,0.014198565175534599,2.316423014567515,8.265048708949056,3.1761327878327736,0.9984604853274087,2.55570999573635,6.0,-0.0041521359931182555,3.5355339059327378,8.535533905932738,1.9134171618254514,9.619397662556432,1.3791010716006415,1.6265825243275065
46.300000000000004,2.9217454996647807,8.960859589409818,2.526993085975343,0.9968682214873436,0.12631444965370556,2.8645848501367026,8.897274587018805,2.5146338244603506,0.9974608322256037,0.10642801330793451,0.03181831485030727,0.15827858689457563,0.15903079601206796,0.01447994293573122,nan,nan,nan,0.9998593292041417,2.492837600463913,6.0,0.07363994419088787,3.5355339059327378,8.535533905932738,1.9134171618254514,9.619397662556432,1.4859063561623351,1.5249650669827743
46.351000000000006,2.873452546246652,8.996215765108957,2.533868934720589,0.9975867009582284,0.10709998844795199,2.8113472943594306,8.92741549089749,2.528912998492366,0.9982440635279477,0.10174727806541638,0.031221942069963822,0.16067645715292234,0.16120109858249257,0.014207256217317681,nan,nan,nan,0.999749084895093,2.4922317888977434,6.0,0.07198293941619466,3.5355339059327378,8.535533905932738,1.9134171618254514,9.619397662556432,1.4804068525298,1.5276665804702247
46.400000000000006,2.824856470526063,9.031207309858768,2.5396963737150124,0.9979836275031386,0.08953046367048469,2.7786595882507923,8.950351795088677,2.5326477767591093,0.9984661730082467,0.09041021198611884,0.031222922926410893,0.16227822850426243,0.16264664671320456,0.014404679881453436,nan,nan,nan,0.9990364783911091,2.4850113726081027,6.0,0.07649889502230917,3.5355339059327378,8.535533905932738,1.9134171618254514,9.619397662556432,1.5094368775223943,1.4930653837729546
46.45,2.7923130159745955,9.054343227659682,2.5429998308793333,0.9981047008645927,0.07855653538040072,2.783078751789925,9.027314579878242,2.538179507574432,0.997382788949116,0.07339942714921266,0.031243189581590683,0.15647753932654856,0.15657703180365823,0.01413456576639215,3.3349674050716196,9.45733069540819,2.1170644511779955,0.9987865338043197,2.4833788881613894,6.0,0.07558837156846182,3.5355339059327378,8.535533905932738,1.9134171618254514,9.619397662556432,1.5094368775223943,1.4879785822701135
46.502,2.7432926254369034,9.088784800961232,2.547525360873211,0.998614213314587,0.0756369950250657,2.7502066128366884,9.04993148353518,2.541653891898208,0.9979719923516648,0.08662267671724866,0.03124582901055853,0.15810493702559972,0.1580464670271491,0.014414408754496427,nan,nan,nan,0.9999838920233466,2.543855425103436,6.0,0.009140999020570306,3.5355339059327378,8.535533905932738,1.9134171618254514,9.619397662556432,1.4266650391108184,1.5837065492835256
46.550000000000004,2.7104789039504302,9.11158622471015,2.550544185004598,0.9989524914347543,0.07513826210001318,2.703368269360363,9.086612402743945,2.542578142144806,0.9986846327856548,0.07455270545486889,0.03160528255972073,0.16051482038814618,0.16020987372128337,0.014136485962526068,nan,nan,nan,0.9999971320041279,2.54404888552787,6.0,0.008598512803553837,3.5355339059327378,8.535533905932738,1.9134171618254514,9.619397662556432,1.4360835328782706,1.572727621634818
46.6,2.6611812179456664,9.145468728240354,2.555994526310649,0.9942286968463445,0.1109358561192308,2.670400902425691,9.109088725898348,2.5463213829624394,0.9941512866753051,0.13043104810420408,0.03160828508964441,0.16212279753500752,0.16165280653194472,0.014331543642961367,nan,nan,nan,0.9757905371143036,2.7630675136742338,7.0,0.36843612449391394,1.9134171618254514,9.619397662556432,2.8327694488239896e-15,10.0,1.005611007627273,1.8074369578516611
46.650000000000006,2.6283692979082782,9.167773825694976,2.5611357261932244,0.9903919553717125,0.13806648466790145,2.6211299704100885,9.142470046048599,2.5530784478971853,0.9885429384369318,0.15982578367962774,0.031617989912654895,0.16450129133645036,0.16377286491280732,0.01413611684915199,2.3810485092320395,9.166534576661906,0.20981877785944256,0.9749485538607144,2.7706280764977747,7.0,0.35282329181779915,1.9134171618254514,9.619397662556432,2.8327694488239896e-15,10.0,1.0252298563694042,1.7938050984920468
46.702000000000005,2.5791770474416214,9.2008221844538,2.570537505966832,0.9857400290582812,0.16854268757453575,2.564580844618242,9.168406406319727,2.55833707790402,0.987020016250396,0.153246294920541,0.03160779018743232,0.1578507130273021,0.15706052242271715,0.014329469639778384,nan,nan,nan,0.9739424005381414,2.7818646314110005,7.0,0.3296956663669634,1.9134171618254514,9.619397662556432,2.8327694488239896e-15,10.0,1.0294326984163824,1.7928407583854404
46.751000000000005,2.546363337857865,9.222576674802657,2.5776918969400575,0.9831264457677085,0.1847019445572368,2.5178486822755106,9.204046059771287,2.5631630634184566,0.9830897029936876,0.1708233001734651,0.03198935130898523,0.1602724860465052,0.15922044006880787,0.01406191153461035,nan,nan,nan,0.9735413397458681,2.788884978936839,7.0,0.3152898531462677,1.9134171618254514,9.619397662556432,2.8327694488239896e-15,10.0,1.0294326984163824,1.798479365578407
46.801,2.4970657064645305,9.254767563311232,2.5894852575485015,0.9796598568495508,0.20438933845975887,2.484905975071468,9.225476196971336,2.570242588402814,0.9807969405758348,0.1883265139208641,0.03199022823432332,0.16188944083700088,0.16066090716227163,0.014260217021946608,nan,nan,nan,0.9717283903550047,2.8015150601063694,7.0,0.2894519982422596,1.9134171618254514,9.619397662556432,2.8327694488239896e-15,10.0,1.023216219750029,1.8016135696749953
46.85,2.4641231484288384,9.275918637911419,2.5979168149237997,0.9777494743378702,0.2143059855439001,2.435603877773902,9.257409435174075,2.5816664233271833,0.978108780959077,0.20286953632113613,0.03202938217823971,0.16428651674503914,0.16277579247122814,0.014058952303300185,2.9057010869543696,9.748158321140055,1.6816886496137606,0.9717109511927516,2.8086684368437034,7.0,0.27486043847594943,1.9134171618254514,9.619397662556432,2.8327694488239896e-15,10.0,1.0332499512332136,1.7978662854191905
46.900000000000006,2.431094534566649,9.296812253866454,2.6066883230110487,0.9762118239801719,0.22197175777706474,2.444852371700128,9.32186242764586,2.5894778057558785,0.9760505948989333,0.19677824007264647,0.03205846121201459,0.1576805767777409,0.1562015119875383,0.014252946965976891,nan,nan,nan,0.9718899560415272,2.819333147641308,7.0,0.2531591505289449,1.9134171618254514,9.619397662556432,2.8327694488239896e-15,10.0,1.044788538869698,1.795493082755163
46.95,2.381367683766648,9.327637203327297,2.6204148635119457,0.9734189192697394,0.23455441649728243,2.3930358916184997,9.35001108817245,2.606535554680973,0.973498068530113,0.2311912999770741,0.03179307272445299,0.1601277982677395,0.15835216320701842,0.014132478747080195,nan,nan,nan,0.9680172507010926,2.860128540107096,7.0,0.1706414144537678,1.9134171618254514,9.619397662556432,2.8327694488239896e-15,10.0,1.0234945701079536,1.7993204864046626
47.003,2.331420903442956,9.357792465760472,2.6348252622901875,0.9711445903954437,0.24318874570718854,2.3595014597564026,9.369780093571224,2.615977494169453,0.9723392125013267,0.23243431177404061,0.03179387232669056,0.16176330956755808,0.1597846907765168,0.014409252740602013,nan,nan,nan,0.9680172507010926,2.860128540107096,7.0,0.1706414144537678,1.9134171618254514,9.619397662556432,2.8327694488239896e-15,10.0,1.0234945701079536,1.7993204864046626
47.051,2.297964609808713,9.377518185375806,2.6446476993188788,0.970140069876028,0.2468408276617033,2.309923645187289,9.400099802095063,2.6277873839473713,0.9710977125577193,0.23173975519384582,0.031936544549925776,0.16419195793981806,0.16188569250641113,0.014069573862350552,nan,nan,nan,0.9687807991388931,2.8665089559249965,7.0,0.1577945080610418,1.9134171618254514,9.619397662556432,2.8327694488239896e-15,10.0,1.033239320042619,1.7988862558900176
47.1,2.264364952203536,9.39693403378501,2.654596086381261,0.9693920757295273,0.2497291158719897,2.319485560500955,9.424632128698946,2.6376347753073404,0.9682569683142068,0.2583706420335547,0.03195738452542436,0.15748106006452722,0.15530151658132876,0.01426286733987563,2.7413295140786094,9.49999016242368,0.7568114251611051,0.9692333480350231,2.8764868964325236,7.0,0.13772953604388835,1.9134171618254514,9.619397662556432,2.8327694488239896e-15,10.0,1.0393072060737198,1.8000139393741001
47.150000000000006,2.2136743337174085,9.425463258731007,2.669688982367028,0.9686569474550503,0.2524320708538563,2.2684686760557837,9.452420861446404,2.6522330610236216,0.9682967348580788,0.22354734955054817,0.03195339850259261,0.15997226947123327,0.1574611582550511,0.014556479074769308,nan,nan,nan,0.9690610234061773,2.8923231032495083,7.0,0.1059389324117807,1.9134171618254514,9.619397662556432,2.8327694488239896e-15,10.0,1.052512598723807,1.7941712577403814
47.202000000000005,2.162610571147222,9.453262627470732,2.6849201576750508,0.9683267369860695,0.25503549115903806,2.2164469796596986,9.478660774177516,2.6678383157711467,0.9687809829973757,0.2467552423691517,0.03186735780666451,0.16244118178896172,0.15956565720162597,0.01435455796936062,nan,nan,nan,0.9712060873476754,2.9031095415968258,7.0,0.08431704246062698,1.9134171618254514,9.619397662556432,2.8327694488239896e-15,10.0,1.0614224134398442,1.8013580337005377
47.25,2.12834965207847,9.471382797180913,2.6951457499940674,0.9683693146843847,0.25587274177544395,2.1819182963105637,9.496259281140993,2.678459572106485,0.9692067090350045,0.26789588657125557,0.03187328623160992,0.16409027076608299,0.1609693878229831,0.014549786372965827,nan,nan,nan,0.9712060873476754,2.9031095415968258,7.0,0.08431704246062698,1.9134171618254514,9.619397662556432,2.8327694488239896e-15,10.0,1.0614224134398442,1.8013580337005377
47.302,2.076615414350472,9.497937918391578,2.7104456185289223,0.9688048866391605,0.2536527159597428,2.1163997610193124,9.423982693266613,2.6931683428876694,0.967845802027462,0.2588207391019426,0.03202169644317865,0.15810389983278894,0.15507405455591092,0.014262864940245507,1.9296465644036116,8.45656553720001,4.237789819240492,0.9730699735703898,2.9110612620659957,7.0,0.06839033915654448,1.9134171618254514,9.619397662556432,2.8327694488239896e-15,10.0,1.1058352664828415,1.7795920584870544
47.352000000000004,2.041891332227357,9.515221683700135,2.7205352865564096,0.9692212115491164,0.2512947845470785,2.081463171041126,9.440685263185664,2.7025999491226393,0.9687941096648747,0.22826871460580245,0.03197073743308247,0.15978328279454826,0.15649942426993294,0.014592211145660889,nan,nan,nan,0.9737300503169303,2.916886630408334,7.0,0.056728170332528145,1.9134171618254514,9.619397662556432,2.8327694488239896e-15,10.0,1.1058352664828415,1.773164305602894
47.400000000000006,1.9894034147577537,9.540540462388629,2.735308864489693,0.9722192462881007,0.24102504326318913,2.0453297242513515,9.455636045733694,2.714582162599088,0.9720387102897368,0.2320796463765157,0.03181661941289177,0.16144750053000334,0.15788508823068603,0.014159435262362276,nan,nan,nan,0.985327123038036,2.8741161305522263,7.0,0.14249434067698186,1.9134171618254514,9.619397662556432,2.8327694488239896e-15,10.0,1.2215275832418115,1.7534611558459303
47.451,1.9540916791419864,9.557036584623846,2.744747161665865,0.9746381745430917,0.2329219794898984,1.992047173034648,9.479563227210019,2.728763841833187,0.976222329532693,0.21861568770167503,0.03181922095166645,0.16395282816140153,0.15997724198223764,0.014453842680787242,nan,nan,nan,0.98669244283781,2.8779050179006442,7.0,0.13488011899313368,1.9134171618254514,9.619397662556432,2.8327694488239896e-15,10.0,1.2362644644769314,1.7405693132803877
47.501000000000005,1.9006777813872966,9.581199062282916,2.758356362440522,0.977711581549445,0.2226859696048043,1.9553242260231638,9.493786413779558,2.7397680171259085,0.9785425878559731,0.22965567557612018,0.031678934846589915,0.16560386900911708,0.16132731925189014,0.014070956230357224,nan,nan,nan,0.9879108810770828,2.884414447694987,7.0,0.12180760167432564,1.9134171618254514,9.619397662556432,2.8327694488239896e-15,10.0,1.241246848766604,1.7333061161906635
47.551,1.8647930014690441,9.59691906150726,2.7670964968830174,0.9795148916446408,0.21589697468050914,2.0803584882721613,9.544288816562753,2.752143333975651,0.9717283328447475,0.19473711108102176,0.03173658444267969,0.1595696743461213,0.15549545263398987,0.014362601595673544,3.7594980099947706,9.924436042669207,12.646542236592495,0.9890639392685414,2.887795392774016,7.0,0.11502200120434389,1.9134171618254514,9.619397662556432,2.8327694488239896e-15,10.0,1.2584660189311383,1.7188236054145651
47.601000000000006,1.810588576161918,9.619915121192573,2.779910166446168,0.9816061406407102,0.21337163707768245,2.0423875288693556,9.55585544602885,2.764601987489251,0.9744163855742604,0.19884966687318703,0.03140116547784533,0.16125177441139737,0.1568691977138987,0.01414198954859642,nan,nan,nan,0.9851494331537224,2.924697497427306,7.0,0.04109701344438498,1.9134171618254514,9.619397662556432,2.8327694488239896e-15,10.0,1.2027082389043982,1.7645810403945463
47.655,1.7742213523265369,9.634856920346488,2.7884091167108664,0.9828776772321891,0.21168755834739325,1.9878585536626963,9.577144248910745,2.778032702050412,0.9780087303539177,0.20122552531623117,0.031405163317643474,0.1637810687933596,0.15894467391958467,0.014381907893921755,nan,nan,nan,0.9882034494466296,2.9317845598709265,7.0,0.026918731045621994,1.9134171618254514,9.619397662556432,2.8327694488239896e-15,10.0,1.23678802204059,1.737063175249148
47.7,1.7376779756138279,9.64949083090873,2.7968222432110057,0.9840265668897675,0.2091616127418754,1.9512511161096175,9.590997099590636,2.786762306803764,0.9800917676927424,0.22795912170706523,0.031411927911734285,0.1654597964333114,0.16031342034178794,0.014577068249286012,nan,nan,nan,0.9882034494466296,2.9317845598709265,7.0,0.026918731045621994,1.9134171618254514,9.619397662556432,2.8327694488239896e-15,10.0,1.23678802204059,1.737063175249148
47.75,1.6825531110018601,9.670867594127762,2.8091948169612753,0.9855307722224008,0.2035312786953618,1.837214559778109,9.610289775002293,2.7888666614633078,0.9864113407059334,0.17495545705963253,0.032246552485787526,0.159459751921772,0.15458879316637658,0.014284206306966958,1.2883102905878405,9.457927607543208,1.604160031142633,0.9896923273797361,2.9325707287371467,7.0,0.02379927222055009,1.9134171618254514,9.619397662556432,2.8327694488239896e-15,10.0,1.2349760172276953,1.7261238534015062
47.801,1.6270896849401097,9.691556536434291,2.821261837708676,0.9864589086205025,0.1998551635165921,1.8001565403137907,9.623857678857739,2.7959916035428467,0.9871321952481348,0.17466888478839426,0.03224755725914604,0.16116332414798018,0.15598426157543785,0.0145658292528623,nan,nan,nan,0.9902696573310626,2.935606528752249,7.0,0.017721732783776565,1.9134171618254514,9.619397662556432,2.8327694488239896e-15,10.0,1.242290007413541,1.7213996752110323
47.85,1.5899477040849934,9.70496715327744,2.8292068428606907,0.9869505799136797,0.19775622631474057,1.744438645473808,9.643884893553928,2.808912990476415,0.9881142168423069,0.20910968543687464,0.032277251801715444,0.16369793500470511,0.15802344489810022,0.01428094162313619,nan,nan,nan,0.9902696573310626,2.935606528752249,7.0,0.017721732783776565,1.9134171618254514,9.619397662556432,2.8327694488239896e-15,10.0,1.242290007413541,1.7213996752110323
47.900000000000006,1.5339942070315418,9.724519608718252,2.8408943397586603,0.9877706829479284,0.19205138108773817,1.7070496512508913,9.656724645135775,2.8165126757785934,0.9888430345555573,0.18668800542835526,0.03227579820409707,0.16538485830429653,0.1593871814031798,0.014476840716509771,nan,nan,nan,0.9913920668110173,2.9402165398121443,7.0,0.008949357448672573,1.9134171618254514,9.619397662556432,2.8327694488239896e-15,10.0,1.2716113602065517,1.6982342598642397
47.951,1.4965350823488115,9.737184483550305,2.84848957289529,0.9883404898165651,0.18859443916785162,1.622561631162329,9.71980628576841,2.833829653292728,0.992639889385286,0.16661506234790244,0.03173361535403917,0.1592692819059133,0.1536601999110713,0.01419930363635675,1.4493702857130655,10.184885765634597,1.1492797764164584,0.9919926378850541,2.943146567768747,7.0,0.003650549015970922,1.9134171618254514,9.619397662556432,2.8327694488239896e-15,10.0,1.236759110752225,1.7015762649930468
48.0,1.4589589559427074,9.749554940911981,2.8559788619807267,0.9886227375358512,0.18687116988849467,1.5847058044410791,9.731771085956217,2.841192384341234,0.9923183731349494,0.1878620437631565,0.0317382207266144,0.1609798743595525,0.15504888527672087,0.014396075643355256,nan,nan,nan,0.9906624499902008,2.970593083658966,7.0,-0.041736200534621334,1.9134171618254514,9.619397662556432,2.8327694488239896e-15,10.0,1.236759110752225,1.7137573519726168
48.051,1.402414739220319,9.76755654136532,2.86716070233721,0.9886486345221115,0.18540406599659046,1.5253295339815796,9.74431900359315,2.857951468431658,0.9920355410334076,0.17494224678264872,0.03124887297146005,0.16352762714910327,0.15707632868973798,0.014119877157936006,nan,nan,nan,0.9912045060845073,2.973920811549581,7.0,-0.04608579501655237,1.9134171618254514,9.619397662556432,2.8327694488239896e-15,10.0,1.2539232310046644,1.7018188776191805
48.1,1.3645981407556234,9.779195455405722,2.874523171774636,0.9889455481079802,0.18284683946222918,1.4872056751834177,9.755335728775833,2.8666198044138334,0.9923227032173925,0.1841600055258828,0.03125311934466427,0.16522274301389633,0.15843246347933554,0.014317473714222446,nan,nan,nan,0.9930975750845269,2.9755131981064498,7.0,-0.04680887221050799,1.9134171618254514,9.619397662556432,2.8327694488239896e-15,10.0,1.2794987162729596,1.6922301078712165
48.150000000000006,1.3076778011542642,9.796123864737295,2.8853197185377106,0.9896745216825874,0.1775674199859917,1.4320084509618596,9.775834921373336,2.8720174529693026,0.9928005164605024,0.16014563627031797,0.03168756511701317,0.1677421636503294,0.16041117323433962,0.014188909229046563,0.7547799206145106,9.522280145790582,1.8903356933016005,0.9937434224996126,2.978540423911027,7.0,-0.050176318218500604,1.9134171618254514,9.619397662556432,2.8327694488239896e-15,10.0,1.2938271506953762,1.6822610047662507
48.2,1.2696047465195266,9.80706017427617,2.8923538163579607,0.9900878836101207,0.17510965691541544,1.3265561586616195,9.76671306057458,2.879659597022327,0.996778472466017,0.16332021475407574,0.031667457418742925,0.16071625839066261,0.15409564165467052,0.014326166696498197,nan,nan,nan,0.9934752717283298,2.9863138745188293,7.0,-0.05951318033050246,1.9134171618254514,9.619397662556432,2.8327694488239896e-15,10.0,1.278888673163551,1.693661428795877
48.252,1.2123209766578187,9.822947389734118,2.9027047564004804,0.9907125858633032,0.1693219935867351,1.2672771808818375,9.778780704082768,2.8941687394502793,0.9967000190724847,0.166611543327929,0.031351309664960754,0.1632727615621498,0.15611729342749298,0.01405855139227454,nan,nan,nan,0.9961433220547755,2.9675135609856382,7.0,-0.029993871867001448,1.9134171618254514,9.619397662556432,2.8327694488239896e-15,10.0,1.3244838813593611,1.6573896014460348
48.300000000000004,1.1740133265542196,9.833202928359968,2.9093379650450313,0.9913241555505234,0.16335828260311114,1.228603661700262,9.788474706453416,2.9007002490864915,0.9968809796464518,0.1418482456857368,0.03134998011978245,0.1649729106086509,0.1574703772807936,0.014256576128726633,nan,nan,nan,0.9972185158313132,2.968771347559154,7.0,-0.030264884125142194,1.9134171618254514,9.619397662556432,2.8327694488239896e-15,10.0,1.3501017268753845,1.640620316539666
48.35,1.1163728000275157,9.84809571196559,2.9188305703476782,0.9922996170768335,0.1549527402514391,1.171162186234654,9.804173922913277,2.9089371465495235,0.9971604084152828,0.17474045979631442,0.03151266876735602,0.16750167829993995,0.15944415676219995,0.013984718670823383,1.6987293377355472,10.172723457100231,1.502736321105358,0.9975231793230104,2.9710968937926934,7.0,-0.0322277896478366,1.9134171618254514,9.619397662556432,2.8327694488239896e-15,10.0,1.3474670190067544,1.6451783565767708
48.401,1.05853061485306,9.862415136399669,2.9278519518016983,0.993198131888495,0.1467779248677424,1.183644115464415,9.844407244564549,2.9143615731135712,0.9946819196387471,0.13897947879363523,0.03153275976052423,0.1605207320813307,0.15326158873511853,0.014176683460645498,nan,nan,nan,0.9977575772165294,2.975918656858584,7.0,-0.03641907411986561,1.9134171618254514,9.619397662556432,2.8327694488239896e-15,10.0,1.3662788777068324,1.6274310407969623
48.451,1.0198705774435344,9.871649299659678,2.9337102311179413,0.9934837472986668,0.14701853274510954,1.1243937055433244,9.855096924305613,2.9262771916772845,0.9951208556796152,0.1421086784819606,0.031277815834075115,0.1630867325177431,0.15527974559095142,0.013987475070916858,nan,nan,nan,0.9953447728555561,3.0108897398995267,7.0,-0.07831442736997798,1.9134171618254514,9.619397662556432,2.8327694488239896e-15,10.0,1.3017542303215754,1.6801551476445336
48.501000000000005,0.9617542085199231,9.885041031215534,2.9425526550869043,0.9939149473759418,0.14705149991672967,1.0854929632321564,9.863544315328616,2.9327655414268587,0.9954189743112598,0.1596300331215992,0.031282137463870464,0.16479268995817078,0.1566310973345093,0.014186007071985734,nan,nan,nan,0.9962048689440884,3.0134268789006002,7.0,-0.07723952636114542,1.9134171618254514,9.619397662556432,2.8327694488239896e-15,10.0,1.3198754420452692,1.6676375609296479
48.553000000000004,0.9229264869947057,9.893670000878886,2.9483988129995615,0.9942313535471052,0.14542973575466991,1.0249015572818558,9.870238440559515,2.9480908412186775,0.995829914226796,0.1385404330762721,0.030767521042622734,0.16733244288483112,0.15860146193307165,0.01407473764515371,nan,nan,nan,0.9964929612304525,3.0165401267807526,7.0,-0.07793544479016465,1.9134171618254514,9.619397662556432,2.8327694488239896e-15,10.0,1.3326765738774262,1.6562963034418283
48.6,0.8840334551183496,9.902064322882316,2.954160141251973,0.9946327073840248,0.14285508033408229,1.0809449698931393,9.975021428624473,2.9533217062757693,0.9913409371262316,0.16984615866771766,0.030835196160070497,0.16024045332441963,0.15241604986458854,0.01421188258240439,1.9966358990585436,10.984356299248375,8.053045116218492,0.9977184831595933,3.0156539216961016,7.0,-0.07268014738355211,1.9134171618254514,9.619397662556432,2.8327694488239896e-15,10.0,1.3528837892387409,1.6447406842099954
48.650000000000006,0.8255956974466573,9.914212904218651,2.9628054224832403,0.9938639722071441,0.14960799842701544,1.022470961213653,9.98597614816892,2.963079857677778,0.9908925885183797,0.16656707290586573,0.030835351821811435,0.16281936595066065,0.15446614318809282,0.014506396389763799,nan,nan,nan,0.9863909161849064,3.1184886774903275,7.0,-0.18638328712754837,1.9134171618254514,9.619397662556432,2.8327694488239896e-15,10.0,1.1804796924413767,1.7401036791508773
48.7,0.7866368399544033,9.92200342366066,2.969050623392088,0.9925290133132201,0.1597197811076028,0.9796539348882204,9.982165405685562,2.9824859158900416,0.990065227235109,0.16068509827356606,0.02980872806510402,0.16452787659910575,0.155780757189717,0.01413080472311041,nan,nan,nan,0.9864515129064054,3.1278778655146904,7.0,-0.1857198016248327,1.9134171618254514,9.619397662556432,2.8327694488239896e-15,10.0,1.1805237404508189,1.741664105636863
48.75,0.7282490192384657,9.933208613813528,2.9792864023237,0.9882466164150003,0.18222846850065136,0.9210261587202188,9.991373654515195,2.9912654392850797,0.985503306293032,0.1415780684772844,0.0298022752147369,0.16708359312075993,0.1577841037574575,0.014426575289661667,nan,nan,nan,0.9685338417200805,-3.0491737386270032,8.0,0.2086129092072736,2.8327694488239896e-15,10.0,-1.913417161825446,9.619397662556434,0.9779181135155568,1.8039469928843292
48.800000000000004,0.6894583459544792,9.940330930842597,2.9870520188492318,0.9842915068119436,0.20089647012667017,0.8818513043112448,9.996524883796654,2.9999141328460137,0.9820858053953806,0.21025396899327972,0.029748707343918705,0.16877324818382516,0.15906715607456678,0.01406084027688849,-0.3012414358053739,10.133194625001378,5.088076651211073,0.9681956690626691,-3.039039020713279,8.0,0.18814388256517392,2.8327694488239896e-15,10.0,-1.913417161825446,9.619397662556434,0.9733214060212004,1.8187014927830556
48.852000000000004,0.6314338331818556,9.95047622200299,2.9998503007236073,0.9796272520865997,0.22011621741560808,0.7014432332943719,10.022758939810085,3.013792762589782,0.9854626902425722,0.24346040398122348,0.029745718547493277,0.1624784754926064,0.15360943528178153,0.014353567771640057,nan,nan,nan,0.9687817664810376,-3.0327436144574693,8.0,0.17544899774835487,2.8327694488239896e-15,10.0,-1.913417161825446,9.619397662556434,0.9779562203841756,1.7840388488955439
48.902,0.573565396401735,9.959938536220568,3.0135403787336044,0.974801170878829,0.2336418049686278,0.6635447655069855,10.031472677870438,3.017627836309077,0.9813002515125153,0.2131770225467738,0.03009768498509423,0.16419419786366346,0.15492455901027577,0.013996769335978296,nan,nan,nan,0.9645798595676434,-3.002442227357689,8.0,0.11452315309611777,2.8327694488239896e-15,10.0,-1.913417161825446,9.619397662556434,0.9779562203841756,1.7840388488955439
48.95,0.5350836044811615,9.965842995569762,3.0231072693912218,0.971789792868017,0.24251471223907856,0.6051979745132275,10.038493211792087,3.030472657791166,0.9760723082229592,0.22563814336894444,0.030098288333097474,0.16676060554161456,0.1569281660699523,0.014294701972395199,nan,nan,nan,0.9634869209960415,-2.9944948615608458,8.0,0.09858322278467546,2.8327694488239896e-15,10.0,-1.913417161825446,9.619397662556434,0.9611796188299425,1.803825828721512
49.001000000000005,0.4774564848273304,9.974067992178066,3.0380289765406454,0.9684846512838152,0.25235882547112054,0.5683885133940944,10.049592838439956,3.0326964952679365,0.9737236076151361,0.22712572838847514,0.0307303562054296,0.1684592069479239,0.15821180349132216,0.013931998944941388,nan,nan,nan,0.9644786410267162,-2.985378893628764,8.0,0.08031469221017068,2.8327694488239896e-15,10.0,-1.913417161825446,9.619397662556434,0.9832048628659069,1.8046956154497207
49.18,0.458261885501252,9.97663586567607,3.0431188511464655,0.9675273520251979,0.2552419645827574,0.5490299365382844,10.051711598976738,3.037546323593854,0.9725562611122379,0.24155214434280944,0.03073280814561136,0.16930695987326053,0.15886815538947877,0.014029197481248508,0.8178549394629859,9.602305010562116,0.9890469730292214,0.9626604953267145,-2.9763566550801084,8.0,0.062247172152997146,2.8327694488239896e-15,10.0,-1.913417161825446,9.619397662556434,0.9697086572363465,1.8104045450201904
49.2,0.28524160591580616,9.995663427660189,3.089480661718728,0.967496823946689,0.25376246765316235,0.4044399731319919,10.022604082073466,3.0844615408371983,0.9701873301962713,0.2477912784218123,0.030604175414777647,0.16809531594821714,0.15740252347280984,0.014439363865521629,nan,nan,nan,0.9736568405001513,-2.9786011063940183,8.0,0.06674074452601544,2.8327694488239896e-15,10.0,-1.913417161825446,9.619397662556434,1.0985922363566603,1.7815654660000224
49.25,0.24663101418036085,9.998863211973452,3.0995777982168593,0.9682276020741278,0.2516636299859766,0.3160525337997103,10.040472538074644,3.103216321677534,0.9733549323588011,0.23428502188329764,0.030241657688685364,0.1617853019977961,0.15202695169590905,0.014167888650206075,0.10671418039090111,10.218038081957085,0.4176917028565127,0.9747668872235062,-2.9736017949461977,8.0,0.05673257361983235,2.8327694488239896e-15,10.0,-1.913417161825446,9.619397662556434,1.1048296454281425,1.7819625368792624
49.301,0.18861327872565536,10.002944754725032,3.114604955865292,0.9690222666049539,0.24975843405179593,0.2771414789215661,10.041873484799359,3.113551374419873,0.9736467289715399,0.25500195631056466,0.03024773492230089,0.16352187845403543,0.1533814662575301,0.014365786112184253,nan,nan,nan,0.9750734812150947,-2.9562246317793255,8.0,0.021963920988828246,2.8327694488239896e-15,10.0,-1.913417161825446,9.619397662556434,1.0979961271252412,1.7818011707867831
49.353,0.14987737621892294,10.00518585261322,3.1245424427766033,0.9696257652431848,0.24744242134368508,0.22003445386886966,10.049409518698289,3.12015319843689,0.9742611463006664,0.19216998549831682,0.030803939103075557,0.16611334708866712,0.15535380997629084,0.014107691873339562,nan,nan,nan,0.976355406008736,-2.9517423826462785,8.0,0.012998722836434343,2.8327694488239896e-15,10.0,-1.913417161825446,9.619397662556434,1.1197575629777503,1.7694306482696025
49.400000000000006,0.09169602334142975,10.007824626997301,3.139358456737055,0.9703155093441751,0.24746511310375935,0.18106993649893804,10.050153422366868,3.1303187976467184,0.9745179203331138,0.24385347761387188,0.03081397467658048,0.1678325428267894,0.15668038806538648,0.01430622544560537,nan,nan,nan,0.9757760159772092,-2.942476351704689,8.0,-0.005533536191169482,2.8327694488239896e-15,10.0,-1.913417161825446,9.619397662556434,1.0874548844650347,1.7953861671804008
49.45,0.05286630377645591,10.009102312290878,-3.1339623285175633,0.9708599211254498,0.2457366416707058,0.04682444427913006,10.048218187978764,-3.136994740895264,0.9803824289309696,0.2557418677646917,0.030773360071415238,0.16142466561839414,0.15129277326688792,0.014051581171404013,-0.5923211112916815,10.003873307284506,1.9431427186546761,0.9770710967999624,-2.9383108506886284,8.0,-0.013864746200253603,2.8327694488239896e-15,10.0,-1.913417161825446,9.619397662556434,1.1219263534559405,1.7705105478975611
49.502,-0.005429204070291864,10.010298046069419,-3.119339534979191,0.9713242478277694,0.24202748280397463,0.007616069810064394,10.047944931264619,-3.1269965863136386,0.9798357977733416,0.24884759652953287,0.030774951021741458,0.1631634902175727,0.15265161744535263,0.0142507079786369,nan,nan,nan,0.9778580457369587,-2.92616708041595,8.0,-0.03815669310464609,2.8327694488239896e-15,10.0,-1.913417161825446,9.619397662556434,1.1383206549469582,1.7539177267100752
49.550000000000004,-0.04431496167457978,10.010617062497115,-3.109722287041866,0.9717394745277819,0.23936154769613222,-0.05075825021068313,10.049135765665385,-3.1149989833858576,0.97942670769735,0.2309088030447454,0.03099279800551812,0.16575803334135614,0.15463105666404084,0.013994138530854626,nan,nan,nan,0.9790830217789309,-2.9221048699847243,8.0,-0.04553786134254026,2.8327694488239896e-15,10.0,-1.913417161825446,9.619397662556434,1.1383206549469582,1.7539177267100752
49.6,-0.1026834862676751,10.010381614819492,-3.0954739067234196,0.9725976995925105,0.23616372656806456,-0.0899191730337694,10.048009738894246,-3.105353079416705,0.9795038148244444,0.24533991975913286,0.030997633309638922,0.1674781989708901,0.15596229032003917,0.014193859827368026,nan,nan,nan,0.9800365649054009,-2.9148479698369596,8.0,-0.05809407908453,2.8327694488239896e-15,10.0,-1.913417161825446,9.619397662556434,1.142660264536012,1.7583862627469098
49.651,-0.14162269133454955,10.009751879555248,-3.086087776060891,0.9732920981228064,0.23345968772208386,-0.12719232384900162,10.050907344649433,-3.080709989124385,0.9781902064187707,0.2141610040894149,0.030157732220686146,0.16112708056317754,0.15067996450591292,0.013937623958776612,0.09592466536139421,10.20887242639606,0.2921124157514013,0.9811213878405209,-2.9107338955827897,8.0,-0.06462960564606127,2.8327694488239896e-15,10.0,-1.913417161825446,9.619397662556434,1.1609523894257736,1.7485380051202124
49.7,-0.1805900729230815,10.008747403328899,-3.0768317017424245,0.9744372521837494,0.22985026022450633,-0.16625442253553208,10.048439642410544,-3.0718810711179927,0.9794183688180219,0.21077874927716875,0.030159370129391995,0.16286559126560238,0.15204380353443125,0.014283465553619434,nan,nan,nan,0.9845252634687512,-2.9045577067224153,8.0,-0.07474316571426001,2.8327694488239896e-15,10.0,-1.913417161825446,9.619397662556434,1.191808532327129,1.7489365762615066
49.75,-0.23911899472202464,10.00654138248912,-3.0632337171285395,0.9764264241202822,0.22427016523728466,-0.22488952399220588,10.044106442518897,-3.058501687346782,0.9810713842109673,0.19947102372330053,0.03016153965076208,0.16545970343617697,0.15403226686919294,0.013972072196879714,nan,nan,nan,0.9854000099794564,-2.900792464787795,8.0,-0.07994351709332098,2.8327694488239896e-15,10.0,-1.913417161825446,9.619397662556434,1.1998311202207568,1.744473939789615
49.802,-0.2977241701086449,10.00350759655457,-3.049959455167168,0.9782832338456584,0.21900419149085665,-0.26400199155963944,10.040786529056374,-3.0499921734570803,0.982173167264688,0.23640312401606525,0.030169040750359036,0.16717883540425404,0.15536964964747058,0.014171732571506428,nan,nan,nan,0.986692335660797,-2.8951781728921384,8.0,-0.08713271924717941,2.8327694488239896e-15,10.0,-1.913417161825446,9.619397662556434,1.2097499054562957,1.7401436298415858
49.85,-0.3368277053841276,10.001032930664318,-3.0413099539096367,0.9794415421065054,0.21427036128524374,-0.3226212341617401,10.035824345993241,-3.0379200690589356,0.9836528936923382,0.19028111076630472,0.03022816859557291,0.1697384655705933,0.15731770287814004,0.01391158842610218,-1.5958260356481164,11.343814070380146,12.014482640352119,0.9874608840725225,-2.8914651485689022,8.0,-0.09150706088350052,2.8327694488239896e-15,10.0,-1.913417161825446,9.619397662556434,1.2332513274076948,1.7197099028593765
49.901,-0.3955188504363336,9.996654754876271,-3.028647502882073,0.9810553789085057,0.20912007321717008,-0.49629799795456314,10.152023783070767,-3.030294632320296,0.9927978342972638,0.19897860248908927,0.03028716229096163,0.1624602685263716,0.1514334681731102,0.014244592321480417,nan,nan,nan,0.9884164011847875,-2.8855650137021995,8.0,-0.09807627169209837,2.8327694488239896e-15,10.0,-1.913417161825446,9.619397662556434,1.225758993233118,1.7305992706902826
49.951,-0.43458482614519234,9.993297794585764,-3.020078555759035,0.978454335485335,0.21880175937266594,-0.5560183312588208,10.137243002412605,-3.009245024772294,0.9879927923255749,0.20360639097135708,0.029540579920981774,0.16504711063241914,0.15343541616045267,0.013926981584645153,nan,nan,nan,0.9693515578601554,-2.782075822027354,8.0,-0.24592562494393824,2.8327694488239896e-15,10.0,-1.913417161825446,9.619397662556434,0.9956845636451661,1.7811581125327212
50.0,-0.4734960615002547,9.989611388569859,-3.0110750055856226,0.9758185504996012,0.22781486077879065,-0.595149655339422,10.131942729444857,-3.0007486632452256,0.984988174902795,0.20037242587968815,0.029539955325869425,0.16676014149258048,0.15478165395128668,0.014126791122009257,nan,nan,nan,0.9731836622684428,-2.777137054547227,8.0,-0.24307971189678218,2.8327694488239896e-15,10.0,-1.913417161825446,9.619397662556434,1.043647480442874,1.7770862783409895
50.050000000000004,-0.5316640055225947,9.983450734911171,-2.997107491468071,0.9735215372964545,0.23573735516241281,-0.653481849037299,10.12461040032583,-2.9874900517070024,0.9814768931333749,0.23958765872752877,0.02965919944123799,0.16931054289226233,0.15674406831092413,0.013871874714076183,nan,nan,nan,0.9736728150530967,-2.7707768258190857,8.0,-0.2455154248036977,2.8327694488239896e-15,10.0,-1.913417161825446,9.619397662556434,1.0517127515790357,1.7813303231537048
50.106,-0.5896404487004981,9.976515092478186,-2.982813181381113,0.9721562480082924,0.23914627479349285,-0.7092507477895929,10.038072221076375,-2.973072560265947,0.9797677978317494,0.21682185089913475,0.0296190599339886,0.1628044388661194,0.15151724481585233,0.014167902010790162,-0.6612991080821882,9.26552699565512,2.6674719318703035,0.9742894327586119,-2.7602390842281848,8.0,-0.24970403078511,2.8327694488239896e-15,10.0,-1.913417161825446,9.619397662556434,1.0790017692066227,1.7690845446610526
50.150000000000006,-0.6282148407943353,9.971453015780309,-2.9732722802524316,0.9725193934275556,0.2363648493108898,-0.7478827469851353,10.03140456925349,-2.964130050111188,0.9809879311225644,0.20222028312689722,0.02961926007293833,0.16452033236908262,0.15288540436115597,0.014366184949481166,nan,nan,nan,0.9862381042040854,-2.806978748750775,8.0,-0.17570863080041782,2.8327694488239896e-15,10.0,-1.913417161825446,9.619397662556434,1.211679622922398,1.7365035767486063
50.2,-0.6668023663526911,9.966026147664413,-2.963995727959873,0.9742813052554821,0.22944692040138898,-0.7864658346171784,10.026150579920001,-2.956485349724667,0.9820977741568194,0.23533172873493427,0.02978941279132884,0.16622819676651543,0.154204053970377,0.014008609671372076,nan,nan,nan,0.9868550741490458,-2.8018104554505783,8.0,-0.17670582520086478,2.8327694488239896e-15,10.0,-1.913417161825446,9.619397662556434,1.2122680788143572,1.7374506362946684
50.25,-0.7247029590252801,9.957198353291284,-2.9505372890912756,0.9765103890923434,0.22050425187216227,-0.8443706079358632,10.015037902619193,-2.9431706290760067,0.9836218128896068,0.20910122058674996,0.029789358114546437,0.16877207722813842,0.15622366870811613,0.014388399782351366,nan,nan,nan,0.9870236397572696,-2.7952121524273403,8.0,-0.17907997678969445,2.8327694488239896e-15,10.0,-1.913417161825446,9.619397662556434,1.2262104944735426,1.7217647033775747
50.300000000000004,-0.7633002046776151,9.950861645717048,-2.9418454206562417,0.9777953087457716,0.21552916138870368,-0.8829260806306488,10.004401417922102,-2.931633379120334,0.9844128391265264,0.19171516092621532,0.02954279953209937,0.1704543628045165,0.1575176083268401,0.014027858341554029,-1.1449146678931943,8.780122391880795,5.701790076937128,0.9878513078811706,-2.787136206110163,8.0,-0.17947748734020386,2.8327694488239896e-15,10.0,-1.913417161825446,9.619397662556434,1.224686009277754,1.725508301705885
50.35,-0.8211760400129082,9.94069097202415,-2.9291239668936133,0.9796536137970261,0.20950762347596968,-0.9673166613704283,9.88142521663616,-2.9186293567889074,0.9884040438075518,0.21738998302285398,0.02949557485996362,0.163902995705251,0.15231217959029836,0.014321937202001258,nan,nan,nan,0.9891277789193991,-2.784039481793266,8.0,-0.17656717929757235,2.8327694488239896e-15,10.0,-1.913417161825446,9.619397662556434,1.2344002066350876,1.7238097698753188
50.400000000000006,-0.8597158460950053,9.933475058957887,-2.9207314966897586,0.9792869235099753,0.21176187424110027,-1.0057136761486498,9.868135607483348,-2.9047782948411753,0.9861277517530463,0.20904639564059435,0.029081923126819495,0.16560334794655437,0.15364527490110708,0.013969439277220504,nan,nan,nan,0.9773156015137886,-2.705225117118132,9.0,0.30775732669450173,-1.913417161825446,9.619397662556434,-3.5355339059327355,8.53553390593274,1.0928382710003135,1.7591390035943564
50.45,-0.917314389826216,9.92203897460326,-2.907755431298978,0.9776918958588146,0.21863043735333426,-1.0631274624772618,9.854022397837223,-2.8922576635817316,0.9840070808794251,0.20470314151330846,0.02908234496055941,0.16813570487334228,0.15568511428941448,0.014268474407342536,nan,nan,nan,0.9791465455193319,-2.7001990289995,9.0,0.29747499441684916,-1.913417161825446,9.619397662556434,-3.5355339059327355,8.53553390593274,1.1132222653682446,1.7597229463807946
50.5,-0.9555926979167205,9.91400494202773,-2.8989335951058446,0.9771545720771618,0.22144536010353674,-1.1012207769733429,9.843851782611312,-2.882564836016645,0.9830706996321221,0.2321251596801388,0.029054196527996064,0.16981052076346614,0.15699378336965997,0.013909381793492463,nan,nan,nan,0.9796801283695328,-2.6903217174475946,9.0,0.2773123087205323,-1.913417161825446,9.619397662556434,-3.5355339059327355,8.53553390593274,1.1206351377964268,1.762680462988191
50.552,-1.0128498154065446,9.90133133944834,-2.8855648615952845,0.9767806762073382,0.22302344372174737,-1.143446873414454,9.807351475319635,-2.869709153907172,0.9814750959886237,0.2174592735262127,0.029041743261118795,0.16319747438031185,0.15176067308501143,0.014340863225717591,-0.9794231459602007,9.60464936688952,0.27052419974308317,0.983439745533826,-2.6874666539416134,9.0,0.2714946887216605,-1.913417161825446,9.619397662556434,-3.5355339059327355,8.53553390593274,1.1739570748474013,1.7467171559231076
50.6,-1.0509259957560118,9.89246355662857,-2.8766607219066724,0.9770765538572558,0.22191860421725612,-1.1814980393413164,9.800249886727983,-2.864235973577712,0.9817974458520843,0.2192670740167341,0.02938073519395937,0.1648901034583206,0.1531087695844127,0.013925232515655207,nan,nan,nan,0.983439745533826,-2.6874666539416134,9.0,0.2714946887216605,-1.913417161825446,9.619397662556434,-3.5355339059327355,8.53553390593274,1.1739570748474013,1.7467171559231076
50.650000000000006,-1.1079266379999153,9.878522650292638,-2.8634218828278346,0.9777793312989731,0.21986528458887036,-1.2380761859302742,9.78382444588225,-2.849672443316771,0.9821041493908,0.2219275080179479,0.02938479058801731,0.1674125799968422,0.15516952074271176,0.014224460867081188,nan,nan,nan,0.983072721432545,-2.67997935484879,9.0,0.25625934871403944,-1.913417161825446,9.619397662556434,-3.5355339059327355,8.53553390593274,1.1697515683194775,1.7471077652928568
50.7,-1.1647764386599258,9.86381871928358,-2.8503069325267067,0.9784996087614969,0.21743881232978599,-1.2756734450266234,9.772424020892172,-2.840714947330853,0.9824358438249061,0.1988715518237749,0.029383260171733046,0.16908137722542116,0.15653437264511283,0.014422178591505493,nan,nan,nan,0.9841205295307217,-2.6712253889404813,9.0,0.23848346956169517,-1.913417161825446,9.619397662556434,-3.5355339059327355,8.53553390593274,1.1832772998597278,1.7410764565742378
50.751000000000005,-1.2025912574236688,9.853593458856677,-2.8416378193001455,0.9790295994763699,0.21633315608801365,-1.358855031027639,9.846157680736738,-2.8331802785900435,0.9830531512858263,0.18705080374108526,0.029792187430548654,0.1625714658882408,0.15134603944922564,0.014153509838183653,-1.5569147947888715,10.742772662700363,3.68796907576062,0.9847060382294572,-2.6655972397149257,9.0,0.2270746585112217,-1.913417161825446,9.619397662556434,-3.5355339059327355,8.53553390593274,1.1809319332107528,1.7471878145995148
50.800000000000004,-1.240319046930464,9.843033539477327,-2.832934243537894,0.9785530751372292,0.2198055256088811,-1.3956479691080053,9.828838443216666,-2.8185075421250656,0.9815031801791997,0.20016940774448874,0.02928543961004642,0.16425853868341808,0.1527095723950955,0.013805134266407532,nan,nan,nan,0.9756940251758206,-2.6122500567758142,9.0,0.11955414782908874,-1.913417161825446,9.619397662556434,-3.5355339059327355,8.53553390593274,1.070683746267062,1.7838337687168815
50.855000000000004,-1.2966588843158973,9.826595765836988,-2.819463183255397,0.9772469618201802,0.22661088138316116,-1.45138051198389,9.809923814365959,-2.805758669217496,0.9801502405418725,0.2166831860768853,0.02928884682650763,0.16677192114058428,0.1547924428327318,0.014190991621951145,nan,nan,nan,0.9792406406369059,-2.601643090122357,9.0,0.09827710363750744,-1.913417161825446,9.619397662556434,-3.5355339059327355,8.53553390593274,1.1260339256187013,1.765034114042611
50.902,-1.3527361840562677,9.809426103578195,-2.8057819188167428,0.9768248929855959,0.22844991593157574,-1.5069728122261457,9.791410434624446,-2.793931177734673,0.9797687955240818,0.20939134300712664,0.029391314125848143,0.16926105679912815,0.15681921118239636,0.013928042748746141,nan,nan,nan,0.9792406406369059,-2.601643090122357,9.0,0.09827710363750744,-1.913417161825446,9.619397662556434,-3.5355339059327355,8.53553390593274,1.1318713310901236,1.765034114042611
50.952000000000005,-1.3899855971502808,9.797565204282748,-2.7966309514510566,0.9767958494708298,0.22885864130541872,-1.4631947730692312,9.733650802807256,-2.7847072912772672,0.9754136336878878,0.22449681490169734,0.029365545111400784,0.16186470674173012,0.15093512156951294,0.014123844605308869,-0.7425948997903227,9.281631029808361,3.1222128711401904,0.9800368103459807,-2.5967871270659795,9.0,0.0885439731015451,-1.913417161825446,9.619397662556434,-3.5355339059327355,8.53553390593274,1.245577348838021,1.7302364612903691
51.001000000000005,-1.4457117701079896,9.779132504775111,-2.783094930680476,0.9788730980414998,0.2212445381015969,-1.49974968977457,9.719939806306439,-2.7762426699803817,0.9778663764654664,0.21528089854269197,0.029366408672279295,0.16354406936869872,0.15235108834227562,0.014322282322778254,nan,nan,nan,0.9880497576585305,-2.6299551031526986,9.0,0.15513214320323238,-1.913417161825446,9.619397662556434,-3.5355339059327355,8.53553390593274,1.245577348838021,1.7302364612903691
51.050000000000004,-1.4828043909646458,9.766399982308547,-2.774402893852538,0.9805010427734638,0.21505022123141382,-1.5553295174280442,9.703261786924838,-2.76868704997731,0.980946658626457,0.16917051447629192,0.029790653314752353,0.16604632682182133,0.15442163879336965,0.014056720368647592,nan,nan,nan,0.9886637226706771,-2.625525976510833,9.0,0.1462235965560515,-1.913417161825446,9.619397662556434,-3.5355339059327355,8.53553390593274,1.2469766067059653,1.7269019682804572
51.1,-1.5383232096045432,9.746649806013105,-2.76169363916269,0.9823083941083303,0.21024595030128163,-1.5918538715544244,9.68888654883444,-2.759369706016301,0.9824167309392993,0.22423077896351523,0.029802021663761915,0.16770285380454084,0.15581667937346372,0.014253052984910473,nan,nan,nan,0.9885267090519974,-2.6170605501694433,9.0,0.12921236506461564,-1.913417161825446,9.619397662556434,-3.5355339059327355,8.53553390593274,1.2221918923378512,1.7417349801804183
51.151,-1.575239977011912,9.733060796563915,-2.7533956235919734,0.9833436257815784,0.2055259271152498,-1.5855680937539434,9.735565629715145,-2.746203253627222,0.9786246168909479,0.16620901912987096,0.029693596606360378,0.1612324625371997,0.15064760864465582,0.014059811827383119,-1.0543677287674909,10.4421993537758,3.3293174869963638,0.9892935202744836,-2.6129071562367714,9.0,0.12087309477351238,-1.913417161825446,9.619397662556434,-3.5355339059327355,8.53553390593274,1.252978971632243,1.7129819978000194
51.2,-1.630461508406705,9.71205704245202,-2.7411928553714433,0.984841197741185,0.2027923086516925,-1.6216845611775024,9.720418137588233,-2.7381017826455625,0.9806000168443763,0.2068701451271178,0.02970136244986799,0.16290537319957732,0.1520786666524708,0.014345323313962521,nan,nan,nan,0.9886348661239243,-2.5952944926435904,9.0,0.08555304852831541,-1.913417161825446,9.619397662556434,-3.5355339059327355,8.53553390593274,1.226419299153655,1.7461783668006525
51.25,-1.6671695537048434,9.697647589277185,-2.7331416463177485,0.9857382054578252,0.2001010763867809,-1.6760629522853083,9.698479615959366,-2.7276836776197975,0.9831077278513395,0.17025746728938065,0.02983303468477653,0.1653962441815596,0.1541742735467782,0.014075979568176645,nan,nan,nan,0.9892827512404629,-2.591565460215645,9.0,0.07808249371208359,-1.913417161825446,9.619397662556434,-3.5355339059327355,8.53553390593274,1.2490736094319916,1.7231864606200502
51.300000000000004,-1.7037858695221413,9.68292003915012,-2.7251907174357037,0.9864986897640297,0.19810223899953797,-1.7120516900261102,9.6825966351909,-2.7201674747303692,0.9844666776205678,0.1888341971492321,0.029837287193224156,0.1670450136694404,0.15558514053334796,0.014274283178275334,nan,nan,nan,0.9899214334059576,-2.5855883446470234,9.0,0.06611269236633367,-1.913417161825446,9.619397662556434,-3.5355339059327355,8.53553390593274,1.240040245356628,1.7301202704434457
51.351000000000006,-1.7585261319217145,9.660244893806611,-2.713401649580852,0.9874723448572806,0.1948664964101819,-1.766092088758836,9.659021430989517,-2.709369798548773,0.9862164713356325,0.1827079743809091,0.029913858639850476,0.1694944965584438,0.15764914981586625,0.014000774608471675,-1.5708712736578194,9.294716470894562,0.6210642795007707,0.9904972529812613,-2.582197654544473,9.0,0.059324636815360945,-1.913417161825446,9.619397662556434,-3.5355339059327355,8.53553390593274,1.254063549208587,1.7169056520468895
51.400000000000006,-1.7948920299963727,9.64474663434548,-2.7056693911832768,0.988053993198992,0.19222010549809276,-1.7827017394553786,9.610001465003275,-2.7014754799767142,0.9869350775591637,0.21092849529851093,0.02990166002341146,0.1621797615062579,0.15179278685767922,0.014195884666423525,nan,nan,nan,0.991250700848453,-2.5769908925608433,9.0,0.048903465796224864,-1.913417161825446,9.619397662556434,-3.5355339059327355,8.53553390593274,1.2605006360669386,1.7114709745260002
51.45,-1.8492536028407978,9.620936073415152,-2.694348298803957,0.9893143168558808,0.1846721621386211,-1.8366184971656383,9.586050662097461,-2.6925541072118153,0.9888108747120825,0.1718801173827032,0.03004218017824593,0.1646554295445053,0.15391291962069048,0.013932293408682375,nan,nan,nan,0.9940940652632918,-2.5927394946375535,9.0,0.0804342504020368,-1.913417161825446,9.619397662556434,-3.5355339059327355,8.53553390593274,1.3176860782532653,1.6751512380319387
51.5,-1.9034058326777952,9.596456890958631,-2.6835504660889598,0.9905701981356259,0.17712730441548577,-1.8722249375108586,9.568803397873756,-2.6841926054370013,0.9899815269669127,0.190594406793184,0.030048338892044463,0.16629449552692757,0.15533895893207122,0.014132068846380396,nan,nan,nan,0.9945175605053095,-2.58779288962375,9.0,0.07039406956371826,-1.913417161825446,9.619397662556434,-3.5355339059327355,8.53553390593274,1.3070470081748071,1.6838265670328403
51.55200000000001,-1.9393847713971117,9.579778012489125,-2.6765878161582037,0.9913185763356032,0.1720227825788307,-1.9247583560747963,9.540006235928121,-2.6709308018004005,0.9915137537048447,0.15619340618032604,0.029824250027658945,0.168728094763367,0.1574279531505667,0.013876525096732557,nan,nan,nan,0.9951555941857639,-2.5857210638328705,9.0,0.06495276730148955,-1.913417161825446,9.619397662556434,-3.5355339059327355,8.53553390593274,1.324886157059825,1.6678252564376703
51.601000000000006,-1.9931675987253168,9.554238491792779,-2.6665140968554217,0.9924086782361792,0.1650324733954303,-1.9782796971225447,9.509010299173102,-2.6648862146364345,0.9940236668100465,0.15536405821724805,0.029822335998562887,0.16137153538039595,0.15149213748289111,0.014072858434060176,-2.114353177441565,9.394683592063457,0.17302287094397548,0.9962242420779874,-2.584003977686328,9.0,0.059710728786956886,-1.913417161825446,9.619397662556434,-3.5355339059327355,8.53553390593274,1.3305276348012862,1.6663533821992433
51.650000000000006,-2.0288973420965926,9.536875336326649,-2.6600213216624704,0.9929920688945156,0.16061569003585707,-2.031216581041431,9.481495758830349,-2.6564104705098655,0.9948955757082848,0.15404923832958864,0.029823818038068557,0.16383221786312369,0.15367125352014907,0.014370789715091795,nan,nan,nan,0.996641376517935,-2.5829044456101067,9.0,0.0557480443861878,-1.913417161825446,9.619397662556434,-3.5355339059327355,8.53553390593274,1.335579613096166,1.6572336736013509
51.701,-2.082296881549372,9.510347433099104,-2.6506099895031925,0.9937526247855395,0.1541079999799499,-2.0664566878641892,9.463072143247384,-2.6501665784296464,0.995384582958427,0.14564144046366903,0.029843824428233703,0.16545665250686564,0.1550780539410803,0.01401267772517376,nan,nan,nan,0.9971006582638182,-2.580242972837602,9.0,0.04921539164351266,-1.913417161825446,9.619397662556434,-3.5355339059327355,8.53553390593274,1.3443566087030716,1.6496197110561905
51.75,-2.1177667927316564,9.492350426211994,-2.64454505928304,0.9942305947661291,0.1501181919955718,-2.1190485767412546,9.43474367005823,-2.6418727492231464,0.9960367042506155,0.13556726870600483,0.02984429911402381,0.16787751839714898,0.1572265950038105,0.014311511185687803,nan,nan,nan,0.9974274892967191,-2.5784223880153725,9.0,0.044955713790335874,-1.913417161825446,9.619397662556434,-3.5355339059327355,8.53553390593274,1.3482515479873505,1.6469709668592372
51.803000000000004,-2.1707776235927443,9.464904661895945,-2.6357287720933935,0.994890625955884,0.14465241051793096,-2.15387682213284,9.415259474236597,-2.6357490271312134,0.9964473102005346,0.14418145873619595,0.02981494226087698,0.16947246704564314,0.15861159829566376,0.013960597417876619,-2.2922290943241244,9.046036139242888,0.5626013973963686,0.9978288471709843,-2.5759646475212676,9.0,0.03929149045167245,-1.913417161825446,9.619397662556434,-3.5355339059327355,8.53553390593274,1.3536461615779534,1.6429166517187859
51.85,-2.205989876516668,9.446317288712432,-2.630040470555831,0.9953072764931573,0.1406259094244943,-2.2218389379553427,9.351788250091696,-2.6270501767030128,0.9988005325934445,0.1275649123028683,0.029801985632777944,0.162936313684838,0.1533730861031495,0.014391812226360977,nan,nan,nan,0.9981316798964245,-2.5746114419057577,9.0,0.03614247078964555,-1.913417161825446,9.619397662556434,-3.5355339059327355,8.53553390593274,1.3648839202393463,1.6329515089267566
51.901,-2.258618318456084,9.418018449225874,-2.6218618475559543,0.995888442211107,0.13278367174692438,-2.257100230408367,9.333447685472581,-2.6246154976720506,0.9989245718315933,0.10138987490824479,0.029932199412683474,0.16455059233186678,0.1547947101493576,0.013982460390191328,nan,nan,nan,0.9991422188815798,-2.5856278692374297,9.0,0.051159136397761845,-1.913417161825446,9.619397662556434,-3.5355339059327355,8.53553390593274,1.3883283279827217,1.6105433205371764
51.952000000000005,-2.293578393525724,9.398884170294892,-2.6166543390831976,0.9962294797786099,0.12880952414154145,-2.309146213430507,9.303718726775198,-2.6180452898076947,0.9990739653540371,0.1128720764524264,0.029935181627232566,0.16695907712192312,0.15696182548490628,0.014281330412590795,nan,nan,nan,0.9991596548545978,-2.583616403329741,9.0,0.046818634086327665,-1.913417161825446,9.619397662556434,-3.5355339059327355,8.53553390593274,1.3783826652117221,1.6202680483120557
52.002,-2.345832310527267,9.369797109979496,-2.60912272901927,0.9967080942636898,0.1229373403574017,-2.3430559509475133,9.281962728602,-2.610773833508921,0.9991823842941895,0.11574356991503143,0.029771418037594678,0.16854564768895502,0.15836078851615049,0.01392069378349338,nan,nan,nan,0.9993504942536905,-2.58200153672595,9.0,0.04262216093325466,-1.913417161825446,9.619397662556434,-3.5355339059327355,8.53553390593274,1.39095445393319,1.6087880520164832
52.050000000000004,-2.380546819317812,9.350158710562798,-2.604313139260848,0.9970175130584579,0.11842368227890751,-2.3759923635302975,9.228349531460719,-2.6022643833280834,0.9990708762150072,0.12840664175359648,0.029761785137000465,0.16199227973766359,0.15304706816401037,0.01421631618100863,-2.168111590002749,9.011421429448463,0.3805949574791525,0.9995949934201197,-2.5823121427221247,9.0,0.0418723715256219,-1.913417161825446,9.619397662556434,-3.5355339059327355,8.53553390593274,1.4043015704169064,1.59709178684527
52.1,-2.43244504639371,9.320347971535066,-2.597589919046465,0.997543428460699,0.1065051036892409,-2.41177344758351,9.211472712240347,-2.6020804492633087,0.9993185131439427,0.10734529094586269,0.030135508855123352,0.16359832357006987,0.15448204206486624,0.01386354411786953,nan,nan,nan,0.9999997144801872,-2.603020054984761,9.0,0.06815162535353597,-1.913417161825446,9.619397662556434,-3.5355339059327355,8.53553390593274,1.4550058244612514,1.5500059393717744
52.152,-2.4669328214245967,9.300249291391937,-2.5934997128964907,0.9978601565173826,0.09997463397142096,-2.4631649109850087,9.180573817635386,-2.596316371459737,0.9996075069053896,0.09715612334941516,0.030136477393023012,0.16599755127642174,0.1566659817535455,0.014164230371061461,nan,nan,nan,0.9999979850218614,-2.6000729738262245,9.0,0.0623052824824612,-1.913417161825446,9.619397662556434,-3.5355339059327355,8.53553390593274,1.442071398713452,1.5622175922680146
52.202000000000005,-2.518501676832477,9.269784428584671,-2.5877916541324115,0.9982509138739983,0.09177082666457907,-2.4973256185302883,9.159791100495168,-2.592562791679023,0.9997422927871269,0.0648610381629287,0.03013351833571753,0.16758436218975473,0.15811238505999287,0.014362879005232967,-2.6320052529695968,8.98750507549195,nan,0.9999706058539661,-2.6002301628109867,9.0,0.05774673261516167,-1.913417161825446,9.619397662556434,-3.5355339059327355,8.53553390593274,1.4389172023642773,1.5639121072322206
52.251000000000005,-2.5527755779682186,9.249275938508278,-2.584224956554757,0.9984625090410694,0.08774058180402354,-2.5615732177941197,9.113851655959861,-2.5870361486753093,1.001096322420604,0.09800654620254366,0.030223988929679816,0.1611625391578207,0.1528128399325385,0.01410207906996374,nan,nan,0.144931208720107,0.9999706058539661,-2.6002301628109867,9.0,0.05774673261516167,-1.913417161825446,9.619397662556434,-3.5355339059327355,8.53553390593274,1.4389172023642773,1.5639121072322206
52.300000000000004,-2.586967263053346,9.228618902625584,-2.580833498987898,0.9985757348919979,0.08243077195381561,-2.5956003191547223,9.092744747254388,-2.5838248782252022,1.0008966038847853,0.08717910315408087,0.030223829990398146,0.16277113274634894,0.15429036945429003,0.014301323753880074,nan,nan,nan,0.9998247192154652,-2.605759711655311,9.0,0.06024993105837084,-1.913417161825446,9.619397662556434,-3.5355339059327355,8.53553390593274,1.46620695994207,1.5313296472044078
52.35,-2.638103044619052,9.197377081370261,-2.5761988723949836,0.9986525163765736,0.07373483261135344,-2.6434882949738525,9.05432825008282,-2.5721521229374025,1.0006337183543814,0.06326120714416429,0.02957587083129779,0.1651575662447543,0.15645926409419728,0.014052325180775075,nan,nan,nan,0.9990894938599543,-2.6148286819327566,9.0,0.06423225574931829,-1.913417161825446,9.619397662556434,-3.5355339059327355,8.53553390593274,1.4862512981780547,1.5066580542873613
52.401,-2.6890652037950806,9.165851752192843,-2.572089477716229,0.9986134505523477,0.06435591742639526,-2.6771827734669773,9.032729603060949,-2.569944702257367,1.0003758798963511,0.0484033043686713,0.02957516008231571,0.1667403041631911,0.15791643818990278,0.014388258461411237,nan,nan,nan,0.9990894938599543,-2.6148286819327566,9.0,0.06423225574931829,-1.913417161825446,9.619397662556434,-3.5355339059327355,8.53553390593274,1.4862512981780547,1.5066580542873613
52.45,-2.722887834272522,9.144711168336901,-2.5689759058391215,0.9957302741049343,0.09040398636077693,-2.723597966430792,9.028004927177692,-2.568271159118763,0.9952293041031921,0.10755188618443932,0.02985043298843368,0.16029528367309945,0.15253174447177517,0.014212053669598991,-2.673494714189489,9.28341602239002,0.2690198429276045,0.9810944560110512,-2.3751863079372924,10.0,0.4374657540208916,-3.5355339059327355,8.53553390593274,-4.619397662556432,6.913417161825452,1.0519595677664522,1.7975121072317388
52.5,-2.75651461026649,9.123517648826603,-2.564616911571175,0.9923599171518367,0.11932841762024579,-2.7569836073172476,9.006386578875222,-2.5638867660178026,0.9917880229710889,0.11257477703170062,0.029847559005530936,0.16189991174711227,0.1540184918270021,0.01435296445040665,nan,nan,nan,0.9779661099686914,-2.3579605115284425,10.0,0.4014978208037236,-3.5355339059327355,8.53553390593274,-4.619397662556432,6.913417161825452,1.0471935929707215,1.7920840267941305
52.55200000000001,-2.8066023769331583,9.091606910240994,-2.55621834314447,0.9879742716534423,0.1533719630587904,-2.8057845345817434,8.972016506311235,-2.5543771445457915,0.9875206962762881,0.12074516305487445,0.029661819732881903,0.16428255282375467,0.15620168193798192,0.014083444976708034,nan,nan,nan,0.9772938534267537,-2.3503798627276153,10.0,0.3857491857232924,-3.5355339059327355,8.53553390593274,-4.619397662556432,6.913417161825452,1.046548983833915,1.7970098720791163
52.601000000000006,-2.8562877739774395,9.059485168151621,-2.546092433806233,0.9846323229037054,0.17865752335096088,-2.838613889176792,8.950089251281463,-2.5476589708089583,0.985420815299866,0.1676205074843196,0.029666334791754016,0.16586340757615248,0.15766826493950253,0.014282216846382511,nan,nan,nan,0.9771099386721823,-2.3400039925980374,10.0,0.3642676868739527,-3.5355339059327355,8.53553390593274,-4.619397662556432,6.913417161825452,1.0539312131560328,1.8004545385553956
52.651,-2.8891951326063046,9.037911938133385,-2.538643255017566,0.9828896269691947,0.1902670231866986,-2.8907093389442227,8.923196374334754,-2.545150914181007,0.9828762285671994,0.17391967818453935,0.03028493729819977,0.16820807442234534,0.1598188403975515,0.014021622713453086,-2.219515913231773,8.986974503224731,1.6317892882220346,0.9769808315926587,-2.332679770671271,10.0,0.34915320632303537,-3.5355339059327355,8.53553390593274,-4.619397662556432,6.913417161825452,1.0742005994033437,1.7850417938289502
52.7,-2.9219234056198085,9.016188122919853,-2.53077554959093,0.9811458853590234,0.2006201440801086,-2.85447403481006,8.910641471111024,-2.537075547738671,0.9772085249260968,0.20376024075077442,0.030275754943801535,0.1610055739639477,0.1537029302792565,0.014216818887657521,nan,nan,nan,0.9745096872265868,-2.318879627251164,10.0,0.3207783048140336,-3.5355339059327355,8.53553390593274,-4.619397662556432,6.913417161825452,1.053625150527516,1.7933032687694137
52.75,-2.9706800821041903,8.983275203885274,-2.5183566062636547,0.9799656509989632,0.2093787861222117,-2.9030277379264375,8.877996518565746,-2.5255164734966895,0.9772724509519389,0.21288279174361469,0.030367715457330025,0.16338431435131148,0.1559064779998703,0.013964432106171949,nan,nan,nan,0.9800340585502173,-2.33691192826004,10.0,0.3578819896036771,-3.5355339059327355,8.53553390593274,-4.619397662556432,6.913417161825452,1.135141438600297,1.7726241044355704
52.800000000000004,-3.0029921974772296,8.961063398541334,-2.5099221457019674,0.9799126865309284,0.21165423535345088,-2.9348907249292977,8.855340505431695,-2.5176880343017802,0.9778138131701654,0.19396411422032173,0.03036510027867062,0.1649629033676627,0.15738691717168476,0.0143006462603088,nan,nan,nan,0.980186160235165,-2.326119286576883,10.0,0.3356476247901435,-3.5355339059327355,8.53553390593274,-4.619397662556432,6.913417161825452,1.1405194176970284,1.7684047450615563
52.85,-3.051154474957652,8.927308763955784,-2.4971109856699294,0.9798191337194245,0.21503907997000676,-3.0212420063955,8.84136503530454,-2.492870976727551,0.9797805254660042,0.21932703885290883,0.029339688981897063,0.15876572210119988,0.15210968858248164,0.013969562192819309,-3.4271023467572457,9.186887514698924,1.2726145999680776,0.9803952331222705,-2.3193491238116986,10.0,0.3217415258362546,-3.5355339059327355,8.53553390593274,-4.619397662556432,6.913417161825452,1.1346199036902869,1.7744653437842746
52.900000000000006,-3.083042991292313,8.9045050272674,-2.4884511273424383,0.9795267519444109,0.21733613133316462,-3.0524179173068418,8.817619457423616,-2.4838534796676783,0.9796060276946529,0.22129916373440117,0.02934154699498447,0.16036089991634364,0.15362801872338397,0.014253682396658975,nan,nan,nan,0.9790857248585949,-2.287992546306913,10.0,0.2577074145088255,-3.5355339059327355,8.53553390593274,-4.619397662556432,6.913417161825452,1.1268033821542014,1.7659770423337888
52.95,-3.1305132389035983,8.869846029047624,-2.475313978124308,0.9789975686270269,0.21986646207727772,-3.097217409162317,8.778772990017746,-2.4663343200909993,0.9795611839799035,0.22465663682298134,0.029059328680222124,0.16272389835021314,0.15586782959894058,0.014140324630115475,nan,nan,nan,0.979641851815588,-2.2817267800128693,10.0,0.24497792818668332,-3.5355339059327355,8.53553390593274,-4.619397662556432,6.913417161825452,1.134184025636373,1.7635247936132792
53.0,-3.177546980435169,8.834616969895015,-2.462104416155109,0.9790331069840965,0.21992757126708237,-3.1277504492100214,8.754211234730505,-2.4574446667843235,0.9799259395891011,0.2176691973105214,0.02906003183467317,0.16428973810291495,0.15737285554911487,0.014280222140601737,nan,nan,nan,0.9815610258447588,-2.2740016894285624,10.0,0.22931045301092784,-3.5355339059327355,8.53553390593274,-4.619397662556432,6.913417161825452,1.1579376176661906,1.7552102001951164
53.051,-3.2086623831364944,8.81079970392154,-2.453316524575737,0.9792234669121032,0.21954136166085894,-3.173321851134254,8.717120453806384,-2.4450483486532297,0.980482553126081,0.20053427305748214,0.029088361786787885,0.16660492672760002,0.15959013241974854,0.014005406885190329,nan,nan,nan,0.9821472307568043,-2.2682033191699644,10.0,0.2175689381483479,-3.5355339059327355,8.53553390593274,-4.619397662556432,6.913417161825452,1.161611510548655,1.7552001955433152
53.1,-3.239581655428368,8.786713645591549,-2.4445395435056545,0.979465196888,0.2193703757271294,-3.2392107861342243,8.678513630185055,-2.436228228323978,0.9834562845655147,0.241227803107021,0.029100709443823355,0.15947531281427998,0.1534149446467047,0.014199918755967954,-3.5367033078488914,8.583366110430823,0.4877330575926043,0.982863692421872,-2.2596543107736924,10.0,0.20028423605921591,-3.5355339059327355,8.53553390593274,-4.619397662556432,6.913417161825452,1.162593891954629,1.758348587147255
53.151,-3.2855781562595787,8.75008313430293,-2.431386230096277,0.9794043811145707,0.2189419643876354,-3.2839544157795757,8.640049496918047,-2.4222985015971132,0.9830540730380214,0.21423587709362146,0.029099703465756462,0.16182560023839207,0.15571594820473433,0.014495309059094911,nan,nan,nan,0.9814136408051675,-2.24312607021144,10.0,0.16694839081521132,-3.5355339059327355,8.53553390593274,-4.619397662556432,6.913417161825452,1.157049053615674,1.7433732854676705
53.2,-3.315971594868924,8.72533905802271,-2.4226345167260477,0.9793159939235734,0.21870178490798148,-3.3155472805349655,8.617354115596473,-2.418065996120621,0.9829276049157329,0.21705854561693416,0.029452253087527122,0.1633677496793481,0.1572134057052453,0.014121530656149501,nan,nan,nan,0.982559071641111,-2.235259130644683,10.0,0.15111494990303073,-3.5355339059327355,8.53553390593274,-4.619397662556432,6.913417161825452,1.1604778627844672,1.7502072739668604
53.25,-3.3611560141262578,8.687730780904335,-2.4095093429725596,0.9792802257851779,0.2188297010935872,-3.359570428937016,8.578118491612592,-2.403703848477005,0.9826748191870065,0.23599644808240836,0.02945900812386651,0.16567337919731112,0.1594911309760185,0.014418083114641891,nan,nan,nan,0.9820794566066445,-2.228464704082039,10.0,0.13745532118263565,-3.5355339059327355,8.53553390593274,-4.619397662556432,6.913417161825452,1.1560310467958974,1.7511880864180958
53.300000000000004,-3.3910052809938733,8.662332055491664,-2.4007713778155106,0.9794031239859724,0.21781045089916815,-3.493699762118492,8.536580594249651,-2.3999553363929085,0.9890252655962855,0.23376543099339886,0.02980748113753387,0.15865705849176398,0.15332033622081653,0.014046945437608968,-4.400706444587157,8.440851756928582,3.8327478915248396,0.9833729255663136,-2.2210930249688645,10.0,0.1226495558078398,-3.5355339059327355,8.53553390593274,-4.619397662556432,6.913417161825452,1.1796177313977085,1.7386530434562029
53.351000000000006,-3.4353407412974084,8.623762725169378,-2.387652097714317,0.9779311998114911,0.22124309317907748,-3.5372297799640253,8.496312828472577,-2.38620545513733,0.9859298254060063,0.2052234408613453,0.029805337292456456,0.1609896063548295,0.15564848273622456,0.014428357480549756,nan,nan,nan,0.9752837689644489,-2.177160709776151,10.0,0.03420231046611236,-3.5355339059327355,8.53553390593274,-4.619397662556432,6.913417161825452,1.076558218934385,1.7579297539899386
53.400000000000006,-3.4645573786588453,8.597779951618335,-2.378689109112196,0.9765295618388924,0.22556639088739344,-3.5668894963088165,8.470722565826268,-2.379058381244766,0.9840564182545731,0.23146860899248586,0.029975305961128695,0.1625181907339001,0.15716651363972822,0.014062516217417134,nan,nan,nan,0.9768200362179068,-2.170473801103365,10.0,0.02037999542051174,-3.5355339059327355,8.53553390593274,-4.619397662556432,6.913417161825452,1.0862227849696366,1.7692389943824556
53.452000000000005,-3.5078942896555327,8.558375867103125,-2.3649922285425,0.9752323087884829,0.22945319731138264,-3.609372851243096,8.429787547368486,-2.366427353495465,0.981879914714138,0.1994860398621147,0.029970924987357594,0.16480467448893094,0.15947185911830217,0.014359540405674356,nan,nan,nan,0.9772047073222476,-2.1651311635298676,10.0,0.009936030751747722,-3.5355339059327355,8.53553390593274,-4.619397662556432,6.913417161825452,1.1076939854434107,1.7601940896699295
53.501000000000005,-3.5506628818360157,8.518429050699297,-2.351140821204788,0.9747201711976261,0.23180511624287942,-3.6373889511140938,8.402287070393,-2.3566745888630747,0.9811217790032507,0.2360216951350117,0.029983495807399826,0.16629941583454347,0.16097369183508053,0.013988974044137133,nan,nan,nan,0.9784387924435851,-2.158393043336614,10.0,-0.002645310161517374,-3.5355339059327355,8.53553390593274,-4.619397662556432,6.913417161825452,1.1076939854434107,1.772208084030272
53.55200000000001,-3.5788680296139463,8.491482233644048,-2.3418690734438927,0.9747109348426608,0.23135549029487615,-3.6858908133023656,8.379714640228404,-2.3426828692125206,0.979900228777423,0.23169532767674872,0.029995830526559252,0.1599393109395731,0.15541509472829992,0.014364114484281503,-3.735330543215939,8.596933980352171,0.1837938513011207,0.9795049960618181,-2.1538673078159034,10.0,-0.010661399458063978,-3.5355339059327355,8.53553390593274,-4.619397662556432,6.913417161825452,1.1354655492009516,1.755070036234456
53.601000000000006,-3.6207165888753154,8.450580222374056,-2.328020005555847,0.9747989692686808,0.2305885188471589,-3.713939261538779,8.352615895987698,-2.3351852785493925,0.9796602682414154,0.21582735879007478,0.030116306920529943,0.161451947837057,0.15695439864536515,0.013989915415030495,nan,nan,nan,0.979069313724371,-2.137723789489523,10.0,-0.038448653721334616,-3.5355339059327355,8.53553390593274,-4.619397662556432,6.913417161825452,1.1305941757580764,1.7601151527856702
53.651,-3.6483056267181584,8.422991936298228,-2.318794219874037,0.9749293860013186,0.230667144208642,-3.7544216755019173,8.310007536337736,-2.3211510486166143,0.979456967222005,0.22755322697858046,0.030121114523187033,0.1637168213567896,0.15928961228381702,0.014371437734155123,nan,nan,nan,0.9795029089276626,-2.132367635656559,10.0,-0.04671483044980611,-3.5355339059327355,8.53553390593274,-4.619397662556432,6.913417161825452,1.1295315681974456,1.7653226098438868
53.701,-3.6892253604706586,8.381125784159646,-2.3049900108444468,0.9754174801274074,0.22919545854954299,-3.781062362995513,8.28127859110483,-2.311213220052908,0.979667330260892,0.2219485193067683,0.030122920470521366,0.16521100486538143,0.1608404141680164,0.014567032663830172,nan,nan,nan,0.9808865406504558,-2.125321229663817,10.0,-0.05670279119349508,-3.5355339059327355,8.53553390593274,-4.619397662556432,6.913417161825452,1.1505240627247808,1.7559709380003086
53.75,-3.7161995717132275,8.352888099299166,-2.2958614373359976,0.9759387173736689,0.22755084367457448,-3.8355500784687395,8.208644020981183,-2.2995724283490957,0.9821711673095583,0.2240705297978119,0.030306433350959443,0.1589772353755841,0.15530612257274037,0.014278780046624364,-3.9115616810132887,7.951553679384526,0.41034203804567615,0.9818944581581838,-2.12063283134166,10.0,-0.06289276649781533,-3.5355339059327355,8.53553390593274,-4.619397662556432,6.913417161825452,1.159890615005473,1.754072965693802
53.801,-3.756200180898636,8.310043872739124,-2.282310902599008,0.976687422405561,0.22443137487075676,-3.861637672048693,8.179267680730183,-2.290208338136028,0.9822695266452552,0.20559225638258707,0.03030582147262211,0.1604901606298111,0.15689108836647694,0.014475274992070407,nan,nan,nan,0.9830179652946873,-2.115017187395061,10.0,-0.06784404110871711,-3.5355339059327355,8.53553390593274,-4.619397662556432,6.913417161825452,1.1704971626177003,1.7449064616415542
53.85,-3.7825582112670135,8.281160021736607,-2.27337702055453,0.977257180192994,0.22268625036843698,-3.9002245168142182,8.13469372309339,-2.2763049690787405,0.9825535206227661,0.2383017736764358,0.0303058332382615,0.16272039421306497,0.15923503598680827,0.014202849785647785,nan,nan,nan,0.9838419311746044,-2.110198498611432,10.0,-0.07321446223003636,-3.5355339059327355,8.53553390593274,-4.619397662556432,6.913417161825452,1.173084283710559,1.7486399971782765
53.900000000000006,-3.8086698029286223,8.252020871382875,-2.2645282657215673,0.9779099868566,0.21983647417098537,-3.9256472740241204,8.104715293436765,-2.2677390059452556,0.9829799629878637,0.2107911780144122,0.030303396641804883,0.1642010178585152,0.16080673133534398,0.014400121550907639,nan,nan,nan,0.9850188315589351,-2.102991816077699,10.0,-0.0805342870563272,-3.5355339059327355,8.53553390593274,-4.619397662556432,6.913417161825452,1.200519715977584,1.7298177560395598
53.953,-3.8473782411933963,8.207836474689952,-2.2514966286834825,0.9789590078467917,0.21562294661973738,-3.927367482672721,8.12745517872622,-2.258952465519488,0.9784633326725584,0.19011704929932197,0.030567306168889096,0.15796029555082372,0.15517262774313942,0.014133156252380439,-3.616154100474432,8.742716959789915,2.0010653576279926,0.9856517657946796,-2.098135479631558,10.0,-0.08501741398741347,-3.5355339059327355,8.53553390593274,-4.619397662556432,6.913417161825452,1.1970202226262439,1.7371978591558062
54.004000000000005,-3.8855370858036893,8.163088062357842,-2.2386313978863055,0.9802153259476963,0.21385057414150088,-3.9521733068857925,8.097163731593167,-2.2508736798369378,0.9798275279018049,0.1956755733281692,0.03056951187440647,0.1594605765137631,0.15677555580138672,0.014331160943532434,nan,nan,nan,0.9855729411145531,-2.0888825800480144,10.0,-0.09908131857464694,-3.5355339059327355,8.53553390593274,-4.619397662556432,6.913417161825452,1.202083000411055,1.7459759627564109
54.050000000000004,-3.910673892066018,8.132943937820256,-2.230105258403016,0.9810509583941466,0.21258892208890878,-3.98503991866319,8.046845743115727,-2.2329674775920045,0.9815785709781633,0.15703568412256733,0.030036348386492898,0.16166896658130916,0.15915156607183958,0.014159351414955314,nan,nan,nan,0.9861192536482891,-2.084062539500974,10.0,-0.10287758127372251,-3.5355339059327355,8.53553390593274,-4.619397662556432,6.913417161825452,1.202083000411055,1.7459759627564109
54.1,-3.935568366840452,8.102555514903395,-2.221637347415106,0.9819816391353614,0.21097593932145137,-4.009127005631952,8.015822712517561,-2.224965751967308,0.9829201132262981,0.18756681715222587,0.03004220931358356,0.16313638275853684,0.16074302082956332,0.014356860114759638,nan,nan,nan,0.9884813998937615,-2.081041302714579,10.0,-0.10224999364248444,-3.5355339059327355,8.53553390593274,-4.619397662556432,6.913417161825452,1.2158890870359906,1.7460390643702128
54.152,-3.972460990467463,8.05651479414441,-2.2090970992695844,0.9834035073547496,0.20705813806400641,-4.042093892642146,7.9658815475071805,-2.208011270867795,0.9846310502948831,0.19865443542001954,0.029695449403148385,0.16529347810229256,0.16309766772690298,0.014086076195322815,-4.545527282157492,8.17912394981753,1.0843406932555797,0.9889821172569788,-2.076384631437638,10.0,-0.10504220216750187,-3.5355339059327355,8.53553390593274,-4.619397662556432,6.913417161825452,1.233249943542653,1.728939851409882
54.2,-4.008812588458007,8.009941378214886,-2.1968764604294666,0.9848291379285816,0.20065970974420555,-4.113585938895143,7.951116985255296,-2.199786443397661,0.986920450205244,0.1947488380095092,0.029721013225550662,0.15838234882112984,0.15663616579326645,0.014280157529596329,nan,nan,nan,0.9908333267798614,-2.072506937323792,10.0,-0.10470734224660216,-3.5355339059327355,8.53553390593274,-4.619397662556432,6.913417161825452,1.262256294886834,1.7098457471828266
54.251000000000005,-4.032730854479257,7.978620576538748,-2.1888310772407618,0.9845849264331139,0.2020519327080593,-4.1499143499449875,7.9048527657353365,-2.1905790829269374,0.9862296695604796,0.20418291733301194,0.02994376861378598,0.16057008877360102,0.1590418061173487,0.014019116402533,nan,nan,nan,0.9846490430248377,-2.0243419002329133,10.0,-0.15594805493658453,-3.5355339059327355,8.53553390593274,-4.619397662556432,6.913417161825452,1.1728931790314636,1.7421285396642427
54.301,-4.068096423177798,7.931297957284282,-2.1765953968929623,0.9839094651174107,0.2049736277826526,-4.172767155851812,7.872702625592756,-2.1826240752249246,0.9858147111896421,0.2055267695221048,0.02994499875683596,0.16202449184994344,0.16065141103006428,0.014215276715701946,nan,nan,nan,0.9845365563189697,-2.0065362456923737,10.0,-0.16159075438533876,-3.5355339059327355,8.53553390593274,-4.619397662556432,6.913417161825452,1.1771851053396738,1.7410271783196427
54.35,-4.091334812691788,7.899522901920421,-2.168364047536784,0.9835937793215894,0.20610846692807455,-4.204982872183748,7.822610920747368,-2.168074723834578,0.9853655411059415,0.19261179667500686,0.029750900897236515,0.164161922212002,0.16303471192306407,0.014022362741020221,-4.312701611069446,7.910444749810457,0.07032021735272709,0.9845365563189697,-2.0065362456923737,10.0,-0.16159075438533876,-3.5355339059327355,8.53553390593274,-4.619397662556432,6.913417161825452,1.1771851053396738,1.7410271783196427
54.403000000000006,-4.125607308765261,7.851610779755783,-2.1554994013078255,0.9784164224602081,0.22501991624921197,-4.247809354764585,7.781412845474412,-2.1556805597796043,0.9776905304789342,0.21498671558723464,0.029757773968959116,0.15813401490443854,0.15741750498938994,0.014315737913494936,nan,nan,nan,0.9591293102725378,-1.8811874056964597,11.0,0.2290770231757879,-4.619397662556432,6.913417161825452,-5.0,5.000000000000001,0.9056400436497934,1.8122125607241424
54.452000000000005,-4.147987553355927,7.819618173245481,-2.146109699685736,0.974068564156501,0.23993491176429854,-4.270590847438075,7.750019037821119,-2.147527297874827,0.9736846649182554,0.264492046232994,0.029931181438504116,0.1595702781133951,0.15903280761724636,0.013950366113332856,nan,nan,nan,0.9579077943392509,-1.8563542976915148,11.0,0.17889166058512368,-4.619397662556432,6.913417161825452,-5.0,5.000000000000001,0.9398104027890795,1.8017357663526221
54.5,-4.170003029117868,7.787560647382661,-2.136227330398591,0.9704559905578005,0.25045251120079404,-4.291728167201072,7.7173452865325975,-2.138230792425186,0.9704589934562193,0.22942380699838916,0.02992477850317521,0.16101235476899844,0.160660712791521,0.014149717566657576,nan,nan,nan,0.9579077943392509,-1.8563542976915148,11.0,0.17889166058512368,-4.619397662556432,6.913417161825452,-5.0,5.000000000000001,0.9398104027890795,1.8017357663526221
54.551,-4.202353800200379,7.739296798272137,-2.1207838763807434,0.9662254184462211,0.26212005965473983,-4.321802554839947,7.667302745262626,-2.1219323005882558,0.9666975757467341,0.2460457826813443,0.029813236741856833,0.16313019815754476,0.16307538995642043,0.01389163904240012,nan,nan,nan,0.9603582068428981,-1.8394203199187469,11.0,0.14480111993226663,-4.619397662556432,6.913417161825452,-5.0,5.000000000000001,0.9650486862569836,1.8157480021204342
54.601000000000006,-4.233910725172616,7.690743523560888,-2.1047719907937115,0.9635748215377555,0.269430388673539,-4.306145328864614,7.666055442247434,-2.112152301026218,0.9621025381823365,0.25022276677185873,0.029810527088880493,0.1563766806540438,0.1565166245498569,0.01408755481061594,-3.984418163185888,7.952415423519178,0.7589103591718971,0.9603582068428981,-1.8394203199187469,11.0,0.14480111993226663,-4.619397662556432,6.913417161825452,-5.0,5.000000000000001,0.9650486862569836,1.8157480021204342
54.651,-4.254522746320155,7.658163022140001,-2.093957356254861,0.9631737448514122,0.2704852414628592,-4.335618440763524,7.616435420326808,-2.095683677850144,0.9621978732606672,0.2678785405924355,0.029816553699701355,0.15854661705865508,0.1589992835611647,0.01438491182014734,nan,nan,nan,0.9650984437126562,-1.8471749923949907,11.0,0.16040083344770636,-4.619397662556432,6.913417161825452,-5.0,5.000000000000001,1.0185965362810667,1.8133502487572613
54.701,-4.284820228731447,7.608902415106375,-2.077751341151718,0.9633606452985971,0.2693454231460696,-4.350360443615417,7.579229465199288,-2.0776664022409532,0.9629986910336802,0.2735173798182805,0.029283325691312333,0.1599531229533522,0.16063545793361023,0.014024853575131098,nan,nan,nan,0.9668849857461619,-1.837616194591675,11.0,0.14117442518452045,-4.619397662556432,6.913417161825452,-5.0,5.000000000000001,1.0430224127348513,1.802922030036311
54.75,-4.304607226363193,7.5757843533550515,-2.067052572969798,0.9641241346269969,0.2661932798427302,-4.378157159789504,7.528543308401759,-2.0621473830729444,0.9646887625157856,0.2511462137461279,0.029282729874577123,0.16206969300065502,0.16310678379248958,0.014323164970693717,nan,nan,nan,0.9704679064731072,-1.834033043869775,11.0,0.13397420755046696,-4.619397662556432,6.913417161825452,-5.0,5.000000000000001,1.080021862769423,1.7921080340283329
54.800000000000004,-4.333671526195928,7.5256682114399664,-2.0512256506086093,0.9654641914959867,0.2622323000549849,-4.39265776716663,7.491477687597292,-2.047218994610704,0.9660530346515028,0.23141401112938587,0.0288681999811822,0.16343863471570716,0.1647329227237875,0.013970624892658327,-4.847898058566378,7.966449923900087,1.5751500667522595,0.9721012854451045,-1.82537993836517,11.0,0.11659997613476537,-4.619397662556432,6.913417161825452,-5.0,5.000000000000001,1.0854621822994663,1.7948475454258865
54.851000000000006,-4.35263543583712,7.491962890872983,-2.0408024859894405,0.9666241169197836,0.2595186052814348,-4.459593855386306,7.483181713450064,-2.0331996179980285,0.967146283884802,0.2224069639916366,0.028898349908336233,0.15745207081657944,0.1589360794863943,0.014265738482470022,nan,nan,nan,0.9747219194339509,-1.8218956659419185,11.0,0.10960913776084553,-4.619397662556432,6.913417161825452,-5.0,5.000000000000001,1.0547366040906394,1.7940877453687594
54.900000000000006,-4.380446313729739,7.440984514835366,-2.0252551751492778,0.9673083517072287,0.2596836332257276,-4.476425914001846,7.448238828767752,-2.023782824493617,0.9677358911961524,0.22495905712493844,0.028857460632711576,0.15884330710333544,0.16059764727311884,0.013920155703423054,nan,nan,nan,0.9705557704960849,-1.7899307598772314,11.0,0.04557767197503518,-4.619397662556432,6.913417161825452,-5.0,5.000000000000001,1.0547366040906394,1.8066176072597213
54.953,-4.398549891896618,7.406749542019659,-2.0148875723998363,0.9676567641297338,0.25825460225373675,-4.501556227956483,7.395875479187005,-2.0076453893438737,0.9687929751209327,0.23937620353289402,0.028863706601603582,0.16093864937193916,0.16310250132946782,0.014217358402404958,nan,nan,nan,0.9723889786218721,-1.782627618804345,11.0,0.030965976382454907,-4.619397662556432,6.913417161825452,-5.0,5.000000000000001,1.0918274858319572,1.7816313307559284
55.0,-4.425053346916314,7.355017595406486,-1.9994830592686688,0.968454283635743,0.2558006630101811,-4.522511917667411,7.364185548989753,-2.0038779376134066,0.9697010926755713,0.249791038375778,0.02939107161476595,0.16229447295383043,0.16475114884432893,0.013938914183908536,nan,nan,nan,0.973718158365286,-1.777872554206588,11.0,0.021454195983804977,-4.619397662556432,6.913417161825452,-5.0,5.000000000000001,1.0920043922228047,1.7898219348083462
55.050000000000004,-4.442284461670086,7.320282122043537,-1.9892745042932374,0.9688062830505357,0.2547908697238912,-4.539302720712226,7.324138770418661,-1.9900452952810217,0.9696514576491139,0.21632838523418602,0.02938774389677552,0.1563301530284458,0.15883789634468842,0.014234096918893973,-4.462929362444076,7.472046755475107,0.07286139348392767,0.9729341237581182,-1.7706876341654885,11.0,0.007083562661479678,-4.619397662556432,6.913417161825452,-5.0,5.000000000000001,1.086668461167473,1.7864065408106042
55.103,-4.467470919360305,7.267821873712385,-1.9740285496582204,0.969631485851712,0.2535301475254472,-4.5557992694846625,7.289227716533818,-1.9809598492314633,0.9706687999706229,0.2452105027716398,0.029486802045176275,0.15771067571999248,0.16051711079892106,0.013878984160073821,nan,nan,nan,0.9750865685276906,-1.7663599323641412,11.0,-0.0015718708838815681,-4.619397662556432,6.913417161825452,-5.0,5.000000000000001,1.1168322444528187,1.7942424180716094
55.151,-4.483825310629194,7.2326052956749125,-1.963934901538834,0.9703271567892051,0.25132604129382424,-4.578769351943362,7.235679884998382,-1.9649494149912627,0.9720855323143458,0.270713449577112,0.029495825028920748,0.15979179292804252,0.16304474214730244,0.014179120700793078,nan,nan,nan,0.9760533984566174,-1.7616756050320324,11.0,-0.010940634353024871,-4.619397662556432,6.913417161825452,-5.0,5.000000000000001,1.1168322444528187,1.7785165748337997
55.2,-4.5077050441442506,7.179420189916147,-1.9490328655389435,0.9715820693161618,0.24561751542898141,-4.593616649794888,7.199729365873892,-1.9551827686364145,0.9732470410164615,0.23744800695442222,0.029492764381093564,0.16116356708451,0.16472293949603892,0.014377414460368578,nan,nan,nan,0.9781736083598022,-1.7556350313536628,11.0,-0.02302268942065199,-4.619397662556432,6.913417161825452,-5.0,5.000000000000001,1.148399108662599,1.759771499913709
55.25,-4.5231933694937805,7.14372303206358,-1.9392894625160073,0.9725317434904357,0.24240408211199255,-4.613580905851844,7.1615440178514085,-1.9425455834468952,0.973891145286842,0.2338776621048929,0.029632028361531334,0.15532333380066718,0.15882780799279167,0.014114632489560906,-4.581486640609521,7.334928326511681,0.08512977787772845,0.9794013407494121,-1.751861506829978,11.0,-0.030571102254547487,-4.619397662556432,6.913417161825452,-5.0,5.000000000000001,1.147353051749749,1.7673584316055202
55.301,-4.545781924788863,7.089824759595706,-1.9248952548463265,0.974021268131219,0.23793239697676616,-4.627651377484784,7.125204404132487,-1.9325980836262837,0.9752151062979405,0.243579026880894,0.02963665794909941,0.15671889040545267,0.16053382383716058,0.014313552763804582,nan,nan,nan,0.9807075546549703,-1.7457980317422763,11.0,-0.04270215888740672,-4.619397662556432,6.913417161825452,-5.0,5.000000000000001,1.1601624820979974,1.7633030075279403
55.35,-4.560415473616856,7.053661847316681,-1.9154688036046188,0.9750738158401949,0.23414041649994485,-4.653716536487171,7.073851369598453,-1.9265924037954494,0.977070745481624,0.17804512763331146,0.03023167811243323,0.15876249827999822,0.16307075364357407,0.014062728652175904,nan,nan,nan,0.9819752199935307,-1.7424445110672429,11.0,-0.04941276341095935,-4.619397662556432,6.913417161825452,-5.0,5.000000000000001,1.1771404136536399,1.7527379098260463
55.400000000000006,-4.574708864562175,7.017322567364471,-1.906155157339368,0.9759217170133461,0.23262626706723544,-4.6672542798426155,7.037179508023134,-1.91751324402527,0.9779630379557633,0.21678389390648065,0.030239111254341703,0.16012711100765067,0.1647608659396114,0.014262178046471757,nan,nan,nan,0.9816408793596126,-1.734677977458801,11.0,-0.06495860764812043,-4.619397662556432,6.913417161825452,-5.0,5.000000000000001,1.1442911699403542,1.77759834684365
55.451,-4.5955090896022694,6.962508955253523,-1.8922391037822024,0.9770217275344365,0.2304870308148351,-4.63906774921077,7.063167655664208,-1.896635132649969,0.9727047781150081,0.24322050005054385,0.029696621987884204,0.1542989245751052,0.15873826041085964,0.014013795086435906,-4.281626966594666,7.818059829500427,2.971110780652633,0.9827715253572058,-1.7316198700504268,11.0,-0.07108190177735692,-4.619397662556432,6.913417161825452,-5.0,5.000000000000001,1.1720823754843583,1.7563353822837033
55.502,-4.6155647028072755,6.907306877594081,-1.8786960947686735,0.9795758453692065,0.22084745263954925,-4.65144792644775,7.026247772639516,-1.887637210164142,0.9758008336001159,0.21368623562731423,0.029695041076414467,0.1556869685073595,0.16045408422954133,0.014213736584206485,nan,nan,nan,0.9882055696604723,-1.7428971197713437,11.0,-0.04850700351990765,-4.619397662556432,6.913417161825452,-5.0,5.000000000000001,1.2607434345976625,1.7273810731931039
55.550000000000004,-4.628536625948404,6.87025995159157,-1.8700241626149585,0.9814371692975798,0.21448864923300376,-4.670223282376546,6.970886298875274,-1.874700228778927,0.9797244907859252,0.20902895837573557,0.029781258149263936,0.15771716853517864,0.1630095866785385,0.014058459040259904,nan,nan,nan,0.9891844140892327,-1.7404289326339049,11.0,-0.05344658725463572,-4.619397662556432,6.913417161825452,-5.0,5.000000000000001,1.2583080841621201,1.7289839282509798
55.6,-4.6473990086219645,6.814353549648556,-1.8574521444171948,0.9838039243635205,0.2059056894318175,-4.681870694967916,6.933445527849793,-1.8652512760148536,0.9819095990065876,0.21873809675576908,0.02978679552890691,0.15907334672048554,0.16471127588707626,0.014257675374049759,nan,nan,nan,0.9904771851624169,-1.7365845719067154,11.0,-0.0610606922399774,-4.619397662556432,6.913417161825452,-5.0,5.000000000000001,1.2696122272257995,1.716736031141846
55.650000000000006,-4.65958150092258,6.776876557332033,-1.849362455579773,0.9851872573466867,0.1999099846113212,-4.697023986152276,6.876022288006402,-1.849701265356113,0.9847171452202287,0.21933295135773537,0.029617567015560498,0.16105329390984058,0.16724118303439967,0.014000393290230145,-4.270760109196363,6.405619645552423,1.4644657144006152,0.9913825677102017,-1.7338751937159202,11.0,-0.06517997098848304,-4.619397662556432,6.913417161825452,-5.0,5.000000000000001,1.2841695126523047,1.7033072821444895
55.703,-4.671454980406275,6.739246593076834,-1.8415124224504502,0.9864714569407992,0.1936775787459176,-4.670645222903338,6.7933329700488105,-1.8405561323651587,0.9884754655132935,0.21205513865598571,0.029593963182191037,0.15464517818067172,0.1602947525302035,0.014196136055580849,nan,nan,nan,0.9929529640686969,-1.7309129805268335,11.0,-0.06883937757951067,-4.619397662556432,6.913417161825452,-5.0,5.000000000000001,1.3055407128584509,1.6864392062601012
55.75,-4.688701095177662,6.68252601231689,-1.8302908769911954,0.9885136148316753,0.18110935089181887,-4.683053884651699,6.734459369879003,-1.8255427615918434,0.9907961431558016,0.1697897167970869,0.02925710975600451,0.15666558018594873,0.16286330027997944,0.014029239327699393,nan,nan,nan,0.9961191763193312,-1.7524274036362317,11.0,-0.026835589202069993,-4.619397662556432,6.913417161825452,-5.0,5.000000000000001,1.3558027833383937,1.6505448586003866
55.800000000000004,-4.705294759564928,6.6254833488066245,-1.8198743148923324,0.990521109053477,0.16854060156776668,-4.6929760690778295,6.696075485848533,-1.8183080312346205,0.9921709411044299,0.16749563956151256,0.029259900384000805,0.15801605220147003,0.16457209278911447,0.014228418862084053,nan,nan,nan,0.9972628221903269,-1.7515369859752592,11.0,-0.02752015237898829,-4.619397662556432,6.913417161825452,-5.0,5.000000000000001,1.36843344156807,1.6397291956715938
55.853,-4.716006345754918,6.587291166054021,-1.813318601700808,0.9916826220297423,0.16111919956644952,-4.709130679801219,6.639105983792892,-1.8107419887010163,0.9939026693667325,0.14315462025741302,0.02943428358143125,0.15998827781022726,0.1671126585370937,0.014112763197261957,-5.692842342215196,6.268832128145254,3.9879878072486905,0.9976595294052308,-1.7498772759837091,11.0,-0.02976336051784946,-4.619397662556432,6.913417161825452,-5.0,5.000000000000001,1.36843344156807,1.6397291956715938
55.900000000000006,-4.726445868261361,6.548980808312939,-1.8070290680705812,0.9926761464986711,0.1550332114288775,-4.81199595442712,6.557453953344522,-1.8031020410143181,0.9990698456540178,0.1650532532006803,0.029475735666628693,0.1537271708365612,0.16019433624843307,0.01425104616808799,nan,nan,nan,0.997932316996772,-1.7464240915254272,11.0,-0.034493366424860436,-4.619397662556432,6.913417161825452,-5.0,5.000000000000001,1.3634594176332722,1.6418894129541082
55.95,-4.741601256454138,6.491341871287384,-1.7978390372238162,0.9928012560697674,0.15396045624138055,-4.821068042854227,6.497103268631105,-1.7894337850776285,0.997188647376082,0.13630166964373783,0.028997533108301048,0.155743009705598,0.16277004681478321,0.013980587159413069,nan,nan,nan,0.9937150314328079,-1.690927506515405,11.0,-0.11945259272913687,-4.619397662556432,6.913417161825452,-5.0,5.000000000000001,1.275715363300167,1.6801963642363622
56.0,-4.751370712785505,6.4528440232282565,-1.7916395989657965,0.9926341824660645,0.15527997724245948,-4.829669228756682,6.45815850838207,-1.7833210463530607,0.996837415940592,0.16194198299600396,0.02900222656847443,0.15709125754128558,0.16448219252265112,0.014179928383701782,nan,nan,nan,0.9950357677102728,-1.68975083766297,11.0,-0.11657652900632563,-4.619397662556432,6.913417161825452,-5.0,5.000000000000001,1.290988173811226,1.6809956803402109
56.05200000000001,-4.76554393176745,6.39497423373773,-1.7823244728625356,0.9927902135114761,0.15457158148414968,-4.847299672796934,6.4018322800533065,-1.780881595874813,0.9964886105109418,0.1313447281735644,0.029509602618966964,0.1590598362540388,0.16702860039919135,0.013918446086389551,nan,nan,nan,0.9953725554853741,-1.6870815762909925,11.0,-0.11741469971563992,-4.619397662556432,6.913417161825452,-5.0,5.000000000000001,1.308243661563787,1.6674084853531883
56.102000000000004,-4.774677935730668,6.356313065972536,-1.7761504547084757,0.9928741761374361,0.15459761835310443,-4.855913246260026,6.3681219597055545,-1.775443661630677,0.9958867510352606,0.12725494657013914,0.029510442859961707,0.15280904272985765,0.15998289057290366,0.014114407884133625,-4.858366380443708,6.434790114560601,0.010077838137095159,0.9948447846937832,-1.6792976327739895,11.0,-0.12371767769467966,-4.619397662556432,6.913417161825452,-5.0,5.000000000000001,1.2863642124114782,1.686040319175098
56.154,-4.787911242808416,6.29820877193874,-1.7668263741367398,0.9929905183419402,0.1557964117619537,-4.867858144226853,6.30957926216299,-1.7646990951533652,0.9957479638263917,0.17671558176582536,0.02952038803609692,0.15485716854459586,0.16256566946871412,0.014491469684970662,nan,nan,nan,0.9950323821498348,-1.6757267004016365,11.0,-0.12558918650704204,-4.619397662556432,6.913417161825452,-5.0,5.000000000000001,1.2891587233756276,1.686505649806637
56.201,-4.800591690997463,6.239969236959857,-1.7575292463316343,0.9932621189267719,0.15340516422017006,-4.878013968076526,6.2714571070649425,-1.7613035342264605,0.9958066985808964,0.17834804957963765,0.029771418379519025,0.1561741475224958,0.1642741518630349,0.014118342607905033,nan,nan,nan,0.9956470684513302,-1.6713600012887275,11.0,-0.12588345289355257,-4.619397662556432,6.913417161825452,-5.0,5.000000000000001,1.3211684529213765,1.6598132691026293
56.25,-4.808741971704141,6.201068191481575,-1.751446803175485,0.9934340168410796,0.15128528283235226,-4.8891506871602095,6.212754884016088,-1.751831072691549,0.9958430721501277,0.1651736253986133,0.029771821002329477,0.15817890089963624,0.16682923842135486,0.014415144879136739,nan,nan,nan,0.9955043474639491,-1.6664454817256533,11.0,-0.12840687192165307,-4.619397662556432,6.913417161825452,-5.0,5.000000000000001,1.3188777201120996,1.6607734379508108
56.300000000000004,-4.820516008849038,6.142610749569368,-1.742463681061082,0.9937302372128395,0.14858819089021097,-4.893119803263578,6.172423639899328,-1.74253334271115,0.9959400027944361,0.1402373869836959,0.029474572776290495,0.15946449382395242,0.16851718150772485,0.014051339256816295,-4.889799950574541,6.57154935805657,0.5722119518053106,0.995963051731401,-1.6619459531783585,11.0,-0.1278773664732522,-4.619397662556432,6.913417161825452,-5.0,5.000000000000001,1.322846692186206,1.660363150406886
56.351000000000006,-4.82806816921017,6.103567279288092,-1.7365648362096942,0.9940496616532659,0.14675895246297463,-4.900839739239345,6.1543925336107606,-1.7320387888678552,0.9937967351840892,0.17119069972024012,0.02948776984389792,0.15395248826374153,0.16225555299562675,0.01442512372638619,nan,nan,nan,0.9967353130260289,-1.6617068014567535,11.0,-0.12390198172159758,-4.619397662556432,6.913417161825452,-5.0,5.000000000000001,1.3294179574059835,1.6597076715822163
56.400000000000006,-4.835386092338115,6.06446373606276,-1.730751267541718,0.994503417512074,0.14406697821074688,-4.908685648481023,6.115653192884122,-1.7289527256702157,0.9945515585133505,0.11860268192912636,0.02962842395133503,0.15527021742827848,0.16396799272384438,0.014197589964143807,nan,nan,nan,0.9971471101673505,-1.656484207771637,11.0,-0.12795588696014137,-4.619397662556432,6.913417161825452,-5.0,5.000000000000001,1.3546505528926156,1.6443617364050782
56.45,-4.845930173920878,6.005691977827251,-1.7222420633992739,0.9951837513743594,0.14113640895370447,-4.917956622083974,6.056685746872692,-1.7212842831826862,0.9954395656965149,0.1399398516081141,0.029632606050843217,0.15727686269155633,0.1665284921360694,0.014436518578967295,nan,nan,nan,0.9970760576783684,-1.6524626172881232,11.0,-0.12809336879870642,-4.619397662556432,6.913417161825452,-5.0,5.000000000000001,1.330859132834967,1.6654473124379432
56.5,-4.852672856800435,5.966441089874055,-1.7166230323331129,0.995531750822592,0.1397790437777001,-4.917561200513968,6.015302608458543,-1.707957970859308,0.9959012778781998,0.13024338751741824,0.029042397262422973,0.15856360909027073,0.16822155410727424,0.014056311095272752,nan,nan,nan,0.997336592746752,-1.6482830450647108,11.0,-0.12568222521264902,-4.619397662556432,6.913417161825452,-5.0,5.000000000000001,1.3443834055772776,1.651435238644713
56.551,-4.862364723208135,5.907466582709574,-1.7083749488359066,0.9961400588115683,0.135202284763521,-4.934559525263938,5.885991846821195,-1.698450776290825,1.001252881564951,0.15935772685667526,0.029045372010849224,0.15306181689326795,0.1618655367323486,0.014349018509780861,-4.984641681462818,5.317165947998887,1.665566795429946,0.9984243903771255,-1.651814875924632,11.0,-0.11722095175797922,-4.619397662556432,6.913417161825452,-5.0,5.000000000000001,1.3695091235848758,1.6337436983749682
56.6,-4.868537616905328,5.868116037880169,-1.7028641156167963,0.9944011754905174,0.14383090251259112,-4.94141976980274,5.84684570903195,-1.694892245925267,0.9968347701049383,0.161996948267155,0.029221153660784406,0.15438161402972939,0.16358127326115404,0.01397956877202108,nan,nan,nan,0.9788490509188417,-1.492412270458485,12.0,0.23703148906373914,-5.0,5.000000000000001,-4.619397662556437,3.086582838174558,1.0698677639460175,1.7604970999576972
56.650000000000006,-4.877326125643593,5.809278572680791,-1.6932855071971682,0.9892472153622563,0.16983091344729478,-4.948623294497452,5.787587342496171,-1.6856291700265351,0.9913854988167123,0.16168287575560442,0.029218488878420174,0.1563910802155341,0.16614601188613035,0.01427759152373523,nan,nan,nan,0.9781206604005411,-1.4853231993105007,12.0,0.2226660295731246,-5.0,5.000000000000001,-4.619397662556437,3.086582838174558,1.0689047365650515,1.7680143177956267
56.7,-4.8828710711406025,5.770157564379189,-1.6861454408619532,0.9866522255536821,0.1832809034315241,-4.9531015202835444,5.748213341904003,-1.6784604984695,0.9887616720749776,0.19214645903848915,0.029222132584612044,0.15771811416981793,0.16784596583638078,0.0144745379724617,nan,nan,nan,0.9781321018390159,-1.476115127287901,12.0,0.20404018477591496,-5.0,5.000000000000001,-4.619397662556437,3.086582838174558,1.0767494506050954,1.7759452782165153
56.75,-4.890700775702683,5.711571924886317,-1.6746020020808265,0.983684677046389,0.19772606649765306,-4.989906962320931,5.700368685182911,-1.6723217474882346,0.9852304023801661,0.1719866805555784,0.029587931644094068,0.15230332842079458,0.1615526176017229,0.014198753974779375,-5.255837801830772,5.839157786543525,0.3642786550656853,0.9783790042262134,-1.4701369070651762,12.0,0.1919665203880037,-5.0,5.000000000000001,-4.619397662556437,3.086582838174558,1.0953736063731596,1.7666272133553393
56.800000000000004,-4.895580149821969,5.672561193987485,-1.666481869022255,0.9818221465355206,0.20664444803094612,-4.9938299118433624,5.661177544278468,-1.6639874743748715,0.9831588999082507,0.22141349190517473,0.02959533539171042,0.1536608465488786,0.16327645080337552,0.014396460196077626,nan,nan,nan,0.9748524128404241,-1.4475832330739478,12.0,0.14653425511253199,-5.0,5.000000000000001,-4.619397662556437,3.086582838174558,1.082681735984354,1.7904095322057128
56.852000000000004,-4.902359529388803,5.614115700909291,-1.653666643320008,0.9793230297183906,0.21721845422323613,-4.99856360144174,5.6023492038638,-1.6508338487984608,0.9807844643122344,0.21441976458740158,0.029547957236838736,0.15563703372094045,0.1658488898106527,0.014134637404045108,nan,nan,nan,0.9754320411168542,-1.441864892780355,12.0,0.13504087166593895,-5.0,5.000000000000001,-4.619397662556437,3.086582838174558,1.082681735984354,1.7719186872437627
56.900000000000006,-4.908464486899518,5.555708997760081,-1.640419056183292,0.9778115109356065,0.2230018009074705,-5.001623822061466,5.563245854050353,-1.6434498337629482,0.9799214222761758,0.1883350868797661,0.029543204322947752,0.15696562424234947,0.16755652487074316,0.014332988502946384,nan,nan,nan,0.9765485334715516,-1.4338375078417238,12.0,0.11892129871068056,-5.0,5.000000000000001,-4.619397662556437,3.086582838174558,1.0954417172343611,1.774894928434651
56.951,-4.9121437515145825,5.516770108831872,-1.6314081950221389,0.9771547731139394,0.22665756502072817,-5.062430177417187,5.391974051156283,-1.6361281560962293,0.9870747186637021,0.2361785539244391,0.03013173675853242,0.1515406293362744,0.1611732498770972,0.014075058289768015,-5.521143837817978,4.435078173135183,5.199537580352742,0.9769955336167995,-1.428539562254322,12.0,0.10829119426505174,-5.0,5.000000000000001,-4.619397662556437,3.086582838174558,1.0911256009333097,1.7851883459553743
57.0,-4.915496556435798,5.4778412267373415,-1.6222270671851504,0.975473664295668,0.23198851753929098,-5.064933210422852,5.352610299615319,-1.627888993477199,0.9832137577220575,0.23082799846476715,0.030129585558041627,0.15290102119098486,0.16290296945404437,0.01427402082957407,nan,nan,nan,0.9678995653196946,-1.382066510873659,12.0,0.015239744798306212,-5.0,5.000000000000001,-4.619397662556437,3.086582838174558,1.0044439630100415,1.777686055538202
57.051,-4.9198932198090555,5.419582353304514,-1.6079732839318055,0.9719253257398659,0.24101379746928703,-5.0661084359930735,5.293398797137569,-1.6105353346937086,0.9787294573733358,0.2620837904496924,0.029959396903590303,0.1548817796786693,0.1654851157353334,0.014014601893649937,nan,nan,nan,0.9686919594225842,-1.3769994403541657,12.0,0.005105319906096278,-5.0,5.000000000000001,-4.619397662556437,3.086582838174558,1.0156096073401493,1.7836158679374363
57.1,-4.922394387857593,5.380805029325089,-1.5982442960967882,0.970533666840911,0.24380388767668001,-5.0675573115958805,5.254291892916317,-1.6008848919995735,0.9771910301177,0.22244559097106484,0.02995424052145034,0.1562129679877647,0.1671988932966847,0.01421415692817009,nan,nan,nan,0.9713645942989971,-1.3706473466683256,12.0,-0.007598915119772946,-5.0,5.000000000000001,-4.619397662556437,3.086582838174558,1.0616869332873353,1.7716838650037299
57.152,-4.925483891611327,5.322661261972192,-1.5835422748226966,0.9695743482796855,0.2461243501877477,-5.070049661416603,5.195900942823273,-1.5880076389345474,0.9757401170232033,0.22565229720223667,0.030045666960043786,0.15814938058137024,0.16975282554793172,0.014100327448517833,-4.259643044850874,5.032549777839988,2.487154070736074,0.9725695958478394,-1.3661223134765568,12.0,-0.016649329521719353,-5.0,5.000000000000001,-4.619397662556437,3.086582838174558,1.060464319583799,1.7867955823759982
57.2,-4.927092388175051,5.283896777438085,-1.5736642061762018,0.9693515467256135,0.24718754200794452,-4.997414270997366,5.142484212148579,-1.5780588452993562,0.9760187469255671,0.2206326144609986,0.030008287886270843,0.1521408565905032,0.16246691293011392,0.014240189782146143,nan,nan,nan,0.9739387402599033,-1.3592053168670677,12.0,-0.03048529879597954,-5.0,5.000000000000001,-4.619397662556437,3.086582838174558,1.0782220618177818,1.7841071902584318
57.25000000000001,-4.928819920510522,5.225696223715954,-1.5589357442529457,0.9707171838738133,0.2424139615488125,-4.999298559219786,5.084215639219276,-1.5657924904662632,0.9769795102686689,0.2322237803794016,0.03017466947857606,0.15412749717720342,0.16505671931249918,0.013984566530213597,nan,nan,nan,0.98229643216887,-1.3896122910751085,12.0,0.030333335775175618,-5.0,5.000000000000001,-4.619397662556437,3.086582838174558,1.1695518324542487,1.758385403558193
57.300000000000004,-4.9295098685681085,5.18681253320707,-1.5493732269922391,0.9722290527997475,0.23694898275787102,-4.999017347509775,5.045125874374793,-1.5559147720617976,0.9781789662467792,0.24813497574352858,0.030180595695688022,0.15546266136449172,0.16677557686572292,0.014184124242549298,nan,nan,nan,0.9833408981699612,-1.3830053864511318,12.0,0.017117618966391253,-5.0,5.000000000000001,-4.619397662556437,3.086582838174558,1.1855373371823608,1.7481196249242337
57.35,-4.929849741720373,5.128370639909343,-1.5354363131283002,0.9743528960370224,0.22876356073230744,-4.9926197412920565,4.985627776224933,-1.5356785584257555,0.9798414653876584,0.2382001668129602,0.029709672167923883,0.15740622960695627,0.16933733350702435,0.013922456811079542,-5.361404257347476,5.337477604976006,nan,0.9844516214428877,-1.3793427557657807,12.0,0.009767392461201702,-5.0,5.000000000000001,-4.619397662556437,3.086582838174558,1.203989198813098,1.7351972671063263
57.400000000000006,-4.929616295244382,5.089337222977592,-1.5264320875235224,0.9759096356664484,0.22256257377813587,-5.023506462025508,4.981794433363838,-1.5268826231995374,0.9790031272513712,0.21469481112854238,0.029726964300328614,0.15150344217915965,0.16212070772889553,0.014118622210274184,nan,nan,0.9418941795735192,0.9873955355236985,-1.3767381130207965,12.0,0.004434567341952916,-5.0,5.000000000000001,-4.619397662556437,3.086582838174558,1.2358505113917628,1.7221117141562714
57.45,-4.9285829090798385,5.030680415642928,-1.5133423484567528,0.978049872294436,0.21599668582771742,-5.021328977525047,4.923162225174188,-1.513912277951556,0.9811094616095113,0.24425949966229007,0.02979759735298741,0.153497972511603,0.16471624871387897,0.01386516536694064,nan,nan,nan,0.9862260959037479,-1.3607161956207483,12.0,-0.026606521806510727,-5.0,5.000000000000001,-4.619397662556437,3.086582838174558,1.2124005667075068,1.7391440005410397
57.50000000000001,-4.92744491949513,4.991523339723553,-1.5047851595823025,0.9792664394857906,0.21218362461079363,-5.0190034503592,4.883973505012818,-1.5053167947853443,0.9823426102181912,0.1962851092566924,0.02979244800299291,0.15483839265807076,0.16643775806032307,0.014065939701267367,nan,nan,nan,0.9874545789377994,-1.3553453177242492,12.0,-0.03590945343638806,-5.0,5.000000000000001,-4.619397662556437,3.086582838174558,1.237506368836007,1.7177996497880959
57.550000000000004,-4.92507769347566,4.932724432804544,-1.4922523735605948,0.9809680570979644,0.2070578504790157,-5.023343429972637,4.826054005526072,-1.503321513376355,0.9839964508206824,0.1774531287400916,0.030555627651226148,0.1567912671418936,0.16900284742294763,0.013819073870306564,nan,nan,nan,0.9882744067903216,-1.3520289606008025,12.0,-0.04127395065862914,-5.0,5.000000000000001,-4.619397662556437,3.086582838174558,1.227793287095779,1.73062870224405
57.6,-4.923065293035599,4.893493851543634,-1.4840109847286471,0.9818400942701327,0.2057487526137165,-5.080763433952974,4.85494862907303,-1.4957315077968432,0.9796496516574564,0.17699535915202194,0.03058898722968581,0.15086185521115983,0.16169093686214472,0.014016264008425462,-5.703838421587204,5.477663924401105,3.314996494430334,0.9871148529985823,-1.3426173526018954,12.0,-0.056830072586619984,-5.0,5.000000000000001,-4.619397662556437,3.086582838174558,1.2021235264651446,1.7422735057964496
57.651,-4.919406721729045,4.834644916120665,-1.4716038031310883,0.9824023019032934,0.2083388857763074,-5.076129605415515,4.796322634742297,-1.4832463412166665,0.9809796633988861,0.2205041625851664,0.030597819217290663,0.1529049684799139,0.1642854042180425,0.01431546621657062,nan,nan,nan,0.9838176138927709,-1.3155858979676542,12.0,-0.10750970587891898,-5.0,5.000000000000001,-4.619397662556437,3.086582838174558,1.166309529032174,1.7651500711981232
57.818000000000005,-4.919406721729045,4.834644916120665,-1.4716038031310883,0.9824023019032934,0.2083388857763074,-5.076129605415515,4.796322634742297,-1.4832463412166665,0.9809796633988861,0.2205041625851664,0.030597819217290663,0.1529049684799139,0.1642854042180425,0.01431546621657062,nan,nan,nan,0.9838176138927709,-1.3155858979676542,12.0,-0.10750970587891898,-5.0,5.000000000000001,-4.619397662556437,3.086582838174558,1.166309529032174,1.7651500711981232
57.85,-4.901785639207332,4.638684834917995,-1.4302617930980088,0.9843059569878381,0.2037310383491302,-4.9674012744569636,4.637034295983635,-1.4443739740804729,0.9832311134702512,0.2064498206519959,0.030984427744289146,0.15227729522215844,0.1637650555009572,0.01428519124338644,-4.0457133092414015,4.989888213552194,4.182061024882216,0.9865377553873177,-1.2936126644271404,12.0,-0.1320713996450831,-5.0,5.000000000000001,-4.619397662556437,3.086582838174558,1.1981427271373302,1.7425526026382494
57.900000000000006,-4.897274341787,4.599533226039575,-1.4222075714489366,0.9854793305751667,0.1974897059917023,-4.965710500695847,4.598141972719098,-1.4404997250785139,0.9857181570175743,0.18021737348239394,0.031293618323123044,0.15359596232615427,0.16548267216087703,0.01393738616178142,nan,nan,nan,0.9955503170183537,-1.3500025075309636,12.0,-0.03883874590484833,-5.0,5.000000000000001,-4.619397662556437,3.086582838174558,1.3487644441376974,1.6667189872646277
57.95,-4.889894015935421,4.540743796991903,-1.4108822482234762,0.9880979832518069,0.18352405851201162,-4.95777279103191,4.53946954480481,-1.4295029807695325,0.9886900754173097,0.1465518247579084,0.03129248603057436,0.15561269946865566,0.1680428077293858,0.014237279823721177,nan,nan,nan,0.9954979057658853,-1.345573686103612,12.0,-0.04476797575708705,-5.0,5.000000000000001,-4.619397662556437,3.086582838174558,1.3337443591934728,1.6743485773322624
58.001000000000005,-4.881794809074911,4.481916948405572,-1.4002062684725423,0.9900731524348914,0.17432647966617712,-4.942224037734598,4.500090493487855,-1.410843434319032,0.990221771320983,0.1948790442465738,0.030410457927159608,0.15690471420373886,0.16973662422669983,0.013882194781431474,-5.762220121479177,4.306382891156873,nan,0.9961720301947482,-1.341976818660148,12.0,-0.048429209813849274,-5.0,5.000000000000001,-4.619397662556437,3.086582838174558,1.3884014508602491,1.6751350350094028
58.050000000000004,-4.8760115212382065,4.442689714585941,-1.3934649951557825,0.9913943841397351,0.16463416055968588,-5.006236334221199,4.420614861149521,-1.4005674671335815,0.9932045760829534,0.15286030989922464,0.030446454151694155,0.15177478767753688,0.16331061703562322,0.014260134144213966,nan,nan,2.581883977906129,0.9979152602534792,-1.346260704334647,12.0,-0.04086169325333918,-5.0,5.000000000000001,-4.619397662556437,3.086582838174558,1.3884014508602491,1.6262464054161438
58.1,-4.866783129902715,4.383873400185824,-1.3837455766280375,0.9920059804864568,0.16247386532584665,-4.99625082395225,4.38146625131171,-1.3907016428121293,0.9933573078067699,0.14190906770682904,0.030145459129118316,0.15310402910396245,0.16502332019187024,0.013901989996051124,nan,nan,nan,0.9937337272461612,-1.2885600738601513,12.0,-0.1191489381175254,-5.0,5.000000000000001,-4.619397662556437,3.086582838174558,1.2793047718290085,1.6930387037299188
58.150000000000006,-4.86027792540054,4.344710295799306,-1.3772406944613906,0.9922648451362779,0.16248754868894594,-4.985366583705246,4.3228616406357565,-1.3805203581882957,0.9937384691481087,0.15327664905264712,0.030149236231469402,0.15513591931718,0.16757470239390443,0.014201906847988324,nan,nan,nan,0.9946883695843481,-1.287586761987541,12.0,-0.11699281152816791,-5.0,5.000000000000001,-4.619397662556437,3.086582838174558,1.2918747391802228,1.687692127488524
58.2,-4.853497571012491,4.305582205437247,-1.3707624835219345,0.9925829941192562,0.16129944741479726,-4.9777863327148095,4.283838309447444,-1.3737939367574397,0.994095181059065,0.16342678187300816,0.03015254683877069,0.1564802396803656,0.1692625982710667,0.014400063818646412,nan,nan,nan,0.995247749642766,-1.282990679473801,12.0,-0.11775090127393507,-5.0,5.000000000000001,-4.619397662556437,3.086582838174558,1.306497455583505,1.6764651724848711
58.25000000000001,-4.842821674818515,4.246955449345653,-1.3611849546502368,0.9930804587807618,0.15811926064635612,-4.955004679355783,4.219456201256521,-1.366067382811767,0.9951208908426371,0.16552039132690102,0.030396648835416373,0.15126860578245058,0.1627514767412007,0.014271045606278015,-4.823232425412345,4.207781467314643,0.09716070597700804,0.9955992743187198,-1.2799434470883635,12.0,-0.11792937692842297,-5.0,5.000000000000001,-4.619397662556437,3.086582838174558,1.3169817079517132,1.6677917514605352
58.30200000000001,-4.83155284239722,4.188408435330419,-1.3518588468509058,0.9936405719367795,0.15314849621512325,-4.946864284686358,4.1804892599338,-1.3598977496398705,0.9954622316078748,0.16470022459257455,0.030398148967102114,0.15264684967341968,0.16445732853078066,0.014413442837787383,nan,nan,nan,0.9965343500400983,-1.282788890987785,12.0,-0.1081457928696852,-5.0,5.000000000000001,-4.619397662556437,3.086582838174558,1.335906867534126,1.6533260299445525
58.35,-4.8237182364882525,4.149421303550064,-1.3458197373418115,0.9940165408024635,0.14964028931476142,-4.932219205784089,4.122218847089408,-1.3479587207463792,0.9959240745406908,0.13914990367390306,0.030224626045211426,0.15465575532707931,0.16699899424618284,0.014286335313968602,nan,nan,nan,0.9968043755573464,-1.2799311579014314,12.0,-0.10776388673187315,-5.0,5.000000000000001,-4.619397662556437,3.086582838174558,1.3411464967745166,1.6492860923157748
58.400000000000006,-4.815631493510298,4.110470546500676,-1.339913964550793,0.9944168472514132,0.14638412101562975,-4.915306486377696,4.064199178503187,-1.3343934136831415,0.9964745067276163,0.11563502377488731,0.029912287081531694,0.15664287412240124,0.16951733859178447,0.013962387629008902,nan,nan,nan,0.997515505331067,-1.2774530594601001,12.0,-0.10476820252000955,-5.0,5.000000000000001,-4.619397662556437,3.086582838174558,1.3473052652488886,1.6475023261686026
58.452000000000005,-4.803038958683991,4.05211109976973,-1.3313116998835837,0.9950361366315967,0.1407737693021558,-4.899670909092505,3.9937177478712385,-1.329339527295665,0.9990355111985787,0.11611850660223257,0.029912126474010967,0.15075959866952915,0.1621008382045681,0.014157598546471546,-4.8423639563059915,3.7402790976859035,0.3493240250633217,0.9978400840410501,-1.2748371523730126,12.0,-0.10363230198282683,-5.0,5.000000000000001,-4.619397662556437,3.086582838174558,1.3643927118912529,1.6319426307210227
58.50000000000001,-4.78991966954143,3.993956975363578,-1.322351902805617,0.9910985669910086,0.16187167990216955,-4.890061382567949,3.954974470200241,-1.3237539795909439,0.9947499853704376,0.12886641033630944,0.029910852211853932,0.15214899862241388,0.16379884346712761,0.014355531262822319,nan,nan,nan,0.9774133327480713,-1.1163972375600864,13.0,0.2709384655242788,-4.619397662556437,3.086582838174558,-3.5355339059327417,1.4644660940672658,1.0479607611161277,1.7852957911163225
58.551,-4.780911017199376,3.955423098869213,-1.315425537966936,0.987932200410769,0.17930964321031337,-4.87591628740423,3.89719606606242,-1.3153724199520043,0.9895631210414578,0.18572256497649686,0.029967710777085755,0.15417502376030146,0.16633035675094246,0.014085524413465656,nan,nan,nan,0.9771875608406745,-1.109746011247962,13.0,0.25740388301444295,-4.619397662556437,3.086582838174558,-3.5355339059327417,1.4644660940672658,1.0479607611161277,1.7868915378760257
58.601000000000006,-4.771683181219047,3.917055362187067,-1.3079178153242883,0.9853737980506956,0.19188181664172382,-4.865859026809815,3.858939375791312,-1.3087803668758367,0.987023847248672,0.17549838524654798,0.029964672353039522,0.1555399613837969,0.16800664759458894,0.01428416162202449,nan,nan,nan,0.9768390869665401,-1.0997297803278716,13.0,0.237065138355853,-4.619397662556437,3.086582838174558,-3.5355339059327417,1.4644660940672658,1.0743355367076812,1.7726854035988817
58.650000000000006,-4.757399271494924,3.8597785806671654,-1.295904574368154,0.982378456650357,0.20568206021273436,-4.853913203318212,3.8014689818303418,-1.3006702152909868,0.9839858164601284,0.23762837670767797,0.030286817462110524,0.15752845612313796,0.1705020760121254,0.01402316681789197,-5.227580338776044,3.9247403187367995,0.5622079394476523,0.9768884188364887,-1.0933683981532247,13.0,0.22417316659463893,-4.619397662556437,3.086582838174558,-3.5355339059327417,1.4644660940672658,1.0743424409179854,1.7801796388885829
58.7,-4.747561568360144,3.8217629753752536,-1.2875130803109838,0.9807886367750328,0.21163851990630192,-4.8771932796378845,3.7768000177717065,-1.2916793701502516,0.9810680881041977,0.21499116126187973,0.030300686927816314,0.15164672953990546,0.16306999671504147,0.014218260132540116,nan,nan,nan,0.9762938128959745,-1.082493921212203,13.0,0.20217691565721194,-4.619397662556437,3.086582838174558,-3.5355339059327417,1.4644660940672658,1.0970621099229672,1.7614882907931773
58.753,-4.732302618444225,3.7649835453055798,-1.2745668615758767,0.9786461059346754,0.21917219283949185,-4.858331800378706,3.720623281888059,-1.2766228759006644,0.9792187864589754,0.2096481675545248,0.030075909288393803,0.15369105225272484,0.1655957897352122,0.013965543035028557,nan,nan,nan,0.9746656856039657,-1.0661044856427087,13.0,0.1691148975149123,-4.619397662556437,3.086582838174558,-3.5355339059327417,1.4644660940672658,1.0746932055837712,1.7794249300968956
58.801,-4.716407678489242,3.7084882250570685,-1.261177959584835,0.9772530106121703,0.22545307333977993,-4.8468988596861085,3.683167272383233,-1.2679519063566769,0.9785985097770269,0.21790819146902468,0.030077898446955437,0.15506804159045157,0.16726921961248295,0.014165402638093155,nan,nan,nan,0.9762817891870201,-1.0583910390629188,13.0,0.15358752211683518,-4.619397662556437,3.086582838174558,-3.5355339059327417,1.4644660940672658,1.092656247512029,1.7796332239816461
58.851000000000006,-4.705437374580028,3.670963391609093,-1.2521172518686376,0.9768072376540257,0.22682328706686747,-4.828197191073155,3.627355856066092,-1.25290143907964,0.9780983743275421,0.22773423400245538,0.029997907281192546,0.15707804811055925,0.16975997423250064,0.013906230577636016,-4.8078471967391865,3.4197074691644462,0.15610652908116196,0.9774054076173859,-1.0500187444520324,13.0,0.13675461457977575,-4.619397662556437,3.086582838174558,-3.5355339059327417,1.4644660940672658,1.1258694937071316,1.765040057344392
58.901,-4.68839729304458,3.614869802413195,-1.238472525233186,0.9765451882080655,0.22776138976561056,-4.813745798630417,3.5686743661753444,-1.243822255639687,0.9795056932703643,0.21078919881818742,0.02999767735165214,0.15126845126569696,0.16243649783824474,0.01410263235778387,nan,nan,nan,0.9782380835499174,-1.0348183901597052,13.0,0.10624113319501743,-4.619397662556437,3.086582838174558,-3.5355339059327417,1.4644660940672658,1.1142155534588822,1.7725957908442782
58.95,-4.676638040042968,3.577605197239406,-1.2293295927627292,0.976321458950113,0.22911601242678495,-4.793877655744246,3.513233291885982,-1.2287336749106255,0.9791534303044596,0.24188733960858325,0.029934930430538433,0.15333585159762025,0.16495710183281326,0.013848459307188624,nan,nan,nan,0.9782380835499174,-1.0348183901597052,13.0,0.10624113319501743,-4.619397662556437,3.086582838174558,-3.5355339059327417,1.4644660940672658,1.1142155534588822,1.7725957908442782
59.00300000000001,-4.658391846363472,3.5219118115065955,-1.2155796091729654,0.9763353599149138,0.2284457094374833,-4.780650814695918,3.4763668182670573,-1.2196649087426485,0.9792566302174043,0.21411417988395884,0.029932272752623192,0.15472798712268584,0.1666264769565103,0.014128924769130125,nan,nan,nan,0.9798597128634956,-1.0276950826530542,13.0,0.09195947969595569,-4.619397662556437,3.086582838174558,-3.5355339059327417,1.4644660940672658,1.1455673385341627,1.7551732436200105
59.051,-4.6458147971347685,3.484911641345622,-1.2064590973550662,0.9765722352175488,0.2278283671601838,-4.763403898354897,3.4206881500168045,-1.2091099424183327,0.979555099124001,0.22767752805675973,0.030227945528359695,0.15676284247011182,0.16911024626752796,0.014099369449989699,nan,nan,nan,0.9811573645420227,-1.0146768755017157,13.0,0.06588215690478799,-4.619397662556437,3.086582838174558,-3.5355339059327417,1.4644660940672658,1.1544057670133137,1.7555629453177575
59.1,-4.632903770792547,3.4480148749718573,-1.1973619249483258,0.9768558648191723,0.22698758786964862,-4.692846014182667,3.357240239386827,-1.1988965421782642,0.982898829175905,0.22022551627265294,0.03020477135875037,0.15088946879167375,0.16173201190032527,0.014237707705266268,-4.134852138184376,3.155533938029225,1.6222660579773467,0.9811573645420227,-1.0146768755017157,13.0,0.06588215690478799,-4.619397662556437,3.086582838174558,-3.5355339059327417,1.4644660940672658,1.1544057670133137,1.7555629453177575
59.151,-4.612908017871117,3.39286123474589,-1.183841780637728,0.9777020617535394,0.22319490202563283,-4.671158970636672,3.3023980823220342,-1.184665228441576,0.983259894627357,0.2326424022283402,0.03021099831151132,0.15301936327351676,0.16424239581200603,0.014532387340414463,nan,nan,nan,0.9851537685160812,-1.0263676303176736,13.0,0.08929912300905693,-4.619397662556437,3.086582838174558,-3.5355339059327417,1.4644660940672658,1.1951729548638652,1.7365792774275142
59.203,-4.592148334091724,3.3379153282202596,-1.170667420917668,0.9789910333211248,0.21668031596356538,-4.660108587574085,3.265161667524807,-1.179784992314324,0.9838840470569291,0.21869467148798744,0.030571522301833954,0.15439038567726387,0.16590322404810087,0.014153916112707911,nan,nan,nan,0.9864995160416041,-1.0201600858176023,13.0,0.0768625707184497,-4.619397662556437,3.086582838174558,-3.5355339059327417,1.4644660940672658,1.2170595980391723,1.7244611041284208
59.25000000000001,-4.577886310607312,3.3014024444171786,-1.162086240998518,0.9797456453724717,0.2133950272190729,-4.637356779124362,3.2106720384063285,-1.1673607674245712,0.9845998670169915,0.17689114060859842,0.03056787557044555,0.1564896721896784,0.1683764661454868,0.014449821217074001,nan,nan,nan,0.986357955008767,-1.0144176685055968,13.0,0.06536318479358344,-4.619397662556437,3.086582838174558,-3.5355339059327417,1.4644660940672658,1.208750451213422,1.7298966854492135
59.301,-4.555870253254909,3.2468216006227224,-1.1493871535358369,0.9808846058832025,0.21063922461717688,-4.6225996244127225,3.174292200143195,-1.1591722114557328,0.9851490507064683,0.22501655764426742,0.03064768292279222,0.15783938861463442,0.1700088452631449,0.01408153477257696,-4.0763719556540305,3.328920712189575,1.1727425241430527,0.9874468782680634,-1.0087450463703784,13.0,0.05400780619795145,-4.619397662556437,3.086582838174558,-3.5355339059327417,1.4644660940672658,1.2054810568455112,1.73981530752121
59.35,-4.540782722054868,3.2105610904260615,-1.1410403277928063,0.9816536694850603,0.20714945974980692,-4.549579784252488,3.134828829875384,-1.1460323327212596,0.9862387327348119,0.18503293333282667,0.030617969892916763,0.15266521022609522,0.16344885245700763,0.014374444138252297,nan,nan,nan,0.98810468980893,-1.0047768206360894,13.0,0.04606637668366237,-4.619397662556437,3.086582838174558,-3.5355339059327417,1.4644660940672658,1.2329269981577398,1.716099924501256
59.400000000000006,-4.5175406749279805,3.156344723048832,-1.128889989757339,0.9835611666370665,0.19848688037655868,-4.534695348727627,3.098532581602895,-1.13952268489738,0.9875263874124771,0.17929482542246686,0.030757942034324994,0.15405449619416517,0.1650989583014599,0.014015378789857548,nan,nan,nan,0.992706999617043,-1.0251862959152143,13.0,0.08485548105665983,-4.619397662556437,3.086582838174558,-3.5355339059327417,1.4644660940672658,1.2841056917655969,1.698617455517472
59.45,-4.501637984971152,3.120303058920963,-1.1210918099270513,0.9848706900602178,0.19288784477088644,-4.509686052835259,3.0447818093194665,-1.1265923737555648,0.9891502395976193,0.20426267891106573,0.030766801763374502,0.15617848489210806,0.1675572468784861,0.014313411952246499,nan,nan,nan,0.9931015796654282,-1.0219951023938392,13.0,0.07706632178137403,-4.619397662556437,3.086582838174558,-3.5355339059327417,1.4644660940672658,1.2865687483871033,1.6957156355597527
59.50000000000001,-4.485418404372899,3.0843494267303355,-1.11352055956478,0.9860827452668302,0.18669045852532895,-4.490235939508795,3.0097413347197706,-1.1173814829203021,0.9901551009866444,0.159167361317048,0.030540895670444917,0.15754714520640598,0.16917843697746593,0.013948668024924733,nan,nan,nan,0.9941512182864328,-1.0183843149318326,13.0,0.06799846225847334,-4.619397662556437,3.086582838174558,-3.5355339059327417,1.4644660940672658,1.3124095960202022,1.6736236293625457
59.551,-4.4605123045409245,3.030588112513662,-1.1026195983463072,0.9877941521034235,0.1785678742383507,-4.387932499364034,2.95456047396321,-1.1057091326222015,0.9936908803109357,0.17262094730254168,0.030509948362038828,0.1523130858479464,0.16258048318979726,0.014240769926431229,-3.646281084550313,3.0000413090594327,2.537119128173673,0.9950036964475687,-1.017376786902659,13.0,0.06470319580679824,-4.619397662556437,3.086582838174558,-3.5355339059327417,1.4644660940672658,1.3086911034409132,1.681371302440203
59.601000000000006,-4.443535359066927,2.9948596167758508,-1.0956603061416714,0.9890326611869067,0.16977099937693607,-4.369961617581938,2.919080280680841,-1.0987687300270563,0.9946760461251899,0.15640938674455132,0.030503214355764707,0.1537212894991239,0.16421781926608986,0.013952380075799015,nan,nan,nan,0.99851403017435,-1.0511868804810744,13.0,0.11910855385243527,-4.619397662556437,3.086582838174558,-3.5355339059327417,1.4644660940672658,1.3911316933742928,1.6166016919556405
59.651,-4.417527955694577,2.941418679888308,-1.086015565134374,0.9909603059220353,0.15476645997842955,-4.342635584944664,2.865994511837637,-1.0889127002508152,0.9959181416658982,0.1435405361915183,0.0305058710232212,0.15587067150451794,0.1666583926514266,0.014335463492007186,nan,nan,nan,0.9988102249636389,-1.049983260086043,13.0,0.11433905671106358,-4.619397662556437,3.086582838174558,-3.5355339059327417,1.4644660940672658,1.3930618348163168,1.6142907352437157
59.701,-4.3909043276813815,2.8881683282954285,-1.0771607585730565,0.9925604656592333,0.14259121808558278,-4.3241204246862415,2.8307142318459113,-1.083156766581138,0.9965989376036832,0.1354010543068013,0.03050711771194735,0.15729510048080114,0.16827144016531875,0.014531608614167768,nan,nan,nan,0.9991756849553606,-1.048306584485931,13.0,0.10756694950750073,-4.619397662556437,3.086582838174558,-3.5355339059327417,1.4644660940672658,1.3998627250280136,1.6068486433694515
59.75000000000001,-4.372834283463631,2.852776801359217,-1.0716352652751688,0.993473468948029,0.13549459464380587,-4.206827857319792,2.698426527193232,-1.074840584407894,1.004574851623131,0.10707594542617473,0.03048370722030666,0.15208131069213018,0.16179027114774974,0.01424820765646443,-3.362822079029394,2.073794586692443,5.238279841393872,0.9993578170453136,-1.047316797283796,13.0,0.10336106925329094,-4.619397662556437,3.086582838174558,-3.5355339059327417,1.4644660940672658,1.4035321913182697,1.6027312557648552
59.801,-4.345287337549694,2.7998656789235854,-1.0639525253059094,0.9941405871064937,0.12206021979377706,-4.187667258259988,2.663117149763084,-1.0695381819884142,1.003677956956738,0.12193060851118404,0.03048847979351916,0.15353973363990334,0.16342127279487928,0.014445197892074336,nan,nan,nan,0.9999973974857751,-1.07255913076874,13.0,0.1273911638679261,-4.619397662556437,3.086582838174558,-3.5355339059327417,1.4644660940672658,1.433019523240368,1.5542031278168895
59.85,-4.326653059687107,2.764715945203536,-1.0593034749530443,0.9944778894786849,0.11266214448705225,-4.15221125892513,2.6126920989695015,-1.055568593510926,1.0025958881517103,0.10463353365620456,0.029884809084780826,0.15567776937304165,0.16584177860956234,0.014176875132689039,nan,nan,nan,0.9999955303056389,-1.0725280641569153,13.0,0.12370578069302118,-4.619397662556437,3.086582838174558,-3.5355339059327417,1.4644660940672658,1.4481291542226693,1.541585122086533
59.900000000000006,-4.298325441778739,2.7121655807359972,-1.0530473663826687,0.9949845366957195,0.09809910525261156,-4.132419438152106,2.5778187341902785,-1.0519343837170214,1.0020395372415627,0.07998868874324186,0.029883473521482285,0.15711668665419837,0.1674444235851842,0.014509422433139876,nan,nan,nan,0.999749891128636,-1.0779346078094416,13.0,0.12517170949435935,-4.619397662556437,3.086582838174558,-3.5355339059327417,1.4644660940672658,1.4709558116556138,1.5198973828704334
59.95,-4.279207035398843,2.6772412365776206,-1.0493320546446825,0.9953072114982918,0.08990289558754641,-4.168393085905272,2.457880075798148,-1.0518709960839732,1.00324617876926,0.07179591513799224,0.030397060109855194,0.1518202762109462,0.1609290789035664,0.014179946789588825,-4.8128545401418075,1.8717801214400032,3.3806845040493423,0.9996424774152218,-1.0786755089941147,13.0,0.1222534036426961,-4.619397662556437,3.086582838174558,-3.5355339059327417,1.4644660940672658,1.4681392560685376,1.523403959025224
60.001000000000005,-4.2502070911736025,2.625016286920591,-1.043965411302491,0.9954777624602678,0.0925880217509947,-4.148468835738506,2.423056234075066,-1.0489290472848285,1.0023663047752915,0.07392406121492928,0.030396828967748,0.15328991848962065,0.16255160771347266,0.014377356062413837,nan,nan,nan,0.9988339891830897,-1.0035752926671124,13.0,0.025708060301288582,-4.619397662556437,3.086582838174558,-3.5355339059327417,1.4644660940672658,1.3469124368675212,1.6343248018244372
60.051,-4.230673185263364,2.5903091569984804,-1.0401444409522167,0.9955610744744572,0.09707786307567191,-4.117534043973138,2.3713425053471733,-1.0423217316890225,1.0013228852199385,0.10768965042146728,0.030316110144583523,0.15544356125597406,0.1649632372323446,0.01410415678899,nan,nan,nan,0.9988943253190506,-1.001899726775247,13.0,0.022927379002138037,-4.619397662556437,3.086582838174558,-3.5355339059327417,1.4644660940672658,1.3511184820512432,1.633067194608045
60.101000000000006,-4.201085901642641,2.538400033413103,-1.0342074793346852,0.9958061032808475,0.09951113938245466,-4.097309999782917,2.336775917496422,-1.0382142293195615,1.0008792760411052,0.10909856770843421,0.030316956102212134,0.15689122693961577,0.16656178940313962,0.0143023276815633,nan,nan,nan,0.9991144045255949,-1.000233105707481,13.0,0.019918109998280975,-4.619397662556437,3.086582838174558,-3.5355339059327417,1.4644660940672658,1.37442555543061,1.6145397130380617
60.151,-4.1811739879124215,2.5038900960912174,-1.0302198847810082,0.996014915422385,0.09970820672615585,-4.067690557746368,2.2847026427692594,-1.0326310042793878,1.0003689175875878,0.13371275049944376,0.030411483841435827,0.15901023951396145,0.1689338239174847,0.014038658345416614,-4.330812039803638,2.7058090216496393,0.8841707466596278,0.999217187201773,-0.9986436606554961,13.0,0.01752962091337934,-4.619397662556437,3.086582838174558,-3.5355339059327417,1.4644660940672658,1.3798010290901237,1.6112338809155728
60.2,-4.161131931723157,2.469506050125831,-1.0259381362380242,0.9929841059601131,0.11790743677003032,-4.073310995665643,2.294868669839401,-1.0289913156502615,0.9906648244826174,0.10907167239221535,0.030405555181439673,0.15299200518416758,0.16164554900095615,0.014233297383593194,nan,nan,nan,0.9682265995962692,-0.7798738127773817,14.0,0.3863513700945963,-3.5355339059327417,1.4644660940672658,-1.913417161825452,0.38060233744356786,0.946875333435433,1.7981767075418964
60.251000000000005,-4.130971776957669,2.4184296080320324,-1.0172853238048782,0.9857866490825679,0.16107654289167025,-4.039654274197394,2.245439109558621,-1.0176090388162562,0.9840607068977505,0.14971727556038375,0.030112942686067908,0.155162249128184,0.1640497238186913,0.013978348344113352,nan,nan,nan,0.9697603045874377,-0.7824417546616375,14.0,0.39168156467678056,-3.5355339059327417,1.4644660940672658,-1.913417161825452,0.38060233744356786,0.9664035847927939,1.818794929844893
60.300000000000004,-4.110760297483855,2.384667142353204,-1.0102877515683724,0.9824109727486519,0.18227554103107224,-4.018936021959785,2.2120058710043273,-1.0109857853536963,0.9811591332112354,0.17723854102049752,0.030114435499034965,0.15662081928775365,0.16564438816967103,0.014177838490758703,nan,nan,nan,0.9699000679079222,-0.7716327921477159,14.0,0.3692810599426257,-3.5355339059327417,1.4644660940672658,-1.913417161825452,0.38060233744356786,0.9936245779579821,1.8117794975152965
60.351000000000006,-4.080206745488307,2.3344115414617757,-0.9985093732317817,0.9784759326033192,0.20503007430369732,-3.986636447747453,2.162713644721723,-0.9977526466154072,0.9776090202907002,0.20938963083045992,0.030032085299284104,0.1587607393329904,0.1680100760880808,0.013916779636818373,-4.516106725360392,3.153229142182659,4.524969923615217,0.9695915799923118,-0.7637458450619982,14.0,0.3529927822672761,-3.5355339059327417,1.4644660940672658,-1.913417161825452,0.38060233744356786,1.0055854298395657,1.8055144178982623
60.400000000000006,-4.059642926972175,2.3011605463139024,-0.990028621453769,0.9764343571163172,0.2156058443928075,-4.018778818473733,2.233201562826541,-0.9885518977999075,0.968619060768848,0.2220327649395519,0.030035011270894828,0.15278754472126663,0.1608532375936205,0.014112786751785934,nan,nan,nan,0.9700886638078151,-0.7525521090371885,14.0,0.32995247596212873,-3.5355339059327417,1.4644660940672658,-1.913417161825452,0.38060233744356786,1.028600481589951,1.79669038966024
60.451,-4.028425944132475,2.251622167050425,-0.9767710535900779,0.975630764865865,0.22281893796160895,-3.987042723995691,2.1845841248187234,-0.9770519882345168,0.9699005686894285,0.1946461560165718,0.03007336679881143,0.1549840980860826,0.16325119102145585,0.013859879072378005,nan,nan,nan,0.9767129531641329,-0.7723205706550724,14.0,0.37070369350655363,-3.5355339059327417,1.4644660940672658,-1.913417161825452,0.38060233744356786,1.1053196631684448,1.7880113629019931
60.50000000000001,-4.007306652917277,2.218778133678647,-0.967797808020084,0.9759351021640935,0.22546778387862104,-3.9652764599090315,2.152454099901736,-0.9686510831264656,0.9711812755704393,0.23188107239679023,0.030079371400065055,0.1564605403126534,0.16484212109448776,0.014060593327749225,nan,nan,nan,0.9768115815142394,-0.7612808412742129,14.0,0.3479114005793485,-3.5355339059327417,1.4644660940672658,-1.913417161825452,0.38060233744356786,1.1053196631684448,1.796916179236098
60.551,-3.9751374283568146,2.1698072057679285,-0.9541580436749862,0.9762341205357311,0.22805746144711742,-3.9318226700379273,2.10465997249679,-0.9547407442748415,0.9727791458364698,0.21173150996126872,0.030056681474108587,0.15863171804750242,0.1672005311025882,0.01381421247144746,nan,nan,nan,0.9770881870822176,-0.7541757078126068,14.0,0.3332889496289414,-3.5355339059327417,1.4644660940672658,-1.913417161825452,0.38060233744356786,1.121477570347699,1.779398838371843
60.6,-3.953355705423502,2.1373711741368715,-0.9450099478853843,0.9763886340717356,0.22916247334727008,-3.912870250201597,2.1054494829149095,-0.9461274861143405,0.9717033642989373,0.22104738817192524,0.030052550803678003,0.15256735540410493,0.16001559652025055,0.014011278468326829,-3.9413188289412946,2.4079972783335433,0.3675519185475405,0.9778484971038847,-0.7438674602133902,14.0,0.3121355148792909,-3.5355339059327417,1.4644660940672658,-1.913417161825452,0.38060233744356786,1.1195577886307868,1.7827924328461253
60.651,-3.9201593905896748,2.0890424469134974,-0.9312479936140046,0.9771517626010654,0.22869778984670813,-3.8784989048074507,2.058309779544441,-0.9304136302596903,0.9739060193324485,0.23711340319964128,0.030059917489493375,0.15482634888686858,0.16240903984105048,0.014310365108257235,nan,nan,nan,0.9806963640714373,-0.7493226961311394,14.0,0.3233213691053088,-3.5355339059327417,1.4644660940672658,-1.913417161825452,0.38060233744356786,1.157498787482753,1.7710752468948152
60.7,-3.8976621962094455,2.0570334947238615,-0.9221406783568916,0.9778848515001304,0.2267982104706449,-3.8560368606556907,2.026640377875217,-0.9226397971830949,0.9754280590725937,0.2156622498822797,0.030150503662147336,0.15629404230979035,0.1639831098155267,0.013959733844123714,nan,nan,nan,0.9818338711787927,-0.7395136658644682,14.0,0.3032218345896315,-3.5355339059327417,1.4644660940672658,-1.913417161825452,0.38060233744356786,1.1741840519274067,1.7571932225533602
60.75000000000001,-3.8633631396799006,2.0093509870126804,-0.9086295738949685,0.9788083640906151,0.2244205328118702,-3.8204781094532683,1.9801065899157704,-0.9091888817685355,0.9772964037741283,0.21821083293697663,0.030153772060927984,0.15853072481022995,0.1663340305914425,0.01425959691566955,nan,nan,nan,0.9820223982335526,-0.7327359941876325,14.0,0.28936893256535806,-3.5355339059327417,1.4644660940672658,-1.913417161825452,0.38060233744356786,1.1657269257168723,1.7629085347974351
60.80200000000001,-3.8284061225548887,1.9620881465000406,-0.895222861826274,0.9795620298850112,0.22257219200308712,-3.797066180729803,1.9489340040919323,-0.9006821751389418,0.9783519754978981,0.22406762620125784,0.030225427526346313,0.15998198582778375,0.16787647226688057,0.013915083205942497,-3.6515403468001497,2.4552663052790495,1.0018032723645778,0.9828000515474028,-0.7234499131436251,14.0,0.2704328856231642,-3.5355339059327417,1.4644660940672658,-1.913417161825452,0.38060233744356786,1.173411941953508,1.7560601814786587
60.85,-3.8047393366132742,1.9308209332052555,-0.8863559096535516,0.980005006746827,0.2210294042668198,-3.7497797406992457,1.9536637829021901,-0.8867618388475447,0.9776156137645838,0.21269258194221677,0.03020900498260537,0.15463323443981636,0.16149278425078997,0.014211494761894277,nan,nan,nan,0.9831968760369919,-0.7171044343243422,14.0,0.2575207984700836,-3.5355339059327417,1.4644660940672658,-1.913417161825452,0.38060233744356786,1.1791080706090105,1.7505871920918028
60.900000000000006,-3.7686871384068676,1.8842692117991344,-0.8732697971245236,0.9816441945255218,0.21500056787563948,-3.7233818452635585,1.9243177212321825,-0.8758923866571546,0.9796703705385162,0.2166539924561203,0.030041065966742306,0.1561245868931638,0.16305224334996515,0.013872751619210996,nan,nan,nan,0.9880375540890685,-0.731930496383364,14.0,0.2877244043301697,-3.5355339059327417,1.4644660940672658,-1.913417161825452,0.38060233744356786,1.2382662088846679,1.7326061707234366
60.953,-3.744271466593144,1.8534507736781984,-0.8647940143253815,0.9829063052462743,0.20993534259915797,-3.685518340908992,1.8792853546357648,-0.8633817777927959,0.9823299752716903,0.19161596972764633,0.030040633522961945,0.1583937418949614,0.16538175767766175,0.014171169092654192,nan,nan,nan,0.9889595226411906,-0.727158713673439,14.0,0.27798993072923367,-3.5355339059327417,1.4644660940672658,-1.913417161825452,0.38060233744356786,1.2498140371892217,1.722691862175473
61.00000000000001,-3.7070939320536036,1.8075600317392668,-0.8524139151684231,0.9844715437117,0.2040704367151822,-3.656231439031238,1.851672544380284,-0.8505050381144312,0.9837800668711005,0.20059833193544854,0.02965838017590549,0.15986970447827553,0.16690793552372263,0.013898327183117785,nan,nan,nan,0.9896096809597936,-0.7191017571147786,14.0,0.2615827222714494,-3.5355339059327417,1.4644660940672658,-1.913417161825452,0.38060233744356786,1.2452585919626806,1.7248058782146154
61.051,-3.6819508562878736,1.7771954179053011,-0.8443591143470065,0.9854855539043503,0.19956838706562485,-3.5864550892689704,1.8134891878101143,-0.837662815137743,0.9866922107106546,0.20303198457038407,0.029648443547636693,0.1545664512606004,0.16064128749733328,0.014275994796413727,-3.3212859994048904,1.931992730797159,0.4316234549874975,0.9909426600679979,-0.7158124576249933,14.0,0.2548944405343871,-3.5355339059327417,1.4644660940672658,-1.913417161825452,0.38060233744356786,1.2665426176691807,1.7101416935891363
61.1,-3.656527226218486,1.7470125804394134,-0.8365042633483845,0.9865305714947583,0.1939657237479117,-3.5641063122036027,1.7816056910990925,-0.8352919547938527,0.987975553834779,0.20084656797982045,0.03010884525145096,0.15608070688209397,0.1621849137209763,0.013915824059073333,nan,nan,nan,0.9929989885468555,-0.7192635265799304,14.0,0.26191180274725856,-3.5355339059327417,1.4644660940672658,-1.913417161825452,0.38060233744356786,1.2959377629773212,1.6887100409944513
61.150000000000006,-3.6178803184683836,1.7020792199726718,-0.825143401767454,0.9878328558902331,0.18655768322909844,-3.5241482884892825,1.7377755235420298,-0.8243887342113361,0.9893982300362281,0.1641846894764351,0.030106004966727988,0.15837917176243083,0.16449307710894193,0.01421536168230321,nan,nan,nan,0.9924496057080492,-0.712329237859,14.0,0.24781795938000528,-3.5355339059327417,1.4644660940672658,-1.913417161825452,0.38060233744356786,1.284215753323552,1.6924266497442537
61.202000000000005,-3.5786527554969765,1.6575685889177927,-0.8141038989704485,0.9888019768018745,0.18248218047008305,-3.4972150458181006,1.7087690373275426,-0.8161575871151655,0.9901290087099307,0.19213304094865,0.030112906330124065,0.1599039723008287,0.16601631681277398,0.014547015442246857,nan,nan,nan,0.9929183780946661,-0.7053089630204463,14.0,0.2335739955001465,-3.5355339059327417,1.4644660940672658,-1.913417161825452,0.38060233744356786,1.2751976403987433,1.701089202390265
61.252,-3.552191821537963,1.6281300821128706,-0.8068855337094919,0.9893921003488642,0.17902861872041337,-3.4565917487722198,1.6913435502797296,-0.8008968198327109,0.9899010200593683,0.17590025003975682,0.029781487400276318,0.15459521624270076,0.1598474062912023,0.014295125835442775,-3.5150350142259663,1.9464729448090932,0.2015707482212977,0.9933526356856216,-0.7007908503805536,14.0,0.22441929155992973,-3.5355339059327417,1.4644660940672658,-1.913417161825452,0.38060233744356786,1.2926620237832247,1.68505580122814
61.300000000000004,-3.5254896836820038,1.5988758986137552,-0.7998248888221146,0.9901500669276728,0.1745378208165828,-3.428965592649566,1.6629620582352287,-0.7926326312504038,0.9910365743068913,0.18947501207690243,0.029787118698737517,0.15615462282458056,0.16138765063323482,0.014491637501860827,nan,nan,nan,0.9953842349535297,-0.7047789723245438,14.0,0.23249962320590623,-3.5355339059327417,1.4644660940672658,-1.913417161825452,0.38060233744356786,1.3236248195138003,1.6712581620064964
61.351000000000006,-3.484984665322133,1.5553229455213826,-0.7896303614582384,0.9914436811321241,0.16634865615707867,-3.3835084882774025,1.623235641201983,-0.7769458662614994,0.9925161054021439,0.17682431673300583,0.02940313575776948,0.15845701898493864,0.16365988395513745,0.014217314048754898,nan,nan,nan,0.9959179439723659,-0.702246390576046,14.0,0.22424954501359587,-3.5355339059327417,1.4644660940672658,-1.913417161825452,0.38060233744356786,1.3382010314195185,1.65777974378107
61.400000000000006,-3.457690692627694,1.5265043151378355,-0.7831195095236724,0.9922815774592488,0.1603166480288148,-3.3551436958375978,1.5954437048437753,-0.7702729934462775,0.9934992025674031,0.15321596954737549,0.02940217496059866,0.16000151025400183,0.16516675410293177,0.014414566334530485,nan,nan,nan,0.9971737690396755,-0.7017452914215075,14.0,0.21647285051323326,-3.5355339059327417,1.4644660940672658,-1.913417161825452,0.38060233744356786,1.3588310216508348,1.6429732927844056
61.45,-3.416330324089336,1.4835937891550228,-0.773796808668289,0.9934599528430489,0.15216452326577062,-3.4188870881562146,1.5369828245611177,-0.7648732861321986,0.9904453057228807,0.15666732168271352,0.029721863233284372,0.15444207494625561,0.1588277073857493,0.01414595242544946,-4.446354086332814,1.3406881114980456,4.717547767722799,0.9975458599967745,-0.7001995396824645,14.0,0.20912333430967223,-3.5355339059327417,1.4644660940672658,-1.913417161825452,0.38060233744356786,1.3571912841288067,1.6448388697823455
61.50000000000001,-3.388491730574041,1.4552009006085296,-0.7677583656016393,0.9938778208370612,0.15147459703206242,-3.390252625116253,1.5095918869016383,-0.7585699847234304,0.9912097247303022,0.14686511278289704,0.029721508890329477,0.15601616918896954,0.16035388785994864,0.014343932142147853,nan,nan,nan,0.9939696670131855,-0.6549969595517721,14.0,0.1251009575222715,-3.5355339059327417,1.4644660940672658,-1.913417161825452,0.38060233744356786,1.2892620402354833,1.6935571626305919
61.553000000000004,-3.346372181934629,1.4129501860273779,-0.7585670298868141,0.9941385519117718,0.15409907771968595,-3.34258768389179,1.472129362532457,-0.7446410709565557,0.9922084676694123,0.12429935316743768,0.029219143562525363,0.15834221836542356,0.162606391010093,0.014075306869005932,nan,nan,nan,0.9944004605785428,-0.6526948408442823,14.0,0.11823468050944372,-3.5355339059327417,1.4644660940672658,-1.913417161825452,0.38060233744356786,1.2919942347997784,1.6921275762109043
61.6,-3.318057497529176,1.3850042404718899,-0.7523861318298151,0.9944257336217976,0.1544550755615977,-3.3133628688135666,1.4452660981709626,-0.738192692283361,0.9929822089328115,0.1659840509393807,0.02922651296201136,0.1599011604822367,0.16410172831727365,0.014273995151203608,nan,nan,nan,0.99573427162568,-0.6522423202221113,14.0,0.11356695239926645,-3.5355339059327417,1.4644660940672658,-1.913417161825452,0.38060233744356786,1.3070946371462708,1.6848514068156544
61.650000000000006,-3.2752349768447764,1.3434081651355432,-0.7431743067429513,0.9949173092902759,0.15203976765751676,-3.2740991243597306,1.401356015237299,-0.7356602977648916,0.9939944903350296,0.16653364443645327,0.0297764083386076,0.16219920831191526,0.16630794413308556,0.014014209913233813,-3.8670081549401516,1.3432319003005928,1.2863691737946508,0.9961302259517607,-0.6501895959110884,14.0,0.10746740171839729,-3.5355339059327417,1.4644660940672658,-1.913417161825452,0.38060233744356786,1.3308606823456253,1.6620827307109378
61.701,-3.232005647053902,1.3022019496708825,-0.7341560871263051,0.9951895400355774,0.14929546187658094,-3.2858878747240503,1.3597883282134335,-0.7258490388522918,0.9922304959176212,0.1370390454038143,0.029797181166985903,0.15662151827842963,0.16003871832319397,0.01430848164016546,nan,nan,nan,0.9942060991461631,-0.6209579603001497,14.0,0.054418123016316974,-3.5355339059327417,1.4644660940672658,-1.913417161825452,0.38060233744356786,1.2909832467978422,1.6901401799391393
61.75000000000001,-3.2029707331908797,1.274954187445998,-0.7281517608236082,0.9951754107139557,0.15072398553421248,-3.258291651533234,1.3317259581934195,-0.722899412138712,0.9927325222723836,0.13859422209250416,0.030050976063532544,0.15817570843898557,0.1615244542364141,0.013957688252896313,nan,nan,nan,0.9942060991461631,-0.6209579603001497,14.0,0.054418123016316974,-3.5355339059327417,1.4644660940672658,-1.913417161825452,0.38060233744356786,1.2909832467978422,1.6901401799391393
61.80200000000001,-3.173769286326401,1.2478876405318424,-0.7220790791907417,0.9951165288261985,0.15250870679568287,-3.2284773696865163,1.3054919318142264,-0.7170332698666493,0.9931134117354037,0.15361933496773442,0.030053741587567035,0.15974566318681746,0.16301359222071454,0.014154795903129756,nan,nan,nan,0.9942442172874993,-0.6155559194732744,14.0,0.04365815456760044,-3.5355339059327417,1.4644660940672658,-1.913417161825452,0.38060233744356786,1.2838832578783623,1.6950383582006714
61.986000000000004,-3.1444040342435113,1.2210032272830815,-0.7159390788967386,0.9950536963171114,0.15381512371656408,-3.2135060135108993,1.2924394150572822,-0.7139608831672946,0.9932856157250941,0.1505907940649294,0.030053741587567035,0.16052816592759314,0.16375395703476053,0.014392576460215507,-3.356475747870597,1.042486998006108,0.28350042882183163,0.9945873146432647,-0.6129412406106183,14.0,0.038409286337850956,-3.5355339059327417,1.4644660940672658,-1.913417161825452,0.38060233744356786,1.2956045690719293,1.684985188865835
62.002,-3.010285310904666,1.1023200904899833,-0.687906231974007,0.9941791417959054,0.15851837899777257,-3.0950403349999185,1.1532171822212827,-0.6899699527811619,0.9939925054365644,0.16660102300597732,0.030444088554653387,0.1596705160603089,0.16205294619970792,0.014105631842335337,nan,nan,nan,0.9934956601100025,-0.582250595560308,14.0,-0.009865876738458845,-3.5355339059327417,1.4644660940672658,-1.913417161825452,0.38060233744356786,1.2750263882187338,1.6941049305624383
62.053000000000004,-2.980055253748531,1.0764723558388603,-0.6815603372969093,0.9940325153527022,0.15858592860441315,-3.0506688206664667,1.1138025235221762,-0.6835287551748817,0.9940357181194359,0.1356626092454955,0.030651806914400295,0.16200846931256963,0.16423863494182767,0.01385348478022673,nan,nan,nan,0.9938591441312884,-0.5726490798539062,14.0,-0.022189494645297847,-3.5355339059327417,1.4644660940672658,-1.913417161825452,0.38060233744356786,1.2739268695458275,1.6980358081123568
62.1,-2.9344157539205282,1.0380621123861336,-0.6720092209470168,0.9938540260061304,0.15990333729498957,-3.097641072239173,1.128193450471978,-0.677422817029579,0.98827356153124,0.16473008643879428,0.030670743608796385,0.15555372425416444,0.15736940947684286,0.014050019769266425,-3.8218105297938045,1.4472498302065568,2.6544663685938263,0.9938591441312884,-0.5726490798539062,14.0,-0.022189494645297847,-3.5355339059327417,1.4644660940672658,-1.913417161825452,0.38060233744356786,1.2739268695458275,1.6980358081123568
62.150000000000006,-2.903788221480483,1.0126940277612726,-0.6655994208406795,0.9940515737331138,0.16034659907332624,-3.051299370614145,1.091156933438644,-0.6684073264786509,0.9897442568810074,0.1413389123632739,0.030668385922558543,0.15795699702588195,0.15960742483446852,0.014348366295922678,nan,nan,nan,0.9934735305727211,-0.5631111295921447,14.0,-0.03632026094537588,-3.5355339059327417,1.4644660940672658,-1.913417161825452,0.38060233744356786,1.2876415068149052,1.6987924999761728
62.2,-2.8729936760198975,0.9875142762665904,-0.659175496973506,0.9942613114626733,0.1607892067501589,-3.0194311113815484,1.0673861061604406,-0.6614380647637095,0.9906726405022692,0.12327919648840008,0.03057224579904207,0.15953133030106387,0.16106669711623361,0.013993028154694125,nan,nan,nan,0.9939340065724925,-0.5582062731273569,14.0,-0.0413689294337769,-3.5355339059327417,1.4644660940672658,-1.913417161825452,0.38060233744356786,1.2841857945037063,1.7017178246669693
62.25000000000001,-2.8264921442920206,0.9501034347032573,-0.6494969108319247,0.9945502321965038,0.16164689798665557,-2.972404176276198,1.0309922554415656,-0.652457922773971,0.991884916561449,0.15573683416339573,0.03057783013590332,0.16191061148911795,0.163261368144452,0.014292227449104493,nan,nan,nan,0.9944133044437778,-0.5556845288319995,14.0,-0.043428593767112667,-3.5355339059327417,1.4644660940672658,-1.913417161825452,0.38060233744356786,1.2842457318258944,1.7028829824303044
62.300000000000004,-2.795286112783047,0.9254046132680718,-0.6430358286069938,0.9947236289393283,0.16102114276968904,-2.9394480922448065,1.008320297830442,-0.6443910098904749,0.9925734384244522,0.14755504145124032,0.03040747456510539,0.16346721756286534,0.1646888663247859,0.013943680199355712,-2.1620867453254196,0.8181392829731733,2.306110475351119,0.9948340275873317,-0.5507679387173213,14.0,-0.04756220941985512,-3.5355339059327417,1.4644660940672658,-1.913417161825452,0.38060233744356786,1.3032577970733066,1.6837382819125397
62.35,-2.748173283448927,0.8887219770653235,-0.6334612847422129,0.9950111844688798,0.15841286407914337,-2.8184928770301383,0.9450263258660568,-0.6406883218977586,0.9980513983771648,0.14235760386407922,0.030845470957454626,0.15773434326182514,0.15858824262183277,0.013773882953287799,nan,nan,nan,0.9954580417727876,-0.5490453164543798,14.0,-0.04810383394018197,-3.5355339059327417,1.4644660940672658,-1.913417161825452,0.38060233744356786,1.3110308470638725,1.679023894211166
62.400000000000006,-2.7165644723797078,0.8645123595319255,-0.627180749530816,0.9951003783540259,0.15584797391060262,-2.786453707499105,0.9212129291500796,-0.6345611935646813,0.9978504737944921,0.14517514191927697,0.03084744045102767,0.15934001181052312,0.1600592508703646,0.014123114819841078,nan,nan,nan,0.9965507212509881,-0.5576068739615282,14.0,-0.033531731168748025,-3.5355339059327417,1.4644660940672658,-1.913417161825452,0.38060233744356786,1.3234557694737348,1.6588140301911622
62.454,-2.668865302842524,0.828572185025524,-0.617986162667506,0.9951522722397291,0.15133467175024434,-2.7381475012708387,0.8858515585207478,-0.6257963360422627,0.9976575864426347,0.16135830099345935,0.03085168149950029,0.16173635346668175,0.16224508597667692,0.014360662677682066,nan,nan,nan,0.9654424573437872,-0.3621358165350782,15.0,0.3346440914688239,-1.913417161825452,0.38060233744356786,-1.2246467991473533e-15,0.0,0.9366955887055178,1.798590506432304
62.502,-2.620952952837922,0.7931935671708769,-0.6082336653903632,0.988855268051943,0.177567228310538,-2.706570959336296,0.8617745552606791,-0.6203640632840447,0.991299213502527,0.17974130191558518,0.030947093780293283,0.1633051577017968,0.16366657292348982,0.014141382814098857,nan,nan,nan,0.9654424573437872,-0.3621358165350782,15.0,0.3346440914688239,-1.913417161825452,0.38060233744356786,-1.2246467991473533e-15,0.0,0.9366955887055178,1.798590506432304
62.551,-2.589040514564417,0.7700268606797109,-0.6005918046780601,0.9837521392499605,0.19838715254010425,-2.6038245130767956,0.7483046130525773,-0.6103209934472469,0.9892422230388638,0.19882814045401873,0.03095805950605908,0.15749203712092621,0.15759268714866584,0.014377726782807127,-2.189266324338108,0.07637802412943784,3.047087911357912,0.9646380882576425,-0.35363457317632013,15.0,0.31718999880929366,-1.913417161825452,0.38060233744356786,-1.2246467991473533e-15,0.0,0.9451551291556576,1.8015505579463627
62.6,-2.5571359811191194,0.7471970852270803,-0.5921744125958053,0.97825112284808,0.21796476695754957,-2.569549349792511,0.7277577558172523,-0.5995103240794171,0.9824108862535185,0.19531920477018472,0.030698799415908834,0.15909256493423504,0.15903743369476764,0.014004807503776045,nan,nan,nan,0.954899311980956,-0.3088451657383915,15.0,0.22594518701016103,-1.913417161825452,0.38060233744356786,-1.2246467991473533e-15,0.0,0.8647257732393526,1.8100907440027032
62.652,-2.509306717696359,0.7136239807575826,-0.5781912330377471,0.970672571512516,0.24244418976930832,-2.5208818459333506,0.6948132519205699,-0.585055162937568,0.9744467442832541,0.25100064338589656,0.03070613275151759,0.16150940494443564,0.16121079864082305,0.014299747650300692,nan,nan,nan,0.9561256775343151,-0.3021924609237639,15.0,0.21247988451749417,-1.913417161825452,0.38060233744356786,-1.2246467991473533e-15,0.0,0.8839453670811281,1.8196435927319399
62.7,-2.477374737202303,0.6916731830606789,-0.5682053025321191,0.967088039785328,0.25305680179807427,-2.488363119011506,0.6733893324464838,-0.5753174298704629,0.9709330304362168,0.24162915519075454,0.030704377343431434,0.16311462051173237,0.16264452537588353,0.014579569976519982,nan,nan,nan,0.9570469273401535,-0.2908982709960692,15.0,0.18966295902504587,-1.913417161825452,0.38060233744356786,-1.2246467991473533e-15,0.0,0.9337499127686361,1.8077457874986955
62.752,-2.4293051945059783,0.6593760019273509,-0.55263434004293,0.9632434755116467,0.2637102801366748,-2.512847529335367,0.694109227932597,-0.5621604057542635,0.9610929254987751,0.2695038632086062,0.03089399450882218,0.15734103366335953,0.15668309548485704,0.014289936859121439,-3.1776409187712513,1.1666273926839745,2.694473251484217,0.9577584530044383,-0.28362466514911033,15.0,0.17499478306305538,-1.913417161825452,0.38060233744356786,-1.2246467991473533e-15,0.0,1.0137288555019552,1.8106085652472033
62.801,-2.3809167649033474,0.6278108834265302,-0.5366566956351807,0.962211250565211,0.26691434476181913,-2.4802649340898517,0.6736989297691255,-0.551356718994166,0.961491544455996,0.272236235951831,0.030896429215025917,0.15898044350201834,0.15813857825438413,0.01448645099263575,nan,nan,nan,0.9635498193724406,-0.2913328056502193,15.0,0.19053988007287148,-1.913417161825452,0.38060233744356786,-1.2246467991473533e-15,0.0,1.0137288555019552,1.8106085652472033
62.853,-2.3484118227532242,0.6071573278300125,-0.5259743196685115,0.9622077255754018,0.2671357208330822,-2.429833588167436,0.6450780963696461,-0.5320314821827119,0.9621842058764617,0.25646435365610026,0.030746838503655095,0.16141806349435953,0.1602735972257365,0.014212755837970449,nan,nan,nan,0.964620154130255,-0.2845591962909353,15.0,0.17687830906406632,-1.913417161825452,0.38060233744356786,-1.2246467991473533e-15,0.0,1.0245516643637336,1.8071552437119616
62.901,-2.2992609950198344,0.5767738750680134,-0.509960633431956,0.9627207335005213,0.2665888401312644,-2.3966065186476153,0.6256372523669376,-0.5213588395512412,0.9631149808653021,0.25732653082400053,0.030749170066832282,0.16304940714819552,0.16169547009490953,0.014543490324525236,nan,nan,nan,0.9672775865748251,-0.2755068376763658,15.0,0.15864608446869466,-1.913417161825452,0.38060233744356786,-1.2246467991473533e-15,0.0,1.0431893237524104,1.8075917743465688
62.95,-2.2662147678191817,0.5569179202470558,-0.4993157506831216,0.9634907366068388,0.2658145747849327,-2.332109703747621,0.6005349062390894,-0.5023563990527262,0.9654591583476116,0.25098015601617846,0.030408038114645024,0.1571881232140175,0.15572206572088412,0.014212620794470119,-2.239806465402784,0.6224781320593508,0.053446414257872596,0.9701358068950057,-0.26785385027024816,15.0,0.1432528463158962,-1.913417161825452,0.38060233744356786,-1.2246467991473533e-15,0.0,1.0583215273492075,1.8112469504121236
63.00000000000001,-2.2162117362628937,0.527739883647195,-0.4834515303585331,0.9647699276473316,0.26300611335734403,-2.2982024442681417,0.5820279040322373,-0.4909277071711138,0.9666058469025552,0.2716200702215113,0.030415135425454782,0.1588536631963075,0.15716351434404563,0.014409604327752228,nan,nan,nan,0.9715526944150797,-0.2632613842337297,15.0,0.1340237633265709,-1.913417161825452,0.38060233744356786,-1.2246467991473533e-15,0.0,1.0793839575051503,1.7958848771491973
63.050000000000004,-2.1825888955208383,0.5086973941242758,-0.4730000226383122,0.9657230036846831,0.26002614548882425,-2.248792280887723,0.5524813542215558,-0.47862117620642625,0.9683342461366216,0.25582326009357226,0.030699388958269822,0.1613312859950643,0.15927738888222093,0.014132145620674922,nan,nan,nan,0.9734719460974994,-0.2547207075603492,15.0,0.11687510226363759,-1.913417161825452,0.38060233744356786,-1.2246467991473533e-15,0.0,1.1005019817767985,1.7852283011493344
63.101000000000006,-2.148737502291722,0.48998617538034933,-0.46266700307144193,0.9665996266084351,0.2573691570776028,-2.2143668232914653,0.5347074815326931,-0.46892611318592436,0.9693121656978242,0.264675140324526,0.030702046494284794,0.1629869411550642,0.16068575660636586,0.014329939357511945,nan,nan,nan,0.9734966693319408,-0.2478778717335475,15.0,0.10314796969197434,-1.913417161825452,0.38060233744356786,-1.2246467991473533e-15,0.0,1.097492933029116,1.785064238372895
63.150000000000006,-2.0975489541726313,0.4625503537807315,-0.4473461093205461,0.9677991842555116,0.25364578304467483,-2.160859986018012,0.5106459894061661,-0.4519472352016649,0.9706857451784549,0.2308099787263219,0.030483727734573397,0.16544635438129998,0.16274659160393118,0.014062630985716003,-2.990598516318868,0.08808898892282707,3.1475432045425973,0.9744822419958693,-0.2425325240403393,15.0,0.09243169059098341,-1.913417161825452,0.38060233744356786,-1.2246467991473533e-15,0.0,1.1101116507708566,1.777552305947991
63.2,-2.0458733839951857,0.4358730314412376,-0.4322472257689169,0.9692349452896838,0.2502259675861783,-2.2049368161398206,0.4591141119864491,-0.4425227733057455,0.9683498549751363,0.24651500637504375,0.030525704595756303,0.1587131012442558,0.1561409839916107,0.014257029697709728,nan,nan,nan,0.9767662379807553,-0.23596440450443004,15.0,0.07927119940249017,-1.913417161825452,0.38060233744356786,-1.2246467991473533e-15,0.0,1.1192980025667656,1.7825985116774126
63.25000000000001,-2.011165348025592,0.41851601912071373,-0.422234554263928,0.9695779994631899,0.25055464840265734,-2.1535041784919353,0.4327574117290333,-0.4296144635910207,0.9697622857828749,0.25299803520789876,0.03072436269606046,0.1612212358255295,0.1582357557478146,0.01399895201948045,nan,nan,nan,0.9722556824547808,-0.20641446575540984,15.0,0.02013052957577422,-1.913417161825452,0.38060233744356786,-1.2246467991473533e-15,0.0,1.0811809966931567,1.7922939142441288
63.301,-1.9762744126026321,0.40150929738274643,-0.4122034617198936,0.9698412316510334,0.2505621332647153,-2.1181955174570204,0.4166769913079475,-0.4204342032079981,0.9704643704967599,0.233100651651448,0.030722082292214396,0.16289575135497655,0.15963175136237434,0.014198137081450516,nan,nan,nan,0.9734132468062844,-0.19850667538555866,15.0,0.004314275764165626,-1.913417161825452,0.38060233744356786,-1.2246467991473533e-15,0.0,1.093814980752935,1.7847399172030016
63.35,-1.9235972059262711,0.37665444796515446,-0.39718760230511463,0.9703910453091142,0.24997380289609644,-2.0649491998055303,0.3930856546271671,-0.40692528833148245,0.9715247369170926,0.23344730476933506,0.03072793137784767,0.16538415157900552,0.1616746090016218,0.013934405714240521,-1.2733561072463284,-0.21800465351063336,3.5858177575328374,0.9744877495796769,-0.19406515190487894,15.0,-0.004568785836270968,-1.913417161825452,0.38060233744356786,-1.2246467991473533e-15,0.0,1.0962536206598097,1.7888802532480086
63.400000000000006,-1.888251820029626,0.3605203489133083,-0.3872060913879653,0.9709280341962524,0.2489585900337048,-1.9468114287578908,0.31453737649029934,-0.3970282299898331,0.979113397135595,0.2381863501591362,0.03073584037230516,0.15867930035764738,0.15521067744786043,0.014266537503459742,nan,nan,nan,0.9760641048026683,-0.18769026711818323,15.0,-0.017318980341014884,-1.913417161825452,0.38060233744356786,-1.2246467991473533e-15,0.0,1.1118437346576884,1.7827909544821186
63.45,-1.8349199334568487,0.33698474195297595,-0.37227179640743485,0.9705367217839495,0.2495598209706813,-1.8913647324618768,0.29388868427252623,-0.37945259875138454,0.9776730071532519,0.2651078542582414,0.030538671915885624,0.16121341724460955,0.1572886719992302,0.013946608107906796,nan,nan,nan,0.9720826191928409,-0.16018121904338006,15.0,-0.07131043954272197,-1.913417161825452,0.38060233744356786,-1.2246467991473533e-15,0.0,1.0600431190704804,1.7800350717825308
63.50000000000001,-1.7991982399662454,0.32175159282715377,-0.3622851241613605,0.9701644382652901,0.24898892205220863,-1.855007105135109,0.2795029770011683,-0.36866881063301404,0.9770635535474103,0.2566948912089562,0.030540668752024373,0.16290374362555185,0.15867312299040157,0.014146012360991342,nan,nan,nan,0.9747269342194878,-0.1541517165814054,15.0,-0.08074525909437068,-1.913417161825452,0.38060233744356786,-1.2246467991473533e-15,0.0,1.1006544548344057,1.7644708179377502
63.551,-1.7453358013599451,0.29957330230026774,-0.3474395828387444,0.9703361350873717,0.24610477762648336,-1.798551953961172,0.2613631027255377,-0.34980178660863936,0.976600441663494,0.25913609005251853,0.030257613354017703,0.16541737444614804,0.1606969245376292,0.013888415831503773,nan,nan,nan,0.9760893532678528,-0.1495499136415162,15.0,-0.08776152781138674,-1.913417161825452,0.38060233744356786,-1.2246467991473533e-15,0.0,1.1128347401508512,1.7648355181581796
63.6,-1.6911142018509266,0.27818888563143346,-0.33282303855511325,0.9713018618519923,0.2413140423113212,-1.6209162780454012,0.2496714931140691,-0.334758791894497,0.9845077763468267,0.22960441902475393,0.030223250155898378,0.15943794312560808,0.15493515296258495,0.014319697939987617,-0.541106500358645,0.42773625427187606,5.650032480054534,0.9789604432656367,-0.14430847458601062,15.0,-0.09453899586729783,-1.913417161825452,0.38060233744356786,-1.2246467991473533e-15,0.0,1.146358568919072,1.7555296329449432
63.650000000000006,-1.654752814570024,0.2643649133188992,-0.3232867016314684,0.9722762315906607,0.23636612906754134,-1.5837004109578745,0.23680487797941457,-0.32560231667964334,0.9842826392181155,0.24013829971199194,0.030227313557767505,0.1611465261956385,0.15632357718202705,0.01446265345544475,nan,nan,nan,0.9834965482978284,-0.15282997872932408,15.0,-0.07135095326248671,-1.913417161825452,0.38060233744356786,-1.2246467991473533e-15,0.0,1.1759804871672,1.738083391442916
63.7,-1.59989264732331,0.24427038750238037,-0.3093686264723435,0.97378665362945,0.22875080763688146,-1.5477592984690043,0.22188071661028355,-0.3187587350517003,0.984275043362484,0.2457919791290506,0.030487022469383625,0.16283965433720624,0.15767018542652897,0.014092789132632238,nan,nan,nan,0.9843454070638112,-0.1484266485635363,15.0,-0.07670988450095427,-1.913417161825452,0.38060233744356786,-1.2246467991473533e-15,0.0,1.1910311693307467,1.730447533909474
63.75000000000001,-1.5631149132068847,0.23129827426041602,-0.3003296786134111,0.9747288384322988,0.22428900284737496,-1.4915926494774847,0.2036350581617514,-0.30462044453482573,0.9842897803976273,0.22554142126288332,0.030488281460876666,0.16538101219686957,0.15970868277152783,0.014389622059656193,nan,nan,nan,0.9844866043088427,-0.14238598564944702,15.0,-0.0843355190850889,-1.913417161825452,0.38060233744356786,-1.2246467991473533e-15,0.0,1.1950740901214556,1.7275587550249751
63.800000000000004,-1.5261814474611628,0.21866232483868417,-0.2914527952312453,0.9757067351189399,0.22043473656072435,-1.4533678164535662,0.1930781570014428,-0.29417386245395516,0.9845619156952068,0.21302867318217317,0.03037221422841243,0.16705679789569308,0.16102016244530407,0.014166157679104861,-2.0445789655200515,-0.23718823241665096,1.9415051716521434,0.9857639899613188,-0.13568308225775438,15.0,-0.09127302268435164,-1.913417161825452,0.38060233744356786,-1.2246467991473533e-15,0.0,1.2032132384949945,1.7295921883159011
63.85,-1.4704910272905904,0.2003285457236186,-0.2784068125571005,0.9773285532728098,0.21521472229672173,-1.4535731157755125,0.13949600985657296,-0.28197028764671295,0.9826555678235093,0.2014061375357442,0.030402429091541224,0.16098862350908522,0.15530934965553678,0.014403445826129457,nan,nan,nan,0.9868907904416411,-0.13207542320089738,15.0,-0.0941697809654051,-1.913417161825452,0.38060233744356786,-1.2246467991473533e-15,0.0,1.2125929320357347,1.7284653112491695
63.900000000000006,-1.4144857400659379,0.18273764892270494,-0.265510474117225,0.9780569909574796,0.2157377941814599,-1.413928604738568,0.13226053155013165,-0.2691433098575571,0.9826404231280118,0.19950548395444162,0.030027752874588653,0.16269269418645105,0.15664740886051667,0.014178052247630786,nan,nan,nan,0.9826971000038515,-0.09567466283253724,15.0,-0.1467624140883216,-1.913417161825452,0.38060233744356786,-1.2246467991473533e-15,0.0,1.1578614767694142,1.7556234411833462
63.951,-1.3770002144351572,0.1714231948345369,-0.25687850027530407,0.9786192743541283,0.21555688778480908,-1.357008800166989,0.1168518312529725,-0.25558077507253346,0.9831778095154307,0.2069868085785024,0.03003225827336033,0.165248586636417,0.15867494234700188,0.014496900740452196,nan,nan,nan,0.9845740716744911,-0.09326976346436412,15.0,-0.14612460428358665,-1.913417161825452,0.38060233744356786,-1.2246467991473533e-15,0.0,1.1802518468242609,1.7482680988402868
64.001,-1.3205426072553275,0.15506158908072087,-0.244002373365015,0.9796076189620395,0.21352685050385264,-1.3209984630102996,0.10274631604145205,-0.2516109034050076,0.9836600603054861,0.21165546515316788,0.030458139469103116,0.16693563640165998,0.1599794612846499,0.014105988906000143,nan,nan,nan,0.985638380244677,-0.08589796487302175,15.0,-0.1501327277222208,-1.913417161825452,0.38060233744356786,-1.2246467991473533e-15,0.0,1.1960114467895464,1.73947043052528
64.05,-1.2827586336962964,0.14455975642697363,-0.23548624671266527,0.9800744877885726,0.21252058586382586,-1.2511677945505237,0.07089789839744198,-0.23945898891972162,0.9851776201686668,0.20032641022648343,0.030464095497792016,0.16075606891957403,0.15428852104149438,0.014480429308214481,-1.188298291515794,-0.08069502477314489,0.16106026024508624,0.9849022499881609,-0.07762300697356236,15.0,-0.15694194114237592,-1.913417161825452,0.38060233744356786,-1.2246467991473533e-15,0.0,1.187806123535855,1.7404454407076568
64.10000000000001,-1.225898316978221,0.129420575467559,-0.22271752360407898,0.9801858495541198,0.21340549378800233,-1.2123815823156474,0.06270221426962555,-0.22989089365097512,0.9847935851886382,0.17913298169885616,0.03035270825234275,0.1624683950585279,0.15562270997305333,0.014094057244402153,nan,nan,nan,0.9833287102879625,-0.05660484629140398,15.0,-0.17455511277533634,-1.913417161825452,0.38060233744356786,-1.2246467991473533e-15,0.0,1.1614084007725336,1.7497097004762994
64.15,-1.1878834825294007,0.11973792328037497,-0.21415254456241592,0.9802881006405206,0.2144437491081869,-1.1548001341589427,0.049483776224163736,-0.21802153367816143,0.9845016930013492,0.16889004196555707,0.030352125584399755,0.1650347362265356,0.15764592296209676,0.014389203881367805,nan,nan,nan,0.9841610346550107,-0.05167217976650701,15.0,-0.17502650449604515,-1.913417161825452,0.38060233744356786,-1.2246467991473533e-15,0.0,1.1637466495746887,1.7550964058690084
64.20100000000001,-1.1306953874408545,0.10582685072433894,-0.20124110674645668,0.9806006418185383,0.2155592608973152,-1.0946902918462542,0.04254673095512447,-0.19946419032995785,0.9845315030324604,0.1888652169921829,0.029823508248884863,0.16757896055255891,0.15960839416767308,0.014113316211665776,nan,nan,nan,0.9846921820798417,-0.04282431329038499,15.0,-0.1767573706979096,-1.913417161825452,0.38060233744356786,-1.2246467991473533e-15,0.0,1.1667323605999034,1.7572119881907868
64.25,-1.0924548328681978,0.09695900626848722,-0.19265993709001641,0.9811475820162666,0.21333401509889086,-1.0707154045871488,0.05601218499153628,-0.1914519605422731,0.9837752289316399,0.1967837170746569,0.02981713691702318,0.1605976412702769,0.15339593601413284,0.014306629067660788,-1.2272585909465852,0.263860607170671,0.23972776943337187,0.9903291531833668,-0.05226521773257982,15.0,-0.15395028650561482,-1.913417161825452,0.38060233744356786,-1.2246467991473533e-15,0.0,1.2556276960217583,1.7157609507911127
64.301,-1.0348912627542586,0.08425711367617042,-0.18009177477789948,0.9827655361609418,0.20607046177342792,-1.0300228143028343,0.05364025663572682,-0.17718141543996513,0.9850742238089769,0.17586033792651512,0.029306227120587006,0.1623198179226323,0.15472596650464907,0.013941732504910065,nan,nan,nan,0.9903291531833668,-0.05226521773257982,15.0,-0.15395028650561482,-1.913417161825452,0.38060233744356786,-1.2246467991473533e-15,0.0,1.2556276960217583,1.7157609507911127
64.35000000000001,-0.9963657856524365,0.07618405525935837,-0.17198503282597155,0.9841017886410572,0.20053140671534014,-0.9717692144568494,0.04344161883284119,-0.1638129983042278,0.9870195632807148,0.24045640974008897,0.029321354389928885,0.16489944375858967,0.15674360928455539,0.014239397162402375,nan,nan,nan,0.9921787488189368,-0.05202976481506245,15.0,-0.14833790838092648,-1.913417161825452,0.38060233744356786,-1.2246467991473533e-15,0.0,1.2739061326830976,1.7086728142165932
64.40100000000001,-0.9384900278548233,0.06469756391289488,-0.15970152564635734,0.9810781167981683,0.21143939770702014,-0.9342115855878922,0.033437792444880654,-0.16085796906361827,0.9836693411615959,0.1806959861732516,0.02966171124362676,0.16660529991503734,0.15804083122315513,0.013882736465841698,nan,nan,nan,0.9702378774536702,0.08077210431617048,0.0,0.23218966928188473,-1.2246467991473533e-15,0.0,1.913417161825449,0.3806023374435661,1.0303179585693596,1.7717081386384832
64.45,-0.8999732601021444,0.05747180955224666,-0.15094506960606302,0.9782207127073951,0.22338331450197701,-0.9181132705893225,0.027798166721326324,-0.1476642203023597,0.9766215671911537,0.2181842346103613,0.029671328617684442,0.1605058152896192,0.1526136794620365,0.01417752950623617,-1.330481443953221,0.0461607723681865,0.6221455634059107,0.9688892641042877,0.08923561619466154,0.0,0.21505093370265652,-1.2246467991473533e-15,0.0,1.913417161825449,0.3806023374435661,0.9974945369900282,1.8032185038262663
64.5,-0.8614906681040863,0.05058888424375327,-0.14177735564849664,0.9762640622842863,0.23169400638664145,-0.8791467112526866,0.023071144822597502,-0.13678088381959874,0.9754744492788884,0.23948941844201305,0.02958293410095536,0.16223665946300833,0.15394148821564815,0.013828405072609785,nan,nan,nan,0.9710548575837167,0.09352395205473844,0.0,0.206379046349023,-1.2246467991473533e-15,0.0,1.913417161825449,0.3806023374435661,1.0448127662313644,1.7938298956143695
64.551,-0.8037582234605667,0.04090875269266224,-0.12761426511111654,0.9745019096630108,0.23819740717786514,-0.8211488724702648,0.015366190964845792,-0.1233432194191586,0.9744640912685362,0.21391163415342196,0.02957974861663892,0.16482799990557784,0.15595689353053727,0.014264613709706192,nan,nan,nan,0.972196032620139,0.09958228899688581,0.0,0.1941408542417612,-1.2246467991473533e-15,0.0,1.913417161825449,0.3806023374435661,1.066710995005125,1.7842089787009683
64.601,-0.7459762749172683,0.03201518649704892,-0.11317131171833075,0.9734897828633493,0.2424082140700124,-0.7823778976916637,0.010919144298548261,-0.11279916733143124,0.9741554882304246,0.24488278310463119,0.029563167373947655,0.16654347807590542,0.15725218338364835,0.013856834961592346,nan,nan,nan,0.9731437294125279,0.10893828596970043,0.0,0.17526913186759008,-1.2246467991473533e-15,0.0,1.913417161825449,0.3806023374435661,1.0678238962376176,1.7935391050814578
64.65100000000001,-0.7074127464751954,0.026530268300070478,-0.10345076559970087,0.9731443550190046,0.24305996350418785,-0.7378882742532545,-0.03211566114087177,-0.0986064757568732,0.9733896206885014,0.21887513920080884,0.029580609062369173,0.16032230953056295,0.15181560881091594,0.014151756138109662,-0.8955463681745801,-0.403043515928044,0.6951313277966354,0.9741977084395327,0.11485856317618699,0.0,0.16334369200158272,-1.2246467991473533e-15,0.0,1.913417161825449,0.3806023374435661,1.0917723932902808,1.7788393583294304
64.7,-0.6495078004172041,0.018982631198465612,-0.08876944229138643,0.9722768562002683,0.24646836287020696,-0.6994219724654009,-0.03681194300261264,-0.09056131060374063,0.9729928146364171,0.24746523725329087,0.029679395309629555,0.1620608378053677,0.15314309899278059,0.013805614789403082,nan,nan,nan,0.9716255899577385,0.14018053908826617,0.0,0.11245629331860715,-1.2246467991473533e-15,0.0,1.913417161825449,0.3806023374435661,1.0556309847353846,1.796891917910155
64.753,-0.610877145012926,0.014410286032733038,-0.07887340568000524,0.9717555957481775,0.24769332967413957,-0.6412658906769714,-0.041796465057262956,-0.07523004231392871,0.9726075245598449,0.24756335289096082,0.029682529582531817,0.1646625848252759,0.1551588216541906,0.014102668903202784,nan,nan,nan,0.9737691944878394,0.15431860326122415,0.0,0.0841114114090778,-1.2246467991473533e-15,0.0,1.913417161825449,0.3806023374435661,1.090601014536779,1.7811962689494687
64.8,-0.5722184479910094,0.010208262487145693,-0.06895736357741819,0.9715408214738346,0.24774592535895623,-0.6016400648989252,-0.0416418677909379,-0.06153640093747814,0.9727868781234958,0.24739417975551262,0.02940153992236778,0.16638606691463284,0.15645425330462265,0.013837668158370498,nan,nan,nan,0.9737691944878394,0.15431860326122415,0.0,0.0841114114090778,-1.2246467991473533e-15,0.0,1.913417161825449,0.3806023374435661,1.090601014536779,1.7811962689494687
64.852,-0.5141565970914611,0.004604413301456339,-0.054133192737495506,0.9717850981181906,0.24608296187264073,-0.5433564501242136,-0.04492030690293759,-0.046403930993414555,0.9734490093429634,0.229827593531793,0.02940220002200506,0.16895971826371411,0.1584266168819733,0.014136751224092324,0.04155468768212589,0.5761820390718219,2.6421352882940736,0.9759762991764097,0.15810199072139233,0.0,0.07653242302108598,-1.2246467991473533e-15,0.0,1.913417161825449,0.3806023374435661,1.1139269331355957,1.7749267643077968
64.9,-0.4753878386018378,0.001336852765029007,-0.0443298899198077,0.9722680394033125,0.24437874985199176,-0.4458581651972064,0.01157658545707351,-0.032006442040457994,0.9777286338974747,0.20611847382819612,0.028982823908387533,0.16179723924143113,0.15234131464793213,0.01378874360212425,nan,nan,nan,0.9776561699034556,0.1653862352459211,0.0,0.061946409022676,-1.2246467991473533e-15,0.0,1.913417161825449,0.3806023374435661,1.1244262104105263,1.775934634303099
64.95,-0.41712240394914835,-0.002861674015014191,-0.029817681195390106,0.9738126240544537,0.23884634848874314,-0.38719931385829237,0.00997941844265947,-0.017875018736114967,0.9790657263957832,0.21128508432466023,0.028987033689279778,0.16440441807111353,0.1543600954103974,0.014088732033595834,nan,nan,nan,0.9839817586229738,0.14722072665995578,0.0,0.09833675763547058,-1.2246467991473533e-15,0.0,1.913417161825449,0.3806023374435661,1.1825836423153433,1.7553703693540275
65.0,-0.3781809450507802,-0.005193880528563443,-0.020393514017596717,0.9752188353743294,0.2334751917355456,-0.3494779132331981,0.002929797183574008,-0.01607932456197414,0.980296069655379,0.23283656146031825,0.029602936377885924,0.16613175489210266,0.15565827343918845,0.013750142406980801,nan,nan,nan,0.9853150056482818,0.15371214439858294,0.0,0.0853265055405828,-1.2246467991473533e-15,0.0,1.913417161825449,0.3806023374435661,1.1995529411998815,1.745286363144247
65.05,-0.3196372626620466,-0.007994978855904248,-0.00663448275408313,0.976886343895807,0.22657859716285933,-0.29063512116612017,0.0022635641299576436,-0.001982220170133164,0.981579193857391,0.22490067565333402,0.029606003730957273,0.1687087121405514,0.1576362084822956,0.014050920022465342,-0.5966885698759758,0.6487148359729227,1.8515131574886157,0.9843909344478946,0.16083784579390134,0.0,0.07105326058240506,-1.2246467991473533e-15,0.0,1.913417161825449,0.3806023374435661,1.1947670870195486,1.739249348918921
65.10000000000001,-0.2805408865616919,-0.009402307120843167,0.002330511767448338,0.9778500106798497,0.22248659374623045,-0.2846129803935272,0.0633628603891796,0.01036076883976822,0.9800781714784196,0.2556938396073666,0.02942899751410297,0.1615896116941947,0.15166379709591024,0.013713416741650782,nan,nan,nan,0.9857736002552054,0.16689797430445674,0.0,0.058920169757405744,-1.2246467991473533e-15,0.0,1.913417161825449,0.3806023374435661,1.207317781127143,1.7340378240282452
65.15,-0.22177723789314369,-0.010836672428124989,0.015343776325290194,0.980425888032254,0.21059941368865426,-0.2257182777197887,0.06421381742334709,0.02285940085389626,0.9840607820322771,0.2006855827672771,0.029424262586628478,0.16419815187045447,0.1536891996360869,0.014014951352883309,nan,nan,nan,0.9919182897972667,0.13758198874519686,0.0,0.11767059878889519,-1.2246467991473533e-15,0.0,1.913417161825449,0.3806023374435661,1.3091127268472738,1.686221314877666
65.20100000000001,-0.16282318033330725,-0.011475077904201549,0.02752061069936099,0.9832055869553404,0.19835383092955006,-0.18518387388283158,0.07181365979631704,0.03894536094860034,0.9858146478333796,0.1971737338600484,0.028808798217755584,0.16592626566276547,0.15499183979996012,0.01383907239787478,nan,nan,nan,0.992804635861885,0.1428928096265916,0.0,0.10701541841259848,-1.2246467991473533e-15,0.0,1.913417161825449,0.3806023374435661,1.3227149160957112,1.6952194249133088
65.251,-0.12343316087100699,-0.011469954110147937,0.03527617656096404,0.9849106419168013,0.19087408292361943,-0.12604221745155253,0.07438171051455218,0.0514802096513205,0.9882913360041413,0.1803621062971863,0.028811467948590103,0.16850229905579364,0.1569772325658822,0.014082789734555666,nan,nan,nan,0.9945788117271176,0.14311919240414317,0.0,0.10656136204810843,-1.2246467991473533e-15,0.0,1.913417161825449,0.3806023374435661,1.3227149160957112,1.6774974233743012
65.3,-0.08397952694429842,-0.01113056153980137,0.04273045491699469,0.9864897952003137,0.18362278969280227,-0.06168194764519123,0.07671431013070397,0.0582947327265102,0.9914899344447503,0.17681196063339702,0.028846952370147037,0.16126763514200393,0.1509848270386198,0.013741367902460814,0.13589774602404953,0.08925330414382109,0.21126929589608615,0.9953824069307315,0.14761710315154378,0.0,0.09754210359413695,-1.2246467991473533e-15,0.0,1.913417161825449,0.3806023374435661,1.3277142302184872,1.6718352256814075
65.354,-0.02470496893715651,-0.010014386853324996,0.05342650884121779,0.98837881884512,0.17463851174141293,-0.002277022350462843,0.08039501473248971,0.06891192674456238,0.9928190165490602,0.16230716958807268,0.02884840869483208,0.16386956366740904,0.15302057051334192,0.01404239811472049,nan,nan,nan,0.9955506658405341,0.1526624974439943,0.0,0.08727381720116495,-1.2246467991473533e-15,0.0,1.913417161825449,0.3806023374435661,1.3249229957989805,1.6665767214447151
65.40400000000001,0.03464662911184137,-0.008198327648572852,0.06363910724824708,0.9898751968534576,0.16702830954219022,0.03742162290898903,0.0837980989020023,0.07585414298286787,0.993550594347584,0.14986768474658696,0.028790896096326915,0.16559354339380442,0.15433023586140865,0.013709498231491507,nan,nan,nan,0.9967166905313818,0.15691100857996,0.0,0.07488734546517693,-1.2246467991473533e-15,0.0,1.913417161825449,0.3806023374435661,1.3358408619131459,1.6591173109071522
65.453,0.07424769700232901,-0.006613793227035529,0.07020692631397216,0.990788036773016,0.162460869485952,0.09686740960474845,0.08851863115859313,0.08596939466795428,0.9945404897313763,0.15609593383109024,0.028795168554641933,0.16816235286314157,0.15632680568444698,0.014093174212297818,nan,nan,nan,0.9973032905584801,0.15942580833188943,0.0,0.0679198763491321,-1.2246467991473533e-15,0.0,1.913417161825449,0.3806023374435661,1.3506599586208097,1.6461524525477436
65.5,0.13368787733419665,-0.0036977316632205454,0.07970995390947237,0.992027907193512,0.15522468808227227,0.13747808583756999,0.10140773663263994,0.10317373260980477,0.9951374009050314,0.15241122613908026,0.027944614423460586,0.16986092813822568,0.15760901013798978,0.013754081347853206,-0.1458388491414105,-0.9101417191615632,4.015751659733127,0.9973032905584801,0.15942580833188943,0.0,0.0679198763491321,-1.2246467991473533e-15,0.0,1.913417161825449,0.3806023374435661,1.3506599586208097,1.6461524525477436
65.551,0.17333845635730477,-0.0014073013283339938,0.08574674460525836,0.9929449964474788,0.14814442415954698,0.16957233670473446,0.016876191049253156,0.11248850251606336,0.9941827842444863,0.1624325772461452,0.027993862912819367,0.1634202246793361,0.1523620091092815,0.014051123450244344,nan,nan,nan,0.9986085370405903,0.15593329618007326,0.0,0.07263857137208804,-1.2246467991473533e-15,0.0,1.913417161825449,0.3806023374435661,1.3846384121832078,1.6209881219827498
65.601,0.23283206298152317,0.0025296947537253563,0.09448662074898842,0.9936334640664922,0.14556013377687577,0.208797551198818,0.01780270284556331,0.11445614304675546,0.9945413304361203,0.15266103222261765,0.02833492278760871,0.16513795710837417,0.15368027365545353,0.013714234022494465,nan,nan,nan,0.995665555754564,0.20562903187053305,0.0,-0.01653000200237393,-1.2246467991473533e-15,0.0,1.913417161825449,0.3806023374435661,1.3177894243219466,1.6672649505884392
65.652,0.272484187031409,0.005477383342393871,0.10032548156309962,0.9938338133026562,0.1462060936347147,0.2680676277325786,0.024795891353524002,0.1229891550464486,0.9949241592841239,0.13066668144372987,0.02833319432053469,0.1676981989052955,0.15568981254889577,0.014100379076892797,nan,nan,nan,0.9954673351277883,0.20970416866649125,0.0,-0.023273752597235426,-1.2246467991473533e-15,0.0,1.913417161825449,0.3806023374435661,1.309413767881301,1.6730290189624144
65.70100000000001,0.33193983914583497,0.010368088230242179,0.10912922212299811,0.9941540086657865,0.14699219390245039,0.3071088328046817,0.02192888523715368,0.11917525336064339,0.9951962852735671,0.12648919898821986,0.029040314469715597,0.1693926555779844,0.15698045876873892,0.013760338650529886,0.22640682359295144,-0.0431808833964139,0.03886798414074542,0.9959544187398494,0.2129703974776917,0.0,-0.02797795456243446,-1.2246467991473533e-15,0.0,1.913417161825449,0.3806023374435661,1.309911871692006,1.6753222538307508
65.75,0.3715575530650174,0.013936193921711127,0.11504967928266853,0.9941910171721713,0.1487806920797471,0.35813267065952076,0.023478323063859004,0.12846141189394264,0.9947793371058258,0.16157877017379105,0.029049575768629387,0.16302030227477102,0.15182997659272027,0.014057221931235118,nan,nan,nan,0.9949529698512883,0.219686758082108,0.0,-0.03840643322961079,-1.2246467991473533e-15,0.0,1.913417161825449,0.3806023374435661,1.288034523636093,1.6883776786099112
65.8,0.4309433409273167,0.01974186671923958,0.1240106588996255,0.9942796923632231,0.1491182102499127,0.3976889738517788,0.03124219344507733,0.13785319182564848,0.9949344122232281,0.17438915563460086,0.02880448207044131,0.164735762030226,0.15315579527558237,0.013722424468528496,nan,nan,nan,0.9952753534841705,0.22570719937157277,0.0,-0.04684102437387749,-1.2246467991473533e-15,0.0,1.913417161825449,0.3806023374435661,1.30889313494005,1.6713674812339079
65.85300000000001,0.47050980602676223,0.023911790391138967,0.1299354402359206,0.9944703396409611,0.14723888836019158,0.45680105620437594,0.03961270757966289,0.14675565988253417,0.9952857588760384,0.1547325036743422,0.02880340216458576,0.1672925721022744,0.15517679297036105,0.014023722020391056,nan,nan,nan,0.9960704608122052,0.226533690632743,0.0,-0.04694338651256516,-1.2246467991473533e-15,0.0,1.913417161825449,0.3806023374435661,1.3315742779580435,1.6563647308880687
65.9,0.5298272195983688,0.03061271589247123,0.13866647712803937,0.9948185694660866,0.14435821044366537,0.49612816697639905,0.04269689491451091,0.1497301283092907,0.9956020981173169,0.1292516694775396,0.029056475076491936,0.16898493704286308,0.15647520479504715,0.01369301020354868,nan,nan,nan,0.9965408347797747,0.22995615706747366,0.0,-0.050265904641168514,-1.2246467991473533e-15,0.0,1.913417161825449,0.3806023374435661,1.3315742779580435,1.6573897665733885
65.95100000000001,0.5693484455856278,0.035375367019052514,0.14442875204331343,0.9950017362732362,0.14396225883028713,0.6022955796757836,0.1370145346965093,0.16059209383756287,0.9997322617809973,0.1490670974733548,0.029022024237059255,0.16252223183252104,0.15128848703404854,0.01399117361823044,0.9780764877943009,0.9974252077880121,4.067184100617866,0.9964474020902362,0.23404742661503508,0.0,-0.05491331780562143,-1.2246467991473533e-15,0.0,1.913417161825449,0.3806023374435661,1.3188802907052537,1.6684308500404557
66.156,0.589101497978862,0.037844317752144294,0.14729945273827713,0.9951503944697567,0.14312022696975268,0.6220328800364853,0.14021334011560563,0.16331210186076728,0.9997649969276627,0.12700548632768435,0.029020149437381945,0.16337877375967327,0.15197473563608838,0.014091090335247353,0.1174945486711263,-0.07141457339567539,1.7744774946443398,0.9997332210899763,0.18369147792886642,0.0,0.016879800243794638,-1.2246467991473533e-15,0.0,1.913417161825449,0.3806023374435661,1.4255688379304843,1.5756133122257108
66.202,0.7864640889427986,0.06558820047349843,0.17146376350852358,0.9972484814043343,0.10601993083344755,0.7502669087928459,0.1501039147352028,0.18243339392753066,0.9957156161251088,0.12663433845206598,0.029351715278417154,0.1627897463915948,0.15143075502093062,0.014115296251519473,nan,nan,nan,0.9998774166416562,0.19536719532126756,0.0,0.0011843843181011116,-1.2246467991473533e-15,0.0,1.913417161825449,0.3806023374435661,1.427409373934094,1.5887783806102818
66.254,0.8653223779774101,0.07812651900812996,0.1795428413812495,0.9984231544103807,0.09597513535149313,0.8283356574097865,0.17047023193345257,0.19761361555110438,0.9974339258300886,0.0988597745700747,0.028847476914987714,0.16618763879378887,0.15413059372493385,0.013987963083934327,nan,nan,nan,0.9999799920661491,0.19128779535593204,0.0,0.005594424085738375,-1.2246467991473533e-15,0.0,1.913417161825449,0.3806023374435661,1.4543671343391562,1.5562385958956284
66.301,0.9244371602756646,0.08801231951119362,0.18499567703813782,0.9989998908320523,0.08753463598862779,0.8672571776777153,0.18190166003510475,0.20581586477334923,0.9980195098963136,0.09332697070880157,0.028521952141869863,0.1678734052881194,0.1554468489338609,0.013661629526050647,nan,nan,nan,0.9999799920661491,0.19128779535593204,0.0,0.005594424085738375,-1.2246467991473533e-15,0.0,1.913417161825449,0.3806023374435661,1.4543671343391562,1.5562385958956284
66.35000000000001,0.9638262550525053,0.0948157605202204,0.18835021688244735,0.999264754125201,0.08154476336940508,0.9258702062919799,0.19423341167646618,0.21010866056987879,0.9986967089130747,0.06164410935816567,0.02851948820509896,0.1703832433749894,0.15745740161373173,0.014103350634414067,1.583819565742576,0.1210466017785876,1.5710222394686149,0.9998358691729524,0.18769762440263724,0.0,0.009212988579399228,-1.2246467991473533e-15,0.0,1.913417161825449,0.3806023374435661,1.4685238021082132,1.539263063823377
66.4,1.0031954910521892,0.10177892503839253,0.19147812740707423,0.9994428597545966,0.07636239741187427,1.033545413911803,0.19626726287092564,0.21361139913493196,1.0031571604227116,0.07361980256947182,0.028523140184794925,0.16297883322659246,0.15153981666396907,0.013862254281633447,nan,nan,nan,0.9997219263888152,0.18652534020868228,0.0,0.009872954444137466,-1.2246467991473533e-15,0.0,1.913417161825449,0.3806023374435661,1.4627203053166995,1.5421747829373063
66.45,1.062119337998699,0.11250614603275577,0.19656202547477616,0.9957432837837947,0.10220241090270048,1.0922872672769068,0.2091253440701638,0.2189049876441667,0.9980879762165848,0.11190404612716001,0.02852467230776895,0.16551933802556998,0.15360044837545167,0.014102122166060367,nan,nan,nan,0.9781963831219463,0.42281614940307527,1.0,0.335561539027075,1.913417161825449,0.3806023374435661,3.5355339059327373,1.4644660940672622,1.0251467903721587,1.793865199121011
66.5,1.1011736087716284,0.11982200230624224,0.2013721181130778,0.9918216426194336,0.1301395844285182,1.13093233858624,0.22091784138161402,0.22761637716151828,0.9939067369285227,0.1508351984537445,0.028241067075150228,0.16720209674378728,0.1549258685230879,0.013761941164738023,nan,nan,nan,0.9770613257958567,0.43350653359644165,1.0,0.31361741765470613,1.913417161825449,0.3806023374435661,3.5355339059327373,1.4644660940672622,1.0349539600786286,1.7892353610337255
66.55,1.1594458925606805,0.1310583340713346,0.2103191177763038,0.9871901866764997,0.16059826611548017,1.1888917856000636,0.23449364454022725,0.23518535629764337,0.989020533309586,0.14860998752692112,0.028236360965417467,0.16970850601686685,0.15694949488091867,0.014062538768366998,0.6628436890549677,-0.5571309915519982,3.272023830590807,0.9776987141664991,0.4392040591057726,1.0,0.30195246954995103,1.913417161825449,0.3806023374435661,3.5355339059327373,1.4644660940672622,1.0634345934424896,1.7775294805122563
66.60000000000001,1.1981223381057695,0.13875242202894486,0.2171276278782383,0.9848829446051701,0.17570052709446907,1.172808700975199,0.16676630572785234,0.23469104870327626,0.98222246825037,0.15301673845657213,0.0288094389759736,0.16240478676854087,0.1511063164067613,0.013723626963629443,nan,nan,nan,0.9771345442010497,0.44944281467534863,1.0,0.2810397938557816,1.913417161825449,0.3806023374435661,3.5355339059327373,1.4644660940672622,1.0633408019795436,1.787225187091123
66.659,1.2559009201270475,0.1506506767358639,0.22840488317247556,0.9815280645618515,0.19706111505135387,1.2300248902085684,0.18066674073086103,0.24544656716752344,0.9794282208385446,0.18449225737938568,0.028811500105994963,0.1649464026902931,0.1531784176723093,0.014024995560602029,nan,nan,nan,0.9717987291991222,0.47274494474289236,1.0,0.23366185278388307,1.913417161825449,0.3806023374435661,3.5355339059327373,1.4644660940672622,1.0182745725692617,1.8100228699228524
66.70100000000001,1.3133808890067913,0.16302956788011394,0.24085913916590843,0.9785533967145523,0.21390112093946345,1.286704630163876,0.19694702137168024,0.26021430557894076,0.9772257789441026,0.19925050588750323,0.028656354177911753,0.1674699716322412,0.15519370353093678,0.013795236286230406,nan,nan,nan,0.9719789576514379,0.48273496648749564,1.0,0.21343203050179474,1.913417161825449,0.3806023374435661,3.5355339059327373,1.4644660940672622,1.0667019057476772,1.7847587110539942
66.751,1.3515530198417425,0.17158257694844517,0.24958879157781624,0.9771849937085471,0.22031296782899717,1.3244509334587586,0.20706721972025235,0.2683516068086029,0.976327917919649,0.22233722547181883,0.028655331032795398,0.16914122934418477,0.15654979300989175,0.013996193896232936,nan,nan,nan,0.9731726084121907,0.4884572494088008,1.0,0.20186406823966588,1.913417161825449,0.3806023374435661,3.5355339059327373,1.4644660940672622,1.0667019057476772,1.7847587110539942
66.8,1.3896197340680185,0.1803993088410758,0.2585211800632334,0.9761597340484502,0.22495310371152089,1.1977487212981726,0.28814430404176183,0.27601632083431094,0.9660979546004219,0.2165340134034292,0.02880851207623455,0.161776933347996,0.15065149630228408,0.013665221341538991,-0.2535003246998029,1.0421572281911244,11.662377694121862,0.9737826937386997,0.4978409174017605,1.0,0.18292292768007828,1.913417161825449,0.3806023374435661,3.5355339059327373,1.4644660940672622,1.0751510289611723,1.7857491803631895
66.85000000000001,1.4465843241732232,0.19416244925977472,0.2720419735807047,0.977605298141123,0.22179253976014351,1.2535098267472429,0.3041929691943845,0.2888411883874409,0.9707910192494184,0.21515928933688533,0.028810835261758656,0.1643188465039378,0.15274061383849907,0.013967858339560558,nan,nan,nan,0.9881620224302814,0.4300384482571489,1.0,0.3207280370816604,1.913417161825449,0.3806023374435661,3.5355339059327373,1.4644660940672622,1.2588971708955516,1.7477363424413221
66.9,1.484580435150762,0.20374359505187473,0.2807296816184759,0.9800798255640654,0.2146096384482979,1.2898640039436822,0.32113976988378995,0.3043790068180088,0.9743789599506499,0.22061884560226658,0.02826409903324531,0.16600323830746092,0.1540885163841429,0.01364399883585475,nan,nan,nan,0.988800131358387,0.43864664544827137,1.0,0.3030928041263143,1.913417161825449,0.3806023374435661,3.5355339059327373,1.4644660940672622,1.260620652698245,1.7379095924112287
66.95,1.5415837754390576,0.21873860138590628,0.2932639185448755,0.9832083226613346,0.2046304728445703,1.3456585149902962,0.338920270290415,0.3167552358977152,0.9790663888887369,0.19399979630589734,0.028263710149365122,0.16851280619995632,0.1561466083456887,0.013947147735481922,nan,nan,nan,0.991192558894592,0.4495739097302592,1.0,0.28077243150530073,1.913417161825449,0.3806023374435661,3.5355339059327373,1.4644660940672622,1.2754543874238233,1.718710571876737
67.0,1.5795733402921377,0.22914859625890774,0.30130549407760016,0.9848937840978618,0.1991418441042327,1.3822679873928552,0.3547623186708444,0.32865117702377855,0.9815274006454727,0.18788195695645707,0.027938878528300307,0.17017141113560744,0.15747273463523564,0.013767626515975984,1.3662476396817935,0.48836406401320853,0.0659049958429461,0.991192558894592,0.4495739097302592,1.0,0.28077243150530073,1.913417161825449,0.3806023374435661,3.5355339059327373,1.4644660940672622,1.2754543874238233,1.718710571876737
67.05,1.6365015287083966,0.24537147329163078,0.3130174971424738,0.9869918018127791,0.1923013606167153,1.4365646495463305,0.3860648225482707,0.341467573444814,0.9848362977927902,0.2023549521719309,0.027940034169994344,0.16362713627913916,0.15231064689257146,0.014008814245300084,nan,nan,nan,0.9922674946699689,0.4530898462770651,1.0,0.2736054802168401,1.913417161825449,0.3806023374435661,3.5355339059327373,1.4644660940672622,1.286436206989803,1.7094466491844973
67.101,1.6933411770381583,0.2623090123687012,0.32427879634716084,0.9888004914744852,0.18409963817449101,1.4730358714482183,0.402724243280875,0.35302251874090285,0.9866421033918625,0.18534948006802043,0.027612666480915704,0.16530368664854278,0.15367640426812657,0.013680031131077602,nan,nan,nan,0.9935483239017395,0.4551216575113139,1.0,0.26946695173510976,1.913417161825449,0.3806023374435661,3.5355339059327373,1.4644660940672622,1.3087618872008004,1.6878401776627556
67.15,1.7311754572930886,0.2739881615756873,0.331512657683385,0.9898915535022568,0.17887587352147963,1.5285493049154226,0.42342253513361755,0.3645891536188155,0.9890012722824415,0.17532245797971352,0.02761528731167304,0.1678003393617507,0.15576002691813945,0.013979617364389298,nan,nan,nan,0.994466479294015,0.4582710964837201,1.0,0.26305642858229183,1.913417161825449,0.3806023374435661,3.5355339059327373,1.4644660940672622,1.3157164761397342,1.6831826253137694
67.20100000000001,1.7878253827410535,0.29207197429868237,0.3420076290309114,0.9912540010697816,0.17218065281203435,1.5640083223817993,0.4447300669407598,0.37948412490071703,0.9902751018510143,0.15899374040487024,0.02695219570049205,0.16944840961471233,0.15710461382399665,0.013729493763260789,2.359288134745594,0.8648250587011275,2.9058392747840234,0.9949653900075989,0.4649768044823339,1.0,0.24942481811732373,1.913417161825449,0.3806023374435661,3.5355339059327373,1.4644660940672622,1.3175977775313283,1.6785027637381118
67.251,1.8255191347466277,0.30449386914341425,0.34877248460652116,0.9921671239012777,0.16719964613501168,1.7023537734011882,0.5066151894891515,0.38991732102596227,0.9976177158773333,0.1513190316408693,0.02694569868480682,0.16299535231647902,0.15201548342700832,0.014027220909584082,nan,nan,nan,0.9962638575661585,0.46595343985740273,1.0,0.24744140873169138,1.913417161825449,0.3806023374435661,3.5355339059327373,1.4644660940672622,1.335365250598408,1.6675782031445692
67.3,1.863147739055601,0.3171997507660157,0.35535896317990384,0.9926485064582842,0.1632883246379431,1.7404652877323907,0.5164956693977509,0.38954892348688785,0.9974040785537196,0.13190013488689986,0.027466456559154005,0.1646602814341554,0.1533987090971995,0.01369618017137385,nan,nan,nan,0.9960806069325319,0.47848318375465215,1.0,0.22203639312425427,1.913417161825449,0.3806023374435661,3.5355339059327373,1.4644660940672622,1.3173665970189277,1.6620089598923016
67.354,1.9194320445776625,0.3367636939418332,0.3650380608678075,0.992856707193685,0.16056025597864207,1.7957460722604226,0.5393971581931709,0.39853264798393395,0.9970135017354497,0.14169254451139957,0.027469022394800167,0.16714094454454972,0.15550548695540187,0.013998213720672056,nan,nan,nan,0.995458679726705,0.48488791558292504,1.0,0.2090780890255044,1.913417161825449,0.3806023374435661,3.5355339059327373,1.4644660940672622,1.297228718405564,1.6777255867841556
67.40100000000001,1.9568450786916245,0.35013320466234493,0.37143258588360045,0.9930007530122988,0.15912963125372365,1.8330436005942934,0.5526538306914307,0.40235418322880445,0.9968846910404218,0.15472990422669056,0.027686331636971366,0.16877872351854464,0.15686484884469976,0.013670712001069755,nan,nan,nan,0.9959380849162661,0.4886954776338293,1.0,0.19740762269363826,1.913417161825449,0.3806023374435661,3.5355339059327373,1.4644660940672622,1.3113824020540692,1.6685168553946355
67.452,2.012805756136796,0.37066631835766184,0.38087120185429696,0.9933005697158952,0.1558188791945999,1.7784017134970516,0.573469519392198,0.4115943373112923,0.9901649469321646,0.12802635770941315,0.02767050399638598,0.16226609603692616,0.15170322186501722,0.013969531242726473,0.7915913199699371,0.5633188437984227,4.029270232695561,0.9960111912624038,0.49170140845389765,1.0,0.18770874652868433,1.913417161825449,0.3806023374435661,3.5355339059327373,1.4644660940672622,1.3746483834401904,1.6625417202449557
67.5,2.068601757940434,0.39176757896627956,0.38999826711783175,0.9945931933632093,0.14861358631885208,1.8138303980837607,0.592589891828503,0.4212500797067489,0.9918943452146216,0.13613127522434235,0.027359060027966,0.16392084308562363,0.15310002738105352,0.013800026829705854,nan,nan,nan,0.9983360081540201,0.4692910188277477,1.0,0.23537376508976726,1.913417161825449,0.3806023374435661,3.5355339059327373,1.4644660940672622,1.392896743261441,1.6453173418220257
67.55,2.1057343479296433,0.40615278119736997,0.39578366571277435,0.9956205803001618,0.1421377502529854,1.8681205491192738,0.6170815163830503,0.42974165293075917,0.9940836174055834,0.15551533822366276,0.02736462155159452,0.1663880967925392,0.15522676730004756,0.014043308235162722,nan,nan,nan,0.998871755888904,0.46875705457876315,1.0,0.231588651195046,1.913417161825449,0.3806023374435661,3.5355339059327373,1.4644660940672622,1.392896743261441,1.6265126476980105
67.60300000000001,2.1613227697257087,0.4281850946128833,0.40396267459614615,0.9967811476917696,0.13193011211645658,1.9043666245033866,0.6333183862624299,0.43498956270507977,0.9952172263227088,0.1331668378382574,0.02740077252335842,0.16801709629252976,0.1566006387101298,0.013710419024117888,nan,nan,nan,0.9991821375928286,0.47018850483902797,1.0,0.22179070090660555,1.913417161825449,0.3806023374435661,3.5355339059327373,1.4644660940672622,1.4057069093506667,1.6062533155507432
67.65100000000001,2.1983013495767327,0.4431620761609604,0.40909309954793477,0.9973838722029826,0.12617931847552114,1.9717349237458526,0.6404585125515363,0.4419670365513407,0.9969000468482562,0.08758632737394947,0.02740721979613762,0.16146161044190013,0.15137065944733635,0.014089995337768746,2.075380934735054,0.44491974934531775,0.21921546073349746,0.9993425978846614,0.47125177878625146,1.0,0.21515392426302254,1.913417161825449,0.3806023374435661,3.5355339059327373,1.4644660940672622,1.4057069093506667,1.6079600873235762
67.7,2.235211603295216,0.45835971820439936,0.4140434451585313,0.9978264684914688,0.1229612700778556,2.00777981509635,0.657511384947739,0.4461425486257964,0.9974549500550179,0.10328692176916177,0.027414108616586188,0.16310803385536854,0.1527811055134574,0.013751390935815644,nan,nan,nan,0.9990761050816577,0.48495627280971687,1.0,0.18366290059214593,1.913417161825449,0.3806023374435661,3.5355339059327373,1.4644660940672622,1.3738487957589147,1.6327474426348842
67.75,2.2904384753525546,0.4815498271049277,0.4213299224990451,0.9982677973527263,0.1199777041381472,2.0617203350758055,0.6834690014228226,0.4535745402970424,0.9981463594671057,0.12758394439022902,0.02741932068541215,0.16556477361132083,0.15492647645425503,0.014052325666492676,nan,nan,nan,0.9992077995156071,0.4859497113840134,1.0,0.17781637710529916,1.913417161825449,0.3806023374435661,3.5355339059327373,1.4644660940672622,1.384640161929196,1.6214321127885172
67.8,2.3271636771165802,0.4972610068019624,0.42605991190120607,0.9985058104627962,0.11681315650707784,2.098532465305332,0.6981213151887771,0.4545624822269776,0.9985285286287413,0.09282446245365172,0.02769560901215041,0.16718706836063635,0.15631304905200263,0.01371828241263029,nan,nan,nan,0.9994315920008686,0.4872928396384151,1.0,0.16943159915795059,1.913417161825449,0.3806023374435661,3.5355339059327373,1.4644660940672622,1.403382148245194,1.6024698907571282
67.852,2.382112590269121,0.5211881928794083,0.4329066396089397,0.9987996745987051,0.11286902064307816,2.152320280504838,0.7245294480327652,0.460843697405227,0.9989711849433818,0.11606540193135141,0.02770011953385328,0.16960544696817795,0.15842467400531046,0.014019921030002689,1.7565043635095263,0.7089527997557578,0.5627202484845298,0.9995390535518799,0.49120755303693253,1.0,0.15323747998811807,1.913417161825449,0.3806023374435661,3.5355339059327373,1.4644660940672622,1.4030342462220338,1.6012734915720688
67.9,2.4186519347987283,0.5373718754944526,0.4373676602095356,0.9989548196795106,0.11035916255106308,2.147942337104736,0.7369354196084024,0.4615543061964246,0.9967955628559906,0.0906125642480404,0.02794195902272483,0.16224453578087755,0.15243328134158787,0.013686241323745733,nan,nan,nan,0.9995390535518799,0.49120755303693253,1.0,0.15323747998811807,1.913417161825449,0.3806023374435661,3.5355339059327373,1.4644660940672622,1.4030342462220338,1.6012734915720688
67.95100000000001,2.473326791059986,0.5619829736516013,0.4438279284291167,0.9993435800409621,0.10575682375530251,2.183628543207762,0.7547303578458643,0.4658471104410858,0.9974168940372545,0.10267523662038706,0.027944794287332424,0.16388034867367213,0.15387484573246935,0.013888165302097178,nan,nan,nan,0.9997720319547531,0.482907371894125,1.0,0.16598492339929072,1.913417161825449,0.3806023374435661,3.5355339059327373,1.4644660940672622,1.4106388940175667,1.6022080397122362
68.0,2.509693644090788,0.5786094890824794,0.44797387069465433,0.9996249272124846,0.10206268312123039,2.2381081022819638,0.7788099478922188,0.4688503021131725,0.9983113370414565,0.10260634053946255,0.02823471063775716,0.16631367175293996,0.15598918009603902,0.013659367778218296,nan,nan,nan,0.9998800159145286,0.483672465058837,1.0,0.15850165576066425,1.913417161825449,0.3806023374435661,3.5355339059327373,1.4644660940672622,1.4264984371697933,1.5844515210875771
68.05,2.5641176629990596,0.6038625713121409,0.45390458286128305,0.9999231909458626,0.0969186895279284,2.2914933536553663,0.8060047369439378,0.4755061699240386,0.9989724556276458,0.09498837505726479,0.02823603909993284,0.168728609735996,0.15811413546557182,0.014046544747041895,2.9194850235555756,0.06605347512933046,3.422393208009712,0.9998500752127076,0.4861666835875147,1.0,0.15070890602688444,1.913417161825449,0.3806023374435661,3.5355339059327373,1.4644660940672622,1.4196215995127215,1.5894856715041774
68.10000000000001,2.600315117320629,0.6208985346393299,0.45770998327910034,1.000058798633383,0.09397181719106577,2.3856506854127044,0.766584589591758,0.48874267450104464,1.0008682774759137,0.11972866002496632,0.02756415565253765,0.16149391585228862,0.15217220752747165,0.013709663892731329,nan,nan,nan,0.9999361566240508,0.4868060863210931,1.0,0.14366129019103543,1.913417161825449,0.3806023374435661,3.5355339059327373,1.4644660940672622,1.4249758328253075,1.582884881970659
68.15,2.654473849266811,0.646737011933949,0.46331442983104254,0.9997930149712921,0.0950658832878441,2.438619466202816,0.7948743150882664,0.49457926547305636,1.0005399469815703,0.11959407511657077,0.027564487151064153,0.16393822251393833,0.15434813250244914,0.014011460768792682,nan,nan,nan,0.9983903800589494,0.5454886336385921,1.0,0.058573624810281,1.913417161825449,0.3806023374435661,3.5355339059327373,1.4644660940672622,1.357616683033795,1.6320716324264644
68.2,2.690476778489618,0.6641424664082399,0.46719437213527937,0.9995252362033028,0.09794714469842289,2.4770078164067075,0.805799890503257,0.4888584772288902,1.0002782650057607,0.09537231078236585,0.028369668865698337,0.16555257878803606,0.15575602031098926,0.013682380522063772,nan,nan,nan,0.9985705206664912,0.5480548679833379,1.0,0.052667794014681746,1.913417161825449,0.3806023374435661,3.5355339059327373,1.4644660940672622,1.3636316590599513,1.628383206497539
68.251,2.7443293462126874,0.6905160357309329,0.47324734806397833,0.9990664958360892,0.10384045823353968,2.529932483292057,0.8340827468073219,0.4946330448590252,0.999778840442296,0.09733924413751166,0.02836986983836452,0.16796317161915675,0.15789560334873992,0.01398478630565701,nan,nan,nan,0.9977051871901867,0.5566182151507597,1.0,0.040424653301152025,1.913417161825449,0.3806023374435661,3.5355339059327373,1.4644660940672622,1.3293868350766618,1.6563682002163775
68.301,2.7979948341510306,0.7172074438807844,0.4796921082679097,0.9986800842470703,0.10958120122905446,2.6052474204047416,0.7521028859175527,0.49527362501086886,0.9986737494428499,0.12285880112117188,0.028679623546508718,0.1606956311668798,0.15186700095930009,0.013655259002807583,2.97858552759021,-0.25602979950581595,5.078602810268452,0.9978679766626791,0.5599443203876264,1.0,0.03453761935312294,1.913417161825449,0.3806023374435661,3.5355339059327373,1.4644660940672622,1.3351981045069774,1.6532605357827714
68.351,2.833634857047038,0.7351714586756437,0.4844067324286812,0.9968497674974364,0.12409539094659416,2.6578894035274265,0.7806749864731934,0.5012716772739236,0.9964883985957002,0.10829019217064892,0.028675170865527663,0.16313849016645873,0.15405260452501435,0.013958255262282391,nan,nan,nan,0.9875078826263469,0.653502656463905,1.0,-0.07546888095906079,1.913417161825449,0.3806023374435661,3.5355339059327373,1.4644660940672622,1.1661189145701831,1.7425189680323538
68.4,2.8868128824686283,0.7623462846651221,0.4926239845372323,0.9940845210721129,0.14552515591038467,2.6929245855435195,0.7995803582422844,0.506201638923287,0.9947106446300095,0.13947545300175415,0.028706166041544356,0.16475136022743242,0.15546852740805547,0.013790377841433657,nan,nan,nan,0.9871302725454059,0.6618794452515675,1.0,-0.08095836641747689,1.913417161825449,0.3806023374435661,3.5355339059327373,1.4644660940672622,1.1582665758870438,1.7534577260834563
68.45,2.9220860387094247,0.7806341039101884,0.4987173032816073,0.9926037178641332,0.15602251280259766,2.745005142175929,0.8286465609726166,0.5145262353277014,0.992676393117813,0.13179719663756784,0.028703203432150656,0.1671594998044375,0.15762102237989878,0.01403371363899746,nan,nan,nan,0.9869316779724577,0.6680465347031003,1.0,-0.0847036285187604,1.913417161825449,0.3806023374435661,3.5355339059327373,1.4644660940672622,1.1705679181623965,1.744522243100433
68.501,2.974734132325862,0.8083589103673018,0.5085382144761901,0.9908080249649693,0.1687983851309371,2.7805221310044286,0.8459658629940001,0.5186503358010821,0.9915752764125754,0.1886083109939422,0.028932138247436057,0.16874624667275046,0.15901355772174278,0.013702043058875592,3.1339501663493605,0.6813129787223271,0.54929509931654,0.9867726140836911,0.6773552857890672,1.0,-0.08947037118752227,1.913417161825449,0.3806023374435661,3.5355339059327373,1.4644660940672622,1.1682920935293313,1.7513414876033753
68.551,3.009546374184064,0.8270134536802682,0.5158532420951912,0.9840679012307533,0.19392024779646486,2.8674165652416197,0.8622205584063278,0.5300808782879162,0.9840858125719221,0.2203344619669085,0.028946931256044105,0.1623034731161881,0.15371473614041978,0.014000399616210843,nan,nan,nan,0.9486147117220362,0.8406177086983678,2.0,0.2841490302834472,3.5355339059327373,1.4644660940672622,4.619397662556434,3.086582838174551,0.8027205912252049,1.8177360611219087
68.601,3.0610234362291098,0.8551048355579051,0.5288583091971275,0.9722844186680467,0.23174552067649543,2.9009607251195355,0.8828200763101227,0.5384350367389703,0.9757882712817402,0.20009468848523063,0.028870474798347985,0.16391156032247214,0.15514344328946852,0.013672748410658334,nan,nan,nan,0.9422037679193026,0.8717289705594091,2.0,0.22092957365489047,3.5355339059327373,1.4644660940672622,4.619397662556434,3.086582838174551,0.7711332985781275,1.8198100058190794
68.65,3.094871516698742,0.873949844322532,0.5386507013350849,0.965874197598666,0.2521056603352832,2.9508957006086556,0.912972622145779,0.552415879749899,0.9658209027628757,0.2248087032342626,0.028870294583873714,0.16631311069122046,0.15731615880539046,0.013975485401265267,nan,nan,nan,0.9422784381034912,0.8798601899179374,2.0,0.20448310300808792,3.5355339059327373,1.4644660940672622,4.619397662556434,3.086582838174551,0.775270418931863,1.8394701276805794
68.7,3.1450169987696674,0.9025062845908299,0.554602805730014,0.9585475338304844,0.27431237404651065,2.9844307810413424,0.9317178984159793,0.56098390593651,0.9612057324956175,0.2659940493252344,0.029033882700748668,0.16789466949083154,0.1587254422769908,0.013650859013660867,3.3644953613852366,0.860375225166896,0.5388563013901242,0.9428497587953233,0.8921306164551305,2.0,0.17971554521386202,3.5355339059327373,1.4644660940672622,4.619397662556434,3.086582838174551,0.8043180778504956,1.8436153253787793
68.75,3.178064389361462,0.9217959909957761,0.5658306363359622,0.9547808606973073,0.28403001463668076,3.0712543232993195,0.9580346762203598,0.5779198705501152,0.9574638595684761,0.3127520887254105,0.029052661661944104,0.1615699535350227,0.15348890822274494,0.013950363750745796,nan,nan,nan,0.9428154030708427,0.9008017304091845,2.0,0.16224646239341323,3.5355339059327373,1.4644660940672622,4.619397662556434,3.086582838174551,0.8269670869592624,1.8336253209170987
68.80000000000001,3.2108111677646667,0.9413198853288156,0.5773842703172992,0.9511926534004408,0.29155431992168207,3.1048577935526254,0.9756894323918851,0.5847092535283123,0.9536707120719233,0.2674780911532486,0.02939792495307451,0.1631731315916261,0.1549383318705106,0.0136287644555839,nan,nan,nan,0.9388444067253544,0.9294573434156642,2.0,0.10467614375054418,3.5355339059327373,1.4644660940672622,4.619397662556434,3.086582838174551,0.8178240962805261,1.8222348438968443
68.85000000000001,3.259348366701252,0.9710771633954822,0.5952411860246275,0.9463026586943848,0.30232657292320686,3.1523197387303137,1.007469096345527,0.6019094710273465,0.9489355740922845,0.3139204073510761,0.029406181779846774,0.1655682973687077,0.1571427665553369,0.01393248221147468,nan,nan,nan,0.9380652568595508,0.9385025145240138,2.0,0.08654433636712638,3.5355339059327373,1.4644660940672622,4.619397662556434,3.086582838174551,0.7986097062768373,1.8460070163413427
68.902,3.3072108971135328,1.0014693669620167,0.6136371639351796,0.94303942987633,0.3085980032234722,3.197827851088314,1.0422727211567375,0.623222146559157,0.9462017852929278,0.28997837294861584,0.029173410187450885,0.16792945066637513,0.15930725036995402,0.013714828947415079,2.428515089566789,0.9698253179681156,nan,0.9402334819086091,0.9493904982623855,2.0,0.06473700651911879,3.5355339059327373,1.4644660940672622,4.619397662556434,3.086582838174551,0.8419491625349567,1.8332559183592134
68.95,3.3387785060314674,1.0221319936524405,0.6260283993051059,0.9421944883605491,0.3104199176005135,3.149971394495815,1.0534885307088442,0.635994559838692,0.9409272711313398,0.3240037773530357,0.029168309472641665,0.16077471267341298,0.15327050570569678,0.013913376433149955,nan,nan,2.1441187680223948,0.9442745960914556,0.9586346949060538,2.0,0.04623425192648273,3.5355339059327373,1.4644660940672622,4.619397662556434,3.086582838174551,0.8702253112625724,1.8444802579443695
69.0,3.3701061591783046,1.0431522754659754,0.6384198204857153,0.942934338454922,0.30806323707503264,3.180901159999096,1.0746198804892848,0.6474061402974662,0.9436144428989574,0.31006545234086025,0.029317069750687635,0.16236705659728068,0.15474879842982503,0.013596273524166683,nan,nan,nan,0.9554376444345215,0.9356520744949246,2.0,0.09225661126198872,3.5355339059327373,1.4644660940672622,4.619397662556434,3.086582838174551,0.9892752304003353,1.8290447524866043
69.05000000000001,3.4167395544273775,1.0754456338409022,0.6566507852676845,0.9456625342845488,0.301295347758076,3.2258887929171416,1.1091114391137746,0.6666492151390475,0.9471197640198962,0.2825613412612251,0.029318451351634335,0.1647439871096599,0.15699812161340024,0.01390076058624554,nan,nan,nan,0.9567376234299565,0.9426279721163601,2.0,0.07827940005190501,3.5355339059327373,1.4644660940672622,4.619397662556434,3.086582838174551,0.991736492188006,1.8293496257719997
69.10000000000001,3.447577316947078,1.0974846209002094,0.6686158318258829,0.9474241790618617,0.2978839079988821,3.256944212359504,1.1302106793145241,0.6756779692073289,0.9494545926697951,0.28991210550849117,0.02958144574198723,0.1663054188430435,0.15846538979183264,0.013585221882506942,nan,nan,nan,0.9596364898190474,0.9517386987935276,2.0,0.06003603361334561,3.5355339059327373,1.4644660940672622,4.619397662556434,3.086582838174551,1.002341351750346,1.8315607297048064
69.15,3.493440328428301,1.1313031611679485,0.686334027568203,0.9498446947775527,0.2934690270800811,3.3338008816368383,1.171310775742797,0.692871118446038,0.9544533931259841,0.2972350065135751,0.029592709644264803,0.15989961121646648,0.15308610300188205,0.013883352525266908,3.605644232346902,1.1897149348698137,0.370175359652589,0.9592548487864241,0.9793144535552754,2.0,0.004866510987472178,3.5355339059327373,1.4644660940672622,4.619397662556434,3.086582838174551,0.9940724732836483,1.8156144734005006
69.203,3.538784435584727,1.166000248849936,0.7038308442455881,0.9512521857152478,0.2904073345961572,3.3798747319631364,1.2043574195594526,0.7042412674163065,0.955674897748522,0.2629264124858468,0.030011703114581918,0.1622639392191906,0.15535920234768896,0.013763384081249578,nan,nan,nan,0.9588882505021842,0.986622765591272,2.0,-0.009750199930854797,3.5355339059327373,1.4644660940672622,4.619397662556434,3.086582838174551,0.9775219779374713,1.8269454674732666
69.251,3.568696637709273,1.1895957282996088,0.7154410040075994,0.9518246429673857,0.29019989240034577,3.408939562795373,1.2291954492559916,0.7157970472524751,0.9562325449370923,0.27419175829503095,0.03001590846535984,0.16383016137904421,0.1568853106285135,0.013965142230330308,nan,nan,nan,0.9588882505021842,0.986622765591272,2.0,-0.009750199930854797,3.5355339059327373,1.4644660940672622,4.619397662556434,3.086582838174551,1.0025503851915674,1.8192219155593978
69.30000000000001,3.598349501929407,1.213556298888051,0.7270343605088535,0.9525855772286891,0.289145612676584,3.4354112132901116,1.2582559189590692,0.7322620056592326,0.9571544967234268,0.29642160958152197,0.029593835976832805,0.1653735761666516,0.1583821413585329,0.013641889023216114,nan,nan,nan,0.9614207715879901,0.9944720262537601,2.0,-0.025450017552350226,3.5355339059327373,1.4644660940672622,4.619397662556434,3.086582838174551,1.0025503851915674,1.8192219155593978
69.351,3.6423558345290608,1.250190985906036,0.7442565961369761,0.9543370327984377,0.2845341712573579,3.477912438916873,1.2969256536359828,0.7493466705142087,0.9589951179122388,0.2545693730901521,0.029590903433583886,0.16767328412048996,0.1606575373379943,0.013945494732233426,3.7236300896102583,1.3550287202793618,0.22863729042219832,0.9650552873187226,0.9974040541872649,2.0,-0.03131525860162092,3.5355339059327373,1.4644660940672622,4.619397662556434,3.086582838174551,1.0448271525038648,1.8031160104227437
69.4,3.6713875367123343,1.2750835024376033,0.7555527619778275,0.9558421297549788,0.28112187417260665,3.5318048721518087,1.3291592977413378,0.758615389760378,0.9622339951812648,0.26998779970588455,0.029715359411073332,0.16049405462342725,0.15445799062679438,0.013621183966525705,nan,nan,nan,0.9676677889872938,1.0043288567023418,2.0,-0.045169982690628135,3.5355339059327373,1.4644660940672622,4.619397662556434,3.086582838174551,1.0510561820097015,1.8123472421019797
69.45,3.714470899934621,1.3131185239372027,0.7722860793147592,0.9577516231940232,0.2772581944502736,3.573507919376985,1.3691333913277772,0.7753980574619305,0.9637061717889286,0.25678468748773736,0.029717154175621017,0.16281502353332555,0.1567903693310609,0.013925243600497543,nan,nan,nan,0.9674354150702447,1.019894324128872,2.0,-0.07633026772443971,3.5355339059327373,1.4644660940672622,4.619397662556434,3.086582838174551,1.0460625986123562,1.8040994373685053
69.5,3.7428685321787873,1.3389192749226908,0.7833204919563945,0.9588599943356078,0.2747332887246413,3.6026797053839803,1.393616815507527,0.7831244266207863,0.9647439734635778,0.2670489099431144,0.030014184037159067,0.1643364073360075,0.15831580301089193,0.013760884282198982,nan,nan,nan,0.9692594061360257,1.023991682469529,2.0,-0.08453825011142443,3.5355339059327373,1.4644660940672622,4.619397662556434,3.086582838174551,1.0609774831582333,1.8013306081908391
69.55000000000001,3.7849760211532244,1.378275639678555,0.7996692136488833,0.9605131057093625,0.27064115248340076,3.641396132827769,1.3943507839885907,0.7990339742019623,0.9639836194967581,0.24749199793184984,0.030029895456963066,0.15816130541421605,0.1530244556129636,0.014001366761283286,3.6366923426403397,0.9855358565205846,0.6882700197236552,0.9696881685339209,1.0299693819627098,2.0,-0.09519144203617227,3.5355339059327373,1.4644660940672622,4.619397662556434,3.086582838174551,1.0679619516109806,1.7948576896822597
69.602,3.8264826202464985,1.4183940279243359,0.8158199768899375,0.9619267942539489,0.26833317476668134,3.6681058220237093,1.4222277548072038,0.8106547562712403,0.9650188635483757,0.2705936517534278,0.030017493858891714,0.15969658197987618,0.15458851428240833,0.013836568124123821,nan,nan,nan,0.9694728753523824,1.046758495070198,2.0,-0.12697520391254535,3.5355339059327373,1.4644660940672622,4.619397662556434,3.086582838174551,1.0592495263498958,1.8044294906091223
69.65,3.8538150202186543,1.4455514702253804,0.8265078676168638,0.9629097529630561,0.26601461005417737,3.707803787117566,1.4644175882490158,0.8270083319201857,0.9665970516713395,0.2699420097648037,0.030021740511170222,0.16198887228747208,0.1569586410775041,0.014079264575251764,nan,nan,nan,0.971125921463929,1.0515452315256097,2.0,-0.13369588365943771,3.5355339059327373,1.4644660940672622,4.619397662556434,3.086582838174551,1.083855058188031,1.7900515625483973
69.703,3.8943109734180728,1.4869004722649837,0.8423029098221145,0.964625842007858,0.2609398872647144,3.7454023878879754,1.5093130300131274,0.8462860202525571,0.9684612855702315,0.24517976494427784,0.029793494827145453,0.1642371598742112,0.15929745244292168,0.01384315745904558,nan,nan,nan,0.9756364720868391,1.062442724359073,2.0,-0.14687606858254226,3.5355339059327373,1.4644660940672622,4.619397662556434,3.086582838174551,1.128710629210965,1.7729398423597393
69.75200000000001,3.920977354393557,1.5148732473400197,0.8526382022276874,0.9659921515700978,0.25655492322440143,3.771012084099818,1.5383973572746228,0.8569183395425543,0.9699038565153001,0.2547325280893496,0.02979851035787365,0.16572490084947733,0.16086526500009646,0.014043837602168971,nan,nan,nan,0.9756364720868391,1.062442724359073,2.0,-0.14687606858254226,3.5355339059327373,1.4644660940672622,4.619397662556434,3.086582838174551,1.128710629210965,1.7729398423597393
69.803,3.960485814949192,1.5574369486175244,0.8678204994551836,0.9680988941005726,0.25049029143994983,3.790070212412103,1.5617318931516417,0.867427648111919,0.9707713289303627,0.25138601247823644,0.029800544352563633,0.15864905179542904,0.15455207800790455,0.013707620380372208,3.724961915243131,1.493124804483604,0.025250607905039794,0.9774895069108279,1.0694998884221487,2.0,-0.1547189403787454,3.5355339059327373,1.4644660940672622,4.619397662556434,3.086582838174551,1.1383238236849742,1.7722824478522776
69.85000000000001,3.986498242212093,1.5862081861678468,0.8777446153584524,0.9695596168789973,0.24648085993575658,3.827566268085002,1.606361012313114,0.8819982434680416,0.9730305021856903,0.2513264415631961,0.02980420292264933,0.1609079775660212,0.1569571075204665,0.014009882840466281,nan,nan,nan,0.9790119868935068,1.0726682040971942,2.0,-0.1576012214031735,3.5355339059327373,1.4644660940672622,4.619397662556434,3.086582838174551,1.152925208934248,1.7675380669074852
69.902,4.0250279181724204,1.6299431681274572,0.8923287245911798,0.971662420889095,0.2403693300555673,3.8534757073054173,1.6349539440799252,0.8894399144841403,0.974530983400694,0.2369216298315144,0.029994116179288977,0.16238477687921735,0.15853473296774295,0.013681246478100956,nan,nan,nan,0.9805425395270959,1.0795881659206061,2.0,-0.16398344214439486,3.5355339059327373,1.4644660940672622,4.619397662556434,3.086582838174551,1.1672366785260944,1.758945292633232
69.95100000000001,4.050385903570934,1.6594729217610393,0.9018767992424821,0.9729091554843337,0.23784719114000724,3.8901348556325788,1.6805560056787467,0.9036921117015027,0.9764222128182235,0.2579494459589729,0.03000098530992338,0.16459293676691836,0.16092029592406595,0.013984059109390249,nan,nan,nan,0.9812443650846144,1.087626350177674,2.0,-0.17143394941549528,3.5355339059327373,1.4644660940672622,4.619397662556434,3.086582838174551,1.1543518816045464,1.771156447915656
70.001,4.087925035996691,1.7043028950826236,0.915984362902258,0.9746295324111619,0.23233546820244935,3.912835875696014,1.712955745790253,0.9152996125891343,0.9776025313790871,0.21652596604186264,0.02979640924774601,0.16603284993434822,0.16248334373778417,0.013658546739344002,3.7687503669054636,0.9072545098821273,2.4170624554966165,0.9822614799668478,1.0923251524944049,2.0,-0.17478679162186375,3.5355339059327373,1.4644660940672622,4.619397662556434,3.086582838174551,1.1853423194766806,1.7448818850882089
70.051,4.1126211348463695,1.7345378247253913,0.9251940396934114,0.9758385304025484,0.22898620076208048,3.9283226076589095,1.6814574011608385,0.9282220102615861,0.9748118685695594,0.22875065163023442,0.029821576547371914,0.1597618680022763,0.15691828687363046,0.013958293185437867,nan,nan,nan,0.9837694907937212,1.095713609466496,2.0,-0.17566166880935669,3.5355339059327373,1.4644660940672622,4.619397662556434,3.086582838174551,1.18546600717084,1.753487224969435
70.102,4.149170481473568,1.7803980649837903,0.9388067589964408,0.9774819665285364,0.22546108250872257,3.950318192653029,1.7142103241267774,0.9397363238228004,0.976445731538661,0.22126652534661387,0.0296311655523914,0.16121957934004094,0.15851722659317888,0.01363588720788414,nan,nan,nan,0.9828462742415895,1.1137105169333166,2.0,-0.20603795849587414,3.5355339059327373,1.4644660940672622,4.619397662556434,3.086582838174551,1.1960688396847767,1.7513579925802967
70.153,4.173206676086754,1.8112994394983426,0.9477650400710714,0.9785762694434105,0.22287935999778563,3.9847016276001326,1.761702004823683,0.9527407273967885,0.9787069412323515,0.20179126805745695,0.029630957486559816,0.16340099477592263,0.16093324563111083,0.01393683164219284,nan,nan,nan,0.9842998212270567,1.1171704482137375,2.0,-0.2061300699790425,3.5355339059327373,1.4644660940672622,4.619397662556434,3.086582838174551,1.1960688396847767,1.7513579925802967
70.345,4.185126017847125,1.826846467457881,0.9522059514270949,0.9790930888177349,0.22167469196770032,3.996043892827148,1.7776550587710185,0.9567765527579377,0.9794209984925906,0.19732337954782803,0.029630957486559816,0.16412162947768094,0.16173584653018544,0.014177552683760714,3.692516130334974,1.6820873913537937,0.39795412307479344,0.9853638728432685,1.1240414563223724,2.0,-0.20833388719286813,3.5355339059327373,1.4644660940672622,4.619397662556434,3.086582838174551,1.1984773657863736,1.7509465381171596
70.35000000000001,4.208766637228579,1.858128608906427,0.9610190863225552,0.9800808615265814,0.21945386079172402,3.9850958856911354,1.7987730102398793,0.969016973142871,0.9786516215936087,0.22533265693901522,0.029365886646813062,0.15723269086693872,0.15533694624917851,0.013790450319442033,nan,nan,nan,0.9902753166960607,1.117095608700234,2.0,-0.18847562297497458,3.5355339059327373,1.4644660940672622,4.619397662556434,3.086582838174551,1.2620163416434695,1.7227135728157301
70.4,4.323120901710551,2.0182255911931324,1.0027616088669933,0.986134554430107,0.19875976161837813,4.082848504310071,1.9460408042610366,1.0053248605370069,0.9862227447989119,0.21438034633326547,0.029376016967758486,0.1637090451248242,0.16264536595595455,0.013644698477487957,nan,nan,nan,0.991179552253951,1.128187392470431,2.0,-0.18969523925633816,3.5355339059327373,1.4644660940672622,4.619397662556434,3.086582838174551,1.2571925731141507,1.7215660352254294
70.45,4.3452335400842745,2.050941788926468,1.0105928224880796,0.9871113626888748,0.19357238902410248,4.114278421389126,2.0034096509632984,1.017339190925667,0.9884293358193976,0.19241140804671242,0.029374043244366484,0.1576006847646515,0.15697281742753913,0.013944591650715595,4.086920969430471,2.0381226314711833,0.020741178200480204,0.9921031812052202,1.1310804491050899,2.0,-0.18752688296162234,3.5355339059327373,1.4644660940672622,4.619397662556434,3.086582838174551,1.288291271494003,1.6940537601316392
70.50200000000001,4.377933613539283,2.100411832779636,1.0219415542244765,0.9884607100809996,0.18606808120105506,4.137049928036257,2.0351972852454963,1.0208721371578688,0.9894867832713927,0.17011656813073014,0.02964545670200545,0.1590286783944795,0.1586079404280514,0.01362380575610591,nan,nan,nan,0.9931511435621119,1.134443320257551,2.0,-0.18178748039960363,3.5355339059327373,1.4644660940672622,4.619397662556434,3.086582838174551,1.277734675124034,1.6908487017697975
70.551,4.3994215304974285,2.133642413086171,1.0293091018924276,0.9891380266154753,0.18319356103706724,4.167897633425191,2.085950405328366,1.0317708990015095,0.9906226920626019,0.16411787347408924,0.029647243914288114,0.1611725907137238,0.16107067121296878,0.014010526697840902,nan,nan,nan,0.9928327624521139,1.140670430117875,2.0,-0.18306103281773595,3.5355339059327373,1.4644660940672622,4.619397662556434,3.086582838174551,1.277734675124034,1.7010362994994674
70.601,4.431186516678574,2.183839232202593,1.0401746826267448,0.9900113998504452,0.17949229858912302,4.186072082746237,2.121863333815483,1.0424425255744776,0.9912872548325904,0.16884542623072366,0.0293861047642486,0.16256693070080275,0.1626893663738397,0.01368178122102336,nan,nan,nan,0.9933762002914208,1.1469327425629512,2.0,-0.18051303970698457,3.5355339059327373,1.4644660940672622,4.619397662556434,3.086582838174551,1.2828211026638698,1.6970123345689234
70.65100000000001,4.45205707010841,2.2175300576847743,1.0472718111051107,0.9906450544869045,0.1759933250898562,4.244522258586024,2.1677741144876705,1.0533848212957633,0.992979607639744,0.170814103798167,0.029401918769655824,0.15648087178503362,0.15689016774570388,0.013980715497813961,4.506794585301781,2.076977219344718,0.35072915427560597,0.9943673347636025,1.1486306700441424,2.0,-0.17567238798976242,3.5355339059327373,1.4644660940672622,4.619397662556434,3.086582838174551,1.3012052203312938,1.6846933127557102
70.70100000000001,4.482843421908882,2.268303931246327,1.0581754057339448,0.9872552455731258,0.19081339473873601,4.265175159508194,2.201376847199119,1.058714200974741,0.9893558590357383,0.18076934127173713,0.029542164155161848,0.1578981903747625,0.15853728836698153,0.01365553465623225,nan,nan,nan,0.9743170345967263,1.280513244830531,3.0,0.1884215884240917,4.619397662556434,3.086582838174551,5.0,4.999999999999998,1.0380038663505466,1.782737853916316
70.75,4.502968696727911,2.302211544126571,1.0661429281570183,0.9843426218230785,0.20367619963830483,4.294019623494285,2.2531512446950197,1.0692768302240205,0.9849343635295894,0.17814859445633216,0.029539132227482622,0.1600280699913538,0.16101673304446026,0.013958780266186053,nan,nan,nan,0.9739861351137019,1.2873074675271072,3.0,0.17472109514729875,4.619397662556434,3.086582838174551,5.0,4.999999999999998,1.0435335851438545,1.7846979117835626
70.80000000000001,4.522783342412529,2.3361836869220913,1.074553385519905,0.9820316271465614,0.21378620958308137,4.309246307652736,2.2906587769454023,1.0826291306528235,0.9828823449894638,0.2043441781036585,0.029107051843405927,0.16141112324341944,0.1626495330528939,0.013790545950232751,nan,nan,nan,0.9743316744027347,1.2963402310003485,3.0,0.15653155332828608,4.619397662556434,3.086582838174551,5.0,4.999999999999998,1.0525115600415775,1.7911828868054953
70.85300000000001,4.551935554843326,2.387314178745753,1.0877553863880287,0.9797298997256736,0.22309064590204414,4.336639946528409,2.342827868163889,1.0958276934217155,0.9808439704066444,0.2053645259752613,0.0291080503324264,0.16349142863661006,0.1651062067535665,0.014035449949338042,4.983151278188699,3.659122009865143,7.7124307112174275,0.9764405356520143,1.3001265238807003,3.0,0.14891480218108583,4.619397662556434,3.086582838174551,5.0,4.999999999999998,1.088587417818452,1.7776042550191555
70.90100000000001,4.570996053578703,2.421548013623804,1.0967664416214629,0.9788412741737765,0.22630306668054123,4.422558440940121,2.514897511446148,1.1111675048013563,0.9900178542233978,0.2098734540082494,0.028632067526973434,0.1567578341204264,0.15839851564247592,0.01369737660287085,nan,nan,nan,0.9774850738017548,1.3084302528639227,3.0,0.13222520920024716,4.619397662556434,3.086582838174551,5.0,4.999999999999998,1.1034414232450147,1.776957480791427
70.95,4.59901050865106,2.47313312081786,1.1104975222527598,0.9769100190851534,0.23092469792112028,4.448658232426663,2.5681841387428253,1.1242931829675342,0.986329867366836,0.22845872525129005,0.028636090507181775,0.15887096227646472,0.16090151897228805,0.014085249415653894,nan,nan,nan,0.9753403366486537,1.333705973300192,3.0,0.08152673668396908,4.619397662556434,3.086582838174551,5.0,4.999999999999998,1.067735595691254,1.7674522379811606
71.001,4.626299259814916,2.524964334395814,1.124466236144426,0.9751635890785358,0.2335239576243303,4.470077108785916,2.60049380163911,1.127074801834344,0.9844069745418025,0.22291571638808055,0.02916298696966903,0.16024260603416435,0.16255122804269073,0.013747349705511057,nan,nan,nan,0.9765469542283939,1.3412968589735323,3.0,0.06632415065083781,4.619397662556434,3.086582838174551,5.0,4.999999999999998,1.093527717062432,1.7617717648793936
71.05300000000001,4.6440886095368485,2.5596753252561304,1.1338493238555467,0.9742568958092089,0.23525831415968587,4.495177985566749,2.6539010676320887,1.140514675970996,0.9818888192412092,0.23113261459240625,0.02916581395841495,0.16230909881072933,0.1650307018537029,0.014048591470751017,4.751619110942795,2.3515216957267087,0.5719991322915573,0.9769286032586815,1.3557385664698616,3.0,0.03742080478228921,4.619397662556434,3.086582838174551,5.0,4.999999999999998,1.1050920371873554,1.7658576170100275
71.10000000000001,4.670163757590524,2.6119925977205045,1.1480177709848498,0.9735102109077243,0.23629270329794205,4.536139760033855,2.6600172617521767,1.1461803282412237,0.9799194033986368,0.2459155665974783,0.029463046849753472,0.15573508122871949,0.15835197829495096,0.013711725674702607,nan,nan,nan,0.9769286032586815,1.3557385664698616,3.0,0.03742080478228921,4.619397662556434,3.086582838174551,5.0,4.999999999999998,1.1050920371873554,1.7658576170100275
71.15100000000001,4.68713740998519,2.6470450622053314,1.1575064454057438,0.9728341548425986,0.23785482703047447,4.560121597221586,2.7136588295927826,1.1593953550108198,0.9781694349799773,0.23605267401402338,0.029462340506046975,0.15783858708289725,0.16087562059061192,0.014013661925363324,nan,nan,nan,0.9738832601932833,1.3752271309840622,3.0,-0.0015606903938439193,4.619397662556434,3.086582838174551,5.0,4.999999999999998,1.0810424922960933,1.7714504472466266
71.20100000000001,4.711973258610851,2.699878015962042,1.1718409034346533,0.9722954312720787,0.23936907976418195,4.5775256706689635,2.748306286477955,1.1673533397139826,0.9776092388807626,0.212258883527489,0.029674742139198712,0.15920228958706537,0.16254156451370502,0.01368440948440192,nan,nan,nan,0.9753797792247801,1.3817550421105143,3.0,-0.014616772561123224,4.619397662556434,3.086582838174551,5.0,4.999999999999998,1.0955933672604132,1.7738302893482776
71.253,4.728115332143226,2.735283745781936,1.1814427235315892,0.9722269461938599,0.24046133171127543,4.600272103461333,2.802356524306693,1.1830011304290222,0.9770546642593247,0.24887864522355563,0.02968457283790257,0.16125808972935665,0.16504469880375075,0.01413094661800995,nan,nan,nan,0.9780747809798143,1.3927905962617577,3.0,-0.03669173625798072,4.619397662556434,3.086582838174551,5.0,4.999999999999998,1.1318909370575374,1.7621564183769
71.30000000000001,4.7439255227678805,2.7708430872509915,1.191054804695609,0.9724690488246226,0.23956177469131976,4.573253002615567,2.8380482092301937,1.1931190042474702,0.9760658708374106,0.2414972685401989,0.029671317249965867,0.1547013232865559,0.15824148403164,0.0137334963475771,4.166230353724828,2.844929949657459,0.708216604923673,0.9780747809798143,1.3927905962617577,3.0,-0.03669173625798072,4.619397662556434,3.086582838174551,5.0,4.999999999999998,1.1318909370575374,1.7621564183769
71.351,4.767030242634502,2.824502663709212,1.205260865967224,0.9739471213027038,0.23366433751399035,4.594600265474022,2.892606168989568,1.206174252512593,0.9776524138628335,0.18151504075305191,0.029663948377492536,0.15679340137710526,0.160787731349516,0.014034851662251078,nan,nan,nan,0.9833127073020352,1.376061133319989,3.0,-0.003228697553698437,4.619397662556434,3.086582838174551,5.0,4.999999999999998,1.1916232083663951,1.747251780751792
71.40100000000001,4.789418613184937,2.8785960074164243,1.2190793220706182,0.9760254320116323,0.2285307493508549,4.608394407861017,2.9292345045174724,1.2146720296897167,0.979070046042164,0.21950019533784704,0.02966094092536247,0.15814841565347768,0.1624706633351192,0.013702967699225639,nan,nan,nan,0.9856309032684258,1.384399110764041,3.0,-0.019905306840067673,4.619397662556434,3.086582838174551,5.0,4.999999999999998,1.2076822062684986,1.7412632932211933
71.45,4.803945603880454,2.9148932888461307,1.2281160975940337,0.9773363710467405,0.22420495039818816,4.6286313130118755,2.984424481482265,1.2289349118085529,0.980995631830477,0.22776509292199162,0.029667033215660936,0.16019297156917164,0.16499723906191904,0.014087786715235041,nan,nan,nan,0.9856309032684258,1.384399110764041,3.0,-0.019905306840067673,4.619397662556434,3.086582838174551,5.0,4.999999999999998,1.2076822062684986,1.7412632932211933
71.5,4.818154553313473,2.9513706970525266,1.2369673038450533,0.978621579878031,0.2192244154794089,4.64943537256158,3.016952858554636,1.2279478143015832,0.9822709825597986,0.2497016711298303,0.030489676247730295,0.16151507678545032,0.16666352905228926,0.01374943926226522,4.585669551771822,1.9891495060836948,3.81454768228483,0.9872266417820876,1.3889389388783262,3.0,-0.02898633515482226,4.619397662556434,3.086582838174551,5.0,4.999999999999998,1.2291797846692325,1.726979791540959
71.552,4.83887196127561,3.006405499123185,1.2498873562781156,0.9800800090610627,0.21286871795778067,4.656279465068371,2.969036767683819,1.241256758635508,0.9773698018006166,0.2188397053160569,0.030506068633049267,0.15574392787692704,0.16063732709989195,0.014046788260995017,nan,nan,nan,0.9859181521101718,1.3959658032280338,3.0,-0.043044678976094014,4.619397662556434,3.086582838174551,5.0,4.999999999999998,1.218912807384294,1.7232054372597823
71.60000000000001,4.858875011141608,3.061787839898681,1.2625105217121344,0.9816090316197392,0.20883330816637352,4.668255952738265,3.006406722124735,1.2500387310660157,0.9792883238276153,0.18725394929452632,0.03043668519773412,0.15709379174848404,0.1623322746616741,0.013713370620215671,nan,nan,nan,0.986788011275737,1.4039908020039493,3.0,-0.05910522976221416,4.619397662556434,3.086582838174551,5.0,4.999999999999998,1.2255368606397692,1.7386672264922471
71.65400000000001,4.871821307432605,3.098907595532112,1.2708212552468685,0.9827422142844384,0.20711717141834624,4.686566005716896,3.0622915233582315,1.2630030893320336,0.9818060743561793,0.21053562460388744,0.030443802965602156,0.15913277245270963,0.16487480893998602,0.014015028259251284,nan,nan,nan,0.9891522688528434,1.410430361506333,3.0,-0.07061672271056543,4.619397662556434,3.086582838174551,5.0,4.999999999999998,1.2483182950403522,1.722171611880141
71.7,4.884458969873009,3.1361789182310655,1.2790464365235656,0.9838072936358409,0.20423610957605326,4.698228414500847,3.0998439712183816,1.270851447534465,0.9833345381924544,0.18223981488469107,0.030423909259764095,0.1604494862353107,0.16655360387280954,0.013685472937542693,4.941520320718251,2.5468453848260637,1.3222908929242843,0.9891522688528434,1.410430361506333,3.0,-0.07061672271056543,4.619397662556434,3.086582838174551,5.0,4.999999999999998,1.2483182950403522,1.722171611880141
71.75,4.902841563591858,3.1923556279322187,1.2911400362565044,0.9852579615955162,0.19987807767857318,4.734769602291255,3.1023944920301605,1.2819839704542206,0.9825729017689507,0.17716708870725753,0.030444531518279656,0.15482193707722053,0.16056391199757342,0.014066668094639452,nan,nan,nan,0.9898716947148727,1.4132975686321287,3.0,-0.07472892243437933,4.619397662556434,3.086582838174551,5.0,4.999999999999998,1.2452050436713002,1.726751555056539
71.802,4.920537399406042,3.2488304266414243,1.303065639415624,0.9863330040413512,0.1983198648140037,4.7465086676118595,3.139796935870616,1.2893358615200194,0.9838910422114681,0.19491602052648307,0.03051549520713024,0.1561666360770974,0.16227055584731667,0.013730819467147095,nan,nan,nan,0.9887799038706852,1.4319248981165216,3.0,-0.11007039962118279,4.619397662556434,3.086582838174551,5.0,4.999999999999998,1.2288875176536227,1.7369766296747187
71.851,4.931954494726351,3.2866298771942852,1.3109644984199178,0.9869311717887095,0.1967157529599451,4.762716817493922,3.196598117522638,1.3003710761118183,0.9855897419334757,0.18522973834458456,0.03051569432446537,0.15819982558404647,0.16482788191541634,0.014169641795725493,nan,nan,nan,0.9893574401889398,1.435359769944567,3.0,-0.11428704728029898,4.619397662556434,3.086582838174551,5.0,4.999999999999998,1.2423195873188027,1.724458496171259
71.90100000000001,4.948514835572934,3.3435402276058004,1.3226665692630049,0.98776659610805,0.19370347618452988,4.771771988449666,3.235284939182325,1.3096259420494363,0.9866148856847242,0.1846485120094859,0.030373167224070092,0.15951173904652088,0.16651712391108459,0.01377252266797439,nan,nan,nan,0.9902715368226684,1.4399724948706734,3.0,-0.11910240128780529,4.619397662556434,3.086582838174551,5.0,4.999999999999998,1.249285569685176,1.719906035286073
71.953,4.95918132375961,3.3816162694864156,1.3303543608827217,0.9883514386572718,0.19111302312580652,4.732591682723137,3.343350282071627,1.3208996072974637,0.9902419556053336,0.17430492638295872,0.0303404476106972,0.15389123597280324,0.1604024202675947,0.01406912530834869,4.160189559552282,3.792955181154614,2.438460053884815,0.9912273440118122,1.4421816862586518,3.0,-0.12043615517736572,4.619397662556434,3.086582838174551,5.0,4.999999999999998,1.26200473206077,1.7119531550808276
72.0,4.974632921292173,3.4389405158835173,1.341543147825948,0.989796332394843,0.18150466503882468,4.743858700554743,3.3810716920810058,1.3253622360666917,0.9914946095377958,0.14096109356588593,0.030500306634050234,0.15523244064671723,0.16211608529932603,0.013732871355359342,nan,nan,nan,0.9959651300855117,1.4107615703330203,3.0,-0.06092618549602999,4.619397662556434,3.086582838174551,5.0,4.999999999999998,1.3355009090286751,1.665642857028978
72.05000000000001,4.9845771802241154,3.4773059464852683,1.3486476075237208,0.9907979134144892,0.17552670602827444,4.758105473238951,3.4388626366570016,1.3363421424757194,0.9930187054404779,0.16598871378676,0.03050758862489344,0.1572623791417524,0.16468174009334027,0.014031003370474977,nan,nan,nan,0.9960848202311795,1.4138804512722658,3.0,-0.06461762871367743,4.619397662556434,3.086582838174551,5.0,4.999999999999998,1.3228925810555279,1.6756783518195408
72.10000000000001,4.994239481643287,3.5157806918458454,1.3555320435491016,0.9916845798062287,0.16965312756907625,4.771240629336074,3.4758391429583675,1.3385272287279921,0.9938832826346389,0.16311466867095836,0.030908681296094715,0.15857173847313544,0.16637687264189494,0.013849636821277274,nan,nan,nan,0.996743181140707,1.41707117328538,3.0,-0.06731619966865235,4.619397662556434,3.086582838174551,5.0,4.999999999999998,1.3450230956508005,1.654419217050374
72.15,5.008215717650907,3.5736800655274794,1.36541264445102,0.9927663370651546,0.16155442733947792,4.7299117380198235,3.474391681584188,1.3488433270573976,0.9902832763484686,0.16217332488692401,0.030897193655843598,0.15308162599067543,0.16029228791967357,0.014222753977523477,4.21290526774147,2.935068931930223,2.2659945393002405,0.996533195363443,1.4218196006820933,3.0,-0.07298520890314437,4.619397662556434,3.086582838174551,5.0,4.999999999999998,1.3379593166710464,1.6573446975965842
72.2,5.021593412703409,3.6317971827033646,1.374732637620448,0.9943935428491422,0.1496180962812416,4.736975602352983,3.5137011330465295,1.3576568238363913,0.992138861835013,0.13959338961227288,0.030732469210558937,0.15442103211250244,0.16201101390967987,0.013818807881693766,nan,nan,nan,0.9989082544094153,1.3955754209510913,3.0,-0.0327328263503759,4.619397662556434,3.086582838174551,5.0,4.999999999999998,1.4075282394867594,1.6179858612583011
72.25200000000001,5.0301953539394,3.670673093581544,1.3805086589548976,0.9954943806226769,0.14136491669725765,4.749416122633289,3.571964283086611,1.3665853608130096,0.9944437438663127,0.14074294723351524,0.030736321057756925,0.15644978329961678,0.16458327031833206,0.014117919026562075,nan,nan,nan,0.9992785854604649,1.395643697781183,3.0,-0.03199206696703835,4.619397662556434,3.086582838174551,5.0,4.999999999999998,1.4104898628957734,1.6127757730403303
72.30000000000001,5.038551890522049,3.709642121967513,1.3859762415047352,0.9964038459128309,0.13373897265119383,4.758682243779959,3.6104639572355373,1.3706719825578544,0.9956104515515526,0.11054337368669012,0.030858963345615185,0.1577573568533037,0.16628384640811844,0.013775593833890262,nan,nan,nan,0.9995347610028272,1.397090280947411,3.0,-0.03282696943552749,4.619397662556434,3.086582838174551,5.0,4.999999999999998,1.419866967219155,1.5987873698355466
72.351,5.050643756083584,3.7682458277227258,1.3936559369853714,0.997452972029779,0.12447031955957799,4.770440365012659,3.6690627577966084,1.3767555095607287,0.9970215666520569,0.09329044942598694,0.030858281405884768,0.1597437655144544,0.16882357921283273,0.014075590520968104,4.503133669576174,3.661864952351893,0.25945648108365343,0.9996032089370567,1.3988435038602214,3.0,-0.03440413083538427,4.619397662556434,3.086582838174551,5.0,4.999999999999998,1.409910726187995,1.6059905911457442
72.4,5.058421244938908,3.807402535664424,1.3985166637340924,0.9979922222938704,0.11977051962101781,4.751728422611014,3.7066651775683686,1.3833199960011928,0.99726155649035,0.10343082192752694,0.030690675181997955,0.1534835308017365,0.16164883273919073,0.013888832189550317,nan,nan,nan,0.9997299257606719,1.3999971272706144,3.0,-0.034504264194394674,4.619397662556434,3.086582838174551,5.0,4.999999999999998,1.408862230990803,1.60395472457967
72.452,5.069683691631067,3.8662509192416645,1.405412056323238,0.9986772656201337,0.11016554207009514,4.762719575835789,3.7655030246177925,1.3913296504188315,0.9982675109686,0.11715247919405272,0.03069639461619157,0.1555153518712433,0.16422099627334744,0.014129490447507059,nan,nan,nan,0.999997626201003,1.3811410972260272,3.0,-0.008815998337249567,4.619397662556434,3.086582838174551,5.0,4.999999999999998,1.4518391950250629,1.5625360521697926
72.501,5.080490787930602,3.925220270438461,1.4115904052559,0.9992016927069978,0.09769119707093361,4.770365857638563,3.8046168848426913,1.395014397022047,0.998762684523339,0.10556915522006709,0.030751482835506307,0.15682433506613194,0.16592288017362422,0.013785780257160067,nan,nan,nan,0.9999456533812423,1.3809039983026365,3.0,-0.008117265107158295,4.619397662556434,3.086582838174551,5.0,4.999999999999998,1.4680752497156164,1.5429502645028759
72.551,5.087457657197613,3.9645899069416908,1.4153121563592728,0.9994541017929157,0.09035097310172184,4.780756131556896,3.863647939284939,1.3997580041270181,0.9993459088046285,0.08104322705205941,0.03075017275810878,0.1588143413664326,0.16846418037266847,0.014085605661738498,5.812477166854967,3.632482341168579,4.068467292321937,0.9999019048543694,1.381007488051907,3.0,-0.007985890162564152,4.619397662556434,3.086582838174551,5.0,4.999999999999998,1.4679945726895687,1.5412524070044795
72.60000000000001,5.094245287406071,4.003998813404602,1.4187681247521058,0.9996389812148649,0.0841387468801227,4.885204627102701,3.8828987115034765,1.397695237016295,0.9994695046373564,0.08621119454220202,0.031227880658185034,0.15268550551773638,0.16134849107007115,0.01388495678395153,nan,nan,nan,0.9998087808014897,1.3802016602482998,3.0,-0.006660130460933528,4.619397662556434,3.086582838174551,5.0,4.999999999999998,1.4653704016132194,1.5414051102980155
72.652,5.104104449111323,4.063162040745654,1.423807554398743,0.9993086008064939,0.08852716440650062,4.895414163207346,3.941920833943483,1.4031073579675126,0.9977141458060235,0.07793586198769675,0.03122609088715578,0.15472252854917987,0.16392238855549257,0.014125452343128673,nan,nan,nan,0.9975018872509025,1.4683939433280577,3.0,-0.10534603810134774,4.619397662556434,3.086582838174551,5.0,4.999999999999998,1.322368219921277,1.6654953832228043
72.70100000000001,5.113587340890437,4.122361147675688,1.429544126803389,0.999029008932828,0.10015344901183139,4.894251730581801,3.9836220826768596,1.4152705577034368,0.9978426036619661,0.07643122744209932,0.030471666169661217,0.156033993075293,0.16562665992267017,0.013923190067819193,nan,nan,nan,0.9976091232206786,1.4722713674305885,3.0,-0.10384475595963252,4.619397662556434,3.086582838174551,5.0,4.999999999999998,1.3537919730113854,1.6695623032575126
72.75,5.119708745783013,4.161856223453241,1.433656386279394,0.9990858069409677,0.10392175518209228,4.903376260361528,4.0427989433369556,1.4211397588453194,0.998217849524298,0.07314441993089134,0.03047085860978651,0.15802811939168204,0.16817180103728158,0.014159763215946577,nan,nan,nan,0.9986558545047871,1.4671250989583442,3.0,-0.09456914910716832,4.619397662556434,3.086582838174551,5.0,4.999999999999998,1.3537919730113854,1.6482106148224274
72.80000000000001,5.125660049233912,4.201352124254867,1.438065742569281,0.9972729291803895,0.11885023249326905,4.831679371187399,4.141003147770784,1.4320439950550874,0.9975596292354932,0.12649532081415987,0.029932170494723145,0.15189184808476455,0.1609590947209807,0.01387550514855986,4.084575373168235,4.655261473250679,3.731868527711552,0.9788219700587469,1.627310593281104,4.0,0.28150780395349895,5.0,4.999999999999998,4.619397662556434,6.913417161825448,1.041066208896369,1.8010631762590097
72.852,5.134229421179685,4.260413129087025,1.446346507128322,0.9931267386702654,0.14768100152212357,4.839763592359666,4.200238041396833,1.4407051512039217,0.9942366900919661,0.13481287324488336,0.02993113534172839,0.15393168859542036,0.1635366194804342,0.014260384546352724,nan,nan,nan,0.9855379148266431,1.6023207044848402,4.0,0.3326683676398525,5.0,4.999999999999998,4.619397662556434,6.913417161825448,1.1435589663586638,1.7531928379965938
72.9,5.142362521442189,4.319363825112746,1.4558122364184125,0.9907249002385676,0.16422944053260413,4.843305039336323,4.240076351742243,1.4491938740160373,0.992573943434221,0.17825413434562418,0.029787558378312,0.1552443189972917,0.16524484810083256,0.013900299315300145,nan,nan,nan,0.9853962872558386,1.611815621705718,4.0,0.31318332803847226,5.0,4.999999999999998,4.619397662556434,6.913417161825448,1.1498363506024094,1.7553174635118918
72.95,5.1475235042966405,4.358632461116824,1.4625649713118978,0.9895583219789378,0.171078414986142,4.850324943773408,4.299173493464187,1.4590081694500583,0.9906811712132502,0.1632229920495611,0.029784823920127258,0.1572408142784923,0.16779645364395696,0.014197329617889682,nan,nan,nan,0.9860355910562955,1.6263224324622296,4.0,0.2835235608280764,5.0,4.999999999999998,4.619397662556434,6.913417161825448,1.174484000981246,1.745848396378111
73.00200000000001,5.154843916202988,4.417518184149097,1.4731210304618996,0.9882659932876544,0.1792796999607451,4.77886483549156,4.28317846692431,1.4697822361798218,0.983774449098964,0.1700408542888918,0.029732673672042593,0.15178007694719545,0.1613633762791445,0.014036228079143181,4.034149551656835,3.6414019621889064,4.171974782868927,0.9860355910562955,1.6263224324622296,4.0,0.2835235608280764,5.0,4.999999999999998,4.619397662556434,6.913417161825448,1.174484000981246,1.745848396378111
73.051,5.159426759704788,4.456776102121327,1.4804037905957872,0.9876345121239266,0.18361470913501338,4.7827682745380615,4.32233615452927,1.4773709418564565,0.9838969009273506,0.19825642846546626,0.029737697551624073,0.15313946160200764,0.16308461565424762,0.014233436611388223,nan,nan,nan,0.9862381771412431,1.6320632502120123,4.0,0.2718205814149035,5.0,4.999999999999998,4.619397662556434,6.913417161825448,1.1798555818891807,1.7444135987021503
73.10000000000001,5.163763431607966,4.496053879376143,1.4877692798072875,0.9879796580761966,0.18264676822282377,4.78658156019539,4.361498490579726,1.4838730829315072,0.985806949046878,0.16685563566428263,0.029754107742804754,0.15445387865063304,0.16479897177751796,0.013876627761721523,nan,nan,nan,0.9929482404895124,1.5961990783930622,4.0,0.34526333660123687,5.0,4.999999999999998,4.619397662556434,6.913417161825448,1.299044397016888,1.6969236638543321
73.15,5.169797095464013,4.555102121286366,1.4984972210269105,0.9895821751216498,0.17682803983648762,4.791484391759415,4.420492308032999,1.4957582468354726,0.9881241647930901,0.17666180597800007,0.029759337253572198,0.15645393582471578,0.16736062621393824,0.01417409369155661,nan,nan,nan,0.9930629402596289,1.601729733798259,4.0,0.3338831294075695,5.0,4.999999999999998,4.619397662556434,6.913417161825448,1.2857148305683372,1.7058002746371663
73.2,5.173494475974377,4.59454573656956,1.5055005314518992,0.9903851683138443,0.1739352211977534,4.793198114233999,4.4601767060699835,1.503784258925564,0.9893190441091918,0.154551230212319,0.029650173400592235,0.15773804929975666,0.16905695787338224,0.013824590256543747,5.206441243205038,4.104061643251089,1.0805230985847951,0.9935181873507939,1.6096777543285923,4.0,0.3175653815333575,5.0,4.999999999999998,4.619397662556434,6.913417161825448,1.2940169201609346,1.6944459978578936
73.25,5.178544990319441,4.653808361796667,1.5158075184931565,0.991370135869361,0.17055868744668926,4.833159994900782,4.484199474782515,1.5139133160607727,0.988926853797904,0.15844663213102106,0.029672960570135003,0.15246597122469582,0.1627344395949274,0.014119438385193167,nan,nan,nan,0.9939019255168386,1.6142766327214102,4.0,0.3081425457635373,5.0,4.999999999999998,4.619397662556434,6.913417161825448,1.2901657687429728,1.698001905960656
73.301,5.182994231182709,4.713165757433997,1.526011303884711,0.9919455556614757,0.17019556260736673,4.838983558564292,4.522989182674263,1.5157085247535562,0.9897885240831691,0.16258392872730926,0.030018617177113537,0.15378296841028818,0.16445593747524662,0.01377663597452415,nan,nan,nan,0.991997099236349,1.6423070871954255,4.0,0.2509827496203049,5.0,4.999999999999998,4.619397662556434,6.913417161825448,1.2610695415461635,1.7107980858899245
73.351,5.185623756552615,4.752772431436821,1.5328393950877275,0.9920622338021998,0.17100335022020324,4.842039780515262,4.582318089005329,1.5267767423724914,0.9906990843156742,0.17505835079680876,0.03002300324510882,0.15578754596285774,0.1670265953413924,0.01407615054294916,nan,nan,nan,0.991997099236349,1.6423070871954255,4.0,0.2509827496203049,5.0,4.999999999999998,4.619397662556434,6.913417161825448,1.2610695415461635,1.7107980858899245
73.40100000000001,5.189061979215158,4.812220854953005,1.5431104657300125,0.9922128934172354,0.17091565260702826,4.8451871688803,4.6216502090417935,1.5314988166038201,0.9911878773009358,0.150750926139239,0.03015398088123333,0.15707458515518222,0.16872872324564933,0.013738657195226073,nan,nan,nan,0.9924806049196137,1.6494864614041516,4.0,0.23641075667615635,5.0,4.999999999999998,4.619397662556434,6.913417161825448,1.272497790770418,1.7005802672279522
73.45100000000001,5.1910156228159,4.851875697358228,1.5499565596933191,0.9922722890436422,0.17140693466036155,4.82786547176495,4.645444531303018,1.5431680560703231,0.9894156000818408,0.17262824505002658,0.030153137776790212,0.15178209007290586,0.16231484507675253,0.014035181693971138,4.642655243418499,4.302730996132063,0.5603413731889084,0.9924085615658175,1.654795717745117,4.0,0.22565052853252374,5.0,4.999999999999998,4.619397662556434,6.913417161825448,1.260904290591606,1.7101942531041043
73.50200000000001,5.193438981090451,4.9113986575095705,1.5601699244663612,0.9928893976518738,0.16838324709557448,4.826690806874655,4.6853806799685875,1.552647577057268,0.9905579400078915,0.16601561278072796,0.029944635052830904,0.15310293004275863,0.16403899523921142,0.013702694333584101,nan,nan,nan,0.9944362314805035,1.6487041678160848,4.0,0.23799735210276457,5.0,4.999999999999998,4.619397662556434,6.913417161825448,1.3071643391042147,1.685670078301479
73.55000000000001,5.1947174110500445,4.951119918520138,1.566827716123294,0.9934296792630442,0.16524156120114192,4.827589204313978,4.744837688233208,1.5626845407738994,0.9920599836178908,0.17688281235967454,0.029948727076307278,0.15511330503572,0.16661337675428087,0.014085611996726758,nan,nan,nan,0.9950707276927744,1.6519786120836222,4.0,0.23135829003332206,5.0,4.999999999999998,4.619397662556434,6.913417161825448,1.3147575381330767,1.6799381529875566
73.60000000000001,5.195727271462222,4.9908691820377475,1.5733605773863508,0.9939117089312022,0.16199360361184106,4.828003954749919,4.784504494180397,1.5689534271386743,0.9928880640712349,0.1525509589159719,0.029961368452853552,0.15640423997625236,0.16831840451580157,0.013887825473992756,nan,nan,nan,0.9954475066675337,1.6581408316222372,4.0,0.21887766816042212,5.0,4.999999999999998,4.619397662556434,6.913417161825448,1.3242517002620224,1.6691143229192962
73.65,5.1967434503178636,5.050533828369506,1.5829284075943288,0.9944767629324632,0.15801468989363351,4.8086496087225,4.9047830535149535,1.5790588513624808,0.9980503976785169,0.14180308665350747,0.029950013707815335,0.15109275259199625,0.16182281831518844,0.014125164552672695,4.598769136720225,5.414572985426903,1.4434896892420586,0.9956587523681628,1.662167077910059,4.0,0.21073227709222184,5.0,4.999999999999998,4.619397662556434,6.913417161825448,1.317553169565353,1.67515335474673
73.7,5.197092041422483,5.090329775012425,1.5891981928201635,0.9946869476652898,0.15582414786657753,4.8117009976665726,4.944253883068099,1.5815608088370834,0.9978654346096932,0.18439813138819297,0.030284470791742592,0.15241898746227128,0.16354699654007496,0.01378168283463348,nan,nan,nan,0.9963619881233147,1.6643843443202209,4.0,0.20624955191553063,5.0,4.999999999999998,4.619397662556434,6.913417161825448,1.320107878451053,1.6626418880014673
73.751,5.197130826029771,5.150030997822361,1.598403973316606,0.994765718984512,0.15128553060808175,4.810873304423999,5.004114683432135,1.5915496724102862,0.9976153262431333,0.17123377769750175,0.030285465931298678,0.1544376596869938,0.16612087210216597,0.014081125319770786,nan,nan,nan,0.9962539280335447,1.6681450238903435,4.0,0.19555641770663207,5.0,4.999999999999998,4.619397662556434,6.913417161825448,1.3350635277061624,1.6472976677553877
73.802,5.196600107979951,5.209737621930829,1.6073013445408992,0.9949858747273777,0.14613226250176053,4.810007744055404,5.044006364763961,1.5964816677205063,0.9976120770572511,0.09727419616008273,0.030278400039358912,0.1557340554992555,0.16782579137038356,0.013743045302372928,nan,nan,nan,0.9968654676886732,1.6707477939826545,4.0,0.18468994423647464,5.0,4.999999999999998,4.619397662556434,6.913417161825448,1.343675293395349,1.6442826359544518
73.85000000000001,5.19593502580634,5.249546118378011,1.6131200421426433,0.9951636223847554,0.14538800420448889,4.808341049862406,5.10383939204993,1.6045065753874272,0.9976584462034901,0.1547405587330016,0.03028765195753168,0.15771313202979834,0.17036586260180328,0.014043356269597611,5.247975939652501,5.362951689996859,0.9418929565234905,0.9971189942394098,1.6724078185523517,4.0,0.1777563921485026,5.0,4.999999999999998,4.619397662556434,6.913417161825448,1.3200045447038702,1.6699636402713407
73.9,5.195025046984443,5.28935780265435,1.6188993408465444,0.9953853550912459,0.14325081722530816,4.848019200296204,5.171585670731005,1.6096833598806661,0.9995004283910455,0.14927455474689239,0.03038092520514238,0.15173671017190665,0.16297993729070423,0.013706300444375147,nan,nan,nan,0.9975281638664413,1.6748323193836203,4.0,0.16771821671950854,5.0,4.999999999999998,4.619397662556434,6.913417161825448,1.3529533774965368,1.6401381624987146
73.95,5.193209463820997,5.349073191550467,1.6273954835583553,0.9953692592772599,0.14168776137337247,4.8455185817917785,5.231494799600236,1.618578207486311,0.9988502574811753,0.147251778204378,0.030382664574842295,0.15376468229957108,0.16555105097186287,0.014145514870752048,nan,nan,nan,0.9958057796105302,1.7013038334358157,4.0,0.11558582749712892,5.0,4.999999999999998,4.619397662556434,6.913417161825448,1.309091486549972,1.6645332634179069
74.0,5.190862373487347,5.408756459852527,1.635903813900386,0.9952082001129984,0.14161365318061672,4.841789978729569,5.271539330182278,1.627026277134358,0.9984787946404602,0.1449269842210544,0.03022433428710668,0.15506737597607076,0.16725494541730404,0.013750215660684748,nan,nan,nan,0.9963164017892812,1.7044369509830612,4.0,0.10635070607536973,5.0,4.999999999999998,4.619397662556434,6.913417161825448,1.3198753471191795,1.6596501550459284
74.05000000000001,5.189006990524372,5.4485325248096315,1.6415390774476213,0.9952816706174301,0.14033969957034825,4.8382412944152104,5.331333851342937,1.63677385562088,0.998157932547999,0.16541418976147435,0.030230311033123243,0.15705583033034815,0.16979382622681838,0.014050403668328727,4.946525844685989,5.245082681197046,0.06949105429336526,0.9969282409742541,1.7054269522903556,4.0,0.10219536470901625,5.0,4.999999999999998,4.619397662556434,6.913417161825448,1.3330941860040229,1.6523546240951723
74.10000000000001,5.1869215120823,5.488302344072981,1.6471033529786072,0.9954581495160705,0.1379820550379572,4.844175019791692,5.362464207112858,1.6433119777198488,0.9975660767512873,0.11881377609409903,0.030137958356432848,0.15117380276484194,0.16249591872364152,0.013709672622779157,nan,nan,nan,0.9974466459302023,1.708250305072452,4.0,0.09401052966130351,5.0,4.999999999999998,4.619397662556434,6.913417161825448,1.354209621487362,1.6363076180328986
74.15100000000001,5.183366573438294,5.547948194046542,1.6552727179436453,0.9957706323522979,0.13559830619206287,4.83970301429254,5.4221538170879295,1.6510505482845141,0.9977296391215479,0.1422195426707094,0.03014239650064697,0.1532108551107708,0.16506734663713638,0.014098140545970353,nan,nan,nan,0.99745133304409,1.7147227655535773,4.0,0.08211758802246516,5.0,4.999999999999998,4.619397662556434,6.913417161825448,1.3365715880913625,1.6557529307172678
74.20100000000001,5.179305976570485,5.607581497200395,1.6633287463341306,0.9961202441557713,0.13292202820966906,4.833083097256771,5.4620987369276275,1.6602452498787486,0.9978760339103954,0.10356935869047726,0.029831082246680664,0.15451980417195818,0.16677189379098306,0.013758052294604943,nan,nan,nan,0.9977952940203194,1.7174661575599806,4.0,0.07485879995886191,5.0,4.999999999999998,4.619397662556434,6.913417161825448,1.3545571693066,1.6400283629964325
74.25,5.176322612634816,5.647330380014486,1.668600567127135,0.9964208239998573,0.1311505859466608,4.827582413526399,5.521722812451914,1.6676094934367764,0.9981749010590084,0.11495285006371522,0.02983390637397938,0.15651780450953307,0.16931181369814655,0.0140581078670462,nan,nan,nan,0.9983909358124536,1.7169814092022584,4.0,0.07355864987059946,5.0,4.999999999999998,4.619397662556434,6.913417161825448,1.3685922016605578,1.64314283755251
74.30000000000001,5.171439099165058,5.706946082470786,1.6763544445414367,0.9969078294231606,0.12761697458013926,4.924553239003944,5.54387468228041,1.6738653454521497,0.9966448860369325,0.16378205093875248,0.02981738824515668,0.1505981502644359,0.16194000162338412,0.013719213537845717,5.958306534826329,5.359839516180445,4.790399669609824,0.9986650607173811,1.7192861109514048,4.0,0.06732155941155432,5.0,4.999999999999998,4.619397662556434,6.913417161825448,1.3685922016605578,1.6316597741534709
74.35000000000001,5.167914048280472,5.746662071541803,1.681543213067648,0.996337284885635,0.13199625589938843,4.9182316306578695,5.603292610079938,1.682053495183857,0.9951950563514672,0.12973672660798413,0.029813000202246427,0.15264582984422492,0.16450971461286745,0.014158240464655934,nan,nan,nan,0.9932603825018684,1.7900307580394323,4.0,-0.032107614263472695,5.0,4.999999999999998,4.619397662556434,6.913417161825448,1.2720260268654109,1.6894966238762568
74.40100000000001,5.162228698476039,5.806156062475352,1.6897671087928783,0.9956265610291558,0.14052510624306389,4.918960493345685,5.642750433264392,1.6812318139614975,0.9950146934286729,0.1393897356175573,0.030292197712128658,0.1539619285336867,0.16621412995084772,0.013758118784805836,nan,nan,nan,0.9936220670360068,1.7950554791479612,4.0,-0.03749933651710956,5.0,4.999999999999998,4.619397662556434,6.913417161825448,1.266730453584608,1.7019470241905328
74.45,5.15817105887553,5.845769844613313,1.69552224477467,0.9951239308018298,0.14584150343708685,4.912239961892009,5.702061350658883,1.6889537489947457,0.9945201348317811,0.14184621741679548,0.03029193843758044,0.1559699901445092,0.1687551004501115,0.014145408829603882,nan,nan,nan,0.9926776260570214,1.802321265414719,4.0,-0.04591203374386503,5.0,4.999999999999998,4.619397662556434,6.913417161825448,1.2549077488699876,1.706664314735606
74.5,5.153896979936918,5.885341724871848,1.701468005075268,0.9946912884697676,0.15010546629795135,4.905748931497243,5.741562604198159,1.6971913636681153,0.9943250081800264,0.15833570595542798,0.0301410076836492,0.15725835652497647,0.17043713497241092,0.01379952525127607,4.879709751265897,5.453474080909211,0.29984908563399726,0.9929231881517617,1.8079930241405875,4.0,-0.05089162139117569,5.0,4.999999999999998,4.619397662556434,6.913417161825448,1.260646232763825,1.7042870842679148
74.649,5.151677507867288,5.9051129940327325,1.7044968103700582,0.9945098636638992,0.15185240816238993,4.905748931497243,5.741562604198159,1.6971913636681153,0.9943250081800264,0.15833570595542798,0.0301410076836492,0.15725835652497647,0.17043713497241092,0.01379952525127607,nan,nan,nan,0.9929231881517617,1.8079930241405875,4.0,-0.05089162139117569,5.0,4.999999999999998,4.619397662556434,6.913417161825448,1.260646232763825,1.7042870842679148
74.65,5.149402517977292,5.924875123558777,1.7075513480247217,0.994385692927046,0.1528891060221794,4.900711230887888,5.7312410024356,1.7001296309820668,0.9922360510906528,0.145298117363314,0.03013763373568909,0.15070178740907347,0.16217939909374454,0.013895831629274493,nan,nan,nan,0.9935922748245313,1.810457245995316,4.0,-0.05223162659835705,5.0,4.999999999999998,4.619397662556434,6.913417161825448,1.2788438134180518,1.6919728956353115
74.703,5.126340732122653,6.102430708550544,1.7352584171779126,0.9947292090004322,0.15409593143783112,4.9065676731108585,6.044377912074605,1.725259831654473,1.0018252857263659,0.14522058983467864,0.03039176620456022,0.15023127008184067,0.16165631847981368,0.013817361397118547,5.224271579596295,7.031794239202743,4.961885953849473,0.9949572096974265,1.8229862794577656,4.0,-0.05793016146335618,5.0,4.999999999999998,4.619397662556434,6.913417161825448,1.2937479082825927,1.6888543716076112
74.75,5.1205690847725664,6.1418108633015684,1.741430606727581,0.9947904021000413,0.15442957612134295,4.900357671140688,6.0839594143552755,1.7315023246114816,1.0011585792783093,0.17625230948829387,0.030397161769447633,0.15160900862580778,0.1633682673258189,0.014017611674394337,nan,nan,nan,0.9949572096974265,1.8229862794577656,4.0,-0.05793016146335618,5.0,4.999999999999998,4.619397662556434,6.913417161825448,1.2937479082825927,1.6888543716076112
74.80000000000001,5.111480448311602,6.200563892602636,1.751630066571649,0.9853260259854311,0.18885265581114602,4.900533166232801,6.123642562584272,1.7300145405125757,0.991216097446775,0.16603408973369005,0.031009342680459295,0.15294062788665064,0.1650731927881052,0.013687352446303114,nan,nan,nan,0.9507277437864505,2.0467237841494703,5.0,0.22721232463184798,4.619397662556434,6.913417161825448,3.5355339059327378,8.535533905932738,0.8026430676140596,1.8073055986373907
74.85000000000001,5.105174505399928,6.239273965785433,1.7599068903250132,0.9772924644662357,0.21709935154462112,4.890937494185748,6.182067794804623,1.7409726693514598,0.9784960151962625,0.196004068375994,0.03100765161438094,0.1549703121738529,0.16761560735869424,0.013988989174454352,nan,nan,nan,0.9467924091431194,2.0576919540241105,5.0,0.2050196298871132,4.619397662556434,6.913417161825448,3.5355339059327378,8.535533905932738,0.778336933210704,1.8285419019583562
74.9,5.09529958067952,6.296742544307719,1.7741041372107789,0.9678457644306373,0.24867907695877678,4.882432352197045,6.220467902147408,1.7507066135422062,0.9721353486198915,0.21233680845737277,0.030843733033483263,0.15627361812015872,0.16929929168782282,0.01366225098790584,nan,nan,nan,0.9464153791523604,2.069819536410481,5.0,0.18053881972497363,4.619397662556434,6.913417161825448,3.5355339059327378,8.535533905932738,0.8053809957246231,1.835118342200892
74.95100000000001,5.088396110787661,6.334730599411097,1.7844187319729048,0.9632624006960124,0.2625019271149403,4.868215933142517,6.324052271093558,1.7656848517284107,0.967888226414573,0.23747971109613505,0.03084589142196656,0.15112189837669576,0.16277980106852186,0.013960634329762182,4.841088763421066,6.685493952784731,0.7179576053780656,0.9475660839052736,2.0807409519429285,5.0,0.15853881533276679,4.619397662556434,6.913417161825448,3.5355339059327378,8.535533905932738,0.8226230324162318,1.8284038737827633
75.0,5.08120256859944,6.372499370573244,1.7952032616982663,0.9591685416920873,0.27391982903108814,4.860442471080404,6.361955926866986,1.7768000410089089,0.9632506683312471,0.28608523402873826,0.030835349346880474,0.15246197032102363,0.16448580692572537,0.013637354602157247,nan,nan,nan,0.944752193451636,2.09964340358592,5.0,0.12054875869948775,4.619397662556434,6.913417161825448,3.5355339059327378,8.535533905932738,0.8226230324162318,1.8345149191118522
75.05000000000001,5.0698267267495805,6.428752105347318,1.8121038433217695,0.9540190454521464,0.28583743971686104,4.848333299333542,6.418347811695196,1.7927655357253267,0.9579080416456612,0.2628173692743867,0.03083097871141008,0.15450550795683313,0.16703192143650347,0.013940197586025495,nan,nan,nan,0.946004301005323,2.106917420500392,5.0,0.1059540133161837,4.619397662556434,6.913417161825448,3.5355339059327378,8.535533905932738,0.8724258325962932,1.836446879069319
75.102,5.057680653412304,6.48460322171911,1.8295297106351391,0.9507928091074781,0.293503485166438,4.835746537045288,6.474310955442686,1.8095108037123264,0.9548287100756583,0.309716767269906,0.03087130873118602,0.15649200000153057,0.16955936159795076,0.013720952323812853,nan,nan,nan,0.947727871211568,2.1175238496895052,5.0,0.08469276905942841,4.619397662556434,6.913417161825448,3.5355339059327378,8.535533905932738,0.8724258325962932,1.836446879069319
75.15100000000001,5.0491215882632945,6.521649268023411,1.8413629099682858,0.949373712706417,0.297107674284513,4.915944845893825,6.511713203197656,1.8206178374853454,0.9521749220351122,0.2935539578395879,0.03091288911819727,0.15062671794757582,0.16214387037589517,0.013918842865614033,5.824640993839728,6.503105892039704,3.592958575712406,0.9488137109601164,2.1244853097620537,5.0,0.07074876744483555,4.619397662556434,6.913417161825448,3.5355339059327378,8.535533905932738,0.8856480285400841,1.837693431574449
75.2,5.035563141110884,6.576912246917867,1.859431602143475,0.9460058421343744,0.30477632349490025,4.90169525610799,6.548087554528868,1.8377650724096768,0.9494572916548365,0.28687064283755004,0.03045517572316477,0.15198087771964292,0.16385101376968395,0.013600707436338648,nan,nan,nan,0.9390554113377596,2.171542020673197,5.0,-0.023395209659213462,4.619397662556434,6.913417161825448,3.5355339059327378,8.535533905932738,0.8198609880162758,1.8377903713081603
75.251,5.0260412637349505,6.613522104758818,1.8717178232379739,0.9444083734150313,0.30827070719606703,4.8863361290741265,6.602879155806241,1.857976114608736,0.9470442918837472,0.33578832028954375,0.030469052260071197,0.15404622800596354,0.16639844486093255,0.013904523032344077,nan,nan,nan,0.9434342270252127,2.175721423059123,5.0,-0.031755615609533216,4.619397662556434,6.913417161825448,3.5355339059327378,8.535533905932738,0.8575659863125792,1.8419385239908785
75.30000000000001,5.016112324735266,6.649981049819899,1.8840734852442504,0.9437079256095455,0.3084789875686041,4.867740204678757,6.638248822661741,1.8787567693414076,0.9469080571931724,0.3130530392437575,0.029742168907164697,0.15537872283859935,0.16808477454073115,0.013588178821296301,nan,nan,nan,0.9471461326654504,2.1845526957624,5.0,-0.04942555089856865,4.619397662556434,6.913417161825448,3.5355339059327378,8.535533905932738,0.9122662243941608,1.823365311623518
75.35000000000001,5.000421428460901,6.704443306149217,1.90248977835986,0.9442126711291973,0.30535428369277995,4.850175137589006,6.692288316429089,1.8969745626827885,0.9479039650870064,0.2792768466345858,0.029740300331484604,0.15741706889858514,0.1705946999793226,0.013892383650357594,4.49896890793857,6.7973162714138935,0.4880338801887943,0.9529755077761357,2.1866455002797793,5.0,-0.05361393890787908,4.619397662556434,6.913417161825448,3.5355339059327378,8.535533905932738,0.9542951976186563,1.8275189590387657
75.4,4.989409212979225,6.7406335915023545,1.9146448491817039,0.9453322843517327,0.30302518412786394,4.804326837246592,6.739388517312221,1.911792979978042,0.9506846470734798,0.29113467698492657,0.02955799439914733,0.15152550701758918,0.16315517182062145,0.013574050454255885,nan,nan,nan,0.9561096357733868,2.1943471790564897,5.0,-0.06903185352928223,4.619397662556434,6.913417161825448,3.5355339059327378,8.535533905932738,0.9675217455404389,1.8362181173538739
75.45,4.972045941676018,6.794768692407386,1.9326582388887446,0.9478690352678152,0.2972247457235439,4.784925880649583,6.793074469349831,1.9299893919782711,0.9533119615872684,0.30683840136635826,0.02956602130256317,0.1536234124531947,0.16569157701687368,0.013878658497434177,nan,nan,nan,0.9619940915224121,2.1883761323895814,5.0,-0.057077854598756375,4.619397662556434,6.913417161825448,3.5355339059327378,8.535533905932738,1.0226166947586943,1.819458410405371
75.5,4.959899482406211,6.830775324056388,1.9444146017073518,0.9499580054306686,0.2915508984082947,4.773310211124951,6.829066114795416,1.9400221644740416,0.9555210064412438,0.2991452371760993,0.02975090557619212,0.15497970719781196,0.16736945074183066,0.013565549284401915,nan,nan,nan,0.9650329620689247,2.1952166229487013,5.0,-0.07077286562215679,4.619397662556434,6.913417161825448,3.5355339059327378,8.535533905932738,1.0542178467628065,1.8044288185810102
75.551,4.940826052048824,6.884654397160641,1.9616228302434384,0.9529892343802479,0.2835893231996193,4.759397136502067,6.86468554308751,1.9524488000824656,0.9575106427602039,0.288163837362237,0.029753717720003944,0.15636254817078507,0.16903681061929773,0.013769219171032528,4.160398681473663,5.602265430230954,7.039008472273444,0.9662984192268038,2.2003780751079245,5.0,-0.08111067623283905,4.619397662556434,6.913417161825448,3.5355339059327378,8.535533905932738,1.060378361066655,1.8021299032274236
75.601,4.920744952584954,6.938351223761565,1.9784074340852318,0.9558701700838685,0.27693985732635884,4.687948598963388,6.789306024247377,1.9696040292787371,0.9537514115041631,0.2898188415983294,0.02985366264812264,0.1513478233756936,0.1626731943462777,0.013629818874663658,nan,nan,nan,0.9684076426652518,2.204481017490321,5.0,-0.0893314715464773,4.619397662556434,6.913417161825448,3.5355339059327378,8.535533905932738,1.0740584857484832,1.79962406808226
75.65,4.906790939072732,6.974092509409297,1.9891959962229668,0.9602349445536575,0.26438063215573127,4.6654022709651475,6.842021993291754,1.9854372394464939,0.96066874429293,0.24695962185162537,0.02985203038883537,0.15347819247315295,0.16519594512054103,0.01401702620475375,nan,nan,nan,0.984951889747682,2.1591381512101724,5.0,0.0014135965010148785,4.619397662556434,6.913417161825448,3.5355339059327378,8.535533905932738,1.2370820412281491,1.7606170790378843
75.702,4.884975382965565,7.027711222858713,2.004459794018347,0.9665362428087215,0.24800316306566855,4.6425187905121685,6.894931903726243,1.9997707310471096,0.9676615260208835,0.2045258371731519,0.029916426313412806,0.15556097423971377,0.16769199430074871,0.013788453297140253,nan,nan,nan,0.984951889747682,2.1591381512101724,5.0,0.0014135965010148785,4.619397662556434,6.913417161825448,3.5355339059327378,8.535533905932738,1.2498272232083623,1.7432499037551445
75.75200000000001,4.869869338205732,7.063427078987189,2.0141450223898194,0.9700231498430553,0.23853251783856405,4.626319288240025,6.9301273512228585,2.009939792749175,0.9715016632275572,0.23650239325094563,0.029925804373278946,0.15696311910525046,0.1693410224506689,0.013989601770414821,nan,nan,nan,0.9860580925546539,2.162749438949626,5.0,-0.005803682067691742,4.619397662556434,6.913417161825448,3.5355339059327378,8.535533905932738,1.2498272232083623,1.7432499037551445
75.80000000000001,4.854335739001449,7.099096720708608,2.023482514083879,0.9730348558406536,0.23033345295984065,4.692626740251672,6.9457260258403375,2.0135509191479386,0.9711616760106261,0.2008781757889646,0.03033431114658469,0.15105188016606652,0.16191803088340792,0.013659707962770612,5.489448488376392,6.7728735929021635,2.869111248063807,0.987598397579804,2.167593342165256,5.0,-0.015038805240960022,4.619397662556434,6.913417161825448,3.5355339059327378,8.535533905932738,1.2521510495896793,1.7359097832371655
75.85000000000001,4.8302776688598685,7.152463621945209,2.0370683522927786,0.9760615962914418,0.2256901286017837,4.667375307769253,6.9983378491186174,2.02790068064413,0.974990849288887,0.23364509468925132,0.030343762934797826,0.15321278532643945,0.16441593913278899,0.013962614397962935,nan,nan,nan,0.9826779329115541,2.1999499984720607,5.0,-0.07883759594988345,4.619397662556434,6.913417161825448,3.5355339059327378,8.535533905932738,1.1760453505833734,1.774540047924568
75.90100000000001,4.805375820678016,7.205588802041389,2.050530541153623,0.9780998922370173,0.2224955616745798,4.650113854089933,7.033323803574696,2.035997409629828,0.9769028574307456,0.19542838036377305,0.03034266826541359,0.1546134033139138,0.16606512931549938,0.013639485116217268,nan,nan,nan,0.9842753687436189,2.2054732889602944,5.0,-0.08707136009194227,4.619397662556434,6.913417161825448,3.5355339059327378,8.535533905932738,1.1949963222055051,1.7490188802696847
75.95100000000001,4.788324949313838,7.240860507537877,2.05938832823705,0.9792917205889544,0.2207584144687628,4.623592753369867,7.085651166258005,2.048171532522529,0.9793582681036745,0.2020864352783993,0.030345742907979183,0.15674739734797058,0.16851861813181632,0.01408125915173886,nan,nan,nan,0.9850496071932706,2.2091320070684626,5.0,-0.09215614076299689,4.619397662556434,6.913417161825448,3.5355339059327378,8.535533905932738,1.1949963222055051,1.7580574102303905
76.0,4.770924285954975,7.276010116035129,2.068178719138165,0.980375170882142,0.21873562234452973,4.610070690012651,7.121729809741492,2.0527476983306236,0.9808053246912697,0.21567175139640152,0.03079228564865362,0.15812807367706735,0.17013563340518162,0.013695070721610844,4.858979629394479,7.2041049636305745,0.2501457791205436,0.9861855561421606,2.2145828784551056,5.0,-0.09917617650871427,4.619397662556434,6.913417161825448,3.5355339059327378,8.535533905932738,1.2087431080315973,1.7463079976066072
76.05000000000001,4.744185915073918,7.3284941210036445,2.081176793630208,0.9816782237658968,0.21499306415739922,4.60493292750445,7.181529802971201,2.0668811952584747,0.9823079198681177,0.2411889172827479,0.030811733994649166,0.15294577989253347,0.16352986220920968,0.013993727408309314,nan,nan,nan,0.9859312656415091,2.2206872523137022,5.0,-0.10797721209871099,4.619397662556434,6.913417161825448,3.5355339059327378,8.535533905932738,1.2088324144701506,1.740113675302265
76.10300000000001,4.716712805144852,7.380661829033443,2.0939612032051422,0.9824079732432915,0.21157151107842864,4.578403415170484,7.2338170161834725,2.077498575146736,0.9832744736255105,0.18887771625071195,0.03098036902846866,0.1550865890073045,0.1659749823523488,0.013865014676064215,nan,nan,nan,0.9855184518090567,2.2442383664757064,5.0,-0.1422295319022308,4.619397662556434,6.913417161825448,3.5355339059327378,8.535533905932738,1.199884551855018,1.7395464556311215
76.152,4.698004217219249,7.415252043916321,2.1023931586241997,0.9827780411129894,0.2103312767978014,4.559231543515134,7.268165269056741,2.0860766612737116,0.9838401456589623,0.18691447848357903,0.030981739240691957,0.15652511203988234,0.1675917419319317,0.014065222411098584,nan,nan,nan,0.9855184518090567,2.2442383664757064,5.0,-0.1422295319022308,4.619397662556434,6.913417161825448,3.5355339059327378,8.535533905932738,1.199884551855018,1.7395464556311215
76.203,4.669362304169461,7.466853315311246,2.114975553681409,0.9834215386852527,0.2092031992174717,4.540026584482859,7.3024643272814656,2.094542673350415,0.9844812155753399,0.229630488782278,0.03101525463056513,0.15792458027744896,0.16919233962586452,0.013729710763070299,5.039009706541587,7.241141811282052,0.9181987976378946,0.9865561212000027,2.2502357928524748,5.0,-0.14706118892473363,4.619397662556434,6.913417161825448,3.5355339059327378,8.535533905932738,1.2011333061884164,1.7440791181378428
76.254,4.649886505526782,7.501066271565777,2.1232924244920577,0.9839052518702814,0.20670480300227329,4.555801096122697,7.345249067833361,2.1078387405894894,0.9836086021993359,0.2112397274911588,0.03103481514643458,0.1527923445269006,0.1627036730415701,0.014171640163118546,nan,nan,nan,0.9853136643639078,2.2794337589634455,5.0,-0.18703434020968288,4.619397662556434,6.913417161825448,3.5355339059327378,8.535533905932738,1.195233887358091,1.741027160487032
76.30000000000001,4.630111909183039,7.535124401997391,2.131521123747194,0.98415043264621,0.20560019127127088,4.531890942032838,7.37765958758256,2.120875915298349,0.9840477673695063,0.18605521692363045,0.03064995174057167,0.15423101981613485,0.16431963424423005,0.013772179316912951,nan,nan,nan,0.9853136643639078,2.2794337589634455,5.0,-0.18703434020968288,4.619397662556434,6.913417161825448,3.5355339059327378,8.535533905932738,1.195233887358091,1.741027160487032
76.35000000000001,4.599904826030439,7.585906515078207,2.1438572665572404,0.9845593368302114,0.20525325172057007,4.500848058406715,7.4279003021403645,2.1321241130787083,0.9849519135370312,0.19982847896428704,0.030653319961233997,0.15642000423133018,0.1667261724668917,0.014072721222941786,nan,nan,nan,0.9871504029658705,2.281357754834506,5.0,-0.18516009366784253,4.619397662556434,6.913417161825448,3.5355339059327378,8.535533905932738,1.2085450476198065,1.7411463926893729
76.4,4.579402831683821,7.61956510067169,2.1520418847829608,0.9849934600202896,0.2038965190222311,4.483246298625096,7.462562778015161,2.1369939467732175,0.9856620689577666,0.22114297927617316,0.031003544699448698,0.15783981552275061,0.1683110702620381,0.013736210069969201,nan,nan,nan,0.9879307548529556,2.287646467538809,5.0,-0.187261124748428,4.619397662556434,6.913417161825448,3.5355339059327378,8.535533905932738,1.2233137939145844,1.730018074123457
76.45,4.54811133139768,7.669756228419926,2.164180755225839,0.9855249695494394,0.2010059393036417,4.436208642293701,7.547860820717338,2.149253919444714,0.9888915885364359,0.2053952677128799,0.03100430182073555,0.15261932176321794,0.16178806173568824,0.014116015121509213,4.323794212031551,7.81804293589446,0.4909642289517731,0.9876551814856527,2.2942854058601787,5.0,-0.19188323616575903,4.619397662556434,6.913417161825448,3.5355339059327378,8.535533905932738,1.2270749661776632,1.7220349600176084
76.5,4.516194909606409,7.719568248123035,2.1761909751112136,0.9855063178779243,0.19985019861400607,4.4044661400081315,7.576733927144346,2.170487143762144,0.9886266334596958,0.1891537355680177,0.02994369995279779,0.15407838576394553,0.16338753849357787,0.013774184659178793,nan,nan,nan,0.9870831801220448,2.3101558985013737,5.0,-0.20016190775243797,4.619397662556434,6.913417161825448,3.5355339059327378,8.535533905932738,1.2081970562566102,1.7265867792562855
76.55000000000001,4.494576209060344,7.752565522548136,2.1841189602782656,0.986021058578968,0.19683695640261362,4.370804866666714,7.625575209641817,2.182945621209992,0.9890558179274921,0.21781339789637466,0.029951562172301643,0.15629848042098415,0.16576901647360764,0.01415639525686608,nan,nan,nan,0.9906877244535873,2.3070650674867106,5.0,-0.18981002014919607,4.619397662556434,6.913417161825448,3.5355339059327378,8.535533905932738,1.2529735378530253,1.711384320572311
76.60000000000001,4.472677623527131,7.785408569215823,2.1918922444500404,0.9866865045266717,0.19244932085265334,4.344135231665358,7.65618517481519,2.1963389720144324,0.9896587993116633,0.201245885112455,0.029558470278739347,0.15774200704623495,0.1673347738127452,0.013809553666301756,nan,nan,nan,0.9914996066611301,2.31342522492696,5.0,-0.18895645695249394,4.619397662556434,6.913417161825448,3.5355339059327378,8.535533905932738,1.2762352678536473,1.693423360687451
76.65,4.439311503859795,7.834387193714911,2.203192626567365,0.9878273302983944,0.18520843843171067,4.4001578532505095,7.648350727483832,2.2077975763627986,0.9839631075221711,0.1997337828042337,0.029589098106664043,0.15243915639551797,0.16078699452248735,0.014105332354850975,5.282520081067423,7.18880012940388,4.235686707432442,0.9930499794643283,2.314305797466031,5.0,-0.18378745136175814,4.619397662556434,6.913417161825448,3.5355339059327378,8.535533905932738,1.2937352748770163,1.686639043141848
76.7,4.416725657217822,7.866852293346226,2.2105139835660546,0.9885970398723737,0.18234518675115724,4.374254516156678,7.678808052358847,2.2182558429898025,0.9854623259578765,0.17860238122689426,0.02932501770003077,0.15392179165216163,0.16236685993584957,0.01376468647843263,nan,nan,nan,0.9908312191310233,2.3433175108221644,5.0,-0.22601597308187432,4.619397662556434,6.913417161825448,3.5355339059327378,8.535533905932738,1.266676733340494,1.7134495104752046
76.75,4.382347915994739,7.915264278672165,2.221400799351706,0.9896744725155363,0.18064484469077968,4.338402541709315,7.725877746469123,2.2288734400588517,0.9874855317968768,0.16598619593519404,0.029325031451151968,0.1561744228109576,0.16472354080343962,0.014065126435208785,nan,nan,nan,0.991905843175392,2.34557512419843,5.0,-0.22139931850908995,4.619397662556434,6.913417161825448,3.5355339059327378,8.535533905932738,1.2731645297384993,1.711793296516465
76.801,4.347387660025345,7.963331130022757,2.2321784233532047,0.9905919013344985,0.1788550283191138,4.310155314674401,7.755062037706149,2.2417409599716986,0.9886157507804669,0.1811167785876815,0.0289085543857212,0.15764127518158225,0.16627257406324814,0.013729392147023104,nan,nan,nan,0.9924313063928247,2.3519852627616564,5.0,-0.21774001214006752,4.619397662556434,6.913417161825448,3.5355339059327378,8.535533905932738,1.2731645297384993,1.7097110410987582
76.85300000000001,4.323765914622882,7.995182723257522,2.2392617501976684,0.9912732455165576,0.1756899956416356,4.273097564932782,7.801419592113776,2.252288918622982,0.9902708666754897,0.1679720016388642,0.028909094344343488,0.15987157259221604,0.1685809316826288,0.014030587366388694,4.827863620290096,7.5348236311709815,1.3659735808831053,0.9938799574334656,2.352432380246845,5.0,-0.21046722471179236,4.619397662556434,6.913417161825448,3.5355339059327378,8.535533905932738,1.302058417092582,1.6892392550478759
76.90100000000001,4.287869021893398,8.042673107210806,2.249639882783917,0.9921949568937874,0.1711013868790387,4.30441125773378,7.8037069845801685,2.254541859448988,0.987637041483112,0.18117988700174176,0.029303408977358995,0.15375530322669245,0.1612864710744278,0.013695616627008671,nan,nan,nan,0.9943608420758447,2.3585383038040897,5.0,-0.20540970920578788,4.619397662556434,6.913417161825448,3.5355339059327378,8.535533905932738,1.303001018247182,1.687371572479413
76.95,4.263638628890237,8.074134636592055,2.256470177012637,0.992517712632699,0.1708249143101612,4.2668014408106645,7.8495399464996,2.2660234869774385,0.9891492806169261,0.20452599748083147,0.029309933304295557,0.1560361087743368,0.16362464555042416,0.014079572761445338,nan,nan,nan,0.9920301770838055,2.380878171087634,5.0,-0.23271690038435555,4.619397662556434,6.913417161825448,3.5355339059327378,8.535533905932738,1.2729234068916744,1.706988432206218
77.001,4.226865481977495,8.12101557033227,2.2666806708203207,0.9928408386975665,0.1692414443229408,4.240892980081755,7.879600137471569,2.273392018485805,0.9899968640747281,0.15075652968383915,0.029249400008110785,0.1575229011628386,0.16516115438806306,0.01374209104981855,nan,nan,nan,0.9925544971697554,2.3881280362011457,5.0,-0.22690890982207979,4.619397662556434,6.913417161825448,3.5355339059327378,8.535533905932738,1.2885154641976972,1.6912083138841536
77.05000000000001,4.202086825558479,8.15203271748889,2.2736242913081632,0.9912974432951946,0.17860922862711145,4.2023682452766655,7.924805205952315,2.2834344028936036,0.9884027017130832,0.1796875046382372,0.029253176757469915,0.1597791970663824,0.16745469924341408,0.014124664580815061,4.623170317193435,7.6473242672848185,0.9144399546646169,0.9795575951561315,2.4759379919624327,6.0,0.15351249097109493,3.5355339059327378,8.535533905932738,1.9134171618254514,9.619397662556432,1.093188032138762,1.7802207288215728
77.10000000000001,4.1771453836408465,8.182803705283018,2.281066665868296,0.9891577458812943,0.18978901914785093,4.218341265310768,7.924987876749342,2.289692745943988,0.9836875405019971,0.21451263823388297,0.029411248771083223,0.15369056299503464,0.1603141077016963,0.013778236166511831,nan,nan,nan,0.9799566207461957,2.4839871172877324,6.0,0.13732904609998126,3.5355339059327378,8.535533905932738,1.9134171618254514,9.619397662556432,1.1115103497589323,1.769418489230729
77.152,4.13940520781987,8.228521943499429,2.2928545201429755,0.9868697936063701,0.20007572699660922,4.179339128156542,7.969253755061143,2.300280004358765,0.982719466506426,0.1910174399905144,0.029406574381677365,0.1559970601116072,0.16263819904747565,0.014075474022581292,nan,nan,nan,0.9803067323433822,2.488480304567439,6.0,0.12830302642082503,3.5355339059327378,8.535533905932738,1.9134171618254514,9.619397662556432,1.1364628925937001,1.7612154578769466
77.2,4.101226664490266,8.273739563970187,2.305111486326833,0.98540282214969,0.20709539902802482,4.1559532573692435,8.000286558455837,2.3047163303719636,0.9824975541202277,0.21234808013956552,0.029728398608173418,0.15750198716826896,0.16416514402981766,0.013807144904805585,nan,nan,nan,0.9809037343323239,2.49602144082895,6.0,0.11316572016971638,3.5355339059327378,8.535533905932738,1.9134171618254514,9.619397662556432,1.1354055647424774,1.7698159221606218
77.25200000000001,4.075515185523129,8.303607822025027,2.3134815488663873,0.9845615255375652,0.21037603862572646,4.11628847825892,8.043886659839465,2.3172715654472444,0.9821481250446256,0.20143977103357683,0.029728123633770014,0.1597834223666408,0.1664468842023227,0.014192664093916115,nan,nan,nan,0.9805224842796431,2.50240838958813,6.0,0.10035538084513435,3.5355339059327378,8.535533905932738,1.9134171618254514,9.619397662556432,1.1397850845618716,1.7629827980987192
77.30000000000001,4.04959018042777,8.333251935572305,2.3219617406911803,0.9839185200662021,0.21281202438094401,4.110718218138327,8.115905235793024,2.3245109205493595,0.9834168393525505,0.19246537435155622,0.02982296192323795,0.1535805780714443,0.15930624166908017,0.013837613728864832,4.350946400510836,8.49871282073524,0.9260262512436448,0.9815807966603608,2.5095007372085814,6.0,0.08613979202433053,3.5355339059327378,8.535533905932738,1.9134171618254514,9.619397662556432,1.1483191954614185,1.7638548939185679
77.35000000000001,4.010294987148203,8.377284545559004,2.3349056503522294,0.9824120194584152,0.21880508726268091,4.070180326643058,8.158722554806454,2.337514148439457,0.9816505380755051,0.20545472468478637,0.029825973499374825,0.1559124138416833,0.16161695168323012,0.01413622222482424,nan,nan,nan,0.9773254863332033,2.5378684820432342,6.0,0.029353205310821473,3.5355339059327378,8.535533905932738,1.9134171618254514,9.619397662556432,1.0941351221121611,1.7802355071125404
77.4,3.9838380468567824,8.406328114759479,2.343757307719137,0.9814285218247815,0.2223375949592444,4.043249093200738,8.18718927455373,2.345415602944499,0.9811799264879938,0.2021467014409766,0.02986818933584766,0.15743691163605655,0.16313297055899856,0.013791588460156249,nan,nan,nan,0.9786738190727668,2.5444074348578822,6.0,0.01627355149504034,3.5355339059327378,8.535533905932738,1.9134171618254514,9.619397662556432,1.1169363121802967,1.7732523916877438
77.45,3.943734803838256,8.449437460898748,2.3572134736014716,0.9805160492869701,0.22535410854339663,4.001915420099587,8.229093405902404,2.357851716610603,0.9807573522559488,0.2187576184642449,0.029871749082142872,0.15974662450446064,0.16539938244262142,0.014091148030356783,nan,nan,nan,0.9793965106682607,2.548760783740481,6.0,0.007566530702303453,3.5355339059327378,8.535533905932738,1.9134171618254514,9.619397662556432,1.1244570574638884,1.772775238699054
77.501,3.903106492158669,8.49200322534741,2.370767822037704,0.980131763970201,0.2257422509030985,3.9715286632209312,8.254925385365008,2.370261100112274,0.9808606154237249,0.2323018241469881,0.029592825169339396,0.1612552393329917,0.16688257727902817,0.013752037645991097,4.28025387840702,8.721617516081874,1.1364976571396745,0.9826152478032933,2.5569981271349205,6.0,-0.00890825109668511,3.5355339059327378,8.535533905932738,1.9134171618254514,9.619397662556432,1.1747051071891383,1.7490747289394868
77.55000000000001,3.8757151857378402,8.520084529379558,2.379754112212077,0.9802954890785642,0.22375491315520782,3.95525860951751,8.340637272175181,2.3826552282871507,0.9822082289686082,0.19839321535081186,0.02961190619445255,0.15579630952754703,0.16055604359915152,0.014048829763190296,nan,nan,nan,0.9826152478032933,2.5569981271349205,6.0,-0.00890825109668511,3.5355339059327378,8.535533905932738,1.9134171618254514,9.619397662556432,1.1747051071891383,1.7490747289394868
77.60000000000001,3.84807691408217,8.547924476229515,2.3887009148463734,0.9800365047619752,0.22448022507915094,3.928659910184594,8.369062926019813,2.3884090550599133,0.9816838379828946,0.2006703007360053,0.029845383597555012,0.15734221730415232,0.162058684837168,0.013714882553029337,nan,nan,nan,0.978970957735736,2.58809700507802,6.0,-0.07113592286520859,3.5355339059327378,8.535533905932738,1.9134171618254514,9.619397662556432,1.1165450176595684,1.774155775751527
77.653,3.806188793180784,8.589195478771703,2.402291933821228,0.9792771868269755,0.22765695079131448,3.8855193960446797,8.409145723118746,2.4013989855686306,0.9811025983589374,0.19534070513096755,0.029845890888497668,0.15968214277938148,0.16430678603206067,0.01401608696136919,nan,nan,nan,0.9792416822048396,2.5925194956508264,6.0,-0.07999354466044481,3.5355339059327378,8.535533905932738,1.9134171618254514,9.619397662556432,1.1390051002322337,1.77010898399972
77.7,3.7779716216962327,8.616385617220962,2.411425863580963,0.9791083145216385,0.22846193971833303,3.8555322099651894,8.434811547295118,2.4121939813400566,0.981174255619595,0.2367106564816918,0.029744142732023603,0.16121268005316844,0.1657766052782803,0.013686154475979543,3.530044013331355,9.242464369176808,2.721276393788113,0.9808938697384528,2.597191134859384,6.0,-0.08935358693099821,3.5355339059327378,8.535533905932738,1.9134171618254514,9.619397662556432,1.1390051002322337,1.77010898399972
77.75,3.735189047713516,8.65669681142815,2.4250904834783533,0.9793385359683189,0.226221842798802,3.7753559792058824,8.556097848887061,2.427474867101237,0.9865951087271243,0.23318723265671185,0.029760704391150496,0.15578734457925872,0.15959189591414102,0.013984438716531801,nan,nan,nan,0.9825045355919396,2.5995264076664237,6.0,-0.09403395185056666,3.5355339059327378,8.535533905932738,1.9134171618254514,9.619397662556432,1.1745521468026547,1.7471809005964025
77.80000000000001,3.706364079245893,8.68325024321254,2.4341064843253535,0.9790520346824592,0.22530638070487213,3.751012078507109,8.586337397536887,2.4289817161843565,0.985405547968817,0.23624619180502165,0.030443638945414086,0.15735436744864245,0.1610813280595288,0.013658361909056994,nan,nan,nan,0.9800474576580993,2.627571085507853,6.0,-0.1503362988072482,3.5355339059327378,8.535533905932738,1.9134171618254514,9.619397662556432,1.1359658191499609,1.7497046882444383
77.85000000000001,3.6627140831945653,8.72256165777833,2.4476399352557663,0.9781488286534916,0.22582167561229424,3.7061261471616427,8.62477010905013,2.442105247804328,0.9837911118694972,0.1984965213128619,0.030439348815156822,0.1597228616995747,0.16331170796299743,0.01396088052630943,nan,nan,nan,0.9791903732877084,2.6333451343673846,6.0,-0.16195481801549935,3.5355339059327378,8.535533905932738,1.9134171618254514,9.619397662556432,1.1290241640515355,1.7531174651566024
77.9,3.633338440579652,8.748424557264775,2.456688703114071,0.977907041454215,0.2263769388691847,3.6725643605835665,8.647170556416496,2.456402900527218,0.9833476891710835,0.22948142295638652,0.03003817520350243,0.1612743543024826,0.16476763579203774,0.0136377102489607,nan,nan,nan,0.981100879595193,2.636830447574841,6.0,-0.16897316242024865,3.5355339059327378,8.535533905932738,1.9134171618254514,9.619397662556432,1.1383021832336748,1.7636805654949241
77.95,3.588835600728399,8.786722919219923,2.470234849015559,0.9783027523594561,0.2241184135324387,3.6150783383537095,8.771869711396672,2.46966402322143,0.9876222909130251,0.2073729051238574,0.030062004901161246,0.15573305448017596,0.1585758351642575,0.013937042014276594,3.59821379768484,9.541714285147853,2.815101840842765,0.9837688979027543,2.6368202015505395,6.0,-0.16895252411762818,3.5355339059327378,8.535533905932738,1.9134171618254514,9.619397662556432,1.1834120014312455,1.7410787661361011
78.0,3.558871901195983,8.811924371901787,2.4791823356829905,0.9780084183349489,0.22453640315516316,3.580013614514063,8.792767254854876,2.4847816769026476,0.9857944900184955,0.2152635321803319,0.029543722232541383,0.15732188037560135,0.1600486326089704,0.013771146365708897,nan,nan,nan,0.978065319915605,2.679498914619652,6.0,-0.24069855939783838,3.5355339059327378,8.535533905932738,1.9134171618254514,9.619397662556432,1.1011947514145508,1.7648011015101315
78.051,3.513550343525619,8.84917846220124,2.492787187762366,0.9769841306589649,0.22730887425354634,3.533038819904993,8.82863939079522,2.4986444896324365,0.9841524173645334,0.22501200565311727,0.029548069878697757,0.15972325630811884,0.1622536937740009,0.014013336944650363,nan,nan,nan,0.9807814498001505,2.6811508518066165,6.0,-0.23859331496074668,3.5355339059327378,8.535533905932738,1.9134171618254514,9.619397662556432,1.137918694334418,1.7548153933020592
78.10000000000001,3.483067144726592,8.873665683025225,2.501861327494425,0.9770699504753967,0.22619627673896142,3.502424771780506,8.85303627478521,2.50589412876597,0.9838479854315983,0.2083041462707476,0.029665541295301825,0.16129837238705008,0.16369173856809757,0.013759435254482144,nan,nan,nan,0.98223848456434,2.687400122510351,6.0,-0.24232210833651896,3.5355339059327378,8.535533905932738,1.9134171618254514,9.619397662556432,1.1614279152390974,1.7476852093503472
78.15100000000001,3.436915213547643,8.9098888752911,2.5153575094370724,0.977500892256027,0.2241794496948685,3.4104160387482922,8.901617502190803,2.5195553761187703,0.9865820475496289,0.20437962839383464,0.029657474103761503,0.15564733108450549,0.15750162232848908,0.014056238981694398,3.0164065218630807,8.984317692001367,0.7857878312186959,0.9826926613646977,2.692213716216605,6.0,-0.24559912215887153,3.5355339059327378,8.535533905932738,1.9134171618254514,9.619397662556432,1.1606273841662953,1.7529428295016019
78.202,3.390251092759763,8.945503779441275,2.528718714445365,0.9781450286573673,0.22123118535559447,3.3805412949134492,8.92669754919613,2.5242011978435865,0.9862905310612977,0.19103681818048535,0.029959546598179378,0.1572556268848858,0.1589600357693134,0.01372159406551515,nan,nan,nan,0.9847368996340176,2.694495858664013,6.0,-0.23487562322443667,3.5355339059327378,8.535533905932738,1.9134171618254514,9.619397662556432,1.1800893838381068,1.7414071287587674
78.251,3.358859427169971,8.968909086783071,2.537533838644066,0.9785453095772283,0.21994795845976092,3.3321521995617918,8.960747578285227,2.536860995008867,0.9858865822303382,0.19950765140973584,0.029963206088739196,0.1596832880588278,0.1611472368005302,0.014022969974792273,nan,nan,nan,0.9845041979217051,2.70047364752305,6.0,-0.23913140179076064,3.5355339059327378,8.535533905932738,1.9134171618254514,9.619397662556432,1.1722232762554605,1.7482111707494625
78.30000000000001,3.327246706886037,8.992042574440834,2.5463001633324422,0.9790148228904727,0.21837133711347598,3.296959011561982,8.98037942849372,2.550864871693326,0.9858895886123374,0.21780491728363904,0.029613424731370467,0.16127820298161843,0.16257178411347392,0.013692386446183594,nan,nan,nan,0.9855696268820006,2.706950461098352,6.0,-0.2405594252962352,3.5355339059327378,8.535533905932738,1.9134171618254514,9.619397662556432,1.1897139159223167,1.7403761930629822
78.351,3.2794084273854764,9.02624193883958,2.5592606313052597,0.9801052457329174,0.21352363159660545,3.2476825904576305,9.013110853516755,2.5643928788776016,0.9862933130242116,0.2197528931885331,0.0296179514026317,0.16368556643426352,0.16470764238897423,0.013994415479170118,2.3564533360109396,9.231029671597273,3.0303897562476863,0.9875367573777859,2.7089105470316492,6.0,-0.23733042452011496,3.5355339059327378,8.535533905932738,1.9134171618254514,9.619397662556432,1.2387038556455308,1.7149863890670385
78.40100000000001,3.231060725219054,9.05985313315433,2.571846687222566,0.9814749211171823,0.20696168437950338,3.1241145517387534,9.059563358880638,2.577088154786713,0.9925070438402713,0.19054472101237754,0.02924069581526796,0.1571465663176423,0.15783974620630079,0.013663830753192174,nan,nan,nan,0.9886669872495002,2.715087828201713,6.0,-0.23716909703881167,3.5355339059327378,8.535533905932738,1.9134171618254514,9.619397662556432,1.2387038556455308,1.7149863890670385
78.45,3.1985511854972932,9.081936685782424,2.579998980503675,0.98237302985767,0.20176494776463144,3.0736856728185926,9.091223320385804,2.5892097147647934,0.9922533295961886,0.19658549575227346,0.029245202463751344,0.15960272148063975,0.16000525863912327,0.013966502313883106,nan,nan,nan,0.991381873221807,2.708469538478527,6.0,-0.2071422195993793,3.5355339059327378,8.535533905932738,1.9134171618254514,9.619397662556432,1.2574475885543528,1.699155962819893
78.5,3.1658258979675367,9.10376310344802,2.5879410213433114,0.9832951846048534,0.19644398988609024,3.0406958847096313,9.112904894991594,2.5954406838830533,0.9923117918559766,0.1839200314890027,0.029362064620911368,0.1612178294406639,0.1614147150584521,0.013642814705900232,nan,nan,nan,0.9921728682436226,2.7144084670545814,6.0,-0.20544973150500256,3.5355339059327378,8.535533905932738,1.9134171618254514,9.619397662556432,1.2726673773552892,1.690995237622834
78.55000000000001,3.116343614990057,9.1360263504259,2.599487737576437,0.9846100653685141,0.1898929687666525,2.989696175538853,9.143629570281762,2.6072755270007715,0.9924128091132154,0.18537933684331673,0.02936602943883969,0.1636511447625658,0.16353195183319008,0.013946007138006228,1.9896857766389864,9.814380546886095,5.202337368317753,0.9923372285582195,2.71931624913305,6.0,-0.20514915766962422,3.5355339059327378,8.535533905932738,1.9134171618254514,9.619397662556432,1.2701538100705667,1.6946444806293544
78.60000000000001,3.0831028049676585,9.15722020813313,2.606991343377788,0.9854585946177317,0.18601968801962127,2.856811727173625,9.238935542680347,2.6099053355982242,1.000596511760994,0.191747971645043,0.02980357564124577,0.15713465225257567,0.15682087454263588,0.0136213705803528,nan,nan,nan,0.9930349013111311,2.7253703971130827,6.0,-0.20236187121332067,3.5355339059327378,8.535533905932738,1.9134171618254514,9.619397662556432,1.2820530868831335,1.6880342277454137
78.653,3.0328997254534187,9.188528963894386,2.618060133030683,0.9854020840205129,0.18484481226193833,2.804998290713622,9.269183334259862,2.6191202851801023,0.9979605049829801,0.14985641234803856,0.02979772891478816,0.15961058729989783,0.15897381170889902,0.013922233673140359,nan,nan,nan,0.970967908521062,2.860672210644098,7.0,0.16954620864128297,1.9134171618254514,9.619397662556432,2.8327694488239896e-15,10.0,0.9858988580676475,1.790669504581203
78.7,2.99927850770976,9.209036964930405,2.625649931446067,0.9828092365939822,0.1956891324972245,2.770191719445139,9.288743776843313,2.6274862017191936,0.9926007022829313,0.21989221947846257,0.02977278870012219,0.16123940311854293,0.16037405577575045,0.013679161581437803,nan,nan,nan,0.970967908521062,2.860672210644098,7.0,0.16954620864128297,1.9134171618254514,9.619397662556432,2.8327694488239896e-15,10.0,0.9858988580676475,1.790669504581203
78.754,2.9487728135619045,9.239169310539404,2.638137024303932,0.9779333696496948,0.21475944920826015,2.718334278284901,9.317750494669264,2.640020636075688,0.9862730738487673,0.21341429776054402,0.02977105740722544,0.16369067486800573,0.16247941556278717,0.014119651895143866,nan,nan,nan,0.9722988167363541,2.875944475871373,7.0,0.13881956269268841,1.9134171618254514,9.619397662556432,2.8327694488239896e-15,10.0,1.0416663937991206,1.7787064749777404
78.802,2.8981072422886207,9.2685799699407,2.651446064958547,0.9748099784023561,0.22614738136418794,2.7424041608578604,9.30706012548285,2.6458893817386793,0.9790015705630561,0.2039826938636245,0.02996719023162662,0.15704388904997518,0.1557824009182109,0.0137253944638729,3.2690064063762483,9.044830533979809,1.4439434025327305,0.9722988167363541,2.875944475871373,7.0,0.13881956269268841,1.9134171618254514,9.619397662556432,2.8327694488239896e-15,10.0,1.0416663937991206,1.7787064749777404
78.85000000000001,2.8641892959955664,9.287802314304496,2.6606194957495632,0.9739556380831853,0.2309825504260457,2.6906543058144274,9.334778141033365,2.658972150548415,0.977503685680663,0.2298528123316559,0.029971762228724757,0.15953812628246708,0.15792315034756607,0.014026817651882403,nan,nan,nan,0.974306550248513,2.873064360309584,7.0,0.14460871829074975,1.9134171618254514,9.619397662556432,2.8327694488239896e-15,10.0,1.0697306553527883,1.7880694359746023
78.90100000000001,2.813038191791147,9.316070834271825,2.674619428654245,0.9733833609042108,0.23441377819468823,2.6557212744961785,9.352500133845007,2.6690178924293377,0.9770434790492557,0.22752125479968174,0.02993322177568844,0.1611833729008264,0.15931374833790485,0.013705684781374532,nan,nan,nan,0.9753272939393984,2.8815697066782473,7.0,0.12751919252152924,1.9134171618254514,9.619397662556432,2.8327694488239896e-15,10.0,1.0931688177594294,1.7770792362836016
79.036,2.795909860172797,9.325342251539501,2.679316063199242,0.9733323066468452,0.23492100245879258,2.63832209867783,9.361394753838198,2.6735683175253318,0.9768353836607937,0.22389229755405965,0.02993322177568844,0.16201018652088156,0.1600143970193766,0.013955931425639969,2.9229210952057305,9.686291561294478,0.7625382442928966,0.9763718803326438,2.886833219916193,7.0,0.11695281916133507,1.9134171618254514,9.619397662556432,2.8327694488239896e-15,10.0,1.1042109488779448,1.7756399274987653
79.05000000000001,2.6922637789753336,9.37936041585663,2.7075528013301855,0.9738328468293627,0.23523913165490198,2.5486137201377383,9.446982389004194,2.70583870230299,0.9761104334986315,0.22604521229758692,0.029987589003252126,0.1594169494093265,0.15685667686783517,0.014054525115511541,nan,nan,nan,0.9783204075873475,2.899810348315388,7.0,0.09092810011844574,1.9134171618254514,9.619397662556432,2.8327694488239896e-15,10.0,1.1198486034466346,1.776097778349258
79.10000000000001,2.639869457364135,9.405314616969562,2.721695259254855,0.9739796141106043,0.2362005597967388,2.5129063028819942,9.462990695843796,2.716197387066906,0.9761802856418078,0.23552096175861037,0.029939996179113963,0.16108147841985418,0.15823754850508934,0.013860774126064531,nan,nan,nan,0.9765870386988198,2.922656123951965,7.0,0.04518166131205016,1.9134171618254514,9.619397662556432,2.8327694488239896e-15,10.0,1.1074389182389552,1.7770550133478111
79.15100000000001,2.6047382279717692,9.422215979048874,2.731138915254775,0.974171973519331,0.23583867650504434,2.45943142799784,9.486917075889464,2.730286484503342,0.9767218802258302,0.22849878988076777,0.029941688696887955,0.16358542757117017,0.1603172462029057,0.01418526394957014,nan,nan,nan,0.9778587736609049,2.9270215691103405,7.0,0.03644712113037758,1.9134171618254514,9.619397662556432,2.8327694488239896e-15,10.0,1.125185268412637,1.7692410451360527
79.2,2.5694421895059043,9.438795314304873,2.740555722153747,0.9745008134536368,0.23494829327375166,2.433733680038543,9.534646275980647,2.735872393072814,0.9775799013364765,0.2124209663034689,0.030237532287364248,0.15699405652444143,0.15390773078902575,0.013828592360090694,2.5512037711336495,9.820256325297377,0.4221107857402954,0.9794155848119055,2.933537192287012,7.0,0.023412910329175404,1.9134171618254514,9.619397662556432,2.8327694488239896e-15,10.0,1.1391522906386045,1.7661053820850006
79.254,2.516192025535266,9.463053940240263,2.7546438275121736,0.9746225843259427,0.23569358956144276,2.379742306822832,9.557576092282368,2.7495202417347,0.977473102041122,0.25199204125558444,0.0302458240873254,0.15954194651910847,0.15602401076645006,0.01421245988126832,nan,nan,nan,0.9778444484776423,2.960412867287427,7.0,-0.030341836565540646,1.9134171618254514,9.619397662556432,2.8327694488239896e-15,10.0,1.1297175218889681,1.7608017655426809
79.308,2.4626159248979542,9.486560291310788,2.768798572145859,0.9745784490928345,0.23522815360635058,2.3285111946653103,9.58457551407281,2.7573382410543257,0.9775574378217772,0.2279629262383387,0.030775079530191367,0.1620686086801938,0.15808975185572285,0.01411583862105729,nan,nan,nan,0.9771621647764276,2.966782674311411,7.0,-0.04308578660392336,1.9134171618254514,9.619397662556432,2.8327694488239896e-15,10.0,1.114931668684154,1.769990946419875
79.352,2.4267167920790182,9.501812104218454,2.7782091409002905,0.974527922310193,0.2353687065590336,2.3103857303633717,9.591905047896109,2.761622769320864,0.9775071526871081,0.21544874841278674,0.03077347737420911,0.16291113196592105,0.15877967978270258,0.014156601649577188,nan,nan,nan,0.9771621647764276,2.966782674311411,7.0,-0.04308578660392336,1.9134171618254514,9.619397662556432,2.8327694488239896e-15,10.0,1.114931668684154,1.769990946419875
79.4,2.372603180093012,9.524056064660742,2.7923520899296785,0.9746449239636741,0.23583979388931325,2.2570136995330663,9.615360193211586,2.772938242857105,0.9775995703934505,0.22139156755410597,0.03098688417085749,0.16541910706276894,0.1608052760703342,0.013967556976517961,nan,nan,nan,0.9782689243560789,2.970477941935018,7.0,-0.050480374087701674,1.9134171618254514,9.619397662556432,2.8327694488239896e-15,10.0,1.11979434348469,1.7740008625969221
79.45,2.33634590534248,9.53846415176183,2.801774011363248,0.9749380211814893,0.23518870773679676,2.136370309544464,9.595295275240888,2.7874170744020237,0.9809527070048079,0.22598512568140947,0.030958169998967635,0.15943299663594643,0.1550319417781183,0.01439514867429053,1.5474943182834124,9.141272988849403,2.5769099711683814,0.9792983551680572,2.9767688986953407,7.0,-0.06307246868150146,1.9134171618254514,9.619397662556432,2.8327694488239896e-15,10.0,1.1336861310629653,1.7680648445343876
79.50200000000001,2.2816602428698953,9.559457471063315,2.8156724886699687,0.9765165316549063,0.22780441107558097,2.098789404876879,9.607553560180584,2.798324386055949,0.9819389806042846,0.21535096567076,0.030819045965326478,0.16112805472159974,0.15639654291013927,0.013971320874704155,nan,nan,nan,0.9859622509779129,2.9551711538791396,7.0,-0.019856734681348572,1.9134171618254514,9.619397662556432,2.8327694488239896e-15,10.0,1.2111580360761403,1.7336321739623604
79.551,2.244981860120353,9.573049238799658,2.8246414594149902,0.9778420867177571,0.2220414561011658,2.0432010571201293,9.627157157235269,2.811515182171833,0.9834076643682478,0.23063127624735164,0.030824964413667857,0.16367252656192657,0.1584556826593365,0.014267075556100982,nan,nan,nan,0.9873556878241533,2.957516401106697,7.0,-0.02454780931993434,1.9134171618254514,9.619397662556432,2.8327694488239896e-15,10.0,1.2239400436104688,1.729235316226104
79.60000000000001,2.208130390080932,9.586319651286143,2.8333813823799234,0.9791608576342551,0.21603868074680924,2.004187549918053,9.636639761414212,2.824209212147938,0.9844725661908194,0.2003101672059065,0.030494483816159844,0.16535299086752608,0.15978513859370355,0.014057919086960764,nan,nan,nan,0.9887424524298886,2.961706615163605,7.0,-0.03292998008991646,1.9134171618254514,9.619397662556432,2.8327694488239896e-15,10.0,1.246997297155,1.7130665751324337
79.65100000000001,2.1525381823158454,9.605630077352094,2.846037595922365,0.9811884609345208,0.20739318675819848,2.0374314139782372,9.652693876966412,2.836345438921759,0.9801739116184084,0.2234151909177296,0.030520060679043462,0.15925139595333693,0.15402327044887118,0.01429364279176844,2.8591414474025765,9.684744140579003,2.872028772228809,0.9904460275335665,2.962550994770303,7.0,-0.03461922100548276,1.9134171618254514,9.619397662556432,2.8327694488239896e-15,10.0,1.2579741593195517,1.7127513734219204
79.7,2.1152696905783857,9.618113753419909,2.8542034518370767,0.9826794998764182,0.20202233321337054,2.0019040449480956,9.66805365711681,2.839694771114031,0.9822819490902741,0.21484716016440786,0.03091542423476026,0.1609566307709994,0.15538045538934994,0.013929427062636073,nan,nan,nan,0.9905870681403142,2.973660669351509,7.0,-0.05685041737353429,1.9134171618254514,9.619397662556432,2.8327694488239896e-15,10.0,1.2760257951881635,1.7092393337432297
79.75,2.059064997646252,9.636265787908465,2.8660834076208763,0.984686649724881,0.19546932656459848,1.9455176905461038,9.685389528508713,2.8507015964232236,0.9847878329433909,0.17969867934910447,0.030912258558440913,0.16351440884695168,0.1574317066836893,0.014361709994725453,nan,nan,nan,0.9904891226254636,2.977723694603473,7.0,-0.0649840177907979,1.9134171618254514,9.619397662556432,2.8327694488239896e-15,10.0,1.268181237870714,1.710390280207514
79.80000000000001,2.0214142278210794,9.647987596249356,2.873824526807253,0.9857758265870311,0.19240519553535657,1.9082397172343997,9.697605791149233,2.857160956977915,0.9861701206373442,0.16802306222176383,0.031014814208902335,0.16520438041976096,0.15875611600624645,0.013941006113755884,nan,nan,nan,0.9914880337550563,2.9812701173227008,7.0,-0.07098635323734029,1.9134171618254514,9.619397662556432,2.8327694488239896e-15,10.0,1.2656987699694489,1.7136453891885968
79.852,1.964689639718349,9.66500889709485,2.8852440749722836,0.9871890454281926,0.18885415590171206,1.851346862765176,9.71399192303066,2.869238119325604,0.9879146124889768,0.19322100716183824,0.031022059234130633,0.16773450159936337,0.1607621365416257,0.01423713467387221,1.7333589000798817,9.315830869368321,0.6270087315494918,0.9919119827603003,2.9844318765661404,7.0,-0.07569531199921274,1.9134171618254514,9.619397662556432,2.8327694488239896e-15,10.0,1.265733798572025,1.7131281075592897
79.902,1.9076902141962409,9.681366976622197,2.8964106145333703,0.9884416613390119,0.18356759382921836,1.783634875764982,9.691086538947795,2.8831118936592492,0.9893583759312247,0.18448705905796078,0.030793064814428395,0.16156389261503828,0.15505309900163486,0.013975830518147938,nan,nan,nan,0.9959642745031052,2.9691181088487,7.0,-0.04368432486832683,1.9134171618254514,9.619397662556432,2.8327694488239896e-15,10.0,1.3324458452455388,1.671228564024322
79.952,1.8695390767895335,9.691914043557196,2.9036042437436844,0.98962711493978,0.1772800996492118,1.7453400340006575,9.70112502069449,2.891137181706168,0.9907825764374646,0.17679459471286393,0.03079524036111541,0.1632740671029048,0.15641480558312357,0.014173730114100377,nan,nan,nan,0.9959642745031052,2.9691181088487,7.0,-0.04368432486832683,1.9134171618254514,9.619397662556432,2.8327694488239896e-15,10.0,1.3324458452455388,1.671228564024322
80.0,1.8312621030659766,9.702181953129974,2.910533047054064,0.990803665492245,0.1704610978790048,1.7046748886278478,9.7058676009611,2.9046050867577566,0.9920416358728685,0.17296749088500796,0.030292425053482726,0.16497213257911925,0.15773480942664425,0.013824226526953422,nan,nan,nan,0.9967327121423081,2.9719959302060537,7.0,-0.04736676887716594,1.9134171618254514,9.619397662556432,2.8327694488239896e-15,10.0,1.3516212604531683,1.6527618301825344
80.054,1.7736292227915476,9.717071774020168,2.920385295980916,0.9923919091250454,0.1593464552656076,1.646737073723552,9.719662256602609,2.9143689955338505,0.9937789622161393,0.14090319747617253,0.030290806879831315,0.16751325630288816,0.15973513028254457,0.014122703123291853,3.0594766682021795,10.262918517935653,8.282916913373384,0.9978145152594022,2.97073044138246,7.0,-0.04408484548817208,1.9134171618254514,9.619397662556432,2.8327694488239896e-15,10.0,1.37476755620834,1.6347696273744436
80.10000000000001,1.73507119675468,9.726666535748407,2.92658801255522,0.9933582437753676,0.15262383955904832,1.7466740278702308,9.768199532222097,2.92317647438119,0.9867196855983242,0.13785917604117603,0.030039001996554036,0.16053011930390018,0.1534808684345213,0.013776015982393168,nan,nan,nan,0.998283400609172,2.972970885173658,7.0,-0.04631133372300637,1.9134171618254514,9.619397662556432,2.8327694488239896e-15,10.0,1.3726073695360654,1.63569048047455
80.15,1.6770484003844177,9.740576421339345,2.9355123444715137,0.9946932486906466,0.14708519740338194,1.6887788811978892,9.78084441931422,2.9334260303587874,0.9895434362958139,0.1615551814597218,0.030046201893255988,0.1631085379406111,0.15552290805886226,0.014075514123417268,nan,nan,nan,0.9964846175959889,3.010634889833406,7.0,-0.11385282267014202,1.9134171618254514,9.619397662556432,2.8327694488239896e-15,10.0,1.3475044018835223,1.665143170945269
80.2,1.6382504107238038,9.749537026136647,2.9413477592525425,0.9954687979899728,0.14502498362048605,1.6513418538225182,9.792286059450312,2.935528828679555,0.9911205270369884,0.14927511253585946,0.03037613986757621,0.16481467494347682,0.15683987104595976,0.013738086975613642,nan,nan,nan,0.9968719452221156,3.0125422351129854,7.0,-0.11451984809209917,1.9134171618254514,9.619397662556432,2.8327694488239896e-15,10.0,1.351214193204112,1.6593186622989284
80.25,1.5799016188649189,9.762522237524346,2.949957653880545,0.99631226724625,0.14267500833846805,1.593063153064592,9.804304232977417,2.9432847825604034,0.9929149515975227,0.11534469955653,0.03037236637582619,0.16736548099839071,0.15883881444680847,0.014038455874778286,nan,nan,nan,0.9967264664032799,3.016464867143791,7.0,-0.11843803859526052,1.9134171618254514,9.619397662556432,2.8327694488239896e-15,10.0,1.340765943462078,1.6641539688260987
80.30000000000001,1.5409144023026855,9.770880699075152,2.955646588659895,0.9967078728119724,0.14203369884846379,1.5981146450102488,9.783302898061674,2.954098275327553,0.9904521014940546,0.13695472202930564,0.029980263371845756,0.1602682056489693,0.1525902759224179,0.013701978860361726,2.007388004032048,9.561625757379636,0.8925938486867616,0.9971074794720579,3.019362585504067,7.0,-0.11885567579043144,1.9134171618254514,9.619397662556432,2.8327694488239896e-15,10.0,1.3334160108351742,1.6693736600209417
80.35000000000001,1.4823067036444246,9.78298330093959,2.964055757231466,0.9976140172911991,0.13734472256038605,1.5396553084173998,9.794277233685976,2.9609174470464046,0.9930129713042566,0.13225370732672784,0.02998071087101726,0.16285215574280054,0.1546333615686233,0.014003178647596908,nan,nan,nan,0.9986105758806895,3.006819162810098,7.0,-0.09924337282659215,1.9134171618254514,9.619397662556432,2.8327694488239896e-15,10.0,1.3869995794897356,1.6355984643139263
80.4,1.4431427877672445,9.790770362249939,2.969432567374611,0.9982388570258858,0.13262384757296164,1.4998797762379328,9.799434569936185,2.969517070843997,0.9943179637042644,0.13010798756964914,0.0297936319255029,0.1645631762815301,0.15595027591210636,0.013674642212015361,nan,nan,nan,0.9988556061968008,3.008763285793306,7.0,-0.09860198886836477,1.9134171618254514,9.619397662556432,2.8327694488239896e-15,10.0,1.3897160082714195,1.6274505586507413
80.45100000000001,1.3842773284635215,9.802037630228092,2.9771539803860003,0.9989664108865635,0.1256446912729004,1.4410450050012988,9.809522581665282,2.976518308795593,0.9959628014370308,0.13059345683560974,0.02979509813996771,0.16712051497668473,0.15794982676807573,0.01397653000254866,nan,nan,nan,0.9992340039190025,3.0086602411970467,7.0,-0.09590040696740428,1.9134171618254514,9.619397662556432,2.8327694488239896e-15,10.0,1.4015900033663486,1.6149331243697782
80.501,1.3252854379376608,9.812823501088955,2.9844407282305014,0.9994850689260177,0.11842660809407526,1.4009798786564511,9.813760311560978,2.9834233629149605,0.9968034775598675,0.0913153237357388,0.029577808651203814,0.1688106807894978,0.1592360642556819,0.01365129520979128,2.820116662002766,8.698793177308197,11.68672959107375,0.999433686591912,3.0101744187304718,7.0,-0.09431648591353788,1.9134171618254514,9.619397662556432,2.8327694488239896e-15,10.0,1.4084327618822297,1.604926326218378
80.551,1.2858964704684888,9.819755137531205,2.9890815050074333,0.9997571573668766,0.11468117637518649,1.4929954968342267,9.713577430834356,2.990604393771532,0.9878481470316304,0.11179110755256082,0.029552918322017976,0.16250849839103157,0.15375228633063467,0.013950097311317628,nan,nan,nan,0.9996617888244548,3.0094322168586243,7.0,-0.0906564706173277,1.9134171618254514,9.619397662556432,2.8327694488239896e-15,10.0,1.4039150388325574,1.608889341674958
80.60000000000001,1.2464582219246887,9.82648880125946,2.993491759518817,1.0003167849099497,0.10541539189744391,1.4530797965307372,9.716856623819481,2.9983328898676547,0.990295230862395,0.10811266476951986,0.029296574336765958,0.16422326530278805,0.1550703610536006,0.013625212660580935,nan,nan,nan,0.999256923039006,2.952051339250205,7.0,-0.010349932433079287,1.9134171618254514,9.619397662556432,2.8327694488239896e-15,10.0,1.5212401701566953,1.5157625900054514
80.652,1.1871905942261713,9.836243863360739,2.99911035700814,1.001234104911598,0.08542061075919061,1.3941910058255065,9.72522217328611,3.004115484621062,0.9931427480157523,0.07024412185257181,0.029295690824810164,0.16678637474970218,0.157072720678457,0.014012885986787228,nan,nan,nan,0.9987906051561841,2.9491467394772752,7.0,-0.0057789498187850175,1.9134171618254514,9.619397662556432,2.8327694488239896e-15,10.0,1.5306417651514375,1.4957157901155664
80.7,1.1476231567606723,9.842528334077222,3.002240322040725,1.00149865437306,0.07421787439541044,1.3548062315197547,9.730577205557825,3.0079337121597263,0.9943718243712389,0.08678479721358442,0.029294932870556276,0.16848168475968575,0.15836069434947356,0.013683363170299164,1.9917491513685244,9.595593356849864,1.520651299718006,0.9983692966283433,2.9469989937729872,7.0,-0.002495124456315126,1.9134171618254514,9.619397662556432,2.8327694488239896e-15,10.0,1.5218507915569552,1.4928574645730754
80.751,1.0882187251934596,9.851653393504504,3.0061737240751087,1.0015603475892454,0.059251529391096555,1.361420814037966,9.723411844097413,3.0114242348659843,0.991758701148344,0.04858692878211542,0.029292671450819364,0.16223875030771798,0.1530023379310326,0.013981692684395662,nan,nan,nan,0.9980384746463203,2.9452892079644157,7.0,-6.367298265649857e-05,1.9134171618254514,9.619397662556432,2.8327694488239896e-15,10.0,1.5339982564269725,1.4745619040706224
80.80000000000001,1.048589451504675,9.857554797635922,3.0083172780366376,1.0015711808558065,0.05039816858510708,1.3209060594360111,9.724296784445835,3.019114492087118,0.9931039781350265,0.04359576474787785,0.028878083771936076,0.16395833110617278,0.15432285039367064,0.013655988161939978,nan,nan,nan,0.9975324240096881,2.941159144237802,7.0,0.005673567033004423,1.9134171618254514,9.619397662556432,2.8327694488239896e-15,10.0,1.5325433808657356,1.4801009130496634
80.851,0.9891114887949951,9.866166842633568,3.0109151448411495,1.0014540943117092,0.03789025997006066,1.261724186127372,9.731504134556488,3.021675641746011,0.9945227433927972,0.01156494974786353,0.028876410964821173,0.16652726473730667,0.1563298235803363,0.013955772433048585,nan,nan,nan,0.9965333537923807,2.9358240244380323,7.0,0.012709667086936702,1.9134171618254514,9.619397662556432,2.8327694488239896e-15,10.0,1.544578899868482,1.4562203275405996
80.9,0.9296211912411273,9.87452899951972,3.0127844387420124,1.0009627416108389,0.026702479063029395,1.2215799495316737,9.733755500154476,3.025170536033311,0.9950105289012414,0.011338812586950898,0.028642546264791825,0.1682268063421659,0.15762047681091446,0.013706630926392564,nan,nan,nan,0.9959746221777664,2.9319195128631352,7.0,0.017186614908996145,1.9134171618254514,9.619397662556432,2.8327694488239896e-15,10.0,1.53759125501877,1.4545627897006992
80.95100000000001,0.8899659539456035,9.879985576584174,3.013669291500398,1.0004856555578918,0.019270357333705163,1.086805532960935,9.717640503040737,3.0276008048729235,1.0000542139394832,0.03847881487016367,0.02862974508818424,0.16188049533338153,0.15225269959181198,0.014001619949886315,0.45753853483768153,9.451594750805455,2.2892359067774297,0.9951849113332689,2.9269976495937935,7.0,0.022810260714229202,1.9134171618254514,9.619397662556432,2.8327694488239896e-15,10.0,1.5467376202539667,1.4376580631303053
81.0,0.8503311218957466,9.885361113405327,3.0141951717514806,0.9993036018196303,0.007971369887548773,1.0470473128251008,9.722040207132753,3.0286510426780637,0.9982616403946974,0.0034481131541779144,0.02861483837546849,0.16360100548122,0.1535773815710095,0.013746942627835695,nan,nan,nan,0.9901887301679599,2.8874055450191562,7.0,0.06490879700544641,1.9134171618254514,9.619397662556432,2.8327694488239896e-15,10.0,1.5936043442118564,1.3353437124203387
81.051,0.7909880903426456,9.893301427245902,3.0139638208685793,0.9968428808584715,-0.011608470276614938,0.9875782454935416,9.728761290209091,3.0283877042102336,0.9959283096793113,-0.043401938438700785,0.028612144305106054,0.1661701687397758,0.15559141648785915,0.01404767347260739,nan,nan,nan,0.9892817242592177,2.8821076868978044,7.0,0.06835007596295524,1.9134171618254514,9.619397662556432,2.8327694488239896e-15,10.0,1.5887018833920628,1.3379560916360547
81.101,0.731768809773466,9.901137030015882,3.0127225443263286,0.9947025258609576,-0.026615600045797477,0.9486755813671188,9.736191977895459,3.025019275465956,0.9945150730974383,-0.02678965673221481,0.028890661439812317,0.16787022464961618,0.15688657184133123,0.013714017119873466,nan,nan,nan,0.9880368104198725,2.8735515394841005,7.0,0.07335997610902883,1.9134171618254514,9.619397662556432,2.8327694488239896e-15,10.0,1.5815265467016395,1.3418340077350515
81.15100000000001,0.6923236335231089,9.906320784693166,3.012145851577442,0.9947309788532751,-0.0023928729816158007,0.8816437573033586,9.726325999389097,3.0230783820464957,0.9947357414789306,-0.018982697606189532,0.028878771744359228,0.16143173052308252,0.1515095174880074,0.014011555791446756,0.8273612827106062,9.552686503465294,0.15314490713035178,0.9955331742437776,3.1195724895315067,8.0,0.4438164495901724,2.8327694488239896e-15,10.0,-1.913417161825446,9.619397662556434,1.2456222224508762,1.7417535266348059
81.2,0.6331257823292061,9.9140411873007,3.0134787643381906,0.9951111268270261,0.03836070598850015,0.8409599219459029,9.725573762063211,3.030202863021147,0.9949877094818824,0.0361522100403749,0.028347596537839425,0.163151264648731,0.15283968472951873,0.013682309215528767,nan,nan,nan,0.9951905529357272,3.121193693251068,8.0,0.44041559594405927,2.8327694488239896e-15,10.0,-1.913417161825446,9.619397662556434,1.2412243445674378,1.7427775259796585
81.25,0.5936447626457726,9.919152475072453,3.01551904772563,0.9953340048641988,0.0577913743936395,0.7816191050683596,9.732174281167842,3.0322956148933233,0.9953694752748509,0.050759988596802544,0.028345202681573742,0.16572038401964231,0.15486204937532302,0.013984486242288688,nan,nan,nan,0.9955451243796487,3.124629418694511,8.0,0.4332163566999204,2.8327694488239896e-15,10.0,-1.913417161825446,9.619397662556434,1.2693902924239402,1.7167135466820183
81.30000000000001,0.5344010791454197,9.926740810360329,3.019823388545311,0.9954689962593081,0.08104968555272275,0.7420010547184955,9.736305338145359,3.03585696037249,0.9954435114882361,0.09271113875077842,0.028331667529137534,0.1674218408721776,0.1561622411359512,0.01380074540738269,nan,nan,nan,0.9949068090414569,3.133266108331239,8.0,0.4151658456457389,2.8327694488239896e-15,10.0,-1.913417161825446,9.619397662556434,1.261781262711787,1.7180598123527568
81.351,0.49489484422521446,9.931724841884439,3.023365153551805,0.9954445003470663,0.09264464483856265,0.5725349624495122,9.740745609971096,3.041897455233375,1.002918564075138,0.0874403353802066,0.0283197201116718,0.16105551369215185,0.15088997185712344,0.01403605125579434,-0.36998925088820056,9.683899809302813,4.141054590126637,0.994693732235508,3.138919729230713,8.0,0.40338506756927694,2.8327694488239896e-15,10.0,-1.913417161825446,9.619397662556434,1.2365850751884109,1.7039531891241757
81.40100000000001,0.4356424425810216,9.939042779744158,3.0294978757361064,0.9944964847617255,0.10910203661049778,0.5334850982451835,9.749155397433551,3.040353726777483,1.001162816777607,0.10611450736615918,0.028756334847716742,0.16277751194020648,0.15222444108888555,0.013777644468330037,nan,nan,nan,0.9933876090536023,-3.1262253375538505,8.0,0.36596891981003343,2.8327694488239896e-15,10.0,-1.913417161825446,9.619397662556434,1.2365850751884109,1.7079766630984983
81.45,0.3961653359362995,9.94378897538562,3.034120237472503,0.9936629845338896,0.11931826102798852,0.4737583192949146,9.755101613672805,3.0466854348619483,0.9988283777723721,0.11031582517044343,0.028754769944901837,0.16534946979846632,0.154253440772364,0.014077803495664565,nan,nan,nan,0.9922855534482615,-3.1185384929983195,8.0,0.3501024734732297,2.8327694488239896e-15,10.0,-1.913417161825446,9.619397662556434,1.2276066749419097,1.7129935751715415
81.5,0.35670354046633096,9.948409987238641,3.0391215728822907,0.9929661155492205,0.12833416183851715,0.4347405091473941,9.762972028046871,3.04662109156721,0.9975986346596425,0.12127301174470995,0.029135159653139543,0.16705291254204235,0.15555767557691494,0.013894352096747336,nan,nan,nan,0.9920151005511455,-3.110043962447289,8.0,0.33261839557328077,2.8327694488239896e-15,10.0,-1.913417161825446,9.619397662556434,1.2276644497368896,1.7174433222214935
81.551,0.29752529802848826,9.955071152807712,3.047247468933285,0.9920304357708213,0.14039104923303497,0.3751705563537815,9.768454072639358,3.056217848911408,0.9959219023647784,0.15802885186510435,0.029140699173452654,0.16959289892454046,0.15754592301339632,0.014135309424669756,-0.6781709519625922,10.420054098427586,5.509579245842822,0.9910369414027143,-3.1025755586619885,8.0,0.31728721185847875,2.8327694488239896e-15,10.0,-1.913417161825446,9.619397662556434,1.2178646187956503,1.7228121802510459
81.602,0.23835563672814558,9.961362201961666,3.0559852596483648,0.9913204551721609,0.14862071773475044,0.2039985472261267,9.831385749278342,3.0695087296233856,1.001563953346837,0.1364976634784699,0.028792319074703334,0.16318049088945877,0.15227480154693626,0.01388782954558595,nan,nan,nan,0.9862115262743846,-3.0501273366255344,8.0,0.21054104755438557,2.8327694488239896e-15,10.0,-1.913417161825446,9.619397662556434,1.151608623419976,1.735201682733
81.65,0.19892952189219867,9.965322191691817,3.06214080205365,0.9897595282398012,0.15763568782798829,0.16406749963855236,9.834208862241075,3.0766306608934286,0.9985228409481463,0.187363295915544,0.02879987499832129,0.16489446987956025,0.1536284908056865,0.014087453876439792,nan,nan,nan,0.9862115262743846,-3.0501273366255344,8.0,0.21054104755438557,2.8327694488239896e-15,10.0,-1.913417161825446,9.619397662556434,1.151608623419976,1.735201682733
81.705,0.15954932356267273,9.9690783242362,3.068646158679519,0.9882887712709527,0.16502745920025313,0.12444181232223336,9.838061753795559,3.0818728234725707,0.9962064042864504,0.16628298141527437,0.028920953800270776,0.16660009580343396,0.15493531601583782,0.013749009989467808,nan,nan,nan,0.9865314258964877,-3.0422444706300906,8.0,0.1946134888721232,2.8327694488239896e-15,10.0,-1.913417161825446,9.619397662556434,1.1786885584830984,1.7217284487188642
81.75,0.10052926374175196,9.974305181119483,3.078844127645186,0.9866824287869222,0.17354218720566175,0.0648238273251607,9.84141658694699,3.091741835164896,0.9934106307676128,0.1522621265039585,0.028918722137329232,0.1691439912873638,0.15692755244989795,0.014049818789766633,nan,nan,nan,0.9864558020521891,-3.0365406227916574,8.0,0.18310404144984455,2.8327694488239896e-15,10.0,-1.913417161825446,9.619397662556434,1.1724943421632137,1.7337835397770696
81.80000000000001,0.06120073537487661,9.97750067347272,3.0859182875209137,0.9859901414622044,0.1787516388206593,0.08613837921710321,9.911448863346717,3.0999256238526094,0.9883596493281677,0.2055064810152687,0.028904000079723095,0.16179582523415423,0.15094497444065838,0.01371225729211547,0.652870405714537,10.620401142266372,3.5369100489969534,0.9869689198805792,-3.029829856326484,8.0,0.16818277858568126,2.8327694488239896e-15,10.0,-1.913417161825446,9.619397662556434,1.1776948206100861,1.740725966471538
81.85000000000001,0.002214426874712689,9.981832277474682,3.096896412526241,0.9849867498861539,0.18628513590617304,0.026902401376905534,9.913697826038046,3.11061810809999,0.9870197086823937,0.1710411933775572,0.02889882164152647,0.16437281916692179,0.15298378421888784,0.014013845121320312,nan,nan,nan,0.9827081990196332,-2.997023991495008,8.0,0.1036544155319266,2.8327694488239896e-15,10.0,-1.913417161825446,9.619397662556434,1.1525809479887017,1.746882838672395
81.90100000000001,-0.05674754005233581,9.985578486248375,3.10835521574912,0.9840336862045564,0.19422482959816073,-0.0317773314337604,9.919076762226206,3.118053829092821,0.9860994677902208,0.18744788686600156,0.029247220023076153,0.16693534273177302,0.15496174303509244,0.013785521065189835,nan,nan,nan,0.9832375223315578,-2.9855413984124115,8.0,0.0775430753778236,2.8327694488239896e-15,10.0,-1.913417161825446,9.619397662556434,1.1588911424207509,1.7503597299353593
81.95,-0.09605027963254568,9.987735490217254,3.116223279330309,0.9835287378679058,0.19796769770874684,-0.07120656170020681,9.919919690175316,3.1261094792259305,0.9855556122778149,0.18497360699754523,0.02924766972715683,0.16863466466555194,0.15629052785765526,0.013986627753764594,nan,nan,nan,0.9832375223315578,-2.9855413984124115,8.0,0.0775430753778236,2.8327694488239896e-15,10.0,-1.913417161825446,9.619397662556434,1.1588911424207509,1.7503597299353593
82.0,-0.1353516318901123,9.989610673571606,3.1242138802966593,0.9832229261448513,0.20069706966129508,-0.11044214282973155,9.921924568804991,3.132972160428409,0.985361585251362,0.20461780756828135,0.029384646159614298,0.17032490766895725,0.15757100542742974,0.013660509694381156,0.21071139698479857,9.998412896972786,0.3913827467045263,0.9843428845806375,-2.9798858484613713,8.0,0.0646498780744249,2.8327694488239896e-15,10.0,-1.913417161825446,9.619397662556434,1.1684320949258264,1.7520231478046449
82.05000000000001,-0.19431721682112715,9.99187862542903,3.1363458900031262,0.9830735531411603,0.20280513628415497,-0.13620134026009906,9.928385806787961,-3.1376106262118695,0.9832430349403334,0.19961431736173563,0.029390653304193635,0.16380614304356725,0.1523254070301496,0.014097759600885962,nan,nan,nan,0.9847500286277894,-2.975348112824924,8.0,0.05502904046839563,2.8327694488239896e-15,10.0,-1.913417161825446,9.619397662556434,1.181668937679464,1.7425697934035989
82.10000000000001,-0.2533111701993831,9.99347507704679,-3.1346551337214428,0.9833920416395163,0.20303480825948203,-0.17577478725438167,9.925955174323684,-3.1265226629580565,0.9838208674411449,0.20263268820230504,0.029189927895644823,0.16552125887281874,0.15363981641766777,0.013862469454797636,nan,nan,nan,0.9858947175649103,-2.9694525603142665,8.0,0.04366658323994894,2.8327694488239896e-15,10.0,-1.913417161825446,9.619397662556434,1.1975172642861827,1.742300008089603
82.15100000000001,-0.29266865474581943,9.994158536315332,-3.1265610035777986,0.9838722603961176,0.20180037504922194,-0.23481057644481443,9.924824169318454,-3.113919434339635,0.9847992876923944,0.19779120866387245,0.029191978507360793,0.16808126181969488,0.15564306506569092,0.014104988784960576,nan,nan,nan,0.9872981420853921,-2.9669680397109235,8.0,0.03833011526557916,2.8327694488239896e-15,10.0,-1.913417161825446,9.619397662556434,1.2164260359968408,1.7329837551763956
82.20100000000001,-0.35175218019437415,9.99460449793894,-3.1145385968771833,0.9847020389916701,0.19920289709191524,-0.27942176444946587,9.96510648435101,-3.103158566720735,0.9859145502728724,0.1920098455702666,0.02896275401626248,0.1609067901550667,0.14983959002182604,0.013758056009787892,-0.29432969776140067,10.41768757342109,0.902246704478401,0.9884232067552998,-2.961609227960506,8.0,0.0279220772031342,2.8327694488239896e-15,10.0,-1.913417161825446,9.619397662556434,1.1865045525909756,1.7271496329164393
82.25,-0.39115757876861457,9.9945115047545,-3.106548078664975,0.9846720247529749,0.20035485466106065,-0.33853556735236756,9.962587280101644,-3.0914514803154143,0.986196588371185,0.16977740860239673,0.028961071826931653,0.1635009865427054,0.151890303146051,0.014143695817102236,nan,nan,nan,0.9855739532203619,-2.9330946612557334,8.0,-0.020289435474711952,2.8327694488239896e-15,10.0,-1.913417161825446,9.619397662556434,1.1865045525909756,1.7430883925297669
82.301,-0.4502568575760171,9.993785339345205,-3.0944515350196835,0.9846742208801451,0.2023772717892895,-0.3780344895502296,9.95922262463863,-3.08237473548576,0.9863179566457431,0.18565680682694818,0.02884030524720648,0.16522233083994542,0.1532086853548904,0.013798433103339586,nan,nan,nan,0.9865136044573936,-2.9270323886745184,8.0,-0.029351167872530164,2.8327694488239896e-15,10.0,-1.913417161825446,9.619397662556434,1.189396043781843,1.7468313918226128
82.351,-0.48965503926134224,9.992908436658862,-3.086356507075537,0.98485846967259,0.2021229721024042,-0.4370985145607426,9.955466150038637,-3.0696100071464523,0.9866528655099495,0.19891116149892576,0.02884527692927523,0.1677895497016587,0.15521858010174283,0.01409828313998143,nan,nan,nan,0.9874493874784678,-2.9237749011797547,8.0,-0.033757020771647744,2.8327694488239896e-15,10.0,-1.913417161825446,9.619397662556434,1.2080416895272106,1.7353157469836682
82.4,-0.5487565497180367,9.991001495567268,-3.0743002576036935,0.9853386693862909,0.19970168108320724,-0.47594622206097364,9.960774774098976,-3.0705941706795405,0.9870871116479691,0.21023175613635559,0.02959093747358797,0.16948949728203702,0.15650840818984382,0.013755707074047007,-0.3557248783563191,10.027743526677662,nan,0.9884940271963827,-2.9177672903424985,8.0,-0.04159554543663632,2.8327694488239896e-15,10.0,-1.913417161825446,9.619397662556434,1.227176201802082,1.7235754230148028
82.46000000000001,-0.5881539767747201,9.989334696311094,-3.066331777602331,0.985381828691097,0.19903874917423248,-0.520515237064443,9.962282689246038,-3.058131638002859,0.9863287716885084,0.1981082090703139,0.029595265967583856,0.1629610446208543,0.15130431318242096,0.014140959501561691,nan,nan,0.08728248170416311,0.9868797757129973,-2.908427496307206,8.0,-0.0543809775400195,2.8327694488239896e-15,10.0,-1.913417161825446,9.619397662556434,1.2091446976407214,1.7274593158486402
82.5,-0.6275361588221171,9.98735269550013,-3.0583771949234375,0.9854071451702142,0.1986853668520053,-0.559924514346816,9.956859594447424,-3.047785247338327,0.9866367813593534,0.19071774037463318,0.029401247593259763,0.16468114592414104,0.15262965899854677,0.013936071036259655,nan,nan,nan,0.9875587486435452,-2.900225749933464,8.0,-0.06455490200932376,2.8327694488239896e-15,10.0,-1.913417161825446,9.619397662556434,1.2145532538039459,1.7297843507558794
82.552,-0.6865898645704352,9.983789033987476,-3.0464896453351424,0.985798244960692,0.1974209881798833,-0.6188500611198975,9.95107547454119,-3.037198653366563,0.9872366145500212,0.14831066196817472,0.029395946057003,0.1672468541454429,0.15464991499820244,0.014257331784385428,nan,nan,nan,0.9886906097534236,-2.8972477316070497,8.0,-0.06692437905205306,2.8327694488239896e-15,10.0,-1.913417161825446,9.619397662556434,1.226739518048383,1.725777872942508
82.601,-0.7456267339648524,9.979516653611896,-3.0346654091179968,0.9863359138876643,0.19711800314679018,-0.6580436319829146,9.949459091631542,-3.0327896719674,0.9877196446613286,0.18890090899457948,0.029634597292983362,0.16894617449990854,0.15594705798024328,0.013897909521729666,nan,nan,nan,0.9892999570792956,-2.8907802161706906,8.0,-0.07274720328286782,2.8327694488239896e-15,10.0,-1.913417161825446,9.619397662556434,1.2175311161803803,1.738137898193458
82.65,-0.7849704987693173,9.976275854733354,-3.0268023085958786,0.986598032647111,0.19606484055522028,-0.678720659869098,9.958119720822475,-3.0207503583143334,0.9855346287913155,0.21169328501080503,0.029648017859115746,0.16235067656179017,0.15071203185917045,0.014191497021762664,-0.32993388513354843,10.119000010580809,0.5941219018755909,0.9890241067631321,-2.8844924664336973,8.0,-0.07880816507821828,2.8327694488239896e-15,10.0,-1.913417161825446,9.619397662556434,1.2291597069189688,1.7229305963244137
82.703,-0.8439569216424336,9.970829999390881,-3.0151255738918037,0.9871235791322782,0.19329222137837634,-0.7373716132731892,9.954890596440297,-3.014771497921184,0.9867200888082827,0.16985726166384468,0.03002584156249718,0.16492473773789026,0.1527252496371998,0.014078758594489453,nan,nan,nan,0.9892285940497347,-2.873843592747306,8.0,-0.09133627073636791,2.8327694488239896e-15,10.0,-1.913417161825446,9.619397662556434,1.2171832853188365,1.734781259600005
82.75,-0.8832579559850572,9.966810361184757,-3.0073924266091523,0.9872964307649614,0.19358755800676422,-0.7765171953812545,9.9498184586395,-3.0065064133365254,0.9871728896488837,0.20076072499849196,0.030032466135704133,0.1666316391868891,0.15407773487744117,0.014220167264587132,nan,nan,nan,0.9884561813663918,-2.866145785738794,8.0,-0.09817272156192032,2.8327694488239896e-15,10.0,-1.913417161825446,9.619397662556434,1.2171832853188365,1.734781259600005
82.801,-0.9421585951024508,9.960202246214049,-2.995787295626135,0.987549811581456,0.19267932033106358,-0.815631759032021,9.940635078195443,-2.99387147591913,0.9876371022188907,0.19768672249077351,0.029695534581659203,0.16832937132298478,0.15538363068709588,0.014017338223405125,nan,nan,nan,0.9891040602034797,-2.8587513159046685,8.0,-0.10227367258366615,2.8327694488239896e-15,10.0,-1.913417161825446,9.619397662556434,1.2360482195980034,1.7187049318947805
82.85000000000001,-0.9813948699114355,9.955413310237796,-2.9881353116957006,0.9879483483973646,0.1902841507614656,-0.8742287501691306,9.931707749413135,-2.982836876551753,0.9885061911746814,0.18799643529119583,0.029696289275893885,0.17085726329596312,0.15737946160828054,0.014254876789848318,-0.44196814383446736,10.011535555957877,0.692560111552108,0.9906364237386115,-2.8569172819780584,8.0,-0.10089762103794066,2.8327694488239896e-15,10.0,-1.913417161825446,9.619397662556434,1.2564970472109573,1.7092102510415526
82.9,-1.0206094368263894,9.950318238680158,-2.9805811208115216,0.9883641105266137,0.1879652372184538,-0.8679529380222997,9.93114368914013,-2.974482539323722,0.9861894622100533,0.1606265331899351,0.029574350232424673,0.16339192709737393,0.15146194808968444,0.013965631747647839,nan,nan,nan,0.9911433628022465,-2.849647226058791,8.0,-0.10357353424504787,2.8327694488239896e-15,10.0,-1.913417161825446,9.619397662556434,1.259048563076883,1.7082203663228122
82.95,-1.0793917241716113,9.942105492930196,-2.9694132966125686,0.9892900235380127,0.18472632085267898,-0.9262939768486189,9.921076752141591,-2.964345956351934,0.9879527967744319,0.14010371686574694,0.02957295152265205,0.16594984492209686,0.15350898208453073,0.014261547826551415,nan,nan,nan,0.9924836952722553,-2.8517980704440773,8.0,-0.10179596201938632,2.8327694488239896e-15,10.0,-1.913417161825446,9.619397662556434,1.2728302086241947,1.7123823887111813
83.0,-1.1381384692928216,9.933211776527974,-2.958415488676983,0.9902828214715074,0.18239885109317885,-0.9650982231298292,9.91147018178185,-2.953655192045965,0.9890399819682699,0.1872595696118486,0.02934739684613742,0.16764461676049103,0.15482525583535064,0.013901364884616409,nan,nan,nan,0.992885886840268,-2.8449929982852953,8.0,-0.10330423044385431,2.8327694488239896e-15,10.0,-1.913417161825446,9.619397662556434,1.2686995557604468,1.714675456467765
83.05000000000001,-1.1771880222664048,9.926913302306488,-2.9508049696199867,0.9867298422769022,0.19740455842716675,-1.0233273224581432,9.900167634945076,-2.9432512932778403,0.9850375504693794,0.16701711703482175,0.029342562719596114,0.17016819846303521,0.15683662798789347,0.01419850237291073,-0.6624869664889638,9.909406225293939,0.4670685789421909,0.9663770933753257,-2.6936050772257025,9.0,0.28400834942344083,-1.913417161825446,9.619397662556434,-3.5355339059327355,8.53553390593274,0.9693635271069443,1.7997062158782522
83.10000000000001,-1.21601418928777,9.920347739924937,-2.9424759104349625,0.9825670697827423,0.2142909098973252,-1.0246355802490232,9.898697536646292,-2.942507737620292,0.9789623470973152,0.18210809091224364,0.02986880275111021,0.16280577893533466,0.15100077745194038,0.01383971638139271,nan,nan,nan,0.9661548076692972,-2.682338087133392,9.0,0.26105571937749156,-1.913417161825446,9.619397662556434,-3.5355339059327355,8.53553390593274,0.964629342138085,1.8137552669435721
83.15,-1.2738927514423857,9.909976566092357,-2.9289069952117166,0.9777683429911651,0.23331744195643483,-1.082081779600631,9.88686428188993,-2.929218579750792,0.9751698511858095,0.23760751209465994,0.02987640549231633,0.16536187846455086,0.15306174754632074,0.014222396839551028,nan,nan,nan,0.966408986035417,-2.6825816854278015,9.0,0.26155123235429883,-1.913417161825446,9.619397662556434,-3.5355339059327355,8.53553390593274,0.9819450062882853,1.8160366901359615
83.20100000000001,-1.3314141959115908,9.898933801682443,-2.9144984187726966,0.974486174439971,0.24369202082040825,-1.1198345361405602,9.873679485628106,-2.9151454146190985,0.9735752804982105,0.22614715599950044,0.029424423010354514,0.16705564894914327,0.15438814768772485,0.013866984274697255,nan,nan,nan,0.9670285153564617,-2.6717140894716427,9.0,0.23947482573898596,-1.913417161825446,9.619397662556434,-3.5355339059327355,8.53553390593274,1.0156992079673972,1.798126669129117
83.346,-1.3505197995472833,9.895095368602096,-2.909590787330963,0.973718846998562,0.2458263321766653,-1.1388085667628667,9.869304310955897,-2.9111333232103873,0.9728551877479616,0.20411483977934297,0.02942035129598337,0.1678991043592002,0.1550655756715569,0.013966584146305677,-1.0358353194829086,10.746578491515132,2.9803618675802275,0.9693145934975765,-2.6667761902284703,9.0,0.22946327542707162,-1.913417161825446,9.619397662556434,-3.5355339059327355,8.53553390593274,1.036102091155577,1.8002920395278608
83.357,-1.3695965903829348,9.891174658275808,-2.904647925491,0.9731264073188853,0.24754614871128325,-1.157752283714759,9.864869235207335,-2.9056481066646427,0.972473950297262,0.265401910703588,0.02943117875501656,0.16874019845726626,0.15574102672566895,0.0140658262912824,nan,nan,nan,0.9704737319523551,-2.656664354722589,9.0,0.20899644015126828,-1.913417161825446,9.619397662556434,-3.5355339059327355,8.53553390593274,1.0642906462583812,1.785529912746774
83.403,-1.5211569801029765,9.856728751238252,-2.864192751484942,0.9687500270230981,0.2599980379942941,-1.2908909710345806,9.906850296147638,-2.867434180257509,0.9676870905921537,0.2707568644001735,0.02954912841465287,0.16639909180923104,0.15394973487526134,0.013903619565724076,nan,nan,nan,0.9657882943335981,-2.6130481982224625,9.0,0.12115621149330053,-1.913417161825446,9.619397662556434,-3.5355339059327355,8.53553390593274,1.004989840247849,1.819514135077769
83.45,-1.5587287965520449,9.847236833894646,-2.8537404224715917,0.9678900762342346,0.26165744120176027,-1.3466864741493016,9.89083320105167,-2.85117353831237,0.9671756164230971,0.2619121029510518,0.029550903211593687,0.16891904186513043,0.15599700043118875,0.014335948918120575,nan,nan,nan,0.9659990187838635,-2.605917735934603,9.0,0.10684889107106149,-1.913417161825446,9.619397662556434,-3.5355339059327355,8.53553390593274,1.0297516151911505,1.7976954566397305
83.501,-1.6148625530307992,9.832311900696565,-2.8380162096319212,0.9672412720595602,0.26211989972897515,-1.3839532913903276,9.881459603306647,-2.8422507754169297,0.9673253372939126,0.26023097625113023,0.029713089960091053,0.17058556463044308,0.15731490485404143,0.014070358417725066,-1.1159008549376495,9.95595050176811,0.27745608057051524,0.9678962429584853,-2.597098674690331,9.0,0.08916829825382769,-1.913417161825446,9.619397662556434,-3.5355339059327355,8.53553390593274,1.0456247897707804,1.7983196982760554
83.551,-1.6521449877979368,9.821893633540952,-2.8275324542871796,0.9670624338263455,0.2620136497458862,-1.4111784306769604,9.871103281746688,-2.8263547800284963,0.9659055717723096,0.24728260817671152,0.029715328403036673,0.16399168130335925,0.15216417848233627,0.014305922710796622,nan,nan,nan,0.9685162582214492,-2.5906544824928206,9.0,0.07625782559826655,-1.913417161825446,9.619397662556434,-3.5355339059327355,8.53553390593274,1.050916022686725,1.797520120458148
83.60000000000001,-1.7078722856068105,9.805551495470581,-2.8118513291191825,0.9675702135863007,0.26049369033164227,-1.4476749972075207,9.857579413784736,-2.8140848015559716,0.967044028092555,0.2399921180211461,0.029580894263997758,0.165677435575401,0.15352190479921496,0.013937139144908317,nan,nan,nan,0.9715862659236898,-2.5874015639694266,9.0,0.06974331529314043,-1.913417161825446,9.619397662556434,-3.5355339059327355,8.53553390593274,1.0790691014874487,1.7981026631232888
83.653,-1.744910783039835,9.794170625192208,-2.8014773786710307,0.9683096078298439,0.25859670623906805,-1.5025455027250023,9.838616238586141,-2.7985297433757026,0.9687786360575946,0.238794713838077,0.029584122081180844,0.16818857713778404,0.1555948515873537,0.0143176245834801,nan,nan,nan,0.9752400228539329,-2.5755372176045133,9.0,0.04599447896664699,-1.913417161825446,9.619397662556434,-3.5355339059327355,8.53553390593274,1.1100463963517386,1.7879882025948453
83.7,-1.7818591489655198,9.782398928447597,-2.7911825849262604,0.9691162326652515,0.25638269612118764,-1.5393685259539294,9.827562696561476,-2.7897704711444202,0.9700927219056598,0.265725467875559,0.029781178181896975,0.16984817545257638,0.15693148660757075,0.013950138603110005,-0.9925500506540997,10.688007490395474,3.761906034632867,0.9752400228539329,-2.5755372176045133,9.0,0.04599447896664699,-1.913417161825446,9.619397662556434,-3.5355339059327355,8.53553390593274,1.1100463963517386,1.7879882025948453
83.75,-1.8371099585035262,9.764009682857878,-2.775949416072247,0.9703651734234604,0.2517022737808085,-1.5356104520657725,9.885398276409068,-2.7738944166254984,0.9668994264585203,0.24119139464835845,0.029812523548008098,0.163354730822585,0.15185590285602574,0.014242193073641897,nan,nan,nan,0.9759270124507203,-2.569905980154792,9.0,0.03472738767268441,-1.913417161825446,9.619397662556434,-3.5355339059327355,8.53553390593274,1.1263998892790257,1.7734129879474634
83.80000000000001,-1.8738197258243112,9.751266662320608,-2.765935042130578,0.9710548254860857,0.2499736898499702,-1.5718483450714793,9.872284484867247,-2.7644935073534023,0.9684249234992036,0.23780703457145463,0.029899975136593412,0.16503265872873982,0.15323252708719443,0.01388122786824506,nan,nan,nan,0.9743488800021745,-2.546907457988202,9.0,-0.01127326549473845,-1.913417161825446,9.619397662556434,-3.5355339059327355,8.53553390593274,1.1046446794593554,1.7926524396525578
83.85000000000001,-1.9286805740026707,9.731435761551609,-2.7509676513367145,0.972014806981567,0.24881232415273707,-1.6258040625614338,9.850610106060781,-2.749836718882009,0.970473875489739,0.23508318567412373,0.029902508820446108,0.16753193634161254,0.155332736496795,0.014397165906250741,nan,nan,nan,0.9754149304825626,-2.5422932696068634,9.0,-0.020502240986963904,-1.913417161825446,9.619397662556434,-3.5355339059327355,8.53553390593274,1.1125681689858762,1.788923254568329
83.903,-1.98329161212376,9.710752804731863,-2.736117308569712,0.9731196206051484,0.2462358319749566,-1.6810346318025358,9.834906987312905,-2.742641723106163,0.9725396085160332,0.22967265484803248,0.030520922753432912,0.1700049663557219,0.15738040210354776,0.014070621926183271,nan,nan,nan,0.9772911449422388,-2.5363170333735763,9.0,-0.03245684418248679,-1.913417161825446,9.619397662556434,-3.5355339059327355,8.53553390593274,1.1184950968608307,1.7815050938141739
83.95400000000001,-2.019552134095709,9.696495925028769,-2.7262972757707016,0.97358090185232,0.24504234927481466,-1.711217810535483,9.772224447834297,-2.7326243781165536,0.9742013087232277,0.2185559589812693,0.030498806889168478,0.16262898525910027,0.15154953819412262,0.014263290470865239,-1.6147026981194454,9.306818712652493,1.0313802188971555,0.9763407063225941,-2.5293868665023944,9.0,-0.04632260960705489,-1.913417161825446,9.619397662556434,-3.5355339059327355,8.53553390593274,1.1184950968608307,1.7804588521044207
84.0,-2.0556882534455854,9.6818708507473,-2.716540186569209,0.9743823699889103,0.24240161119428033,-1.7479693312979403,9.76093748675347,-2.7286035538778584,0.9759358471379348,0.21665848305332341,0.03091793703251669,0.16429669788142442,0.15294432324153012,0.013902435999362401,nan,nan,nan,0.982483068593171,-2.5451767207411504,9.0,-0.014734887191852328,-1.913417161825446,9.619397662556434,-3.5355339059327355,8.53553390593274,1.176795559926568,1.764293764867762
84.052,-2.1096988503288983,9.659229433190186,-2.702209796136195,0.9761302715157457,0.2365759129596444,-1.801520434576272,9.737144752350936,-2.7134371869964053,0.9779581810571368,0.23676172532619247,0.03092596333195988,0.16678170736244627,0.15506949129688638,0.014198863181737098,nan,nan,nan,0.9822033298027977,-2.5396606573929463,9.0,-0.02576817299172593,-1.913417161825446,9.619397662556434,-3.5355339059327355,8.53553390593274,1.1702395137583903,1.7637414167704677
84.101,-2.1634572760430717,9.635760721527399,-2.688226637854985,0.9777098750622837,0.2300100412189671,-1.8360402501778221,9.716795854222864,-2.6989153764061564,0.979268030787637,0.24232891647139757,0.03055445277714797,0.1684211427949115,0.15644393321553865,0.013846002383795752,nan,nan,nan,0.9863580536991705,-2.5335486521223065,9.0,-0.03799532782944835,-1.913417161825446,9.619397662556434,-3.5355339059327355,8.53553390593274,1.2276918680378328,1.7299289077122646
84.15,-2.199158712901775,9.61966209955296,-2.6791722078112743,0.9789891932832276,0.22398880957653056,-1.8707512605751602,9.69478667595966,-2.6854559233697395,0.9802022077011467,0.2113171815378107,0.03055275329090927,0.16181662823846862,0.15124051014142983,0.014139808955842149,-1.6959472408923524,9.731915699141538,0.11397393172163382,0.9863580536991705,-2.5335486521223065,9.0,-0.03799532782944835,-1.913417161825446,9.619397662556434,-3.5355339059327355,8.53553390593274,1.2276918680378328,1.7299289077122646
84.2,-2.2347541637982795,9.603204817833388,-2.670350648636607,0.9803795046149701,0.21836581579237196,-1.9057362720677151,9.676743293483593,-2.675598766367477,0.9819547948420935,0.23426209454482586,0.030490229375329272,0.16346873750103846,0.1526554459718862,0.013794244632304754,nan,nan,nan,0.988409683907962,-2.5330566137366852,9.0,-0.03897976904663948,-1.913417161825446,9.619397662556434,-3.5355339059327355,8.53553390593274,1.241696971138902,1.729841154807816
84.25,-2.2879525990798673,9.577856909683572,-2.6575249902467397,0.9824723049898434,0.2100150156232959,-1.9582896361056863,9.65000460421496,-2.661629334447732,0.984316431634258,0.21381237402467032,0.030492440500832725,0.16592998371346823,0.15481076310812994,0.014093004810246671,nan,nan,nan,0.9899732632010192,-2.5292833645936916,9.0,-0.04582383183507924,-1.913417161825446,9.619397662556434,-3.5355339059327355,8.53553390593274,1.2634878151034021,1.7132138032284172
84.301,-2.3409099822901838,9.551739764052876,-2.6452239977620073,0.9843989962248274,0.201481725105168,-1.992473459950446,9.62941580456961,-2.6501725281388833,0.9857586973095005,0.19810519026631435,0.030271506067207455,0.16755286146277168,0.15620681626600197,0.013753229189259338,nan,nan,nan,0.990877872908482,-2.5264551520398153,9.0,-0.05037855290662034,-1.913417161825446,9.619397662556434,-3.5355339059327355,8.53553390593274,1.2725276927540727,1.7070003407580872
84.352,-2.3760774474810282,9.533915281417395,-2.637296569684912,0.9856486841892169,0.1961170770223912,-2.0445410945187508,9.60126456735092,-2.637732876916992,0.9878867638116098,0.18985838948964498,0.030274693735010547,0.16996670456262317,0.1583367163524268,0.014135213258935188,-2.473957514169173,9.69447030414674,0.6939044924737363,0.992165619253338,-2.5249157378326927,9.0,-0.05225110662666123,-1.913417161825446,9.619397662556434,-3.5355339059327355,8.53553390593274,1.2842468316374862,1.7015330503430064
84.4,-2.4111337129089008,9.515769996770922,-2.6295745249390334,0.9868148724450299,0.19101981594396872,-2.1227435097535845,9.587184525978401,-2.6279230487455125,0.9914498027371831,0.17719579950930284,0.03009609709014519,0.16254714012241145,0.15237348056801697,0.013783993602293236,nan,nan,nan,0.9931963691942569,-2.5210164707671265,9.0,-0.05777143620049242,-1.913417161825446,9.619397662556434,-3.5355339059327355,8.53553390593274,1.294807239576841,1.693069746434722
84.45,-2.4634962230899737,9.487974409299744,-2.618322486852437,0.9879790926062867,0.18584400800001324,-2.1744529673978485,9.557741771964695,-2.616017185791951,0.9920637023714721,0.18406768993543246,0.0301008236675408,0.16498336933595598,0.15455880668817673,0.014167624538605112,nan,nan,nan,0.9920443290339814,-2.5016991034244893,9.0,-0.08951124371399202,-1.913417161825446,9.619397662556434,-3.5355339059327355,8.53553390593274,1.2655600422643043,1.7024752386199316
84.50200000000001,-2.5155620883298617,9.459525749228794,-2.60731073937642,0.9887869941208383,0.18150797245684208,-2.2098894440458285,9.540975683553157,-2.6126024511663566,0.9923996773905042,0.18529101123043012,0.030415484388386208,0.1665899262067588,0.15597530682891478,0.013818738521610719,nan,nan,nan,0.992977356064414,-2.497434902534651,9.0,-0.09375872388183756,-1.913417161825446,9.619397662556434,-3.5355339059327355,8.53553390593274,1.282591416370288,1.6910841141938415
84.55000000000001,-2.550107497066963,9.440209207952961,-2.600114622262984,0.9892481551775006,0.17892090466322016,-2.2611702471274366,9.510698866266738,-2.6007992511022024,0.9927654602808187,0.17185506775862228,0.03041668785799925,0.16898247639297778,0.158132483359255,0.014117130944959064,-2.793927711161085,9.017585833141812,1.8948695389459989,0.9928205741786735,-2.4927022176478535,9.0,-0.09950568243917765,-1.913417161825446,9.619397662556434,-3.5355339059327355,8.53553390593274,1.2799854784719544,1.6914533700431198
84.60000000000001,-2.6016762512690588,9.41072487536354,-2.5895074303955212,0.9899853385310479,0.17512696253473123,-2.350612171659995,9.439743948780475,-2.588881630737186,0.99777672365137,0.15672051693261319,0.03005533326408493,0.16169414018755537,0.15221189734582002,0.01377103373529303,nan,nan,nan,0.9936924842702468,-2.4884234734819035,9.0,-0.10282151662576534,-1.913417161825446,9.619397662556434,-3.5355339059327355,8.53553390593274,1.2888481671606518,1.688491445814651
84.652,-2.6358897537899417,9.390737325597312,-2.582582896239638,0.990369859745552,0.17170982754170314,-2.4014492574851514,9.408148135827165,-2.577860307528633,0.9972544446620434,0.17883861176166665,0.030061892309321072,0.16411054238769138,0.15442335669746063,0.01407048756514246,nan,nan,nan,0.9957620672389697,-2.4857632989544927,9.0,-0.09548854301802559,-1.913417161825446,9.619397662556434,-3.5355339059327355,8.53553390593274,1.3234783334661866,1.6566984697792744
84.7,-2.66996940868856,9.370493256137708,-2.575815355536535,0.9907971660407782,0.16729139829788026,-2.435179479921703,9.386899716902475,-2.570742791649284,0.9971010084484154,0.18198044951539624,0.030077084782326645,0.16570268636680277,0.1558587489289968,0.013733592129641902,nan,nan,nan,0.9957620672389697,-2.4857632989544927,9.0,-0.09548854301802559,-1.913417161825446,9.619397662556434,-3.5355339059327355,8.53553390593274,1.3234783334661866,1.6566984697792744
84.75,-2.7208457596652016,9.339655109418784,-2.566021132125432,0.9915199698805838,0.16025547449382668,-2.4854147946183773,9.354415566322192,-2.5616433082649026,0.9969962606769678,0.14472519698212002,0.030073857756113983,0.16807489561966776,0.15804274869421295,0.014031119127451834,nan,nan,nan,0.9961603405718717,-2.483083004845553,9.0,-0.09656063591154918,-1.913417161825446,9.619397662556434,-3.5355339059327355,8.53553390593274,1.333187415088866,1.650582415887742
84.80000000000001,-2.77143560469899,9.30826621536148,-2.556598655448125,0.992284130909751,0.15509796838595505,-2.6208757800951457,9.329675839835307,-2.562697619696527,1.0031347465651435,0.11730003396940374,0.030558914472193898,0.160765630493061,0.15202373652542223,0.013769948016940278,-3.478799268279749,9.312374703411951,3.4276713213230443,0.9966110010943856,-2.4792914429991493,9.0,-0.0974602973144284,-1.913417161825446,9.619397662556434,-3.5355339059327355,8.53553390593274,1.3281940709692428,1.659469509180807
84.85000000000001,-2.80497925587295,9.287054856056669,-2.5502859825992497,0.9914557613430018,0.16051011555455869,-2.6711385280268165,9.296638149320007,-2.5534272415325803,1.0004600764505571,0.1795191413497831,0.030568669204894997,0.1631667500499147,0.1542556671316683,0.014066769381756048,nan,nan,nan,0.9907536429047868,-2.426604699081839,9.0,-0.15214805779029997,-1.913417161825446,9.619397662556434,-3.5355339059327355,8.53553390593274,1.2037397433645367,1.718178478033078
84.9,-2.838345940496637,9.265642517270168,-2.543741301983464,0.9905660679542271,0.16468166762122818,-2.7041108157385056,9.273798716739613,-2.5457362234371828,0.9986915801421525,0.1664034029976058,0.03050803038872252,0.16474868692008726,0.15570550256297647,0.013799051729884182,nan,nan,nan,0.9910656162321133,-2.419653406836958,9.0,-0.15260270864677566,-1.913417161825446,9.619397662556434,-3.5355339059327355,8.53553390593274,1.2371253802647912,1.6948315712718311
84.95100000000001,-2.888086570266523,9.233138382699174,-2.533743332681292,0.9897369856804941,0.16781045349534587,-2.7535610274821587,9.240036186446993,-2.536360549342712,0.9966641607960367,0.15145343450875623,0.030506615928115436,0.1671081267733294,0.157908895427073,0.014183665062913358,nan,nan,nan,0.9915277677106089,-2.415473239354734,9.0,-0.1519308360611178,-1.913417161825446,9.619397662556434,-3.5355339059327355,8.53553390593274,1.2414595714161343,1.6991258012653963
85.00200000000001,-2.9374739381495396,9.200157030715257,-2.5235828286202415,0.9893895192796711,0.1703588473208723,-2.858818201439349,9.18144312986259,-2.525318139098812,0.9994790802956011,0.15884483898042479,0.030454490151196747,0.1605889590700952,0.1525461481935381,0.013929042078239135,-3.327507805675104,8.987824185526385,1.2384038483508044,0.9918068957023422,-2.4082643617957697,9.0,-0.15133138374965016,-1.913417161825446,9.619397662556434,-3.5355339059327355,8.53553390593274,1.242761336420686,1.7058871514545075
85.05000000000001,-2.9701478967445563,9.177928270536578,-2.516464757907595,0.9856967085077464,0.18608881196313612,-2.891350165080705,9.158324870783193,-2.519136233966992,0.9927416977314062,0.16856503667695175,0.030452582528086067,0.16217702649823484,0.15404679380271216,0.014127588768501446,nan,nan,nan,0.9653764935532652,-2.261404631222209,10.0,0.20382060640594207,-3.5355339059327355,8.53553390593274,-4.619397662556432,6.913417161825452,0.932327025441284,1.7969916778867532
85.10000000000001,-3.0024997390670354,9.155590675800044,-2.508513554763819,0.9808188148544495,0.20567338016896147,-2.925017311642886,9.138127732119152,-2.5141398531719825,0.987280486311308,0.2170547441211237,0.030771244791496146,0.16374879781891355,0.1555122329058779,0.013783766416955504,nan,nan,nan,0.965153688271412,-2.254369955173007,10.0,0.18961508379337094,-3.5355339059327355,8.53553390593274,-4.619397662556432,6.913417161825452,0.9434765788686204,1.8029233859090141
85.15,-3.0504693657565913,9.121830144902034,-2.4953856851917924,0.9750068300528048,0.2265863548387494,-2.9727093158584217,9.103234631989276,-2.5013158815113314,0.9805410641794227,0.22047445377829308,0.03077025768719508,0.1660958485377346,0.15773786292409964,0.014083128482787328,nan,nan,nan,0.9642792060486631,-2.246052159474393,10.0,0.17284280352789222,-3.5355339059327355,8.53553390593274,-4.619397662556432,6.913417161825452,0.962070905402896,1.7926901911987656
85.205,-3.097815074547845,9.08768573603411,-2.4812863112597476,0.9709533638878509,0.24020661687124134,-3.003776565277923,9.079164979475184,-2.4916064052021483,0.9774339543700828,0.23569755337306983,0.030712294156506274,0.16763849685538393,0.1591847135546585,0.0137447949364416,-2.556674837066028,8.797758527171835,1.0117076418282416,0.9650056388012606,-2.2359844343995174,10.0,0.1525739190428012,-3.5355339059327355,8.53553390593274,-4.619397662556432,6.913417161825452,0.9801482679133846,1.7997630462261922
85.251,-3.1290554874137206,9.064664401675444,-2.471518647059053,0.9690572144683894,0.2462233447995533,-3.006455034207597,9.019986344448009,-2.4769625103356185,0.9725986848364346,0.23177421458051228,0.03069284198976024,0.1612935952249136,0.15393642879230693,0.014041416530814775,nan,nan,nan,0.965920925953041,-2.2297880846273697,10.0,0.14011482766861677,-3.5355339059327355,8.53553390593274,-4.619397662556432,6.913417161825452,0.9994779631397442,1.7963748821656242
85.30000000000001,-3.1600588930963562,9.041404052985323,-2.4615970691687306,0.9684984328017971,0.24816997473673727,-3.036622000860772,8.995190792785086,-2.4667302138091527,0.9726835959224828,0.23155005249859534,0.030615175501013177,0.1628564168520674,0.15542282028828996,0.013708210886846074,nan,nan,nan,0.9732219832784387,-2.2450211905971624,10.0,0.17076565019792578,-3.5355339059327355,8.53553390593274,-4.619397662556432,6.913417161825452,1.0787525238319602,1.7891571113829188
85.351,-3.2061835167529065,9.005982549653716,-2.4467235216163328,0.9689814507896758,0.24758317120073428,-3.0820233974322444,8.958514208338256,-2.4528508559512034,0.9729974385737707,0.227609497976565,0.030616291928643416,0.16519049101235841,0.1576810590045058,0.01400933634068512,nan,nan,nan,0.9742728947566068,-2.2394058536264128,10.0,0.15945840454568627,-3.5355339059327355,8.53553390593274,-4.619397662556432,6.913417161825452,1.0896491318518855,1.7863821704012293
85.403,-3.2518426175660067,8.969899953381624,-2.431906186240627,0.9696916070970586,0.24644945345869312,-3.1246322760196144,8.91724316934294,-2.4331471032234577,0.9736517654250544,0.2141062368543722,0.03021330636782734,0.16748731697451116,0.15990073112007805,0.013781093947851,-2.9878327661289217,8.74225963199618,nan,0.9779786332639387,-2.227200381285586,10.0,0.1349149509433882,-3.5355339059327355,8.53553390593274,-4.619397662556432,6.913417161825452,1.1415596163812032,1.7618233431458628
85.45,-3.2820215271443582,8.945469039949993,-2.4221228420427603,0.9704752216104764,0.24313646853451348,-3.1413412561234515,8.876368778156632,-2.4234195352358903,0.9744801949966083,0.23319348279804775,0.030209465821581127,0.16035508922627273,0.15381474207066714,0.01397819151292548,nan,nan,0.17950423677793176,0.9779786332639387,-2.227200381285586,10.0,0.1349149509433882,-3.5355339059327355,8.53553390593274,-4.619397662556432,6.913417161825452,1.1415596163812032,1.7618233431458628
85.50200000000001,-3.326914361639205,8.908235784524297,-2.40773606268719,0.9723042686079927,0.2373635022019835,-3.170876490715566,8.851028041985222,-2.414606648512379,0.9757885379255987,0.2339915228579286,0.03025440043541333,0.1619044036763252,0.15532731049585388,0.013652794234800593,nan,nan,nan,0.9811475261475369,-2.228935554253079,10.0,0.13840150032680396,-3.5355339059327355,8.53553390593274,-4.619397662556432,6.913417161825452,1.1644052999247763,1.7613024566347721
85.551,-3.3565933078427928,8.883017911749425,-2.398329032696919,0.9735134577418652,0.23384406407442934,-3.2144690502046775,8.811893571328376,-2.400355917945871,0.9775002927198927,0.2318684219183316,0.030257900296810594,0.1642186091506079,0.15762306969372245,0.014093381619359285,nan,nan,nan,0.9818362354209437,-2.223719144779833,10.0,0.12792240897087215,-3.5355339059327355,8.53553390593274,-4.619397662556432,6.913417161825452,1.1710372535349776,1.7565065464462726
85.601,-3.400724974690427,8.844609919222865,-2.3844709823955204,0.975216518616552,0.22876544047580424,-3.242787857848069,8.784678640998491,-2.3902542003658205,0.9786199470351155,0.20466849618921976,0.030176220122279912,0.16573576884773356,0.1591219069684584,0.01370598831077563,nan,nan,nan,0.9831448704953191,-2.2164935089708075,10.0,0.11341846741510767,-3.5355339059327355,8.53553390593274,-4.619397662556432,6.913417161825452,1.1834878508927449,1.7495803402832701
85.652,-3.429885085715799,8.818622720813602,-2.3753892546897415,0.9763496010737622,0.22604697742954252,-3.2551108272045717,8.743226695400681,-2.375252608511811,0.9786529886263936,0.23953664875679154,0.030178076137813876,0.15935509163535908,0.15368923025152995,0.014003612564521107,-2.9673003722189,8.725851790905143,0.33675666940846577,0.9842066227088175,-2.212292827805452,10.0,0.1049920445879732,-3.5355339059327355,8.53553390593274,-4.619397662556432,6.913417161825452,1.1841319648717867,1.7542812856015169
85.7,-3.4588395134089063,8.792331712286153,-2.366453965856647,0.9778089169312135,0.22086538796801256,-3.2831311325911687,8.71579974356246,-2.3655139001089545,0.9804847562874369,0.22551689753846618,0.03015623805266697,0.16088844336382938,0.15522633650462192,0.013675232150949223,nan,nan,nan,0.987765142199319,-2.2186646897918707,10.0,0.11777533710959695,-3.5355339059327355,8.53553390593274,-4.619397662556432,6.913417161825452,1.2444519870530113,1.7225864242073985
85.75200000000001,-3.5019028286554486,8.75231839265886,-2.3535184662544935,0.9801370794618558,0.21204325550801326,-3.3249717807346295,8.67437573489196,-2.3526488859536596,0.9828640819094187,0.20968802940585762,0.030157702304753852,0.1631795774304337,0.15755684526741293,0.013977437467838695,nan,nan,nan,0.9896680897792414,-2.208775672342686,10.0,0.09793962133632717,-3.5355339059327355,8.53553390593274,-4.619397662556432,6.913417161825452,1.2532108160181474,1.7170800333263818
85.80000000000001,-3.5303608962752175,8.725271007903498,-2.3451574708256246,0.981512683547326,0.20716650529500574,-3.34958481434212,8.642033237266325,-2.3383890825899347,0.9842517738629815,0.20050731274301023,0.029663697957775542,0.164679532458749,0.15908094209179774,0.01364941906759995,nan,nan,nan,0.9896680897792414,-2.208775672342686,10.0,0.09793962133632717,-3.5355339059327355,8.53553390593274,-4.619397662556432,6.913417161825452,1.2532108160181474,1.7170800333263818
85.854,-3.5726688275566776,8.684163931302413,-2.332972573602351,0.9835220624721156,0.19979519924721792,-3.390455323065966,8.599336728585929,-2.3264537483755494,0.9865245352767209,0.18511172528887845,0.02966497755853494,0.16691909461447066,0.16139201560254723,0.014174451551706295,-4.181389327874759,8.505517616583761,2.2796274906231146,0.9923164298465424,-2.2024099665414596,10.0,0.08518148400089473,-3.5355339059327355,8.53553390593274,-4.619397662556432,6.913417161825452,1.27850416934024,1.7025461346114064
85.9,-3.6006240724080674,8.656410869544125,-2.3250967313553135,0.9847902241215719,0.19509590519005468,-3.500961976045282,8.56134477192088,-2.3268451926544573,0.9920650272224998,0.17958263261490504,0.03026132324531854,0.15981123461131636,0.15511178790847813,0.0137694871162347,nan,nan,nan,0.9923164298465424,-2.2024099665414596,10.0,0.08518148400089473,-3.5355339059327355,8.53553390593274,-4.619397662556432,6.913417161825452,1.27850416934024,1.7025461346114064
85.95,-3.6421631320074166,8.61429536712746,-2.3135193846137323,0.9854471211915955,0.19342899778245642,-3.541635100760108,8.51788387985561,-2.3157365434478576,0.9913823663668629,0.17398588535472828,0.030262322181022965,0.16208170915876707,0.15747021306858835,0.014154436509280909,nan,nan,nan,0.9872643768604292,-2.1670781872536033,10.0,0.014405760308603098,-3.5355339059327355,8.53553390593274,-4.619397662556432,6.913417161825452,1.1941718896447815,1.7298067997554194
86.00200000000001,-3.6831707869098342,8.571681205315372,-2.301823229753768,0.9851896857268472,0.19549204896403366,-3.566080514734531,8.485562687823014,-2.3035421946028687,0.9907915681239592,0.19103347019386155,0.029899294455803135,0.16356728128961934,0.15901358260120682,0.01380770001564624,nan,nan,nan,0.9882507128248647,-2.1622936083902036,10.0,0.004732871002775123,-3.5355339059327355,8.53553390593274,-4.619397662556432,6.913417161825452,1.2062861897105281,1.7274262865997079
86.051,-3.7102226656282657,8.542996740703623,-2.2940236451044265,0.9854006623594964,0.19422289536679554,-3.6056518536228688,8.441215306914703,-2.2916675409397502,0.9904138722851389,0.16635418706860583,0.029897991959981995,0.16578817303509463,0.16134981885457564,0.01410713310054524,-3.812276938139216,9.016610247900582,1.3595048499669078,0.9898714199278872,-2.161094137919971,10.0,0.0023639443119070763,-3.5355339059327355,8.53553390593274,-4.619397662556432,6.913417161825452,1.2369081056650133,1.7114254995586173
86.10000000000001,-3.750387217028092,8.499547939485607,-2.282457365152878,0.9860348135006861,0.1917062880376863,-3.6467838742318257,8.46230393940789,-2.279815343962094,0.9887649024316474,0.22047852154779726,0.029674856125612558,0.1588291762063121,0.15509223904315836,0.01376277603237195,nan,nan,nan,0.9908958646700631,-2.156626930903555,10.0,-0.005900336746832269,-3.5355339059327355,8.53553390593274,-4.619397662556432,6.913417161825452,1.2428042320673502,1.714842712521052
86.15100000000001,-3.7768876444558472,8.470305165834366,-2.2748256367932944,0.9862611391804762,0.19018315849498107,-3.6852253023929853,8.417107172585336,-2.2677093643340878,0.989010205312255,0.1777648673486958,0.02967122163025679,0.16107749530955193,0.15747928413522874,0.014063158563380095,nan,nan,nan,0.9890228604715426,-2.1315097037710484,10.0,-0.05181657844408685,-3.5355339059327355,8.53553390593274,-4.619397662556432,6.913417161825452,1.2395819198760258,1.7081160232109247
86.20100000000001,-3.816218708537975,8.42604225450681,-2.263462406495541,0.9866842366187111,0.1889794262441545,-3.7226918355432352,8.370919271704283,-2.255239934732231,0.9893778948354454,0.174132696797591,0.029610657058556644,0.1632836060716072,0.15983366993933085,0.013828397865454398,nan,nan,nan,0.9909154910469599,-2.123896459671947,10.0,-0.062208364617438935,-3.5355339059327355,8.53553390593274,-4.619397662556432,6.913417161825452,1.2548190064552072,1.7065851276562662
86.251,-3.842164369245817,8.39626735162639,-2.255942432906951,0.9871056054342284,0.18720668585796946,-3.7476577638928874,8.340208701246752,-2.2474280851366535,0.989737090407851,0.1883204401616908,0.029614951765980904,0.16474724170537403,0.16140900436149558,0.01402882054619288,nan,nan,nan,0.9909154910469599,-2.123896459671947,10.0,-0.062208364617438935,-3.5355339059327355,8.53553390593274,-4.619397662556432,6.913417161825452,1.2548190064552072,1.7065851276562662
86.30000000000001,-3.8678924293523016,8.36628079039017,-2.2485057622950717,0.9875821290001268,0.1849415520623336,-3.7406173880281304,8.308174522201915,-2.2454122308426454,0.988906595905707,0.18493087566641359,0.030072996822214197,0.15779203260426145,0.1550275059767014,0.013693932743282716,-3.4014949232521436,8.249881881556272,0.4852571364005941,0.9917963858619879,-2.119249652566643,10.0,-0.06785767245625186,-3.5355339059327355,8.53553390593274,-4.619397662556432,6.913417161825452,1.26661151085206,1.700490456432739
86.35000000000001,-3.9060851214433523,8.32090304173082,-2.2375718962239284,0.9886608286317081,0.17965025045016889,-3.7775208475163655,8.261685367172385,-2.2347163457817927,0.9901698632153906,0.16797667329668461,0.030073242691241283,0.16002448122732305,0.15743762576713827,0.013995900701388076,nan,nan,nan,0.9936912829015156,-2.133025740559067,10.0,-0.044206577548986326,-3.5355339059327355,8.53553390593274,-4.619397662556432,6.913417161825452,1.2978610461963225,1.6870758165139272
86.4,-3.931288894315775,8.290382299459113,-2.2304829833906252,0.9894937262217864,0.17574999297674448,-3.80377749855511,8.232535312537236,-2.23060516958592,0.9910800560246764,0.19051986930270404,0.030345285146214943,0.16148362755551404,0.15901842581778378,0.013668630613836712,nan,nan,nan,0.9944144591185221,-2.1289737493372205,10.0,-0.04906269200965152,-3.5355339059327355,8.53553390593274,-4.619397662556432,6.913417161825452,1.302140523163529,1.684986973859898
86.453,-3.968707037279512,8.244211754440597,-2.22012599571154,0.9905386859714793,0.17023200818380402,-3.8400850017448644,8.185413413641106,-2.2211994838404716,0.9921296691624989,0.1446678399941519,0.030340404297686356,0.16367189873114596,0.16140443795808584,0.014047175236531578,nan,nan,nan,0.9943833580583954,-2.124568311762034,10.0,-0.05469939682301542,-3.5355339059327355,8.53553390593274,-4.619397662556432,6.913417161825452,1.3093096469931347,1.6750043250226299
86.50200000000001,-4.005657585199256,8.197596947999257,-2.210050992060866,0.9914048323740451,0.16666763948794555,-3.8698444197353874,8.10141377487883,-2.2091174676133654,0.9947491749636191,0.1741628171639806,0.030228110623204844,0.1574743735959572,0.15571373826554355,0.013913153945621797,-3.782820867943463,7.776480826073059,0.5374251031817917,0.9949320007927949,-2.120479220027375,10.0,-0.05870845807382519,-3.5355339059327355,8.53553390593274,-4.619397662556432,6.913417161825452,1.2996280737567836,1.686054593200752
86.55300000000001,-4.030033467131727,8.166282254609943,-2.203453844602739,0.9919745603422422,0.16370409689761736,-3.8935103109767524,8.069422246484407,-2.2025187067048186,0.9951238749803792,0.1749923281710383,0.030229843839609735,0.1589516192647684,0.1573320756042985,0.01411259211328461,nan,nan,nan,0.9974790910495316,-2.131498022017656,10.0,-0.038688739462543975,-3.5355339059327355,8.53553390593274,-4.619397662556432,6.913417161825452,1.362113187954655,1.6351813794793129
86.602,-4.0662195010707345,8.11896219684732,-2.1938919471612266,0.9929485496916675,0.15523660718288362,-3.915538594460274,8.03579773296445,-2.1944086714192537,0.9956650515475236,0.1544006389979277,0.030032415635918804,0.16040071184377114,0.1589277596103283,0.013771205362208322,nan,nan,nan,0.9974790910495316,-2.131498022017656,10.0,-0.038688739462543975,-3.5355339059327355,8.53553390593274,-4.619397662556432,6.913417161825452,1.362113187954655,1.6351813794793129
86.65,-4.090098385025473,8.087187447485343,-2.187833311099317,0.9936264435085904,0.14926118395036336,-3.9502621699040077,7.987168375272391,-2.183569343272392,0.9964196329415419,0.16873349920271513,0.030039494743863544,0.16257504219763289,0.16133491687758264,0.01406893302370988,nan,nan,nan,0.9979848535421721,-2.130913417670652,10.0,-0.03832380897882509,-3.5355339059327355,8.53553390593274,-4.619397662556432,6.913417161825452,1.3664316446962743,1.6333968947437374
86.70200000000001,-4.125556099282043,8.039197861469967,-2.1791837962382674,0.9945632274581702,0.14021490367880127,-3.974069993947932,7.955435933466827,-2.179905899898503,0.9969069020219407,0.10759457703087023,0.030151086579051162,0.1639913951162109,0.16291335173065943,0.013807348704397883,-5.237721646165815,7.670442038506325,6.041214555922033,0.9984610053093127,-2.1280825952410116,10.0,-0.040178383206213586,-3.5355339059327355,8.53553390593274,-4.619397662556432,6.913417161825452,1.3849996243301614,1.6164730690621312
86.754,-4.148958403000315,8.006996607760563,-2.1736665533908965,0.9950979193868571,0.13687640003979218,-4.133028745793072,7.869956468273139,-2.171895807434396,1.0035958851872089,0.12104462662420334,0.030187298872332496,0.1579912935149959,0.15730479204505107,0.014184656669102553,nan,nan,nan,0.9985089244647085,-2.125290037115926,10.0,-0.042344265345584164,-3.5355339059327355,8.53553390593274,-4.619397662556432,6.913417161825452,1.3613510616982774,1.639122988421312
86.801,-4.183680486253099,7.958435667581044,-2.1652792775942347,0.9939061578321947,0.14497252382623732,-4.16424800330657,7.817782244255147,-2.158472987894222,1.000149388532497,0.15574671906981685,0.029855981551870386,0.16015507118353503,0.15972417583249932,0.013934416826662997,nan,nan,nan,0.9914707721464818,-2.0411947735622564,10.0,-0.12702379071831077,-3.5355339059327355,8.53553390593274,-4.619397662556432,6.913417161825452,1.2141846374759646,1.7094520377930202
86.85300000000001,-4.206550736713021,7.925935464161941,-2.1593291376069987,0.9929818187748118,0.1503068729655826,-4.186369116302814,7.784466789711998,-2.152129773408176,0.9986959034708304,0.1583219403144444,0.029857168092261435,0.1615937722348365,0.16133935768506213,0.014133442890160169,nan,nan,nan,0.9926391224565925,-2.0370651979384267,10.0,-0.12399520886413956,-3.5355339059327355,8.53553390593274,-4.619397662556432,6.913417161825452,1.2516421646897706,1.6912681593013037
86.90100000000001,-4.240396355533695,7.87704468676269,-2.149700674546123,0.9877650025591203,0.17404288083040376,-4.20916425618907,7.751887005306267,-2.147154217324076,0.9948075701738341,0.19049089360131427,0.029972042003997855,0.1630009562099194,0.16293087860036332,0.013789416476171665,nan,nan,nan,0.9668309828153936,-1.8938507750363145,11.0,0.25477467176354285,-4.619397662556432,6.913417161825452,-5.0,5.000000000000001,0.9465624877576251,1.7947419306216537
86.95,-4.262566108410464,7.844477556967877,-2.1421962443798996,0.9829362936404467,0.19516466056375759,-4.301661512642335,7.810172846086183,-2.136751763657856,0.9830064803436812,0.23195743052790752,0.030030080848385418,0.15700146363280235,0.15719993247112599,0.014085674995905517,-4.926158404093736,8.902701040772998,6.771587796747143,0.9659020589192353,-1.8823330055969254,11.0,0.23139858702907165,-4.619397662556432,6.913417161825452,-5.0,5.000000000000001,0.9475373250085054,1.8059012002855535
87.00200000000001,-4.295213448034455,7.795649531178157,-2.1295021692578,0.9753567334525689,0.22287945120515432,-4.321797653743393,7.776249473857553,-2.127321062622773,0.977391257044527,0.19675393692702461,0.029915618000265258,0.1584322125254702,0.15882243203254387,0.013747480493782783,nan,nan,nan,0.9549305211422602,-1.8353810599145348,11.0,0.13668258367552055,-4.619397662556432,6.913417161825452,-5.0,5.000000000000001,0.8868935315902726,1.8054396983979093
87.05000000000001,-4.316554343873497,7.7631067696094025,-2.1201825047488727,0.9710088858249062,0.23870487565590048,-4.352484638366249,7.726444922721252,-2.1140437927726476,0.9708082187327628,0.2306649645882647,0.029918515699555243,0.16058266110601402,0.16126854001677127,0.014130918276434132,nan,nan,nan,0.9557852047768627,-1.8288432006225188,11.0,0.12355147449143686,-4.619397662556432,6.913417161825452,-5.0,5.000000000000001,0.8883765051370847,1.826406941596228
87.10000000000001,-4.347943931850882,7.714205846016387,-2.1052435723198952,0.966243650233564,0.25509331130054497,-4.372756026942411,7.693428133699677,-2.1047880021588172,0.9679217804064766,0.2387592620960844,0.029954787245291697,0.16198020378967293,0.16287831266340674,0.01378720599525853,nan,nan,nan,0.9566978942035925,-1.8186854425643928,11.0,0.10317051759242876,-4.619397662556432,6.913417161825452,-5.0,5.000000000000001,0.9337391468495345,1.8212559441548484
87.15,-4.368457633419953,7.681497276687803,-2.0948487195745162,0.9639292914910339,0.2624880219841316,-4.409843712607897,7.727457751936766,-2.090472913919949,0.9600863055672878,0.25228161675342853,0.029984429601082746,0.15598598510921116,0.15704477243164028,0.01408336820437136,-4.536191549707306,8.530951013728902,2.8192885166389186,0.9574373603770923,-1.811980748642396,11.0,0.08972989406575296,-4.619397662556432,6.913417161825452,-5.0,5.000000000000001,0.9337391468495345,1.8211534977219301
87.20100000000001,-4.398596597955371,7.632216095621021,-2.078769347715631,0.9611606387992776,0.2717287124082735,-4.428287248947412,7.69365119972897,-2.078819665828707,0.9590329464687487,0.27169598499884884,0.02992202422804769,0.157406646114513,0.15868883386391572,0.013745435687495085,nan,nan,nan,0.9553443796048877,-1.7904996153761161,11.0,0.04671598870086288,-4.619397662556432,6.913417161825452,-5.0,5.000000000000001,0.9318443083334622,1.829938910562218
87.25200000000001,-4.418261487188282,7.59918986979352,-2.067802653164183,0.9599312143593839,0.2753335952360779,-4.455994229735796,7.643246933551499,-2.062451263684783,0.9581070622215789,0.26902277291921833,0.0299234875854829,0.15954227844313545,0.16116914107547267,0.01404634688379178,nan,nan,nan,0.9570737011420551,-1.7847551327368185,11.0,0.03522217089695809,-4.619397662556432,6.913417161825452,-5.0,5.000000000000001,0.9567700901736269,1.8216069014502132
87.30000000000001,-4.447111242787118,7.5493435341563915,-2.051171321094546,0.9589374966439408,0.2781516372292401,-4.475624985925714,7.6106760202660215,-2.054497771523791,0.9582201065911206,0.27193673692379516,0.030114729452438756,0.16092868157007098,0.16280503744154007,0.013712961270714925,nan,nan,nan,0.9592769347602196,-1.7760861076925525,11.0,0.0178809564948455,-4.619397662556432,6.913417161825452,-5.0,5.000000000000001,0.9772965795570219,1.8211738291983393
87.351,-4.465907144450359,7.515887589437826,-2.040017124431446,0.9585542010287451,0.2792236124443831,-4.502089809376182,7.559632359800659,-2.038581668294299,0.9584388348595465,0.25851430072864784,0.03011437262893245,0.16301565616916533,0.16526928653268064,0.014014621051313816,-4.655987467790124,7.5798256979672125,0.08727812681596393,0.9597007034314846,-1.7696366973639237,11.0,0.004981669741812411,-4.619397662556432,6.913417161825452,-5.0,5.000000000000001,0.982246476220548,1.819280309161114
87.40100000000001,-4.493433223125283,7.465348084367047,-2.0232339648113036,0.9585091583263188,0.279891654758432,-4.533842099706892,7.526205435590106,-2.027207402275241,0.9594166320097814,0.27806900428665277,0.030114497926318016,0.15635371706627968,0.15854618177339538,0.013681633939077016,nan,nan,nan,0.9618954914268792,-1.7616376656568453,11.0,-0.011016515389806983,-4.619397662556432,6.913417161825452,-5.0,5.000000000000001,0.9971185052889139,1.821139072618358
87.45,-4.511332529119627,7.431410000887983,-2.0120421642759427,0.9584894238896459,0.2796499078834079,-4.558931684960888,7.474383074514969,-2.0104444111240536,0.959948896700786,0.2773329090389528,0.03011778374675538,0.1584733538110378,0.16106163818872596,0.013981185398915144,nan,nan,nan,0.9616396016000932,-1.749329040659003,11.0,-0.03563742495701136,-4.619397662556432,6.913417161825452,-5.0,5.000000000000001,1.0011237340430021,1.812303615462393
87.5,-4.528864748150896,7.397277688470665,-2.000873350002823,0.9586959736847266,0.2786487421837,-4.573548510846753,7.438419546372106,-1.9969607804502276,0.9606828060559102,0.27013577296591246,0.029930212471893307,0.1598471484801688,0.1627231033093528,0.013732061164292358,nan,nan,nan,0.9642068448304004,-1.7420836763847145,11.0,-0.05013487975576865,-4.619397662556432,6.913417161825452,-5.0,5.000000000000001,1.024492390638828,1.8077082676256828
87.55000000000001,-4.554477139089037,7.3456932603048255,-1.9842405794492,0.9595949901126157,0.2758541538669064,-4.5970847819101675,7.385777082075018,-1.9801507811329027,0.9620806131878135,0.2547746210868277,0.0299317435186418,0.161914856810218,0.1652237119519867,0.014033403831478226,-4.099923384416396,7.005108286601421,1.4276403721927218,0.9667657250912829,-1.7384264106829335,11.0,-0.05745471114461456,-4.619397662556432,6.913417161825452,-5.0,5.000000000000001,1.04546318072612,1.8049576716552727
87.60000000000001,-4.579270257795808,7.293622813152242,-1.9678177129498249,0.9611361955393873,0.2720649403201812,-4.566597041406872,7.3155048013056145,-1.9671078636622483,0.9641894955174634,0.2637973636985179,0.02977881039500313,0.15539500614093305,0.1585342097397611,0.013851501045388077,nan,nan,nan,0.9693746450666892,-1.732025961802746,11.0,-0.07026870404775032,-4.619397662556432,6.913417161825452,-5.0,5.000000000000001,1.0632877609670184,1.8038425220880254
87.652,-4.595354979154305,7.258616482915149,-1.9570888574056977,0.9632634973354438,0.2652655265833631,-4.588647236605139,7.261969801597287,-1.9503339977874294,0.9672228135084463,0.2589292433922157,0.029783854929897706,0.15749457057316837,0.1610837800472413,0.01409361398432839,nan,nan,nan,0.9773398163447479,-1.7538179893317796,11.0,-0.026657335045254422,-4.619397662556432,6.913417161825452,-5.0,5.000000000000001,1.1477509667081658,1.7765826987407585
87.70200000000001,-4.618833727203686,7.205627815997047,-1.9415466209922208,0.9666276050074106,0.254570729747133,-4.602088538440507,7.225452162487748,-1.938124013090704,0.9696325271729304,0.2659750145114588,0.029698111785285634,0.1588537368316586,0.1627686541091789,0.013829933188983744,nan,nan,nan,0.9796460645556515,-1.748228283880545,11.0,-0.03783968159350126,-4.619397662556432,6.913417161825452,-5.0,5.000000000000001,1.1674663551191253,1.7666401021260056
87.75,-4.634054375944732,7.169995115659666,-1.9315407062016123,0.9687830543548636,0.24738104194215124,-4.622687878293475,7.170973082330595,-1.9223628727915985,0.9728978057448374,0.22432001795567022,0.029696748969567376,0.16090141101093675,0.16530017563268593,0.014265657013030586,nan,nan,nan,0.9814478415837272,-1.7452001541415871,11.0,-0.04389847460993809,-4.619397662556432,6.913417161825452,-5.0,5.000000000000001,1.1878752663731504,1.7538668316113333
87.801,-4.656240947839338,7.116109936399701,-1.9170089062879612,0.9718068884440534,0.23877531570092092,-4.637481754914352,7.112675895736115,-1.9201561781490586,0.9765327242688506,0.235003505249182,0.030333447635747388,0.15438978111643606,0.15847732464708214,0.013854409042610134,-4.5696967936673705,6.897045836711872,0.24916629155104214,0.9834931729326957,-1.740415404610569,11.0,-0.05347366263275185,-4.619397662556432,6.913417161825452,-5.0,5.000000000000001,1.1911544383786032,1.7575408285571545
87.85000000000001,-4.670603153663206,7.079916232081935,-1.9075770500054485,0.9733976254674701,0.2339353709994203,-4.6572891947311605,7.057484730115645,-1.9056431226061306,0.9786623711930587,0.24018527415607177,0.030338850618665474,0.15647527737735636,0.16104678190464264,0.014150292150832657,nan,nan,nan,0.9836087191271419,-1.7388483920264066,11.0,-0.05661006215725746,-4.619397662556432,6.913417161825452,-5.0,5.000000000000001,1.1915702619956194,1.747490816164229
87.9,-4.69150724151555,7.025259003814074,-1.893799502211569,0.9756174434848882,0.22621199638067138,-4.669015792031885,7.019854563651533,-1.8954552111768763,0.9799926899838506,0.2076739441392345,0.03022065255139861,0.15782444192896775,0.16274514271582863,0.013966201514765474,nan,nan,nan,0.9853945795350786,-1.7345226233033744,11.0,-0.06526964529871347,-4.619397662556432,6.913417161825452,-5.0,5.000000000000001,1.2129858204605082,1.7341990990439196
87.95,-4.705023701342122,6.9885848986694565,-1.8848595666939714,0.9771026050261831,0.2218451036518872,-4.687566463368171,6.964019864063963,-1.8827038929899251,0.9818656801191182,0.22445968811657963,0.03022655764980395,0.15986082062509085,0.16529204065229303,0.014204809850512562,nan,nan,nan,0.9867432271975999,-1.7324449837145643,11.0,-0.06942963802747647,-4.619397662556432,6.913417161825452,-5.0,5.000000000000001,1.215676995826858,1.7385685229024062
88.001,-4.7246795350781765,6.933237147470239,-1.8717911866553407,0.9792186859758637,0.2144788271911362,-4.706104977157481,6.930216229058277,-1.8825532137795926,0.9831302626516975,0.21101176716334544,0.03091325946589785,0.16117645693498028,0.1669714703860157,0.013852031413877072,-5.567498224305388,7.754104838564004,5.167411308069232,0.9881422693712547,-1.7285530622493888,11.0,-0.07673105389349057,-4.619397662556432,6.913417161825452,-5.0,5.000000000000001,1.2385888504740103,1.7214735922023556
88.05000000000001,-4.7373738540139465,6.896132749349111,-1.8632883750530023,0.9802080032278944,0.2115058513088289,-4.7998206238697545,6.95137540563277,-1.8705600491882655,0.9814713268972988,0.2249983267611237,0.03096605830115104,0.15544508692821757,0.1609173191765648,0.01414724628536714,nan,nan,nan,0.9871223574989114,-1.7218959590101903,11.0,-0.0883185933000233,-4.619397662556432,6.913417161825452,-5.0,5.000000000000001,1.2175985550330775,1.7307609056106088
88.101,-4.755791259466125,6.840237097555915,-1.850562639069063,0.9801638513158318,0.2137214045378258,-4.812574179913304,6.91449165059228,-1.8635547161605153,0.981300007110522,0.2221694046637487,0.031100780953504107,0.15678893514207773,0.162622269508567,0.013801530008815155,nan,nan,nan,0.9805528139569313,-1.67302247223476,11.0,-0.18436147071040446,-4.619397662556432,6.913417161825452,-5.0,5.000000000000001,1.14876981517614,1.7568863910564283
88.15100000000001,-4.767649870324328,6.802852059036009,-1.8419536391318032,0.9799496777604221,0.2158698115692758,-4.829333119100531,6.858050539956117,-1.8514859307882785,0.9812312467916364,0.19239827842358181,0.031097185727379267,0.15882003494019561,0.16517719611034865,0.01409850924918891,nan,nan,nan,0.9810145441972488,-1.6683838351100977,11.0,-0.18967430710270278,-4.619397662556432,6.913417161825452,-5.0,5.000000000000001,1.14876981517614,1.7565469345963938
88.2,-4.779176680034472,6.765368964725727,-1.8332719886484066,0.9799048676647978,0.21761347749328883,-4.842550901262454,6.821511234793716,-1.846247901928326,0.9814322606628331,0.20907703662074606,0.031348890277126125,0.1601310402305388,0.16686380279173932,0.013833350613389474,-4.962844778342746,6.522988963643659,0.37155036742537967,0.9821749450467038,-1.6623919671037126,11.0,-0.1951001135237507,-4.619397662556432,6.913417161825452,-5.0,5.000000000000001,1.1507023621134265,1.7640656304282578
88.25,-4.795848351580414,6.708954157234425,-1.820147067281622,0.9799849514764627,0.2191157510756665,-4.871325436064955,6.734022860158535,-1.8333189822389548,0.9836974597352687,0.21384105359412656,0.03135153784450439,0.15454176895826627,0.16083919880606773,0.014265422299204104,nan,nan,nan,0.982295298450348,-1.6448663762274591,11.0,-0.21208895990186113,-4.619397662556432,6.913417161825452,-5.0,5.000000000000001,1.1570022136295912,1.7512871887887775
88.30000000000001,-4.80654951834782,6.671223881151944,-1.8113719646559105,0.9799360318082926,0.21935876924202158,-4.8828174468184615,6.696645133297464,-1.8251524245588713,0.9834296775910341,0.24034042435739508,0.03150489231081949,0.15588113986348992,0.16255197711238362,0.01385729701672475,nan,nan,nan,0.982295298450348,-1.6448663762274591,11.0,-0.21208895990186113,-4.619397662556432,6.913417161825452,-5.0,5.000000000000001,1.1570022136295912,1.7512871887887775
88.35000000000001,-4.821979403197066,6.614461324174174,-1.7982340219285498,0.9798932540394165,0.21808786474491662,-4.897416673772711,6.639479768449319,-1.8126100462093284,0.9832187620394042,0.19946193265833737,0.03150038784916599,0.15790714941091907,0.16511718407762682,0.014292092378345028,nan,nan,nan,0.9828628895394081,-1.639754031140655,11.0,-0.21606812212157833,-4.619397662556432,6.913417161825452,-5.0,5.000000000000001,1.174821372794096,1.738744213562829
88.40100000000001,-4.83666571836575,6.5574917449632615,-1.7851882990596142,0.9802052864894044,0.21711016871996472,-4.906359546033478,6.601102511778615,-1.8027266780414253,0.9833772533440885,0.22199897897106388,0.031467997064117376,0.1592133739637027,0.16681212463884984,0.013880446442562736,nan,nan,nan,0.9839643978560052,-1.6332855185373274,11.0,-0.21923441958717838,-4.619397662556432,6.913417161825452,-5.0,5.000000000000001,1.1722852822042262,1.750689319093559
88.45100000000001,-4.84604515465048,6.519392679919906,-1.7765332312765878,0.9806006292329281,0.21555568115067425,-4.917513057251465,6.5950623660767125,-1.7894059075194828,0.980562396649953,0.2091763058484426,0.03147720031941914,0.1536281500604074,0.16066259363980478,0.014174688605699384,-4.918624214494049,7.090178727174425,0.9291402002828313,0.9853649536418232,-1.6270721387858587,11.0,-0.2212175137662395,-4.619397662556432,6.913417161825452,-5.0,5.000000000000001,1.207384959243217,1.7408689468821064
88.501,-4.8550981861150735,6.4811922904450405,-1.7679629839144502,0.9812589838014503,0.21335898795250596,-4.926701930649842,6.5570618107998735,-1.7809538211893268,0.9816870912062373,0.23708971495644265,0.03156415631498112,0.15496348729614087,0.16238237549900555,0.013825414341791192,nan,nan,nan,0.9860975710484232,-1.622464230080268,11.0,-0.2302792513604874,-4.619397662556432,6.913417161825452,-5.0,5.000000000000001,1.207384959243217,1.7408689468821064
88.551,-4.868069201521691,6.42369436825815,-1.755294843710262,0.9823491365405024,0.20905429432101905,-4.938735340648209,6.499372176916078,-1.7675903823083428,0.9831637897317586,0.20551034476509716,0.03156303353011753,0.15698502166330125,0.1649577205424288,0.014124409440684313,nan,nan,nan,0.9867257934707249,-1.6178362049984596,11.0,-0.23187802256735388,-4.619397662556432,6.913417161825452,-5.0,5.000000000000001,1.2257549657791242,1.7249022338060054
88.60000000000001,-4.876312546002252,6.385237497936232,-1.7470040364131494,0.983061745976561,0.20625133823982628,-4.941206753233313,6.458769567017933,-1.7514383825923454,0.9841291356561312,0.24319636456245264,0.031063836505573726,0.15828706859664063,0.1666612399633165,0.01378132451261576,nan,nan,nan,0.9878634043264541,-1.611633818292169,11.0,-0.23242552471542663,-4.619397662556432,6.913417161825452,-5.0,5.000000000000001,1.2257549657791242,1.7292163820155684
88.652,-4.888077165648713,6.327368915119759,-1.7347978521937175,0.9843285176348436,0.2001893911383771,-4.96973082703193,6.355971314405218,-1.7395401319587551,0.9888478926909102,0.1835277602819344,0.031058753801416827,0.15282692415816052,0.16054923041381755,0.014214790149709023,-5.118038703866381,6.007129987896675,0.7780644309712577,0.989299051981922,-1.5931154911702172,11.0,-0.23484932107488513,-4.619397662556432,6.913417161825452,-5.0,5.000000000000001,1.2286056574469721,1.7210573715870383
88.7,-4.895524001365844,6.28866956720011,-1.7268820692945281,0.9849417176813523,0.19723449224536732,-4.980550999121355,6.318523995604262,-1.7362158094118076,0.9889842172222447,0.20314170374489432,0.03150381993405776,0.1541588534156895,0.16227716679154858,0.01381215815028869,nan,nan,nan,0.989299051981922,-1.5931154911702172,11.0,-0.23484932107488513,-4.619397662556432,6.913417161825452,-5.0,5.000000000000001,1.2286056574469721,1.7210573715870383
88.75,-4.906099517678507,6.2304842706874215,-1.7151033619334892,0.9853432135132574,0.19556062400904822,-4.990108824359079,6.2599581664780555,-1.7247636378376836,0.9890121364781996,0.2005823281202213,0.0315056305351365,0.1561775066773401,0.1648619797539888,0.014111418807831433,nan,nan,nan,0.9886707374444585,-1.585545842585187,11.0,-0.23815597710810332,-4.619397662556432,6.913417161825452,-5.0,5.000000000000001,1.2273715057352983,1.716868043219245
88.80000000000001,-4.915969726418656,6.172154528800563,-1.7034391553438495,0.9857360744472299,0.1934086293186711,-4.995332424433316,6.2205914768557005,-1.7155003955508226,0.9891176580066618,0.20482753820173952,0.03143381673384545,0.15747735365412485,0.1665718094194168,0.013769917583681773,nan,nan,nan,0.989343880042356,-1.5786465655709854,11.0,-0.2361045249505567,-4.619397662556432,6.913417161825452,-5.0,5.000000000000001,1.2358212831245736,1.713706637428491
88.854,-4.922163051038842,6.133188374822748,-1.6957528551263883,0.9861113110240087,0.19126269138361146,-5.0036495414174675,6.1618261450408385,-1.7034218703337518,0.9893959404796702,0.18580644967010643,0.031434216318084976,0.15945232674128473,0.16912504845604653,0.01407009817047782,-5.76634595384432,6.67552763234657,3.0741791807155012,0.990092806487976,-1.5746203358132917,11.0,-0.2335476948589477,-4.619397662556432,6.913417161825452,-5.0,5.000000000000001,1.248221287743485,1.706999436394685
88.9,-4.930879229655766,6.074620957669779,-1.6843760236757381,0.9867454450756478,0.18847027957533974,-5.077110364811129,6.17190924545849,-1.6966833526962164,0.9872663360310742,0.17478445381056903,0.0315094726915042,0.15322619451954853,0.16191720193855705,0.013727318395273205,nan,nan,nan,0.9907978435587137,-1.5676551258247506,11.0,-0.2302404532652488,-4.619397662556432,6.913417161825452,-5.0,5.000000000000001,1.2507071245239252,1.7093621983148442
88.95100000000001,-4.9363025470817545,6.035528943317807,-1.6766989300913733,0.9858016136939606,0.19484479001961702,-5.084328118324931,6.113114158294511,-1.6859086402503425,0.9864581473639954,0.1673237913290857,0.03150867796125088,0.15524651211235554,0.16450351537629535,0.01411326723746497,nan,nan,nan,0.9817024731563657,-1.5050921178394538,11.0,-0.304256862843454,-4.619397662556432,6.913417161825452,-5.0,5.000000000000001,1.1294855389555267,1.7644316804773585
89.0,-4.941413626320767,5.9964411586961734,-1.6687312041385016,0.9847392804068786,0.2015495439820547,-5.088559872484718,6.073850111732844,-1.6786037896591008,0.9855719012511454,0.17789493956709945,0.031487612368030986,0.15654717887082487,0.16621617850475193,0.013924774768780892,nan,nan,nan,0.9818667496417864,-1.4951820329121952,11.0,-0.29986557675958286,-4.619397662556432,6.913417161825452,-5.0,5.000000000000001,1.1295468345200617,1.7678676234712356
89.051,-4.948494354958642,5.937804215152873,-1.6563649773864948,0.9834964241756182,0.20874415648018388,-5.094674290999414,6.015056381563517,-1.665976798834856,0.9845313385933966,0.1988768094337522,0.031492043336612985,0.15852477589170338,0.16877366508729394,0.014166265334809068,-5.288691084340748,5.526387581675852,0.9911139349906971,0.9819870922874149,-1.4885130404980556,11.0,-0.296355983462415,-4.619397662556432,6.913417161825452,-5.0,5.000000000000001,1.1364458506843245,1.7644021465137807
89.10000000000001,-4.954864995267419,5.879145898414804,-1.6436928712525571,0.9826549001169684,0.21238825748904402,-5.116909120706762,5.924568165950022,-1.6564067742520294,0.9875266403937846,0.20480899466031927,0.031372022038203655,0.1524289665239096,0.16162680882851296,0.013814688413710483,nan,nan,nan,0.9823460704366822,-1.477795402128283,11.0,-0.29088282738859056,-4.619397662556432,6.913417161825452,-5.0,5.000000000000001,1.1506319485772334,1.7560746911499496
89.15100000000001,-4.958702545194541,5.840071613502861,-1.6349913218905905,0.979910196640865,0.22157237678269315,-5.121720849704569,5.865566764090918,-1.6432744322285473,0.9835114597541382,0.2256839352998592,0.031375949984970675,0.15445218139115507,0.16421920923051062,0.014195993363432649,nan,nan,nan,0.9691307420275848,-1.4072907492127498,12.0,0.0657115564869736,-5.0,5.000000000000001,-4.619397662556437,3.086582838174558,1.0044299662314136,1.787930845620998
89.20400000000001,-4.963832539319624,5.781614007575244,-1.6212609873235708,0.976172738406891,0.23291226308958707,-5.1204723386720055,5.825347317874289,-1.6301830766446024,0.9808751535975403,0.21844156610904167,0.030986855778442287,0.15575376160795212,0.16593706510791026,0.01384417091425692,nan,nan,nan,0.9703572019437955,-1.3991825802790205,12.0,0.04948168102453952,-5.0,5.000000000000001,-4.619397662556437,3.086582838174558,1.0555060427010816,1.7825701482984397
89.251,-4.9668293297099995,5.742703124319574,-1.6118275808023264,0.9746815488713638,0.23722708674730325,-5.123671112012074,5.766646221062452,-1.615378093922808,0.9781741386956009,0.235516753794457,0.03099180995868276,0.15773356244496553,0.16850199372496552,0.014140044782725049,nan,nan,nan,0.9726748454179946,-1.3958733951378273,12.0,0.04285977755398625,-5.0,5.000000000000001,-4.619397662556437,3.086582838174558,1.0555060427010816,1.7836818343341734
89.30000000000001,-4.969480719435254,5.703812332075195,-1.6022678075407726,0.9737484910661435,0.23954974207443266,-5.13891080957046,5.730818278078482,-1.6099049071090792,0.9772797031223219,0.25790817984589376,0.03138901448797255,0.15163176488034294,0.16125653024561878,0.013866338136402007,-5.232772091470082,5.774169407990593,0.045298149278639246,0.9743916059930534,-1.3885810705640913,12.0,0.028270451866979296,-5.0,5.000000000000001,-4.619397662556437,3.086582838174558,1.0843382321036004,1.7763158991441845
89.35000000000001,-4.972797818725351,5.645483142218819,-1.5878426348952686,0.9727750764889718,0.2409538902131,-5.140915018535985,5.6722420346735465,-1.5954211386000976,0.9760314494022768,0.23116424006925163,0.031387088566984925,0.1536590442193496,0.1638545540194396,0.014164480119640019,nan,nan,nan,0.9731415014112197,-1.3776137233029013,12.0,0.006333895889999691,-5.0,5.000000000000001,-4.619397662556437,3.086582838174558,1.081356930945618,1.7719039384874362
89.402,-4.975308850018782,5.587159399875097,-1.5733452232479301,0.9722960607844445,0.24202180361945086,-5.143479758555214,5.633559523805537,-1.5879036342228654,0.975770915228248,0.24312908749602985,0.031552896378908984,0.15496351261210478,0.16557776322736556,0.013816439922472504,nan,nan,nan,0.9749046326693402,-1.3709170701290911,12.0,-0.0070594609506035855,-5.0,5.000000000000001,-4.619397662556437,3.086582838174558,1.1022190011835487,1.7737679042257324
89.45,-4.976528826804126,5.548266029210502,-1.563665668909955,0.9722401668402993,0.2418565067758558,-5.144201040519879,5.575024189886481,-1.5731621775732052,0.9755650112261861,0.24260069414075852,0.031555949278133044,0.15694891816368303,0.16815050525920555,0.014115591168657168,nan,nan,nan,0.9754552092633663,-1.3658862432098626,12.0,-0.017121503711157338,-5.0,5.000000000000001,-4.619397662556437,3.086582838174558,1.1022190011835487,1.7737679042257324
89.501,-4.977671330009016,5.489900735195009,-1.5491967204614208,0.9725761703282109,0.24027981831406775,-5.141226782428845,5.535456316902315,-1.559435257810018,0.9758770173318474,0.24973903340588435,0.03128724045620989,0.1582240402467059,0.16985372223250395,0.013773566927505398,-5.612839554294241,5.636229461984372,0.8463156157437217,0.9773294903165081,-1.3598235265848801,12.0,-0.029248603588710773,-5.0,5.000000000000001,-4.619397662556437,3.086582838174558,1.1227873513283788,1.7687227489807464
89.55000000000001,-4.9779725678247235,5.450959707098454,-1.539654630442185,0.973255779487004,0.23734859292341293,-5.182878192141444,5.485862007402442,-1.5449102768887018,0.9762339334014613,0.22512881936823462,0.031307421651639106,0.15287656184765921,0.16342069885875843,0.014207017641765214,nan,nan,nan,0.9796648257080018,-1.3574230286208921,12.0,-0.03405080411487861,-5.0,5.000000000000001,-4.619397662556437,3.086582838174558,1.1514999146542917,1.7577453754969614
89.60000000000001,-4.977729141452067,5.392510473665605,-1.5254686238147797,0.9737111641570941,0.23655804495679583,-5.182322472625782,5.446914375765315,-1.535853393854765,0.9764477845252446,0.23629149278132638,0.03136419316516137,0.15418624969642736,0.16514736918672498,0.013805997058153462,nan,nan,nan,0.9774588211536438,-1.332183335844812,12.0,-0.0845772634795374,-5.0,5.000000000000001,-4.619397662556437,3.086582838174558,1.1163495765593343,1.7744273441964162
89.65,-4.977104482551574,5.35353668343552,-1.5160181646511082,0.9740349902271364,0.2358367215549641,-5.179954320942079,5.388368376338508,-1.5202774981948588,0.9769353599703632,0.22298029917501114,0.03136648209055759,0.1561801418352264,0.1677243484809655,0.014105353744498677,nan,nan,nan,0.978612854540748,-1.328663537655374,12.0,-0.0916305279563963,-5.0,5.000000000000001,-4.619397662556437,3.086582838174558,1.152769013045567,1.7659554364246723
89.7,-4.976110500788298,5.3145520745726005,-1.5066188599265324,0.9746233613821387,0.23420991047269651,-5.132227861707619,5.356921244939688,-1.5086133503675911,0.9772135763704004,0.2336872377700854,0.031235483187472855,0.15029960240933102,0.1606096556254168,0.013758260192700078,-4.683762779324757,5.432038087146548,0.9024414579148354,0.9808236026655218,-1.3241244878714022,12.0,-0.10072963752418966,-5.0,5.000000000000001,-4.619397662556437,3.086582838174558,1.152769013045567,1.7628438046759278
89.75,-4.9739280342882015,5.256027541992158,-1.4927503180772737,0.9764881087133837,0.22728277682516035,-5.128317452103887,5.298386433974087,-1.4945423993347913,0.9793885752832788,0.2352213477983215,0.03124020338666256,0.15234261730737444,0.16321832211206727,0.014144063504882428,nan,nan,nan,0.9865518648874856,-1.344428176049908,12.0,-0.0600552598123464,-5.0,5.000000000000001,-4.619397662556437,3.086582838174558,1.2275458421162582,1.7331515748532391
89.80300000000001,-4.970918249570932,5.197395658675262,-1.4794660920854865,0.9789481221424067,0.21716462819072993,-5.1272942700097675,5.240168925412062,-1.4852643392015346,0.9819408039335169,0.1985073411352948,0.0315892365911103,0.1543282044510428,0.16581088040794933,0.013898735312726795,nan,nan,nan,0.9881803664092367,-1.3406398898303526,12.0,-0.06763956275309034,-5.0,5.000000000000001,-4.619397662556437,3.086582838174558,1.2470136372434704,1.720544087518129
89.85000000000001,-4.968457872855067,5.1582581133712635,-1.470919962592453,0.9803325899793419,0.21161677966867667,-5.123877057616083,5.201026364181845,-1.4780313932064204,0.9832896501976421,0.19672641399252613,0.031589855460099625,0.15566175084099335,0.16752860052919716,0.014098063054856922,nan,nan,nan,0.9883515940724743,-1.336591340947346,12.0,-0.07574707618352686,-5.0,5.000000000000001,-4.619397662556437,3.086582838174558,1.2457805164950968,1.718223474952854
89.9,-4.964101103786764,5.099502989709861,-1.4584475627806281,0.982189622081455,0.20542458153840015,-5.116232521754809,5.161501440256918,-1.4653837497674096,0.9845540394742385,0.21010282630176405,0.031233364316201367,0.1569496449769884,0.16923588827735,0.013758198560569358,nan,nan,nan,0.9895491123830956,-1.3333307226617341,12.0,-0.0822784965675496,-5.0,5.000000000000001,-4.619397662556437,3.086582838174558,1.2453479085244066,1.7220687889644446
89.95100000000001,-4.960761614224042,5.060305771041338,-1.450354928734194,0.9834805241073002,0.2001535102295994,-5.125885563867624,5.035887312634839,-1.4521102682441482,0.9905540726470469,0.2170769171464163,0.031245828868730806,0.1517972802345894,0.16290314927248112,0.014137310805918277,-5.282163514330582,4.516888494061734,1.5898390380765377,0.9912796386172011,-1.3332242623626582,12.0,-0.08249177845547478,-5.0,5.000000000000001,-4.619397662556437,3.086582838174558,1.274670732808771,1.703066933981614
90.0,-4.957081313339691,5.021095626558298,-1.4424660423164843,0.9843380033782398,0.19553704014907308,-5.121913614785596,4.996608014314232,-1.444449621463763,0.9906278554515158,0.20210488700348236,0.03132387689069122,0.15312112655378365,0.16462950475493057,0.013792648836263953,nan,nan,nan,0.990789210491275,-1.3162797553536862,12.0,-0.11646544067840241,-5.0,5.000000000000001,-4.619397662556437,3.086582838174558,1.261006741041982,1.694836745996235
90.051,-4.950940662533737,4.962295929023231,-1.4309262621217467,0.985278538902973,0.1900904277736658,-5.114181676976584,4.93767363417999,-1.4311937385587012,0.9908464272808307,0.22783113487745502,0.03133315955407471,0.1551380268659256,0.1672018046241466,0.014092320883434938,nan,nan,nan,0.9914425829168687,-1.3135324727846402,12.0,-0.12023282244217294,-5.0,5.000000000000001,-4.619397662556437,3.086582838174558,1.2648995497278837,1.6959670861624654
90.101,-4.944074638623226,4.903516030313206,-1.419746240107268,0.9863779173105739,0.1831029612331669,-5.105423050447323,4.898286973351528,-1.421649753003731,0.9912275337577109,0.14525360979832197,0.03103325173710454,0.15643508109319088,0.1689031851436197,0.013906670763072278,nan,nan,nan,0.9926176854974816,-1.3096090724139509,12.0,-0.12414697884831144,-5.0,5.000000000000001,-4.619397662556437,3.086582838174558,1.293586875893206,1.6760759664254932
90.15400000000001,-4.9391034974354335,4.864338043598018,-1.4124912569709458,0.9872129308241044,0.18056103110967944,-5.108243446859107,4.92878953645061,-1.4098966890027893,0.9856493170125731,0.17240490331273758,0.031046448391030265,0.1511337196635632,0.16231407672931353,0.014144096880808067,-5.242896813881689,5.71591369010281,2.7065216483007175,0.9951546315770807,-1.3114153565663726,12.0,-0.12005605164428972,-5.0,5.000000000000001,-4.619397662556437,3.086582838174558,1.3242814500443192,1.681801524703379
90.2,-4.93382329205311,4.825160335460136,-1.405353443461811,0.9884388562318692,0.1765109664667914,-5.100609989068762,4.889837819442254,-1.4006429666524425,0.9875939892715662,0.1774279555085373,0.030930749328669845,0.15246831405700906,0.16403064460011968,0.013798664739920325,nan,nan,nan,0.9951546315770807,-1.3114153565663726,12.0,-0.12005605164428972,-5.0,5.000000000000001,-4.619397662556437,3.086582838174558,1.3242814500443192,1.681801524703379
90.25,-4.92533265956009,4.766370932175395,-1.3950303738162004,0.9904129578478666,0.16861301768095163,-5.090341779136616,4.8314260429426215,-1.3903770883950937,0.9900820243170284,0.14367718175245936,0.030928806629405982,0.15450176564422857,0.16659013482499252,0.014098355594101379,nan,nan,nan,0.9958961566134465,-1.310015670718533,12.0,-0.1201683716191818,-5.0,5.000000000000001,-4.619397662556437,3.086582838174558,1.3383217355523083,1.6682612589472068
90.429,-4.9223539191447525,4.746771780566639,-1.3916946905057201,0.9909924943442775,0.16615030562916439,-5.086791352531663,4.811945708946316,-1.3870565383665212,0.9907830580029755,0.15860546936893652,0.030932024892492006,0.1551753909794914,0.16743866631675047,0.01419753945459492,-4.681714358142006,3.6605564583023913,4.675679905120141,0.997242265718971,-1.3068032370640084,12.0,-0.1194417809660059,-5.0,5.000000000000001,-4.619397662556437,3.086582838174558,1.3485331111302534,1.6578860707906442
90.45,-4.8923908469509785,4.57048669915028,-1.363678335030143,0.9943411133108724,0.14657088725300046,-5.017935755927844,4.523925603290082,-1.3614261359057527,1.00094477822709,0.12236458106361059,0.031013703837602845,0.15388889352342094,0.16589204231595697,0.014022073295372117,nan,nan,nan,0.9977883416575163,-1.302889165354542,12.0,-0.11092954725908123,-5.0,5.000000000000001,-4.619397662556437,3.086582838174558,1.3387580449746403,1.6412977626646237
90.5,-4.88122423914595,4.511857737692664,-1.3550463941076063,0.9945415358140537,0.14175779547751616,-5.014960012938173,4.48455440010118,-1.3615537064573047,1.0004522332749295,0.13659179584557493,0.03152039311542217,0.15520853525787703,0.16757989499962223,0.013691641185114943,nan,nan,nan,0.9981334191909716,-1.3003170238918929,12.0,-0.11046863276470642,-5.0,5.000000000000001,-4.619397662556437,3.086582838174558,1.3497364235585265,1.6351720947492168
90.55000000000001,-4.873474273908355,4.472824210967692,-1.3494429887138923,0.9946694645883106,0.13909917946326178,-5.002336057213544,4.425884760605333,-1.353156165264572,0.9997678577732925,0.1388897624671049,0.03152298288923492,0.15722266926529072,0.17009273559341845,0.014075377423575746,-5.116033280120088,3.990936641151441,0.7252751424921206,0.9977894447251252,-1.2950500196260377,12.0,-0.11523100855045859,-5.0,5.000000000000001,-4.619397662556437,3.086582838174558,1.3466331995270178,1.6368708233443585
90.60000000000001,-4.86548677300033,4.433832943942533,-1.3439466774293232,0.9948569842885524,0.13620020092001123,-5.007251904091057,4.341414168381317,-1.3511474234352743,1.0021882737389616,0.15312066781457137,0.03186549272300671,0.15133899121865133,0.16273414732537675,0.01373501469400587,nan,nan,nan,0.9981490118389131,-1.2923029078446633,12.0,-0.11429549745709536,-5.0,5.000000000000001,-4.619397662556437,3.086582838174558,1.358450930454464,1.6298988927405063
90.65,-4.853071849702708,4.375429836773127,-1.335872795571053,0.9947827615448158,0.13423996231831486,-4.994000625751617,4.282783432590748,-1.343666443127784,1.0009019548218456,0.11379110121941308,0.031861036723850135,0.15340324118510734,0.16527683178818886,0.014036216790217514,nan,nan,nan,0.9967916938325061,-1.271022231706177,12.0,-0.13559628275315302,-5.0,5.000000000000001,-4.619397662556437,3.086582838174558,1.3260474477291662,1.643926488664801
90.7,-4.844515827443674,4.336564487773527,-1.3304951789918034,0.9946391444826551,0.13471520506175041,-4.986041409846729,4.243706484431785,-1.3400717685091044,1.0001864425655769,0.11974773229049068,0.03196535206887149,0.15473188882474198,0.16696098865619882,0.01370411398746817,nan,nan,nan,0.9970862394282353,-1.2673096926421044,12.0,-0.13403791313672886,-5.0,5.000000000000001,-4.619397662556437,3.086582838174558,1.3189787476021855,1.6570161180836935
90.75200000000001,-4.831269461784167,4.278363506286076,-1.3223768540059468,0.9945977977395852,0.13552517385755666,-4.972148282238747,4.185345316366063,-1.3310858813546462,0.999330183992715,0.14666291207874596,0.03197113747272133,0.15675926239052143,0.16946906216389002,0.014006044988550428,nan,nan,nan,0.997103850152519,-1.263946229096181,12.0,-0.1338551657334029,-5.0,5.000000000000001,-4.619397662556437,3.086582838174558,1.3227747607942317,1.6553531932006094
90.801,-4.817535330828928,4.220272344825843,-1.314293437527009,0.9947423210576624,0.13365028369540183,-5.02267717225659,4.155996190083945,-1.3283943465157348,0.9974402211702866,0.11876609754000807,0.032132904476939894,0.15082793612409032,0.16205410551843635,0.013674005254027045,-5.617315505221052,4.254495308448658,1.55804195236188,0.9974848955301124,-1.2601470419319927,12.0,-0.1316146897479091,-5.0,5.000000000000001,-4.619397662556437,3.086582838174558,1.3440812579195953,1.6395674465245593
90.851,-4.808111008137812,4.181617029611018,-1.3088220893115474,0.9942434940361107,0.1395191887487814,-5.008187562041229,4.097941333076087,-1.3214488506269624,0.9965517025485746,0.12473985624641419,0.03213320242493085,0.1529056087086756,0.16459115408624383,0.014115231374167474,nan,nan,nan,0.9930211447776606,-1.2101827754543906,12.0,-0.18689841180979394,-5.0,5.000000000000001,-4.619397662556437,3.086582838174558,1.2469252776298034,1.7065471127818304
90.90400000000001,-4.7935802569790065,4.123774733526816,-1.3001351127245777,0.9934915803397398,0.14803045692757597,-4.997068476607059,4.059472047958669,-1.3145801925093241,0.9958894622403477,0.13491522098336295,0.0320182852491102,0.15424379917796188,0.16627231656772837,0.013864069451857173,nan,nan,nan,0.9930861465441954,-1.2037897237223256,12.0,-0.1840131561400507,-5.0,5.000000000000001,-4.619397662556437,3.086582838174558,1.2636856911768917,1.6979705843333706
90.95,-4.783627085080813,4.085301162305713,-1.2941214693349183,0.9931820641242608,0.151482075911726,-4.981721345304611,4.0017380687005915,-1.3041394286770494,0.9952389616066009,0.16207785237507558,0.03202429393259238,0.15628532492593356,0.16877711160357192,0.0141052596544405,nan,nan,nan,0.9935008008825372,-1.200507835861601,12.0,-0.1806127060359584,-5.0,5.000000000000001,-4.619397662556437,3.086582838174558,1.2636856911768917,1.6979705843333706
91.0,-4.7683029167333295,4.027810544833223,-1.2844523875866816,0.9892969001083285,0.1716631590242332,-4.9714904965939875,3.963349041481968,-1.2980838503604966,0.9914207718414232,0.1802156105470148,0.03205254036535434,0.15759818447234716,0.17043361558565434,0.013764784799184205,-4.300099014328005,4.227675918143842,1.892078306270216,0.976077392555822,-1.0849655137310643,13.0,0.20717187264979975,-4.619397662556437,3.086582838174558,-3.5355339059327417,1.4644660940672658,1.0482315362614332,1.7760909991993283
91.055,-4.757841029092864,3.9897152319159104,-1.27722296342657,0.9863320933294455,0.1856612164748416,-4.894911133765854,3.9330293011252513,-1.2877522501970462,0.9862227392247451,0.16695793343472268,0.03201778334186869,0.15240069097191172,0.16384974916826053,0.014061784566715217,nan,nan,nan,0.9827528590197891,-1.1017579084448457,13.0,0.24117937956951063,-4.619397662556437,3.086582838174558,-3.5355339059327417,1.4644660940672658,1.1394323861847577,1.763849064693582
91.102,-4.74173749762838,3.932842316912133,-1.2656291273097882,0.984342798793125,0.19677449500721728,-4.881495824884066,3.89551972138622,-1.277548578077562,0.9855110694909383,0.19379107640010612,0.03179887821867169,0.15375051035649356,0.16552773214553068,0.013726620280600885,nan,nan,nan,0.9827528590197891,-1.1017579084448457,13.0,0.24117937956951063,-4.619397662556437,3.086582838174558,-3.5355339059327417,1.4644660940672658,1.1394323861847577,1.763849064693582
91.152,-4.730692598043916,3.895050271133621,-1.2576730331748045,0.983851642265624,0.19980689937195778,-4.86420010923475,3.8389929664615203,-1.2654701241917736,0.9848581491993417,0.2303178724803986,0.031805419509766494,0.15580961392046896,0.16802907935797998,0.014028143829156353,nan,nan,nan,0.9837421387148616,-1.0969822119588901,13.0,0.2314945952882887,-4.619397662556437,3.086582838174558,-3.5355339059327417,1.4644660940672658,1.186929937348694,1.7499210983503093
91.2,-4.719385714980314,3.8573496777853196,-1.2496468941650831,0.9835706709823817,0.20072600352671222,-4.847885285905021,3.8021697533814725,-1.2525986730404939,0.9847431532766977,0.1816516656089977,0.03139545780608854,0.15713599971814535,0.16968303672480242,0.013697098773729448,-4.904203348633079,4.680694506440003,2.7793233958764527,0.9843947976211639,-1.0885749055673228,13.0,0.21447087486836308,-4.619397662556437,3.086582838174558,-3.5355339059327417,1.4644660940672658,1.186929937348694,1.733361295237728
91.251,-4.701913970674402,3.800964117921598,-1.2375917427316763,0.983526773720872,0.20129905295900277,-4.83573971812042,3.8372842610129463,-1.2414625700768882,0.9796200582213289,0.1780998513083688,0.031390215930109946,0.1520181725275979,0.16320848691487339,0.013995639829725043,nan,nan,nan,0.9860159568918863,-1.0851665528258891,13.0,0.20757827362570497,-4.619397662556437,3.086582838174558,-3.5355339059327417,1.4644660940672658,1.1882990843925032,1.7452741125491193
91.301,-4.683796254926502,3.7447351824646726,-1.2255948920815825,0.9849706689820394,0.19812405003572525,-4.8125498730524825,3.8021176859151375,-1.221742987949405,0.9816724871960697,0.1842418846037644,0.03038091431013347,0.1533835756340963,0.16488310890184896,0.013668574518347692,nan,nan,nan,0.9899810936908657,-1.0997891364496424,13.0,0.2371855193499479,-4.619397662556437,3.086582838174558,-3.5355339059327417,1.4644660940672658,1.2492254292409808,1.7317658490760237
91.35000000000001,-4.671340790537018,3.7073044125839596,-1.2177885460023186,0.9863653839565952,0.19305238910403838,-4.7921754224755,3.7467705743172974,-1.2102484342932944,0.9851222614337702,0.19041501938344574,0.030385174614913784,0.1554673880856041,0.16737791935255328,0.014053822849970159,nan,nan,nan,0.9925574864413795,-1.099662983367213,13.0,0.2369296685163513,-4.619397662556437,3.086582838174558,-3.5355339059327417,1.4644660940672658,1.288526451172236,1.7073729572358003
91.40100000000001,-4.652090043717799,3.6512478799253363,-1.2064795274031452,0.9881280300649647,0.18530530103024462,-4.7814107652498565,3.7092598093182545,-1.2054510271316845,0.9867422710122293,0.20369707110331814,0.030690765734305965,0.15681139275241565,0.1690270021746443,0.013719733906062927,nan,nan,nan,0.9931165872115549,-1.0928489094967964,13.0,0.22312119735109828,-4.619397662556437,3.086582838174558,-3.5355339059327417,1.4644660940672658,1.2952700149947904,1.6951365738775281
91.45200000000001,-4.6388851096529065,3.613953387361452,-1.199179140990687,0.988998317770205,0.18086471909294038,-4.785523119525345,3.612140553784702,-1.1936835016800518,0.9906467773182325,0.18410197821315055,0.030708784550557356,0.15164073535489167,0.1624954013747162,0.014100084868871422,-5.066841524748098,3.2809001628249215,0.9159590109433853,0.9929897455907191,-1.0869735156237714,13.0,0.21123181826981224,-4.619397662556437,3.086582838174558,-3.5355339059327417,1.4644660940672658,1.2961864239243144,1.6886613015653982
91.5,-4.625391251972493,3.57673716859749,-1.1920022181249454,0.9893315400781916,0.17927327297726112,-4.770632207230694,3.575376697827785,-1.18636720608056,0.9907200740064926,0.16725184313670494,0.030684753358022118,0.15302358863824553,0.164162507525742,0.013760323958965459,nan,nan,nan,0.9908799140635784,-1.0585244663836064,13.0,0.15385595322725534,-4.619397662556437,3.086582838174558,-3.5355339059327417,1.4644660940672658,1.2490698762371195,1.7072653995559357
91.552,-4.604630514075389,3.5211010859505905,-1.181235986523925,0.9894000759056919,0.17952086598597206,-4.7480988191813935,3.520367659423756,-1.174299032983082,0.9908972395696296,0.16724350648803354,0.03068777482900447,0.15513098781092385,0.16664697865165856,0.014061199016196211,nan,nan,nan,0.99132141647145,-1.0545251366966635,13.0,0.14581239027903664,-4.619397662556437,3.086582838174558,-3.5355339059327417,1.4644660940672658,1.2489685110806588,1.7106932447229846
91.60000000000001,-4.590446627432087,3.4841345525187903,-1.1740594032018434,0.9895755467476471,0.17909072615972418,-4.736451232021274,3.48292593887155,-1.1713200861403328,0.9911730726971637,0.1903145615493156,0.031044575718219718,0.15649134021397015,0.1682882889588944,0.013726175418531147,nan,nan,nan,0.9921154330385601,-1.0486411652031096,13.0,0.1339868334199405,-4.619397662556437,3.086582838174558,-3.5355339059327417,1.4644660940672658,1.2611691001716419,1.7043478983211329
91.65100000000001,-4.568658980390593,3.4288685968459887,-1.163364367260868,0.9898212343623614,0.17745432797396754,-4.766166068608333,3.4179282195733043,-1.1625389271502682,0.990719830420366,0.15705606123379048,0.031066402050942986,0.15126189053251324,0.161710645278136,0.01402098004107684,-5.308990279067007,3.331861734425292,1.3061815733045208,0.9888046627538493,-1.0127638351127144,13.0,0.06205216107543668,-4.619397662556437,3.086582838174558,-3.5355339059327417,1.4644660940672658,1.2079720757250967,1.731652502850725
91.7,-4.55379815170961,3.39215788122125,-1.156246928886602,0.9896190083763597,0.1791334437049253,-4.749329650913857,3.381859332603879,-1.1546071867322913,0.9903628904467082,0.1678211845943084,0.030963680374783076,0.15265994157778112,0.16336886814139595,0.013768524153140265,nan,nan,nan,0.9888046627538493,-1.0127638351127144,13.0,0.06205216107543668,-4.619397662556437,3.086582838174558,-3.5355339059327417,1.4644660940672658,1.2079720757250967,1.731652502850725
91.75,-4.531017874690338,3.337322856043603,-1.1453405505690426,0.9891353444288635,0.18297096431338367,-4.7251334410393495,3.327595504658733,-1.1449915103192192,0.9900812677994077,0.16085172514262353,0.030962928607883102,0.15478855166144995,0.16584179371274774,0.014069246283209196,nan,nan,nan,0.9895260333357027,-1.0097465509376968,13.0,0.0560123308300651,-4.619397662556437,3.086582838174558,-3.5355339059327417,1.4644660940672658,1.2230341486954979,1.7233591084038338
91.80000000000001,-4.51550368791555,3.3009147578850926,-1.1379892382178243,0.9890177321321036,0.18409437405429932,-4.712348321792316,3.2905331761114542,-1.1420936301008988,0.990130659371373,0.16029534487044042,0.03131395366182952,0.15616383674671158,0.16747556493318547,0.013733224233684314,nan,nan,nan,0.9901802172717244,-1.004735342528718,13.0,0.045983376537592935,-4.619397662556437,3.086582838174558,-3.5355339059327417,1.4644660940672658,1.2301814345279545,1.7222685577853598
91.85000000000001,-4.491737057650701,3.246521475024349,-1.1268982269107022,0.9889075851059731,0.18540718885546958,-4.687457605000413,3.236590941175421,-1.1316965281126945,0.9901264891375753,0.16306440332870958,0.031315459009042874,0.1582608290342186,0.1699092820350423,0.014034690640653345,-4.5625430264044775,2.9641004181274067,0.322120042788749,0.9898872753524801,-0.9997573009701202,13.0,0.03602308817390508,-4.619397662556437,3.086582838174558,-3.5355339059327417,1.4644660940672658,1.2255925398402336,1.7243652513362178
