t,gt_x,gt_y,gt_psi,gt_u,gt_r,kf_x,kf_y,kf_psi,kf_u,kf_r,kf_bias,kf_sx,kf_sy,kf_spsi,gps_x,gps_y,gps_nis,u_ref,psi_ref,wp,xte,seg_ax,seg_ay,seg_bx,seg_by,thrust_l,thrust_r
1.602,-3.705150379086507e-05,-7.047142640422349e-19,3.4072830982565955e-19,0.0,0.0,nan,nan,nan,nan,nan,nan,nan,nan,nan,0.16518249749709962,-0.6515786158021805,nan,nan,nan,nan,nan,nan,nan,nan,nan,nan,nan
1.6660000000000001,-3.8058583528316894e-05,-5.997432732880567e-19,6.116793403610193e-19,0.0,0.0,nan,nan,nan,nan,nan,nan,nan,nan,nan,0.01982299515730118,-0.1462283754825443,nan,nan,nan,nan,nan,nan,nan,nan,nan,nan,nan
1.7000000000000002,-3.8058583528316894e-05,-5.997432732880567e-19,6.116793403610193e-19,0.0,0.0,0.01982299515730118,-0.1462283754825443,0.022631419988802026,0.0,0.01181089227943985,0.0013008904667448512,1.000119982794285,1.0001000050072788,0.035392808718149024,nan,nan,nan,nan,nan,nan,nan,nan,nan,nan,nan,nan,nan
1.75,-3.906838892371446e-05,1.0974290439930056e-18,1.114475080052736e-18,0.0,0.0,0.01982299515730118,-0.1462283754825443,0.023906794348516947,0.0,0.02434968887742632,0.0030234396682622547,1.0007100888601936,1.000400081756457,0.03625593339451883,nan,nan,nan,nan,nan,nan,nan,nan,nan,nan,nan,nan,nan
1.8030000000000002,-4.007443467084968e-05,9.966053669181709e-19,-2.6438217518136397e-20,0.0,0.0,0.01982299515730118,-0.1462283754825443,-0.03141961845672592,0.0,0.007514901566610089,0.041481940114680954,1.0012841094321905,1.0005999576825357,0.030059207528984267,nan,nan,nan,nan,nan,nan,nan,nan,nan,nan,nan,nan,nan
1.852,-4.007443467084968e-05,9.966053669181709e-19,-2.6438217518136397e-20,0.0,0.0,0.01982299515730118,-0.1462283754825443,-0.03299286765791232,0.0,-0.012027292522904165,0.039239905284259774,1.0023949021615592,1.0008996055139652,0.032046600154118726,nan,nan,nan,nan,nan,nan,nan,nan,nan,nan,nan,nan,nan
1.901,-4.1079956215195164e-05,2.74551263258165e-19,-7.895116470021828e-19,0.0,0.0,0.09096170217802703,0.8182738973818842,-0.03352102464502771,0.0011394790602566147,-0.00523715923573255,0.03963200974174949,0.4478815349413642,0.4475264616600186,0.03373487215800762,0.10862089107661094,1.0589193775255241,1.166330313148014,nan,nan,nan,nan,nan,nan,nan,nan,nan,nan
1.9500000000000002,-4.1079956215195164e-05,2.74551263258165e-19,-7.895116470021828e-19,0.0,0.0,0.09102921351512064,0.8182754795618232,0.01138603588840903,0.0010955605545637174,0.05255172335889519,-0.0159200886307471,0.4495553362392395,0.44819625177131084,0.030621385191786258,nan,nan,nan,nan,nan,nan,nan,nan,nan,nan,nan,nan,nan
2.0,-4.1079956215195164e-05,2.74551263258165e-19,-7.895116470021828e-19,0.0,0.0,0.09107274742770805,0.8182760376122928,0.01343996854006768,0.0010672280765699088,0.02401661572315296,-0.017561464491213326,0.4510040175304876,0.448642260760347,0.03264231563163529,nan,nan,nan,nan,nan,nan,nan,nan,nan,nan,nan,nan,nan
2.0500000000000003,-4.208636116358329e-05,4.679216919016366e-19,-6.33813381096123e-19,0.0,0.0,0.09113594850609442,0.8182764474558528,0.012656757397230935,0.001026100089949272,0.0172094332887282,-0.01265613731814962,0.4536336126273463,0.4493105218554838,0.02992606984374284,nan,nan,nan,nan,nan,nan,nan,nan,nan,nan,nan,nan,nan
2.1,-4.3092884126731746e-05,7.579973981407443e-19,-6.340396058836299e-19,-0.0001006522971895227,0.0,-0.16435348187661933,0.4305225137657496,0.013621196329576703,-0.021084996520714838,0.03541772680898014,-0.011120073114892642,0.3372940734737899,0.3345895371743625,0.03203187597541209,-0.4724178978915523,-0.049134983926108634,2.3596935817685405,nan,nan,nan,nan,nan,nan,nan,nan,nan,nan
2.1500000000000004,0.00221057225617257,-0.00020522715793115087,-0.0006488365223231706,0.11360305711207497,-0.019419308463583727,-0.16401371794634806,0.4305277264705626,0.002950775135614147,0.13741768663145534,0.008778821453213095,0.009713922174456838,0.3405101494162734,0.33548504813995755,0.029572729076906706,nan,nan,nan,1.0,0.0,0.0,nan,nan,nan,nan,nan,3.093630744658517,3.0198080900679294
2.2,0.010492714548508501,-0.000268513202739547,-0.0013243781080262288,0.26003218750180573,-0.017401674921655723,-0.15708672537722218,0.43054957222749757,0.0034576374299915003,0.27887751662213933,0.006797207253788428,0.009782994491875599,0.34297990376815096,0.33608077159764826,0.03163816788291838,nan,nan,nan,1.0,0.0,0.0,nan,nan,nan,nan,nan,2.848982198181128,2.8329338384900886
2.2550000000000003,0.03291097919531955,-0.00021359813814513106,-0.002142030261602502,0.44901240758726046,-0.0139030398707117,-0.13640582797288764,0.43037216640821646,-0.005723735691200993,0.46726063735897166,0.006076446867326453,0.02516476789899579,0.3470302679929695,0.336972945476901,0.029252742530641775,nan,nan,nan,1.0,0.0,0.0,nan,nan,nan,nan,nan,2.371460271674442,2.3836200051151692
2.3000000000000003,0.053579926272353445,-0.00016188968966864107,-0.0026064655729732627,0.5537637185631316,-0.011352707408829512,-0.11671546403129722,0.4302526160641557,-0.006144754399088016,0.5653620804371414,0.008387180630478903,0.02520408850490655,0.3498625307041005,0.33756767698207496,0.031208359492182567,-0.5707945188948543,-0.15711162567309253,1.5015079349340605,1.0,0.0,0.0,nan,nan,nan,nan,nan,2.371460271674442,2.3836200051151692
2.355,0.0913231514116827,-0.00013110281936789877,-0.0031365788814845356,0.6783608605394568,-0.007477014850909537,-0.23080028869421673,0.24526619264892477,-0.020813107096472994,0.6697976116775732,-0.028920206623238347,0.04614326507150422,0.29060346997469755,0.28084881351711666,0.02854790386521951,nan,nan,nan,1.0,0.0,0.0,nan,nan,nan,nan,nan,2.235436096717694,2.247071746815551
2.4000000000000004,0.12021441501985572,-0.00015378800126946698,-0.0033705912869357374,0.7464003767924925,-0.003926523493721533,-0.20333438229390366,0.244682159849231,-0.021783433305095024,0.7361596274220813,-0.014425626718674093,0.04629846564251296,0.2932769749834802,0.281565914477197,0.03036827951940273,nan,nan,nan,1.0,0.0,0.0,nan,nan,nan,nan,nan,2.0500083100820605,2.135703059146011
2.451,0.16790285159001694,-0.0002431490001853905,-0.0033496013091896953,0.8260899282690456,0.0032434647550647787,-0.15745127852529525,0.24142719771412546,-0.041650374707578486,0.8188746847356503,-0.022758536812722222,0.07294192862427606,0.2972274543694085,0.2826379431080209,0.027891221213853987,nan,nan,nan,1.0,0.0,0.0,nan,nan,nan,nan,nan,1.9612947212621132,2.0385226193613297
2.5010000000000003,0.2196353478940553,-0.0003790440295610576,-0.0028690931162564624,0.8848640690309123,0.012277443031510212,-0.12430996020836671,0.2400292146047269,-0.042728175133629254,0.8592868588510622,-0.00781684537051189,0.07297044880458617,0.2997701270937478,0.2833573683650563,0.02954153521165888,nan,nan,nan,1.0,0.0,0.0,nan,nan,nan,nan,nan,1.8084084401584861,1.9523199942874672
2.552,0.25579037225383583,-0.00048140324246626087,-0.0022328040781491813,0.9145398780213576,0.017924568380498572,0.11632641162096569,0.2110997612185059,-0.03744674394608883,0.9325155931346722,0.003046394853649736,0.06349043862518364,0.2601476085549683,0.24757573330544735,0.02720253974869641,0.5957572614838518,0.12634421407450966,1.4890765069061462,1.0,0.0,0.0,nan,nan,nan,nan,nan,1.6593785604736946,1.8910732265809331
2.6020000000000003,0.31188209898352476,-0.0006298450335224958,-0.0009376137212292133,0.9469747156249795,0.023567848100794778,0.15379829196658276,0.20971511728072745,-0.038411384091671774,0.9516099750512064,-0.010597786505088264,0.06300996449648708,0.262334612358651,0.24840114540567337,0.028691594255280926,nan,nan,nan,1.0,0.0,0.0,nan,nan,nan,nan,nan,1.6248500485402853,1.7505018936071528
2.6500000000000004,0.3501661462532714,-0.0007156407219426937,9.371251126468406e-05,0.9627657016016297,0.027041696128505634,0.21123608934831803,0.20499949361241807,-0.05060081713519749,0.974012273778052,-0.011957107446665645,0.07727074853606451,0.26544728068233137,0.2496230244037887,0.026527653649704705,nan,nan,nan,1.0,0.0,0.0,nan,nan,nan,nan,nan,1.6248500485402853,1.7505018936071528
2.7,0.3890065408867944,-0.0007804579995228968,0.0012843981795881544,0.9754390139535895,0.03161479827534247,0.2502593043339547,0.20300180419699212,-0.051515728981794684,0.985027178997202,0.003523738671320653,0.07730801173660888,0.2674069016787713,0.25044935318192685,0.027889684617972917,nan,nan,nan,1.0,0.0,0.0,nan,nan,nan,nan,nan,1.57281541157797,1.7366290207000288
2.7510000000000003,0.44807216218040413,-0.0008218837814464215,0.003419680978849031,0.990179723104777,0.03797877494028513,0.34078120305022447,0.20972233630924184,-0.02626167693909975,1.000591819635059,0.029122927049622077,0.048106086328377914,0.23825438206859606,0.2251208165502711,0.025879706196389456,0.4080736025823,0.22198403402765451,0.06054435415660536,1.0,0.0,0.0,nan,nan,nan,nan,nan,1.5858574548897102,1.7159185913639836
2.8000000000000003,0.4878721304894433,-0.0008025899306314581,0.004973830175662418,0.9975350029944028,0.038253656797282536,0.38085096190575485,0.20869503734374975,-0.025303097351502934,1.0063078551972722,0.019687028308464666,0.04798500509207775,0.2399963436261471,0.22603718936858314,0.027130214046675063,nan,nan,nan,1.0,0.0,0.0,nan,nan,nan,nan,nan,1.5858574548897102,1.6445673898856543
2.851,0.5480294063296297,-0.0006938449416139299,0.007181698683656874,1.0058746739271922,0.03590845967269835,0.44141740447185523,0.2089726771043274,-0.018512270673379128,1.0131190452761643,-0.013740447728777187,0.04125614555791182,0.24249607928752653,0.2273792745306754,0.025262541239195236,nan,nan,nan,1.0,0.0,0.0,nan,nan,nan,nan,nan,1.5608406265633132,1.6382986457642281
2.9000000000000004,0.5883738598598917,-0.0005614584770454338,0.008597198905232518,1.0100774818324163,0.03511512089170783,0.48196753558003497,0.20821396413995988,-0.018163574632770185,1.0162826349515461,-0.0008676641892963366,0.041366441288927136,0.24409210050975805,0.22829256326616587,0.026414605997916018,nan,nan,nan,1.0,0.0,0.0,nan,nan,nan,nan,nan,1.5608406265633132,1.6310311962650637
2.951,0.649156424495459,-0.00026738245941877135,0.010672784995964338,1.0149421004350916,0.03401482109331931,0.5514216358044237,0.22905284268603976,-0.01671807664354752,1.0205437100410855,0.03720581769880286,0.04168816514082449,0.22123394905698343,0.20885935189115426,0.02816533442110196,0.5660686965523608,0.3341982516856937,0.05918330928458764,1.0,0.0,0.0,nan,nan,nan,nan,nan,1.5612695157799936,1.6202974062746605
3.0,0.6898171260831089,-6.1428579395123305e-06,0.011993549565807194,1.0173658653359978,0.03204626185593765,0.592353597765055,0.23213507280349796,-0.0038735858770642118,1.022155267212124,0.01622494610874181,0.03027405472007296,0.22274209240522938,0.2098132343370098,0.02559630088084882,nan,nan,nan,1.0,0.0,0.0,nan,nan,nan,nan,nan,1.5716783597505133,1.5960781515334683
3.051,0.7509591157767973,0.0004823679974481979,0.013772804860062993,1.0201269120948413,0.02766454349639453,0.6537231517941836,0.23190043990909287,-0.002081462791112099,1.024046713591216,0.025318479625669396,0.0303901221101873,0.2249480672070083,0.21130473621366141,0.027204971476869278,nan,nan,nan,1.0,0.0,0.0,nan,nan,nan,nan,nan,1.5795621618979678,1.5822519145122922
3.1,0.7917991189785774,0.0008711057262838027,0.014799315524257846,1.021513798088261,0.024361635605787774,0.6947338936605121,0.2338822309055446,0.004102346229063691,1.02488900996255,0.02366771410820158,0.02545155091285141,0.22638414233832085,0.21224146790839288,0.02487462151941292,nan,nan,nan,1.0,0.0,0.0,nan,nan,nan,nan,nan,1.582439015211293,1.5724983863821302
3.152,0.8531447892002453,0.0015435507419667754,0.016082135683296177,1.0230824272911736,0.01907893202111772,0.7114489547731024,0.23455494860090592,0.006035784384212929,1.0235526718620513,0.022393824588467306,0.02552775329564055,0.2080130204306559,0.1966706902791621,0.026355086163715586,0.4753965883183816,0.23609202663171114,0.22452070067706298,1.0,0.0,0.0,nan,nan,nan,nan,nan,1.58918926445965,1.5619767975216434
3.2,0.9145717249511034,0.0023140127376635963,0.017047158408958304,1.024375580270919,0.014003346663006368,0.7524449566641673,0.2384043345730257,0.016751459150567083,1.0244344729731785,0.05185788075258357,0.017422339153476706,0.20943911009488775,0.19768078051994858,0.024223516071482525,nan,nan,nan,1.0,0.0,0.0,nan,nan,nan,nan,nan,1.593025735160598,1.560971707529089
3.2520000000000002,0.9555607215378438,0.0028754974094099754,0.01747438548887876,1.0250422543854518,0.008462264913623604,0.8139250714660842,0.23945596201556998,0.01707603275766445,1.0254534840896399,0.028211017183143124,0.017300356946917304,0.21155501203704288,0.1992656847509267,0.025602581878435057,nan,nan,nan,1.0,0.0,0.0,nan,nan,nan,nan,nan,1.6079837049502335,1.5310952521271382
3.301,1.0170841333925662,0.0037769323107961243,0.017736541693782828,1.025753698398962,0.0018921593101765151,0.85491483128383,0.23565045235108786,0.007852519167824479,1.0258866057839304,-0.01344426519780438,0.025720924924355026,0.21295064649635315,0.2002570059399147,0.023636642259512376,nan,nan,nan,1.0,0.0,0.0,nan,nan,nan,nan,nan,1.6079837049502335,1.5378169032035471
3.3520000000000003,1.0581182715755901,0.00441120580865094,0.017782843857541912,1.0260743130405132,0.0011433026968666752,0.916476798134511,0.2361257270378395,0.007888043602260808,1.026368998762105,-0.00477149450486926,0.02578505995491803,0.2150224896145107,0.20182782587673495,0.024923753935976574,1.3241193147214894,-0.19823997488790837,1.2096099721782774,1.0,0.0,0.0,nan,nan,nan,nan,nan,1.5762287365228997,1.5669781762588129
3.4000000000000004,1.1196877734485364,0.005401841752409094,0.017835942577084186,1.026394946486445,0.0005561203418864873,1.021367708889195,0.1756038970248453,0.007902827566399928,1.0293081965107829,0.008818641611892414,0.025886231154016972,0.1989490580571813,0.18821473916677756,0.023007796171774533,nan,nan,nan,1.0,0.0,0.0,nan,nan,nan,nan,nan,1.578764000228384,1.5620335266756584
3.45,1.1607378955202337,0.00608197389124808,0.017832919924677813,1.0263450026187342,-0.0005205591826610901,1.083115653301123,0.17611522004759858,0.0074276701439806025,1.028765187670014,-0.013822330426571229,0.025779227914957115,0.20106868381474302,0.18987946070708583,0.024209349486998082,nan,nan,nan,1.0,0.0,0.0,nan,nan,nan,nan,nan,1.578764000228384,1.5513942806091268
3.5020000000000002,1.2223061098243149,0.007122681687731382,0.017768844826843176,1.0262231789249494,-0.0011292702788790966,1.12425742225299,0.17229240699426107,-0.0016394965305042142,1.0283853328510293,-0.02279774479384273,0.0321467977497627,0.20247596151887087,0.19091836559509284,0.02245515194496796,nan,nan,nan,1.0,0.0,0.0,nan,nan,nan,nan,nan,1.5691273971994926,1.5612216507768244
3.551,1.263347652853885,0.007827473174009678,0.01775907927680166,1.026150241215078,0.0004389342148979765,1.1699418785045994,0.1363646805556585,-0.0015937925336375613,1.027150076516222,0.0028821270444195405,0.032400818280942295,0.18951024987458479,0.17983611339697395,0.023619689491787176,1.0529191515794494,-0.10644021056506936,0.31407203611256823,1.0,0.0,0.0,nan,nan,nan,nan,nan,1.5517884328654055,1.578280912925314
3.6010000000000004,1.32490636662947,0.00889696572585343,0.017833746541297282,1.0261158359855438,0.0014581591060403086,1.211029502545794,0.13921625923794817,0.004995671841188987,1.027029260619253,0.010681284812156508,0.028045795610462245,0.1909577081096953,0.18093779705714466,0.022019565562412483,nan,nan,nan,1.0,0.0,0.0,nan,nan,nan,nan,nan,1.5758294315811603,1.5555991640481142
3.6500000000000004,1.3659447114192715,0.009615862746776506,0.01787530699694532,1.026092223281799,0.0005825765552081583,1.2726470017401519,0.13953966804527018,0.0048793647782718885,1.0268517726827626,-0.007593551056415073,0.027980441435639918,0.19312737243920924,0.1826687495515501,0.023077780058539766,nan,nan,nan,1.0,0.0,0.0,nan,nan,nan,nan,nan,1.5758294315811603,1.5555991640481142
3.7,1.4069816381415496,0.010338209301894535,0.017879629652719328,1.0260521994543097,-8.935833343622893e-06,1.3137194688063698,0.13916787902934502,0.0030962670382908013,1.0267241501291993,-0.015249676708827325,0.02868694926012687,0.1945710130406182,0.18374864909043503,0.021549608817142414,nan,nan,nan,1.0,0.0,0.0,nan,nan,nan,nan,nan,1.561766085592284,1.5678990453665538
3.7500000000000004,1.4685332359612042,0.011427318946882191,0.017879721861474872,1.0259701863286756,0.00020492146637370628,1.3753189710408114,0.1393700901950401,0.0034069751591987445,1.0265387819726508,-0.006405708024113795,0.028716566978377614,0.1967297940861818,0.18545819601226138,0.02261412114013556,1.4677497693886057,0.46121052768488574,0.3938345323788925,1.0,0.0,0.0,nan,nan,nan,nan,nan,1.561766085592284,1.5678990453665538
3.8000000000000003,1.5095645662676276,0.012156229120040694,0.017893036511848762,1.0259062887283419,0.0,1.4287605038293212,0.1784078917805593,0.002510870289602174,1.0269695081102845,-0.004014882497621431,0.028551547418678984,0.18455266600401724,0.17508778543406686,0.023263677149826845,nan,nan,nan,1.0,0.0,0.0,nan,nan,nan,nan,nan,1.5654013528088335,1.5634929435210168
3.8520000000000003,1.5711051686246216,0.0132522543054279,0.01790650548795528,1.0257523187158046,0.0,1.4903685314749575,0.1812048032020652,0.007813786329920358,1.0266332496950483,0.01594056762703537,0.025596873998896263,0.186778799204662,0.1768086274892389,0.022038796078267302,nan,nan,nan,1.0,0.0,0.0,nan,nan,nan,nan,nan,1.5637057531572758,1.5625478893541591
3.9010000000000002,1.6121263288896202,0.013983880212174157,0.017894304859379036,1.0256353744817306,0.0,1.5314301947850377,0.181546842387415,0.008869973299234335,1.026415919884611,0.007738481635580324,0.02558980766036345,0.1882611091426762,0.1779975746142741,0.022673549501502185,nan,nan,nan,1.0,0.0,0.0,nan,nan,nan,nan,nan,1.5795199325797435,1.5464108226926476
3.951,1.6736495468307422,0.015080296221783664,0.017754508468968564,1.025465476492357,-0.0031971802843304338,1.593005089308079,0.18266476917009825,0.00981542818105785,1.026124238327867,0.0031024193454889065,0.025010745353582834,0.19047887010322773,0.17968601379545235,0.021489000940738655,nan,nan,nan,1.0,0.0,0.0,nan,nan,nan,nan,nan,1.5775333252221693,1.5477286234873031
4.0,1.7146595519711372,0.0158095826486456,0.017597278831685007,1.0253588420032813,-0.004341600976237027,1.5376185438179497,0.21158086961123385,0.010174163882771481,1.0211012903715744,0.0032679890643465366,0.024900194145428402,0.1793607658531748,0.1702052871248802,0.02208523889872745,0.8587300524510253,0.4302596647673748,2.204647422813493,1.0,0.0,0.0,nan,nan,nan,nan,nan,1.5769305761466927,1.5479002053166184
4.05,1.7761733570677525,0.016898010390757265,0.017284385410331015,1.0255004979283069,-0.005820185734707951,1.5988891900751636,0.2159499603174445,0.016998010033689944,1.022283752167043,0.02517505112091823,0.02126346473942365,0.18164097436934684,0.17197626582321843,0.021112058844552813,nan,nan,nan,1.0,0.0,0.0,nan,nan,nan,nan,nan,1.5845926680813698,1.5542518927322406
4.1000000000000005,1.8377039073097805,0.017976199361955193,0.016840932933346268,1.0257202370807659,-0.009074011167521896,1.6397800290452476,0.21666844504885316,0.017403794155057554,1.0228305463260237,0.0031514250356410203,0.021226392005642403,0.18315990446291497,0.1731962740634989,0.021685985899225237,nan,nan,nan,1.0,0.0,0.0,nan,nan,nan,nan,nan,1.6013454656831656,1.532837522135687
4.15,1.8787277593025675,0.018685821209116698,0.016430373802172698,1.0257411224383655,-0.010849384909438927,1.7011221153017497,0.22216200139576317,0.024853963993627385,1.0234525755388382,0.013063286955802384,0.01738137162053012,0.18543293087565524,0.17493306073810577,0.020738880841497328,nan,nan,nan,1.0,0.0,0.0,nan,nan,nan,nan,nan,1.5918407555052596,1.5395603225203494
4.2,1.9402625892105463,0.019730998076901367,0.015655453385838517,1.0256786126894168,-0.014716920461570578,1.6689386046510986,0.21009235499379977,0.024290802062655548,1.019836146992193,-0.0008606466026311386,0.017404814260580947,0.1752614202997971,0.16625704674586395,0.021256579143174817,1.1218743005306409,0.10335241461962033,1.314150921981554,1.0,0.0,0.0,nan,nan,nan,nan,nan,1.6055856666434543,1.5227766949667694
4.25,1.9812874642584248,0.020410703984580978,0.015013271450910552,1.0258193824312527,-0.016731127243667814,1.7300946443685032,0.21539052765182418,0.02982493068445402,1.021118510636311,-0.04868844896334729,0.014065653068389394,0.1775945354871544,0.16806980762298193,0.020297601569251755,nan,nan,nan,1.0,0.0,0.0,nan,nan,nan,nan,nan,1.6042215434790994,1.53399829642145
4.301,2.0428351120298522,0.021399938858423555,0.013956814173855279,1.025941085072596,-0.017883461822230894,1.7709285392860072,0.21658737092916186,0.02910177105115741,1.0217924394407747,-0.031284114430297286,0.01410532335520974,0.17914808481024067,0.16931632046298062,0.020821850387726243,nan,nan,nan,1.0,0.0,0.0,nan,nan,nan,nan,nan,1.5910892318888483,1.5422275915475319
4.352,2.083867910527298,0.02203533312047547,0.013220029602676027,1.0259118837981078,-0.018807732878538368,1.8322106491041852,0.2195522801221593,0.030862072360618335,1.0225672184681445,-0.02184571675813365,0.013226861318236844,0.18147199680673115,0.17109444719921207,0.019930478717037067,nan,nan,nan,1.0,0.0,0.0,nan,nan,nan,nan,nan,1.5955560309146641,1.534649384136286
4.4,2.1248985267000706,0.0226482150456044,0.012436562330646652,1.0258211221125033,-0.020177886208552077,1.8401452281726756,0.21957721900641666,0.03167268857544059,1.0210728262175313,0.0073846071437231545,0.0132943216132568,0.1720187100174699,0.16304367476693202,0.020426959109927704,1.5719982128514385,0.20875231824223678,0.2785821340689951,1.0,0.0,0.0,nan,nan,nan,nan,nan,1.6151809883531005,1.5150012641332962
4.45,2.1864384519693636,0.023519370587823694,0.011117633174395701,1.0257328995529553,-0.02363965663086506,1.9015213855114816,0.2137672097616746,0.019823372104255107,1.0219065072858757,0.018949211868529724,0.019244184004835425,0.17439863182823417,0.16489316528595566,0.01963690860619864,nan,nan,nan,1.0,0.0,0.0,nan,nan,nan,nan,nan,1.6151809883531005,1.5150012641332962
4.5,2.2479746410107286,0.024325631706361085,0.00961219116566541,1.025612519786534,-0.02569544366339514,1.9423932778432924,0.21460089606920543,0.0188539001155732,1.0223107110125895,-0.020741054258603415,0.019180826548074837,0.17598236589638105,0.16616214761723255,0.020121755315271283,nan,nan,nan,1.0,0.0,0.0,nan,nan,nan,nan,nan,1.600333788112103,1.5262520958049668
4.550000000000001,2.288993441228774,0.024824043311383465,0.008599856470609596,1.0254735273282383,-0.024906631262636265,2.0037649640139508,0.2136933469125115,0.014639456725458633,1.02276383661981,-0.02599604222634263,0.020582681275186074,0.1783500550284733,0.1679749114991832,0.019327701994975844,nan,nan,nan,1.0,0.0,0.0,nan,nan,nan,nan,nan,1.581933669813419,1.5423240673728797
4.603000000000001,2.350510610803693,0.025509103791020334,0.007178158032290431,1.0252201048845715,-0.02267284982888228,2.07266449400997,0.18470383943664426,0.012817469050134367,1.023381187301926,-0.020108060781578136,0.02068432546412606,0.17025411452092407,0.16106920486008006,0.020024946825471217,2.0905068160373026,-0.07838558109807205,0.32260523082103953,1.0,0.0,0.0,nan,nan,nan,nan,nan,1.5653625731598477,1.5535360053273368
4.651000000000001,2.391512843390816,0.025922829872341412,0.006317602020207199,1.0250051149558146,-0.02078221902982236,2.1136265013613382,0.1833455982979604,0.00973446487763807,1.0234038553212432,0.0003452428221415159,0.021986165075816223,0.1718663258156085,0.16229630558100908,0.01904224436233994,nan,nan,nan,1.0,0.0,0.0,nan,nan,nan,nan,nan,1.5735000693323753,1.5440034060701573
4.7010000000000005,2.4530004659732105,0.02647819606775473,0.00512970894534865,1.024680230340813,-0.019395173415551633,2.1545602974958284,0.1837530733812894,0.008985951240330525,1.0233885032551664,-0.018881028088487767,0.02195878524027823,0.17347502947689777,0.16358431341857457,0.019494353205337277,nan,nan,nan,1.0,0.0,0.0,nan,nan,nan,nan,nan,1.5735000693323753,1.5440034060701573
4.752000000000001,2.4939816648834574,0.02680556182676017,0.004384765971784259,1.024462876384359,-0.01807363242569878,2.2160544913101443,0.1778846857853871,-0.0010681719573599757,1.023341028636107,-0.004990555378225253,0.025919288374839783,0.17587860204278533,0.16542623083982533,0.018831205147077115,nan,nan,nan,1.0,0.0,0.0,nan,nan,nan,nan,nan,1.5641700357861,1.5522100706519046
4.800000000000001,2.534954638131665,0.027100065499909193,0.0037060735168620495,1.0242529085037018,-0.01613502380056176,2.2569870744534626,0.17784760424611742,-0.002327107795765393,1.0232797666940368,-0.025381800215877666,0.02588666586410637,0.17747312863678805,0.16669240579519748,0.01927023062442667,2.7362413211039316,-0.1729573100026263,1.2590820589068223,1.0,0.0,0.0,nan,nan,nan,nan,nan,1.5541273854265687,1.5612280934368084
4.8500000000000005,2.596399123877717,0.027483805504618306,0.0028673045297850854,1.023951896527664,-0.012197531734599516,2.3721317310612737,0.14505551060930633,-0.0002556153997068655,1.0259099485380216,-0.003190292526822124,0.02450187049634689,0.16969725515318157,0.16004391454392358,0.018579921859248446,nan,nan,nan,1.0,0.0,0.0,nan,nan,nan,nan,nan,1.5435807469406755,1.570794529414211
4.9,2.637351063584765,0.02770387678426105,0.002434416450607605,1.0236616146888868,-0.0102988846965472,2.41316155802559,0.1450229169781788,-0.0007697545422273855,1.0252644558636288,0.007804020334898139,0.02451382546394035,0.171324311302018,0.16134883511246076,0.0190066059945642,nan,nan,nan,1.0,0.0,0.0,nan,nan,nan,nan,nan,1.5549295843271538,1.550932904298874
4.95,2.698752187369447,0.02798422817234371,0.001864441459665424,1.023141809023862,-0.009082398922410764,2.4746541339543873,0.14573316040302217,-0.0007356095666390949,1.0245096474156197,-0.007057408543714219,0.02406020845548997,0.17375476840890172,0.16321707262964855,0.018355088255742877,nan,nan,nan,1.0,0.0,0.0,nan,nan,nan,nan,nan,1.5549295843271538,1.550932904298874
5.0,2.7396712049663923,0.02814125757615908,0.0015223433073794546,1.0228721333165594,-0.008118671023583391,2.5156300335088604,0.14570332721727558,-0.001366008447807765,1.0240865164116602,-0.013366046694250575,0.024049758496433666,0.17536680339709304,0.16449924450339737,0.018862378373840947,2.4383418976945284,-0.7416883966720464,2.8634457674240377,1.0,0.0,0.0,nan,nan,nan,nan,nan,1.5495520236778813,1.557349407921393
5.050000000000001,2.8010322032200765,0.02833796901635418,0.0010982969162910857,1.0225405002046324,-0.006238200138539098,2.5685040418412974,0.05757600965604311,-0.002739155513904023,1.0230833613224493,0.00469258231387746,0.02510691588245978,0.1679559658719715,0.15819079829181634,0.018188842171245122,nan,nan,nan,1.0,0.0,0.0,nan,nan,nan,nan,nan,1.5461086736493224,1.5608578251412473
5.1000000000000005,2.8419301576112805,0.02844611906715781,0.0008757138902780055,1.0223871212738582,-0.005286048567410782,2.609425169582161,0.05746582835768636,-0.0029304087205113123,1.0228909619800528,-0.0017660222807539551,0.02509931387767696,0.1695995125748167,0.15950976745716655,0.01859247148113248,nan,nan,nan,1.0,0.0,0.0,nan,nan,nan,nan,nan,1.5521863574766148,1.5566354385154653
5.15,2.9032675923660114,0.028578446958001946,0.0005975491831761365,1.0222016434637993,-0.004090667806069422,2.6707665976760193,0.06077813308003992,0.0014122793365287656,1.022626883780454,-0.00637815957016023,0.023296754758837433,0.1720543435657894,0.16139992548396595,0.017986268362443006,nan,nan,nan,1.0,0.0,0.0,nan,nan,nan,nan,nan,1.5490177087493422,1.5592367371709244
5.2,2.9645944252902976,0.028680311160704873,0.00038148446872412675,1.0220321350707837,-0.0034066345376173707,2.7321195135079597,0.06084212115318867,0.0014269080851856408,1.0223993734674872,0.010674652151318516,0.023313041895681893,0.17449346562918788,0.16334070133872328,0.018577388157346875,nan,nan,nan,1.0,0.0,0.0,nan,nan,nan,nan,nan,1.5535243925207094,1.554390943809331
5.25,3.005473471478898,0.028733628017751808,0.00024553751602820844,1.021921683566351,-0.003445205037516727,2.832008714919132,-0.03084805017038641,-0.005112906464321831,1.025612949839945,-0.017357468213137845,0.025522180748894223,0.16640919132416143,0.15654241546805306,0.017793612109390386,3.274487208444614,-0.8514840849006835,4.057542912842957,1.0,0.0,0.0,nan,nan,nan,nan,nan,1.556854168827948,1.5504080542435603
5.300000000000001,3.0667767655655807,0.028795948712885693,9.118154137425376e-05,1.0214973220981507,-0.0014687162265858008,2.8730241389230073,-0.031052068862228697,-0.005588841440713033,1.024788626892485,-0.021770483993784936,0.02551523248940672,0.16806521277906344,0.15787427161494827,0.018178656483157814,nan,nan,nan,1.0,0.0,0.0,nan,nan,nan,nan,nan,1.533644132063212,1.562908854258655
5.351,3.1076298895487042,0.028828009917136983,7.895383359890892e-05,1.0212140377293344,0.00039084083205181644,2.9344654308250995,-0.0267718825842696,0.0003100007635481461,1.0237769103925356,-0.009368570841065323,0.023324278070101862,0.17053859925114898,0.15978474717991903,0.017620664232889955,nan,nan,nan,1.0,0.0,0.0,nan,nan,nan,nan,nan,1.5317538478280406,1.566032675991582
5.4,3.1484733361923416,0.02885401482711896,0.00011947632497805718,1.021000686858129,0.0010850487535071975,2.975411095699516,-0.02673775830097117,-0.00037364844735687797,1.0232650119037157,-0.03568625717677966,0.023299325281718863,0.17217883962329247,0.161092164559704,0.017995114692831483,nan,nan,nan,1.0,0.0,0.0,nan,nan,nan,nan,nan,1.5464875783894487,1.5531452494103952
5.4510000000000005,3.2097254173058745,0.028884731739187194,0.00021043252643607413,1.0207604268178134,0.0022298185829873135,3.0162642521687015,0.016276246639101176,-0.0023419430406845802,1.021436157716685,0.008324342771583993,0.024670203433202233,0.165158924627707,0.15518068440905755,0.017505886839256978,2.8039747586045536,0.45942882743822033,0.9874936569335528,1.0,0.0,0.0,nan,nan,nan,nan,nan,1.5351193842322055,1.5648858884389125
5.5,3.250554067347434,0.028902292662034392,0.0003148728319934181,1.0206914292924432,0.002515141168134065,3.0571206279231924,0.016163479862874183,-0.0025010739286788213,1.0213437350534225,0.01719428612533765,0.02467776170910288,0.16682681871850108,0.1565229914637828,0.017873491098273585,nan,nan,nan,1.0,0.0,0.0,nan,nan,nan,nan,nan,1.551966849943985,1.5524531774023906
5.550000000000001,3.3117952186802557,0.02892645865738873,0.0004398983591246892,1.020653836878382,0.0016913396338292942,3.1184021866722813,0.014974584288831217,-0.0030573509751481427,1.0212068804459034,0.014286264995922882,0.025143218966925954,0.16931805339155656,0.15845020052190592,0.01734412038959293,nan,nan,nan,1.0,0.0,0.0,nan,nan,nan,nan,nan,1.55486866620241,1.5487614423810823
5.6000000000000005,3.3526207686239995,0.028942449331370856,0.0004940104856081752,1.0206060234287444,0.001206034848714109,3.159249226245931,0.014845810235480804,-0.002988239007026383,1.0211075817577244,0.012723697303150884,0.02514220469566356,0.17097015125636925,0.1597674598380496,0.017704556947703856,nan,nan,nan,1.0,0.0,0.0,nan,nan,nan,nan,nan,1.5525308653261953,1.5504494630575592
5.651000000000001,3.4138553829434053,0.028967664425918874,0.0005528234107764054,1.020529999421006,0.0,3.1944883990556536,0.057416610338215615,-0.010100503681163886,1.019309604641105,-0.0019502312629678397,0.027542459707117814,0.16400451097894095,0.15393434465356245,0.01718808515838307,2.9557332584200897,0.5296641576737541,1.1971411270716457,1.0,0.0,0.0,nan,nan,nan,nan,nan,1.5372415780974014,1.5506070218658456
5.703,3.475088582683119,0.028995830276590574,0.0006507548198666114,1.0205749559266581,0.002612167885960556,3.2352611968490828,0.05700225579830638,-0.009645758066906929,1.0195446438658657,0.011393972626934113,0.02755198499832737,0.16568134914440766,0.1552863409144311,0.01764425938565576,nan,nan,nan,1.0,0.0,0.0,nan,nan,nan,nan,nan,1.5423719743506252,1.5694097183808067
5.75,3.515913017936296,0.029017540532411946,0.0007806525001076498,1.020602332175352,0.0035168470637090498,3.2964387105901993,0.05384627733375873,-0.012266247789206373,1.0197998532538273,0.016596167751767088,0.028614138906413396,0.16818651988704106,0.1572293351567359,0.017099860496749213,nan,nan,nan,1.0,0.0,0.0,nan,nan,nan,nan,nan,1.5423719743506252,1.5625969722600073
5.801,3.5771493014306928,0.02905561669860053,0.0010299554164813647,1.0205722340501338,0.004642948067620919,3.337228724294812,0.053370929780997306,-0.011458927930448672,1.0198860058167685,0.0011806874483152431,0.028603906860548846,0.16984813134584884,0.15855568135078568,0.017446007465221586,nan,nan,nan,1.0,0.0,0.0,nan,nan,nan,nan,nan,1.5395829761648754,1.5636303496191815
5.8500000000000005,3.6179713716513344,0.029086191495452093,0.0012431019888103079,1.0205162453046683,0.005790703119749214,3.4288422754076704,0.03602026026526566,-0.01308517987164315,1.0219028380854671,-0.0057108272022997845,0.029034596175358425,0.16306873084439982,0.15290164826208089,0.016952572372841777,3.6666574662733398,-0.11638848352817475,0.4009168151105964,1.0,0.0,0.0,nan,nan,nan,nan,nan,1.533944090202148,1.5680164776022467
5.9,3.6587894020786957,0.029122473045820503,0.0015086119933884065,1.020359355293416,0.007234785560422648,3.469710992412064,0.03549233203294376,-0.012240640089236976,1.0215095528636116,0.00895333673971855,0.029044092976930277,0.16475480336519885,0.1542619912413044,0.017292897954512897,nan,nan,nan,1.0,0.0,0.0,nan,nan,nan,nan,nan,1.5251098611755671,1.569705067918458
5.95,3.7200007867484057,0.029190033194184485,0.0020070437881397098,1.0200568554529343,0.008766660105148547,3.530986557995181,0.03463492110752637,-0.011204738643805,1.0210144034966409,0.017054304937797013,0.029098869511350326,0.1672733362429324,0.15621851594071515,0.016819290495315473,nan,nan,nan,1.0,0.0,0.0,nan,nan,nan,nan,nan,1.5322333222367308,1.5626859848796806
6.002000000000001,3.781196376358544,0.029276642954886346,0.0025478083336505147,1.019822129663979,0.009030279503603654,3.5718218905949897,0.03419241866191418,-0.011183378103567954,1.0207481382332846,-0.00455372780624448,0.029084328561690936,0.1689435359678475,0.15755261389612252,0.017221162183375948,nan,nan,nan,1.0,0.0,0.0,nan,nan,nan,nan,nan,1.5284025072153544,1.5667129167055416
6.0520000000000005,3.8219863489119534,0.029347265142842045,0.0029266208022907655,1.0196881419483466,0.009832831903819011,3.63303744854154,0.028376936692889345,-0.016952455157030144,1.0204049556773342,0.008187382123198101,0.03092488757136396,0.17143318511216094,0.15946709171994344,0.016752026141654535,4.5180555491847025,-0.01115121056100504,2.8091320167965157,1.0,0.0,0.0,nan,nan,nan,nan,nan,1.5284025072153544,1.5667129167055416
6.1000000000000005,3.8627713167721645,0.029429907270009856,0.003345803433027995,1.0195695319621074,0.01092939262909816,3.767189452318806,0.02400938859566883,-0.017527502607632698,1.0257758740955785,-0.002237783480642354,0.03092291482280773,0.16385743247019527,0.1532956246314984,0.017074760937265593,nan,nan,nan,1.0,0.0,0.0,nan,nan,nan,nan,nan,1.5247652232731452,1.570359500531735
6.239000000000001,3.883162116610059,0.029476135049861085,0.003573230593633982,1.0195157782163207,0.011515020711043258,3.787701834820642,0.02365269463699353,-0.017685690017912314,1.0253202452000116,-0.005757982134705438,0.03091953158816224,0.16470119094419183,0.15397663130914271,0.017238867980525745,nan,nan,nan,1.0,0.0,0.0,nan,nan,nan,nan,nan,1.5109441738629115,1.5667790009824576
6.253,3.9646849975397993,0.02969846014683092,0.00462903428811403,1.018654155214609,0.014482894630321153,3.8696462405249332,0.023109352399588307,-0.016670573127526733,1.0230611464103547,0.009921284897231689,0.03060781100093681,0.1680595734427982,0.15660689012036969,0.01694514696535459,3.358194799850763,0.3486176040842938,1.546699393806087,1.0,0.0,0.0,nan,nan,nan,nan,nan,1.5382653324624262,1.5478079912339602
6.3020000000000005,4.086872964200704,0.03016133889807502,0.006463200886583086,1.0179666874854778,0.014361370477473998,3.9120236883132833,0.05807045636633692,-0.006220906055587338,1.0176284880590318,0.018636330882753814,0.028181446691579584,0.16312114972524283,0.15249368343791,0.016927584152833054,nan,nan,nan,1.0,0.0,0.0,nan,nan,nan,nan,nan,1.5382653324624262,1.5478079912339602
6.3500000000000005,4.127592789338645,0.03035422979110741,0.006999004642819413,1.018052538804123,0.012762703941782255,3.9730242613845514,0.0490412929001568,-0.014972070439144058,1.0178280509667845,0.01677085803220922,0.03116208849085571,0.1656570789118826,0.15447342820332316,0.01644640985339616,nan,nan,nan,1.0,0.0,0.0,nan,nan,nan,nan,nan,1.549269717248381,1.548672529402332
6.4,4.188682310057353,0.030682815951883734,0.0077405143160525535,1.0182220788281353,0.012600811153883349,4.013734453957463,0.048426378020385547,-0.014725745477341512,1.017993115437873,0.020722583375531733,0.031163403932853502,0.16733946648900294,0.15582063073498187,0.016760042903458554,nan,nan,nan,1.0,0.0,0.0,nan,nan,nan,nan,nan,1.5313862744390152,1.5649610500197075
6.45,4.229412777964361,0.030928465261525193,0.00825170775048491,1.0182855631561492,0.012855392559944884,4.074833858787735,0.05043135319687953,-0.011199219978488719,1.0181672002640632,0.018314789442169223,0.030232128699217754,0.16984811662862634,0.1577571719026507,0.01633223811578781,3.8329973084704556,-0.24583764359617877,0.5290916732746891,1.0,0.0,0.0,nan,nan,nan,nan,nan,1.5325653986990817,1.562387076574482
6.501,4.290510912581633,0.03133599084312522,0.009018029709515825,1.0183178327359237,0.012597747592750442,4.0904939538389735,0.023164038295986386,-0.0103546678341786,1.0167257029096248,0.027884376876634316,0.0302939829496392,0.16252662655524502,0.151826016357598,0.0167056087388578,nan,nan,nan,1.0,0.0,0.0,nan,nan,nan,nan,nan,1.5361207660282366,1.5574010947535533
6.550000000000001,4.3312446330288825,0.03163328170501398,0.009507301954019342,1.0183905252810987,0.011935968306459469,4.151543018370116,0.02769960781537532,-0.0036968238651948764,1.017153826572472,0.023570405773358605,0.02861855784063667,0.16507332341122072,0.1538146983925544,0.016278868382642277,nan,nan,nan,1.0,0.0,0.0,nan,nan,nan,nan,nan,1.5429077593382339,1.5541023083613899
6.6000000000000005,4.371981403810604,0.03195080209728644,0.009959440041611525,1.0184509229306866,0.010761797299998297,4.192231192729701,0.02756303064307035,-0.0032347263393988075,1.017367599493159,0.0057547040206151244,0.028610787405644454,0.16676275706393778,0.15516677773638207,0.01665312808220944,nan,nan,nan,1.0,0.0,0.0,nan,nan,nan,nan,nan,1.5500794215724907,1.5447885838099682
6.651000000000001,4.433088055150316,0.03246345315322384,0.010540031551966493,1.0184634583086665,0.009193589291373237,4.2533040892450655,0.031005284857048197,0.0014141421628477422,1.0176005082940938,0.001904388733487139,0.027517799343759565,0.1692816526970874,0.15711172152588973,0.016229785071270483,nan,nan,nan,1.0,0.0,0.0,nan,nan,nan,nan,nan,1.542875264160031,1.5504830424857088
6.7,4.494192572103104,0.03301776010701544,0.011047977676622358,1.0184078415504805,0.007815539627906647,4.274458383972317,0.028900238783269777,0.002503325182973359,1.0164065745918256,0.02809108612160053,0.027537341230941204,0.1619039075020098,0.15115377186959708,0.016524129462016188,4.085461629096345,0.0070290621266978805,0.1290678386685995,1.0,0.0,0.0,nan,nan,nan,nan,nan,1.5475261356006094,1.5442534192276214
6.751,4.534927850187964,0.03340808477297967,0.011315273407893702,1.0184252199622779,0.0058441280718510135,4.335471553735142,0.032731827493373555,0.007574544799524575,1.0168117058545287,-0.01192708900602219,0.02639972884761142,0.1644566267814775,0.15315155513613654,0.016115058860938582,nan,nan,nan,1.0,0.0,0.0,nan,nan,nan,nan,nan,1.5610278419005645,1.5335131853048796
6.807,4.596031131388755,0.03402137964265407,0.011583534787405588,1.0184109478827157,0.003831615680597132,4.396484121540182,0.03320176138906171,0.009308349796817161,1.0170982732253948,0.02923060197139804,0.026423017162489407,0.16699436764038603,0.15518389762166732,0.01667166723786234,nan,nan,nan,1.0,0.0,0.0,nan,nan,nan,nan,nan,1.5704066648290251,1.5206355165028687
6.854,4.636764683236204,0.034446249763101885,0.01168043709773679,1.0183586305703138,0.0013178857121630369,4.437159197381461,0.03147719511687349,0.006517537672527495,1.017222987921907,0.02589149382836141,0.027016633043353735,0.16867604004399803,0.15646221563878965,0.016071738141591612,nan,nan,nan,1.0,0.0,0.0,nan,nan,nan,nan,nan,1.5637823453776303,1.5257572483888082
6.9,4.697859674190681,0.03510144727193567,0.011638950363983233,1.0182429977248826,-0.0018514860310351756,4.5251162704891295,0.07777652667050391,0.006095700324498577,1.0203917058808372,-0.020140927410084455,0.026906484512233004,0.16139404513218267,0.1505945078378644,0.01635873762312367,4.915671633877967,0.5438667947808811,1.7084336586058333,1.0,0.0,0.0,nan,nan,nan,nan,nan,1.5637823453776303,1.5257572483888082
6.95,4.738582218664145,0.03554780459047134,0.011551401222557428,1.0179916592970162,-0.00202033660148403,4.586323162773802,0.07906737921235044,0.008117990493717642,1.0195251213779015,0.02786201539916479,0.026658781824843377,0.1639533540819316,0.1526007955079246,0.01605346812779861,nan,nan,nan,1.0,0.0,0.0,nan,nan,nan,nan,nan,1.539504229776415,1.539509624819191
7.0,4.799644070074031,0.03622569083551052,0.011386220356358018,1.0175955643857024,-0.003925743354772549,4.627098221686202,0.07940135430723858,0.008564793129376636,1.0190792656087713,0.017153226973169084,0.026655752752798655,0.16565122487125633,0.1539622611275509,0.01634219303743732,nan,nan,nan,1.0,0.0,0.0,nan,nan,nan,nan,nan,1.5625911808263677,1.5180461712091502
7.050000000000001,4.840340647013321,0.03667941097467106,0.011189962915450685,1.0173912634506777,-0.0054102902151293986,4.68822892829608,0.07976459140209569,0.00838619139810781,1.0185244123020183,0.017259573334527597,0.026696168079315165,0.1681827689675926,0.15592327395965955,0.015943792585387764,nan,nan,nan,1.0,0.0,0.0,nan,nan,nan,nan,nan,1.5592124953885809,1.5218084606738893
7.1000000000000005,4.881029982232888,0.03713253441488181,0.010943024929289068,1.0172253309660146,-0.0066095062210799315,4.7289654619425985,0.08012347649979173,0.00824158048342616,1.0182343193872738,-0.016425241526555282,0.026682775436068947,0.16985905354150463,0.15725809174323221,0.01622980151180473,5.266345620446695,-0.018690326744841584,1.0711196424869327,1.0,0.0,0.0,nan,nan,nan,nan,nan,1.5593982319457909,1.5223610634218376
7.15,4.942048505663038,0.03780701107521133,0.010499079989498549,1.0168053014325802,-0.0077922627754075605,4.845870402864109,0.07113354717698461,0.0067279559199842085,1.0207757724767126,-0.03459292661241194,0.026856506791498952,0.16339302304906422,0.15202732768925797,0.015838851264780546,nan,nan,nan,1.0,0.0,0.0,nan,nan,nan,nan,nan,1.5500179679567465,1.5209856001550819
7.2010000000000005,5.003036915035049,0.03847001886271506,0.010060650427338612,1.0163435331699615,-0.0064060844314093425,4.886692230681428,0.07139396418605985,0.006685239366307272,1.019975473741255,0.0001099088256833112,0.02687087279144165,0.1650926783412911,0.1533931946673455,0.016122365045930075,nan,nan,nan,1.0,0.0,0.0,nan,nan,nan,nan,nan,1.5318051514611952,1.5410739146902876
7.250000000000001,5.043683492796411,0.03890378086453883,0.009812646701517866,1.016132591809273,-0.006289790070244311,4.9478693199739325,0.06631235591907027,-4.7788109929225435e-05,1.0189977235592014,-0.013869430499129193,0.028299273351080262,0.16762748280584894,0.1553619070622311,0.015748109551899106,nan,nan,nan,1.0,0.0,0.0,nan,nan,nan,nan,nan,1.5463566982624044,1.5279244904083884
7.300000000000001,5.084322804692095,0.03932970648495224,0.009570908011913631,1.015973441525426,-0.005561614331618424,4.988624177085718,0.06630003949042539,-0.00033940736707815944,1.0185092821257835,-0.00012224455800240045,0.02830385255542338,0.1693062757039505,0.15670076915874728,0.016026833974596633,5.365637932295226,0.5103913452794338,1.228410947364434,1.0,0.0,0.0,nan,nan,nan,nan,nan,1.5316568645616755,1.5446076884773179
7.351000000000001,5.145272891285201,0.03995446098097466,0.009296656148498325,1.0158130704869748,-0.004099120203031104,5.088648733994912,0.11151914825456534,0.006291523146180201,1.0201363369513616,-0.01826697961141736,0.026751801480087746,0.1629277297240591,0.15155000524511986,0.015718326462389756,nan,nan,nan,1.0,0.0,0.0,nan,nan,nan,nan,nan,1.5369865431125496,1.5398178701204082
7.4,5.185900183546784,0.04036129527124695,0.00914421964667051,1.0156391248515368,-0.0037051349947588583,5.12944555468366,0.11174582362836943,0.005639242911037012,1.0193683470265475,0.011409177688801213,0.026763173390949795,0.1646304253523608,0.15291940974954474,0.015995994884763273,nan,nan,nan,1.0,0.0,0.0,nan,nan,nan,nan,nan,1.5367625118146508,1.5341539200940046
7.45,5.246826353722819,0.04095667869859768,0.008910941629296567,1.0153696830114993,-0.004394720871055612,5.190590323953513,0.10746719705335886,0.0001817828534442789,1.0184297267670368,0.015730123008055888,0.027917749918831444,0.16717008113794724,0.15489449226733432,0.01563126500096892,nan,nan,nan,1.0,0.0,0.0,nan,nan,nan,nan,nan,1.5483505268081361,1.5239014575236343
7.500000000000001,5.307740432190191,0.04153425943617692,0.008621730626933808,1.0152114149911,-0.004903063777580182,5.231322648948869,0.10749217584423552,0.00015696943400733685,1.0179604756818874,-0.01487112296742903,0.02790651999907227,0.16885226097406178,0.15623665855317118,0.015906823806537778,5.348075261362,-0.02835080035104038,0.11618966785728127,1.0,0.0,0.0,nan,nan,nan,nan,nan,1.5428408109838063,1.5313055477881443
7.550000000000001,5.348345955488601,0.04191024433079957,0.008448385099683955,1.0151453785194562,-0.0038558759795612302,5.3043877653760045,0.09526640788293156,0.0003273121857376715,1.0180631345329216,0.00898938532423888,0.027974582651413834,0.16254699842750683,0.15115206066633127,0.015546550645971106,nan,nan,nan,1.0,0.0,0.0,nan,nan,nan,nan,nan,1.5308187420473036,1.5438373461960007
7.601000000000001,5.388949060377825,0.04227927964431858,0.00831165171722282,1.0150777144922356,-0.0033803181917450727,5.345105732320607,0.09528722485216909,0.00025756814523569815,1.0176229742453737,-0.0073546697549364435,0.0279687672838931,0.16425334870208894,0.152524317043672,0.015820082887543527,nan,nan,nan,1.0,0.0,0.0,nan,nan,nan,nan,nan,1.5400145294126208,1.5334304255509348
7.651000000000001,5.449848250777915,0.042819569174975994,0.008120712331715223,1.0149741876233709,-0.002810381798320114,5.406150441520481,0.09713188909372403,0.002561003822342034,1.0170765773954358,-0.0015297210794685096,0.027533221330687436,0.1667986566019988,0.1545046651687247,0.015595562835928787,nan,nan,nan,1.0,0.0,0.0,nan,nan,nan,nan,nan,1.5397838640810908,1.5402910418778195
7.7,5.490445406581436,0.04317176097330145,0.008018431113408617,1.0149454569188694,-0.0025373855116801493,5.4468303676005565,0.09726118551207652,0.0032304313488915604,1.0167928189181172,-0.008170464699958703,0.02753149749906546,0.16848467011311827,0.1558495189418716,0.015816060426258407,nan,nan,nan,1.0,0.0,0.0,nan,nan,nan,nan,nan,1.5397838640810908,1.534885784712882
7.750000000000001,5.551339054090345,0.043688772766246595,0.007867615542375942,1.0148996911611645,-0.002435567710679342,5.477638889296256,0.11837860727828063,0.0036629816389024406,1.0145811532354154,0.0008270026374628435,0.02761256956004638,0.16209137244697874,0.15070481699964342,0.015460710558970832,5.174507211310068,0.3364922476603858,0.5157396617467801,1.0,0.0,0.0,nan,nan,nan,nan,nan,1.5381536773224884,1.5365276059575341
7.800000000000001,5.59193494168769,0.044026418729158946,0.00776914144878437,1.0149590979714875,-0.0025674087539273886,5.518223769007379,0.11852664511293357,0.002782825299927794,1.0147634358439093,-0.0206864331209186,0.027604132986807032,0.16379977394455322,0.15208023230871767,0.015729226319735865,nan,nan,nan,1.0,0.0,0.0,nan,nan,nan,nan,nan,1.5453727742938352,1.535214448372522
7.8500000000000005,5.652836991212095,0.04452341972077169,0.007618394158593719,1.0151082153897608,-0.0021167853705802847,5.579107523138859,0.1235420763461668,0.008306698128852652,1.0149619959821927,0.024797916001878452,0.026486465562588594,0.16634913009799537,0.1540664683421611,0.015388104494640812,nan,nan,nan,1.0,0.0,0.0,nan,nan,nan,nan,nan,1.5348185697996817,1.5444836332489986
7.9030000000000005,5.713744638246252,0.04500941292241956,0.007452212272267588,1.0151639040811908,-0.004023973178823673,5.6197052483943155,0.12388875807460742,0.00883467884152278,1.0150298396682536,0.009419130933320067,0.026482951327162944,0.16803833382665698,0.15541431924163096,0.01577532081846354,6.779230755107908,0.5014590155733163,5.352153771194802,1.0,0.0,0.0,nan,nan,nan,nan,nan,1.5548748809908441,1.522128518802281
7.95,5.7543506583329815,0.04532610034375128,0.007251963538388259,1.01516808223988,-0.005475849107625798,5.798746363355444,0.16102986663218868,0.012579404219962507,1.0219056829628614,-0.006559757266868909,0.025643541436233604,0.16186475892239788,0.15044738241285988,0.01546590513622326,nan,nan,nan,1.0,0.0,0.0,nan,nan,nan,nan,nan,1.5548748809908441,1.522128518802281
8.002,5.8152430371215615,0.045789979247588986,0.006868735959165495,1.014574935025456,-0.006974662993337296,5.8396050152825545,0.161544914031878,0.012349433212727856,1.0205190804407969,-0.010947882371480323,0.02564245378505568,0.16357776980502844,0.1518251862744493,0.015728749663464266,nan,nan,nan,1.0,0.0,0.0,nan,nan,nan,nan,nan,1.5428303711689884,1.511978681977614
8.05,5.855815187689325,0.0460896630526224,0.00657305267481218,1.0141805900729275,-0.00760518194415301,5.900794485723463,0.16264761833895414,0.012948729083390289,1.0188426091781702,0.028405342784500548,0.025571754957198344,0.16613254497763302,0.15381535137287947,0.015379754064187763,nan,nan,nan,1.0,0.0,0.0,nan,nan,nan,nan,nan,1.5428303711689884,1.5155840681363237
8.102,5.916651156040015,0.04652208300210811,0.006039645600881486,1.0138125261480162,-0.010252977014159134,5.941536355466906,0.16317627398328644,0.01338115160582687,1.0180282435050132,0.018592969168894385,0.025569981289667258,0.1678245554423098,0.15516530685742366,0.015641079364041292,nan,nan,nan,1.0,0.0,0.0,nan,nan,nan,nan,nan,1.5615789903472772,1.5009227322870065
8.152000000000001,5.957199170530081,0.04679679033302588,0.0055848566398035105,1.0136566252577897,-0.011962007395168343,6.034538426988832,0.14079632777693563,0.020249471994358,1.0189949160663039,-0.0020152361477606016,0.02432201156921979,0.16153804180139092,0.15011842525897753,0.015296865161778594,6.2741188583244565,-0.16224556447769983,0.7368791260826854,1.0,0.0,0.0,nan,nan,nan,nan,nan,1.5593759869373416,1.500817657053975
8.200000000000001,5.997740881643473,0.04705912069887061,0.005068066281089854,1.0134713895352898,-0.013515329316193505,6.07528070470794,0.1416205161124472,0.019840659402917904,1.0181031610082236,-0.012514519211397622,0.02431935588209202,0.1632514425872371,0.15149859461201487,0.015554172315147767,nan,nan,nan,1.0,0.0,0.0,nan,nan,nan,nan,nan,1.5593759869373416,1.500817657053975
8.256,6.058539015580751,0.04742498686946946,0.004191214311757324,1.0132112997936964,-0.015183202954317965,6.136329139505477,0.14336971915267144,0.019481840042268498,1.0170384907129897,-0.025387921433335164,0.024197928791292702,0.16580762450021055,0.15349322751190958,0.015303152602124519,nan,nan,nan,1.0,0.0,0.0,nan,nan,nan,nan,nan,1.5511281741291445,1.513177663336054
8.302000000000001,6.119326506809497,0.04775275655176569,0.003259116638606367,1.0130842358682555,-0.015620184883479169,6.176997422512484,0.1441626321157895,0.018498697440319845,1.0164992484099338,-0.036565710259088974,0.024193978199727163,0.16750104542837693,0.15484544237366238,0.015560526320839738,nan,nan,nan,1.0,0.0,0.0,nan,nan,nan,nan,nan,1.5456712204274572,1.5194273815264125
8.35,6.159848933312014,0.04794778230600333,0.002642850431151282,1.0130450683341121,-0.015217011431192548,6.244611140123163,0.1622320418205366,0.017510432906653772,1.0162746894120844,-0.02093452635076252,0.024293283139617983,0.1612653662945142,0.14984378266776918,0.01522143439116519,6.2622530827688685,0.3427243083315986,0.15840616670002017,1.0,0.0,0.0,nan,nan,nan,nan,nan,1.5456712204274572,1.5194273815264125
8.4,6.200370108234634,0.04812260000656558,0.0020387892372608187,1.0130115487887592,-0.015140976737582367,6.285251654601005,0.1629315131786418,0.01723138614363506,1.01584904379482,-0.0008802741759951561,0.024299650736689923,0.16298099511966724,0.15122584556645133,0.015477529805721531,nan,nan,nan,1.0,0.0,0.0,nan,nan,nan,nan,nan,1.550458820616294,1.5144997238605198
8.451,6.261149874337256,0.048344179130287226,0.0011073809311527897,1.0129762367334503,-0.01605826013926311,6.3460988837364765,0.17291841497976024,0.027191168440809044,1.0153216825225944,-0.010258608127315843,0.022436710583048546,0.1655408398076076,0.15322420712265122,0.015152460798272604,nan,nan,nan,1.0,0.0,0.0,nan,nan,nan,nan,nan,1.558390350603417,1.5070526785354488
8.5,6.32192888901443,0.04851328265170958,6.271819825245447e-05,1.0129754426418438,-0.018646428949222214,6.386693853948156,0.17402238118553215,0.027446956469185047,1.0150499075229333,-0.0006520171645504548,0.02244122306452437,0.16723685600033406,0.15457827241115513,0.015404840300016022,nan,nan,nan,1.0,0.0,0.0,nan,nan,nan,nan,nan,1.5701226461561273,1.4961363826732859
8.551,6.362448687644532,0.048594438081166404,-0.0007368274561698914,1.0129840848683525,-0.020810817297850025,6.447289087690124,0.2068605266838282,0.019195732565084885,1.0147366270293785,-0.020146760680021664,0.023792278094413425,0.16104428502001508,0.149614407616852,0.015271414548609212,6.403067388929015,0.6036592599211241,0.6717359526434419,1.0,0.0,0.0,nan,nan,nan,nan,nan,1.5745176141775616,1.491804244274688
8.600000000000001,6.4029688173887465,0.048648785181066086,-0.001596888093338596,1.012991931891594,-0.021463355125772132,6.487869119499189,0.20763885917017297,0.01859681939457447,1.0145458947085912,-0.02185746924018691,0.023791816546423098,0.16276271151823582,0.15099805188852744,0.015470468458996918,nan,nan,nan,1.0,0.0,0.0,nan,nan,nan,nan,nan,1.5545403646426463,1.511984503938799
8.652000000000001,6.46374969529918,0.04867808280553814,-0.0028648283457358777,1.0130017711708004,-0.02087623016269158,6.548735185377039,0.20803963022882474,0.016277445455990414,1.014300404043237,-0.01564920164888895,0.023935439278706016,0.16532693316999786,0.15299949305986613,0.015139875638121853,nan,nan,nan,1.0,0.0,0.0,nan,nan,nan,nan,nan,1.5529731466732535,1.513396624135124
8.700000000000001,6.504270531035167,0.04866076626321088,-0.0036901571724091533,1.0130060429186547,-0.020478942241519395,6.589300693404473,0.20868072995656073,0.015309087249293807,1.0141617407177252,-0.007783748085278226,0.023937469049549406,0.1670259299713802,0.1543549099906052,0.015387850959245076,nan,nan,nan,1.0,0.0,0.0,nan,nan,nan,nan,nan,1.5520695059261267,1.5143217166761511
8.75,6.565051929976585,0.04857738811776316,-0.004903745328888196,1.0130062016647294,-0.020130121982467566,6.699560980127873,0.15110919863267336,0.0068580235248738575,1.0167971315303126,-0.003748017725850427,0.025232448508651757,0.16101606493866968,0.14953682554505127,0.015158914714601924,7.079714908996916,-0.3954017197940662,2.1984077920444456,1.0,0.0,0.0,nan,nan,nan,nan,nan,1.553693646948097,1.51240547859483
8.8,6.605570979595423,0.04848307027476229,-0.0056971125433884886,1.0128941979736688,-0.019424152526256365,6.740224853515592,0.15138605177091685,0.006584500024233718,1.0161139602410283,-0.006772871736764946,0.025231617860940997,0.16273878406970982,0.15092098238858248,0.0155307650499034,nan,nan,nan,1.0,0.0,0.0,nan,nan,nan,nan,nan,1.53732722268842,1.5212696896960312
8.852,6.666335312326573,0.048283807155624824,-0.00679742836067222,1.0126262223372495,-0.017571156440922105,6.8011085172039705,0.1574174672367255,0.01059447191278773,1.0152796212547943,-0.034534603638988956,0.02411461311177273,0.16530818842409728,0.15292346880881855,0.015141980117698895,nan,nan,nan,1.0,0.0,0.0,nan,nan,nan,nan,nan,1.53732722268842,1.5212696896960312
8.9,6.706837558459976,0.04811289211616084,-0.007467864049008611,1.0125121938833508,-0.016189280662084585,6.841713314006966,0.15783095051167967,0.009733088296634662,1.0148644027502496,-0.013611743467239118,0.024119488629028275,0.16700994500700364,0.1542793407798383,0.015388381205633874,nan,nan,nan,1.0,0.0,0.0,nan,nan,nan,nan,nan,1.5331599780679064,1.5271759702125067
8.950000000000001,6.767584646740367,0.04780149807144388,-0.008379526397478639,1.012409096383514,-0.01478927485171907,6.83471898266351,0.19153215130179707,0.011783437351790216,1.0101240187228135,0.0014503145887100328,0.023790102123347024,0.16085812430155177,0.14935719859086954,0.015056744448231149,6.193440158409329,0.5204046625060832,2.0822774868160745,1.0,0.0,0.0,nan,nan,nan,nan,nan,1.5405369298419207,1.5203014538146142
9.0,6.828335720325497,0.04742546315371545,-0.00927217975311039,1.012684611910164,-0.015192539219388873,6.875127554865412,0.1919865669659803,0.011412620674434493,1.0107201621696107,0.017074751017458527,0.02379541098737304,0.16258126044939816,0.15074225377149433,0.01530246260010061,nan,nan,nan,1.0,0.0,0.0,nan,nan,nan,nan,nan,1.5565536694068762,1.517999665395826
9.05,6.868848001665588,0.04714012375358602,-0.009901923730961118,1.0128840360852314,-0.01614234980718183,6.935798355383636,0.19124413851371297,0.010409730383396544,1.0114174534560303,0.013621176968390365,0.02407090760153897,0.16515233341883961,0.15274690790570844,0.014985535523716766,nan,nan,nan,1.0,0.0,0.0,nan,nan,nan,nan,nan,1.5611420628412782,1.511086833512552
9.100000000000001,6.909366272954441,0.046827391605603993,-0.010568444295646627,1.0130085789051928,-0.01689501024036818,6.976255964711859,0.19166798971015925,0.008632886989447197,1.0117244096369777,-0.046556428559393494,0.024053372311488897,0.16685573640572618,0.15410366720318408,0.015230530697172713,nan,nan,nan,1.0,0.0,0.0,nan,nan,nan,nan,nan,1.556976973170981,1.512589176650789
9.152000000000001,6.970149105201234,0.04630794461224953,-0.011559697603915205,1.0130969534556493,-0.015309153777087674,7.061016347550939,0.18768239615905533,0.00258256829756931,1.013584384002376,-0.03202802337982804,0.024749181515115407,0.16072948113789767,0.14920634571242616,0.01491704314196572,7.23330028339714,0.18092899210171104,0.20207096161608354,1.0,0.0,0.0,nan,nan,nan,nan,nan,1.529530285791545,1.5385287750055339
9.200000000000001,7.01067149844618,0.04592973850067114,-0.01211294301306469,1.013053126211315,-0.01292100494891273,7.101558085562754,0.1877718244361444,0.0031539815779484397,1.0134213181308882,0.025442625537508333,0.02476463054188997,0.16245439681875723,0.1505924656919245,0.01516133430819039,nan,nan,nan,1.0,0.0,0.0,nan,nan,nan,nan,nan,1.5231495115188856,1.5386504069818798
9.25,7.071446498640264,0.045315494946986154,-0.012828780378419226,1.0128855503284924,-0.012099095178450816,7.162370118339357,0.18683480474357447,0.0027358798570804588,1.013210149755682,0.010624642889547077,0.024973691904446545,0.16502776429210675,0.15259937479268254,0.014860230482272372,nan,nan,nan,1.0,0.0,0.0,nan,nan,nan,nan,nan,1.5469197267682377,1.5146983234404463
9.3,7.111957697503728,0.04487532644055324,-0.013319222071175937,1.0127900091497275,-0.012204588255929915,7.202897135397035,0.1869364104444679,0.002364529276579485,1.0130893460160195,0.005352639063562143,0.02497240209812498,0.1667324693899462,0.15395705196820628,0.015103785189679841,nan,nan,nan,1.0,0.0,0.0,nan,nan,nan,nan,nan,1.540365559345954,1.5212254885005647
9.350000000000001,7.172717402015849,0.04417251632165857,-0.014032845451167082,1.0126623092125218,-0.01158766578495123,7.199266166470997,0.1807115960293719,0.0034347920409745214,1.0088716246237934,0.015405434508999515,0.024877509364258917,0.16062605807504574,0.14908012993107456,0.014804200441366346,6.587271954971599,0.10864308411769696,1.4764239037394582,1.0,0.0,0.0,nan,nan,nan,nan,nan,1.5375655265502848,1.5237334652144205
9.4,7.213222071091347,0.04367651266347995,-0.014489522477512616,1.012746631102163,-0.01144121808343917,7.2396282595833235,0.18085033951653248,0.002547263836037761,1.0096000633702316,-0.020033108532493307,0.024867966427952474,0.16235233559640927,0.15046677781483928,0.015173808728908342,nan,nan,nan,1.0,0.0,0.0,nan,nan,nan,nan,nan,1.5493140043080016,1.5241945704021924
9.450000000000001,7.273992750813876,0.042893348627443824,-0.015155587145942619,1.0130046094274276,-0.010312182884362467,7.30020119877847,0.18333666177737384,0.004784853272950862,1.0104263630370114,0.018080636380285637,0.024456069143038037,0.16492814064317576,0.15247554402933064,0.014911793354507725,nan,nan,nan,1.0,0.0,0.0,nan,nan,nan,nan,nan,1.5324873713992664,1.5383558839031013
9.5,7.314511979768092,0.04234667284421475,-0.015552495506058304,1.0130755493009782,-0.010103319430632664,7.340621757017753,0.1835384485500948,0.005026702458089004,1.0108156234177266,-9.646800424903184e-05,0.024452351861458176,0.16663466944397987,0.15383385128265203,0.015151613826711976,nan,nan,nan,1.0,0.0,0.0,nan,nan,nan,nan,nan,1.5496130692100174,1.5182299689401606
9.55,7.375292279420004,0.041489888265674256,-0.016180625442107913,1.013089027273234,-0.010452361677975966,7.443937297207937,0.21290181671443967,0.0005319263795913188,1.013967128872249,0.010667434279822028,0.025196381048472796,0.16054529320266667,0.1489744621727057,0.014840880242702796,7.781694869324213,0.5648120035099319,1.1795576420538922,1.0,0.0,0.0,nan,nan,nan,nan,nan,1.5418758535896853,1.5242586222474608
9.600000000000001,7.415809681401551,0.040895703359476246,-0.016591760938784974,1.0129469547003245,-0.010124857371609466,7.484492246077476,0.21292076113643502,0.00013365008529930836,1.0136092953440048,-0.00436276193539833,0.025192527182330646,0.16227298720282748,0.1503620425822811,0.015080144546278646,nan,nan,nan,1.0,0.0,0.0,nan,nan,nan,nan,nan,1.5343654736138754,1.521616129416091
9.65,7.476567695644384,0.03997124508882029,-0.017165086585356978,1.012600766668615,-0.008939160563992923,7.545303628816841,0.2123458932863569,-0.0009214017236329753,1.0131657719620233,-0.036064276349849995,0.02528841888464033,0.16485026008000583,0.15237225938511,0.014782160860438494,nan,nan,nan,1.0,0.0,0.0,nan,nan,nan,nan,nan,1.5279531668455417,1.5284214720019567
9.700000000000001,7.537307688060313,0.03901002290284973,-0.017603378471191186,1.0123473152939573,-0.005824925601237507,7.585828005146872,0.2122922598619929,-0.00019339214212266143,1.0129364437505088,0.03073233973929292,0.02530502529735756,0.16655740617084175,0.15373126174949833,0.015020882357623501,6.551612944967721,-0.8661188541236182,nan,1.0,0.0,0.0,nan,nan,nan,nan,nan,1.5140215171316662,1.5430254032636757
9.751000000000001,7.577793228358087,0.03835017381556344,-0.017838720003182144,1.0122091116990288,-0.006263470453257501,7.542785734318851,0.11792754297951206,-0.002552569940232008,1.0068143448145688,-0.023952666642216652,0.02559725753151264,0.160627577327899,0.14899955185316366,0.01481662240736692,nan,nan,8.100299859672148,1.0,0.0,0.0,nan,nan,nan,nan,nan,1.541851792202387,1.5152362906399728
9.801,7.638523417688264,0.037333347653480176,-0.01818557604880068,1.0124819760683772,-0.004659900965882267,7.583068850414685,0.11781686609336112,-0.0025649698858867254,1.0078432282598107,0.004127194959648008,0.025603546503214645,0.16235816894139524,0.15038642927409868,0.015053617541249145,nan,nan,nan,1.0,0.0,0.0,nan,nan,nan,nan,nan,1.5349001638849404,1.5367346867757952
9.851,7.679022901852931,0.036640397983050785,-0.018351557044614518,1.012693850061596,-0.00398204069704118,7.643552697537401,0.12011464594606848,0.0001539936138890141,1.0090605747112165,-0.004482417682485206,0.025185275233293947,0.16493964650718299,0.15239599263448056,0.014755682761615882,nan,nan,nan,1.0,0.0,0.0,nan,nan,nan,nan,nan,1.5349001638849404,1.5367346867757952
9.9,7.719528344503935,0.03593617975449649,-0.018501058943136615,1.012804113747998,-0.00360878043262335,7.683920878286026,0.12011048402986771,0.00024219988768470202,1.0096148895145056,0.015405424556988736,0.025189988430553152,0.16664948044075562,0.1537544217753612,0.014992177933402025,nan,nan,nan,1.0,0.0,0.0,nan,nan,nan,nan,nan,1.533483000000931,1.5340467825700264
9.951,7.780290029522591,0.03486077305108104,-0.018714774681719105,1.0128480380250353,-0.0038156351448905617,7.752771725153409,-0.026535580828336867,-0.00841512031619862,1.0107914194003698,-0.008179973335332328,0.02625364317967258,0.16056190186507688,0.14890608695370655,0.01469663801994509,7.786861772036561,-1.5045087155352697,9.59937248175185,1.0,0.0,0.0,nan,nan,nan,nan,nan,1.5404998128640561,1.5248862808213084
10.0,7.820796676945715,0.03413247570557608,-0.018858248980615153,1.0127805427817114,-0.0029601981709966676,7.793203756397222,-0.02687366826875498,-0.009115939330668787,1.0109704722550623,-0.024322847879189577,0.026248854672810785,0.16229212674936577,0.15029364800645,0.014932689158040333,nan,nan,nan,1.0,0.0,0.0,nan,nan,nan,nan,nan,1.5160030174859163,1.5453139155718372
10.05,7.881549001957161,0.033027283433140944,-0.018921650086915837,1.0126274819676282,0.0,7.8538716818094665,-0.030238793922197665,-0.012342797917471946,1.0111700628697033,0.025870734384108265,0.026721108670919074,0.1648729275189261,0.15230481462762205,0.014648320237773177,nan,nan,nan,1.0,0.0,0.0,nan,nan,nan,nan,nan,1.5079062183615992,1.5523250325193234
10.101,7.942291260637682,0.03191020930414132,-0.018828106186401655,1.0124571642764275,0.0018630386248243767,7.894316196150731,-0.030721366479209856,-0.012645149526627986,1.0112447825385305,-0.022646712006627618,0.02670961804011166,0.16658225088185336,0.1536638178474434,0.014883881201884261,nan,nan,nan,1.0,0.0,0.0,nan,nan,nan,nan,nan,1.5021860811190566,1.5561014966410498
10.15,7.982780133157684,0.031161601492596457,-0.018701618865344903,1.0123375576265596,0.0041259384682323505,7.977336552835399,-0.006094838235042878,-0.004132833516051536,1.0127292508934622,0.04110807709770694,0.025597473511137375,0.16050390382924612,0.1488284105963822,0.01460025475759332,8.135541007509794,0.18726648163388387,0.34959870306923363,1.0,0.0,0.0,nan,nan,nan,nan,nan,1.5021860811190566,1.5561014966410498
10.201,8.043501783252655,0.030037085286200124,-0.018446504368272013,1.0120540128433195,0.0031561500202399013,8.017842581976646,-0.006250338165772784,-0.003889594800898344,1.0124586200038272,0.0024915658496763643,0.02558908105946654,0.16223362841889857,0.1502164566198258,0.01483533628393858,nan,nan,nan,1.0,0.0,0.0,nan,nan,nan,nan,nan,1.5378908728043408,1.5153068373462975
10.25,8.08397269399574,0.029287468576837863,-0.018323680030035375,1.0118670384221937,0.0034207135555485513,8.078574949896835,0.0006480996109668272,0.0030748691979614047,1.0121300996515032,-0.01665141381294891,0.02441911330149736,0.1648136700814701,0.15222884037169276,0.014561398805544233,nan,nan,nan,1.0,0.0,0.0,nan,nan,nan,nan,nan,1.5258796901684013,1.5278921453897243
10.301,8.144666763724231,0.028167341915929376,-0.018111242455345188,1.0116344363758922,0.003316121706933911,8.119058087772798,0.0007762742736886957,0.0028822913183299548,1.0119498969933793,-0.01615115522486299,0.02441910134987976,0.1665225058075875,0.15358820544565133,0.014795971181469483,nan,nan,nan,1.0,0.0,0.0,nan,nan,nan,nan,nan,1.5258796901684013,1.5278921453897243
10.350000000000001,8.185122445296287,0.02742397760820829,-0.017986886004150136,1.0115017270262228,0.0029947367161335388,8.217229629346372,0.03227014971763366,0.001510387422379633,1.014084039426462,0.015962014828986282,0.024797595330956004,0.16045232659577383,0.14876349193555313,0.014521556418198354,8.50984039887398,0.38858925467034855,1.0429992135863686,1.0,0.0,0.0,nan,nan,nan,nan,nan,1.5257768948031314,1.5279380538796967
10.4,8.245792045073145,0.026315006530628435,-0.017854862142354273,1.0111466361076895,0.0011180242611464638,8.257786626325387,0.03234593872805882,0.002827249036831958,1.0134758874143337,0.02119173648380297,0.024800225193899524,0.1621815927703837,0.15015188839811078,0.014755623966612454,nan,nan,nan,1.0,0.0,0.0,nan,nan,nan,nan,nan,1.533018544282572,1.5135897751296852
10.450000000000001,8.286225928606326,0.025579090244000353,-0.017838452790445693,1.0109225661545367,0.0,8.318585786217136,0.027807410021132403,-0.0019192819714541896,1.0127471032354456,0.011452087057773909,0.025543560298750868,0.1647609529242768,0.15216555640652019,0.014581887664063839,nan,nan,nan,1.0,0.0,0.0,nan,nan,nan,nan,nan,1.5376751924441956,1.51008378863373
10.5,8.326652268834458,0.024845578082585917,-0.01786817549738137,1.0107561331180566,0.0,8.359091786724113,0.027737844510524447,-0.0008356330613081829,1.0123764878095383,0.022831045485311757,0.025547139146626412,0.16646936611804633,0.15352531542159706,0.014943549030254518,nan,nan,nan,1.0,0.0,0.0,nan,nan,nan,nan,nan,1.5274244384389433,1.521883540013874
10.657,8.346863302468096,0.024479717006611272,-0.01788561733181277,1.010687970933488,0.0,8.379339315331787,0.027719918862522643,0.00016140406995379664,1.012209204367686,0.03685600510346655,0.025551283653315503,0.1673199208739974,0.15420165554084028,0.015004879863096105,9.191951579126307,-0.917200173645882,5.636822092871791,1.0,0.0,0.0,nan,nan,nan,nan,nan,1.5338438279534936,1.515957172386569
10.700000000000001,8.548837552359808,0.020836017330304973,-0.01799387642678617,1.0093859814377806,0.0,8.644016380693548,-0.05578213578546685,-0.00112075661880251,1.0135132314267867,0.014461723473568845,0.02582291372242069,0.1664214094457403,0.15347288111954716,0.014856887975752058,nan,nan,nan,1.0,0.0,0.0,nan,nan,nan,nan,nan,1.5202862203744627,1.5214857882998354
10.75,8.589204087300319,0.020108735052506297,-0.017982056937062924,1.0092758099128771,0.0,8.620663653402078,-0.13009275466514617,-0.006020934700432523,1.0072966150489209,-0.02481451150001235,0.026500668686073273,0.16036480449673518,0.14866403208045276,0.014567887117264476,7.83077680454649,-0.8675998850759173,4.906377239292816,1.0,0.0,0.0,nan,nan,nan,nan,nan,1.5267972793667184,1.5165573376488384
10.801,8.649759478249573,0.019018623975546625,-0.017934785022629855,1.0096132733668437,0.001771369446157502,8.660961272403839,-0.13034808516277108,-0.005705785630921945,1.007926015099497,0.02196610766186239,0.02651015665993752,0.1620937680366346,0.1500526456033431,0.0147969689948136,nan,nan,nan,1.0,0.0,0.0,nan,nan,nan,nan,nan,1.5128489227719144,1.5487907126247937
10.850000000000001,8.690144855092237,0.018293712923236942,-0.017839123897932317,1.0098685797169826,0.0024416559013730617,8.721447959854185,-0.13558423248591858,-0.011193051102027951,1.0086448389876577,-0.004700321222116554,0.027254105430247255,0.16467360208910517,0.15206717313058354,0.014519267746926124,nan,nan,nan,1.0,0.0,0.0,nan,nan,nan,nan,nan,1.525056916868875,1.5334313869421636
10.9,8.750737084597628,0.01720968945283701,-0.01764184529349716,1.010110082750597,0.004230809864315401,8.761794688333708,-0.13603650497070077,-0.011368176234197058,1.0089809726687886,-0.004093672339081144,0.02725361786105595,0.16638284136616127,0.15342713718998896,0.014748103871995901,nan,nan,nan,1.0,0.0,0.0,nan,nan,nan,nan,nan,1.5106089418063433,1.5461432687307977
10.950000000000001,8.791138180322458,0.016490901202470248,-0.017437736744605345,1.0102077174086832,0.005601081164011486,8.709487151793349,-0.13066447507509918,-0.008857000125400473,1.0022133469565684,-0.028759753674281012,0.026738236587067487,0.1603345918335157,0.148624385192026,0.014471512149675042,7.663432613799891,-0.10309464676935082,4.505027173418542,1.0,0.0,0.0,nan,nan,nan,nan,nan,1.5137554994646205,1.545491412918592
11.001000000000001,8.85175999153268,0.01542060496469791,-0.017021464821407224,1.0108428270929217,0.008017986094166988,8.769666762222466,-0.131189344847064,-0.009340627387926403,1.0045630562423549,-0.02587515620955045,0.026737815176156764,0.16292890833815102,0.15070327099281527,0.014813923033457433,nan,nan,nan,1.0,0.0,0.0,nan,nan,nan,nan,nan,1.5217506466254989,1.5486890311692263
11.05,8.892198494614675,0.014714936138659693,-0.01668147983179864,1.0112382568375846,0.008629175292861349,8.809875172281558,-0.125417042420616,-0.002062751724952516,1.00575886074472,0.014228712947048893,0.02582140680267511,0.1646493900234401,0.15202774846913783,0.014433203365527954,nan,nan,nan,1.0,0.0,0.0,nan,nan,nan,nan,nan,1.5217506466254989,1.5486890311692263
11.101,8.952876680647854,0.013670155273198517,-0.016204535678218883,1.0115399426519889,0.007061678530455679,8.850114676348813,-0.1254924170155395,-0.0011667759844593562,1.0066511153323445,0.0189282311284525,0.025823255761394343,0.16636127501846273,0.15338758972338198,0.014792523959927672,nan,nan,nan,1.0,0.0,0.0,nan,nan,nan,nan,nan,1.5355302836044917,1.5288406070081362
11.152000000000001,8.993335383406079,0.012983585132348537,-0.015959076609080906,1.0116236938532253,0.005558480365493252,8.847642666749202,-0.08236547876069418,-0.0035942226270657684,1.0039379046005983,0.013612134050292305,0.02616706891028861,0.16046725065358033,0.1487037658758101,0.014550968339277374,8.221834216811414,0.4060884922347576,2.4545748811936408,1.0,0.0,0.0,nan,nan,nan,nan,nan,1.5372435608431254,1.524118010240012
11.200000000000001,9.03379843433756,0.012305273987999332,-0.015764934260126894,1.011791121842972,0.004580284672788793,8.88781279350651,-0.08251270139330577,-0.0031029656258363407,1.005183837576795,0.022709665505863355,0.02616919997071734,0.16220263967263251,0.15009147647757284,0.014776687078274795,nan,nan,nan,1.0,0.0,0.0,nan,nan,nan,nan,nan,1.5354293494174207,1.5338749586309255
11.251000000000001,9.094508825193811,0.011303786925752674,-0.015526843023772018,1.0120490486372036,0.0034045119452698848,8.928020183277736,-0.0869318578401905,-0.007716661432573435,1.006220599613089,0.01717412625737808,0.0268146687945654,0.16393045300959952,0.15142224673440705,0.014383399884705092,nan,nan,nan,1.0,0.0,0.0,nan,nan,nan,nan,nan,1.5377912372696492,1.5275160799712673
11.301,9.15522725901465,0.010320145505194604,-0.01533923618918427,1.0121026382284637,0.00320751990140076,8.988416792502084,-0.08739399280647912,-0.006629500401267307,1.0073793511963363,0.032189698654580996,0.0268183429276846,0.16650551049037698,0.15346458587635356,0.014798075697002257,nan,nan,nan,1.0,0.0,0.0,nan,nan,nan,nan,nan,1.5269072365082184,1.5349787646431614
11.351,9.195704843643364,0.009673579720661704,-0.015222678211855219,1.012024172046165,0.0026520943980430376,9.039616508471887,-0.04638298626629776,-0.010417284543494887,1.0075795516858568,-0.0061840264083303075,0.027306470990447945,0.16044517127889404,0.14865698664836555,0.014642238868394063,8.917176072530886,0.43015254476259507,1.0229741441688591,1.0,0.0,0.0,nan,nan,nan,nan,nan,1.5325884483572731,1.5254523304845482
11.4,9.236179093449316,0.00903376143134209,-0.015109339872011355,1.0119348039486442,0.0033910552026045425,9.079922508334418,-0.04679873816569074,-0.01010169954669804,1.0080581560913453,0.00610189158368038,0.027308654774193617,0.16217944695093675,0.150045084499894,0.01493892677306518,nan,nan,nan,1.0,0.0,0.0,nan,nan,nan,nan,nan,1.5110154061696224,1.5460457936193444
11.450000000000001,9.296883101644804,0.008087783938870058,-0.014834572635303167,1.0117688048623363,0.005166792241118044,9.140409060108048,-0.04891494702029999,-0.010527408074329614,1.0086188032584376,0.01776397430137081,0.02753211050534905,0.16476615527729813,0.15205996450867992,0.014585607558358473,nan,nan,nan,1.0,0.0,0.0,nan,nan,nan,nan,nan,1.5154332818533722,1.539789196914562
11.5,9.337346208778223,0.007466026785368414,-0.01461395329574423,1.0116262636105666,0.005627761749183051,9.180754145378666,-0.04933485478015724,-0.011043560715182641,1.0088667106542046,-0.016642594654577587,0.027524891452644404,0.16647927783836877,0.153419415070656,0.014807872766612759,nan,nan,nan,1.0,0.0,0.0,nan,nan,nan,nan,nan,1.51835047427653,1.5347591228272055
11.55,9.398029379004608,0.006547921403911184,-0.014234086416601802,1.011388615258043,0.0073153222261018004,9.225395002792116,-0.201106037887824,-0.015881697828597385,1.00822541036996,-0.026129911220529052,0.02797490016060097,0.1604211049100524,0.14861826828699348,0.014515136426061689,9.042886796249302,-1.7672446073217545,10.868040437108617,1.0,0.0,0.0,nan,nan,nan,nan,nan,1.5031648710692895,1.5487576683144346
11.600000000000001,9.438477593667416,0.005947367962449378,-0.01388967659876344,1.011263005311374,0.009590627620773819,9.265722044058199,-0.20175464451951325,-0.015601702648628368,1.0085312531799069,0.016115785801692598,0.027982380460502415,0.16215426575334932,0.15000660863904938,0.014737536094734908,nan,nan,nan,1.0,0.0,0.0,nan,nan,nan,nan,nan,1.4927896454507619,1.5606455242671982
11.65,9.499142275696158,0.0050669937478843834,-0.013217254536408912,1.0110997242108861,0.011655479686543346,9.326180346471137,-0.2110216002581317,-0.02387027410485665,1.0088850535008558,0.0468692599873398,0.029162636119619754,0.1647393522188316,0.1520222161784129,0.014457625346376124,nan,nan,nan,1.0,0.0,0.0,nan,nan,nan,nan,nan,1.5093578629719429,1.5427332156571811
11.700000000000001,9.53957974160457,0.00449499211072186,-0.01274286822120746,1.0109743433579887,0.011985719016026684,9.366525734174395,-0.211986859503845,-0.023131615531212905,1.0090358586988057,0.0412446263015374,0.029161067138376125,0.16645147105588656,0.15338193754070442,0.014680079652780712,nan,nan,nan,1.0,0.0,0.0,nan,nan,nan,nan,nan,1.5083842172723902,1.5422012077188443
11.75,9.600226112432205,0.003663206947496721,-0.012004103843706546,1.0107674502730575,0.012583997317272754,9.451227290137039,-0.24587141485705563,-0.02327107783115867,1.0107786455920085,0.01767400544979583,0.02937795612191315,0.16039615979089694,0.1485863619330577,0.01440277583819083,9.625904299600704,-0.5723069344006906,0.6788408155573178,1.0,0.0,0.0,nan,nan,nan,nan,nan,1.5066745893164837,1.5430066271459604
11.802000000000001,9.66085710874926,0.0028674774038319932,-0.011195736227659835,1.0104343480124656,0.01434934148995956,9.511850249508724,-0.24726485557766067,-0.02186251723069432,1.0104062750872769,0.03158500215615388,0.029380790787290945,0.16299177948887406,0.1506655167945093,0.014736057099209157,nan,nan,nan,1.0,0.0,0.0,nan,nan,nan,nan,nan,1.4974282848265204,1.5467291919011252
11.852,9.701266217552766,0.002359253887231874,-0.010596274830055645,1.010213762037688,0.015315566765834506,9.552248722396252,-0.2487692982102215,-0.020849043884828333,1.010202984635872,0.03474707970997504,0.029471111790144833,0.16471219506780924,0.15199137159865342,0.014358712187842513,nan,nan,nan,1.0,0.0,0.0,nan,nan,nan,nan,nan,1.4974282848265204,1.5467291919011252
11.9,9.741667803231417,0.0018701358563687647,-0.009970049323810817,1.0100358983709241,0.01569948435779472,9.592646423354246,-0.2496041468278378,-0.02086955379219413,1.0100367032981088,-0.00025134061148673545,0.029464002867023276,0.16642346335739772,0.1533512663257217,0.014581178640111053,nan,nan,nan,1.0,0.0,0.0,nan,nan,nan,nan,nan,1.5046279221877652,1.5399767303036993
11.953000000000001,9.80225849010372,0.0011751899904531833,-0.008998044097775743,1.0098037417355823,0.01704115758321903,9.714813028507253,-0.16982323485430906,-0.015139746154514189,1.0136371311763837,0.016834931970872494,0.028794880574289385,0.16037115471301192,0.14856014999750378,0.01431548166168888,10.223486741849479,0.6377889383754797,4.221491129940902,1.0,0.0,0.0,nan,nan,nan,nan,nan,1.4904919458533628,1.5541097154864856
12.0,9.84264313947102,0.0007402606742594657,-0.008295293001794903,1.0095218184910857,0.017531815079475137,9.755344823899057,-0.17042584977397196,-0.014515773680841004,1.0127468425181754,0.008219492899319794,0.028793414181824475,0.1621025794607128,0.1499489547946726,0.014537910384249952,nan,nan,nan,1.0,0.0,0.0,nan,nan,nan,nan,nan,1.500103897515232,1.5330146236309727
12.05,9.903193881097119,0.00013168823697627606,-0.0072479914318933835,1.0090364267851697,0.017666866127038976,9.816097176658111,-0.1698391374406965,-0.01252481018153073,1.011700645970528,-0.0005369079253553701,0.02859164328190868,0.16468497080960612,0.1519657134857639,0.014281425473248552,nan,nan,nan,1.0,0.0,0.0,nan,nan,nan,nan,nan,1.4947730518283369,1.5416045641883287
12.101,9.96372314263309,-0.0004205955876074764,-0.006175793357733204,1.008729160123749,0.017892631566354327,9.856556745034649,-0.17033089205696028,-0.012215719889029588,1.0111717749523574,-0.011385634775637848,0.02858916404005162,0.166395297131482,0.15332562864569135,0.014503755691022385,nan,nan,nan,1.0,0.0,0.0,nan,nan,nan,nan,nan,1.4992455403174454,1.5384801533501162
12.151000000000002,10.004015303387442,-0.0005963071151331041,-0.0010842890316730607,1.007158336212567,0.22269755402273309,9.873600085531749,-0.11682455799241168,-0.009532086937060313,1.0078906008798545,0.25221961611794097,0.028705688212976584,0.16049328873301497,0.14865104511065796,0.014342288847693873,9.421994265020489,0.47582645014334024,2.2063286962199937,1.0,1.5707963267948966,0.0,nan,nan,nan,nan,nan,-0.8682258532562335,3.906979571230689
12.200000000000001,10.044305590159107,-0.0006341726763726451,0.013198665590804957,1.007254303234609,0.4285968172115425,9.913916917840131,-0.11710142593767715,0.0022104808276561805,1.0081073119922754,0.44395025676816996,0.028698204041023058,0.16222631722151049,0.1500386719244714,0.014563217854969087,nan,nan,nan,1.0,1.5707963267948966,0.0,nan,nan,nan,nan,nan,-0.7619354494527493,3.8101381596007213
12.252,10.104741202838198,-0.00022245440951867485,0.046563846173253216,1.0066719786531364,0.6304454914296256,9.974369960507909,-0.11984170799814933,0.028360956920608246,1.0083554350512782,0.641382779308923,0.02915179468348857,0.16481100742542365,0.15205367061055705,0.01430146985274293,nan,nan,nan,1.0,1.5707963267948966,0.0,nan,nan,nan,nan,nan,-0.6760000202438572,3.723147231454952
12.302000000000001,10.16512832119688,0.0011980785031628883,0.08842980969475332,1.004948159899661,0.7351774236480637,10.034818354557697,-0.11731892609531684,0.06904838524861834,1.0085038032808118,0.7223724992320544,0.029148382078155705,0.1673742677546336,0.15408814603011403,0.014631924772994902,nan,nan,nan,1.0,1.5707963267948966,0.0,nan,nan,nan,nan,nan,-0.5660945444022865,3.6120796146838092
12.350000000000001,10.205319454629178,0.002963684139700567,0.1188446094719286,1.0032909956299014,0.7731636467503382,10.014409121714932,-0.09608478341028955,0.10122702554369001,1.004707252174867,0.7678895579013686,0.028864309817622735,0.16045427659067213,0.14861217014565578,0.014260612447044248,9.43494962442164,0.06849915013294053,1.4203722232954803,1.0,1.5707963267948966,0.0,nan,nan,nan,nan,nan,-0.5059972890431186,3.551252830575019
12.4,10.245423674048398,0.005542858625417881,0.15038922554925652,1.0015331350078094,0.7952413008252605,10.054366412963995,-0.09171596956919988,0.13206898528502542,1.0055286867552224,0.7704364215624364,0.028865770692648424,0.16218328026537815,0.15000056152188695,0.014608313645000218,nan,nan,nan,1.0,1.5707963267948966,0.0,nan,nan,nan,nan,nan,-0.4159758559094313,3.472247229688437
12.454,10.305353297826514,0.011175027993347268,0.19872412256500477,0.9988151532067254,0.8108932646084211,10.114073131502202,-0.08456309522335756,0.17857011029263384,1.0065018079799413,0.8067035407226539,0.029125157819988833,0.16475817311656804,0.15201998175750145,0.014303375921163226,nan,nan,nan,1.0,1.5707963267948966,0.0,nan,nan,nan,nan,nan,-0.30158299952355105,3.351869181150576
12.501000000000001,10.364890697582563,0.01915733307262164,0.2475130348677858,0.9959826883013827,0.8127840200106625,10.153637051348536,-0.07711657613936623,0.2117964203723011,1.0069463570253174,0.8201729535416087,0.029150795849155423,0.16645964587013948,0.153384073687774,0.014522511869725734,nan,nan,nan,1.0,1.5707963267948966,0.0,nan,nan,nan,nan,nan,-0.30158299952355105,3.351869181150576
12.55,10.404297801968784,0.025873346996947363,0.27995233703832606,0.9942111750483816,0.8093431512845484,10.278808833831956,-0.0838885655679396,0.2638884578809453,1.0115277021561162,0.7686476677241775,0.028540587462822155,0.1603802851921019,0.148601748510281,0.01425900222670438,10.831962906978207,-0.36193432996149094,1.876555872030382,1.0,1.5707963267948966,0.0,nan,nan,nan,nan,nan,-0.25399125130227906,3.3025964679419095
12.600000000000001,10.443428376754188,0.033743075450410207,0.312217907509425,0.9923809703922336,0.8038807353901033,10.317776015962105,-0.07303370800907202,0.29552012897637064,1.0109343128570978,0.7588899026757304,0.028552501443404692,0.16209003788706697,0.15000426920866639,0.014478175437191628,nan,nan,nan,1.0,1.5707963267948966,0.0,nan,nan,nan,nan,nan,-0.2101580589609564,3.2444428551003845
12.651000000000002,10.501510236456973,0.04774275569825125,0.3601598272371283,0.9898486152081134,0.7943513043033079,10.375484701466458,-0.05423179731073541,0.34175375731070406,1.0102131159621615,0.7337085957850914,0.028528224717498146,0.1646279572356441,0.15205338178052802,0.014354019238686035,nan,nan,nan,1.0,1.5707963267948966,0.0,nan,nan,nan,nan,nan,-0.17237331319918936,3.2078915615928176
12.703000000000001,10.558757960246325,0.06439020416890465,0.40746279642023153,0.9878784280528882,0.7823489234944672,10.4322373959454,-0.033032726567875904,0.39010809398699786,1.0096988398977726,0.7594901289388498,0.02857742581714023,0.16712922213862497,0.15413520208195589,0.014638294487709458,nan,nan,nan,1.0,1.5707963267948966,0.0,nan,nan,nan,nan,nan,-0.053072536291719485,3.0908137135698563
12.751000000000001,10.596410153100917,0.07694940575447062,0.4385267846451191,0.9868650421068915,0.7712360195268929,10.435084381634764,-0.07692788748384688,0.4200066607263744,1.0064312180364638,0.7568971963876195,0.028796346800125067,0.16019689224567965,0.14869375267072032,0.014261050784297541,10.094516440693116,-0.7031489828471111,2.0440518393625187,1.0,1.5707963267948966,0.0,nan,nan,nan,nan,nan,0.0017706629183529277,3.045931713009563
12.801,10.652054762815434,0.09794684010130918,0.48430270939581244,0.9859816866004145,0.754738448135487,10.47171835222688,-0.06025310115805429,0.45169483184499093,1.0068197855874523,0.7640714283666662,0.028826302939967,0.1618705194956279,0.15012943126526626,0.014568082086560031,nan,nan,nan,1.0,1.5707963267948966,0.0,nan,nan,nan,nan,nan,0.0017706629183529277,3.045931713009563
12.852,10.6885591157978,0.11336550851880944,0.5142492090137983,0.9856448740369981,0.7427240454782982,10.525494305215002,-0.03172559549402564,0.49854935100225095,1.0072737852027664,0.7455606770205585,0.028667669989254137,0.16434765224388811,0.15223778264895127,0.014297291380632397,nan,nan,nan,1.0,1.5707963267948966,0.0,nan,nan,nan,nan,nan,0.05007417091959687,2.9961215130759813
12.9,10.72455658199671,0.12989861271817305,0.5437296738848522,0.9854525674737324,0.7303386018037374,10.560737005807413,-0.012199129607346043,0.5280297799523463,1.007474674086548,0.7009052110945767,0.028671241366846685,0.1659756838413488,0.1536695787005009,0.014602785081667667,nan,nan,nan,1.0,1.5707963267948966,0.0,nan,nan,nan,nan,nan,0.11208880506400343,2.9323811908254935
12.950000000000001,10.777551625025518,0.15672055254851378,0.5870011535201982,0.9852818877905101,0.7122996418629061,10.620932110868461,0.006302961730989156,0.5765913645525087,1.0078001073489897,0.6924912513937471,0.02796995132666245,0.159852097757222,0.14896012887983953,0.014325071000170084,10.67436062928712,-0.21016474126325202,0.19170599244236797,1.0,1.5707963267948966,0.0,nan,nan,nan,nan,nan,0.13795906194091812,2.9055345335929075
13.0,10.812186605883463,0.17590263138796178,0.6152678170168139,0.9853160161038896,0.6996420771109239,10.65457993599711,0.0285048716932959,0.603309944219816,1.0078756087014333,0.6539735901380211,0.02796826247869037,0.16147643661996283,0.15044628364055962,0.01454076203249532,nan,nan,nan,1.0,1.5707963267948966,0.0,nan,nan,nan,nan,nan,0.20675270238344212,2.8353745879956085
13.05,10.863048000007451,0.2065492910745474,0.6567057091977679,0.985442138139452,0.6817063599994518,10.703632743435051,0.06460867968739264,0.6463630121910331,1.0079545195571418,0.6492521654255713,0.02784548561277673,0.16387490275249983,0.15263781523425865,0.014274508224497011,nan,nan,nan,1.0,1.5707963267948966,0.0,nan,nan,nan,nan,nan,0.23111336513591207,2.8103936407507355
13.101,10.912551856821816,0.23934785162061245,0.697076139073397,0.9857158182661679,0.6632177134793881,10.735657078759282,0.08907901024379618,0.6744526405852533,1.0079790075433417,0.6786313900465363,0.027879977694681916,0.16544925844162706,0.1541259830064352,0.014490403912048418,nan,nan,nan,1.0,1.5707963267948966,0.0,nan,nan,nan,nan,nan,0.3471370932070983,2.6932630397988007
13.15,10.94477693520262,0.262355974443109,0.7233192835534055,0.9859720518258571,0.6492446937995383,10.814331213248618,0.13758483500232924,0.712589139055297,1.010109748868688,0.6297987144927318,0.028018564869409374,0.1593238644352723,0.14943851360844182,0.01422640248409223,11.066357774216566,0.21963524487319455,0.40744109169071874,1.0,1.5707963267948966,0.0,nan,nan,nan,nan,nan,0.3471370932070983,2.6932630397988007
13.201,10.991913353537658,0.29850305999349175,0.7617404286902462,0.9863008416002967,0.6312238528096613,10.84473618055868,0.16417837826491805,0.738099071543401,1.009676365252821,0.6191083656206984,0.02803117126626597,0.1608955050125688,0.1509811942121239,0.014442495871099874,nan,nan,nan,1.0,1.5707963267948966,0.0,nan,nan,nan,nan,nan,0.38135991498090593,2.6521425066055193
13.25,11.022520028311,0.32364117736462783,0.7867517527838831,0.9865503983995053,0.6193291977253638,10.888918798413586,0.20580988715985316,0.7763468611801203,1.0091469069343335,0.6129289717217031,0.02800644011638644,0.16321199451328494,0.1532622152610275,0.014188120817582047,nan,nan,nan,1.0,1.5707963267948966,0.0,nan,nan,nan,nan,nan,0.4157568404567289,2.6185619137146565
13.302000000000001,11.067185136877459,0.3628330292957664,0.8233818230655402,0.9870512076920821,0.6012134110873318,10.917548809804739,0.23425278890392104,0.8010705064822399,1.0088843183825376,0.601538905141123,0.028019543147211428,0.16473271932389005,0.1548079905043317,0.014401512675564738,11.47232021058129,0.4720961217499057,nan,1.0,1.5707963267948966,0.0,nan,nan,nan,nan,nan,0.5039234983456602,2.531869835170732
13.350000000000001,11.096123554211042,0.38990737691756555,0.8471811279593874,0.9874496539410644,0.5890907442276002,11.013432193549331,0.29930547040631106,0.8367218955370008,1.0121631124239443,0.5746534605090206,0.02808374769181145,0.15863187930391906,0.15011189271901862,0.014227444333218915,nan,nan,1.2332213354492831,1.0,1.5707963267948966,0.0,nan,nan,nan,nan,nan,0.5039234983456602,2.531869835170732
13.4,11.124383855208347,0.4177033981483336,0.8705282350501644,0.9877516602558194,0.5777239490554905,11.040369795000181,0.32951474224970756,0.8598045614158635,1.0112646670239862,0.5427577358242249,0.02808721465830303,0.1601523813779061,0.1517092467142143,0.014442535177786672,nan,nan,nan,1.0,1.5707963267948966,0.0,nan,nan,nan,nan,nan,0.5414241352022519,2.483924660568723
13.451,11.165487404228,0.4606761179750626,0.9046935112657621,0.9881204021748016,0.561519264442979,11.078372231487021,0.3781818898202466,0.8971511157406669,1.0101748031758875,0.5232594932415905,0.027776642565510917,0.16238956586692865,0.15407589232061883,0.014186754722903988,nan,nan,nan,1.0,1.5707963267948966,0.0,nan,nan,nan,nan,nan,0.6139568557178673,2.463125003048684
13.5,11.192031518185857,0.4901390846026765,0.9269411185695074,0.9885352654174344,0.550413169019695,11.10340218029043,0.40988819757493083,0.9192938828527436,1.0096512558350208,0.5217492466100281,0.02778969795984445,0.16385960147648973,0.15567522849631393,0.014402020104214989,nan,nan,nan,1.0,1.5707963267948966,0.0,nan,nan,nan,nan,nan,0.6139568557178673,2.4162848942872843
13.55,11.230559098624488,0.535489867836654,0.9594723256580029,0.9891593293401219,0.5341881902187773,11.213280960515316,0.46027677333213984,0.947898270009528,1.0124784174018038,0.5321428767359933,0.02830832268879387,0.15781049747842218,0.15093740592854768,0.014147476702481463,11.851098654660913,0.44927443888423174,1.9535335134329335,1.0,1.5707963267948966,0.0,nan,nan,nan,nan,nan,0.6471109473487817,2.3842188818872185
13.600000000000001,11.255385716309885,0.5664560806463766,0.9806049880778036,0.9895713245328812,0.522473687720101,11.23672859738887,0.49327651951492985,0.9699612342256216,1.0114615201780401,0.5292506934317468,0.028324057344670223,0.1592858361221011,0.15258252296967534,0.014362884729151494,nan,nan,nan,1.0,1.5707963267948966,0.0,nan,nan,nan,nan,nan,0.689622277349125,2.3326021463164364
13.65,11.29133423639795,0.6139276646191338,1.0113945091119658,0.9899969673295926,0.5047281305639685,11.270136283963899,0.5442653368152061,1.0008575043953503,1.0102334150603438,0.4566496377932562,0.028227946885683235,0.16145448339533258,0.1550226617742342,0.014116611641092262,nan,nan,nan,1.0,1.5707963267948966,0.0,nan,nan,nan,nan,nan,0.7227986581827613,2.301903381145189
13.700000000000001,11.314443680512916,0.6462220692738682,1.031365560718397,0.9903818189409185,0.49446923830704337,11.291780345830391,0.578370533296002,1.0210545064630248,1.0096429920657717,0.4921320147914796,0.028250818944690767,0.16288288295349,0.15666590951319492,0.014329434172809376,nan,nan,nan,1.0,1.5707963267948966,0.0,nan,nan,nan,nan,nan,0.7416889634819941,2.286185720446028
13.75,11.347836944650874,0.6955791580361343,1.060553032720537,0.991086751839949,0.47858310569780577,11.33981601926693,0.6394370535787068,1.0509880149380733,1.0105977329157638,0.48611852080928436,0.02836425319602712,0.15690970095980944,0.15185684658233103,0.014159188654144988,11.468725313117108,0.6943919593792256,0.13501340829549546,1.0,1.5707963267948966,0.0,nan,nan,nan,nan,nan,0.7868219770730092,2.2423418262354406
13.8,11.369259432326313,0.7290611009024457,1.0794616124727838,0.9915632336362377,0.46733799953929855,11.359713292601535,0.6746150465952281,1.0705589981496129,1.0099082551821197,0.4492081848787658,0.028366863914943623,0.1583470208992475,0.15354130855076337,0.01437359279044537,nan,nan,nan,1.0,1.5707963267948966,0.0,nan,nan,nan,nan,nan,0.8276197875948214,2.198149906517864
13.850000000000001,11.40014457322952,0.780088327965167,1.1069682134838823,0.9921692229880807,0.451197327133037,11.388726097703465,0.7273907413280406,1.0990588391793157,1.009075662549916,0.44836189666743265,0.028494658156335773,0.16045812774114712,0.15604204185741397,0.014124697699173005,nan,nan,nan,1.0,1.5707963267948966,0.0,nan,nan,nan,nan,nan,0.8429986382608365,2.1843440762936748
13.902000000000001,11.429552187574926,0.832017934338541,1.1335194970211633,0.9928654334437066,0.4349168860979634,11.406901455870258,0.7634226520629591,1.1172560003971395,1.0086697479301256,0.42496226941053855,0.028499681653732088,0.1618517407199438,0.157721125828444,0.014336552192239258,nan,nan,nan,1.0,1.5707963267948966,0.0,nan,nan,nan,nan,nan,0.8864318819054153,2.1429548274182117
13.952000000000002,11.448349352276425,0.8671062220063179,1.1506884968333584,0.9933506927181442,0.42483788153132346,11.509543904050853,0.8892600230969283,1.1443919540102616,1.0147748762318485,0.3935377322814042,0.028431729660129933,0.15597202478203737,0.1528199049429746,0.014163516731669911,12.184787270915955,1.5152988650956047,4.075831710665321,1.0,1.5707963267948966,0.0,nan,nan,nan,nan,nan,0.9047599010608256,2.1254110647256663
14.0,11.475347816749878,0.9203825654171766,1.175721681524322,0.993608664945179,0.41058586688783133,11.526179246696396,0.9262648028719856,1.160538208564991,1.0131873899261625,0.38710553609517473,0.02843792109522145,0.1573796273381401,0.15453463554568073,0.014377065232915676,nan,nan,nan,1.0,1.5707963267948966,0.0,nan,nan,nan,nan,nan,0.9470650003384516,2.0681549261520287
14.05,11.49255720903186,0.9562906016022915,1.1919246212574166,0.9937430809559539,0.400937519457704,11.549097576771732,0.9830736090814625,1.1865013968348617,1.0112760700809633,0.37711787900434146,0.02828656339618441,0.1594451927075259,0.1570816466344831,0.014126572207134537,nan,nan,nan,1.0,1.5707963267948966,0.0,nan,nan,nan,nan,nan,0.9470650003384516,2.0681549261520287
14.100000000000001,11.509147002148731,0.9924946040907279,1.207748530866672,0.9939917996391102,0.39109122844235117,11.571372594513956,1.0394791642170067,1.2105370610524826,1.0099544318233955,0.35494573382131367,0.02829461726265021,0.16149062863628771,0.15963712724660317,0.014446649501053703,nan,nan,nan,1.0,1.5707963267948966,0.0,nan,nan,nan,nan,nan,1.0211557007148602,2.0014477670449793
14.15,11.53289474818368,1.0473273142884585,1.2306909098891108,0.9945198962014803,0.3749194431859289,11.572024046771508,1.0648118137637783,1.2277905236559592,1.0081174858080582,0.3931490927095892,0.028176030464494826,0.1550386738538884,0.15377695496742655,0.014090804684870993,11.443687779609581,0.9036400461087692,0.12543254189663156,1.0,1.5707963267948966,0.0,nan,nan,nan,nan,nan,1.0211557007148602,2.0014477670449793
14.200000000000001,11.555311995866589,1.102751517257243,1.2526338589698085,0.9952481353298934,0.35830630295316884,11.585435412749419,1.102835733255785,1.2435888301169105,1.0078215827480153,0.36807891568495277,0.02818063812525792,0.1564241817472733,0.15551303676481434,0.014304690672378542,nan,nan,nan,1.0,1.5707963267948966,0.0,nan,nan,nan,nan,nan,1.0572217749907233,1.9717199102398637
14.25,11.569537200197297,1.1400085211085327,1.2667250919780892,0.9957651833047766,0.34817131934064666,11.603505603490323,1.1610466559414634,1.267022546398774,1.0074615493804933,0.3306536673677273,0.028022258888812893,0.1584553787599166,0.15809419366454777,0.014062852050106598,nan,nan,nan,1.0,1.5707963267948966,0.0,nan,nan,nan,nan,nan,1.071139478893659,1.9582988363796558
14.305000000000001,11.589823740294285,1.1963184160721538,1.2871460466443176,0.9965181007205188,0.33425484043434583,11.621207544969703,1.2188304682111781,1.2882133079806941,1.0071962915235126,0.3596470373513581,0.028027166843003434,0.16047294561308534,0.16067739522303148,0.014383344177248427,10.506517660635161,1.558223542210786,nan,1.0,1.5707963267948966,0.0,nan,nan,nan,nan,nan,1.1084346409701733,1.9218950100214856
14.350000000000001,11.60266405470484,1.2341207546143027,1.300309923796242,0.9969970045893787,0.3254680596186878,11.529771652277686,1.2840447615286956,1.3019800413270186,1.0063696561671913,0.29981375726074044,0.027958293691572943,0.15414175287851548,0.15469516976040357,0.014034890610202341,nan,nan,4.938088968739547,1.0,1.5707963267948966,0.0,nan,nan,nan,nan,nan,1.1084346409701733,1.9218950100214856
14.4,11.614970667292809,1.2721178461255047,1.3131251051355601,0.997488369211408,0.3165819514099758,11.540342239915542,1.3228853490238501,1.3144924824646065,1.0063899983170304,0.2937763371651801,0.02796307183627851,0.15551257322312048,0.15644624938013332,0.01438259729187345,nan,nan,nan,1.0,1.5707963267948966,0.0,nan,nan,nan,nan,nan,1.1330703721121995,1.899668222707241
14.451,11.632455448914042,1.3294542523118063,1.331686518595325,0.9982203444298803,0.3037250951776047,11.552437440638107,1.3834168538667198,1.3368790928964458,1.0063982286232382,0.26719320959017495,0.027516926723692433,0.15752061417625557,0.15905117510419053,0.01408506056052616,nan,nan,nan,1.0,1.5707963267948966,0.0,nan,nan,nan,nan,nan,1.149233802597673,1.8831242658563991
14.501000000000001,11.648803869908118,1.3871650821437211,1.3494920043913043,0.9989212252183315,0.291176041028411,11.56165289679162,1.4226022924661468,1.3483487336876339,1.006396737980507,0.26181373362769,0.027520923898912964,0.15885702005372004,0.16078706532191875,0.014298082179850912,12.543383775277572,1.2248445127040397,nan,1.0,1.5707963267948966,0.0,nan,nan,nan,nan,nan,1.172008166040537,1.8600053000637493
14.551,11.659089944215712,1.4258265887709416,1.3609406612206727,0.9993084357473039,0.28285594164252337,11.667238503958965,1.465293823278558,1.3597428389957056,1.0070941109129334,0.25559965975272,0.028129622747174836,0.15342761387407153,0.15569050080890295,0.014149289394233506,nan,nan,3.650564209348496,1.0,1.5707963267948966,0.0,nan,nan,nan,nan,nan,1.1869031543569095,1.8447949467765454
14.600000000000001,11.668898378295523,1.4646244973804081,1.3720679543671432,0.9996317445057079,0.2749197667789204,11.67557537963812,1.504700229561704,1.3712969640915258,1.0069353402481482,0.28060500011874223,0.028141588093304425,0.15479022130826614,0.15745122666602895,0.014361200309999825,nan,nan,nan,1.0,1.5707963267948966,0.0,nan,nan,nan,nan,nan,1.2002852705975662,1.828966006192963
14.652000000000001,11.682740230192868,1.5230535842189277,1.3881484681572462,1.0000731862602792,0.2623077012119691,11.690769307031903,1.561908620352663,1.382985779852173,1.0067472350965243,0.2748173361781036,0.02866027281568848,0.15678620115193512,0.1600696803145939,0.014206098345082888,nan,nan,nan,1.0,1.5707963267948966,0.0,nan,nan,nan,nan,nan,1.2276833668786793,1.8016974548937976
14.700000000000001,11.69557191529074,1.5817346799993708,1.4034568359360327,1.0004854041231916,0.2498149005911689,11.69818038631992,1.601490102351498,1.3933296047465475,1.0066412133655926,0.23956911524338606,0.028657833671090174,0.158117895221258,0.161810872668923,0.01441693887858202,nan,nan,nan,1.0,1.5707963267948966,0.0,nan,nan,nan,nan,nan,1.2430150017934172,1.7865927736791054
14.750000000000002,11.703583959590256,1.6209819041802738,1.4132780894179715,1.0007493593430776,0.24286294964664404,11.7920518763728,1.653884078421841,1.4070576960932897,1.0072374599354739,0.2577418563440724,0.028848624741051702,0.1526627035671295,0.15643997446475866,0.014154659418962828,12.609331198794793,1.5102014897673366,3.0350622045751123,1.0,1.5707963267948966,0.0,nan,nan,nan,nan,nan,1.24442445302335,1.785169326973688
14.801,11.711175308799076,1.6603209490554502,1.4228216386500363,1.0009711156951242,0.23536590539104588,11.79851711331603,1.6936500161212644,1.4165435134834405,1.0070151162287238,0.2168680537647459,0.028844564233496368,0.15402257734469746,0.15820183408633973,0.014365790128762627,nan,nan,nan,1.0,1.5707963267948966,0.0,nan,nan,nan,nan,nan,1.271210380130529,1.7562327871600918
14.850000000000001,11.721798478120935,1.71948364032104,1.436572459968107,1.00126582331522,0.22504094255270676,11.808415550034162,1.7529600067097197,1.4289041759369985,1.006743090228626,0.20474119630826035,0.028971204826488156,0.15601200940447693,0.16082389663491348,0.014113203810952858,nan,nan,nan,1.0,1.5707963267948966,0.0,nan,nan,nan,nan,nan,1.2692477228384318,1.7585117197610032
14.9,11.731536935409283,1.7788132898367803,1.449764676043592,1.0015662226518163,0.21591601632326746,11.814025876552792,1.792835599343918,1.4369681585042995,1.006603186316474,0.18714354938774447,0.028970605580566553,0.15734202426127986,0.16256537887719583,0.01432461517755938,nan,nan,nan,1.0,1.5707963267948966,0.0,nan,nan,nan,nan,nan,1.2831774352806053,1.7450609308076912
14.950000000000001,11.73755534072366,1.818449856516783,1.4582652175735422,1.0017610397179628,0.21033644178428093,11.730056529724122,1.8843926428967168,1.4540231561601067,1.0074666849653635,0.2005875765653704,0.028558641161387677,0.15198892803386338,0.1570926556956503,0.01420984398118577,10.817743812543815,2.1707471506014895,4.104034341226121,1.0,1.5707963267948966,0.0,nan,nan,nan,nan,nan,1.2882791265736673,1.740048791935262
15.000000000000002,11.745897791564449,1.8780153383184015,1.4705458450194597,1.0019800699560197,0.1999529596687862,11.734686850227042,1.9244205670806045,1.461724097942785,1.0071631497681015,0.19865456034109694,0.028561448373353386,0.15334800909402985,0.15885409536886158,0.014366199726699279,nan,nan,nan,1.0,1.5707963267948966,0.0,nan,nan,nan,nan,nan,1.3177573188309593,1.707606769483033
15.05,11.751017720905516,1.917789893041459,1.4783622872298692,1.0021047272552177,0.1926252024270146,11.73860860731088,1.9854565772738526,1.4777481340376688,1.0067872635183415,0.2036617622155965,0.02825292448952652,0.15533432829740948,0.1614769993825664,0.01411258975776794,nan,nan,nan,1.0,1.5707963267948966,0.0,nan,nan,nan,nan,nan,1.3288117490669578,1.6971047873504155
15.101,11.75806116058137,1.9775380676731342,1.4895168325311852,1.0023184183258689,0.18071002258263472,11.742265209813937,2.025559732380858,1.4857793159317545,1.006603248959001,0.17952692884610383,0.028252849548674068,0.15666400420342821,0.16321758126482097,0.014323328805473141,nan,nan,nan,1.0,1.5707963267948966,0.0,nan,nan,nan,nan,nan,1.3552448317457655,1.6714600002449709
15.15,11.762348215796523,2.0174224195903263,1.496565738931567,1.0024693792282127,0.17355504856615095,11.726312138395537,2.1110099066499513,1.4972480945600362,1.0078538883736314,0.17472022278349086,0.028099300493104457,0.15140203536187397,0.15765470064413048,0.014068729788841864,11.512624749894144,2.309729171827604,0.44846345431964485,1.0,1.5707963267948966,0.0,nan,nan,nan,nan,nan,1.3577486118541322,1.669178101366675
15.200000000000001,11.76819253230803,2.077314947707224,1.5066191859232543,1.0025800272419856,0.16311794399445284,11.72920353136688,2.1512140631875467,1.5053388710047209,1.0074365496594149,0.1944019416093223,0.028108208416763526,0.1527619507165268,0.1594144543688145,0.01436299577410368,nan,nan,nan,1.0,1.5707963267948966,0.0,nan,nan,nan,nan,nan,1.3709567910402232,1.6518253095180118
15.253,11.771714427058207,2.1172798629791836,1.5129559189193595,1.0026527494831459,0.15539989829845038,11.73460226205322,2.211007692158814,1.512832656915526,1.006932390096835,0.1383942252800105,0.028310262549556875,0.15474852342317577,0.16203567788478324,0.014108929361641884,nan,nan,nan,1.0,1.5707963267948966,0.0,nan,nan,nan,nan,nan,1.380826259493354,1.6440018889074575
15.3,11.774949627934191,2.1572714518541454,1.5190086559394715,1.0027503691264956,0.149172803365268,11.736869817183706,2.251218042381598,1.519014622860273,1.0066828922619055,0.13516831363906026,0.028312462301798152,0.1560802313562514,0.16377378851127605,0.014319085227301133,nan,nan,nan,1.0,1.5707963267948966,0.0,nan,nan,nan,nan,nan,1.380826259493354,1.6440018889074575
15.351,11.779286978109702,2.2173047477040786,1.5276983488038849,1.0029229354301228,0.14160545758284906,11.703926593443743,2.2885653572899227,1.5278335894923805,1.0047088367322283,0.13103570811282325,0.02829345975067049,0.15089939403898306,0.15813150221412495,0.01406690435642421,11.34499782860645,2.0500376859970544,0.7367720661147844,1.0,1.5707963267948966,0.0,nan,nan,nan,nan,nan,1.389016018199941,1.6362264790925636
15.402000000000001,11.783037148878453,2.2773900746373537,1.5359255556427494,1.0032400543926132,0.13377126237854203,11.705608538920004,2.3287195926988233,1.5333041443681186,1.0048932961385952,0.14336624633255457,0.028298053923773377,0.15226185144455476,0.1598886052959404,0.014277373439949094,nan,nan,nan,1.0,1.5707963267948966,0.0,nan,nan,nan,nan,nan,1.4034347883138176,1.6274944337311075
15.450000000000001,11.78522737744405,2.3174765835116453,1.541136156531975,1.0034754434841857,0.12803584035120677,11.704929188667874,2.3897008834747506,1.5442757141927812,1.005102649517871,0.14107890284007157,0.027955895979978926,0.15425090714851797,0.16250704785079537,0.01403380469276255,nan,nan,nan,1.0,1.5707963267948966,0.0,nan,nan,nan,nan,nan,1.416173814402302,1.6139573646165923
15.500000000000002,11.787180797623693,2.3575825112448663,1.546106872904897,1.0036587086917064,0.12176996970029579,11.705938190112104,2.4298931777583834,1.5498084159545051,1.005195185089663,0.1251316961803038,0.027956274867178083,0.15558542695424787,0.1642426274908198,0.014244501600873448,nan,nan,nan,1.0,1.5707963267948966,0.0,nan,nan,nan,nan,nan,1.4312746354354424,1.5979733509697314
15.551,11.789687440917868,2.4177707705505487,1.553102812061714,1.0038742071683313,0.11308396511677095,11.672969704982977,2.524730237909086,1.5546137680362329,1.007520659903599,0.11460953317923563,0.028264102998602932,0.15047486517495373,0.1585326231199965,0.014001375031381158,11.282432968388788,2.8183710936407493,1.147846252905127,1.0,1.5707963267948966,0.0,nan,nan,nan,nan,nan,1.4329261224291916,1.5957844980061229
15.600000000000001,11.791089162155094,2.457910523986984,1.5575003561069392,1.0038910480591352,0.10804472267921128,11.673570866412847,2.565021631244399,1.559967216637345,1.0071096523209997,0.1227142309985609,0.028268595162759688,0.15184054392909838,0.16028691415016613,0.014212293856759218,nan,nan,nan,1.0,1.5707963267948966,0.0,nan,nan,nan,nan,nan,1.4322490566328614,1.5891091063654648
15.651000000000002,11.79281055223422,2.518128039189827,1.5637289263791072,1.0038418884565217,0.10056835712137469,11.677531992237377,2.6247382437072395,1.562573026850247,1.0066155021998462,0.12422531741472354,0.028682748824002968,0.15383350668802528,0.1629014682515172,0.013973774614980193,nan,nan,nan,1.0,1.5707963267948966,0.0,nan,nan,nan,nan,nan,1.443959878728134,1.5782758244019404
15.700000000000001,11.794100992677837,2.5783545209890324,1.569509054848032,1.0038588972429725,0.0933590015865374,11.677813127400295,2.664999425798416,1.5672359717305975,1.0063698251978996,0.10387495344142106,0.028681932902627234,0.15517158048164456,0.16463368637040554,0.014268000274071685,nan,nan,nan,1.0,1.5707963267948966,0.0,nan,nan,nan,nan,nan,1.4481124078448635,1.575693510284624
15.750000000000002,11.794735557553885,2.618510470423637,1.5731408826292683,1.0038931133555857,0.08931848396868274,11.67118841251228,2.5977934824564675,1.5713560059530431,0.9982785746685955,0.08577591361058134,0.028807437807606126,0.15023441506072704,0.15901155136094597,0.01411538048164206,11.624708578398872,1.3691048366882757,6.06936890969051,1.0,1.5707963267948966,0.0,nan,nan,nan,nan,nan,1.4481124078448635,1.575693510284624
15.8,11.795368623728244,2.678769043095929,1.5783213543679357,1.004609795105343,0.0843657560007857,11.671134880603386,2.637739088059677,1.5748871470308181,0.9997052220470531,0.08844726198632935,0.02880936144017117,0.15160222742056279,0.160765236180838,0.014324280740069917,nan,nan,nan,1.0,1.5707963267948966,0.0,nan,nan,nan,nan,nan,1.4592355530692283,1.588930187914742
15.850000000000001,11.795587773259829,2.718969693232983,1.581613540651475,1.0050738893151112,0.08102255910854145,11.670764404121972,2.6977589009197436,1.5807548494120187,1.00140913750838,0.09318010439028834,0.028811315902071,0.15359727182962157,0.16337955662784653,0.014073197015269599,nan,nan,nan,1.0,1.5707963267948966,0.0,nan,nan,nan,nan,nan,1.4634886565185066,1.5804118812277377
15.9,11.795653028789683,2.759185351042746,1.584764675820282,1.0053801557529265,0.07725401213072365,11.670346735473808,2.737822052916821,1.5825451039139127,1.002204955649526,0.054806601772734886,0.028804929938566586,0.15493760983838598,0.1651112802408938,0.014282402472636735,nan,nan,nan,1.0,1.5707963267948966,0.0,nan,nan,nan,nan,nan,1.4716420380352768,1.5670762964515679
15.950000000000001,11.795477006662653,2.8195247714311047,1.5892279382822272,1.0056653292582864,0.0729188860812943,11.711186222455737,2.756281151229431,1.5862796215909543,1.00039745162686,0.08292001657260041,0.02893989051120805,0.1499207760454342,0.1592745537965367,0.014032870741628092,12.141931961886089,2.330936985956026,1.4716493848941852,1.0,1.5707963267948966,0.0,nan,nan,nan,nan,nan,1.4577879115237344,1.578432720757196
16.001,11.794990065852044,2.8798794107604393,1.5934499761506624,1.0060142579248779,0.06819996003534459,11.710541471045088,2.7963028851939935,1.5878814968187285,1.0013935013213118,0.03416705872042508,0.028932441736876563,0.15129188727006979,0.16102503146663738,0.014242388977687266,nan,nan,nan,1.0,1.5707963267948966,0.0,nan,nan,nan,nan,nan,1.4774137901765505,1.5642094815910352
16.05,11.794501862332108,2.920125033738778,1.596128967648861,1.0061898797975943,0.06653609040747863,11.709262897710786,2.856426905872583,1.5909413578882532,1.0025806153978856,0.05860435073841563,0.02891279530375614,0.15329108835212663,0.16363505215374385,0.014001396948353194,nan,nan,nan,1.0,1.5707963267948966,0.0,nan,nan,nan,nan,nan,1.458871933652751,1.5796935139654136
16.1,11.793536556798028,2.980497680370743,1.6000187026444754,1.00629221596187,0.06326521011695917,11.708424119289603,2.89652716649373,1.5933405750287264,1.0031324116854634,0.045271752842243794,0.028911543730896508,0.15463458927505333,0.16536372367646562,0.014211153414587297,nan,nan,nan,1.0,1.5707963267948966,0.0,nan,nan,nan,nan,nan,1.471492180719893,1.563382893898656
16.150000000000002,11.792745095446987,3.0207444966530312,1.6024957458111473,1.0062925729378507,0.06116553902434137,11.733713632049541,2.950726794109148,1.5978262335306503,1.0033493096680033,0.04890182635930841,0.02891985376944685,0.14966196021659012,0.15948746229119493,0.013970287288922979,12.014366624770698,2.851697803535108,0.35786393742073574,1.0,1.5707963267948966,0.0,nan,nan,nan,nan,nan,1.4689646837897998,1.5640983813817424
16.2,11.791346857948223,3.081108950335783,1.606044550947267,1.0062661941813589,0.05754996238606991,11.732608028420236,2.9908491393926564,1.600676964600436,1.0037381980657643,0.07338009416494648,0.028924953144844848,0.15103603859293005,0.16123485803698978,0.014180271769514906,nan,nan,nan,1.0,1.5707963267948966,0.0,nan,nan,nan,nan,nan,1.4768712707676805,1.555373634972842
16.251,11.790280710155104,3.1213467709221074,1.6082575700124515,1.0062195416905537,0.05391673018061024,11.733117176818357,3.050841505023823,1.6018381037356821,1.004199990078871,0.043198311151917704,0.029198267621087598,0.1530388965664298,0.16384032689518851,0.013933313631045885,nan,nan,nan,1.0,1.5707963267948966,0.0,nan,nan,nan,nan,nan,1.4904112901353563,1.540480040508595
16.302,11.788491090712638,3.181692997939881,1.6113537470459631,1.0061091895834173,0.05033296523747145,11.73183407220025,3.0909910129544502,1.6046876319628431,1.0044075649747457,0.04700554474361514,0.0291998176381765,0.1543851359576465,0.16556577766067918,0.014143539780370116,nan,nan,nan,1.0,1.5707963267948966,0.0,nan,nan,nan,nan,nan,1.479437806746086,1.5498581483546017
16.35,11.787176998047386,3.221915897815621,1.613310579951108,1.0060261404448716,0.04802959136969944,11.796865476111064,3.090965375515888,1.606231013079542,1.0005732784339756,0.038769311812731515,0.029373779930795322,0.1494485721862943,0.15965669708297497,0.013897327789613622,12.492742266697146,2.500078881197444,3.4654094941191187,1.0,1.5707963267948966,0.0,nan,nan,nan,nan,nan,1.4849828975811654,1.5434699545831605
16.401,11.785034880800195,3.282246458857068,1.6160834855563833,1.0062169536272036,0.04502090697800788,11.795428291168824,3.130972257365428,1.6075108724812601,1.0015046011292514,0.02195858315467436,0.0293716242234906,0.15082488402497402,0.16140137062583007,0.014104979868212181,nan,nan,nan,1.0,1.5707963267948966,0.0,nan,nan,nan,nan,nan,1.4899177473655896,1.5500093004993483
16.453,11.783497398389189,3.322470957058024,1.617850214938748,1.0063437440648406,0.043736364746699674,11.790840358067053,3.1911924620925873,1.611406545284284,1.0025798533768733,0.04726989933813978,0.029103988425937966,0.1528308035084163,0.16400343440213344,0.013941684359895014,nan,nan,nan,1.0,1.5707963267948966,0.0,nan,nan,nan,nan,nan,1.4838622186622306,1.5531956310604171
16.5,11.781036805640273,3.382807251487066,1.620372798305265,1.0064122312515669,0.04039773625233613,11.788335724153633,3.251310932587795,1.6141090953855821,1.00333830082409,0.03573499027249606,0.029103659165678628,0.15484983586545373,0.16658464598559705,0.014391260494069217,nan,nan,nan,1.0,1.5707963267948966,0.0,nan,nan,nan,nan,nan,1.4969723044174856,1.535008353239964
16.55,11.779299314967625,3.4230273053689753,1.6219282049996957,1.0063892293437846,0.03802540082167434,11.731480730386368,3.2544207147990414,1.6153077190109946,1.001490034320032,0.021672284641890065,0.02906498101657682,0.14930971588344144,0.15979226133322463,0.014668848297650723,11.162623229383577,2.887892764847017,1.90281559992162,1.0,1.5707963267948966,0.0,nan,nan,nan,nan,nan,1.4969723044174856,1.535008353239964
16.6,11.777488048165644,3.4632440278031744,1.6234010917250201,1.006431500832545,0.03620149606150031,11.726500080350421,3.294591583876346,1.6199881709687274,1.0022228875067563,-0.0006401460902940631,0.028700577158416986,0.15065087528851392,0.1615349244475596,0.014233290630161719,nan,nan,nan,1.0,1.5707963267948966,0.0,nan,nan,nan,nan,nan,1.495923870628736,1.540819070336985
16.650000000000002,11.77463908412059,3.5235680588690754,1.6254999150861913,1.0065082188056205,0.03421274946793553,11.723505449271993,3.354668940611182,1.6223996270963237,1.003099443307217,0.03809575215797709,0.028706839724916687,0.15269958952635043,0.16413426698127365,0.014542411842561045,nan,nan,nan,1.0,1.5707963267948966,0.0,nan,nan,nan,nan,nan,1.4931106835255759,1.5413225535046347
16.7,11.772656761844642,3.5637805264644067,1.626818459344121,1.0064853380053111,0.03183375403929832,11.726481846830183,3.3945676581835187,1.6187312587597642,1.0035080010186774,0.04796414609266922,0.02925729740087478,0.15400989940810517,0.16585581094898527,0.01417205177258565,nan,nan,nan,1.0,1.5707963267948966,0.0,nan,nan,nan,nan,nan,1.5110879237344148,1.520560673729053
16.751,11.769568371600784,3.6240893528238316,1.628579658737182,1.006392098279462,0.027752388229335075,11.78778658217429,3.566453562675572,1.6197977940475357,1.010987069560749,0.03621834135745913,0.02929900743533788,0.1491654692399511,0.15990034905024442,0.01447773775934228,12.452270952029687,4.5235600772343325,6.350823596216227,1.0,1.5707963267948966,0.0,nan,nan,nan,nan,nan,1.5090718668706187,1.5211756574075335
16.801000000000002,11.766351689212769,3.684369613706942,1.6301378340489823,1.0057095542933863,0.024855905145021947,11.786838419166575,3.606804718353227,1.6197984489415047,1.0097841506090128,0.01516312782938214,0.02941619537592604,0.15050840458867273,0.161640876031626,0.014101596523959781,nan,nan,nan,1.0,1.5707963267948966,0.0,nan,nan,nan,nan,nan,1.4947250756923285,1.5125358894815715
16.851000000000003,11.764142721774089,3.7245259004489415,1.6311096794685886,1.005232037102976,0.0240562002282464,11.7838236171039,3.6672855099011854,1.6217466163931764,1.0083363071597349,0.021493631298765564,0.02941781472942618,0.15255970922542955,0.1642361015510225,0.014412197812381998,nan,nan,nan,1.0,1.5707963267948966,0.0,nan,nan,nan,nan,nan,1.4881087578951637,1.5222717566034942
16.903000000000002,11.760738913001383,3.784726705764631,1.6325030406871244,1.0047476216981825,0.022483105666562853,11.78177165310819,3.707559561462756,1.6222203168985196,1.0076450299472852,0.024491850492814455,0.029418205767209327,0.15391500073195163,0.16595443631125045,0.014617592939368946,nan,nan,nan,1.0,1.5707963267948966,0.0,nan,nan,nan,nan,nan,1.4957813194033396,1.5185259100851656
16.951,11.758413123070664,3.8248443800203478,1.6333709080167749,1.004528961441943,0.021206386234163203,11.84793123898637,3.782887138493908,1.6206731693641283,1.0075223985099933,0.015343789539116892,0.029691594705605145,0.1490466044272388,0.1599801414648196,0.014337507122697685,12.55096721101183,3.8738597803390626,2.2306043395307884,1.0,1.5707963267948966,0.0,nan,nan,nan,nan,nan,1.498794067859484,1.5172047417690058
17.001,11.75484494882215,3.885002036485588,1.6345997515147945,1.0042632604846606,0.020146206638281188,11.845921601955038,3.823132277370345,1.6208223082790738,1.006976300893506,0.008458690272392943,0.029690443153326234,0.15043116179770508,0.1617178586602845,0.014543408252030723,nan,nan,nan,1.0,1.5707963267948966,0.0,nan,nan,nan,nan,nan,1.4930593935824523,1.5229311904324139
17.05,11.75241601309889,3.9250963705655906,1.6353972740697724,1.0041333558203969,0.019851524968871697,11.837016314739813,3.8834890527366843,1.6288327385560608,1.0063129290493507,0.05082679732014151,0.02907383002114892,0.1524433971685789,0.16430925517993328,0.01427673525367441,nan,nan,nan,1.0,1.5707963267948966,0.0,nan,nan,nan,nan,nan,1.4914239310579955,1.525856130761657
17.101000000000003,11.74870321187349,3.9852267107444965,1.6364831892242082,1.0040263369301212,0.01608246145986665,11.83467494494903,3.9236702893124487,1.629152963506761,1.0059940773412042,0.010931304043626916,0.029068255218283833,0.15379964715775846,0.16602543262414893,0.014483042480441402,nan,nan,nan,1.0,1.5707963267948966,0.0,nan,nan,nan,nan,nan,1.5215142358913807,1.4974402950082706
17.151,11.7461851220554,4.025308476084582,1.6370821961732032,1.0039902787859138,0.014532640757391763,11.82042980319028,4.010612341252193,1.6273811418102042,1.007372482789166,-0.0032923176817516346,0.029325644018123688,0.14894782537110596,0.1600383106798852,0.01420330078678333,11.682781506132653,4.209582957458963,0.337345162284815,1.0,1.5707963267948966,0.0,nan,nan,nan,nan,nan,1.496340407417492,1.5187671342561948
17.202,11.742347563475898,4.085421695732071,1.6379246483908958,1.0038285314564932,0.013924828401175243,11.817005786080754,4.0709409049076175,1.627837302321975,1.0065750737583106,0.0068854882492593375,0.02932699026305081,0.15102214396085953,0.16263980102389997,0.014592798994870477,nan,nan,nan,1.0,1.5707963267948966,0.0,nan,nan,nan,nan,nan,1.496340407417492,1.5187671342561948
17.25,11.739752318303575,4.125489500455738,1.6384674592142128,1.003754180734163,0.013296536318367214,11.81530131189224,4.11113881118882,1.6278116066974933,1.006178586928428,0.0038152518306742316,0.029391510380580032,0.15234684891819864,0.16436412944950896,0.014202163546795711,nan,nan,nan,1.0,1.5707963267948966,0.0,nan,nan,nan,nan,nan,1.502412712137513,1.514758302940824
17.3,11.737129872137281,4.165553279910205,1.638972801468768,1.0037053759075878,0.012058673732581269,11.813005652550858,4.151316854794294,1.6286595688640082,1.0058393392776754,0.02475443700756327,0.029394923593375897,0.15370362553868372,0.16607932319035082,0.014408389794250985,nan,nan,nan,1.0,1.5707963267948966,0.0,nan,nan,nan,nan,nan,1.5114445441200743,1.5060231962865944
17.35,11.733149438377643,4.225642965601215,1.6396175443600154,1.0036648604766527,0.00986818561960404,11.763280481544067,4.277665635010323,1.6300226033241136,1.00986604617537,-0.004135136654091978,0.029351011432999785,0.1488655347039391,0.16008300688887223,0.014126282914008841,11.28194994155687,4.828841014998677,2.5810007770572665,1.0,1.5707963267948966,0.0,nan,nan,nan,nan,nan,1.5121694837508,1.506598267872008
17.402,11.72911763256745,4.285719267023198,1.6401742515199098,1.0033251817292623,0.009143677114549642,11.760890170646437,4.317978103255217,1.6313852693230084,1.0087773987615838,0.045394455441938764,0.02935847758035495,0.1502515921248892,0.16181815173653186,0.01433304360091462,nan,nan,nan,1.0,1.5707963267948966,0.0,nan,nan,nan,nan,nan,1.4966676258580163,1.5095267027629398
17.451,11.726405238350953,4.325756648218354,1.6404964534426376,1.00314444380045,0.007084708867694056,11.757367973945623,4.378367340192895,1.6324949111975364,1.007468236843553,0.0295769141280756,0.02937466439329636,0.15226679610364566,0.1644060028579059,0.014064391075523965,nan,nan,nan,1.0,1.5707963267948966,0.0,nan,nan,nan,nan,nan,1.5202399425590505,1.4887814583651848
17.5,11.722304887542805,4.385799422780901,1.6408134683956754,1.0029760508116834,0.004209235870159916,11.754884474427705,4.418583029665078,1.6326471274192151,1.0068431761121113,0.01260403031452039,0.029372447196010103,0.15362415263780646,0.16611993446501097,0.014271586237533803,nan,nan,nan,1.0,1.5707963267948966,0.0,nan,nan,nan,nan,nan,1.5176629187232682,1.4949125561128818
17.55,11.719552196696363,4.425823115684098,1.6409539536109827,1.0029300060794215,0.00321964269935811,11.72407370084897,4.492764814114134,1.6340855132590866,1.0070919077430283,0.00856982392069754,0.029309089505508774,0.14879740684932724,0.16011592800891464,0.01400393844149994,11.447435705469148,4.576551171611364,0.4107943405637261,1.0,1.5707963267948966,0.0,nan,nan,nan,nan,nan,1.5124878022224932,1.5005199057224738
17.602,11.715399003724107,4.485853756499264,1.641107332999517,1.0028557115989227,0.0020791058465290907,11.721524022170437,4.532961878457972,1.6338769298588645,1.0065252548730406,-0.00949142734788911,0.02930665091622247,0.15018379820358013,0.16185011985463316,0.014296489303171817,nan,nan,nan,1.0,1.5707963267948966,0.0,nan,nan,nan,nan,nan,1.5124878022224932,1.5005199057224738
17.650000000000002,11.7126168231608,4.525871278546661,1.6411880304580586,1.0028352841814265,0.0020567565606977637,11.717701280012776,4.593217554095755,1.634667971232645,1.0058411049612566,0.01129749722139335,0.0293099176812608,0.15224413794677094,0.16443701399621563,0.014603544384601264,nan,nan,nan,1.0,1.5707963267948966,0.0,nan,nan,nan,nan,nan,1.5059526775632008,1.5084287262480776
17.702,11.708427311361108,4.58589671654586,1.6412818355762324,1.002863237524231,0.000950988122736632,11.714603536480931,4.633349785796344,1.6347951247760415,1.005510996387258,-0.01641073220440307,0.02925214607275583,0.15355767117227312,0.16615047630269533,0.014224795515414739,nan,nan,nan,1.0,1.5707963267948966,0.0,nan,nan,nan,nan,nan,1.5166543649174178,1.4994874333811496
17.75,11.705625449242135,4.625914722178451,1.6413158184038052,1.002903340618966,0.0009499419122433288,11.714256494863017,4.729988902305374,1.6353261403735075,1.0074232243912171,0.007463268472419011,0.029259363809493222,0.14878110073101428,0.16014162173485907,0.014528066238713583,11.754923954401024,5.015593121804982,0.4783741719835639,1.0,1.5707963267948966,0.0,nan,nan,nan,nan,nan,1.5064391854034165,1.510417388797784
17.802,11.701412207265541,4.685939317409968,1.641347759924398,1.0027936404488682,-3.9792723507478336e-05,11.717005703656826,4.77037579907232,1.6298212949620883,1.0067598973123575,-0.0020978146222985854,0.029835525649855643,0.1501267442980917,0.16187566882241494,0.014144849013266311,nan,nan,nan,1.0,1.5707963267948966,0.0,nan,nan,nan,nan,nan,1.5140540355225183,1.496694693447244
17.85,11.698598555559531,4.725950971483885,1.641347200857259,1.0027294812752405,0.00016309035683134164,11.713435128286047,4.830658530313466,1.6295586251208025,1.0059573366285683,-0.01682480537114889,0.029833433765650237,0.15218694006740272,0.16446257247908036,0.014453465963347257,nan,nan,nan,1.0,1.5707963267948966,0.0,nan,nan,nan,nan,nan,1.5030934521938186,1.5093072631469044
17.900000000000002,11.695781292443064,4.765960934315804,1.6413716716587343,1.0027143920835924,0.0009879172303601685,11.711070321385023,4.870823280952735,1.6299375657870876,1.0055717128974293,0.006141370740914359,0.029836633773592067,0.15354795961783368,0.16617613989056967,0.014657527259249108,nan,nan,nan,1.0,1.5707963267948966,0.0,nan,nan,nan,nan,nan,1.498157370233949,1.516353160326713
17.951,11.691549443218427,4.82597643133463,1.64145839761595,1.0027464747849746,0.0012482313293154224,11.717266188097165,5.009786905751021,1.6293176451489206,1.010212198309984,-0.010627801209765517,0.029882734046022468,0.14873131052623936,0.16016346754719976,0.014448421947938953,11.821540882741056,5.6732934351905175,2.248145038042252,1.0,1.5707963267948966,0.0,nan,nan,nan,nan,nan,1.5086471006474353,1.5067417154617726
18.0,11.687311903838593,4.88598390022254,1.641550421131122,1.0024110482776765,0.0005691954419131828,11.714905185333633,5.050113274258748,1.6294879829189792,1.0089481367761095,0.0069072743030885305,0.02988505163812851,0.15012115761877948,0.16189736448570438,0.014651953315281793,nan,nan,nan,1.0,1.5707963267948966,0.0,nan,nan,nan,nan,nan,1.4940861244251014,1.506870625530943
18.05,11.684484865755286,4.925975429922227,1.641622122357111,1.0021970354551986,0.0,11.716406274190922,5.1107167954436346,1.6235923769701985,1.0074306946280298,-0.02902580233093722,0.030389808873167688,0.15213744499735438,0.16448373913614667,0.014369306848158635,nan,nan,nan,1.0,1.5707963267948966,0.0,nan,nan,nan,nan,nan,1.5033215084473608,1.500980019271502
18.1,11.68165575437557,4.965960135277955,1.6417017694678107,1.0020720917473172,0.0026887724315774147,11.714277894028289,5.150950310551716,1.6234976935997807,1.0067075334782216,-0.011940376373965427,0.03039185999599316,0.15349807686020334,0.1661968741285286,0.014570634061136133,nan,nan,nan,1.0,1.5707963267948966,0.0,nan,nan,nan,nan,nan,1.4824592449778746,1.5260230744538255
18.153000000000002,11.677405081611612,5.0259323088392,1.6419565748862914,1.0020189992650785,0.005021954672596819,11.7445661064554,5.122602001653431,1.6202773801685952,1.000047076633454,0.013673207682553054,0.030608790451217362,0.1486873530461107,0.16018064912230526,0.01434936320402873,12.072429118172433,4.291579834096811,3.2534461071517686,1.0,1.5707963267948966,0.0,nan,nan,nan,nan,nan,1.4903319505268178,1.5199844756803957
18.201,11.673144342024031,5.085915952020718,1.6422902156650003,1.0025113082976567,0.005752945353754233,11.742586927013162,5.162562762587597,1.6213876451967424,1.000802502092277,0.040342629024322375,0.030612855459316014,0.15007607709302412,0.16191497535923166,0.014553033701570161,nan,nan,nan,1.0,1.5707963267948966,0.0,nan,nan,nan,nan,nan,1.5059838276208304,1.5243116152890137
18.252000000000002,11.670295797345375,5.125925186841183,1.6425026092096364,1.0028807972719707,0.004884237591926495,11.739086965835641,5.222532529287614,1.6228578064501697,1.0016771334822865,0.02046468360049134,0.030564150757936465,0.1520920954670555,0.16450282215912174,0.014254705145662579,nan,nan,nan,1.0,1.5707963267948966,0.0,nan,nan,nan,nan,nan,1.517416749551227,1.5105722918775337
18.3,11.666010737793048,5.185960340089031,1.6427604559436881,1.003261773583817,0.0040838419107700535,11.737014430377652,5.262550382647433,1.622957137277737,1.0021015707233112,0.028983009746744875,0.030565386767312366,0.15345193143137795,0.16621746036661822,0.014459047290776971,nan,nan,nan,1.0,1.5707963267948966,0.0,nan,nan,nan,nan,nan,1.5105772452380402,1.514704045346578
18.35,11.663145186451391,5.225992740359351,1.6429477107733312,1.003412896179477,0.005258838328942069,11.764587297118014,5.368828584574593,1.6233547257630239,1.0054379731580496,-0.010234388224041019,0.03044073249594656,0.1486477727354889,0.16020049168519376,0.014168334559572959,12.10759900779314,5.743938124485674,1.27113596922643,1.0,1.5707963267948966,0.0,nan,nan,nan,nan,nan,1.4933240393296812,1.529994028050949
18.400000000000002,11.658832871128242,5.286043421836487,1.6433175932592985,1.003348222173787,0.006613698861389729,11.762479537424309,5.408987335229656,1.6239203997202412,1.0050953192881895,0.026237631724074683,0.03044558526341269,0.150036385541901,0.16193600874983494,0.014373310065717113,nan,nan,nan,1.0,1.5707963267948966,0.0,nan,nan,nan,nan,nan,1.5098192927700589,1.5045661098130487
18.451,11.655949542422075,5.3260720734827025,1.6435643120594947,1.003269744075052,0.005743391145561535,11.768193442257626,5.469597471842968,1.6151890357922536,1.0046811788088796,0.019273622470109768,0.03135775241192248,0.1520533653744305,0.16452499868814918,0.014097603931737382,nan,nan,nan,1.0,1.5707963267948966,0.0,nan,nan,nan,nan,nan,1.4946627879702217,1.5207309771103719
18.502000000000002,11.651610374690394,5.386109701137134,1.643907685769955,1.0032017953895198,0.0061703832777039915,11.766407239909258,5.509742891020274,1.6155478937668732,1.004478752128904,0.012542557389506307,0.03135682236084613,0.1534127413650032,0.16624014874064005,0.014300318736723631,nan,nan,nan,1.0,1.5707963267948966,0.0,nan,nan,nan,nan,nan,1.4929240779515103,1.5228530295625646
18.551000000000002,11.648706647607698,5.426132337791407,1.644176366590187,1.003175644965053,0.0070493686850715675,11.722310237578794,5.532898976628585,1.6159623465404176,1.002147363524043,-0.0044141351601850445,0.0313252192225464,0.14876989687672362,0.1603676269321369,0.014684061336165115,11.2832245007125,5.136453273782724,1.3561711019293106,1.0,1.5707963267948966,0.0,nan,nan,nan,nan,nan,1.4929240779515103,1.5228530295625646
18.601000000000003,11.644332902047795,5.486168331366109,1.6446592037451901,1.0033264487794127,0.00888073058206422,11.719040090541192,5.57288171252684,1.618154377948805,1.0024466923103406,0.018640600654769756,0.031178223080517316,0.1501137199872427,0.16210529882770935,0.014294077730276133,nan,nan,nan,1.0,1.5707963267948966,0.0,nan,nan,nan,nan,nan,1.5026688802169965,1.532231596142588
18.651,11.64140349645493,5.5261979901773035,1.6450209205435224,1.003443478815159,0.008949931393681772,11.7161491179779,5.632966618886707,1.6190217195390808,1.002801128529746,-0.013295913458285685,0.031174107844316477,0.1521748183660674,0.16469704979667177,0.01459902928977394,nan,nan,nan,1.0,1.5707963267948966,0.0,nan,nan,nan,nan,nan,1.5026688802169965,1.51897470396105
18.700000000000003,11.638462725480021,5.566230348486488,1.645384818260035,1.0035160787055435,0.009430114831442144,11.715107420991774,5.673074198640295,1.6181664801910216,1.002962486338222,0.02558123260131065,0.03126515751500736,0.15348734940903427,0.16641343270692258,0.014219467292315087,nan,nan,nan,1.0,1.5707963267948966,0.0,nan,nan,nan,nan,nan,1.4908347313785568,1.529605487714786
18.752000000000002,11.634028194576707,5.626280938597193,1.6459751884860478,1.0035775966051073,0.009588460795173503,11.712027906960362,5.65096687424086,1.6178624100234718,0.9978609750543654,-0.012127256950428236,0.03125645513078741,0.1487195461743088,0.16036940539938144,0.014520598368253706,11.706128940965659,4.878484061129011,2.3875601685154466,1.0,1.5707963267948966,0.0,nan,nan,nan,nan,nan,1.5050234826761175,1.514784538674886
18.801000000000002,11.629564008552082,5.68634258132859,1.6465645207375437,1.0040115582125129,0.010445450472431256,11.709769482320992,5.690831724633278,1.6186869105602133,0.9990146436583196,0.0036773552889695403,0.031219594282039596,0.15006407911547615,0.16210610647271548,0.014137011961366151,nan,nan,nan,1.0,1.5707963267948966,0.0,nan,nan,nan,nan,nan,1.497425054569666,1.5377944518801892
18.852,11.626568643402921,5.726399048991735,1.6469901649811176,1.0042916830462842,0.01066673584035172,11.706886368523156,5.7507329628093995,1.6188543424966184,1.0003936490302228,-0.0030129130964161536,0.031218425861679142,0.15212441002870425,0.16469724028481664,0.01444369255957455,nan,nan,nan,1.0,1.5707963267948966,0.0,nan,nan,nan,nan,nan,1.5035172341919747,1.528290534263102
18.900000000000002,11.623557922045997,5.766463296690603,1.6474207190332646,1.004469613630598,0.01086900081185301,11.704966716609391,5.790709352704219,1.619284461354579,1.0010390589240528,0.019777748417729932,0.031221358466351316,0.15348555949419315,0.16641370550748757,0.014646459858696588,nan,nan,nan,1.0,1.5707963267948966,0.0,nan,nan,nan,nan,nan,1.4992542155373263,1.5283968543505297
18.971,11.622046729089071,5.786496872956775,1.6476404107392348,1.0045255787998912,0.01102220018527438,11.706368509594986,5.810815706712475,1.6170025876052696,1.0013307566901597,0.010864881240754139,0.03145324242539715,0.15411279985010845,0.16726823793539097,0.01415868378651221,11.946158692314725,6.721872844535214,3.19700268005862,1.0,1.5707963267948966,0.0,nan,nan,nan,nan,nan,1.5008198018320638,1.5239534072414735
19.0,11.615962323480966,5.866629285465286,1.6485323206803166,1.0043476963328737,0.0115362702946283,11.722927850270054,5.982900646960183,1.6170314184107129,1.0068067303737755,0.005690865667414682,0.03146866904052938,0.15006595335341721,0.16210627863113297,0.01456217004901524,nan,nan,nan,1.0,1.5707963267948966,0.0,nan,nan,nan,nan,nan,1.4822112412468735,1.5232821185013345
19.052,11.611358176612214,5.926693877580841,1.6492558238316424,1.0037858884408164,0.012139885866988212,11.716076237977735,6.043035560371821,1.6230220274702214,1.0058157833091286,0.020824317305568954,0.031077098428220665,0.15208213797003928,0.164695708505658,0.014289631617035156,nan,nan,nan,1.0,1.5707963267948966,0.0,nan,nan,nan,nan,nan,1.507320300586525,1.5029851927919307
19.1,11.608269130551092,5.9667197891390344,1.6497239933840198,1.0035232145151725,0.011130277052619389,11.713973350699739,6.083208277371564,1.6230334734072178,1.0053423664530654,1.3609835349927019e-05,0.031074390668071827,0.15344320024652877,0.1664105682769601,0.014493455009049574,nan,nan,nan,1.0,1.5707963267948966,0.0,nan,nan,nan,nan,nan,1.507320300586525,1.5029851927919307
19.150000000000002,11.60360545443142,6.026740479181249,1.6503248893411833,1.003236585639154,0.009573134769682589,11.764369323953991,6.07149941974952,1.6351082821324996,0.9999820882023497,0.015584582458581794,0.030041010950660724,0.14863987055147576,0.16036423725598753,0.014211491006884952,12.444885023916584,5.399939850614403,3.790192584832411,1.0,1.5707963267948966,0.0,nan,nan,nan,nan,nan,1.4998509383597618,1.5116076872642301
19.200000000000003,11.600476127316263,6.066748544961966,1.650672570797296,1.0033246439704027,0.007651428261168094,11.76179990712308,6.111423309793788,1.634297876603995,1.0006764453893349,-0.022623087594183015,0.030035849522796882,0.1500295453197307,0.16209903272175538,0.014415850577250597,nan,nan,nan,1.0,1.5707963267948966,0.0,nan,nan,nan,nan,nan,1.5325539654446798,1.4949863905213419
19.25,11.595752512269941,6.126775470820267,1.6510128391364738,1.0036467751987188,0.00494990333583782,11.75075596880204,6.171002576572776,1.6425092775905512,1.0015044305952536,-0.012658259954658928,0.02931630923571293,0.1520467056515762,0.1646869215677051,0.01413158424157713,nan,nan,nan,1.0,1.5707963267948966,0.0,nan,nan,nan,nan,nan,1.5153143499646513,1.5101091121709478
19.3,11.590996978229557,6.186813321135695,1.6512213588560611,1.0038061229006208,0.0016512016637575562,11.747890665033752,6.210964153794599,1.641840400114974,1.0018898590395147,-0.017641609508661976,0.02931558269797608,0.15340775774174656,0.16640110368186029,0.014417364419810449,nan,nan,nan,1.0,1.5707963267948966,0.0,nan,nan,nan,nan,nan,1.530696358680514,1.4921679263075665
19.352,11.58781289806835,6.2268409378219065,1.6512527449642063,1.0038544836060466,0.0,11.723085832451815,6.263246155969161,1.6427347192957333,1.0019352604600649,0.003656781795834502,0.029292163767109126,0.14861038022260686,0.16035591829049553,0.014130626232748116,11.51074297774514,6.153280404685213,0.22479328798637999,1.0,1.5707963267948966,0.0,nan,nan,nan,nan,nan,1.5274295338697685,1.4941839728335529
19.401,11.583021769906333,6.2868839103489655,1.6511437485034661,1.003903851753262,-0.0034044433568770614,11.720201911373652,6.303222755511394,1.6420226262751623,1.002229192601232,-0.030878500056272587,0.029287811611258194,0.15000011342850061,0.16209066318042373,0.014332213992283347,nan,nan,nan,1.0,1.5707963267948966,0.0,nan,nan,nan,nan,nan,1.5375335774828829,1.4838469619357848
19.451,11.579821117183572,6.326913080561822,1.6509759488766713,1.0039119956609084,-0.004429063618757433,11.71329586106921,6.363069900799271,1.6448416490807574,1.00257711918543,0.01761063184216363,0.029033803370200346,0.15201897188270394,0.16467836371951308,0.014138696967934213,nan,nan,nan,1.0,1.5707963267948966,0.0,nan,nan,nan,nan,nan,1.5225108286818032,1.497876454683301
19.501,11.575016676338045,6.386955917433656,1.6506067566170883,1.0038851896325593,-0.008031692220431373,11.710323541647416,6.403064360414407,1.6447358333913957,1.0027358280444953,-0.011825816823018146,0.029030518281733593,0.15337997669989162,0.16639246247989026,0.014426844042925782,nan,nan,nan,1.0,1.5707963267948966,0.0,nan,nan,nan,nan,nan,1.534048859948224,1.484552869725594
19.552,11.571815936771207,6.426982847363957,1.6502414728590806,1.0038419405684231,-0.009665877392092775,11.723761098573062,6.552202951612597,1.6456042419375407,1.0085557984621034,0.01998511604265266,0.029051387807957203,0.14863055767422292,0.16034828717352922,0.014855307246448944,11.922484497494818,7.3078928328093244,2.984363696790435,1.0,1.5707963267948966,0.0,nan,nan,nan,nan,nan,1.534048859948224,1.484552869725594
19.6,11.568619809614997,6.467005477310156,1.649808838202355,1.00359284276625,-0.011796164804190887,11.720803039817831,6.592424639638148,1.6450094290310018,1.0074952381545006,-0.02531204049431119,0.02905177395896416,0.1499772745467581,0.16208221983801946,0.014394011814263025,nan,nan,nan,1.0,1.5707963267948966,0.0,nan,nan,nan,nan,nan,1.5395060349014584,1.4612079935964304
19.650000000000002,11.563843919399629,6.527010156903715,1.648998786573467,1.003008101387287,-0.013968051214426782,11.716344420763273,6.652683641195659,1.644362584004054,1.0062527228463205,-0.004748658187998904,0.029054573191026254,0.15204271053577104,0.1646684469091351,0.014771449246528793,nan,nan,nan,1.0,1.5707963267948966,0.0,nan,nan,nan,nan,nan,1.5222694779455868,1.4812514695673857
19.700000000000003,11.560675046595614,6.566998824657278,1.6484236548971543,1.002756940643085,-0.014787110826992267,11.709878847248445,6.692611378052176,1.6473185667704826,1.0056392826903024,-0.024153830654142526,0.028715611384254904,0.15335808787016247,0.16638094592834116,0.014368402338743931,nan,nan,nan,1.0,1.5707963267948966,0.0,nan,nan,nan,nan,nan,1.531599849504848,1.4753360077903486
19.75,11.555950232219226,6.626970245420425,1.6474830427224942,1.0025201388001528,-0.016173650252780763,11.690849512060684,6.740193632646909,1.6470167778877995,1.0041665302994636,-0.01645645976963279,0.02870725031461683,0.14861081964079953,0.1603362406046802,0.014664612885461108,11.540932770465398,6.586853885588376,0.15946273713654704,1.0,1.5707963267948966,0.0,nan,nan,nan,nan,nan,1.5294335440346807,1.4790606695940551
19.8,11.551265504214845,6.686936719524869,1.646466522685721,1.0024647301034109,-0.017540122732140635,11.687180865409289,6.780204021837164,1.6474419540856902,1.0039613413676798,-0.04217672881048412,0.02864408647333003,0.1499581897212035,0.16206901361230278,0.014261219107205413,nan,nan,nan,1.0,1.5707963267948966,0.0,nan,nan,nan,nan,nan,1.5345458766486961,1.478158267637583
19.852,11.548167431192033,6.7269159260540885,1.6457595581526179,1.0024626163434713,-0.017614525216630254,11.682566040944414,6.840259302022263,1.6471338965366782,1.0037115977612607,-0.02084701667343149,0.028647596694677858,0.15202293583615265,0.16465410676506034,0.01456333610151932,nan,nan,nan,1.0,1.5707963267948966,0.0,nan,nan,nan,nan,nan,1.534220823174738,1.487634132684117
19.901,11.543561996918722,6.786888341837447,1.6446828806354226,1.0024763706678508,-0.018429549356085425,11.675954623274047,6.900175595625836,1.647772695972103,1.003532716199825,-0.03966378657681782,0.028450872456506956,0.15401546169066774,0.16721888047752334,0.014327061033238005,nan,nan,nan,1.0,1.5707963267948966,0.0,nan,nan,nan,nan,nan,1.5378839225295406,1.4794644717697025
19.950000000000003,11.540522160715181,6.826872985138508,1.6439188818705741,1.0024917613939548,-0.019517716302845718,11.55806908735573,6.9744031555789165,1.6476972339456546,1.006191042067343,-0.005294645993583083,0.028384769203251815,0.14859335369247254,0.1603236177102447,0.014523490604667098,10.354587120435415,7.228331660701446,6.763406674499854,1.0,1.5707963267948966,0.0,nan,nan,nan,nan,nan,1.5378839225295406,1.475991352863506
20.0,11.53750847257674,6.866857945523187,1.6431074186860357,1.0023796995998802,-0.020815461939709328,11.558667706846865,7.014762861895177,1.6430252074022214,1.0055564085116668,-0.0221394000923369,0.02875275757665134,0.1499416062209362,0.16205640759921028,0.014134405071160998,nan,nan,nan,1.0,1.5707963267948966,0.0,nan,nan,nan,nan,nan,1.5380873088103104,1.4676706779512838
20.051000000000002,11.533041336745004,6.9268271450556975,1.6418120903315951,1.0021604644336968,-0.021621304003684876,11.554315912576602,7.074922643033283,1.643121049967582,1.004791675569336,-0.0051406434586221735,0.028755686246986926,0.152005401610277,0.16464158809566334,0.01451794989623196,nan,nan,nan,1.0,1.5707963267948966,0.0,nan,nan,nan,nan,nan,1.5255155518794177,1.4818685151236215
20.102,11.528640986979374,6.986792172873027,1.640510647668483,1.0020558130954356,-0.021999842966545904,11.551407514487872,7.1150051413700295,1.6418382461886747,1.0044256774770413,-0.05362914282243435,0.028749289518244486,0.1533687780030413,0.16635398562559264,0.014717263360269303,nan,nan,nan,1.0,1.5707963267948966,0.0,nan,nan,nan,nan,nan,1.5338477495210707,1.4755909325304941
20.150000000000002,11.525745915181286,7.026769720774383,1.639656814888375,1.002032796901555,-0.02068453743073629,11.575377906864375,7.159503267206399,1.6459579258183197,1.0028454004039107,-0.023619195380466553,0.028348429247971662,0.14857733510635887,0.16031286262906114,0.014402950465503602,11.923206154877624,6.986313588358195,0.5880682116188163,1.0,1.5707963267948966,0.0,nan,nan,nan,nan,nan,1.51332170890567,1.496993683548927
20.200000000000003,11.522881973333417,7.0667500327315835,1.6388469945262751,1.0020851207747927,-0.020393116496083236,11.572370314185553,7.199504347295937,1.645598875052647,1.0028622557441444,-0.011411771842730003,0.028350250157975595,0.14996907394234973,0.1620459296889669,0.014603186517899476,nan,nan,nan,1.0,1.5707963267948966,0.0,nan,nan,nan,nan,nan,1.5388018625255597,1.480733657732153
20.252000000000002,11.518646422689708,7.126731476280308,1.6375848183680857,1.0022137729820249,-0.02162852602911599,11.572714724630522,7.259831815095111,1.63982646209062,1.0028791383438498,0.009109591784143571,0.028819282054661586,0.15198849242831336,0.16463143210751502,0.01429431429606354,nan,nan,nan,1.0,1.5707963267948966,0.0,nan,nan,nan,nan,nan,1.5385996368515937,1.4759260332779829
20.301000000000002,11.514484798903338,7.186724539279438,1.636240595031599,1.0023070957357159,-0.022912132531338107,11.569950779772617,7.2998516461831615,1.6387684332942634,1.0028819880151396,-0.031030172619634803,0.02881405765685996,0.1533508831314893,0.16634449031656745,0.014495427462434726,nan,nan,nan,1.0,1.5707963267948966,0.0,nan,nan,nan,nan,nan,1.5385996368515937,1.4759260332779829
20.352,11.51175193968377,7.226725501668972,1.6353409067459455,1.002355593118808,-0.022038348639931624,11.6077875792662,7.383564066541767,1.645553586310747,1.0041911053164998,-0.043223674707998386,0.028129560823560943,0.14856180697421179,0.16030580965523974,0.014196045123400877,12.136529219308471,7.564428130158685,1.394543791748482,1.0,1.5707963267948966,0.0,nan,nan,nan,nan,nan,1.5212202242207304,1.4931527974942194
20.400000000000002,11.509052474911117,7.266729433766891,1.6344795482924142,1.0023361725491717,-0.02137060486134119,11.604794722604865,7.423617255807261,1.6449139206429455,1.0039208658100887,-0.02071986576377191,0.028132603283691392,0.14995281447037953,0.16203945242877096,0.014397972133038056,nan,nan,nan,1.0,1.5707963267948966,0.0,nan,nan,nan,nan,nan,1.5248258856227372,1.4854102289223072
20.450000000000003,11.505067889547774,7.32673580973762,1.633196602885984,1.002266958657859,-0.02169076914141798,11.599989807322281,7.483656878354538,1.6441900542653807,1.003593429620561,-0.012248815794486787,0.028097828486272375,0.15197280664552043,0.16462554481149688,0.014115307142203675,nan,nan,nan,1.0,1.5707963267948966,0.0,nan,nan,nan,nan,nan,1.5335458362823307,1.4773049534914429
20.5,11.502455035857084,7.366741331189586,1.6323113844537203,1.002246801411864,-0.02243545710721292,11.597049665452253,7.523691134749207,1.6422346299743127,1.0034341276613203,-0.06497193918911054,0.02809035582238972,0.15333468901682692,0.16633875354356098,0.014317927144318666,nan,nan,nan,1.0,1.5707963267948966,0.0,nan,nan,nan,nan,nan,1.5366167438848266,1.4750366829765014
20.553,11.49860131408556,7.4267530806969,1.6309393709066318,1.0022375517103306,-0.022882621685844654,11.60761601865101,7.560016356183142,1.6412190332384362,1.0016564275753377,-0.012392517050459736,0.028106076700709966,0.14859122995053878,0.16030133667547602,0.014614516513154294,11.764245649153775,7.310012268026819,0.30007724326999097,1.0,1.5707963267948966,0.0,nan,nan,nan,nan,nan,1.529466383803451,1.482712716123816
20.602,11.4948266049185,7.486773257696289,1.629562634306431,1.0023683206768175,-0.023101345509527277,11.607234693955464,7.600152384958319,1.6387031251484905,1.0018808851661596,0.005316626884163001,0.028346538559374856,0.14993782956042556,0.16203536455425624,0.014230930586305427,nan,nan,nan,1.0,1.5707963267948966,0.0,nan,nan,nan,nan,nan,1.5355898942124986,1.481623608950065
20.651,11.492354540431762,7.526794987812724,1.628625603919969,1.0024657896186402,-0.023664150534730893,11.603215841944786,7.660136433781665,1.6357781687469928,1.0021462337806535,-0.03813273535903575,0.028340217356815533,0.15200322150470785,0.1646227878948269,0.01453336406887418,nan,nan,nan,1.0,1.5707963267948966,0.0,nan,nan,nan,nan,nan,1.5388555151278096,1.4775905710039803
20.700000000000003,11.489918275905842,7.566822039990303,1.6276880695491331,1.00253176399483,-0.022847590895161748,11.604909763840682,7.700431217051633,1.6299421782836259,1.0022670841118286,-0.0006129954922734519,0.028743352305462423,0.15331812464916447,0.16633688377117994,0.014159731958845137,nan,nan,nan,1.0,1.5707963267948966,0.0,nan,nan,nan,nan,nan,1.5169615660717868,1.4985811625274887
20.751,11.486330059754419,7.626870264481459,1.6263919106679576,1.0025939785622011,-0.021025728934009596,11.66597891289515,7.758368405650786,1.6285140400667195,1.0019866457253357,-0.027877561762445723,0.02878006974655754,0.1485748867364388,0.16030130587631347,0.014458363611279603,12.349214303714833,7.706582284030165,2.031032438816881,1.0,1.5707963267948966,0.0,nan,nan,nan,nan,nan,1.5232732529813267,1.4917935704188316
20.8,11.482820887625127,7.6869265863707446,1.6252016305011507,1.0026568370577489,-0.018657878528106662,11.661246370801864,7.798220421823921,1.6304523727402191,1.002134014982628,-0.015599521276982808,0.02854415425697157,0.1499218617651481,0.16203628659044614,0.014231702549974598,nan,nan,nan,1.0,1.5707963267948966,0.0,nan,nan,nan,nan,nan,1.5108847991508638,1.5049240071225067
20.85,11.480523789811619,7.726968507947237,1.6244817077744615,1.0026869351612255,-0.017710905490014906,11.657723859576967,7.858248981245329,1.6289750430601249,1.002307360796657,-0.00036612061603220566,0.028545614247197936,0.15198560708125947,0.16462504658327778,0.014472940514247797,nan,nan,nan,1.0,1.5707963267948966,0.0,nan,nan,nan,nan,nan,1.5187273903245204,1.4965326074278416
20.900000000000002,11.477139927874477,7.787036302927545,1.6234413585905463,1.0027058697825284,-0.017202456044631328,11.655395810770138,7.898274340474538,1.6275935978602953,1.002384686925414,-0.04241644435855014,0.028539886252053906,0.15334889789215866,0.16633998194793118,0.014755132366531263,nan,nan,nan,1.0,1.5707963267948966,0.0,nan,nan,nan,nan,nan,1.5225779469091254,1.4920466453613166
20.951,11.474923285599102,7.827082334335075,1.6227899914655979,1.0026622023775515,-0.015457476576253756,11.583669798376437,8.031330948010785,1.6276060114296305,1.00690522203408,-0.004808362107160836,0.0285060939611099,0.14867233047913855,0.1604517438028562,0.014526955639181159,10.868374393288548,8.620758430881923,4.140490989878901,1.0,1.5707963267948966,0.0,nan,nan,nan,nan,nan,1.5037940296014305,1.51047934993647
21.0,11.47273612023086,7.86712675815103,1.6222070701622815,1.0024763991334729,-0.01440483655693573,11.581395409577778,8.07153400177561,1.6273332999243317,1.0060445247272327,0.008381458830740027,0.028507899854781193,0.15006318046688535,0.16218870136253438,0.014725657681344732,nan,nan,nan,1.0,1.5707963267948966,0.0,nan,nan,nan,nan,nan,1.512186498065312,1.488180015044887
21.051000000000002,11.469510971360208,7.927174301822371,1.6213420447569322,1.0020665745324735,-0.014596642066581084,11.574024827966207,8.131521384707332,1.6320748512455499,1.0050101469911146,0.0023382764101385657,0.028139723884976122,0.15208025044573306,0.16477832107549578,0.014427513788472408,nan,nan,nan,1.0,1.5707963267948966,0.0,nan,nan,nan,nan,nan,1.518475976890261,1.484170401904118
21.1,11.466349160170255,7.987207121087985,1.6204353399565123,1.0018394177418146,-0.015595986754238622,11.571569491347864,8.171641608726317,1.6311866731830476,1.0045176011501722,-0.020863210779640616,0.028136704530316622,0.15344213788970643,0.16649316151496532,0.014627024015061796,nan,nan,nan,1.0,1.5707963267948966,0.0,nan,nan,nan,nan,nan,1.5249037364555003,1.4805952681976775
21.152,11.464274778210193,8.027224645177533,1.6198132107605274,1.0017372918827383,-0.01537556782208509,11.533547846680593,8.245405495711806,1.6277445139676523,1.004930589578438,0.027608200225237092,0.028487269055955004,0.14863911476472116,0.16043431372862324,0.014323570833633895,11.132294402357266,8.320098135729081,0.7722115265285712,1.0,1.5707963267948966,0.0,nan,nan,nan,nan,nan,1.515218704950435,1.491532057168061
21.200000000000003,11.461212220110927,8.087247262852932,1.6188691942990538,1.0016039320536272,-0.01640418009677841,11.531283038833385,8.285533754023394,1.626437862490154,1.0044422047764328,-0.0030042225733296155,0.02848337855910232,0.15002926230480726,0.16216889541432103,0.014523930784291567,nan,nan,nan,1.0,1.5707963267948966,0.0,nan,nan,nan,nan,nan,1.5289860240832975,1.4762792432714795
21.25,11.459203286299726,8.127259943481503,1.6182141579819633,1.001542028309407,-0.016163896630576956,11.528309485178484,8.345718249166351,1.6257360159915706,1.0038538540605557,0.0012662646509648398,0.028518576578484413,0.15204636363681104,0.16475597979953682,0.014224528611462308,nan,nan,nan,1.0,1.5707963267948966,0.0,nan,nan,nan,nan,nan,1.5156808075096968,1.4908275040122743
21.3,11.457219885478347,8.167272142592314,1.6175797418338893,1.001512313671719,-0.01570904298592101,11.526113007463785,8.385809287048852,1.6241999444963398,1.003571959040504,-0.03882149722515259,0.02851292355942414,0.1534072888699933,0.166469622161137,0.014425706410859563,nan,nan,nan,1.0,1.5707963267948966,0.0,nan,nan,nan,nan,nan,1.5173971108198243,1.49068356014675
21.351000000000003,11.454291925730383,8.22729236210024,1.616690773231729,1.0015166190623128,-0.013581622773696478,11.513450444643084,8.397052312347236,1.6173411798439519,1.0001337620985165,-0.01630435244669989,0.029014466151463858,0.1486085984942482,0.1604132484870228,0.014134462346630829,11.351386576816946,7.9171410618890565,0.9699027013508325,1.0,1.5707963267948966,0.0,nan,nan,nan,nan,nan,1.4996584604691034,1.509089297605601
21.402,11.451417345026023,8.287322639772208,1.6159834683272867,1.0017876339442375,-0.010573086826281646,11.511594889466119,8.437019458301565,1.6175004055521764,1.0005958323824018,0.013119322357991221,0.029018112932620896,0.1499975078150621,0.16214777631809774,0.014336400256317449,nan,nan,nan,1.0,1.5707963267948966,0.0,nan,nan,nan,nan,nan,1.5037638470276662,1.5152918137680749
21.451,11.44952859441537,8.327355211307623,1.6155830665131734,1.0019779745319801,-0.009884858669415485,11.511656749852706,8.497175171130834,1.614214430823056,1.0011306784092007,0.01406598790301133,0.029289808472218945,0.15201446601345484,0.16473558495038385,0.014060789240189846,nan,nan,nan,1.0,1.5707963267948966,0.0,nan,nan,nan,nan,nan,1.5147019934189108,1.5023008966178684
21.504,11.447660997132324,8.36739506582727,1.6151985552302772,1.0021191090098232,-0.009364181150660242,11.509930982295366,8.537185731354628,1.612606451381711,1.0013898234059768,-0.030826545887929713,0.029283325264398374,0.15337418695840505,0.16645014340303113,0.014263363782352786,nan,nan,nan,1.0,1.5707963267948966,0.0,nan,nan,nan,nan,nan,1.5101299383155442,1.5058382091841673
21.55,11.444895493716961,8.427464894144977,1.614709358032373,1.002265458365796,-0.006617787107199301,11.458088786237056,8.504333934503169,1.6120738592766326,0.9958925651900339,-0.01009585752969652,0.029250708858880002,0.1486225992176448,0.16039846440528313,0.014559847736080166,10.930746917108548,7.632294440937854,4.30284080144729,1.0,1.5707963267948966,0.0,nan,nan,nan,nan,nan,1.4895465431797712,1.5255746781593134
21.602,11.442167301486704,8.487554420939382,1.6144227210488131,1.0027898432364446,-0.0037933505071195716,11.458770660676649,8.54428431590423,1.6102656822688803,0.9972074270068924,0.005538778279545535,0.029477920539857587,0.1499672189566241,0.16213428431697655,0.014182476246997264,nan,nan,nan,1.0,1.5707963267948966,0.0,nan,nan,nan,nan,nan,1.5055948912220187,1.5262234765053928
21.651,11.440365638010919,8.527635327122361,1.6142988277396164,1.0031400291714507,-0.002762360829845209,11.456384668401709,8.60410297319144,1.6104139707435117,0.9987818051739845,-0.03352873372774134,0.02947219159254037,0.15202947350916918,0.16472475763135394,0.01448473833289625,nan,nan,nan,1.0,1.5707963267948966,0.0,nan,nan,nan,nan,nan,1.4898937521597846,1.5334574340067313
21.700000000000003,11.438575471784851,8.567727405216264,1.6142267922160387,1.0033515827880435,-0.0009254774436296646,11.459281066449998,8.644281301680541,1.6058526139205966,0.9995214613593085,-0.010202009006197265,0.02988883813477956,0.15334274863340566,0.16644103635174815,0.014116536605756775,nan,nan,nan,1.0,1.5707963267948966,0.0,nan,nan,nan,nan,nan,1.4898937521597846,1.5334574340067313
21.752000000000002,11.435906773824602,8.627876653758872,1.6142852830443088,1.003518078595299,0.002144636630563102,11.423110620840673,8.601484716562119,1.6079378194265492,0.9938781065765685,0.027011519948966112,0.029869192495207256,0.14859377217584058,0.1603933733926737,0.01441495066255896,11.056181282992862,7.643333908275835,4.343640318563474,1.0,1.5707963267948966,0.0,nan,nan,nan,nan,nan,1.4914601674376895,1.5296959771048888
21.8,11.434136253240954,8.667984711351398,1.61439137379159,1.003833360794769,0.0025559948685773284,11.421248364937922,8.641209457777888,1.6080435164804108,0.9956105883701702,-0.0019800857392437547,0.029827398360977156,0.14993898292720387,0.1621310000213974,0.014041830728053867,nan,nan,nan,1.0,1.5707963267948966,0.0,nan,nan,nan,nan,nan,1.5182771742515382,1.520115129310432
21.85,11.431487180727315,8.728178330611712,1.6145433056871832,1.0043822358105792,0.0029404874449050224,11.41901993383906,8.70094924582483,1.6082769046301075,0.9976860441134565,0.007786737371156035,0.029828513191172065,0.15199993253018043,0.16472414114741737,0.014345824148741368,nan,nan,nan,1.0,1.5707963267948966,0.0,nan,nan,nan,nan,nan,1.504536326105817,1.5288780026568394
21.900000000000002,11.429722639234505,8.768320586939312,1.6146774970074529,1.0045599307914093,0.00349733817179249,11.41752145584664,8.740838673956816,1.608902679673193,0.9986627461519096,0.01882116021620177,0.0298301116589885,0.1533614208936601,0.16644219055153114,0.014546750900410363,nan,nan,nan,1.0,1.5707963267948966,0.0,nan,nan,nan,nan,nan,1.5059252057459325,1.5213784535811923
21.950000000000003,11.427075909005726,8.828540178277189,1.6148916251135235,1.0046331559574595,0.003429486524933651,11.443948817866065,8.80306239721667,1.606312957809907,0.9998709901715783,0.012948426714783627,0.03006467930034295,0.14868117499956002,0.1605441218527913,0.014340503990886768,11.725194958445575,8.765244269290433,0.34308733650939904,1.0,1.5707963267948966,0.0,nan,nan,nan,nan,nan,1.5100365475014925,1.514403868402677
22.0,11.425310029091735,8.86868677440806,1.615027497743963,1.0046006876233406,0.0035160563469419093,11.44252150447701,8.843037390178752,1.6075452772008825,1.0004104744080222,0.033525767075151265,0.030067815776631784,0.15007019545850508,0.16228461942160397,0.01462212462732672,nan,nan,nan,1.0,1.5707963267948966,0.0,nan,nan,nan,nan,nan,1.502171313677279,1.518650820659306
22.052,11.42265678854124,8.928900674256324,1.6152412180046436,1.004464983221034,0.003228536376565924,11.436954302431152,8.902868460949307,1.6105062878840382,1.0010543545061223,-0.016232629999938585,0.02975079578193954,0.1520852554309393,0.16487997635806517,0.014337036843687659,nan,nan,nan,1.0,1.5707963267948966,0.0,nan,nan,nan,nan,nan,1.5116149854450531,1.5075681724617989
22.1,11.420884398894751,8.969037920225604,1.6153654207233639,1.004348713489866,0.0033702829123620224,11.434583919496196,8.962894068923456,1.6103685224032178,1.0014894137037578,0.015451904298324883,0.029754438233734255,0.1541218610992358,0.16745419942741527,0.014636679825304541,nan,nan,nan,1.0,1.5707963267948966,0.0,nan,nan,nan,nan,nan,3.857808770726087,-0.8415766813949099
22.152,11.418213456146715,9.029343069687233,1.6109038359016086,1.0069252120032615,-0.209285945602438,11.324918110272568,8.950596006853832,1.6096777551487202,0.998583591116489,-0.2315431020802301,0.029636677656475277,0.14864048989622444,0.16052965997908328,0.014244960906142102,10.190948848376797,8.436714643067704,6.643726653797922,1.0,0.0,0.0,nan,nan,nan,nan,nan,3.857808770726087,-0.8415766813949099
22.201,11.415994033236348,9.0896925692502,1.5875086136184424,1.0061332171563868,-0.4990011959907811,11.323449337083984,8.990520465340465,1.5982404239492742,0.9993800657912444,-0.4575689976199878,0.029635389081156382,0.15002898510807125,0.1622678998290904,0.014445776356691826,nan,nan,nan,1.0,0.0,0.0,nan,nan,nan,nan,nan,3.7839932535007126,-0.7593790442147268
22.25,11.41489018654933,9.129912505329225,1.5643998646576742,1.0052391270349872,-0.6186364765901043,11.325036751056288,9.050617174265533,1.5663798304049,1.0003317320090879,-0.6123168596052971,0.029905036138236793,0.15204387209331366,0.16486095401714998,0.014155948746047038,nan,nan,nan,1.0,0.0,0.0,nan,nan,nan,nan,nan,3.6832388869484727,-0.6609831049763151
22.301000000000002,11.41408329095165,9.19019812239041,1.5232212017305027,1.0030080340449676,-0.7242020332413185,11.325455852373466,9.090631503328723,1.5400517856394176,1.0007771772585685,-0.7128487469144112,0.02989578003517,0.1534024279249523,0.166578503299682,0.014357360928289016,nan,nan,nan,1.0,0.0,0.0,nan,nan,nan,nan,nan,3.5072527979134627,-0.5605607616446466
22.35,11.41431632186506,9.230333060596047,1.4932597087320727,1.000993348440075,-0.7617522878927784,11.3112843976249,9.07286636296868,1.500234488197279,0.996312493086853,-0.7499083938234623,0.02967576604200533,0.14860170252915358,0.16051078107015884,0.014074255072480031,11.151105553201388,8.34128908891652,2.2414243579473574,1.0,0.0,0.0,nan,nan,nan,nan,nan,3.5072527979134627,-0.4892437958066602
22.400000000000002,11.416153799214534,9.290407431763885,1.4463389500899082,0.9980178887216722,-0.7928300618743143,11.314397971989937,9.112607332435333,1.4686177895105752,0.997569088178191,-0.7820141793168568,0.029662924003413808,0.14998844043766568,0.16224689983358415,0.014407540966163415,nan,nan,nan,1.0,0.0,0.0,nan,nan,nan,nan,nan,3.4469933793580223,-0.4154059493904161
22.450000000000003,11.418530351430523,9.330337725112292,1.4143744356521797,0.9959426866321784,-0.802088984756973,11.320526545417815,9.172060662762874,1.4238363608381521,0.999073202888325,-0.7780379208849957,0.029582460350286326,0.1520042996651919,0.16483356379741543,0.014084382805378824,nan,nan,nan,1.0,0.0,0.0,nan,nan,nan,nan,nan,3.3922449862367,-0.3643057959520173
22.501,11.42402754780582,9.389963227107629,1.3660602037064848,0.9927500310770373,-0.8062168926717078,11.326670481318518,9.211551646804372,1.391789529578899,0.9997795288014358,-0.8012746359372995,0.029566017288022505,0.15336477286711456,0.16654377937743492,0.014285785701312259,nan,nan,nan,1.0,0.0,0.0,nan,nan,nan,nan,nan,3.331549526267592,-0.30807634025772734
22.55,11.42906467774694,9.429478507373517,1.3338634708565442,0.9907114967168174,-0.8039025419428357,11.316610970419369,9.299622251128485,1.3427586839413843,1.0024081943257355,-0.8125769587068138,0.02952890608975993,0.14862088522829398,0.16046577222231817,0.01458058992930387,11.081362875560636,9.519314437215026,0.5245453625635593,1.0,0.0,0.0,nan,nan,nan,nan,nan,3.2800895639159826,-0.25872433208552215
22.6,11.435244650476971,9.46876190004855,1.3018100596951567,0.9887456117394551,-0.7984513884453491,11.323598267662536,9.338626043839138,1.3136014653892412,1.0024420800187197,-0.7770302064290371,0.029298352731921155,0.1499747617884056,0.16218651854394758,0.01419967630881107,nan,nan,nan,1.0,0.0,0.0,nan,nan,nan,nan,nan,3.2047329566270193,-0.19137413108574441
22.655,11.446697730124857,9.527167601407891,1.254227446480467,0.9860675244304332,-0.7887679128058672,11.339783639181046,9.396543980258858,1.266257674377477,1.0024779249574127,-0.7835905813671026,0.02927712503649718,0.1520580876450753,0.16474273664992015,0.014500231396154344,nan,nan,nan,1.0,0.0,0.0,nan,nan,nan,nan,nan,3.181671956496917,-0.16853689203553102
22.707,11.460800718215763,9.584852407255584,1.207276345889202,0.9839718910866498,-0.77595693212569,11.357010245919135,9.434517133709702,1.2290871453152388,1.0024891337134323,-0.766449205689556,0.029716818974975145,0.1533937619488551,0.16642677273201378,0.014129151199915863,11.135432315216221,8.860277847427897,nan,1.0,0.0,0.0,nan,nan,nan,nan,nan,3.114247692843957,-0.1013440594465207
22.75,11.471669549128002,9.622858386410494,1.1764318032873295,0.9828620090664366,-0.766318274817211,11.358094954138947,9.430964669226016,1.1822751746858726,0.9984679980751218,-0.7377628386670352,0.029691398488878463,0.14868090891372843,0.16032319940919748,0.014555909059896741,nan,nan,1.455810009066397,1.0,0.0,0.0,nan,nan,nan,nan,nan,3.071414843771329,-0.058669293327623384
22.803,11.490155301300675,9.679122192835525,1.1309311453980364,0.9818636819794164,-0.7501713346257961,11.374710967871815,9.467731826150448,1.1507730103964233,0.9992846488987309,-0.7357048037531692,0.029797655338485912,0.15006630731724904,0.16200940036943928,0.01412677625730232,nan,nan,nan,1.0,0.0,0.0,nan,nan,nan,nan,nan,3.0246528140153055,0.00023274343957591093
22.85,11.503905038117992,9.716106158056565,1.1011313548411237,0.9814739120256893,-0.7392828377589599,11.39997659176346,9.522119013141298,1.106094665517496,1.0002624448063393,-0.7078031605041228,0.029784903034632226,0.15220202042223366,0.16450761885533458,0.014424819215346751,nan,nan,nan,1.0,0.0,0.0,nan,nan,nan,nan,nan,2.982769554140778,0.039701818398339306
22.900000000000002,11.52660282011401,9.770731401743998,1.0572430167083726,0.9810537460860814,-0.7227076560548387,11.418152046252317,9.557759560037395,1.076510642258427,1.0007201438177187,-0.7170228603520358,0.029766929280122104,0.15362493099170146,0.16615032300659663,0.014711655110959948,nan,nan,nan,1.0,0.0,0.0,nan,nan,nan,nan,nan,2.930969912468022,0.08855495010795322
22.950000000000003,11.543083642132956,9.806542419051004,1.0285604382408173,0.9808825721669436,-0.7108413291886663,11.520826949701869,9.583964297240588,1.0265778796776308,1.001275153920331,-0.7122637390423934,0.030186348150234483,0.1489051839388762,0.1600227829455091,0.014406670483818038,12.227675640149181,9.31246178441179,2.561895213886906,1.0,0.0,0.0,nan,nan,nan,nan,nan,2.887583998739033,0.13053175961191799
23.0,11.560614336017977,9.841841251288331,1.0003545715171474,0.9807978154776927,-0.6978738202550422,11.541808108714235,9.61808056652988,0.9983239134630555,1.0015266554104985,-0.6686992565790352,0.030183760640232343,0.15038156234452316,0.16166164640453431,0.014741731082883102,nan,nan,nan,1.0,0.0,0.0,nan,nan,nan,nan,nan,2.8188569987881573,0.19752997155894003
23.051000000000002,11.588813345570731,9.89378600536823,0.9590067705220169,0.9808205347177781,-0.6802502986685757,11.578025156021543,9.667582536398955,0.9537632078966104,1.001821368106658,-0.65636690285404,0.030451559349623018,0.1525547851027701,0.16408164837806272,0.014399785259347203,nan,nan,nan,1.0,0.0,0.0,nan,nan,nan,nan,nan,2.7984780433984398,0.21707808970763076
23.1,11.608841423875397,9.927718860049902,0.9319877715258412,0.9809296810506927,-0.6688169792050892,11.60142704326969,9.70011347415156,0.9280011485075397,1.001958761343016,-0.6173214729039085,0.03045252103406017,0.15403252961110378,0.16567047980007069,0.014597872887530025,nan,nan,nan,1.0,0.0,0.0,nan,nan,nan,nan,nan,2.7408511393313475,0.2737297872809119
23.150000000000002,11.640648669310933,9.977534544770522,0.8923290890799378,0.9812030442472276,-0.6527313087326184,11.625182480361815,9.781762989472568,0.8862600557033068,1.0035558888792593,-0.6126621742551344,0.030801570788904522,0.14934100611809167,0.15953453640758367,0.014293509521682903,11.41711241910079,10.068293597216433,0.5881973673766432,1.0,0.0,0.0,nan,nan,nan,nan,nan,2.722211169082219,0.2918596397538149
23.200000000000003,11.662987265384688,10.010000065288587,0.8663939019481395,0.9813856576183497,-0.6421106662307311,11.650749514018093,9.812702008227077,0.8612494944922755,1.0033372090201302,-0.6060117458066089,0.030793491309875035,0.15087345782383785,0.16111981665431305,0.01458016666894372,nan,nan,nan,1.0,0.0,0.0,nan,nan,nan,nan,nan,2.6634099610875497,0.34569167069579176
23.251,11.698114972266891,10.057546579992678,0.8283456842161155,0.9816846719367323,-0.6255825453119404,11.6917213071671,9.85751662709579,0.8221152844130429,1.0030700016325045,-0.5957508131823085,0.030900006567835585,0.15313618408251414,0.16345753514436728,0.014268028746986076,nan,nan,nan,1.0,0.0,0.0,nan,nan,nan,nan,nan,2.6331051276860644,0.3764856832236574
23.3,11.72257142614243,10.08846088888424,0.8035282385967439,0.9819606237133183,-0.6141300456858645,11.719200882913578,9.886744210853472,0.7977283244766036,1.0029411036832057,-0.5883295709927514,0.030891225256005243,0.15467156382922037,0.1649918069180387,0.01454858201458419,nan,nan,nan,1.0,0.0,0.0,nan,nan,nan,nan,nan,2.582942823079627,0.4272961099113468
23.354000000000003,11.760739703483106,10.133637180680278,0.7671731712723111,0.9824648818798403,-0.5975144402745755,11.835871318195085,9.954728668953322,0.760673259874885,1.0070701021490351,-0.5815069381666351,0.030978992146945723,0.14997862484690844,0.15887436050368212,0.014315131853373905,12.559077171640968,10.136830110712214,2.683992343971919,1.0,0.0,0.0,nan,nan,nan,nan,nan,2.498018913279815,0.49971915786995524
23.400000000000002,11.787131132079995,10.162944744556137,0.7434768012946893,0.9826723372264144,-0.5863849033509044,11.8652044587925,9.982317342487649,0.7366606964796478,1.0061225548964254,-0.5686008960797564,0.03097002568101275,0.15156633667259536,0.16040727681032027,0.014512677631130365,nan,nan,nan,1.0,0.0,0.0,nan,nan,nan,nan,nan,2.498018913279815,0.49971915786995524
23.577,11.81423915170347,10.191591287807512,0.7202426063696707,0.9827998177471505,-0.5752403966465852,11.880103501156642,9.995838487702857,0.7247622215883576,1.005694650097199,-0.5719635493242569,0.03096334297104629,0.15236093140954796,0.1611664158552941,0.01461097023737617,12.69158193200833,10.810148172950363,3.965407774740516,1.0,0.0,0.0,nan,nan,nan,nan,nan,2.416113665421818,0.5873546285342671
23.6,11.929318217218857,10.299522736509592,0.6318661031982817,0.9839103189846025,-0.5292970861338364,12.094676320778742,10.18281350134777,0.6161231515506826,1.0088317653806285,-0.48959168395616176,0.03152555419016041,0.15242215584232596,0.15955123244994643,0.014303118748749264,nan,nan,nan,1.0,0.0,0.0,nan,nan,nan,nan,nan,2.3351391552719214,0.6509776811228243
23.650000000000002,11.974956800707572,10.337227652379628,0.6006175258255952,0.9840415029129532,-0.513427214383422,12.144401849027489,10.217240510621298,0.5849811242371236,1.0068246960529137,-0.4784177624381769,0.03151497058878915,0.15488230636289652,0.1617396727811398,0.01459992166888733,nan,nan,nan,1.0,0.0,0.0,nan,nan,nan,nan,nan,2.3237027168451028,0.667006609357984
23.700000000000003,12.021815605365608,10.373423735458488,0.5702949542071312,0.9845059160375733,-0.497784916464988,12.173244942657217,10.242107130016057,0.5704905657337722,1.0058847666706485,-0.4919596688810625,0.03096692622334545,0.15648975270905038,0.16316726833620473,0.014212327671343259,nan,nan,nan,1.0,0.0,0.0,nan,nan,nan,nan,nan,2.2584094056466575,0.740505443550191
23.75,12.053697547410867,10.396724934915408,0.5506144806911935,0.9849271822250358,-0.4872421698548698,12.205982369994604,10.292771771951715,0.5405843562873395,1.004530875592735,-0.4754759076532304,0.030943223913059977,0.1517215021332119,0.15717597809447903,0.014592517242508922,11.97756308706383,10.453468885472919,0.31110319409248466,1.0,0.0,0.0,nan,nan,nan,nan,nan,2.2584094056466575,0.740505443550191
23.8,12.086068564399916,10.419367354018235,0.531343571417805,0.9854140423946939,-0.4766812599701339,12.237992261645228,10.314942530445288,0.5248001111168462,1.004039250924275,-0.450162513259868,0.030630990335742674,0.15337495072392218,0.1586111470772162,0.014194778468215954,nan,nan,nan,1.0,0.0,0.0,nan,nan,nan,nan,nan,2.222061160695193,0.780688817955759
23.85,12.13549651412345,10.452107712587818,0.5032165733936603,0.9862189146627187,-0.4621751437556916,12.290366445250068,10.34465545304532,0.49702624853443833,1.003287074935621,-0.47008776110590533,0.03061564051553969,0.15589025547142774,0.160747186383215,0.014492526187782528,nan,nan,nan,1.0,0.0,0.0,nan,nan,nan,nan,nan,2.2091466064263816,0.794876283683737
23.901,12.185907257444264,10.483393197079211,0.47594322551124724,0.9870546989553277,-0.4470696455818926,12.325726965382223,10.363631457952604,0.47961599439997343,1.003027189199808,-0.41803958897300975,0.030620899801230693,0.15756448318663333,0.1621503172885504,0.014689393157106516,nan,nan,nan,1.0,0.0,0.0,nan,nan,nan,nan,nan,2.160561800523945,0.8455532638053542
23.950000000000003,12.220026205627233,10.503451848773038,0.45826967943247626,0.9876211024594005,-0.43788679373503686,12.334723446658986,10.335773230936928,0.4575631522409833,0.9983558534671059,-0.4305333839713983,0.03022868520168557,0.15267396590093238,0.15624447189658155,0.014389078340521678,11.916489505691573,9.794013522467484,1.8662926979973613,1.0,0.0,0.0,nan,nan,nan,nan,nan,2.1555798370491304,0.851163525027618
24.0,12.254534202143722,10.522878451318995,0.4409465561119399,0.988349587969347,-0.4286421773382353,12.37062307035455,10.353281000217914,0.4413300774021724,0.9990860539009755,-0.41102430265184264,0.03022805792419947,0.15438377602777967,0.15766239684082525,0.014586867418018882,nan,nan,nan,1.0,0.0,0.0,nan,nan,nan,nan,nan,2.124551163073665,0.896288413527834
24.05,12.306997020607515,10.550855653380177,0.4156826236704225,0.9895544056252696,-0.41482749088757476,12.425727391971183,10.377829958408967,0.41383595520400274,0.9999570284184457,-0.40997012649959963,0.030301634649222448,0.15692154783323775,0.1597429570754633,0.014303531750156378,nan,nan,nan,1.0,0.0,0.0,nan,nan,nan,nan,nan,2.1069327313449424,0.9117619412598992
24.101000000000003,12.360237666584478,10.57745278043465,0.39126407882161535,0.9905355662186583,-0.4000637090802857,12.462408942597264,10.393774378593495,0.3963576880801414,1.0003666491187526,-0.4340654967966304,0.03028718015729376,0.15862334863737648,0.16112010879572466,0.014502101559546883,nan,nan,nan,1.0,0.0,0.0,nan,nan,nan,nan,nan,2.0283286849388853,0.9865080181357653
24.150000000000002,12.39612930499715,10.594428323003237,0.3755195729323543,0.9911053575467774,-0.38885686873737313,12.49289504768432,10.483250315747537,0.37244972551830013,1.0013395885256298,-0.3971113703177793,0.03029818680665933,0.15363044615267557,0.15531725902222424,0.014212594247159576,12.168890205131994,11.124248003392065,2.253277875231472,1.0,0.0,0.0,nan,nan,nan,nan,nan,2.0283286849388853,0.9865080181357653
24.200000000000003,12.450515195351416,10.618776863156542,0.35270772246041376,0.9918177252512519,-0.37345036789021874,12.530258777900556,10.497676766602217,0.35594732052527117,1.001469008410391,-0.39013575844383114,0.030290625247167042,0.15536450792299544,0.1567115159205728,0.014411979150445538,nan,nan,nan,1.0,0.0,0.0,nan,nan,nan,nan,nan,2.005755492864207,1.0060954125635302
24.25,12.487112237085196,10.634278265065607,0.3379974711106597,0.9922558816137069,-0.3636399370631248,12.585622004363655,10.519384876439352,0.3359038393941214,1.0016256771668322,-0.33522711611739486,0.030131324997847122,0.1579402867700909,0.15875574937281595,0.01413473372601234,nan,nan,nan,1.0,0.0,0.0,nan,nan,nan,nan,nan,1.9835612750868414,1.0278279202660927
24.3,12.52396236352349,10.649206105065927,0.32365368866729366,0.9926697530163004,-0.3550076241383134,12.623490889488473,10.532463739635135,0.3219757813035997,1.0016936408602777,-0.33598950319609766,0.030126157898377703,0.15966208349115865,0.16011264201507105,0.01442323161973191,nan,nan,nan,1.0,0.0,0.0,nan,nan,nan,nan,nan,1.9751838652568585,1.0356540399684104
24.351000000000003,12.579679162351614,10.670543043528916,0.30274330560241747,0.9932488079730447,-0.34304268081841893,12.72851130040339,10.514675750417329,0.2985127468798936,1.0038158610763561,-0.3372985134295224,0.030268897469864376,0.1545562094929887,0.15441964454794538,0.014129992891097475,13.166601166888118,10.133114538196178,1.6008523153737002,1.0,0.0,0.0,nan,nan,nan,nan,nan,1.9538425367279197,1.0567067953739988
24.401,12.635879030244192,10.690643402457507,0.2826037011684644,0.9936233347717499,-0.32942995693585275,12.766920833370026,10.52635585366881,0.28437106618577257,1.0034360253346142,-0.341576767312904,0.030261237245953216,0.15630577273795707,0.15579735870012013,0.01432973877025964,nan,nan,nan,1.0,0.0,0.0,nan,nan,nan,nan,nan,1.9148456541479641,1.0891462242519012
24.452,12.673587900421744,10.703372883566644,0.2696581314453112,0.9938564298374828,-0.31970147457082904,12.826060394658215,10.541232829712229,0.26302755308884995,1.0029734477602537,-0.29346791275661444,0.030468784704271754,0.15890660654182537,0.1578153300072933,0.014051911827000416,nan,nan,nan,1.0,0.0,0.0,nan,nan,nan,nan,nan,1.8802534868773437,1.112553899825683
24.5,12.711477654815083,10.71557852022885,0.2570786983329873,0.9941166100692065,-0.31086863379242957,12.864828180904937,10.551542335320612,0.2505635779890625,1.0027551782691813,-0.29060793995012435,0.030464407812432353,0.1606410978027634,0.15915754406905044,0.014252408165622558,nan,nan,nan,1.0,0.0,0.0,nan,nan,nan,nan,nan,1.8802534868773437,1.1259451578160855
24.551000000000002,12.768629037162754,10.73292909744509,0.23883378856605442,0.9945432797193036,-0.29869945058668457,12.879422725323657,10.562605787227408,0.23238241300153592,0.9996306931821466,-0.29098915374306,0.030446023794269982,0.1554312473331077,0.15359779434413898,0.014546637961343846,12.42284478962933,10.542223804514908,0.7716541854501174,1.0,0.0,0.0,nan,nan,nan,nan,nan,1.8629600381301379,1.1437556561230497
24.6,12.826134154290852,10.74916511500685,0.22134177305038885,0.995177018752106,-0.28575991663989686,12.922600884824952,10.565400642590046,0.2112288111840135,1.000058855687523,-0.2818792081863586,0.031212565547452335,0.15717992762464872,0.15493976529002354,0.01416879002072317,nan,nan,nan,1.0,0.0,0.0,nan,nan,nan,nan,nan,1.8402317654326719,1.175875849422512
24.650000000000002,12.864655296853915,10.759390730721117,0.210143919897353,0.9955754604881524,-0.2758127651831279,12.981348011942867,10.577657599674705,0.1939317760537227,1.0005877293177463,-0.28417915660982074,0.031204469993855337,0.15980840755454412,0.15696429403189116,0.014468078091615,nan,nan,nan,1.0,0.0,0.0,nan,nan,nan,nan,nan,1.8059116149707342,1.2082821934444998
24.700000000000003,12.903311040629893,10.769151317790058,0.1993591894116895,0.9959545127906777,-0.26543054412836814,13.01968742540452,10.586832935735831,0.18448579701596876,1.0008489838755341,-0.28673168768522506,0.031020606129605353,0.1615408404552443,0.15827083072071194,0.014099872460152091,nan,nan,nan,1.0,0.0,0.0,nan,nan,nan,nan,nan,1.7838229558050653,1.229370952931754
24.75,12.961525448882485,10.782946504996493,0.18392954089047217,0.9964831666138118,-0.2510354491389084,13.025055292195576,10.65767222605433,0.1697022716405554,0.998585881802642,-0.2161773543755907,0.03098527492830822,0.15621775365654636,0.15282081904300449,0.014529892911058714,12.44559361152106,11.27496412162679,2.992108887588781,1.0,0.0,0.0,nan,nan,nan,nan,nan,1.7682198683847026,1.2441478274849764
24.803,13.019994421449818,10.79576382480315,0.16925519614720758,0.9971511167435189,-0.24029289631559808,13.063998111019545,10.665119440527283,0.1598869017136959,0.9992494096471877,-0.24824308879627588,0.030879379911617624,0.1579745803026242,0.15415497536455577,0.014093837002148505,nan,nan,nan,1.0,0.0,0.0,nan,nan,nan,nan,nan,1.7776963197097086,1.2415313882885148
24.85,13.059105687792757,10.803786218178383,0.15980761330109186,0.9975670944287633,-0.23307253807973236,13.123250990406348,10.674378930775166,0.145725232744383,1.0000387755063986,-0.2060872427081083,0.03088145231639345,0.1606092068096883,0.15617276910889352,0.014393568021703301,nan,nan,nan,1.0,0.0,0.0,nan,nan,nan,nan,nan,1.749170444043147,1.26810420993908
24.903000000000002,13.11794564464963,10.815065727791676,0.1462018463922672,0.9980443272795061,-0.2223511819849766,13.180860842461882,10.68649925052831,0.1370424086209594,1.0005823850391666,-0.22434051120558404,0.03087827386125539,0.16321713690851616,0.15813403735894707,0.014108049189783865,nan,nan,nan,1.0,0.0,0.0,nan,nan,nan,nan,nan,1.7295196514314326,1.2842554614598298
24.951,13.157275097834935,10.822098306255501,0.13747480152987848,0.9983019175917376,-0.21545892319005042,13.16136406510403,10.79586923643483,0.12926858605800404,0.9981554308906709,-0.2135038175574554,0.03041397308028883,0.1569165590359735,0.15212963532612955,0.014304511792356785,12.517460195507157,11.860157877462623,6.625595382935575,1.0,0.0,0.0,nan,nan,nan,nan,nan,1.7295196514314326,1.2842554614598298
25.0,13.19668009836044,10.828754150619275,0.12901926743443587,0.998635037042192,-0.20862325403990786,13.200974382127274,10.800937126400209,0.12064213629455268,0.9989054325042187,-0.21080995146476644,0.030410935191237467,0.15868280182856537,0.1534905439444981,0.014503411262910647,nan,nan,nan,1.0,0.0,0.0,nan,nan,nan,nan,nan,1.7188145802983694,1.3018118761703215
25.05,13.25592403850147,10.838056896450391,0.11684780691845761,0.9991564022798787,-0.19853730985733947,13.258727657686768,10.812072748729967,0.11266152763933769,0.9998119078682578,-0.22025444166360164,0.029965142341157897,0.1613116861436756,0.15547825696234943,0.014231210645320845,nan,nan,nan,1.0,0.0,0.0,nan,nan,nan,nan,nan,1.7058548138573406,1.3125763661454957
25.1,13.295499069731228,10.843819666893326,0.109064352666623,0.9993682170458562,-0.1918926295356371,13.298479470063317,10.816488521846566,0.10408469139327403,1.0002306272953754,-0.2076280130303049,0.029963276396807466,0.16305730648973332,0.15681017894468632,0.014430760611115869,nan,nan,nan,1.0,0.0,0.0,nan,nan,nan,nan,nan,1.688751094052219,1.3269700644650875
25.151,13.354962488051001,10.851830901417921,0.09790054000950177,0.9996483805998574,-0.18181543428622476,13.41884158368475,10.781785729135592,0.0923003004460168,1.00437947044909,-0.17000182615386694,0.02998063870017618,0.157522628288947,0.15152929121746525,0.01415072323763309,13.960671870871558,10.339173980037632,2.3355858990247462,1.0,0.0,0.0,nan,nan,nan,nan,nan,1.6785176608959016,1.3353587674477845
25.200000000000003,13.394661453307965,10.856764557645347,0.09077380820998228,0.9996283975893749,-0.1759748384815442,13.458847840462823,10.785410286496026,0.08542944008248554,1.0038729614235318,-0.14744265669122428,0.029981923009896518,0.15928720667749308,0.15289098745847557,0.014350978585598645,nan,nan,nan,1.0,0.0,0.0,nan,nan,nan,nan,nan,1.6713389733108823,1.3304395328959255
25.25,13.45426944340472,10.863576607036356,0.08047175491415093,0.999478870553124,-0.16874119887176992,13.519363613320593,10.788959356393626,0.07508528225631483,1.0032607787835972,-0.1348772553308903,0.030130971577666095,0.16191451177092073,0.15487824915246742,0.014071390626935819,nan,nan,nan,1.0,0.0,0.0,nan,nan,nan,nan,nan,1.6707192900533916,1.3323850951589145
25.307000000000002,13.513944038966432,10.86971146356216,0.0705821936712603,0.9994443933854831,-0.1618402271405829,13.579394748701208,10.793248946271001,0.06333316147130662,1.0028395474148084,-0.18417329595379045,0.03011841899174656,0.1645246829411244,0.15687388629168572,0.014372268335512887,nan,nan,nan,1.0,0.0,0.0,nan,nan,nan,nan,nan,1.631117966784064,1.3743818675169965
25.35,13.553761790720717,10.873441278243664,0.06426740471053427,0.9994640789628908,-0.15513518897925238,13.602852527150812,10.855349950101742,0.05961060851317513,1.0019020781150938,-0.1385454268062956,0.029887126033700872,0.1580361796545441,0.15101245162908877,0.013998902651188359,13.393834686859819,11.444763186176102,1.6732529701677736,1.0,0.0,0.0,nan,nan,nan,nan,nan,1.631117966784064,1.3743818675169965
25.400000000000002,13.593605918511269,10.876893952112825,0.058213948150190264,0.999550555840863,-0.14924673300240862,13.642859824736952,10.85767697529995,0.053026691707770635,1.0018792856921004,-0.15673365868295638,0.029881685694169983,0.15979728693037026,0.15237557833938925,0.014200480643432047,nan,nan,nan,1.0,0.0,0.0,nan,nan,nan,nan,nan,1.6383029226506145,1.3703074385561256
25.450000000000003,13.653419527618206,10.88157197597026,0.049536279435825614,0.9996991379175967,-0.14093181732504265,13.702455142188992,10.86222016299178,0.0462280280358014,1.0018524857502706,-0.1315377772893842,0.029725680402077504,0.16242085253112204,0.15436455478861116,0.013939730652769293,nan,nan,nan,1.0,0.0,0.0,nan,nan,nan,nan,nan,1.621138961184031,1.3874458130070841
25.5,13.693323271579024,10.884369910022311,0.04403188228395213,0.9998012279422743,-0.13567399087229892,13.74248734622116,10.864021871942047,0.039854555357377926,1.0018349824429789,-0.1636171864353543,0.02971812004901584,0.16416011742871744,0.15569945732510285,0.014141846023263063,nan,nan,nan,1.0,0.0,0.0,nan,nan,nan,nan,nan,1.6210132060024938,1.387559343726597
25.55,13.753215351963105,10.88810725579205,0.036165038331250475,0.9999472156732253,-0.12731732553777383,13.880713790945377,10.851388818714147,0.03110686747945923,1.006906659543731,-0.11168471004369568,0.029739135491483416,0.15846784588334903,0.15060727588152212,0.014438179605373969,14.56164906611059,10.6720395652255,2.4426086836913985,1.0,0.0,0.0,nan,nan,nan,nan,nan,1.5984730881000808,1.3945002536966595
25.6,13.813133465433616,10.891319624983115,0.028790016199519146,0.9996709796865055,-0.12015460546333674,13.920610809399712,10.854015425256254,0.02819239728729883,1.0058630228856302,-0.12365280774394533,0.029592022698924456,0.16022308801481155,0.15193848023440423,0.01407413589777668,nan,nan,nan,1.0,0.0,0.0,nan,nan,nan,nan,nan,1.5984730881000808,1.3945002536966595
25.650000000000002,13.8530804647413,10.893182283531921,0.024095817275283652,0.9994850674527299,-0.1155923835964495,13.98091706125303,10.855559304040918,0.020837972595766807,1.004638449936831,-0.10616127694126505,0.02959168478602464,0.16284345097084804,0.1539678525210592,0.014454815619877335,nan,nan,nan,1.0,0.0,0.0,nan,nan,nan,nan,nan,1.590733023146751,1.4050780774800105
25.702,13.913008307332019,10.895579191288627,0.017386316501281685,0.9993703785027728,-0.1091828760396295,14.020609085856895,10.858518015581405,0.01949254379719445,1.0040387286255545,-0.09304896097511886,0.029383508030151897,0.16457652112529883,0.15526830224451538,0.014088367370568611,nan,nan,nan,1.0,0.0,0.0,nan,nan,nan,nan,nan,1.588418896605303,1.4108340003710145
25.75,13.952967304833367,10.896923734617573,0.013106701357386768,0.9993624425015006,-0.10577241488453745,14.037121962496089,10.868705853049976,0.014481543094471583,1.0004629640122775,-0.08846920802394365,0.02937448993568847,0.15882010964488727,0.15023791659011126,0.014384811930189109,13.596101755375017,10.974341117542206,0.7622130479562189,1.0,0.0,0.0,nan,nan,nan,nan,nan,1.5924442935451788,1.4084058309336904
25.8,13.992935187899043,10.898073755694378,0.008954942535935307,0.999538184946507,-0.10252137579865912,14.077498606615647,10.867439167321246,0.007685005281503177,1.0006917216532423,-0.13942584966497282,0.02955109123284375,0.1605723361651981,0.15157106189420075,0.014013544382829838,nan,nan,nan,1.0,0.0,0.0,nan,nan,nan,nan,nan,1.592111766491173,1.4194425036269134
25.85,14.052913923378037,10.899450723104513,0.0030203229900688097,0.9998950954083801,-0.09541228985906963,14.137545657903775,10.867770163901001,0.0016390173473546097,1.0009689332484362,-0.08866192624436865,0.029556036088360497,0.16318780309150974,0.153604003581184,0.01445027282696279,nan,nan,nan,1.0,0.0,0.0,nan,nan,nan,nan,nan,1.5611738736125307,1.4496595374999994
25.902,14.112918786442464,10.9004313725426,-0.0024594425516217345,1.0001844252202725,-0.08896129617570994,14.177585459112558,10.867800797116097,-0.002195089285437657,1.001097268178627,-0.09394517662526128,0.02955385360840908,0.16491993085670137,0.1549471978851077,0.014592499054259994,nan,nan,nan,1.0,0.0,0.0,nan,nan,nan,nan,nan,1.5719704203555478,1.4379829093089789
25.950000000000003,14.152932415289161,10.900875475143776,-0.005920832436448741,1.00032549001177,-0.08503549348956055,14.251311298204053,10.812580003439487,-0.01484631587984886,1.0020832870745935,-0.11811078552977924,0.030006097077715455,0.1591108369654259,0.14992809642932664,0.01430498735672848,14.340324802628523,10.29080092049626,1.2690872839856353,1.0,0.0,0.0,nan,nan,nan,nan,nan,1.5638750507078232,1.4456384107571996
26.003,14.192951752492629,10.901160302916043,-0.009205444946024214,1.0004125731562703,-0.07980589960319805,14.29138862510294,10.81193740007081,-0.01903034349115451,1.0019834248465638,-0.08772798310214266,0.03000799480615797,0.1608618794958691,0.15130163876698638,0.014503885052629232,nan,nan,nan,1.0,0.0,0.0,nan,nan,nan,nan,nan,1.5336266251541852,1.4728246152692082
26.05,14.2529853210801,10.901305545490217,-0.013694910381784662,1.0004875408757488,-0.07173306514711272,14.350150662049053,10.820137895570145,-0.012271799637664227,1.0018736627959701,-0.05218242963942271,0.02912074530316769,0.1634726900360464,0.1533002801159162,0.014231625258919696,nan,nan,nan,1.0,0.0,0.0,nan,nan,nan,nan,nan,1.5395087607117062,1.4671428951534482
26.1,14.313022763387227,10.901131171549986,-0.017862389294279343,1.0005687189222459,-0.06858817362562805,14.390221812973301,10.819627837280857,-0.01399616246986879,1.0018111382994106,-0.04300877872151341,0.029121866800778395,0.16520221119082595,0.1546459310188951,0.014431167453578473,nan,nan,nan,1.0,0.0,0.0,nan,nan,nan,nan,nan,1.5639212403848326,1.4429660184923043
26.150000000000002,14.353049205749711,10.900847391326142,-0.020577844918847146,1.0006207428379241,-0.06747329022954979,14.348447729177199,10.832831820236617,-0.020713169924496014,0.9950391995709487,-0.0745912864574674,0.029282026301728274,0.15935034181788438,0.14967031238499084,0.014147990068488134,13.382031578375459,11.020449015052318,3.963849875906794,1.0,0.0,0.0,nan,nan,nan,nan,nan,1.564982683978694,1.442001591473151
26.200000000000003,14.393080165017219,10.900436224675792,-0.023228252193705397,1.000922137758953,-0.0650510220067636,14.388253736040383,10.831977633025165,-0.023523108693161546,0.9963537719874146,-0.06313601389953473,0.02928238746870192,0.16109944620382327,0.15104581296070294,0.01442985184555658,nan,nan,nan,1.0,0.0,0.0,nan,nan,nan,nan,nan,1.5524525319561684,1.475095599702515
26.25,14.453159299079243,10.899593782364082,-0.02696183221089821,1.0015974681746012,-0.06035888284890365,14.447752604748624,10.833269903416422,-0.022966668138611368,0.9979319281190342,-0.03397109592707634,0.02902058495358438,0.1637083038571057,0.15304746480510936,0.014277088896914963,nan,nan,nan,1.0,0.0,0.0,nan,nan,nan,nan,nan,1.550821414358493,1.4729653114514216
26.3,14.513264038120859,10.898493719115093,-0.03048567889045218,1.0019829629065773,-0.057996728850011725,14.487665710679668,10.83231399703639,-0.026105693287560072,0.998673008450974,-0.06250670169322346,0.02901595507619845,0.16543670560712745,0.1543949507661742,0.014418164842377025,nan,nan,nan,1.0,0.0,0.0,nan,nan,nan,nan,nan,1.5608916766382035,1.4582639843709009
26.351000000000003,14.553339582772201,10.89762433286575,-0.0327538362402764,1.002109239966002,-0.05567241213285888,14.547647616252917,10.90020326865718,-0.03438403314115978,0.9993785486515352,-0.051364696349473125,0.02945356658766374,0.1595505625837201,0.1494559779966231,0.014124961931160966,14.492140081788866,11.678898987305322,2.619544302413787,1.0,0.0,0.0,nan,nan,nan,nan,nan,1.5435599224326995,1.4734388471580366
26.400000000000002,14.593417023750874,10.896651700092798,-0.03490944502166653,1.0022010561570713,-0.0526870901433792,14.58760297568258,10.898803821960072,-0.036426355153031935,0.9998314025548948,-0.03936177758479685,0.029454311468750122,0.1612983633128653,0.15083354408533403,0.014324582578878708,nan,nan,nan,1.0,0.0,0.0,nan,nan,nan,nan,nan,1.5343845206069642,1.4805287009495116
26.450000000000003,14.653532267691126,10.895008442313523,-0.037917756770600164,1.0022602739644613,-0.04849454117669507,14.647732000307357,10.894392948936115,-0.04101322527275064,1.0003702376212917,-0.02350736272096266,0.029661392850369027,0.1639048907389279,0.1528387600045428,0.014047156813091023,nan,nan,nan,1.0,0.0,0.0,nan,nan,nan,nan,nan,1.5352650074003495,1.478298082318303
26.5,14.693606455216983,10.89379594727906,-0.03979899344653976,1.0022594427857476,-0.04616975114018136,14.687714739851057,10.892732358439677,-0.043151927616927654,1.000623467884152,-0.04628295140898116,0.029657855883283527,0.16563119848490682,0.15418824026976038,0.014247499041829911,nan,nan,nan,1.0,0.0,0.0,nan,nan,nan,nan,nan,1.5337038934998137,1.478224179138583
26.55,14.753710780868596,10.89181242601394,-0.042434568543838924,1.0022207466017616,-0.041981188867325256,14.739686650256306,10.924472761156393,-0.04612273102849862,1.0003034578573207,-0.05024695209255513,0.029635893687338443,0.1597144666897932,0.14931895272515494,0.014541031492581357,14.623528669965474,11.28575790422066,0.5920620837890785,1.0,0.0,0.0,nan,nan,nan,nan,nan,1.5207744127788623,1.4903627956767467
26.601000000000003,14.813806566224706,10.889644661132758,-0.0447818142843832,1.0022056926804086,-0.03703428155223515,14.779265497816834,10.92919072500737,-0.040879476438711926,1.0005763281771478,-0.048194123645922356,0.029005110955108077,0.1614599866544779,0.15065884628652698,0.014300685508961634,nan,nan,nan,1.0,0.0,0.0,nan,nan,nan,nan,nan,1.5230323245237176,1.4882023137511802
26.650000000000002,14.85386620327841,10.88810405573135,-0.04620719480287586,1.0021867551242332,-0.034906499713589986,14.839253813153164,10.926677701218068,-0.04362478079262244,1.0008810594923658,-0.03823932656365771,0.02900513719389505,0.16406352894003848,0.1527086385945994,0.014616170367277675,nan,nan,nan,1.0,0.0,0.0,nan,nan,nan,nan,nan,1.5230323245237176,1.4882023137511802
26.700000000000003,14.893921919737318,10.886491735113815,-0.047558270694497695,1.002155843114906,-0.03311407069920684,14.879268205245067,10.924566224279447,-0.04592619502637918,1.0010283164820677,-0.04080570435813049,0.029035418022036606,0.16578759750913166,0.15401777201252093,0.01422601289915436,nan,nan,nan,1.0,0.0,0.0,nan,nan,nan,nan,nan,1.5172441426214978,1.4925390619399186
26.75,14.953997089343385,10.883947794214691,-0.049449959818434794,1.0020914533589917,-0.03029249625936123,14.976060816763429,10.939130477029595,-0.04787764418491181,1.0035321234680787,-0.040800822542388926,0.029024617794670315,0.15984552628809665,0.14917282980577867,0.01459905843362123,15.264738531199594,11.119144843555274,0.6199468401903733,1.0,0.0,0.0,nan,nan,nan,nan,nan,1.5172441426214978,1.4925390619399186
26.801000000000002,15.014056849820847,10.88126534831989,-0.051162158896543845,1.0018329875147796,-0.027265719788150213,15.016169536972857,10.936717958257429,-0.049483523941677536,1.0031398984627287,-0.028162706241622728,0.029071969256437628,0.16158876431867428,0.1505146821648594,0.014200032111443021,nan,nan,nan,1.0,0.0,0.0,nan,nan,nan,nan,nan,1.5102355198233524,1.491859657606627
26.85,15.054083523849142,10.879405936134301,-0.05221148276551037,1.00165866860064,-0.025665211457830968,15.076271998103904,10.93369889310121,-0.05144960584680369,1.0026685163732743,-0.026441080535540173,0.029071308014890926,0.1641885465207454,0.1525665056880144,0.014574454900395998,nan,nan,nan,1.0,0.0,0.0,nan,nan,nan,nan,nan,1.5131443691352588,1.4899704883876344
26.900000000000002,15.09410167501712,10.877493407672768,-0.05320067918507751,1.001527877226112,-0.0241323589533677,15.116323528722335,10.931638594366207,-0.051479088869584626,1.0024433293740267,-0.010153049637809598,0.02907349967494605,0.16591016105759632,0.1539221764704741,0.014769734372302525,nan,nan,nan,1.0,0.0,0.0,nan,nan,nan,nan,nan,1.5112670087556184,1.4931285692169742
26.952,15.154117001627991,10.87453177051717,-0.054583531053075576,1.0014018727996254,-0.022531887001593344,15.130484799242314,10.948519998849777,-0.05840046924051201,0.9990913784136699,-0.025849239353417104,0.029520368297196627,0.1599467379333819,0.1490521886993863,0.014457270263069196,14.676672547222248,11.218763858992084,1.0756020998913265,1.0,0.0,0.0,nan,nan,nan,nan,nan,1.517757298400712,1.4871916741009221
27.0,15.214126318032598,10.871466817715817,-0.05584946938098502,1.0015374738503193,-0.0196213162074864,15.170385837100312,10.946193955603809,-0.05840250200618291,0.9995837422876758,-0.016808240318653637,0.029521499110542748,0.16168788781702692,0.15043710737023502,0.014653553691995872,nan,nan,nan,1.0,0.0,0.0,nan,nan,nan,nan,nan,1.5058553915920685,1.509194864869952
27.05,15.254136871801556,10.869370548995828,-0.05662109347032165,1.0016548877886333,-0.019405406755426284,15.230207059688679,10.94774139196318,-0.05373855052747123,1.0001580374016266,-0.02383528170739822,0.029066694624832173,0.16428540225441096,0.152448502846663,0.014360363351750338,nan,nan,nan,1.0,0.0,0.0,nan,nan,nan,nan,nan,1.5268863654931442,1.4860179858744826
27.1,15.294148925430061,10.867234109948578,-0.057389479871676204,1.0017329794878793,-0.018763291333025574,15.270158347619374,10.945588692772738,-0.053884899716059025,1.000436022651126,-0.003922331263627385,0.029069111266947004,0.16600590357266282,0.15380476567132295,0.014691139701224308,nan,nan,nan,1.0,0.0,0.0,nan,nan,nan,nan,nan,1.511522515602859,1.5003293695606954
27.150000000000002,15.354167376421756,10.863960095753102,-0.058457173096481366,1.0017999125858714,-0.017415603251063644,15.331459712449659,11.005980942806966,-0.04459427258088367,1.0006418489368243,-0.006364457091200106,0.028211435098204948,0.16002795008140494,0.148951268635748,0.014461456827952654,15.302405439539637,11.575358042560737,1.453693407097015,1.0,0.0,0.0,nan,nan,nan,nan,nan,1.5185708690583783,1.4924252592241218
27.200000000000003,15.394178696368813,10.861733273442992,-0.059157919844524114,1.0018190923628136,-0.017846026615573416,15.371447993835197,11.00420894667137,-0.044579563580788406,1.0008211907374176,-0.01860587418916436,0.028210358165571554,0.16176878558294602,0.1503363189491023,0.014599804911572697,nan,nan,nan,1.0,0.0,0.0,nan,nan,nan,nan,nan,1.5309822024152397,1.4793643545633242
27.25,15.454192709422092,10.858329677683603,-0.06026659596495002,1.0018234544676434,-0.01869565464288683,15.431442320272733,11.001411348260971,-0.04499368495795064,1.0010342061415012,-0.012401221201148957,0.028222688270591104,0.1643655832617301,0.1523488531108736,0.014435255532075909,nan,nan,nan,1.0,0.0,0.0,nan,nan,nan,nan,nan,1.5255952587889674,1.4841722132509456
27.3,15.514201855668906,10.854853433823836,-0.06140165552212227,1.0018011790879726,-0.01910973543798951,15.471443573413552,10.999597041601927,-0.046443625617437416,1.0011323022598193,-0.035991911233246805,0.0282193989598742,0.16608557693399903,0.15370520231228096,0.014573551620059135,nan,nan,nan,1.0,0.0,0.0,nan,nan,nan,nan,nan,1.5268855912339778,1.4821911242866097
27.351000000000003,15.5542046055844,10.85249669163162,-0.06215373174011294,1.0017771329019618,-0.018417505054740813,15.483091270174135,11.006507125197604,-0.04661119238280608,0.9980873578832067,-0.00592185270927635,0.02813960209089362,0.1600950220022026,0.1488654665742384,0.014258355036179702,15.010547262459262,11.101585360278875,0.8709953243454829,1.0,0.0,0.0,nan,nan,nan,nan,nan,1.5148667343698485,1.4938590776827936
27.400000000000002,15.59420618842565,10.850109084725883,-0.06287572948261881,1.001863261223663,-0.01809405706193134,15.52297811410931,11.004637476390364,-0.04738949118522884,0.9987787905585234,-0.01419627120468664,0.028138583103177447,0.1618352535602767,0.15025064792569642,0.014455465461905587,nan,nan,nan,1.0,0.0,0.0,nan,nan,nan,nan,nan,1.5310255842873086,1.486930693001011
27.450000000000003,15.654217312826246,10.846469549605828,-0.06397120441929917,1.0020883591725305,-0.018194263725198088,15.58283171029069,10.999516079368881,-0.0506326737477747,0.9996050917572339,-0.028293747249247887,0.02834366261282121,0.16443136476428383,0.15226435258086735,0.014159629719241633,nan,nan,nan,1.0,0.0,0.0,nan,nan,nan,nan,nan,1.5253048024526459,1.4906382372817975
27.5,15.694228142154056,10.84400556817997,-0.06468582888863024,1.0021733368724597,-0.017441746240029508,15.622768256997505,10.997483878269394,-0.05150646608277797,0.9999935682002196,-0.02180847591749041,0.028344069082314072,0.16615099184480783,0.15362090245489093,0.014354927419751383,nan,nan,nan,1.0,0.0,0.0,nan,nan,nan,nan,nan,1.513318295730267,1.5001655858201828
27.55,15.754244199556066,10.840255277722285,-0.06566896823551485,1.0022138585678866,-0.015727195233716084,15.744577666071237,10.95987008216838,-0.04781386068382698,1.0045978907034265,0.014541473722316341,0.02802243050832352,0.1601503757977611,0.14879355614501846,0.014135395570652104,16.25679236424306,10.558129919336304,2.058483696992515,1.0,0.0,0.0,nan,nan,nan,nan,nan,1.5137616295605674,1.4985571442509147
27.601000000000003,15.814248720487246,10.83644164321194,-0.06662168274721722,1.0018876798351382,-0.01660747404092702,15.784709316638073,10.957950880083617,-0.049050667878709486,1.0039758328207633,-0.04411763559782035,0.028015170496932078,0.16188991322163399,0.1501791696262023,0.014415655668708652,nan,nan,nan,1.0,0.0,0.0,nan,nan,nan,nan,nan,1.5265800171891013,1.4716958945775884
27.651000000000003,15.854235282495848,10.83386523734531,-0.06726100344435186,1.0016308230292201,-0.015342467285039615,15.844860025360733,10.954994767767372,-0.04909813943134189,1.0032474478652345,-0.001892668537023652,0.028020517982738292,0.16448432829415907,0.15223833791816893,0.014708585666181028,nan,nan,nan,1.0,0.0,0.0,nan,nan,nan,nan,nan,1.501849600332805,1.4980936934408364
27.700000000000003,15.914198142926702,10.829951738254817,-0.06815002171206448,1.0014016716049936,-0.014993549834487868,15.88497178874989,10.954728659729412,-0.04877293321258414,1.0028887952294168,-0.031197354410962136,0.027866206252366108,0.16620256379749135,0.15355099222854976,0.01430864348172774,nan,nan,nan,1.0,0.0,0.0,nan,nan,nan,nan,nan,1.5194342803676808,1.4825317958792852
27.75,15.954164512361201,10.827310552376927,-0.06873353056680195,1.0012809860773093,-0.014246570955994072,16.077896667062785,10.926965490449891,-0.049291598952764026,1.0111049564735826,-0.036544466608223136,0.02787633412664697,0.16019205672425993,0.14877437371174695,0.014598610362066484,17.223498617284466,10.670334094491425,6.5483143738411105,1.0,0.0,0.0,nan,nan,nan,nan,nan,1.5084221097531703,1.4944754846397783
27.802000000000003,16.014086026755276,10.823304793516844,-0.06953666349060199,1.0004874293613288,-0.012722678946706773,16.138368126677484,10.921416873692527,-0.05147228204497533,1.0082569432424215,0.014933355796268099,0.02811501581634143,0.16279516003546396,0.1508086588697348,0.014298047200822431,nan,nan,nan,1.0,0.0,0.0,nan,nan,nan,nan,nan,1.5083492679011992,1.4747749272934036
27.85,16.05400130037828,10.820605720669127,-0.07004510316932729,0.9999688834027604,-0.012898285994538964,16.178630209477557,10.91934873773342,-0.051910449174255024,1.0067922105077909,-0.024159854690480816,0.02811045292770139,0.1645200925871578,0.15217909992589265,0.014492296174270738,nan,nan,nan,1.0,0.0,0.0,nan,nan,nan,nan,nan,1.5083492679011992,1.4747749272934036
27.900000000000002,16.093898874749488,10.817884034406106,-0.07055772398661388,0.9996448827288662,-0.012499409892281542,16.21883568278783,10.917250259472155,-0.05273730532540855,1.005681175873075,-0.017383698363712632,0.028110875392185316,0.16623558869239166,0.15353963494964473,0.014767145625979305,nan,nan,nan,1.0,0.0,0.0,nan,nan,nan,nan,nan,1.4992346486779016,1.4906007179724474
27.950000000000003,16.15372624765965,10.813761352773602,-0.07126324593756775,0.9993823852971371,-0.01131164872644293,16.259550843174726,10.933366646248066,-0.053886322008285685,1.0030269595274763,-0.009817587718827793,0.028134190782442774,0.1602164020873147,0.14872321478289274,0.014454031688052638,16.045933934930595,11.142187277589814,0.32109993457411085,1.0,0.0,0.0,nan,nan,nan,nan,nan,1.5019656630104985,1.4909187487503444
28.002000000000002,16.19360438114837,10.810986597445345,-0.07170144727786659,0.9993688905384251,-0.010772958564232635,16.299609673521296,10.931201019982453,-0.054438078898998654,1.0026636630307983,-0.01309531163427509,0.028133602995923292,0.1619519051328875,0.15011225541157672,0.01464979038724148,nan,nan,nan,1.0,0.0,0.0,nan,nan,nan,nan,nan,1.5069048011643063,1.4937909116569588
28.05,16.253424438558405,10.8067863557809,-0.0723213337632972,0.9994976418367335,-0.009948646002895805,16.359412527337245,10.91979690603453,-0.0637871855213108,1.0022249151060856,-0.015457529500428299,0.028841653207135446,0.16454044646367294,0.15212837712685537,0.01435352409197639,nan,nan,nan,1.0,0.0,0.0,nan,nan,nan,nan,nan,1.5049722390368099,1.496680180122949
28.102,16.31324955651555,10.802543719095729,-0.07283978786215922,0.9996396611730601,-0.007321503454598428,16.399417458887363,10.91723551455981,-0.06432633413474864,1.0020169188542503,-0.010286135985358548,0.02884180405874002,0.16625514267933955,0.1534888071193192,0.014624014457618547,nan,nan,nan,1.0,0.0,0.0,nan,nan,nan,nan,nan,1.491487029260285,1.5125701621399021
28.151000000000003,16.353136630814415,10.799694039942052,-0.073085800262879,0.999744639075827,-0.005495355917740025,16.46369643275418,10.868053070013413,-0.07004705942885625,1.0022102567181046,0.006566281419694503,0.029338442158889602,0.16023233481398802,0.148680227283929,0.014380023904294787,16.462111028453702,10.452917989153056,0.7896375086706855,1.0,0.0,0.0,nan,nan,nan,nan,nan,1.491487029260285,1.5118935307311014
28.200000000000003,16.39302639820352,10.79682902583492,-0.07326315633571041,0.9998289164926721,-0.00378108869337003,16.503683888385662,10.865240730619472,-0.07036738783450058,1.0019998990658874,0.0025530153794639182,0.029337661714373697,0.16196749307642802,0.15006953993803013,0.014575886869485952,nan,nan,nan,1.0,0.0,0.0,nan,nan,nan,nan,nan,1.4889514097702663,1.5137386237936519
28.251,16.452864813548448,10.792506968813033,-0.07340212731009581,0.9999393502637248,-0.0012515197951663492,16.563700754450444,10.862324058639272,-0.06857861096623807,1.001721878285682,0.016503283986459866,0.02922221326424042,0.1645560383920915,0.1520869423238058,0.014333034940273388,nan,nan,nan,1.0,0.0,0.0,nan,nan,nan,nan,nan,1.4867793128082136,1.5164417987590617
28.3,16.512708424509846,10.788161237001233,-0.07342191600202898,1.0000583867847481,6.168599183688594e-05,16.603674509129696,10.859582437378435,-0.06900633886148812,1.0016051197067337,-0.017750843389274983,0.029217801799404298,0.16627087864173237,0.15344729479529695,0.014608925830625098,nan,nan,nan,1.0,0.0,0.0,nan,nan,nan,nan,nan,1.4950736767117407,1.5088954032818667
28.351000000000003,16.552607458944514,10.785254457702433,-0.07337467205250166,1.0001364752819928,0.001986076872325245,16.687767399099638,10.84700652978764,-0.07169716938466308,1.003043732938251,0.007963578373420092,0.029543398008128555,0.1602460328591008,0.14864499631543363,0.014288004756920693,16.86440480172118,10.801679818288317,0.22015594570112104,1.0,0.0,0.0,nan,nan,nan,nan,nan,1.4805204121000184,1.5237186876450974
28.400000000000002,16.59250813983501,10.782342952586374,-0.07325188315204878,1.0001476125673017,0.003560819210851141,16.727782458212157,10.844138259169224,-0.0718855159439058,1.0026550886483867,-0.013768421580159522,0.029540528468294667,0.16198137759735534,0.15003416380510953,0.01448411083582414,nan,nan,nan,1.0,0.0,0.0,nan,nan,nan,nan,nan,1.4841774360026783,1.5155936374009729
28.451,16.652356357416217,10.777971288946432,-0.0729614132164797,1.0001042825008573,0.006031018712255672,16.78788035389281,10.842057658202263,-0.06951645129602602,1.0021882811187606,-0.006763094107591856,0.029342420861557014,0.16457006910743802,0.1520526598393077,0.014183612270023111,nan,nan,nan,1.0,0.0,0.0,nan,nan,nan,nan,nan,1.4753592778212496,1.525444974019575
28.5,16.692254815310744,10.775057381570406,-0.07268102802844471,1.0001136481341564,0.007444389917325832,16.82786807258047,10.839263420827042,-0.069791229846345,1.001965743375326,0.007707533197454496,0.0293437463551334,0.16628494270402672,0.15341282756950114,0.014380777646655489,nan,nan,nan,1.0,0.0,0.0,nan,nan,nan,nan,nan,1.4820129277920866,1.5200823325816788
28.551000000000002,16.752104822256477,10.770692156068648,-0.07219331991326557,1.0001582749646611,0.00841865598845935,16.97697019377199,10.868730011873144,-0.06793757083552965,1.0072592490844137,0.04429349044775458,0.029325815616445327,0.1602579850324795,0.1486581223879684,0.014669436650066935,17.73436883042174,11.231513823750504,3.395240084502942,1.0,0.0,0.0,nan,nan,nan,nan,nan,1.4873247177701636,1.5153398686651391
28.6,16.79200320132746,10.767788908115048,-0.07186463580672356,0.9999642674196227,0.007733921354077149,17.017249001495955,10.867886983343693,-0.06534636575850561,1.0060038397324746,0.0024559660223960377,0.029152234976406524,0.16199308746901045,0.15000456926207276,0.014274352668110585,nan,nan,nan,1.0,0.0,0.0,nan,nan,nan,nan,nan,1.4962781615415872,1.490142945312232
28.650000000000002,16.85182803203172,10.763447931388484,-0.07144399399710438,0.9995346219481455,0.007017674649671393,17.077448007106575,10.863946349101015,-0.06530108810338575,1.0044980563654509,-0.0004030639898356845,0.029151797296514275,0.16458122829950225,0.15206827541426524,0.014569210211856448,nan,nan,nan,1.0,0.0,0.0,nan,nan,nan,nan,nan,1.4848362455927842,1.5050508973302283
28.700000000000003,16.891701415959304,10.760565089016177,-0.07115588842506576,0.9993820983421922,0.007341098121423567,17.117663124882185,10.863816456390817,-0.06251129849393111,1.003785992806053,0.006905360998043709,0.028938065008159417,0.1662954126166363,0.15338313436418205,0.01418666520894865,nan,nan,nan,1.0,0.0,0.0,nan,nan,nan,nan,nan,1.4855802682714536,1.5085993219343576
28.750000000000004,16.951506846030377,10.756258742445024,-0.07071056147261676,0.9993028189356498,0.007238801848092893,17.11996671640107,10.841511101854003,-0.06323902005269266,0.9994003475662151,-0.01016889492964175,0.02894848153615551,0.1602660133270042,0.1486306521129118,0.01447827192390856,16.563053271713116,10.644736424777214,1.362054596711588,1.0,0.0,0.0,nan,nan,nan,nan,nan,1.4933492117072629,1.5027772695364388
28.8,16.991379615912052,10.753399824164331,-0.07042085078849131,0.9994651366348141,0.007426054418836155,17.15964252774791,10.834749675356296,-0.06636459880470458,0.9997089795561219,0.04287783729632698,0.02934236347130753,0.16200089265052708,0.14997739827995438,0.014093705426900725,nan,nan,nan,1.0,0.0,0.0,nan,nan,nan,nan,nan,1.4917051910683845,1.5176082085165203
28.852,17.05121005926002,10.749130059759452,-0.06998445566916389,0.9998456091433034,0.006612458681326418,17.21950261488085,10.830802445895996,-0.06550066412424638,1.0000686232976326,-0.0006364919621264713,0.029337596882505014,0.16458953281809188,0.152039824715476,0.014388490033918204,nan,nan,nan,1.0,0.0,0.0,nan,nan,nan,nan,nan,1.5074480203629674,1.500954034274411
28.901000000000003,17.11106096503974,10.744882887298045,-0.06959319365364167,1.00011508406488,0.00694160896942618,17.259421502608056,10.828186344904676,-0.06444685745713753,1.0002439492477833,0.0330569787654583,0.029341859886499143,0.1663045549715808,0.15340225037147345,0.014664595473429824,nan,nan,nan,1.0,0.0,0.0,nan,nan,nan,nan,nan,1.5049362825129362,1.5018452344221875
28.950000000000003,17.15097008957931,10.742064399234598,-0.06933150836458676,1.0002491575549284,0.006176004030098236,17.268064093171315,10.838453151659301,-0.05759902172765452,0.9971047553210521,0.01359584490455352,0.02882854396248721,0.1602753915885763,0.148604900789913,0.014364814887327269,16.768607048075463,10.920987000174316,0.9680321173116715,1.0,0.0,0.0,nan,nan,nan,nan,nan,1.5049362825129362,1.5018452344221875
29.001,17.210850247385356,10.737854179317138,-0.06901191617999122,1.0006574621842943,0.0047003438307837465,17.30789043320476,10.836161576376977,-0.05740954955788391,0.9978789205463281,0.0003145536312293093,0.028827138123081953,0.16201189678819616,0.1499952584091653,0.01456144657387409,nan,nan,nan,1.0,0.0,0.0,nan,nan,nan,nan,nan,1.5054931826071956,1.5044271014880335
29.051000000000002,17.250785882884756,10.735058782360746,-0.06883580837283342,1.0009110944112045,0.004301813722190016,17.367525591190738,10.829836610377587,-0.06114865097599421,0.9988059387518345,-0.0418954052574381,0.02907316506457137,0.1646027789182811,0.1520130083433814,0.014279398203921616,nan,nan,nan,1.0,0.0,0.0,nan,nan,nan,nan,nan,1.5054931826071956,1.5086342366389247
29.101000000000003,17.310704596507176,10.73088354323079,-0.06851642141117376,1.001139404592395,0.006641312005058048,17.407408206521183,10.82740488313689,-0.06047673970484669,0.9992425609657077,-0.0009715231694125079,0.029078371788860663,0.16631938009865563,0.15337446193901702,0.014476863144204714,nan,nan,nan,1.0,0.0,0.0,nan,nan,nan,nan,nan,1.4813341278926275,1.5300719397993814
29.150000000000002,17.350656992347286,10.728112379460226,-0.06822049418023546,1.001224955900295,0.0076725584070998125,17.477345164199313,10.794830969959518,-0.06621053194810766,1.000515902451633,0.01739931462329579,0.029578926875214497,0.16028954496060194,0.1485814277108326,0.014325136121947284,17.52832016030281,10.554078030628215,0.29640262959123354,1.0,0.0,0.0,nan,nan,nan,nan,nan,1.4904739067161414,1.5190584013234916
29.200000000000003,17.39061209307985,10.725351040369011,-0.06790296238401797,1.0012458580189603,0.007971699457335925,17.51727976177547,10.792193799339008,-0.0649399539540396,1.000608843462585,0.03202303634067911,0.02958125922031141,0.16202668154738023,0.1499715647930236,0.01446434719754278,nan,nan,nan,1.0,0.0,0.0,nan,nan,nan,nan,nan,1.5015358556258471,1.5044332675905294
29.250000000000004,17.450544918166212,10.721228275189127,-0.06744178032531122,1.0012154593349338,0.007245625926476852,17.576894952524714,10.783107442314805,-0.070365738464115,1.000718645821995,0.007344663919710033,0.030041124958185,0.16461797135055237,0.15199019474672182,0.014167665971676147,nan,nan,nan,1.0,0.0,0.0,nan,nan,nan,nan,nan,1.5015358556258471,1.5044332675905294
29.3,17.49049993416386,10.718493290837834,-0.0671479269475813,1.0011905254382933,0.007794576305718911,17.616825686931726,10.780300565728908,-0.06976075057067233,1.000769145594444,0.01100651072243502,0.03004156287259729,0.16633440287547108,0.15335143579245736,0.014365863856304499,nan,nan,nan,1.0,0.0,0.0,nan,nan,nan,nan,nan,1.482991331515361,1.522612452331686
29.35,17.550431981273512,10.714413447696339,-0.06661845373535434,1.0011497566920422,0.00942929760712985,17.735599898798963,10.719514328375066,-0.06423009414204772,1.004868198203703,0.020960369841287955,0.029641643499231277,0.16030189252579452,0.14856224863538564,0.014077572160863071,18.212560666343506,10.077492440852229,2.9876540360858734,1.0,0.0,0.0,nan,nan,nan,nan,nan,1.4849197700252268,1.5204940572247505
29.402,17.610354367492803,10.710362145972233,-0.06605043866991672,1.0007787072927798,0.009159274394888136,17.77570449045635,10.716948706988836,-0.06385392542801373,1.004076299209717,-0.006497225520659426,0.029638442858060193,0.16203852941683786,0.14995195119360347,0.01427664922055925,nan,nan,nan,1.0,0.0,0.0,nan,nan,nan,nan,nan,1.4906058639760138,1.5022673955360015
29.454,17.65028906337094,10.707677993074636,-0.06567533875528433,1.0005225109365716,0.009654569164273706,17.835802914751387,10.713056405189747,-0.06407901705028429,1.0031262003807713,0.0016566845410479006,0.029642439122146026,0.1646286355187284,0.15197126792625693,0.014003953282804415,nan,nan,nan,1.0,0.0,0.0,nan,nan,nan,nan,nan,1.4849042750258068,1.5128348529754794
29.500000000000004,17.690216756059158,10.705008028768818,-0.06527460573428492,1.0003568752473524,0.010168308018916942,17.87584125405733,10.710491991514353,-0.06348832939790139,1.0026761101413542,0.013911717371777231,0.029643954824611803,0.16634419250456794,0.1533318283556517,0.014340723462731896,nan,nan,nan,1.0,0.0,0.0,nan,nan,nan,nan,nan,1.4849042750258068,1.5128348529754794
29.551000000000002,17.750101389156132,10.701030128144012,-0.06465697811921749,1.0002114128558284,0.010182001223584728,18.06842863881722,10.700840549467046,-0.06292552308422117,1.0106706871620819,0.023518322603962437,0.02964306531063786,0.16030885383728363,0.14858768562457275,0.014573545801776555,19.20971080678912,10.653962720641891,6.2211286076481835,1.0,0.0,0.0,nan,nan,nan,nan,nan,1.490983110595275,1.5079724826171947
29.6,17.790015941571102,10.698397339387473,-0.06426145208943643,0.9997921977105024,0.009626124724443153,18.10880077870049,10.699063220855976,-0.061894893093781274,1.0086823643679217,-0.005539615391069329,0.029571450141896306,0.16204388101558417,0.14993480107384702,0.014190950751631381,nan,nan,nan,1.0,0.0,0.0,nan,nan,nan,nan,nan,1.483096701833105,1.491341625959078
29.650000000000002,17.849846417963708,10.694477956092275,-0.06369551116480725,0.9990134296143592,0.009673467425760866,18.169158447704472,10.695339617865981,-0.06064736530181981,1.0063630904825922,0.0248831270938303,0.029575363706060984,0.1646314995198158,0.15199906937798466,0.014565124623880524,nan,nan,nan,1.0,0.0,0.0,nan,nan,nan,nan,nan,1.4754754222373254,1.5044937557189417
29.700000000000003,17.889715189404594,10.69188475131598,-0.06331241988561288,0.9987282193650575,0.00923103106030044,18.209361354413275,10.69346830949855,-0.058506739455575385,1.0052251899279099,0.024272802369898802,0.029528654507934005,0.16634502693475037,0.1533145048407538,0.014183300010455698,nan,nan,nan,1.0,0.0,0.0,nan,nan,nan,nan,nan,1.4925324076586477,1.4940764374294784
29.754,17.949506624980817,10.688022782840676,-0.06281354795245878,0.9985181692764107,0.007616144194050277,18.31675119882338,10.687844778336055,-0.05853171947083834,1.0068882070838945,-0.0029346354163131754,0.029524653411240234,0.16030698551933414,0.14857124286736106,0.014475245542523647,18.697338096769194,10.672454626879313,0.7890478965077035,1.0,0.0,0.0,nan,nan,nan,nan,nan,1.4829030692791818,1.501524756154447
29.8,17.989362493938636,10.68546648735619,-0.06252252971751775,0.9983557567225418,0.007323148216374481,18.356880666605186,10.684421811540807,-0.059389208475092665,1.0056291282354242,0.004763862170215707,0.029623829853240156,0.16204058584157702,0.14991859636009058,0.014091219089558698,nan,nan,nan,1.0,0.0,0.0,nan,nan,nan,nan,nan,1.4829030692791818,1.501524756154447
29.85,18.04913452176375,10.681659155750856,-0.062072718901488445,0.9981350538304146,0.007552458374102277,18.417081651975064,10.680849355792082,-0.05862492461980961,1.004156830099745,0.01669711533155599,0.029625433272664606,0.16462670078697603,0.15198155440110486,0.014524179707356965,nan,nan,nan,1.0,0.0,0.0,nan,nan,nan,nan,nan,1.4861471788318565,1.5017764267354121
29.900000000000002,18.08897959728325,10.679137787381253,-0.06177589180386384,0.9981102997457183,0.00722336735556179,18.457171284495107,10.678492459136782,-0.05884030286467823,1.0034360057943192,-0.0025221569929222754,0.02962300443921259,0.16633973126121307,0.15334426882738808,0.014662810093249342,nan,nan,nan,1.0,0.0,0.0,nan,nan,nan,nan,nan,1.493878307707243,1.4982543507620758
29.951,18.148751015542818,10.675379676124285,-0.061352459620972764,0.9981832109308104,0.007237691732077192,18.489536914268683,10.674068714993949,-0.05919914424215155,1.0008030636168703,-0.01704004365973501,0.029724523454093026,0.16030186150802836,0.14855493586497656,0.014363449872863445,18.203012679604868,10.677009143584002,0.2703444216032921,1.0,0.0,0.0,nan,nan,nan,nan,nan,1.4865686662091062,1.507554664886774
30.000000000000004,18.18860472273878,10.672890026171926,-0.061046028281883595,0.9983603861525641,0.008041570851055363,18.529498669366653,10.671706111907342,-0.05820984831725751,1.0007519343273477,0.022457775940470975,0.029729529157235805,0.16203587482506762,0.14994584245764256,0.014693701539187675,nan,nan,nan,1.0,0.0,0.0,nan,nan,nan,nan,nan,1.483856590430712,1.5181254140166713
30.05,18.248404128427147,10.669178742239273,-0.06054236731158891,0.9986972437259489,0.008008968210523253,18.589408130041864,10.667667575881218,-0.05882992936717368,1.000689934971495,-0.014088229161966228,0.029773754188049114,0.1646230140688102,0.15196420316375725,0.014345621316424948,nan,nan,nan,1.0,0.0,0.0,nan,nan,nan,nan,nan,1.5009065084926494,1.5011912871069346
30.102,18.30822210375967,10.665494767242587,-0.06005983719304239,0.9989519581618593,0.00853444027837882,18.62936657387027,10.665321746659805,-0.058011712602128895,1.0006597455805917,0.013807823025497906,0.029777232284284836,0.16633718007433818,0.15332601260517403,0.014542268712639984,nan,nan,nan,1.0,0.0,0.0,nan,nan,nan,nan,nan,1.4851395858894558,1.5171097110291112
30.150000000000002,18.348110292253246,10.6630544710288,-0.059719671164612805,0.9991172443332319,0.008287270794887006,18.650719808068303,10.734678865460166,-0.05663372584847304,0.9978683965742741,0.021800121207306827,0.029709789059251104,0.16030165944449784,0.14853898036064775,0.014244798085445329,18.273391308613466,11.497549720830195,3.0439035179719536,1.0,0.0,0.0,nan,nan,nan,nan,nan,1.4972640637958385,1.5050428140164092
30.200000000000003,18.3880075500881,10.660625921423799,-0.059407638680890586,0.9993899131702257,0.007420197145412618,18.69057630972136,10.73242186739779,-0.05695256819626504,0.9984071377455824,-0.011875059188977043,0.029705643255914335,0.1620372520724503,0.1499289684667916,0.01444239658720869,nan,nan,nan,1.0,0.0,0.0,nan,nan,nan,nan,nan,1.5064851081649229,1.5043023968375637
30.251,18.44787832589529,10.657005260238645,-0.05898173454459532,0.999823236001089,0.0073915466747489,18.750480615760317,10.730408683492204,-0.05539135030277986,0.9990525721659144,0.008785645593661502,0.02958290072374,0.1646269401900248,0.15194729084375422,0.014148714528575903,nan,nan,nan,1.0,0.0,0.0,nan,nan,nan,nan,nan,1.4914837194431378,1.5177672051581446
30.301000000000002,18.50777137156218,10.653411735214739,-0.05853873721645493,1.0001067718057266,0.007074147250132124,18.79038495130712,10.728203348652631,-0.05463745146974386,0.9993565940655325,0.015517328967075543,0.029584046376786424,0.1663428732542348,0.15330813380931543,0.014347216026575065,nan,nan,nan,1.0,0.0,0.0,nan,nan,nan,nan,nan,1.5008684055102617,1.5064935872217295
30.352,18.547708549889297,10.651030288948904,-0.05827544766506689,1.0002369905829647,0.006263187401191253,18.776293546900817,10.71766574496333,-0.05287240265297788,0.9949877157270665,0.021452168639462817,0.02951816656969605,0.16030893935992094,0.14852334539832968,0.01406145962363701,18.07564725180989,10.626999746013418,1.979053432851496,1.0,0.0,0.0,nan,nan,nan,nan,nan,1.503978792150767,1.5025033051790933
30.400000000000002,18.607633929253392,10.647477487807514,-0.05795460089272759,1.0007555015004985,0.0046108571582439695,18.816048980475276,10.715558861412383,-0.053550669685678454,0.9961149835949161,-0.015062647785383356,0.029513500274740333,0.16204628784924235,0.14991231658240614,0.014260804618001579,nan,nan,nan,1.0,0.0,0.0,nan,nan,nan,nan,nan,1.5154145638461283,1.5044247827127766
30.451,18.647603372127033,10.645121621947832,-0.05776469726928567,1.0010657504293239,0.005022754650291289,18.875717326457334,10.71164115014962,-0.05451160576442193,0.9974666337002434,-0.020226069226281625,0.029576374914067446,0.16463864209841905,0.15193078104709298,0.013990252772650105,nan,nan,nan,1.0,0.0,0.0,nan,nan,nan,nan,nan,1.4979297069870632,1.518722086788547
30.500000000000004,18.687583264972947,10.642776022423266,-0.05754309576485331,1.0012652014923575,0.005911089678838631,18.915563838686115,10.709478126196148,-0.053108264457014887,0.9981044296800817,0.026589076623576242,0.02958252004449521,0.16635628504338773,0.1532907694255287,0.014190314153191453,nan,nan,nan,1.0,0.0,0.0,nan,nan,nan,nan,nan,1.4921862352632698,1.5205372765113465
30.551000000000002,18.74756413881865,10.639275735336506,-0.05718704565671893,1.0014264323765774,0.005223917304548377,18.99009729351279,10.83375544349097,-0.05133400793706677,0.9993635177077171,0.0012912260851466683,0.029507131808675396,0.160322731694505,0.14855051431004887,0.014617419704984504,19.09330334507561,12.180698621520568,8.010582215991207,1.0,0.0,0.0,nan,nan,nan,nan,nan,1.5118424595302786,1.4990624428208184
30.601000000000003,18.80755103586059,10.635795542325514,-0.05691717767230143,1.0014416152251013,0.004258999482469393,19.029940326333072,10.830292018852145,-0.052378782506687926,0.9996234263477869,0.005228310595315863,0.029637077876317686,0.16206098203432484,0.14989700620562968,0.01417985718860433,nan,nan,nan,1.0,0.0,0.0,nan,nan,nan,nan,nan,1.5022553140709978,1.5049041483118073
30.650000000000002,18.84754177615533,10.633486595585582,-0.056753418711591494,1.001408116881541,0.004001419402754645,19.089843487882774,10.82717663034282,-0.05171210407535476,0.9999342160056026,-0.010113099004625106,0.029635413493262673,0.16465437656754284,0.15196008198767494,0.014476979034720339,nan,nan,nan,1.0,0.0,0.0,nan,nan,nan,nan,nan,1.5016206434893007,1.5047779216559054
30.700000000000003,18.887531436863,10.63118615432072,-0.05659356856631317,1.0013632672877721,0.00410960663864239,19.129779982599864,10.824952665900316,-0.05215724721331849,1.000079935918431,0.007699891607274228,0.029649964221274448,0.16637210125775778,0.15327521308731723,0.014106390346665453,nan,nan,nan,1.0,0.0,0.0,nan,nan,nan,nan,nan,1.495760996889084,1.5097084884823952
30.750000000000004,18.94751304574598,10.627750875932211,-0.056339402353913715,1.0012872599434717,0.004090868974923336,19.13551392992888,10.831619890059278,-0.050493381167313604,0.9967220837865866,0.024836206797564715,0.029649200880754185,0.16033612394517208,0.14853582289096,0.014400040031311779,18.613472156699963,10.931618012637271,1.0766780880188043,1.0,0.0,0.0,nan,nan,nan,nan,nan,1.5017371139236282,1.5032912149134443
30.801000000000002,19.007498290417324,10.624331367028605,-0.05614100671157487,1.0014824886562173,0.0025225050135904265,19.175457853736777,10.831688018661794,-0.048001281594945766,0.9975170710166157,-0.001661409511386492,0.02945488964348156,0.16207443918264358,0.14988268648079867,0.01402563421167918,nan,nan,nan,1.0,0.0,0.0,nan,nan,nan,nan,nan,1.515953698266017,1.4993120827772592
30.85,19.047497045491234,10.622059601399659,-0.056054615842120695,1.0016114889618053,0.002041244169510973,19.23525946929316,10.828796501578069,-0.048131087090211196,0.99846986437331,0.025171493740630844,0.029458369221247362,0.16466814365704774,0.1519444120085749,0.014324982753961494,nan,nan,nan,1.0,0.0,0.0,nan,nan,nan,nan,nan,1.5077223870725545,1.5052825787298036
30.902,19.107502017730468,10.618662356988478,-0.05598060656512376,1.0016933031913298,0.0,19.27515645436911,10.826869620194225,-0.04867093488561469,0.9989189440201931,-0.005662704708668207,0.029454489120615403,0.16638633842377992,0.153306344189258,0.014522823281062728,18.40351662960215,10.897351049750881,nan,1.0,0.0,0.0,nan,nan,nan,nan,nan,1.5025958492325555,1.4935938444629717
30.950000000000003,19.147506772233616,10.616403116939946,-0.05597955794592363,1.0016988873720964,0.0,19.244910145533844,10.829261565027023,-0.0505065497942967,0.9934574536567169,0.00143068168253212,0.0295998967495762,0.16034868726778073,0.14852117040023238,0.014320995577421242,nan,nan,2.87834319756418,1.0,0.0,0.0,nan,nan,nan,nan,nan,1.5025958492325555,1.506334057139395
31.001,19.20752609479775,10.613020559505125,-0.05595782935510339,1.0021342727526013,0.0,19.28461279119389,10.827253201815182,-0.050026499875381436,0.99492202841189,0.01977428252683376,0.029602237370802562,0.16208765121328406,0.14991128448880275,0.01451851791327691,nan,nan,nan,1.0,0.0,0.0,nan,nan,nan,nan,nan,1.5107830478808375,1.5148584568987058
31.05,19.24755555077892,10.61076856129658,-0.055947229472275206,1.0023959850356037,0.0,19.344523416470842,10.82888233160482,-0.04372745506298913,0.9966783334759176,0.00989295599201746,0.029199641154717904,0.16468245668814216,0.15192885568340078,0.014242600738527388,nan,nan,nan,1.0,0.0,0.0,nan,nan,nan,nan,nan,1.5165205177544974,1.5049811613389323
31.1,19.287592899001357,10.608518125882314,-0.05596701558954605,1.002538213521032,0.0,19.384360530322652,10.827128275612178,-0.04420170476124463,0.9975073419860564,0.003326449233382432,0.029198885801305682,0.16640161695123745,0.15328982080333803,0.014440840055063874,nan,nan,nan,1.0,0.0,0.0,nan,nan,nan,nan,nan,1.5192465011509049,1.497152346076646
31.151000000000003,19.347654022631215,10.605143970779775,-0.05606936143860415,1.0025985040974303,-0.002109313201538334,19.39066711420225,10.838815030732322,-0.046774360468381904,0.994993442754137,0.016670186883612673,0.029455642046189015,0.1603631402691752,0.14850689183672314,0.014157251827867529,18.877125771645208,11.019556420149847,1.1356483145847278,1.0,0.0,0.0,nan,nan,nan,nan,nan,1.5145063190614019,1.4995301355364299
31.201,19.407721803997603,10.601769159968399,-0.05622546895355547,1.0028130319078012,-0.002967865582553144,19.43043509338577,10.836945320611006,-0.04704889835188242,0.996169988359877,0.00707993545226419,0.029454512036173903,0.1621029037657184,0.14989622528216487,0.01435627196657075,nan,nan,nan,1.0,0.0,0.0,nan,nan,nan,nan,nan,1.5196469715374716,1.5021815086184112
31.250000000000004,19.447774534761503,10.599517682670747,-0.056349012538052495,1.0029196065008763,-0.0030975700787281494,19.490130223284893,10.833391020463637,-0.04790074142964551,0.9975804562580137,0.009596907892159482,0.02952109228467175,0.1646984167816669,0.1519141419076651,0.014074400633557542,nan,nan,nan,1.0,0.0,0.0,nan,nan,nan,nan,nan,1.5134947515303152,1.504995592390354
31.303,19.48782929615043,10.597264324983959,-0.05647300807935496,1.0029338147478248,-0.0030939647404493167,19.52999449014533,10.831478333268276,-0.048590167045497346,0.9982456037412704,-0.019561279985346385,0.029517364421566886,0.16641782130816565,0.15327446581613943,0.01427138070688661,nan,nan,nan,1.0,0.0,0.0,nan,nan,nan,nan,nan,1.5109290589288251,1.5034508584845334
31.352,19.547908341110823,10.593879911274673,-0.05663311580699029,1.0028517606826348,-0.0019280642653361098,19.56536934123279,10.749443495326117,-0.04923889556047457,0.9976988682537433,0.0017880657399765242,0.029515591494093246,0.16037708737359715,0.14849407715340132,0.01406661969009336,19.300342874778913,9.908949736905514,3.328400521535948,1.0,0.0,0.0,nan,nan,nan,nan,nan,1.4970348332004009,1.515437361576124
31.400000000000002,19.587958005581118,10.591620730972027,-0.056685027476217995,1.002812798959717,0.0,19.60523537828145,10.747474338639512,-0.04955053235639095,0.9983453306514808,-0.002493137392707503,0.029514927880287454,0.1621166571397101,0.14988286743605173,0.014266101526578374,nan,nan,nan,1.0,0.0,0.0,nan,nan,nan,nan,nan,1.5052329157652087,1.5089945420612103
31.450000000000003,19.648030250464938,10.588227126139563,-0.056730773061603,1.002757527814215,0.0,19.64512625501317,10.745501312621096,-0.04885964992226599,0.9988865650315449,0.015008057376568077,0.029517266699837907,0.16384876509193316,0.15126122745912807,0.01459858850719405,nan,nan,nan,1.0,0.0,0.0,nan,nan,nan,nan,nan,1.5018768997935854,1.510493904307047
31.500000000000004,19.68807531734985,10.585962048002937,-0.05674505877220816,1.0026832358824471,0.0,19.705039527496076,10.74330970583342,-0.0480751851398571,0.9995015590957562,1.3142648194995783e-05,0.029451765951762503,0.1664303988158415,0.15326117670013994,0.014339511873199555,nan,nan,nan,1.0,0.0,0.0,nan,nan,nan,nan,nan,1.5088853874069867,1.501917385301876
31.55,19.748135738300267,10.582560786675923,-0.05678250453414527,1.0025283702361303,0.0,19.74799192293575,10.683301412915576,-0.047930568454158884,0.9990200939642899,0.013368279399542665,0.029413026073197995,0.16038693022086917,0.14848290711819345,0.014051457916422181,19.551658500283946,10.072492893688288,1.7482243421024928,1.0,0.0,0.0,nan,nan,nan,nan,nan,1.5029137126898409,1.5060689998716001
31.6,19.788170656117686,10.58029137792809,-0.056803391153140474,1.0024403825585178,0.0,19.787911053387692,10.681391311204711,-0.04764739339831614,0.9994064553887174,0.0038585346457786665,0.029412119414321754,0.16212580168269786,0.14987116470954395,0.014331843180283368,nan,nan,nan,1.0,0.0,0.0,nan,nan,nan,nan,nan,1.5089797349247487,1.501496368332877
31.650000000000002,19.848217622018584,10.576884347996891,-0.056852645943195806,1.0023314756261348,0.0,19.847817883558445,10.678545940663739,-0.048017715215506136,0.999868567780796,-0.02232427609941619,0.02940887908308145,0.16471968645206658,0.15193410749655487,0.014626152181695783,nan,nan,nan,1.0,0.0,0.0,nan,nan,nan,nan,nan,1.5047976591186565,1.5045490370962509
31.700000000000003,19.888244437068966,10.574611674188944,-0.05686967962881233,1.0022298682358395,0.0,19.88772123906001,10.675700149723642,-0.04829913724362944,1.000085323164391,0.004490560900220271,0.029494021150121376,0.1664376118248371,0.15324923376625435,0.014233865180076952,nan,nan,nan,1.0,0.0,0.0,nan,nan,nan,nan,nan,1.4928390807360783,1.5151278499135534
31.750000000000004,19.948276931137507,10.571201727396621,-0.056824700307019485,1.002078841614259,0.0,19.986183467956295,10.714609789253295,-0.04668263624776481,1.0027026226197993,0.01556545226093996,0.02947152530981407,0.1603920836874977,0.14851351847802938,0.014608276145366562,20.292790222639873,11.160507335350914,1.3967503783770825,1.0,0.0,0.0,nan,nan,nan,nan,nan,1.5025741206530274,1.5047382776876
31.801000000000002,20.008295364582867,10.567790921753966,-0.0567951278986174,1.0017420677715332,0.0,20.02607606984954,10.70943563782214,-0.0502703733958505,1.0023458542237347,0.004409151954623227,0.02977510132504286,0.162129860022619,0.14986068074035042,0.0142073157841151,nan,nan,nan,1.0,0.0,0.0,nan,nan,nan,nan,nan,1.505201900761266,1.4941234680821465
31.85,20.04829513476363,10.565517190696584,-0.05678756072161704,1.0015155803522244,0.0,20.086130629536118,10.706384502363484,-0.051548856042162416,1.001927706246925,-0.01838630976537785,0.029771864963235768,0.16472187888414289,0.15192304448354446,0.014502865360298833,nan,nan,nan,1.0,0.0,0.0,nan,nan,nan,nan,nan,1.495582929288135,1.5046954520322844
31.900000000000002,20.088287010949916,10.563244293852636,-0.056749606317074,1.0013367280090857,0.0,20.126153097798475,10.704334089282186,-0.04989305361822271,1.0017214057812558,0.029971942448288984,0.029778228819080956,0.16643857543357293,0.1532854583252091,0.014698274707195133,nan,nan,nan,1.0,0.0,0.0,nan,nan,nan,nan,nan,1.4848683056594973,1.5165681342790047
31.950000000000003,20.148263896722767,10.559837378010503,-0.05661564617029069,1.0011364630308164,0.0006021030131933303,20.09682546819395,10.635123012291416,-0.05207269017106908,0.99592642833485,-0.010587155963702195,0.030033185641665495,0.16039093619265174,0.14850340637558238,0.014394214764914275,19.25696401017579,9.958663535223591,4.859609812021111,1.0,0.0,0.0,nan,nan,nan,nan,nan,1.5067122604667549,1.495257010579692
32.0,20.18824726330241,10.557566964936605,-0.05653874129140914,1.0012912241775629,0.0023479200524436803,20.13661869543858,10.633045557901987,-0.05235901674710952,0.9969290593162893,-0.004903802304879291,0.03003348890386985,0.16212807065448423,0.14989394233614906,0.014723904690997098,nan,nan,nan,1.0,0.0,0.0,nan,nan,nan,nan,nan,1.4957531082830708,1.5238047736858509
32.050000000000004,20.24824384583596,10.55416537106042,-0.05633647355322314,1.0016775175834325,0.003987888722931631,20.19672160655315,10.636653123371364,-0.043644667593781605,0.9981304964386237,0.026370145359744173,0.029452535763778653,0.16472007969415126,0.15191179210382222,0.014447827298160194,nan,nan,nan,1.0,0.0,0.0,nan,nan,nan,nan,nan,1.4959079918437377,1.5207955442150518
32.101,20.308256202442166,10.550769201173834,-0.0561382254514006,1.0018507756387482,0.0021475146378298203,20.236615003677183,10.63491835780049,-0.04334959674510008,0.9986967986109722,0.0011204934235657983,0.029449880014424976,0.16643735943073823,0.15327311464665733,0.014643113632066303,nan,nan,nan,1.0,0.0,0.0,nan,nan,nan,nan,nan,1.5195154532071429,1.4936772466627122
32.15,20.348268021233114,10.548507276409785,-0.06103780303350001,1.001893681220711,-0.21885568085460932,20.282038630317555,10.65212374267736,-0.05313828823741363,0.9983819605548415,-0.26409173980814515,0.029999917185427077,0.16039096414176252,0.14849297525948116,0.01434541609699788,20.118617540170654,10.932970381499175,0.408585232042419,1.0,-1.5707963267948966,0.0,nan,nan,nan,nan,nan,3.8728730493244905,-0.8613140959022294
32.202000000000005,20.40824629934529,10.544647011058002,-0.08482522103891954,1.0014909707869761,-0.5028798888527775,20.321917029241288,10.649896379005312,-0.06461273667113332,0.9989014167037468,-0.43190106250987625,0.03000817425877909,0.1621286008855366,0.1498830622279664,0.01454164647327528,nan,nan,nan,1.0,-1.5707963267948966,0.0,nan,nan,nan,nan,nan,3.682649913634844,-0.6715689833538356
32.251000000000005,20.448191003626462,10.541699691277595,-0.1080478682537016,1.0007865179664897,-0.6213388179912265,20.38172203211887,10.64592661347494,-0.0948859038246197,0.9995060608811793,-0.6373745355632372,0.029968038965030745,0.16471988458480294,0.15190260213779144,0.014261207693043619,nan,nan,nan,1.0,-1.5707963267948966,0.0,nan,nan,nan,nan,nan,3.682649913634844,-0.6715689833538356
32.419000000000004,20.468144941053712,10.540073078933316,-0.12115317980790644,1.0003008916977083,-0.6656020012945083,20.401622363986025,10.644035157413327,-0.10783969043770457,0.9996587997766986,-0.6814459750753137,0.029965542050854745,0.16557885891776203,0.15258501862331192,0.014359864657495542,20.602504318659527,9.677919300286305,3.4050909625902626,1.0,-1.5707963267948966,0.0,nan,nan,nan,nan,nan,3.561535708009943,-0.5522440133052915
32.45,20.64643213139235,10.51788972816036,-0.2578541719137483,0.9919015488871599,-0.7970701442978213,20.594182966895698,10.52915176746685,-0.24476389921015818,1.0013348474960022,-0.7984921980792005,0.03008621838319678,0.16453251215312298,0.15180838663332114,0.014121493765906969,nan,nan,nan,1.0,-1.5707963267948966,0.0,nan,nan,nan,nan,nan,3.3522772660006033,-0.3490837421083137
32.5,20.704955480548637,10.506433769869002,-0.30577458993695544,0.9887371872019777,-0.7979108550020554,20.632961913761722,10.519136418808152,-0.27629585494386744,1.0012573245170773,-0.7660116939557323,0.030086629870344436,0.1662293036945654,0.153183958510056,0.014451050134298298,nan,nan,nan,1.0,-1.5707963267948966,0.0,nan,nan,nan,nan,nan,3.271448213363147,-0.26785531092770776
32.551,20.743604292598548,10.49746704758752,-0.337615044606731,0.9868130748635643,-0.7948367738244374,20.718600768955614,10.499569977444695,-0.3209003717795591,1.0031086455348877,-0.7911749744262689,0.029741319202531834,0.16002960054582943,0.1483300539945397,0.014126791436715507,20.94462698862531,10.446049807697836,0.28322698981081684,1.0,-1.5707963267948966,0.0,nan,nan,nan,nan,nan,3.1574005476605906,-0.15934733784440636
32.601,20.78191404739889,10.487396673146414,-0.36928647997851494,0.9849918619300562,-0.788538222956722,20.756574809328473,10.486628086860943,-0.3515062941888117,1.0026686582587903,-0.7553552257371056,0.029742138978420655,0.16173136554308884,0.14974701679945093,0.014324749861314934,nan,nan,nan,1.0,-1.5707963267948966,0.0,nan,nan,nan,nan,nan,3.1574005476605906,-0.15934733784440636
32.65,20.83866217911058,10.470193824733304,-0.4162191605342844,0.9826238172828484,-0.7771083593131893,20.812162316973783,10.460618847558145,-0.4035230815343001,1.0021520868319749,-0.7595489095544334,0.030117842686495436,0.16425503921560702,0.15182258069456295,0.014058268275062477,nan,nan,nan,1.0,-1.5707963267948966,0.0,nan,nan,nan,nan,nan,3.1264128279800536,-0.12717308924851678
32.703,20.894455142662256,10.450457401923414,-0.46235155332899674,0.9808327478251305,-0.7611134178029125,20.867081715236257,10.436173461063719,-0.4490943888208787,1.0017840649786998,-0.7219123443911398,0.030108738329955045,0.16674023196702312,0.15393229973940634,0.014486818519576443,nan,nan,nan,1.0,-1.5707963267948966,0.0,nan,nan,nan,nan,nan,3.009180250759081,-0.007832836177409819
32.75,20.93107330584224,10.435904838765975,-0.4925572355271952,0.9799356929922214,-0.750049520624025,20.901850624180167,10.410935710116602,-0.4885783214763091,1.0015919014277694,-0.7366902273533562,0.030743987388686972,0.16837063928540216,0.15529368513312405,0.014076000854386284,20.58098123847128,11.504572848790282,4.728518144201376,1.0,-1.5707963267948966,0.0,nan,nan,nan,nan,nan,3.009180250759081,-0.007832836177409819
32.801,20.9850672919531,10.412016225334822,-0.537027192270359,0.978971951157018,-0.7313746096120803,20.902443893761422,10.488720051571029,-0.517714404122084,0.997370221234316,-0.7010195647719297,0.030691752166310614,0.161220139623636,0.14976084673060916,0.014269938249018926,nan,nan,nan,1.0,-1.5707963267948966,0.0,nan,nan,nan,nan,nan,2.929744857232635,0.0724430231595572
32.85,21.020421415429386,10.394759606825877,-0.5660145557638704,0.978833701617669,-0.7186470476738308,20.95399644599049,10.458282070678017,-0.5622031988648306,0.9982509272835521,-0.6993773641590147,0.030675249779502773,0.1636703848288147,0.15190863653178305,0.01414460290338856,nan,nan,nan,1.0,-1.5707963267948966,0.0,nan,nan,nan,nan,nan,2.9067072630558655,0.10827714685497147
32.901,21.07244496090883,10.36692905164134,-0.6085717925574177,0.9788514015137715,-0.6993438090355376,20.987637014871588,10.436768456278886,-0.590388405118936,0.9987829479252951,-0.6852422124983476,0.030665892661145576,0.16528099886651273,0.15336624246051464,0.014294410725016578,nan,nan,nan,1.0,-1.5707963267948966,0.0,nan,nan,nan,nan,nan,2.8393536189309683,0.17307612646798232
32.95,21.106422136397764,10.347117685332606,-0.6362971532965723,0.9789217009405998,-0.6867048294955655,21.035333231722273,10.395945156880918,-0.6394115592184924,0.9994157978342876,-0.6529765496403989,0.03127116357486343,0.16765609102402632,0.1555149411740113,0.01409581890623283,nan,nan,nan,1.0,-1.5707963267948966,0.0,nan,nan,nan,nan,nan,2.80196226555333,0.20893227052412677
33.0,21.13981140709102,10.326334154191029,-0.6635370220309773,0.9789985888576711,-0.6739529690459436,21.122664364470083,10.383918564367985,-0.6663900674014753,1.0026480526591102,-0.6499552749709442,0.031245336413322715,0.16041712251821588,0.1498844954247759,0.014289031341431273,21.598237918905784,10.534914593611212,1.1589255229751534,1.0,-1.5707963267948966,0.0,nan,nan,nan,nan,nan,2.7403991297378294,0.2686260667209357
33.050000000000004,21.18875881419105,10.293407179749664,-0.7034091086478881,0.9791764349676221,-0.6547015563912894,21.169681982224997,10.346967536760802,-0.7067133001920487,1.0022482588145822,-0.6611125001661293,0.03113630368473544,0.16278377990917592,0.15212271075181633,0.014012731320025265,nan,nan,nan,1.0,-1.5707963267948966,0.0,nan,nan,nan,nan,nan,2.696225293777425,0.3029707355739166
33.1,21.220608592812184,10.270337260819689,-0.7293415917009181,0.9792956753673068,-0.6408117255799279,21.19999748062878,10.320740671228485,-0.7325448530319143,1.0019726321021838,-0.6159483725830628,0.03113532064026445,0.1643382919892237,0.15364038574475844,0.014211051410563003,nan,nan,nan,1.0,-1.5707963267948966,0.0,nan,nan,nan,nan,nan,2.6318210388099184,0.36846195913427815
33.15,21.26718823695531,10.234136197826993,-0.7672146117030958,0.9796335457133758,-0.6220024242414585,21.24415520566994,10.279966070916359,-0.770879736266547,1.0016411518024662,-0.5830362040598889,0.0311251817215175,0.16663165819520054,0.155921636169261,0.014505974433130654,nan,nan,nan,1.0,-1.5707963267948966,0.0,nan,nan,nan,nan,nan,2.61150348484939,0.38950776162689293
33.2,21.29743209525429,10.20898190470301,-0.791879289554724,0.9799402842713933,-0.6102802713804139,21.274953077306268,10.25802705184783,-0.7883405918793267,1.0014888903561734,-0.5869776848041193,0.030541984441138235,0.168131916382888,0.15740456502129002,0.014130703507767831,21.700140486561583,10.826547069766967,1.8324146352489912,1.0,-1.5707963267948966,0.0,nan,nan,nan,nan,nan,2.567622219061225,0.4343014107240877
33.25,21.341570339865836,10.169796077752656,-0.8280074757240684,0.9805375434738011,-0.593802755460701,21.35810309780979,10.264764173863073,-0.8256919320233771,1.001406359208221,-0.6077132825433247,0.03048516535178221,0.16164790728653422,0.1524882491087567,0.01442275183455764,nan,nan,nan,1.0,-1.5707963267948966,0.0,nan,nan,nan,nan,nan,2.5400455132548982,0.46226045635148383
33.300000000000004,21.370166329783363,10.142748379421835,-0.8515492713694496,0.9808115069187213,-0.5820966802791975,21.38484488982155,10.234582197045883,-0.8497149685476647,1.0012906848317003,-0.5612921366370955,0.030544521566836607,0.16314778044738437,0.15402950866072396,0.014057739662343815,nan,nan,nan,1.0,-1.5707963267948966,0.0,nan,nan,nan,nan,nan,2.4758129016848636,0.5266703434049647
33.35,21.411809428474303,10.100863311775994,-0.8859282392303178,0.9815410822545785,-0.5646693194512065,21.42395953246955,10.189003693814383,-0.8862445265021419,1.0011528493644997,-0.5916941682348289,0.030517221049566202,0.16536834543896642,0.1563934782371248,0.014355082270687292,nan,nan,nan,1.0,-1.5707963267948966,0.0,nan,nan,nan,nan,nan,2.458488049704912,0.5442776842728931
33.4,21.438733990037306,10.072103138061074,-0.9082772778719542,0.9820474465602238,-0.5521363438903037,21.450449419419765,10.160643104954719,-0.9064046740989613,1.0010903999331213,-0.5651861105307308,0.030232392295138716,0.16681755712161256,0.15793679939867267,0.013998374385711002,21.21384449336112,10.895433177395299,2.159756117043781,1.0,-1.5707963267948966,0.0,nan,nan,nan,nan,nan,2.3917108321007916,0.6114107658103906
33.45,21.47786321452141,10.02777952198054,-0.9408266729526379,0.9828379044113482,-0.5340241954544598,21.460186906905946,10.180770628480232,-0.9391408298976418,0.996946699225936,-0.5279166504435872,0.030202857013631984,0.16045499575692493,0.15302371696355746,0.014292789203019969,nan,nan,nan,1.0,-1.5707963267948966,0.0,nan,nan,nan,nan,nan,2.372140247935941,0.6311141782727198
33.501000000000005,21.51548514126665,9.982109110082016,-0.9723780067560904,0.9839487146393562,-0.5180686519554998,21.483921086111543,10.149098660153443,-0.9589316110575341,0.997729753856428,-0.49881762214380376,0.030132096192572906,0.16190858942135464,0.15462081798177923,0.013930597587919029,nan,nan,nan,1.0,-1.5707963267948966,0.0,nan,nan,nan,nan,nan,2.3250712956408335,0.6716025115160127
33.550000000000004,21.539735385900666,9.950951227120473,-0.9928926312458093,0.9846982262696115,-0.5082822059823868,21.51780803807483,10.099731522149039,-0.9898354073318093,0.9986653378536736,-0.4818924862231742,0.030123298973915462,0.16406621403423646,0.15705917706382658,0.014230019746246122,nan,nan,nan,1.0,-1.5707963267948966,0.0,nan,nan,nan,nan,nan,2.3250712956408335,0.688531246143789
33.601,21.57486314972289,9.903215964034002,-1.0229365965183315,0.9856722482025833,-0.4934602440006315,21.541071609070983,10.068673734279471,-1.005370064639866,0.9991104760974481,-0.4406946011864146,0.029861779372779618,0.16547242016983413,0.1586555742402725,0.013875476344749622,nan,nan,nan,1.0,-1.5707963267948966,0.0,nan,nan,nan,nan,nan,2.2841156461554624,0.72674687674474
33.653,21.597451074151866,9.87076504556802,-1.0424962458404698,0.9862464680121571,-0.4850965768729977,21.59193727250214,10.006102131105676,-1.0371296656631968,1.0009997335684422,-0.5013444447300026,0.02983189621379684,0.15911816292030387,0.15357421490371537,0.014171918717434959,21.73991548487464,9.93575052448018,0.17559974833040315,1.0,-1.5707963267948966,0.0,nan,nan,nan,nan,nan,2.2766473449399833,0.7329242394240234
33.7,21.619375493824784,9.837841418235286,-1.0616806158312908,0.9867052548451708,-0.47387166174260703,21.612134886924267,9.971529272807102,-1.056218480824747,1.0009709069422301,-0.44892030487651075,0.02983498294677906,0.16054501322216602,0.1552413500490456,0.014502856864743369,nan,nan,nan,1.0,-1.5707963267948966,0.0,nan,nan,nan,nan,nan,2.2018891264418494,0.8019646988307525
33.75,21.65102599469553,9.787626803506864,-1.0895761553752297,0.9873232219434792,-0.45787603720331055,21.640727479408724,9.918337663846033,-1.0845024239915935,1.0009335365920837,-0.420980271521872,0.02990347742131758,0.16264034689367057,0.15771484824097573,0.014185720904976242,nan,nan,nan,1.0,-1.5707963267948966,0.0,nan,nan,nan,nan,nan,2.163027342608687,0.8096472328974433
33.802,21.681205994021177,9.736478943210233,-1.1165970458451466,0.9879628489232217,-0.44362393316759646,21.659290547622316,9.882870286251723,-1.1028713823380967,1.0009156574203142,-0.45246082892927364,0.029888749907028698,0.16402424886322725,0.15937745454824062,0.014383738167478802,nan,nan,nan,1.0,-1.5707963267948966,0.0,nan,nan,nan,nan,nan,2.163027342608687,0.8409298514162751
33.85,21.70051895286101,9.701896666109981,-1.1341085068038188,0.988373454384534,-0.4329220251120301,21.67554737741953,9.845001572388735,-1.1236377053207205,1.0008960119692927,-0.4195317575570463,0.030127940683374856,0.1653760955749191,0.1610133435057337,0.014160072892701459,21.513739987267105,9.255803490112523,1.3563975817087024,1.0,-1.5707963267948966,0.0,nan,nan,nan,nan,nan,2.122885609448118,0.8810794392211371
33.9,21.719194377237525,9.666951133234262,-1.1511974494734127,0.9887729669973224,-0.42275212977256815,21.688075812703143,9.735928824715444,-1.149691185185004,1.0033520759064323,-0.3964117442630008,0.03014580565257514,0.15909152570559837,0.15578876219754006,0.014402440582801117,nan,nan,nan,1.0,-1.5707963267948966,0.0,nan,nan,nan,nan,nan,2.1049148214003726,0.8990643630234818
33.95,21.746026458063714,9.613895368790493,-1.1760993132543403,0.9892353871279569,-0.4082247559680015,21.711985627956086,9.680527273476088,-1.1750043874357696,1.0026947036242142,-0.4107782171132362,0.03016866633884638,0.16114347671883578,0.15831260134422842,0.014139703996685083,nan,nan,nan,1.0,-1.5707963267948966,0.0,nan,nan,nan,nan,nan,2.0713147091181954,0.9251286796989187
34.0,21.763136820502755,9.578131452047902,-1.1921875761230916,0.9894987621819947,-0.39715612898487235,21.72729030851514,9.643458741384647,-1.1911607282322518,1.0023125596592009,-0.37127699533187064,0.030169425789097443,0.16250193762765655,0.16000408092445553,0.01433505417895265,nan,nan,nan,1.0,-1.5707963267948966,0.0,nan,nan,nan,nan,nan,2.0285170074346746,0.9697637630478829
34.053000000000004,21.7876607940793,9.523936400230571,-1.215498132564554,0.9899710101338204,-0.3819979699633117,21.770473267117975,9.58510468500213,-1.2189623259701023,1.0025316161891082,-0.3697118491470834,0.03051958245752769,0.15635415376149583,0.15466933329950025,0.014141620450080992,21.989563160945828,9.622236381354158,0.2278141290007867,1.0,-1.5707963267948966,0.0,nan,nan,nan,nan,nan,1.979130173576088,1.019397650419372
34.102000000000004,21.81084354923064,9.469129640080773,-1.2379218726175456,0.9904470373359435,-0.3666443633969104,21.78414612621355,9.547412327772694,-1.2344073478272655,1.0021762254130966,-0.36018628611083897,0.030514238554549447,0.15773144045812043,0.1563926891381792,0.01433948758993511,nan,nan,nan,1.0,-1.5707963267948966,0.0,nan,nan,nan,nan,nan,1.979130173576088,1.019397650419372
34.15,21.825571359842034,9.432278341644114,-1.2523526125747932,0.990781961624781,-0.3565723160916884,21.80354046941637,9.490494503839184,-1.2564671711895647,1.0017491910877034,-0.33415783741052496,0.030512956605226522,0.15975140628946766,0.15895552704938537,0.01407122580496291,nan,nan,nan,1.0,-1.5707963267948966,0.0,nan,nan,nan,nan,nan,1.9602515465335308,1.0392336385193093
34.201,21.846599464511808,9.376566051495532,-1.2732657323535723,0.9913223504491084,-0.3422280962611561,21.815806788003087,9.452350857054313,-1.2694460274575508,1.0015463148399415,-0.3160260345747079,0.03051223435976675,0.16109230446512418,0.16066853714679266,0.014267091727638397,nan,nan,nan,1.0,-1.5707963267948966,0.0,nan,nan,nan,nan,nan,1.9381700126811052,1.0625088157935292
34.251000000000005,21.85992536251162,9.339153791299465,-1.2867534328987495,0.9916910930510527,-0.3336412917425499,21.83260004192699,9.394319819900065,-1.2910380230074663,1.0013007869972814,-0.32859378964317576,0.03058004312873386,0.1630567154860921,0.1632116225193928,0.014082448187308052,20.47726568045097,9.468054670068451,6.657178412769665,1.0,-1.5707963267948966,0.0,nan,nan,nan,nan,nan,1.9262201059140973,1.074990035561826
34.301,21.878903168213057,9.282661622226158,-1.306307551941193,0.9922479607127317,-0.3193820052870543,21.71285590944916,9.369952391900874,-1.3052629397641988,0.9974400283121067,-0.34646528379314917,0.030617900653177592,0.15636358780876963,0.15687000641406523,0.014277017490069441,nan,nan,nan,1.0,-1.5707963267948966,0.0,nan,nan,nan,nan,nan,1.8891407826508944,1.112740903003145
34.35,21.890899673271086,9.244764125157031,-1.318829764259642,0.9928505922075589,-0.30875183552488744,21.722585796665047,9.307932948620513,-1.3327355837464747,0.9982505644208277,-0.31443188544173467,0.031302756363219816,0.15836403176964003,0.15945876198479206,0.014003174718952448,nan,nan,nan,1.0,-1.5707963267948966,0.0,nan,nan,nan,nan,nan,1.866509947175766,1.1470820131181925
34.400000000000006,21.902387801605805,9.206686052799933,-1.3309327483229467,0.993432860718338,-0.2981213954851802,21.731888862557,9.269095135663756,-1.3439289517302817,0.9987529143097154,-0.26418764074070294,0.03130788553003445,0.15969406511076506,0.16118653458078205,0.014202240022573413,nan,nan,nan,1.0,-1.5707963267948966,0.0,nan,nan,nan,nan,nan,1.8369422722693158,1.174305551477438
34.452000000000005,21.918691692517253,9.149261442579146,-1.3483332805985937,0.9941730363045125,-0.28455097237530846,21.748973279338145,9.213261700213929,-1.3557398981133826,0.9993626594564239,-0.28896431350211366,0.03085159847646424,0.16164216820744526,0.16375389981894875,0.013937917544644332,nan,nan,nan,1.0,-1.5707963267948966,0.0,nan,nan,nan,nan,nan,1.8395275704829435,1.1702755578816615
34.501000000000005,21.928958426960104,9.11079164781179,-1.3595217183440174,0.9945874388425509,-0.2760700193116886,21.78420905822258,9.229223998812142,-1.365790674621875,0.9964070607560055,-0.2565210111983679,0.030829965455739322,0.15502179890318846,0.1572061282585879,0.014133959617982732,22.064416330496147,9.771688305298477,1.5629970029742053,1.0,-1.5707963267948966,0.0,nan,nan,nan,nan,nan,1.8110017975972545,1.1970039623544038
34.550000000000004,21.943485930966922,9.052832198989043,-1.375674960652807,0.9953205061944299,-0.2644160427938675,21.798410276984306,9.172034233525723,-1.3781515746308823,0.9975889908695104,-0.23446875505536952,0.030557467479937983,0.1570143768250305,0.15981061478370964,0.01387827235973365,nan,nan,nan,1.0,-1.5707963267948966,0.0,nan,nan,nan,nan,nan,1.8134261752877414,1.2036260277273718
34.601,21.957002795167746,8.994585050730663,-1.3912052366118797,0.9960337572763267,-0.25465086249420193,21.809579191745193,9.113211706975777,-1.3928890563588199,0.9985257080265456,-0.2311922148757474,0.03055353452147363,0.15900329414861394,0.16241022854686193,0.014178398853727708,nan,nan,nan,1.0,-1.5707963267948966,0.0,nan,nan,nan,nan,nan,1.8019931077894351,1.211633855341688
34.650000000000006,21.965470248060104,8.95561240813439,-1.40123560649513,0.9964003423826171,-0.2481716527072675,21.816557506181947,9.07388110508742,-1.4026340881717805,0.9990069049853983,-0.2367817435880583,0.030549395957868822,0.1603158440932546,0.16413388053965974,0.01437396100221603,nan,nan,nan,1.0,-1.5707963267948966,0.0,nan,nan,nan,nan,nan,1.7885706003709854,1.2232091853449512
34.702000000000005,21.97738178416946,8.89696637350494,-1.4157683588104568,0.9968353799925047,-0.23741402330994835,21.81989300007965,9.032718056805424,-1.4166704909633494,0.9993650578173293,-0.23624631728154014,0.03088609252079995,0.16158707309537454,0.16584066799688038,0.014101047183440305,21.12131881997534,9.138066445639906,1.8047611784054403,1.0,-1.5707963267948966,0.0,nan,nan,nan,nan,nan,1.7622862445778265,1.247224923578925
34.75,21.98481183066045,8.857757237885089,-1.4250714515729803,0.9970727233868842,-0.22937394329993982,21.762222720359897,8.987170865463481,-1.4319965771481804,0.9981996545000937,-0.22151381756657376,0.030909174843889893,0.15575635881896197,0.16000838795080197,0.014394517342259354,nan,nan,nan,1.0,-1.5707963267948966,0.0,nan,nan,nan,nan,nan,1.7409244552197507,1.2675440015503414
34.800000000000004,21.991845552737093,8.81846699542204,-1.43405410543983,0.9973280018666542,-0.221313848599006,21.769091337855812,8.948304060597765,-1.4391422925581727,0.998732541755837,-0.21987097421329488,0.030752737466986448,0.1570592498936432,0.1617402311153661,0.014030504896137386,nan,nan,nan,1.0,-1.5707963267948966,0.0,nan,nan,nan,nan,nan,1.7147923592406538,1.2864332445549524
34.85,22.001677867336593,8.75938865583122,-1.4469357525314002,0.9977429909817912,-0.209882745798086,21.776698057657015,8.888852452665887,-1.4525187000272224,0.9993649303057518,-0.2125059414920056,0.030748435826739348,0.15903422090743563,0.16433392505556346,0.014412425934455408,nan,nan,nan,1.0,-1.5707963267948966,0.0,nan,nan,nan,nan,nan,1.7147923592406538,1.2957270359011184
34.900000000000006,22.01068063241639,8.70016128752083,-1.4591506061444317,0.998025504828929,-0.19882235789265482,21.78054526261759,8.848798251725096,-1.4619250846769973,0.9996608660367635,-0.19472252694657885,0.03082690105362429,0.16030606794055763,0.16604622201082908,0.014186095074076675,22.125260713935553,9.751531520190907,3.377378270218279,1.0,-1.5707963267948966,0.0,nan,nan,nan,nan,nan,1.6893094186391509,1.3119129279336612
34.951,22.016239958032415,8.66060420828438,-1.4669310455310438,0.9981924592978464,-0.19186495414259014,21.81515399710325,8.877703925431897,-1.4738832651809737,0.9949361288153535,-0.17798286740950853,0.030797443310389545,0.15465904881985704,0.16019167104646467,0.014423324446932605,nan,nan,nan,1.0,-1.5707963267948966,0.0,nan,nan,nan,nan,nan,1.6893094186391509,1.3184737138427163
35.001000000000005,22.02394283431105,8.601162946127822,-1.4781058532930338,0.99880397018269,-0.18212567158735077,21.818372349248538,8.837855688231823,-1.4821869253429516,0.9961280845834647,-0.15386602816152123,0.030855865934901305,0.15596339806075157,0.16192838860421913,0.014044870611078548,nan,nan,nan,1.0,-1.5707963267948966,0.0,nan,nan,nan,nan,nan,1.6852817143097454,1.336928823395584
35.050000000000004,22.02867084139248,8.561463486446558,-1.4852475137553907,0.9991977416066209,-0.1763731425882187,21.823458602390183,8.77827470199195,-1.4922019422170416,0.9975589854332366,-0.15399872171080362,0.030852894620672807,0.1579436267670492,0.1645263006335314,0.014342111241211408,nan,nan,nan,1.0,-1.5707963267948966,0.0,nan,nan,nan,nan,nan,1.68078182399922,1.3380464421726024
35.1,22.033084311458364,8.521715310988908,-1.4921676447989416,0.9994920391969453,-0.17067211000909388,21.826273374141646,8.73839711627781,-1.4998999451825101,0.9982334308402858,-0.15715974710443797,0.03087343475636948,0.15921801929482945,0.16624302821482434,0.013973662461398306,nan,nan,nan,1.0,-1.5707963267948966,0.0,nan,nan,nan,nan,nan,1.6636208953578833,1.3510367189929617
35.150000000000006,22.03913623202948,8.46201826814749,-1.5020938505501558,0.9997761762096615,-0.16146750220261594,21.883974841222873,8.669344044935926,-1.5094271604707832,0.9999587823403259,-0.1591414592928151,0.03084522060899584,0.15361167783254764,0.1602186173129534,0.014268261962787859,22.403195816996725,8.647803362505751,1.2187462235748623,1.0,-1.5707963267948966,0.0,nan,nan,nan,nan,nan,1.6498419768706458,1.362880629717037
35.201,22.042806129901567,8.42217891740515,-1.5083982517430166,0.9998613537040713,-0.15502045369661915,21.88637705527603,8.62941675660403,-1.5159968498830987,1.0001536691682995,-0.1759382022754881,0.030840201830452434,0.15495279447378196,0.16195953526678872,0.014465489400043888,nan,nan,nan,1.0,-1.5707963267948966,0.0,nan,nan,nan,nan,nan,1.6321714722543177,1.375377140716229
35.252,22.047788195690945,8.362374183265917,-1.5173518227955969,0.9998814734202817,-0.14477005650149485,21.88684562056775,8.56868508631076,-1.5286732605336593,1.0003813976664262,-0.14813807461379722,0.031094034059690773,0.15690920751120885,0.16455332424651886,0.014195211903902747,nan,nan,nan,1.0,-1.5707963267948966,0.0,nan,nan,nan,nan,nan,1.6070563763715922,1.3991976372789172
35.300000000000004,22.05217323020501,8.302522818554708,-1.525687455604084,0.9999174499546217,-0.1348148272267301,21.884590415551656,8.50739605056673,-1.543062311247035,1.0005336608336424,-0.13977105352440658,0.031092167535912117,0.15884026031897103,0.1671271186492186,0.013932066215676029,nan,nan,nan,1.0,-1.5707963267948966,0.0,nan,nan,nan,nan,nan,1.600081528897642,1.3991976372789172
35.351,22.054781639895534,8.262600222809356,-1.530926231279245,0.9999320906973683,-0.12863864175494147,21.87538012938153,8.413646176164104,-1.548676722237167,1.0042859716656332,-0.12721194221494717,0.03154398811824027,0.15261497640634167,0.1600969157668079,0.014125393973798342,21.75533167902857,7.9540947398625,1.0852306556625015,1.0,-1.5707963267948966,0.0,nan,nan,nan,nan,nan,1.579445360628488,1.4148561007272569
35.401,22.058247320597662,8.202697231745548,-1.5383146465367747,0.9996626197818268,-0.11907972215098579,21.876218917788947,8.373490015588468,-1.5528520684562614,1.003603363727693,-0.09003490283511437,0.03154780156760529,0.15396254518411864,0.16183478746102162,0.014406500230031465,nan,nan,nan,1.0,-1.5707963267948966,0.0,nan,nan,nan,nan,nan,1.579445360628488,1.4148561007272569
35.452000000000005,22.060273510077153,8.162757718653841,-1.5429540535556279,0.9994932605011584,-0.11428367569278804,21.87954316001461,8.313877142593174,-1.55754147039784,1.0027884078147709,-0.12019156944285954,0.03131351997980239,0.15592864455165828,0.1644255865112152,0.014143376175714577,nan,nan,nan,1.0,-1.5707963267948966,0.0,nan,nan,nan,nan,nan,1.571042938984045,1.4274316253471637
35.5,22.062083454461966,8.12281361820821,-1.547402721888996,0.9993950236791325,-0.10902547480478608,21.880017754378503,8.273771937513889,-1.5618624105970929,1.0023993340286217,-0.08031719447888849,0.031317426759102394,0.15724950310290117,0.16614330227893132,0.014341606178515542,nan,nan,nan,1.0,-1.5707963267948966,0.0,nan,nan,nan,nan,nan,1.571042938984045,1.4274316253471637
35.550000000000004,22.064414264453056,8.062886703486827,-1.5536874276491681,0.9993368241490955,-0.10221333542763622,21.828583008275867,8.137542542553657,-1.568372316550536,1.007118456112729,-0.10403762158166666,0.03125501021327271,0.15178414700894555,0.15998661323859062,0.014069759095404167,21.28048342240327,7.465351099368006,3.445291816437961,1.0,-1.5707963267948966,0.0,nan,nan,nan,nan,nan,1.5810349059992626,1.4184869129889623
35.601,22.06630986330552,8.002956164423937,-1.5595937869423884,0.9989707269298475,-0.09528116872430756,21.82864842474694,8.097271251584997,-1.5723566665524216,1.005844937285626,-0.10661631474430253,0.031253170604635144,0.15313859191193482,0.16172266258428594,0.014268739827144323,nan,nan,nan,1.0,-1.5707963267948966,0.0,nan,nan,nan,nan,nan,1.5545252316990072,1.4304832982312592
35.650000000000006,22.06734586867934,7.963011270840139,-1.563275790474964,0.9987274424320587,-0.09010746331174983,21.831311333313632,8.037495343395937,-1.5738217843547815,1.0043228903535948,-0.07222182344392047,0.03098386746437333,0.15511426151080426,0.16431174654828012,0.014148465148782778,nan,nan,nan,1.0,-1.5707963267948966,0.0,nan,nan,nan,nan,nan,1.5492735825408512,1.439263257006443
35.7,22.068577948919,7.903099403017737,-1.568481119223008,0.9985604186324695,-0.08483542159393336,21.83113145724163,7.997330821602548,-1.5784970097416442,1.003600088255256,-0.09301000487652968,0.030979239317230522,0.15644175830521964,0.1660279592888183,0.014289266298802226,nan,nan,nan,1.0,-1.5707963267948966,0.0,nan,nan,nan,nan,nan,1.5629935732088711,1.429893262616837
35.751000000000005,22.069195767052182,7.8631577644654085,-1.5717814925659428,0.9985357622462567,-0.0809105429375955,21.83709251813104,7.93822944463607,-1.57682371618782,1.0027396169709597,-0.08868065028194896,0.030385446193656084,0.15837568507908525,0.16858312299080844,0.014027515777632952,21.55663278811282,8.046062160336604,0.3271610326242794,1.0,-1.5707963267948966,0.0,nan,nan,nan,nan,nan,1.5486211600819264,1.4462540776260353
35.800000000000004,22.069835749983177,7.80324119288101,-1.5764499329017114,0.9985900878173224,-0.07585484122804506,21.81099789670669,7.909795793865278,-1.5805187199677644,1.0015992243414593,-0.08767804150924595,0.03039664613652445,0.1523391566293561,0.16147586612098228,0.014222737280200189,nan,nan,nan,1.0,-1.5707963267948966,0.0,nan,nan,nan,nan,nan,1.5540549218057007,1.443264748906602
35.854,22.07008063013631,7.763291521453223,-1.5794043095541748,0.9987110348796742,-0.0726491638131824,21.80533651559584,7.84897963566241,-1.5909774934204177,1.0013239742722466,-0.050957485700923094,0.030876014491945474,0.15432466887823895,0.16406243962617248,0.013956276871565329,nan,nan,nan,1.0,-1.5707963267948966,0.0,nan,nan,nan,nan,nan,1.5498143880729498,1.451606050804807
35.900000000000006,22.070187565271908,7.723336316324878,-1.582235929524842,0.9988423099658903,-0.06969292261791876,21.804504682178877,7.808936882053012,-1.5936084446088625,1.0011932262753778,-0.06366616797589444,0.03087359322664056,0.15565865679970706,0.16577757013556235,0.014156180422112153,nan,nan,nan,1.0,-1.5707963267948966,0.0,nan,nan,nan,nan,nan,1.5408367191296437,1.4609163024249507
35.95,22.07010217035301,7.663394099340975,-1.5862593512641876,0.9990334528350673,-0.06497159064444155,21.807162850999042,7.749412267094911,-1.5930089975679054,1.0010395496408306,-0.045793370148265865,0.030498464151182677,0.15760205739749986,0.16833269534574885,0.013898129595728654,nan,nan,nan,1.0,-1.5707963267948966,0.0,nan,nan,nan,nan,nan,1.5408367191296437,1.4609163024249507
36.001000000000005,22.0697384343253,7.603442199088267,-1.5900245598044458,0.999216422940644,-0.0614874410086743,21.822636714262206,7.7332778681035395,-1.595268015222351,0.9993082385535215,-0.05524208439446428,0.030487499961459368,0.1515597092111601,0.16111659209827486,0.014094581684964079,21.9913314318742,7.964936367794275,0.32366339896239243,1.0,-1.5707963267948966,0.0,nan,nan,nan,nan,nan,1.5489784716790653,1.453183602297129
36.051,22.06934950474849,7.563468027174903,-1.5924259226896655,0.9994193405053293,-0.05908414884971458,21.8169088218012,7.672871728743083,-1.603759044995834,0.9996388091848708,-0.05049776308440943,0.030886626410909685,0.15355548998062182,0.16370168587450107,0.013844273878357133,nan,nan,nan,1.0,-1.5707963267948966,0.0,nan,nan,nan,nan,nan,1.5443023617239053,1.46308823358654
36.101,22.068559528127327,7.503493880787474,-1.595821178334386,0.9997030351973619,-0.054570551674872944,21.815547953582275,7.63290737286446,-1.6072027117685355,0.9998454523676418,-0.057418171572329875,0.030884586041867425,0.15489600020212838,0.16541653565339623,0.014042559619604749,nan,nan,nan,1.0,-1.5707963267948966,0.0,nan,nan,nan,nan,nan,1.5328119058200531,1.4736050371371008
36.150000000000006,22.067902367251893,7.463505134028569,-1.597916623752003,0.9998471982889532,-0.0510009008328375,21.813313858032462,7.57295292466057,-1.6098136903752898,1.0000923882763653,-0.04815520013860888,0.030884901230192115,0.1568894660689642,0.16797289389331768,0.014423008064309122,nan,nan,nan,1.0,-1.5707963267948966,0.0,nan,nan,nan,nan,nan,1.5243901092576164,1.4814146315328427
36.202000000000005,22.066732877616847,7.403516534139453,-1.6008030357991851,1.000010757713931,-0.0461661656272526,21.807729347161036,7.532626637461755,-1.6164097329451594,1.0002049350190358,-0.048789932649510884,0.031238157438043677,0.15816386231567822,0.1696648681946009,0.014058625366385887,21.515786589933857,7.363304904568104,0.4133063922167525,1.0,-1.5707963267948966,0.0,nan,nan,nan,nan,nan,1.5236110295330774,1.4814482841173928
36.25,22.06583797797544,7.363522078449764,-1.6025587447785132,1.000094043315579,-0.042474161657144294,21.778601396544136,7.455530111914712,-1.6192220327683975,1.001424153228124,-0.039664148687710524,0.031252104459814536,0.15284095894595306,0.16324884704736384,0.014352796051461076,nan,nan,nan,1.0,-1.5707963267948966,0.0,nan,nan,nan,nan,nan,1.5130610621536789,1.491650364517828
36.300000000000004,22.06485703704309,7.323527601942392,-1.604171063027497,1.0001154465303261,-0.0390470678777448,21.778882368790487,7.415686315246811,-1.6192638244391973,1.0012722845564845,-0.05799937431860333,0.031040746220184972,0.15415092143403075,0.1649630736630204,0.013996975732782451,nan,nan,nan,1.0,-1.5707963267948966,0.0,nan,nan,nan,nan,nan,1.5103863663293393,1.4905961980534967
36.351,22.063235312786873,7.2635410030050656,-1.6063399319771683,1.0000984219154199,-0.03393824299402227,21.775902756752867,7.355687723051121,-1.6222256597970954,1.0010902280160077,-0.042675797345009744,0.03104114168210259,0.15615406677900737,0.16751961611654995,0.014296214797718369,nan,nan,nan,1.0,-1.5707963267948966,0.0,nan,nan,nan,nan,nan,1.5029432469761084,1.498431309193822
36.400000000000006,22.062061620989848,7.223552862757622,-1.6076168597763436,1.000102153485355,-0.030795496457116323,21.77605946570138,7.315830047366498,-1.6210854501537029,1.001001641826713,-0.04355491647300733,0.030843824721541603,0.15743527883127706,0.1692125191726007,0.01394727357197344,22.70981911805947,7.129196072936318,3.2966040619287393,1.0,-1.5707963267948966,0.0,nan,nan,nan,nan,nan,1.5046186071740024,1.4972476072165581
36.451,22.06017461895565,7.16357395542762,-1.6093265611433298,1.0001209661526418,-0.026986964878593478,21.857450390617878,7.235633772798619,-1.6229057436130159,1.0018043565758294,-0.038614565791319076,0.030799786239732837,0.15221839366762802,0.162867154458464,0.014243258517325785,nan,nan,nan,1.0,-1.5707963267948966,0.0,nan,nan,nan,nan,nan,1.5058336666093728,1.4962482242577362
36.5,22.058839416303115,7.123590552551961,-1.6103508430186417,1.0000992464000034,-0.02478675407507642,21.85193396921214,7.195459603950987,-1.6286486630007393,1.0015636087557405,-0.04567937736151009,0.03111853908732729,0.15353431281882912,0.16458288060778173,0.013887639089260337,nan,nan,nan,1.0,-1.5707963267948966,0.0,nan,nan,nan,nan,nan,1.503569638570917,1.4960138902200508
36.551,22.056732553776467,7.063622161539957,-1.6117129825927299,1.0000478859061666,-0.020874457813506327,21.848442700657746,7.1354733374488015,-1.629671379189608,1.0012791954373967,-0.026455688170022473,0.031120425130365215,0.15554548156875508,0.1671417613411173,0.014188585888430643,nan,nan,nan,1.0,-1.5707963267948966,0.0,nan,nan,nan,nan,nan,1.4921621046914662,1.5080654871219816
36.6,22.05526532563517,7.023646467925211,-1.6124828099946602,1.0000432431712798,-0.018430961056891064,21.85322073049631,7.095745066205086,-1.6221458614075317,1.0011484644137723,-0.0016189679431952374,0.030481179088181452,0.15683232571422778,0.1688365640929099,0.013839567521231572,nan,nan,nan,1.0,-1.5707963267948966,0.0,nan,nan,nan,nan,nan,1.4984177709143656,1.5025991010822435
36.651,22.05297978904957,6.963685619207329,-1.6135250859592898,1.0000622797307883,-0.017401197078192827,21.887410395895596,7.033059234370757,-1.623055177044951,1.0010031507116572,-0.012094683979818045,0.030460245617514883,0.15158679345282208,0.16240169599307575,0.014137095034686012,22.265137446707296,7.0524476935646865,0.622413730340391,1.0,-1.5707963267948966,0.0,nan,nan,nan,nan,nan,1.51955137293024,1.4818002689165541
36.7,22.0514041547773,6.923713182091661,-1.6142249537406514,1.0000739758774388,-0.01741453132341139,21.885323371978203,6.9930744199139925,-1.6234232270995168,1.000920715778568,-0.02385995357493308,0.03045889837622914,0.15294780566268487,0.1641179659533472,0.014336446788298792,nan,nan,nan,1.0,-1.5707963267948966,0.0,nan,nan,nan,nan,nan,1.5085080276773446,1.493430666750551
36.883,22.05060203647518,6.903727327500432,-1.6145709109514268,1.000081233485029,-0.01725805818265858,21.885323371978203,6.9930744199139925,-1.6234232270995168,1.000920715778568,-0.02385995357493308,0.03045889837622914,0.15294780566268487,0.1641179659533472,0.014336446788298792,nan,nan,nan,1.0,-1.5707963267948966,0.0,nan,nan,nan,nan,nan,1.5085080276773446,1.493430666750551
36.900000000000006,22.04301112435965,6.7238681632196435,-1.6171667648512646,0.9998076042817594,-0.01124126588633955,21.934600438770072,6.669826427567287,-1.6275048118463389,1.0070666417773637,0.001432105091060152,0.030479819806670513,0.15231256002771237,0.16357998511385877,0.014233483808439298,22.547288753917496,5.670637405693591,6.645673989169774,1.0,-1.5707963267948966,0.0,nan,nan,nan,nan,nan,1.4840649038126925,1.4939676981488816
36.95,22.040355347858952,6.663963249801693,-1.6177912884106918,0.9991333530610256,-0.01038152736094578,21.93106974575504,6.609534619721521,-1.6284706228855705,1.0052887726530315,0.004739030541353049,0.030486996805929676,0.15430080701395257,0.1661406919967749,0.013993569989215152,nan,nan,nan,1.0,-1.5707963267948966,0.0,nan,nan,nan,nan,nan,1.5017076431421879,1.4809243231814826
37.002,22.037646918363247,6.6040896482691105,-1.6184199165617892,0.9987774648252408,-0.010511007334357605,21.927529570829577,6.54935098312024,-1.6315447502651135,1.0038735360652837,-0.04491698012358325,0.030482557259725703,0.15630594404710887,0.1686823902633522,0.014294151005944767,nan,nan,nan,1.0,-1.5707963267948966,0.0,nan,nan,nan,nan,nan,1.5038279096531761,1.4838732254108393
37.050000000000004,22.03581523272246,6.564183048288764,-1.6188064598340541,0.9986655184325125,-0.008963374877448,21.970110322775096,6.527652065772358,-1.625229513378803,1.0017363516805546,0.01242250250889903,0.02996937600933939,0.15041376631538586,0.16140859472059363,0.013942072993684546,22.37080898939009,6.708248941273245,0.8165278281970525,1.0,-1.5707963267948966,0.0,nan,nan,nan,nan,nan,1.488131287071664,1.502278874166824
37.1,22.03396420657182,6.5242793066515645,-1.619147518720408,0.9986822731708397,-0.00880962293452387,21.967920580228192,6.487645256391747,-1.6253921608903101,1.0014691763889625,0.012263399742063684,0.029969609196482,0.15178429550881992,0.16312593747527024,0.014143308241271949,nan,nan,nan,1.0,-1.5707963267948966,0.0,nan,nan,nan,nan,nan,1.5163693779220035,1.4816865091674702
37.151,22.0311516012713,6.464418228457098,-1.6197281673977038,0.9988372100899374,-0.010216920690289,21.960610083970664,6.427687861900192,-1.6303067732585925,1.0011462187860145,-0.0066690487454847715,0.030335512379748564,0.1537791192260004,0.16568985744451933,0.013898702361291279,nan,nan,nan,1.0,-1.5707963267948966,0.0,nan,nan,nan,nan,nan,1.5161528199051957,1.4826311342396061
37.2,22.02829889288633,6.404549649532568,-1.6203315854570384,0.998995855134495,-0.009488040528380468,21.958231658689616,6.387714277014208,-1.6297932278242617,1.0009944790495031,0.01085996696648415,0.030337813088814763,0.15512196217111174,0.16738943090606082,0.014247949511350009,nan,nan,nan,1.0,-1.5707963267948966,0.0,nan,nan,nan,nan,nan,1.5013661506602063,1.4983293653541387
37.25,22.02637592220485,6.364632785536749,-1.6207042289385456,0.9991046719031811,-0.009305999905570794,21.95405175578082,6.3277714803625535,-1.6300901281054396,1.0008118522433063,0.014353370314042243,0.030395679285207616,0.15707410861494395,0.16992206284821892,0.013938401855655652,22.408486520454264,5.704159137661101,2.1463374036296727,1.0,-1.5707963267948966,0.0,nan,nan,nan,nan,nan,1.509055838219872,1.4910451730515322
37.301,22.023460091922132,6.304751442686088,-1.6212630543181972,0.9992535373316626,-0.00933361335568118,21.99250721719971,6.22306765707528,-1.6302248876734868,1.0046054230999346,-0.015676007930344314,0.030368892337580312,0.15122886882152817,0.16260351122998706,0.01413507772961489,nan,nan,nan,1.0,-1.5707963267948966,0.0,nan,nan,nan,nan,nan,1.4916484987171295,1.4973488166358182
37.35,22.021496848729264,6.264831981918414,-1.6216117998592092,0.9991054430912063,-0.008212222068231861,21.983955085679295,6.163014665977982,-1.6366106258756616,1.0034920290109703,-0.01605693884684902,0.030829509008522254,0.15323141526320025,0.1651695478641247,0.01388076214217988,nan,nan,nan,1.0,-1.5707963267948966,0.0,nan,nan,nan,nan,nan,1.4916484987171295,1.4973488166358182
37.402,22.018525169498695,6.204965749040549,-1.6220114216170636,0.9989284669386815,-0.005331743177949678,21.981325317557904,6.122967811653666,-1.6365709120194416,1.0028557349750087,-0.017360514766254012,0.03082914685028106,0.15457873784071707,0.16687078149843454,0.014079387396399105,nan,nan,nan,1.0,-1.5707963267948966,0.0,nan,nan,nan,nan,nan,1.4832635531300462,1.5106654383983802
37.45,22.016527850056836,6.1650593087310614,-1.6221750414150375,0.9988853859043754,-0.0033700607601603303,21.980964075320642,6.062854796824237,-1.6325498782360417,1.002093778183126,-0.0015900412013444031,0.030510964881318384,0.15653823793133917,0.16940628222104123,0.013903678067661122,nan,nan,nan,1.0,-1.5707963267948966,0.0,nan,nan,nan,nan,nan,1.4832635531300462,1.5106654383983802
37.5,22.014518924482783,6.125154165879685,-1.6222785268026412,0.9988868462943307,-0.002401478738901967,21.9481392100575,6.051952329077188,-1.633297237727435,0.9999285231233991,-0.016316099405681787,0.03052592609550266,0.15065123807341024,0.1620191075511328,0.014100252133961324,21.64184977680404,6.323122385459679,0.6972610220270101,1.0,-1.5707963267948966,0.0,nan,nan,nan,nan,nan,1.4963851162071502,1.499725056787768
37.550000000000004,22.011486188491588,6.065292835552032,-1.622393483060749,0.9990540345275736,0.0,21.94923468165757,5.991935943595509,-1.6272673988368285,0.9999649589076186,0.01070091014555216,0.03007781968134406,0.15266128850822958,0.16458641042746258,0.013849778464845267,nan,nan,nan,1.0,-1.5707963267948966,0.0,nan,nan,nan,nan,nan,1.4923108186451681,1.510298693372761
37.6,22.008434444628392,6.005418203097773,-1.6224813571045804,0.9992865657609193,-0.002140392188280044,21.946978443577443,5.952000352644758,-1.6267409455194417,1.0000322380620748,0.017315968494308567,0.03007900360451129,0.15401253434661874,0.1662898417538224,0.01405120566731125,nan,nan,nan,1.0,-1.5707963267948966,0.0,nan,nan,nan,nan,nan,1.5148805033310657,1.4906757089275473
37.650000000000006,22.006390303372896,5.965495059730313,-1.6225992354647085,0.9994198943069493,-0.0034407649379708622,21.943643644349194,5.8920893963359084,-1.6263128174948431,1.0001125295373114,-0.0041400753854890695,0.030077014225603885,0.15602147729106391,0.16882995899163708,0.014350595632292462,nan,nan,nan,1.0,-1.5707963267948966,0.0,nan,nan,nan,nan,nan,1.5148805033310657,1.4874180040223515
37.7,22.00331137337105,5.905602741700066,-1.6228392666055362,0.9995715515734231,-0.004125543755489403,21.937393103504053,5.852278534902111,-1.6314271151228767,1.0001490787736043,-0.03117652466004201,0.030423706888831545,0.15730319479787366,0.17051191485880562,0.013995669917973028,22.014819992223146,5.66897872058486,0.1422479533291875,1.0,-1.5707963267948966,0.0,nan,nan,nan,nan,nan,1.5065394449112572,1.4955125615395843
37.75,22.001251372288237,5.8656699693427585,-1.622968744922296,0.9996648496029202,-0.002509839193285187,21.940696777000305,5.773229575779331,-1.6301446597956881,1.0012823749209994,0.01570354848355927,0.030425555138026004,0.15210979495929275,0.1639549478170203,0.014369971648817622,nan,nan,nan,1.0,-1.5707963267948966,0.0,nan,nan,nan,nan,nan,1.487691713993966,1.5142431908093172
37.800000000000004,21.999186073453277,5.825735319900058,-1.6230479623114213,0.9996859716685756,-0.0021207858529908082,21.942461772915532,5.733102301553454,-1.625717953363331,1.0010839487419452,-0.0027832594929959316,0.030046477879952682,0.15342608916679776,0.16566044783976966,0.014151289004974726,nan,nan,nan,1.0,-1.5707963267948966,0.0,nan,nan,nan,nan,nan,1.5063386809830683,1.4921322166319795
37.85,21.996077257366288,5.765834700502765,-1.6232042524404706,0.9996731811816473,-0.0028806535210560797,21.939186074921164,5.673131882422989,-1.6244270803043774,1.0008439398796418,0.017581604051290858,0.030049561082747315,0.15544144035967383,0.16820450029181894,0.014389903141099374,nan,nan,nan,1.0,-1.5707963267948966,0.0,nan,nan,nan,nan,nan,1.505579949858172,1.4934320288569414
37.901,21.993997937291788,5.725901119578135,-1.623338091053559,0.9996873027927256,-0.003825025884659293,21.9398161828282,5.633051696004688,-1.621193619663119,1.000730582024641,0.017767071846454967,0.02980758521772379,0.1567282024445535,0.16988969770044687,0.014029541159165403,21.81334839933191,6.69311691465327,4.088394384722859,1.0,-1.5707963267948966,0.0,nan,nan,nan,nan,nan,1.5205571297407312,1.47943622303108
37.95,21.99086776654518,5.6660000422797605,-1.6236447727013374,0.9997136760182596,-0.0061233620717665764,21.925899283026286,5.68319392707995,-1.6221676951799475,0.9942071658247565,-0.01839957178198019,0.02981295513398082,0.15161515930515493,0.1634327658747436,0.014459761690213091,nan,nan,nan,1.0,-1.5707963267948966,0.0,nan,nan,nan,nan,nan,1.5205571297407312,1.47943622303108
38.0,21.988772264082257,5.626060693949926,-1.623909389528007,1.0000155564171602,-0.006544680581621515,21.926173306618935,5.643374314171256,-1.6186049703033223,0.9954330113169921,0.035310364542875276,0.029605604331734408,0.15293552057187676,0.1651427718124609,0.014026937953549359,nan,nan,nan,1.0,-1.5707963267948966,0.0,nan,nan,nan,nan,nan,1.5143024473263968,1.50555079575383
38.051,21.98561429483433,5.566119382438731,-1.624339117341495,1.0006214311227306,-0.00852236356086448,21.923316198573698,5.583684903077038,-1.6195657241856871,0.9969026546171814,-0.017313180039467614,0.0295995012285099,0.15495544712881593,0.16769461056072577,0.014325164085299076,nan,nan,nan,1.0,-1.5707963267948966,0.0,nan,nan,nan,nan,nan,1.5391668724324563,1.4772371836052143
38.1,21.982434849701214,5.506152790846781,-1.6248952835888195,1.0009515687625608,-0.009130169030754464,21.92610514890377,5.543657415421415,-1.614232670449494,0.9975974460188827,-0.0051943113002489725,0.029182880995197648,0.15624622749354722,0.16938538506522313,0.013956378032435409,nan,nan,nan,1.0,-1.5707963267948966,0.0,nan,nan,nan,nan,nan,1.514305445473305,1.497844547932939
38.150000000000006,21.980302179377407,5.46616790686164,-1.6252804812576493,1.001071762296698,-0.010057389103359373,22.00949916887813,5.462863210530533,-1.61389122073851,0.9994455382099537,-0.01477908686611419,0.02913601997672089,0.15108578795013955,0.16286274645905188,0.014332685568625464,22.885235146782783,5.317932057255536,3.508420296791109,1.0,-1.5707963267948966,0.0,nan,nan,nan,nan,nan,1.525953268601985,1.4842324782982108
38.2,21.97708048484167,5.4061885282277204,-1.6259245027624134,1.0010630915063738,-0.011095660367756064,22.007773624686514,5.422920752217724,-1.614035763788644,0.9996325359309935,-0.0035976321875371728,0.029137496438466973,0.1524518664197266,0.1645758837753208,0.014529400042749534,nan,nan,nan,1.0,-1.5707963267948966,0.0,nan,nan,nan,nan,nan,1.5196577817305414,1.4850114116859434
38.25,21.97491612049393,5.366205125751181,-1.6263889347017335,1.0010190094118725,-0.011962830801583588,22.009239597915478,5.362828000708577,-1.6107212625718277,0.9998568111821113,-0.011051579688744363,0.02877756797948159,0.15443653220448872,0.1671323868774495,0.014251103169637649,nan,nan,nan,1.0,-1.5707963267948966,0.0,nan,nan,nan,nan,nan,1.5234260418619674,1.4807005315948483
38.301,21.971641656649904,5.3062350986278375,-1.627156036829391,1.000943658818445,-0.01339068201075049,22.00764028686195,5.322864650113409,-1.6109809024775383,0.9999617778388412,-0.00784736734444438,0.028778140979215557,0.15577495651018788,0.1688263555355602,0.01458323610747676,nan,nan,nan,1.0,-1.5707963267948966,0.0,nan,nan,nan,nan,nan,1.5248837568515954,1.4785771502927616
38.35,21.969438313108668,5.266258866198788,-1.6277151081292487,1.0008894436742461,-0.014321441178022027,21.995427621993183,5.289699805658774,-1.611459898155285,0.9983214231472192,-0.02556526950124155,0.028820791197825723,0.15052798719970104,0.1622435061486698,0.014243778699805882,21.899763918709745,5.540020175089374,0.27776001945506784,1.0,-1.5707963267948966,0.0,nan,nan,nan,nan,nan,1.52541856462127,1.4777293536609553
38.400000000000006,21.96721717040882,5.226284628090473,-1.6283015172233382,1.0009057312371825,-0.014679091051165518,21.99379240728923,5.249796143975014,-1.6125281165819143,0.9987371066951095,-0.022942009961492617,0.02882075296075149,0.15189804733615753,0.16395760598775308,0.01444102807742165,nan,nan,nan,1.0,-1.5707963267948966,0.0,nan,nan,nan,nan,nan,1.5199120888438817,1.4882408223558485
38.452000000000005,21.963850152568817,5.166320746834659,-1.6291767426713297,1.0009847145720783,-0.014509653156488,21.994588838552914,5.18977843812022,-1.608947964971864,0.9992353822361645,0.005759009823263808,0.02853274278758331,0.15388984303655412,0.1665166724383452,0.01417355741408632,nan,nan,nan,1.0,-1.5707963267948966,0.0,nan,nan,nan,nan,nan,1.5185584530816898,1.4884105521396143
38.5,21.961580306751596,5.126344648592159,-1.6297713279690114,1.0010017162784919,-0.015397937412510557,21.993062179719896,5.149835653449387,-1.6088864361799944,0.9994814523982574,0.004436853208960282,0.028533591807439865,0.15523206426481603,0.1682130011142148,0.014371525627234084,nan,nan,nan,1.0,-1.5707963267948966,0.0,nan,nan,nan,nan,nan,1.5332773561525956,1.4726921480084523
38.550000000000004,21.958134279482604,5.06638291693214,-1.6307733354068907,1.0009852025342485,-0.0175893379509924,21.904618749142948,5.088246293224349,-1.6088704901313269,1.0001252837240457,-0.005043931734707942,0.02853693681187836,0.15006228766364624,0.16172706064293954,0.014092668245699805,21.021276621815847,5.098953227390036,3.4333518795646674,1.0,-1.5707963267948966,0.0,nan,nan,nan,nan,nan,1.5335098649926373,1.4712977547428252
38.601,21.954635951700826,5.006427446868489,-1.631881377668401,1.0009025924109838,-0.0189372259593279,21.903095601319905,5.048269721971164,-1.6088819315570595,1.0001816622441184,-0.0028237160138980056,0.028537575896651454,0.15143580717714766,0.1634443350175707,0.014437174104827418,nan,nan,nan,1.0,-1.5707963267948966,0.0,nan,nan,nan,nan,nan,1.528582220189705,1.4742876413821902
38.651,21.952272739408162,4.9664621322630484,-1.6326563778726961,1.000840240150506,-0.019639515494869808,21.897381448294144,4.988440230241133,-1.6135200258839435,1.0002486191782638,-0.018566535999477978,0.028840295972778787,0.15343374928088135,0.16600817307490753,0.014102997552636842,nan,nan,nan,1.0,-1.5707963267948966,0.0,nan,nan,nan,nan,nan,1.5291736069794077,1.4735180359200633
38.702000000000005,21.9486786871721,4.906521512709582,-1.6338340570848697,1.0007540210888735,-0.01917897200047481,21.895681733083176,4.948466034235712,-1.6140341496129746,1.0002796579187234,-0.03833728314289745,0.028837923197897755,0.15477931876204823,0.16770771182125654,0.014301349077200435,nan,nan,nan,1.0,-1.5707963267948966,0.0,nan,nan,nan,nan,nan,1.51559906811873,1.4868792730193918
38.75,21.946249210814894,4.866565854980395,-1.6345675054520397,1.0007015249803335,-0.017714681598294663,21.891718283360152,4.888561018383572,-1.6167016101789626,1.0003163359613212,-0.02364259000311362,0.02895462278914439,0.15673431020863862,0.17024001887742518,0.014038048605839687,21.463346533741014,4.2571989655198745,2.0960093360610212,1.0,-1.5707963267948966,0.0,nan,nan,nan,nan,nan,1.5066498449950672,1.4957213970257395
38.801,21.942554174129043,4.806639158591619,-1.6355587573739536,1.0006308492270575,-0.015793858001987942,21.850261429939895,4.762515801197683,-1.6181561257585568,1.0043043579246778,-0.033499919994219564,0.028975213626181665,0.15162102711809686,0.16372946855932255,0.014409821988975958,nan,nan,nan,1.0,-1.5707963267948966,0.0,nan,nan,nan,nan,nan,1.508916377265337,1.4940113115727982
38.85,21.94005749553068,4.76669809962596,-1.6361800074460588,1.0003260186535587,-0.015472850680753884,21.845073985805545,4.7225350348749116,-1.6221836203540576,1.003492385731962,-0.012099197102369633,0.029272138556275546,0.15294108643911167,0.1654378751194032,0.014033208216965186,nan,nan,nan,1.0,-1.5707963267948966,0.0,nan,nan,nan,nan,nan,1.508916377265337,1.480331385234288
38.900000000000006,21.936263643518448,4.706812519157178,-1.63706287693462,0.9999356467806473,-0.013900215346969145,21.841959901725133,4.662425301840307,-1.6229401832186592,1.0025741088318028,-0.0034111078854024614,0.02927163339955286,0.15496187422055377,0.16798565487392034,0.014330848780400867,nan,nan,nan,1.0,-1.5707963267948966,0.0,nan,nan,nan,nan,nan,1.4991742869593698,1.4931397021521506
38.952000000000005,21.933703281850377,4.666900802167166,-1.6375854626032111,0.9997732583490562,-0.012560739725721129,21.833989037967495,4.622636196669712,-1.630001952289297,1.0021012377124734,-0.014435749726529418,0.029782500642258694,0.15625251033057455,0.16967280584314914,0.013963912047651406,nan,nan,nan,1.0,-1.5707963267948966,0.0,nan,nan,nan,nan,nan,1.487918442113523,1.5083209369975956
39.001000000000005,21.92981888828956,4.60704486107888,-1.6382393711192564,0.9996359139480913,-0.009481700559226253,21.841587555043304,4.567142390394711,-1.6312096030058871,1.00274396300886,-0.0420360492636484,0.029772706523993643,0.1504051084650682,0.1622438345434434,0.014159023019985652,21.94498225893975,4.453597923411244,0.12548535139677286,1.0,-1.5707963267948966,0.0,nan,nan,nan,nan,nan,1.487918442113523,1.5083209369975956
39.050000000000004,21.92720302760587,4.56714790151974,-1.6385428401118503,0.9995076778527142,-0.006317599186286826,21.840862124067293,4.506969843413229,-1.6271863700224711,1.0020538990818615,-0.006030493900391912,0.029514474266362195,0.15241786541444932,0.164808941459178,0.013900167396573432,nan,nan,nan,1.0,-1.5707963267948966,0.0,nan,nan,nan,nan,nan,1.473732092822934,1.5204419122485817
39.1,21.924568231325267,4.527255951465539,-1.6387439405526205,0.9994385623709168,-0.004706965103401016,21.83860560407481,4.466954916568323,-1.6276904488508084,1.0016986587777954,-0.02279935558980676,0.029512280164768145,0.15377153034601473,0.16651062112366696,0.014100358967925351,nan,nan,nan,1.0,-1.5707963267948966,0.0,nan,nan,nan,nan,nan,1.4948709626406738,1.5012705392577443
39.150000000000006,21.92058413656943,4.467423139552109,-1.6389781531464407,0.9993964262368632,-0.0030795744580251103,21.83515167252558,4.406961531488111,-1.6282363868417578,1.0012724674650362,0.005983264706768337,0.02951555392200404,0.15578414762698672,0.16904773055203126,0.014397960342304764,nan,nan,nan,1.0,-1.5707963267948966,0.0,nan,nan,nan,nan,nan,1.4986276392132611,1.5095090667729498
39.201,21.916568828971656,4.407593066042153,-1.6391278816591794,0.9994075155618853,-0.0023976598683642246,21.8783394223283,4.284297675911827,-1.6268697609866354,1.0064279970484946,0.0005967042870936222,0.02934263384047269,0.14996344257723004,0.16171593040729074,0.014029464600078898,22.3322660685579,3.5870258735768994,3.194619273904974,1.0,-1.5707963267948966,0.0,nan,nan,nan,nan,nan,1.4986276392132611,1.4997096012234914
39.25,21.913878332322785,4.3677136030289345,-1.639219831715837,0.9991010365251197,-0.00223319711133501,21.874953120054045,4.224036995610723,-1.6270259699789615,1.0047953526750695,-0.00031425405473715635,0.029342438072084337,0.15202280149150685,0.16428545151317173,0.014408944387823367,nan,nan,nan,1.0,-1.5707963267948966,0.0,nan,nan,nan,nan,nan,1.4903485923557163,1.4922006594782362
39.300000000000004,21.909826029317742,4.3079182934341755,-1.6393411508862465,0.9987343643347579,-0.0018422956045303664,21.8733625932205,4.183886216589053,-1.6259357595692479,1.0038702972228823,0.0037848759263870626,0.02928411937182173,0.15333939445216993,0.16598994807843337,0.014045952204563233,nan,nan,nan,1.0,-1.5707963267948966,0.0,nan,nan,nan,nan,nan,1.4917978300578352,1.4954095872626392
39.351,21.907115094270626,4.268063738140379,-1.639414069063738,0.9986144448167078,-0.001840564762301019,21.87004481104174,4.1237693636737065,-1.625421388639269,1.0027614937410476,0.02490352851829284,0.029286853265268257,0.15535669520434053,0.1685315164871653,0.014343940210238158,nan,nan,nan,1.0,-1.5707963267948966,0.0,nan,nan,nan,nan,nan,1.496087926248693,1.4937011425671987
39.401,21.903036315859275,4.208288203508883,-1.6395505587702353,0.9985518900117636,-0.0028387322366651576,21.869841886612555,4.0836273605049325,-1.623500220708476,1.0022377226450252,-0.0012777867468100384,0.02911412710387735,0.15664374802280273,0.17021446675258714,0.013988885915839975,22.21115269170483,4.465145526785437,0.9454129652815343,1.0,-1.5707963267948966,0.0,nan,nan,nan,nan,nan,1.5066279862504273,1.4863494183239163
39.453,21.900309545894007,4.168438480029359,-1.6396694313973972,0.9985698326140205,-0.002946357496075253,21.897449913029924,4.06359736489398,-1.6224984109755114,0.9991975880110043,0.01800660603859587,0.029102049955418235,0.15154360667384428,0.16370416697282741,0.014283463911842067,nan,nan,nan,1.0,-1.5707963267948966,0.0,nan,nan,nan,nan,nan,1.5130416296923779,1.490555726539294
39.5,21.897576942943683,4.1285861825807535,-1.6397947251051317,0.9987165188935808,-0.0034330122072868535,21.89464963014046,4.023716967799838,-1.6233889874646497,0.9993887558326653,0.006263772307390645,0.029167078405365407,0.15286444379855726,0.16541093841046706,0.013922652695467596,nan,nan,nan,1.0,-1.5707963267948966,0.0,nan,nan,nan,nan,nan,1.5130416296923779,1.490555726539294
39.551,21.893466422738555,4.0687919878441265,-1.640030661835889,0.9990348362495614,-0.00403865334027215,21.891473915843722,3.963832852800235,-1.6241877422407847,0.9996178522703838,0.0010740064693567036,0.029166287880651922,0.1548863734844957,0.1679572986326051,0.014222556088307895,nan,nan,nan,1.0,-1.5707963267948966,0.0,nan,nan,nan,nan,nan,1.5025991109945493,1.4997871220538317
39.6,21.890718731784858,4.028920434527921,-1.6401897675517685,0.999198986540136,-0.0038671011508477028,21.8879615079336,3.923972445890025,-1.6261883677465043,0.9997257924223129,-0.013095988019826955,0.029284216231970733,0.15617771397548777,0.16964406832029566,0.013866267841025029,nan,nan,nan,1.0,-1.5707963267948966,0.0,nan,nan,nan,nan,nan,1.5025991109945493,1.4997871220538317
39.650000000000006,21.886586482553255,3.9691032813972873,-1.6403915294369888,0.999393245740098,-0.002707768135778784,21.83187797399408,3.845635771371114,-1.6262346926298303,1.001186948588333,0.022460628951433036,0.02931532082333065,0.15102807727413528,0.16307608895826312,0.014244571115184209,21.299477200672833,3.7312793308377583,1.3627884925390266,1.0,-1.5707963267948966,0.0,nan,nan,nan,nan,nan,1.4934981596970864,1.5085779632743916
39.7,21.883824994870437,3.929220396227782,-1.640485410451527,0.9994561799270316,-0.0024459035196201535,21.82965576590337,3.8056521270228423,-1.626718791095918,1.0009782626047161,-0.007544274852430198,0.029311591788398886,0.15239551289603723,0.16478511480688066,0.014442216319724649,nan,nan,nan,1.0,-1.5707963267948966,0.0,nan,nan,nan,nan,nan,1.5051527193676888,1.4924805876763125
39.75,21.87967295882138,3.869396475766901,-1.6406297330551285,0.9994544352456979,-0.0004015041191959436,21.826674814525187,3.7456734545477524,-1.6264907465718892,1.000727905205495,-0.03488933880522517,0.029278342222083226,0.15438168799940624,0.1673353684391087,0.014175157525683952,nan,nan,nan,1.0,-1.5707963267948966,0.0,nan,nan,nan,nan,nan,1.4924335702358138,1.505776881628802
39.800000000000004,21.875512111196134,3.8095725126443214,-1.6406612704864936,0.9994761220080373,0.0,21.824448035983558,3.7057075603663527,-1.6268899307819022,1.0006094047585392,-0.021988089134650723,0.02927962751916465,0.15572150792849923,0.16902527663493655,0.014373476709422807,nan,nan,nan,1.0,-1.5707963267948966,0.0,nan,nan,nan,nan,nan,1.4819164778105485,1.5170086509914564
39.85,21.872734727701204,3.769688898676715,-1.64059811128258,0.9995041029700504,0.0014545379786448371,21.81807877408513,3.707581144387824,-1.6311934190332125,0.9963579252599988,0.02929103193133248,0.029641412600617964,0.1504828616619449,0.16240649371504343,0.014110668356184351,21.82744073067208,4.255069770319373,1.2435696928777125,1.0,-1.5707963267948966,0.0,nan,nan,nan,nan,nan,1.4863602488952934,1.5128899110096514
39.900000000000006,21.869954894384303,3.7298012335052158,-1.640504211985319,0.9997147170621157,0.0022323592440806816,21.815683465514343,3.6677909552964443,-1.6310794111483493,0.9971212287611387,-0.009606370737037212,0.029636893979473514,0.15185423767599648,0.16411693905371558,0.014309628522055556,nan,nan,nan,1.0,-1.5707963267948966,0.0,nan,nan,nan,nan,nan,1.5065829505998414,1.5056037515377252
39.951,21.865782212836347,3.669947200085929,-1.6403659333208012,1.0001342094848544,0.0029300002312618837,21.810167020386174,3.608153133803384,-1.6323720097550765,0.998036574615731,0.011428484804851265,0.02980757550310861,0.15384783888018555,0.16667078443522848,0.01405931758707066,nan,nan,nan,1.0,-1.5707963267948966,0.0,nan,nan,nan,nan,nan,1.489820599967282,1.5202201302288074
40.001000000000005,21.861610836769295,3.610074250879821,-1.6401449522661913,1.0003751407408688,0.0040006627071220765,21.807706152328524,3.5683031214167853,-1.6317135287674864,0.9984689019429345,0.03277034891048261,0.0298102037559783,0.15519152805575592,0.16836394762353704,0.014258814954120316,nan,nan,nan,1.0,-1.5707963267948966,0.0,nan,nan,nan,nan,nan,1.4946638327118642,1.512729031189662
40.051,21.858831795984678,3.5701525176635585,-1.6399908179966094,1.0004791578473158,0.003631535788763437,21.740843522699016,3.5387892583138654,-1.6349962644293472,0.9972150462631056,0.010917836793359201,0.030140912627854184,0.15002858184059328,0.16185094350835763,0.013997519448843455,21.13024676703027,3.823328507004547,1.9556683288853696,1.0,-1.5707963267948966,0.0,nan,nan,nan,nan,nan,1.5032735002862605,1.5028989365365084
40.1,21.856055142250234,3.530226488784628,-1.6398434419946757,1.0006093086451662,0.004020537202934275,21.738278728855818,3.4989769562828386,-1.6351557126097684,0.9978177862630615,0.006666042742477264,0.030140144962213063,0.1514035198615743,0.16356559647130284,0.014197620606329321,nan,nan,nan,1.0,-1.5707963267948966,0.0,nan,nan,nan,nan,nan,1.4912377996216135,1.518835451927487
40.150000000000006,21.851897605295456,3.470326041532758,-1.6395462537525267,1.000798713492377,0.00565222832206435,21.735377758124923,3.4391640996391915,-1.6339092640531199,0.9985404860073105,0.004760130782647894,0.03005501452116019,0.15340335966398516,0.16612601510457062,0.013948313238602659,nan,nan,nan,1.0,-1.5707963267948966,0.0,nan,nan,nan,nan,nan,1.4881265581450434,1.5202475840910363
40.2,21.849132270154353,3.4303873289211007,-1.6392947855790565,1.000864101738356,0.006632154326732637,21.732863090900285,3.3992981773020987,-1.6342849141055353,0.9988815805989737,-0.019470655491192666,0.030051833599473634,0.1547502610047343,0.16782361256276013,0.014148917193268462,nan,nan,nan,1.0,-1.5707963267948966,0.0,nan,nan,nan,nan,nan,1.4878707397432376,1.5184082789597297
40.255,21.84499675954289,3.370476122376994,-1.6388367170193507,1.0008903081265812,0.008685003059611928,21.730831010568465,3.3393785228520487,-1.632865193555063,0.9992903742968393,-0.01636820818833149,0.029898300254490893,0.15670706309211188,0.1703533393902844,0.013905685866189267,21.487798886677034,3.6259574046504244,0.5098946012177537,1.0,-1.5707963267948966,0.0,nan,nan,nan,nan,nan,1.4792785913248878,1.5248421647647021
40.301,21.84088104374711,3.310563830610153,-1.6382365752455326,1.0008647451173305,0.010788194042878108,21.70684568992213,3.3291805727272803,-1.631744755266459,0.9977095997745837,0.01870289654809684,0.02991480255599926,0.1509128298718554,0.16296718870118995,0.014102365666176045,nan,nan,nan,1.0,-1.5707963267948966,0.0,nan,nan,nan,nan,nan,1.4792785913248878,1.5248421647647021
40.35,21.83814988439034,3.2706206384842504,-1.6378051598736472,1.0009354223446412,0.010553421467403797,21.70261329662456,3.2694489262296846,-1.6320218902810069,0.9983994991060611,-0.013300269608051068,0.02996649761556524,0.15291909105229806,0.16553134838968628,0.013851877082174311,nan,nan,nan,1.0,-1.5707963267948966,0.0,nan,nan,nan,nan,nan,1.4971113702990266,1.5118662293686007
40.400000000000006,21.834075510829923,3.210699057942868,-1.637153236349386,1.0010088032808162,0.011444237979237673,21.700169399703984,3.229583907156309,-1.631737966211417,0.9987761059570545,0.009334852682260992,0.029968961440815664,0.15426933978521296,0.16723190255293552,0.014050613769782165,nan,nan,nan,1.0,-1.5707963267948966,0.0,nan,nan,nan,nan,nan,1.4825934370224472,1.524394489695445
40.451,21.83137629093015,3.17074898808456,-1.636690986871428,1.0010172290914567,0.01149433262219056,21.69932543762238,3.169599182617454,-1.6287784116863404,0.9992274874438042,-0.0016688071939678002,0.029721470718168053,0.15623219085292928,0.16976664712611053,0.013878334271219085,nan,nan,nan,1.0,-1.5707963267948966,0.0,nan,nan,nan,nan,nan,1.4912343509204584,1.5146849499466013
40.5,21.828691536363458,3.1307982074005185,-1.6362342916082335,1.0009991041086945,0.011382170186366756,21.724472520951068,3.124946408651566,-1.628299610076142,0.9996436835481188,0.01720167634027518,0.029709141033677833,0.15038744486377018,0.16232383901277492,0.014074905166976506,22.004972822479267,3.1018238468071306,0.3510550905521471,1.0,-1.5707963267948966,0.0,nan,nan,nan,nan,nan,1.4903245489169044,1.5142792331177157
40.550000000000004,21.824693201898224,3.0708725213450965,-1.635570118709948,1.0009392307085112,0.010583092874285506,21.721629476660606,3.065027951609205,-1.6267899601983746,0.9998457485557034,0.0016035877244349424,0.029654366646081128,0.15240067760169215,0.16489032645575946,0.013827361293523903,nan,nan,nan,1.0,-1.5707963267948966,0.0,nan,nan,nan,nan,nan,1.4976880420843186,1.5056849674599515
40.602000000000004,21.820730398256366,3.0109492684432286,-1.6349647052982281,1.0008520170417161,0.009905402945815876,21.719411809698162,3.025094723150788,-1.6260246283665558,0.9999348556729047,-0.0075294873824726235,0.029653122768600125,0.1537544997130076,0.1665930532547062,0.014028861030065088,nan,nan,nan,1.0,-1.5707963267948966,0.0,nan,nan,nan,nan,nan,1.4931340720623465,1.5096404550313849
40.651,21.818108837525028,2.9710022290366243,-1.6345695689779265,1.0007886119542158,0.009912531926141032,21.71609534854398,2.9651881317154203,-1.6250542599066007,1.0000413350401534,0.04404238208453906,0.029659331855076944,0.15576720240846392,0.16913184384228225,0.014328349600051044,nan,nan,nan,1.0,-1.5707963267948966,0.0,nan,nan,nan,nan,nan,1.4902206661918287,1.5122897967666535
40.703,21.814205959312737,2.9110840586197124,-1.6340338586039942,1.000704472967875,0.007601887068394759,21.71324813931745,2.925283271840695,-1.6255242336996967,1.0000911352532331,0.023888641880408772,0.029714722146156707,0.1570505344618384,0.1708127791372284,0.013975964735428304,21.74749709098929,2.5750720255967074,0.44366792490383294,1.0,-1.5707963267948966,0.0,nan,nan,nan,nan,nan,1.5027558495693607,1.4903160335285979
40.75,21.81162252344933,2.8711401561569807,-1.6337627256938738,1.000651532680457,0.006436262354425086,21.712741035932286,2.828647810823674,-1.625913399894891,1.0022790964655928,0.004349626628287002,0.029709615031879254,0.15189309463609477,0.1642078316713117,0.014271789142380125,nan,nan,nan,1.0,-1.5707963267948966,0.0,nan,nan,nan,nan,nan,1.5027558495693607,1.499279151133467
40.801,21.807774862820256,2.811230725102341,-1.6333922704659258,1.0004125684761966,0.006255476607383674,21.708594272839417,2.788731536945673,-1.6274902109065335,1.0018757603767638,0.009210224556911168,0.029885612979669133,0.15321106687132927,0.16591176318919593,0.013926209334544463,nan,nan,nan,1.0,-1.5707963267948966,0.0,nan,nan,nan,nan,nan,1.4907419895800404,1.5046151726624286
40.85,21.80522711048346,2.7712990218864606,-1.633136934357335,1.0002541464200077,0.0064619974690196215,21.70521922475643,2.7287242165299754,-1.626846258008462,1.0013920090212198,-0.014498591899708388,0.029882893083313117,0.1552296229234567,0.16845332905118537,0.014227177286919947,nan,nan,nan,1.0,-1.5707963267948966,0.0,nan,nan,nan,nan,nan,1.4905956529372928,1.505877729552825
40.907000000000004,21.801430196033277,2.711409200931517,-1.632710042408785,1.0000971810021153,0.007775711514495988,21.73694665106614,2.6895691105130886,-1.6297929297726343,0.9995336896011255,-0.007173270866211598,0.03009929895394422,0.15006120448831523,0.16192510746024782,0.01398349612316344,22.12265285231148,2.884501379337748,0.7865843383044756,1.0,-1.5707963267948966,0.0,nan,nan,nan,nan,nan,1.4735165975272355,1.524967114308953
40.95,21.798915585251354,2.671485725606739,-1.6323577077355578,1.0000283819288014,0.009523620552098445,21.7345791496067,2.6496577315280563,-1.6292769423088145,0.9995541675359289,0.036614565926400236,0.030104291383731576,0.15143575382651187,0.16363844271519457,0.014184201448783587,nan,nan,nan,1.0,-1.5707963267948966,0.0,nan,nan,nan,nan,nan,1.4735165975272355,1.524967114308953
41.0,21.796414105201517,2.631562499458699,-1.6319659580979784,1.0000458358661892,0.009418935908085097,21.73015933657946,2.6098613395004877,-1.631042235197769,0.9996939065152753,0.00789247508585933,0.030293717279679208,0.15275807311012723,0.16534564090425516,0.013836059755926753,nan,nan,nan,1.0,-1.5707963267948966,0.0,nan,nan,nan,nan,nan,1.5014388112093402,1.5018938876748813
41.050000000000004,21.792685853131644,2.571672060309645,-1.6314280315889134,1.0001220904384989,0.009185148425052008,21.726559521112613,2.5499842266510844,-1.6300577733282309,0.9998611884041954,0.028258031663607724,0.030296297328853306,0.15478148849762893,0.16789269106938418,0.014138340928100445,nan,nan,nan,1.0,-1.5707963267948966,0.0,nan,nan,nan,nan,nan,1.4867988498657767,1.5161299367546417
41.219,21.791450005257815,2.5517072552281257,-1.6312404747181808,1.0001445536369644,0.009428487073155231,21.725376591927713,2.530022014190966,-1.629751894133351,0.9999018104025396,0.014528634021346885,0.030294784765672274,0.15545119267672425,0.1687375122683383,0.014238357694163805,21.285396951688153,2.4586779986144847,0.6971108663421614,1.0,-1.5707963267948966,0.0,nan,nan,nan,nan,nan,1.4958780055250316,1.5065558760084172
41.251000000000005,21.780483076063184,2.372008311439762,-1.629584724714563,1.0001542979148232,0.009488543582375098,21.679727623127057,2.3464176681391393,-1.6245787577587159,1.000336778561035,0.025656807368764457,0.029946159408597437,0.1542948143412921,0.16728297146989893,0.014047212736754959,nan,nan,nan,1.0,-1.5707963267948966,0.0,nan,nan,nan,nan,nan,1.4919232267565452,1.5089342202072007
41.301,21.776890882785683,2.312106646816689,-1.629054746273849,1.0001343636544857,0.00814626256400591,21.67759410214109,2.306461273427573,-1.624022137405699,1.00031843635233,-0.0058185045189032775,0.029942670239231674,0.15563508122350914,0.1689736306966711,0.01424771189101545,nan,nan,nan,1.0,-1.5707963267948966,0.0,nan,nan,nan,nan,nan,1.4891490122984734,1.499803465123593
41.35,21.774513699630607,2.2721717072389946,-1.6287270336591186,1.000124627773875,0.00833225436413609,21.603883418497045,2.162923270228638,-1.6210834711384028,1.0061424244132053,0.009906913816514512,0.029715790831130354,0.15040857469182023,0.16236386491514895,0.01400198321164625,20.86473491107769,1.4743686583573354,4.6542618333768715,1.0,-1.5707963267948966,0.0,nan,nan,nan,nan,nan,1.4891490122984734,1.511844340806438
41.401,21.770975354844058,2.2122809050667773,-1.6282436212757245,0.9996485497467456,0.007566732839672076,21.601865824878168,2.1227405901904417,-1.6199586480473174,1.0049470606008954,0.03313027146049755,0.029719093530998327,0.15178048867492652,0.1640748591704407,0.014202891381903976,nan,nan,nan,1.0,-1.5707963267948966,0.0,nan,nan,nan,nan,nan,1.4907062006102243,1.4925080670914008
41.45,21.768633344933672,2.1723715464603544,-1.6279826272144642,0.9993286215769936,0.005821650261529601,21.595241196684842,2.062753723341095,-1.6233679285105278,1.0035146004164233,0.013629258853939466,0.030042574812587416,0.1537751251919404,0.16662853121166024,0.013967108674999174,nan,nan,nan,1.0,-1.5707963267948966,0.0,nan,nan,nan,nan,nan,1.5031063359016255,1.483446670206885
41.5,21.76514395146434,2.1125237280606304,-1.6276809803622723,0.9990507293646113,0.00491089984351088,21.59314076354544,2.022675118219096,-1.623100463911695,1.0028380655169902,-0.0025663091008589507,0.030040780488649752,0.15511909509281194,0.16832108955024944,0.014168338856252261,nan,nan,nan,1.0,-1.5707963267948966,0.0,nan,nan,nan,nan,nan,1.4919899774219063,1.4986846792191995
41.552,21.762832927413452,2.0726304428429265,-1.6274732955132418,0.9989625205263504,0.005418868291651147,21.515507333250962,1.9926082321459158,-1.6259068665875498,1.0002948693322824,-0.0025887671958985574,0.030262036607270185,0.14996607096692588,0.16181321980296123,0.013916537250846565,20.774568991027092,2.2771157706899103,2.728694435031515,1.0,-1.5707963267948966,0.0,nan,nan,nan,nan,nan,1.4865952771638773,1.505967080899678
41.6,21.760533199141523,2.0327376527657726,-1.6272384680073293,0.9989998895123998,0.006222586541191592,21.513300976789154,1.952657644337877,-1.6264226041531198,1.0002622669306047,-0.013436828916375439,0.03026033283361095,0.15134110166596917,0.16352680360258978,0.01420364382764457,nan,nan,nan,1.0,-1.5707963267948966,0.0,nan,nan,nan,nan,nan,1.4859085597568706,1.514268643394194
41.652,21.75710433468903,1.9728893015245395,-1.6268086529285306,0.9991603937381536,0.007972381383323643,21.50785991075654,1.8928537482017709,-1.6272581200207186,1.0002239931905497,0.01921720707536084,0.030457574931119044,0.15334136418109223,0.16608538778484216,0.014034751294550047,nan,nan,nan,1.0,-1.5707963267948966,0.0,nan,nan,nan,nan,nan,1.4921377866722711,1.5082277318979338
41.7,21.753700573858136,1.913030848817466,-1.6263030104668124,0.9992942060994284,0.008380214709489738,21.505598813374103,1.8529089168902082,-1.6276238901728994,1.000205030805255,-0.00354665409723697,0.030454587418683957,0.15468836034347566,0.16778173287139153,0.014234537155901412,nan,nan,nan,1.0,-1.5707963267948966,0.0,nan,nan,nan,nan,nan,1.482222766965881,1.5181893872199452
41.75,21.751445730272273,1.8731202751112583,-1.625954025477012,0.9993714625584615,0.009085608621612024,21.50459664916046,1.7928586529325423,-1.6253419920134897,1.0001821173996217,-0.012424763251323362,0.030244809784180624,0.15664542866331826,0.17030969964096898,0.013980655930143322,22.231365008404726,1.765056884534915,1.9268359773962553,1.0,-1.5707963267948966,0.0,nan,nan,nan,nan,nan,1.482222766965881,1.5181893872199452
41.800000000000004,21.74920339780624,1.8332061228201515,-1.6255678394724606,0.9994401404280904,0.009987302354691448,21.56738061185057,1.7506130737133283,-1.624578848005132,1.0000910770360543,-0.010366508642124758,0.030210997968011057,0.1508593022165345,0.16292909951597842,0.014176626420607486,nan,nan,nan,1.0,-1.5707963267948966,0.0,nan,nan,nan,nan,nan,1.4818514593907277,1.5186203291420173
41.852000000000004,21.745864932005862,1.7733291548938046,-1.6249138282783526,0.9995203301768937,0.011794079360562934,21.564481031629775,1.6906759905017552,-1.624828582164865,1.000098404361502,-0.0010105412343965835,0.030178950462073795,0.15286582791813325,0.16549168640618708,0.013916837060714692,nan,nan,nan,1.0,-1.5707963267948966,0.0,nan,nan,nan,nan,nan,1.473986356081276,1.526753351262998
41.900000000000006,21.74365741400656,1.733407339715153,-1.624417799638854,0.9995786675009171,0.012465133849463345,21.562315757647408,1.6507306461513407,-1.6247762449876588,1.0001039683974988,0.011166640846605068,0.030180183820200476,0.1542161495967279,0.16719122539660594,0.01411490368502227,nan,nan,nan,1.0,-1.5707963267948966,0.0,nan,nan,nan,nan,nan,1.4867653035187434,1.5139481394285264
41.951,21.740374620240008,1.673519111157257,-1.6236802549228373,0.9996522004838384,0.012019162313193516,21.56015702631475,1.590751531181298,-1.6227960331045526,1.0001104740473696,0.01659071772879673,0.030087092806327157,0.1561791563034941,0.16972453072239402,0.013934212616816816,nan,nan,nan,1.0,-1.5707963267948966,0.0,nan,nan,nan,nan,nan,1.4914338372620564,1.5092577151573479
42.0,21.73820609268136,1.6335903048037914,-1.6232166045186984,0.999693233502045,0.011244088164729198,21.606354839029958,1.5682066417128957,-1.6218917675043387,0.9987763817274734,-0.0021571547832927697,0.030060398554300174,0.1503413702505087,0.16228732634203075,0.01413019369277545,22.096303492535704,1.7333021647374973,1.1449414848649744,1.0,-1.5707963267948966,0.0,nan,nan,nan,nan,nan,1.4963012669820537,1.5043652447853697
42.052,21.734984106089442,1.5736909484231303,-1.6225746272302588,0.9998252554569159,0.010574117697852032,21.60404537903516,1.5083105110167023,-1.6203880870427847,0.999125940384843,0.03488541689632904,0.029994839837827667,0.15235461699546968,0.1648528710329323,0.013875691398973069,nan,nan,nan,1.0,-1.5707963267948966,0.0,nan,nan,nan,nan,nan,1.4919347681106485,1.5127952015300896
42.1,21.73285686332654,1.533751209550921,-1.6221690689833466,0.9999313081499459,0.009520544259178107,21.602066953146796,1.4683923433963728,-1.6201357974138006,0.9993293468546163,0.01007841240722221,0.029992012814549558,0.15370845035952757,0.1665551759201854,0.01407663662927098,nan,nan,nan,1.0,-1.5707963267948966,0.0,nan,nan,nan,nan,nan,1.5082568721779135,1.4954681244714736
42.150000000000006,21.729853235631904,1.4754817945309409,-1.626621994585157,0.9263346246748769,-0.21278040852518224,21.599228801145987,1.4111865858371415,-1.6222529893735476,0.8706952487278159,-0.252184558202022,0.030012386863268146,0.15571790348344686,0.16909427503812038,0.014375322731241293,nan,nan,nan,0.5,3.141592653589793,0.0,nan,nan,nan,nan,nan,2.0997259359229465,-2.6215776260256103
42.2,21.727794745112348,1.4404047018993151,-1.6405168951816416,0.8526021103176136,-0.4197266792460147,21.596493743390923,1.3771175135374076,-1.6340351553712409,0.8065780698605638,-0.4353752740180733,0.030096349363585576,0.15699474789479867,0.17078085585643726,0.014017149038279757,21.08009332828029,0.9700117616387862,1.5632737727836175,0.5,3.141592653589793,0.0,nan,nan,nan,nan,nan,2.182925424032714,-2.337409582191367
42.259,21.72453672183117,1.3924508084059315,-1.6731685769810645,0.7673115902407204,-0.6172350829140916,21.546438972962054,1.2873927764816218,-1.663275414034217,0.7303808891647877,-0.6099868485937032,0.030129310466947213,0.15182988594439165,0.16420718335066123,0.014312207989907962,nan,nan,nan,0.5,3.141592653589793,0.0,nan,nan,nan,nan,nan,2.188024992755211,-2.165486517805136
42.300000000000004,21.72219851459747,1.3629954243304052,-1.6998713748869891,0.7222615337209579,-0.6922869315131261,21.545393584372984,1.2586203252416506,-1.6874470040760006,0.6909412136561616,-0.7251666435693221,0.029951412016387142,0.1531381113532059,0.16594624684698586,0.013961537261409964,nan,nan,nan,0.5,3.141592653589793,0.0,nan,nan,nan,nan,nan,2.190247809942817,-1.9506368373636533
42.35,21.71827735580757,1.3217655275324272,-1.7437808466907747,0.6673395964307929,-0.7528353645908636,21.540127816101393,1.2185044955554862,-1.7298078808366228,0.6427901660287277,-0.7375303933237543,0.029961910017056222,0.1551379326849506,0.16857254881659478,0.014261571221707655,nan,nan,nan,0.5,3.141592653589793,0.0,nan,nan,nan,nan,nan,2.1653432860540773,-1.8169603476318428
42.400000000000006,21.715291139647107,1.2959435643870227,-1.7744292240623576,0.6374837153567813,-0.7721553977206831,21.536686517426478,1.1933521360197852,-1.7591640353196347,0.6178340637519375,-0.7496927502072183,0.029887600423744175,0.1564198991357217,0.1703358515102579,0.01391691599616812,21.843359658030483,0.6418916138284309,1.4338471648198512,0.5,3.141592653589793,0.0,nan,nan,nan,nan,nan,2.165513288301804,-1.6798167152987047
42.45,21.710113134373984,1.2592499346211856,-1.8212488964645384,0.6005929238727272,-0.7844104745695366,21.55612984480274,1.1003732663723826,-1.8046666716668716,0.5903372864325016,-0.7646373470455401,0.0298673375795305,0.15133827059012686,0.16395724888874857,0.014213804483131556,nan,nan,nan,0.5,3.141592653589793,0.0,nan,nan,nan,nan,nan,2.151102415645286,-1.5964292389994128
42.5,21.703983873892373,1.2246420181599549,-1.8682554450422066,0.5712762640172858,-0.7822326265475821,21.548889350815376,1.0777326930937083,-1.837098529779332,0.5737014206362078,-0.743837696405921,0.03003632754785785,0.15266525896517935,0.16578858978743835,0.013861783140676511,nan,nan,nan,0.5,3.141592653589793,0.0,nan,nan,nan,nan,nan,2.1158573562074428,-1.4832107119248872
42.550000000000004,21.699327782859534,1.2025635476675094,-1.8993967898640882,0.5550870212674636,-0.7771246206665356,21.539444792120403,1.0451040573644883,-1.8843675266681648,0.5525039623088428,-0.7558336675436345,0.030020259553712618,0.15469671555493686,0.16855660436771291,0.014163152580529127,nan,nan,nan,0.5,3.141592653589793,0.0,nan,nan,nan,nan,nan,2.098640692473136,-1.419771521833509
42.6,21.694198431428394,1.1811894688359352,-1.930262145001189,0.5414161169367244,-0.768203538427335,21.529092567141443,1.0245451753554127,-1.920263854351358,0.5417399076877534,-0.7714707080765576,0.030354010315090052,0.1560163071131069,0.17041192200730235,0.013817166863451373,nan,nan,nan,0.5,3.141592653589793,0.0,nan,nan,nan,nan,nan,2.0534223971181293,-1.3135860496118497
42.650000000000006,21.685600675787107,1.1502953882444868,-1.9757787069667523,0.5244694365775254,-0.7516972488068937,21.518996693389763,1.055719715432092,-1.9652487463530803,0.5220301146881589,-0.7294988937750989,0.030355924706723623,0.15092979419926875,0.1639813402674882,0.01411596677269494,21.529903856569053,1.5950975563124528,1.2072757980584672,0.5,3.141592653589793,0.0,nan,nan,nan,nan,nan,2.0084256736196098,-1.2383841576344496
42.702000000000005,21.67591210537941,1.1206468205724616,-2.02024313970308,0.511701033649428,-0.7338401931472304,21.510854208963217,1.0365613196962207,-1.9952574485862309,0.5159467746965701,-0.7157482083931599,0.03034909514825041,0.15234316463783146,0.16588405995881383,0.014315463998343983,nan,nan,nan,0.5,3.141592653589793,0.0,nan,nan,nan,nan,nan,1.9867509979697986,-1.1586816087202627
42.751000000000005,21.668846580868756,1.1014908912136452,-2.0493003709567175,0.5048286656545362,-0.7220708402000875,21.49131248175546,1.0094850023733166,-2.0479268003783107,0.5081384143247886,-0.7039935319691325,0.031048482400759685,0.1544477802132803,0.1687404582843279,0.014062472208187064,nan,nan,nan,0.5,3.141592653589793,0.0,nan,nan,nan,nan,nan,1.9559645593928177,-1.110442488903344
42.800000000000004,21.661304931512326,1.082789799566872,-2.077869135322508,0.49902998829508344,-0.7084537750995861,21.481876131555442,0.9915321977951769,-2.0767738842082037,0.5041659658991564,-0.7018539149999165,0.03103824951253635,0.15588027727559103,0.170644091353825,0.014352731665299589,nan,nan,nan,0.5,3.141592653589793,0.0,nan,nan,nan,nan,nan,1.8931714824738615,-1.0246312515852827
42.851000000000006,21.64912089543957,1.0555350851320533,-2.119691196018812,0.4918670733382153,-0.6884990221582155,21.477988665524073,0.9745889128900304,-2.11902324122112,0.4975473059184704,-0.6771039741000074,0.030949316933711214,0.15079098738161545,0.1640586396500563,0.014091861442598953,21.585581818311923,1.058119353735083,0.07154214470158822,0.5,3.141592653589793,0.0,nan,nan,nan,nan,nan,1.813126475171333,-0.912898582654681
42.902,21.635923002556705,1.0291834149999155,-2.1603350207594447,0.4863861506089515,-0.6688336464010496,21.46751434454238,0.9576942526489691,-2.145424109016053,0.4951931998848038,-0.6414640485067671,0.030951951464444922,0.15230522718919604,0.16597772403878622,0.014431511469613544,nan,nan,nan,0.5,3.141592653589793,0.0,nan,nan,nan,nan,nan,1.813126475171333,-0.912898582654681
42.951,21.626577966324433,1.012088034057687,-2.18680777110906,0.48345782938420107,-0.6571911853503852,21.44884461373966,0.9334447018376675,-2.19057273465661,0.49217298920204255,-0.658409654577444,0.031199834777123972,0.15458423142576647,0.1688396430252141,0.014124131971679894,nan,nan,nan,0.5,3.141592653589793,0.0,nan,nan,nan,nan,nan,1.791432472769609,-0.8839019221461972
43.001000000000005,21.611771245219494,0.9871253442830186,-2.2255759984198074,0.47993917336293074,-0.6370814046938685,21.437317522693583,0.9175046299150196,-2.2160359556606934,0.4906532606002356,-0.6272845783282193,0.03120072425690193,0.15613980792647256,0.17073389271736344,0.01432268171692032,nan,nan,nan,0.5,3.141592653589793,0.0,nan,nan,nan,nan,nan,1.7216572831745927,-0.8046747499629995
43.050000000000004,21.601392777644467,0.9709234762181663,-2.250768393405803,0.47804682378246166,-0.624966861936078,21.408500964540913,0.8718777420165953,-2.253864815065212,0.49211758904831987,-0.6038972749778532,0.031196004129519134,0.15118784244072866,0.1640948270901443,0.014052293319648659,21.315907912508823,0.696884960649975,0.19309464903970563,0.5,3.141592653589793,0.0,nan,nan,nan,nan,nan,1.698425743555863,-0.7764166875688607
43.101000000000006,21.58509926431122,0.9472698939463872,-2.2876849816615517,0.475510666555009,-0.6075193918204355,21.395996950506834,0.8566971752144125,-2.2785474353893194,0.49062824938572486,-0.6025702586994207,0.03118893421006931,0.15283534623521425,0.16598022451277056,0.014340595352528164,nan,nan,nan,0.5,3.141592653589793,0.0,nan,nan,nan,nan,nan,1.6150131226753592,-0.6920663249665269
43.151,21.573775556503307,0.9319304681640136,-2.311703535440732,0.47409439442336243,-0.5957112432150506,21.378323578891553,0.8341631899535219,-2.3120924336774418,0.48873665710517783,-0.56072161862602,0.03095370771120623,0.15532649326790107,0.16877785180699548,0.014072362275669369,nan,nan,nan,0.5,3.141592653589793,0.0,nan,nan,nan,nan,nan,1.5845540532657256,-0.6553693115705113
43.2,21.556124906668874,0.9095500572778051,-2.3469012964074007,0.47248893196459213,-0.5797259982221926,21.36504678773422,0.8198304692087028,-2.3358696457153028,0.4877869645850212,-0.5661987842299373,0.030945442881691813,0.15702476219680944,0.1706200736841216,0.014271015289119717,nan,nan,nan,0.5,3.141592653589793,0.0,nan,nan,nan,nan,nan,1.5845540532657256,-0.6553693115705113
43.25,21.543929758533167,0.8950415021255917,-2.3698384660337113,0.47167940587823,-0.5689985407502351,21.392039591684814,0.8271971089653559,-2.368912037391457,0.47917656393285807,-0.5460668724974223,0.030693875326698386,0.1521358964745402,0.16390190633078108,0.014006933970235584,21.836184358041344,1.0462995237304018,1.049711183512898,0.5,3.141592653589793,0.0,nan,nan,nan,nan,nan,1.5484272336329779,-0.6157827626065446
43.302,21.531401329030878,0.8808548454430496,-2.3923493282909676,0.47134604753253306,-0.5580809423575993,21.378239164050505,0.8138890894119267,-2.3907886857292744,0.4797147497691662,-0.5336819145785402,0.030691772357370823,0.1539234541225972,0.16572198286408238,0.01429485345136011,nan,nan,nan,0.5,3.141592653589793,0.0,nan,nan,nan,nan,nan,1.4921914608538098,-0.5332749110649129
43.35,21.51198612650237,0.8601487377446477,-2.425297280661961,0.47142524899508775,-0.542359471997182,21.356334446988324,0.7947020540050974,-2.4254854851369165,0.4804279233323748,-0.5408414801604995,0.030778382934342537,0.15663341030197242,0.16841030780134236,0.01401871864380495,nan,nan,nan,0.5,3.141592653589793,0.0,nan,nan,nan,nan,nan,1.4921914608538098,-0.5332749110649129
43.401,21.49186115201999,0.8401313394421618,-2.4572738052362375,0.47153522895771866,-0.5253842550441827,21.34176844742348,0.7821624689750057,-2.447150765155697,0.48082813352969317,-0.5260205488626879,0.030774881600953246,0.15847736286402708,0.17017333199141477,0.014217535713624779,nan,nan,nan,0.5,3.141592653589793,0.0,nan,nan,nan,nan,nan,1.4367019770814402,-0.47894634414878756
43.45,21.478071873399035,0.82716894039952,-2.478019035481565,0.4716378409068976,-0.5143438057102928,21.322482625812825,0.7627044858912606,-2.473527563017682,0.48138490088702385,-0.5210587787305,0.030285716286647984,0.16126799595791033,0.17276991516518556,0.013951113244095606,nan,nan,nan,0.5,3.141592653589793,0.0,nan,nan,nan,nan,nan,1.4100114109381745,-0.45249781527396177
43.501000000000005,21.456858407181148,0.808298738344951,-2.508342700999204,0.47182496539899094,-0.4985908179084852,21.40586409959672,0.8373278237010346,-2.493610436952164,0.46141458341380825,-0.5016157142562825,0.03027065173752753,0.15518901712905625,0.16481922755490186,0.01414905338681971,22.281814204970303,1.4813155196659225,5.209765062350894,0.5,3.141592653589793,0.0,nan,nan,nan,nan,nan,1.3806341751523443,-0.41528710009203057
43.553000000000004,21.442356814012953,0.7960857734126945,-2.528050194684444,0.47323199025552176,-0.48886074513663036,21.38448438942436,0.8203522396194054,-2.521225613525827,0.46635657140720993,-0.47689325729495946,0.03010610097547784,0.15809631715509134,0.1673781261566708,0.01396584332569442,nan,nan,nan,0.5,3.141592653589793,0.0,nan,nan,nan,nan,nan,1.342528496801096,-0.33705801755483555
43.6,21.42755337376745,0.7841421999890539,-2.5473823663938435,0.4746764003258436,-0.47936119502352426,21.36923576238288,0.8095616023167735,-2.5401669920682632,0.46901106246149366,-0.4736882263585365,0.030102625088770738,0.16006808712152157,0.16905680654566138,0.014164934161918396,nan,nan,nan,0.5,3.141592653589793,0.0,nan,nan,nan,nan,nan,1.342528496801096,-0.33705801755483555
43.650000000000006,21.404828271362877,0.766750271667101,-2.5756532304655657,0.4762873430062616,-0.4644081492792281,21.345823865213294,0.7938194209485585,-2.567369753478127,0.472371622139164,-0.4338418899997181,0.03010610403258369,0.1630625873908961,0.17152833898582207,0.014460839209699382,nan,nan,nan,0.5,3.141592653589793,0.0,nan,nan,nan,nan,nan,1.2945744735723639,-0.29934111521742823
43.701,21.381532317435727,0.7500008913597639,-2.6030516148149916,0.4774734321459805,-0.4513605522079242,21.369575064179806,0.8277754036166585,-2.598016384746575,0.464069913666453,-0.426528130886263,0.030419164525723765,0.15767926225104628,0.16433285416305396,0.014189280010912861,21.788649960663992,1.1890053366389748,1.3340536161817456,0.5,3.141592653589793,0.0,nan,nan,nan,nan,nan,1.2829443537367662,-0.29265083459845675
43.752,21.36570800081969,0.7391968262749884,-2.6208898305971493,0.4780942768070034,-0.4422557576029328,21.35362531416549,0.8182337551795966,-2.615486262253866,0.46639875483789106,-0.4172494630881675,0.03041732071510824,0.15974464036580227,0.16594843096793935,0.014386932576985706,nan,nan,nan,0.5,3.141592653589793,0.0,nan,nan,nan,nan,nan,1.2452029324819718,-0.25905535368856847
43.800000000000004,21.34154502758749,0.7235250160084414,-2.6469601783444774,0.47964991089133846,-0.42862340640127794,21.336638259154046,0.8093998089772312,-2.635348429438525,0.4691858260799306,-0.4335342281117641,0.03056146772725587,0.16182162150475166,0.16753602382628952,0.014023630663023905,nan,nan,nan,0.5,3.141592653589793,0.0,nan,nan,nan,nan,nan,1.2278512966420003,-0.2166683068952484
43.85,21.325154170885845,0.7134228962867571,-2.6638512269252614,0.48065872255464476,-0.41827711248061383,21.311842846406915,0.7959135237147408,-2.6606298378169724,0.4728289327962742,-0.43739578590448147,0.030555041979205638,0.16498176093485706,0.16987568091131425,0.014408109546451303,nan,nan,nan,0.5,3.141592653589793,0.0,nan,nan,nan,nan,nan,1.1881338873405132,-0.18377140262387648
43.900000000000006,21.3085549925152,0.7035989399284677,-2.680338006276478,0.4814637662359319,-0.4077875028757883,21.29345976090568,0.7882773171635655,-2.681452078304348,0.4747206104215907,-0.4208938376786136,0.03085994652616025,0.16710052090620306,0.17139822279083594,0.014044699297150728,20.557399974409936,0.6818529903876663,1.9831319541238348,0.5,3.141592653589793,0.0,nan,nan,nan,nan,nan,1.1438817682613331,-0.14909005033354095
43.952000000000005,21.28330038812541,0.6893872257302771,-2.704275291138108,0.48237102352013644,-0.3924209384223338,21.192090883602887,0.7559417160284584,-2.704899794183289,0.48825524196099024,-0.38700054481009993,0.030872914647066093,0.16160425499720152,0.16433447764598014,0.01434076571600072,nan,nan,nan,0.5,3.141592653589793,0.0,nan,nan,nan,nan,nan,1.1170436551221037,-0.12666300059134045
44.0,21.26625163894859,0.6802633294295137,-2.719742849481186,0.48237015142117706,-0.3828981412046676,21.175115166509986,0.7471809443643348,-2.718604158363688,0.4878925198767845,-0.39010155955927706,0.03070154527892785,0.16377107783557987,0.165841952183863,0.013972451279524557,nan,nan,nan,0.5,3.141592653589793,0.0,nan,nan,nan,nan,nan,1.0754210700929736,-0.12505707227845853
44.050000000000004,21.240431406787938,0.6671228802585119,-2.742249644960296,0.4817546584144773,-0.36932926840218216,21.148336835504477,0.7353818509924478,-2.7418625193423,0.48742559551024256,-0.36559583382070654,0.030699548918190656,0.16705113207060787,0.16806480049975756,0.014270764465796539,nan,nan,nan,0.5,3.141592653589793,0.0,nan,nan,nan,nan,nan,1.054470888052094,-0.10241334997880097
44.1,21.223061883699888,0.6587193487742363,-2.756814613289068,0.4814622609143685,-0.3605511193333739,21.129868304319896,0.7282639259807251,-2.7570752407376773,0.48720322901777474,-0.3553566890242576,0.030808905180716235,0.16924249550796966,0.169513233447741,0.013910982968354881,nan,nan,nan,0.5,3.141592653589793,0.0,nan,nan,nan,nan,nan,1.0304003835416604,-0.0763133521442535
44.150000000000006,21.19678585248371,0.6466323561807258,-2.778013196283505,0.48115255321810596,-0.34796999292524633,21.161894323744622,0.7921974264295131,-2.7793300980778657,0.47357031123601084,-0.3495875296555168,0.03080692954400368,0.16332923570592833,0.16248488112798964,0.014209166512164828,21.608102836806374,1.3854376687389456,2.385253114110965,0.5,3.141592653589793,0.0,nan,nan,nan,nan,nan,1.0123304283804315,-0.056936458956509894
44.2,21.179114173324457,0.6389143055934252,-2.7917235604421102,0.48167537796406,-0.3390894432745398,21.144140832107976,0.7855361496923986,-2.7930410381941257,0.4754946333215027,-0.3395277203293913,0.030805225455625806,0.16555725159739404,0.16393110492212434,0.014406915822448496,nan,nan,nan,0.5,3.141592653589793,0.0,nan,nan,nan,nan,nan,1.0023659250093908,-0.004751717801978084
44.25,21.152341681052626,0.6278026611995708,-2.8116358643600092,0.48288735585153997,-0.32663541500261023,21.117843702680457,0.7753297802000493,-2.811941075508932,0.4779398427319381,-0.335134533326996,0.030642546974021703,0.16891101672261064,0.1660585522899769,0.014143968130936534,nan,nan,nan,0.5,3.141592653589793,0.0,nan,nan,nan,nan,nan,0.9814693310974225,0.008796154027282066
44.300000000000004,21.134334129275892,0.6207010654090926,-2.8245004896345205,0.4834855375842973,-0.31818197027721634,21.09972535212363,0.7691906939502193,-2.825317955609813,0.47926483090241273,-0.3437995874076637,0.03063708271694883,0.17115882236750407,0.16745433038070015,0.014342349288751206,nan,nan,nan,0.5,3.141592653589793,0.0,nan,nan,nan,nan,nan,0.9538175390345458,0.03297043145355799
44.351000000000006,21.107110755280065,0.6104961973514046,-2.843149328648406,0.48421666723326534,-0.30525621331892266,21.094419883851305,0.7760104978118313,-2.8457076608164154,0.4767434951614626,-0.3004986242738579,0.0307369484996998,0.1648300220211696,0.16052152512889922,0.014086506688779752,21.275668069333523,0.8881816179982995,0.18843610563435706,0.5,3.141592653589793,0.0,nan,nan,nan,nan,nan,0.9288170942226834,0.05503267020887587
44.404,21.079648645564742,0.6008227525981601,-2.8610517198434637,0.48507433149780077,-0.2935362061961381,21.06814038588155,0.7664554758182044,-2.8601752557067237,0.47906366072619,-0.29607201470034883,0.030387290930479274,0.16822812372320556,0.16260850234311056,0.013836863904217313,nan,nan,nan,0.5,3.141592653589793,0.0,nan,nan,nan,nan,nan,0.9199163378986911,0.0726602589976455
44.45,21.061211459801125,0.5946623443261896,-2.872629502060879,0.4856194709975978,-0.2870072479689311,21.049703886300662,0.7611837810004098,-2.872131706420889,0.48036095252425665,-0.29235864129085093,0.03038487684400431,0.17050358711851302,0.16398141944715913,0.014037802230867851,nan,nan,nan,0.5,3.141592653589793,0.0,nan,nan,nan,nan,nan,0.9128420347371704,0.07613566571219282
44.5,21.04268094660256,0.5887316241946785,-2.8839425294047554,0.4860216351462806,-0.279755850123966,21.031155126063314,0.7561234386156124,-2.8823409449597306,0.4814295266546015,-0.22294104276630478,0.0303954918233995,0.17278319956890326,0.16533651491215945,0.0142372586127789,nan,nan,nan,0.5,3.141592653589793,0.0,nan,nan,nan,nan,nan,0.8791434349432028,0.1046475064691722
44.550000000000004,21.01472998523525,0.5802544307635968,-2.9003937914673736,0.48649844853314506,-0.2710058890236074,21.03521034074005,0.7400943783107881,-2.897170854467059,0.4784116058889686,-0.2486811607695359,0.030323529786955565,0.16624392040291316,0.15867557617672973,0.013981678356604016,21.31754670045183,0.6285959173277493,0.3886909933039639,0.5,3.141592653589793,0.0,nan,nan,nan,nan,nan,0.8904580171828764,0.09105572550573404
44.6,20.986601379227075,0.5722725273177549,-2.9163568628182572,0.48718796345417353,-0.26188527347460966,21.016617826732155,0.7355079570325663,-2.9084610780723295,0.4798253855260837,-0.27890306081734084,0.030315152344260996,0.16853311296450096,0.16004451184414561,0.014181686320118184,nan,nan,nan,0.5,3.141592653589793,0.0,nan,nan,nan,nan,nan,0.8629836967218159,0.12866322796924473
44.650000000000006,20.967752199108368,0.5672145836939515,-2.9266382472269554,0.48762361941548493,-0.2539180485371569,20.990552335533618,0.726023955949534,-2.9154176756067214,0.48170714328888803,-0.2578801914805388,0.0296345228237754,0.1719720499566072,0.16206466353782797,0.013933994218662303,nan,nan,nan,0.5,3.141592653589793,0.0,nan,nan,nan,nan,nan,0.832343297200964,0.15607101930244704
44.702000000000005,20.939352075192485,0.5600111861623165,-2.9415158216291277,0.4880919416385442,-0.24405863469834857,20.971754811372822,0.7217462281408971,-2.925237359574545,0.48267266438194584,-0.24290970698823436,0.02963496478269742,0.1742686775161762,0.16339655424583824,0.014134480736470558,nan,nan,nan,0.5,3.141592653589793,0.0,nan,nan,nan,nan,nan,0.8279522334076677,0.15573145264288618
44.75,20.920343951158863,0.5554615492792481,-2.9511390406687386,0.488320570582785,-0.23842840663305256,20.942626788513113,0.7169209308736131,-2.943363957251484,0.48392397519195457,-0.26263332673064876,0.029902652435734478,0.17771114160955365,0.165357838805422,0.013892666709475924,21.002611832303792,1.1190582454761033,0.5936996709393844,0.5,3.141592653589793,0.0,nan,nan,nan,nan,nan,0.8181958030037194,0.16345768654856363
44.800000000000004,20.901282423993617,0.5511099265500411,-2.9605174879911558,0.48848466967971876,-0.23144800594799922,20.935186817543464,0.7534652143729461,-2.9528729623665524,0.4814353528401223,-0.2362478140897527,0.02991204054054859,0.1696329753517775,0.15822217450763718,0.014092636449130301,nan,nan,nan,0.5,3.141592653589793,0.0,nan,nan,nan,nan,nan,0.7816413929965322,0.1970619653661268
44.85,20.872597916196458,0.5449407570905129,-2.974030204004878,0.4888579136798463,-0.22106129081122297,20.9069635348146,0.7478025936448671,-2.964621640121999,0.48291740283950524,-0.20906701736494057,0.029835259204769513,0.1730847164592934,0.16021301389160292,0.01384298997859542,nan,nan,nan,0.5,3.141592653589793,0.0,nan,nan,nan,nan,nan,0.7821291400870356,0.20496831768911428
44.900000000000006,20.85341147176141,0.5410597284859766,-2.982730691689003,0.48914843044160533,-0.21534792257257776,20.88793347971861,0.7444372754941484,-2.9730176432274122,0.4837880263944366,-0.21380382850900245,0.0298329451039137,0.17538884076108052,0.16152651454926187,0.014044389680861856,nan,nan,nan,0.5,3.141592653589793,0.0,nan,nan,nan,nan,nan,0.7735824320737276,0.20992300556229815
44.951,20.82454966774284,0.5355768502484246,-2.9953607210727804,0.4894453991512905,-0.20686314015366464,20.85921821874766,0.7398009387798642,-2.9865161777453966,0.48492664806666785,-0.19259517965179945,0.029855072025639893,0.17884100268335548,0.1634634237089215,0.013797855955986513,nan,nan,nan,0.5,3.141592653589793,0.0,nan,nan,nan,nan,nan,0.7581930669657266,0.22351109868578334
45.0,20.805260265226476,0.5321413153762498,-3.003499215881555,0.48958127421740877,-0.20127426069444437,20.843117958965184,0.7280173206810822,-2.9950439538533535,0.485310291179446,-0.211526660063581,0.029847698542726096,0.17040266814146918,0.15647985263933847,0.014083974214155436,20.88550807843421,0.6433819587846483,0.03739585237562771,0.5,3.141592653589793,0.0,nan,nan,nan,nan,nan,0.7450976260216158,0.23394434220986698
45.050000000000004,20.776264288336012,0.5273075276097186,-3.015279327314864,0.4897300240601862,-0.1924049223169366,20.815322930005994,0.7216453522681117,-3.0016542015942336,0.48616913000096884,-0.20233544851720767,0.029355898064502433,0.1738521685603188,0.15845537516859717,0.013834919214047251,nan,nan,nan,0.5,3.141592653589793,0.0,nan,nan,nan,nan,nan,0.7245251477463136,0.25410037658786233
45.1,20.75689663146177,0.5242912220131991,-3.0228270501128347,0.48979711369070394,-0.1864603860763079,20.796056238149706,0.7189709985489305,-3.009457224580845,0.486623913825175,-0.18448566526574234,0.029356620546808498,0.1761535074201958,0.15976079106999916,0.014036041105975314,nan,nan,nan,0.5,3.141592653589793,0.0,nan,nan,nan,nan,nan,0.7173437742712363,0.2593967770983226
45.151,20.72779761669018,0.520066478809955,-3.0337437004249597,0.4898587495625212,-0.1788482240974017,20.767086587861886,0.7152362432856089,-3.021626733269324,0.4872251732431436,-0.19434622971637783,0.029351481712768142,0.1796023000455221,0.16169489286098745,0.014334957344406134,nan,nan,nan,0.5,3.141592653589793,0.0,nan,nan,nan,nan,nan,0.7124313795099649,0.2636136246957168
45.201,20.69864878588527,0.5161893215901199,-3.0441848021028974,0.48988692802864736,-0.17029783315638183,20.747135155979613,0.7143830304834133,-3.0312475990354955,0.487543335201553,-0.1353926803757451,0.02964790819894056,0.18189599088254507,0.16295950332917367,0.013981467781134791,19.73719358399014,0.3214604636960476,4.130080646293452,0.5,3.141592653589793,0.0,nan,nan,nan,nan,nan,0.6896503722389621,0.2852295950506566
45.251000000000005,20.679192316031422,0.5137901709378003,-3.050888755535034,0.4898983730778651,-0.16617973090276483,20.595006158369632,0.6633582552273436,-3.0419880826977517,0.506155434488759,-0.14052989250809453,0.029642629951147897,0.17429143840716754,0.1568235398470584,0.014280221468547573,nan,nan,nan,0.5,3.141592653589793,0.0,nan,nan,nan,nan,nan,0.6523970218689515,0.2660072231993055
45.300000000000004,20.65001940549003,0.5104625666055718,-3.060631447773638,0.4883491576804295,-0.15942599719449432,20.575075209163696,0.6608634413468588,-3.048021714619444,0.5036099572022338,-0.1827790597335163,0.02952800888799814,0.17657971230368094,0.1581182533970031,0.013933322417794429,nan,nan,nan,0.5,3.141592653589793,0.0,nan,nan,nan,nan,nan,0.6523970218689515,0.2660072231993055
45.35,20.630613980494815,0.5084248043380508,-3.0668593400512383,0.48723059393144846,-0.1532133587684927,20.545050874775953,0.6581380575264977,-3.0565481690308802,0.5003368162290842,-0.1288290052652186,0.02953456636488718,0.18000649232221602,0.1600484941231356,0.014233715950538607,nan,nan,nan,0.5,3.141592653589793,0.0,nan,nan,nan,nan,nan,0.6438665053201409,0.2917962558555745
45.400000000000006,20.611233497384255,0.5065238424929036,-3.072854647653993,0.48639178732602567,-0.14817548520663468,20.525288652438327,0.6559809599941863,-3.0613041196365254,0.498675562061499,-0.1424202671514374,0.029436577105306144,0.18228299759537644,0.1613126499320168,0.013892393602224036,20.400852513913282,0.7746281241553901,0.10672886703697612,0.5,3.141592653589793,0.0,nan,nan,nan,nan,nan,0.6438665053201409,0.2917962558555745
45.45,20.58219040620733,0.5039187744979328,-3.0815240037433664,0.4855061324819176,-0.14163472270772492,20.481853170552988,0.6637286014625674,-3.069579423425115,0.49830736578847656,-0.13461761509320325,0.029439323044652455,0.17460519672493444,0.15542611836070383,0.014328725806065895,nan,nan,nan,0.5,3.141592653589793,0.0,nan,nan,nan,nan,nan,0.6338210668570261,0.3068916787183701
45.5,20.562840646322403,0.5023390867941239,-3.0870786660903677,0.4850444028694196,-0.13709625130765285,20.46155150239944,0.6637491151335659,-3.0787436216770834,0.49694588481873775,-0.12665663348039025,0.02973002008635724,0.1768791065350768,0.15672144347683253,0.013910682247528495,nan,nan,nan,0.5,3.141592653589793,0.0,nan,nan,nan,nan,nan,0.6251237822622563,0.31677818384278333
45.550000000000004,20.53382904709559,0.5001946339244846,-3.0950664099262837,0.48452306508360926,-0.13016998186532214,20.431825180229772,0.661966594881271,-3.0882361528446984,0.49521949807898114,-0.15397345021286257,0.029723092543581495,0.18028691957929677,0.15865374745012997,0.014294029785912153,nan,nan,nan,0.5,3.141592653589793,0.0,nan,nan,nan,nan,nan,0.6166804518635667,0.3294586629097524
45.601000000000006,20.504821726014022,0.49830746365730155,-3.1025847895872185,0.48428216615633246,-0.1213974739345662,20.41177802360861,0.6619331417730179,-3.0959026374863834,0.4943441783653029,-0.1388859315266808,0.02991725884649256,0.18255319945104895,0.15991898817985606,0.01393168850429257,nan,nan,nan,0.5,3.141592653589793,0.0,nan,nan,nan,nan,nan,0.5942240210768163,0.35733327901182366
45.651,20.48548001218681,0.4971846662865961,-3.1072949401318173,0.48423595307770756,-0.11561098424080973,20.349474601699082,0.609342084462256,-3.1025002120166,0.49829549623369906,-0.11897793404149745,0.02990807985383295,0.17463146383372374,0.1541269684702693,0.014230103621510856,20.16317025097762,0.13213315887519955,1.2091842902862786,0.5,3.141592653589793,0.0,nan,nan,nan,nan,nan,0.5902136767001483,0.3642523736112611
45.7,20.456467290475945,0.4956940129095657,-3.1139687428569776,0.4838983669850765,-0.10832099716321093,20.32957060514789,0.6085864519975045,-3.106787033358471,0.4969661202190451,-0.09996210104770177,0.029909682104625506,0.17689427403901262,0.15543427966853837,0.014427911576232393,nan,nan,nan,0.5,3.141592653589793,0.0,nan,nan,nan,nan,nan,0.5823961496904576,0.3603011722040784
45.753,20.43713233993367,0.4948253330776187,-3.1182041364374196,0.48370391426265574,-0.10451231027634755,20.29993509858433,0.6070524584967278,-3.112496977089459,0.4952680428699139,-0.1320802412116394,0.029797136095347978,0.18028581818811273,0.15736528123295607,0.014162680339651134,nan,nan,nan,0.5,3.141592653589793,0.0,nan,nan,nan,nan,nan,0.5856421618916762,0.3611949820358694
45.800000000000004,20.408132816739435,0.4936999485472427,-3.124261824561679,0.4835830678391136,-0.09788825669654079,20.280140628033312,0.6064975681100698,-3.1161147811404932,0.4944101433116792,-0.08464046154929027,0.029802949068813357,0.1825432612719473,0.1586448564384189,0.014361114641898098,nan,nan,nan,0.5,3.141592653589793,0.0,nan,nan,nan,nan,nan,0.5668954051815682,0.38527256864987547
45.852000000000004,20.388795364485535,0.4930618806831419,-3.128092704821436,0.48364583348121953,-0.09471806895655367,20.245704156261883,0.585877997232271,-3.1235772140485416,0.49406192553116607,-0.0738346966840084,0.029900609323359202,0.17442578821792437,0.15292546536919857,0.014103302250911805,20.233464596955066,0.3874756379986893,0.1764130688196636,0.5,3.141592653589793,0.0,nan,nan,nan,nan,nan,0.5756706418410463,0.38069208056449855
45.902,20.35977980057317,0.4922656833256503,-3.1336284145058273,0.4837593087201433,-0.09042751122364358,20.225951786324213,0.5855323309753283,-3.1277689227574506,0.49340236096327095,-0.1295695041436899,0.029892369981919468,0.17667770932014834,0.1542395871772322,0.014302310852587449,nan,nan,nan,0.5,3.141592653589793,0.0,nan,nan,nan,nan,nan,0.5756706418410463,0.38069208056449855
45.951,20.34042874097364,0.4918368193118324,-3.1371320927370654,0.4838850786414367,-0.08551753010246725,20.19652343289614,0.5843327739063124,-3.1307552061755524,0.4925688001511347,-0.07283543714089576,0.02973969955029192,0.18005644106151578,0.15618098521733054,0.01405284744046463,nan,nan,nan,0.5,3.141592653589793,0.0,nan,nan,nan,nan,nan,0.5482434436215712,0.4104278544394955
46.0,20.321070202557888,0.4914849728244454,-3.1404471896254047,0.4840586450130792,-0.08178267060226262,20.17682597640951,0.5841280728261904,-3.1331916541244778,0.4921542682250773,-0.07421972805825554,0.02973961500087737,0.18230714628105915,0.15746774995038945,0.014252355505471718,nan,nan,nan,0.5,3.141592653589793,0.0,nan,nan,nan,nan,nan,0.5678937665099628,0.3936497739799558
46.050000000000004,20.2920152139928,0.4910977245772593,3.1379579438416543,0.4843800342694478,-0.07812518993991975,20.28807787601811,0.5720101758834185,3.1394646592270483,0.4707118315080442,-0.08982411059709355,0.03024694143174959,0.17423522684694684,0.1519291306906675,0.013995141040717597,21.341984133528086,0.35421343012403617,5.154822096333465,0.5,3.141592653589793,0.0,nan,nan,nan,nan,nan,0.56450331940309,0.398676103453747
46.1,20.26289384352148,0.49087282279876054,3.133451132028467,0.48642161286718677,-0.07246722070647028,20.26921966216954,0.5720644382676484,3.135804622845079,0.47364592998214083,-0.09606177359959564,0.030244803671030634,0.17648599918913246,0.15324971958369418,0.014195187809104963,nan,nan,nan,0.5,3.141592653589793,0.0,nan,nan,nan,nan,nan,0.5753532949614988,0.4536178464710354
46.152,20.243395636827113,0.4908040455316486,3.130664038393404,0.48797806231920415,-0.06802218248669714,20.240564338942885,0.5733604377689521,3.1288354930809934,0.47745039910293297,-0.057641544051574706,0.030452102709618293,0.17986954973279692,0.15520075766313846,0.014040232565065768,nan,nan,nan,0.5,3.141592653589793,0.0,nan,nan,nan,nan,nan,0.5635969390731217,0.45788961043801546
46.2,20.223841402742693,0.4907980607475617,3.1280374068546632,0.48925692751439065,-0.06444488074753058,20.221447977378276,0.5736193626666378,3.125555067620718,0.47943379583379986,-0.07475526813168004,0.030448864226275976,0.18212705294036713,0.15649397017718655,0.014239538259245186,nan,nan,nan,0.5,3.141592653589793,0.0,nan,nan,nan,nan,nan,0.5633045867848963,0.44789603540871775
46.25,20.194430694923994,0.49090359742616557,3.12433464969562,0.49072025593546764,-0.05948901798715537,20.192753587722166,0.573153345407248,3.125030071262457,0.482013932580241,-0.040772492321362944,0.030278075087824066,0.18551051986080008,0.1584050056672717,0.014065156189589896,19.998837825121846,-0.5387625055775,4.618948494967638,0.5,3.141592653589793,0.0,nan,nan,nan,nan,nan,0.5489973310404507,0.45728141116887266
46.300000000000004,20.164947488265955,0.49113891312062424,3.120901837757673,0.4917726928165186,-0.056118500485107706,20.14487293567573,0.4712179575093878,3.1229065714839894,0.48700402460731224,-0.05132329497129227,0.03025152704508709,0.17616438104367368,0.1523179011292633,0.014260127416128827,nan,nan,nan,0.5,3.141592653589793,0.0,nan,nan,nan,nan,nan,0.5582995804813813,0.44113805485960667
46.351000000000006,20.14526884429046,0.49136377994768154,3.1187089559351198,0.4920526165671344,-0.05399880002694979,20.11574138679985,0.47081203183667975,3.1214949129682807,0.4880714694702351,-0.07190433163770968,0.030058226378830943,0.17955223667098455,0.15428137436212433,0.014059821960824913,nan,nan,nan,0.5,3.141592653589793,0.0,nan,nan,nan,nan,nan,0.5436403406873895,0.4414768173420191
46.403000000000006,20.115738402445174,0.49179716695439685,3.1156030487210367,0.4922909103174322,-0.04998499945210729,20.09621791517152,0.4712138920137569,3.1196717935797125,0.48853035066708034,-0.04695382304672828,0.03006103581490973,0.18181117475216654,0.15558268110562826,0.014258243285838192,nan,nan,nan,0.5,3.141592653589793,0.0,nan,nan,nan,nan,nan,0.5386213350045567,0.4430867538386819
46.45,20.096046077649817,0.4921464674484853,3.113653368373306,0.4924046427451918,-0.04813027576338806,20.066759664943955,0.47339835511213474,3.1122820298348266,0.48911969861106386,-0.048717065619782174,0.030335142805341272,0.18519469097125024,0.1575056232621748,0.013986701637574218,nan,nan,nan,0.5,3.141592653589793,0.0,nan,nan,nan,nan,nan,0.5386213350045567,0.4430867538386819
46.502,20.066502450732315,0.49275566770210755,3.110878335370826,0.492522904833509,-0.04466017125064643,19.99438841223023,0.4664958350621097,3.109732682800071,0.495681711994031,-0.05538477328568663,0.030332295314333853,0.1768325741955258,0.1521022358866518,0.014283916151550608,19.70825202773239,0.40147728781210146,0.44539493011882875,0.5,3.141592653589793,0.0,nan,nan,nan,nan,nan,0.5260728248579796,0.45441123522275517
46.553000000000004,20.046810581993263,0.49321437124247586,3.1091407796443518,0.4922607347320689,-0.042871984235250446,19.974929079649115,0.4627925991625108,3.118791265620805,0.4950289654400068,-0.033050987976627776,0.029500739365305388,0.17908441405010594,0.15341360957180492,0.013919744681205493,nan,nan,nan,0.5,3.141592653589793,0.0,nan,nan,nan,nan,nan,0.5224494238126509,0.4382926112721782
46.602000000000004,20.017304254222424,0.49397912849567277,3.106609827884666,0.49170974768884007,-0.04202178115193031,19.945252630366266,0.46349918197155376,3.116000276272726,0.49420755412289175,-0.03436086802412365,0.02950031094229745,0.18246083842020397,0.15537340490375046,0.014300828660328587,nan,nan,nan,0.5,3.141592653589793,0.0,nan,nan,nan,nan,nan,0.5211493457622429,0.4440184033372786
46.650000000000006,19.997650042184702,0.49453759751675647,3.1049606237178136,0.4914449942463575,-0.040631083017551986,19.92549559082794,0.46401377232242463,3.1143359248651166,0.49376123270494254,-0.03628231475319882,0.02949974059937403,0.18470792636471292,0.15666707050132878,0.01449743047696813,nan,nan,nan,0.5,3.141592653589793,0.0,nan,nan,nan,nan,nan,0.5211493457622429,0.4440184033372786
46.7,19.96818693931015,0.4954434720425721,3.1025822283756814,0.49116566091256725,-0.03913163800663199,19.90570243641969,0.46539154640038516,3.1116911431023215,0.49340865485720603,-0.02526755081392682,0.029649720236253875,0.18694994125420142,0.15794005272086808,0.014123414587177963,20.507608471405423,0.563012296509242,1.3048365748515054,0.5,3.141592653589793,0.0,nan,nan,nan,nan,nan,0.5271612131815121,0.4404466603430098
46.75,19.948553807972964,0.49609141057480455,3.1010335010561607,0.4910389129338884,-0.038483490949129985,19.950854987846142,0.4767572372520585,3.1082102171397343,0.4829286603139123,-0.046392159329889805,0.02964885275594365,0.17846518049849255,0.15259433477581053,0.014418955537042111,nan,nan,nan,0.5,3.141592653589793,0.0,nan,nan,nan,nan,nan,0.5281440889607656,0.4408510853641055
46.800000000000004,19.928919170450445,0.4967744861165665,3.0995223718077027,0.4913746840157211,-0.03706961653603562,19.931477120431254,0.478493202085453,3.1052516629037594,0.4842478639780625,-0.013442901208697228,0.029855223808091032,0.18070884201441764,0.15390166159715374,0.014193045129599,nan,nan,nan,0.5,3.141592653589793,0.0,nan,nan,nan,nan,nan,0.5304527197353421,0.4708360052037146
46.85,19.89942210559315,0.4978603858577677,3.097380167179558,0.49230142229935137,-0.03511997052154443,19.902406576988515,0.479583365536255,3.102735095171094,0.48596858708125784,-0.028134905800058625,0.029853058040894415,0.18407397080987692,0.15585677435223905,0.014430225388623688,nan,nan,nan,0.5,3.141592653589793,0.0,nan,nan,nan,nan,nan,0.5374278845807497,0.46069083616695317
46.900000000000006,19.86988172839224,0.49901772718108567,3.095333987717506,0.49295461321236456,-0.03311966602947449,19.88298449471657,0.48007784038598283,3.1028278238207267,0.4868700737215884,-0.027633361107690324,0.029807142178577578,0.18631434701319152,0.15713700169619288,0.014064171678453244,19.733751310415883,0.20047172343104824,0.36218201205349393,0.5,3.141592653589793,0.0,nan,nan,nan,nan,nan,0.5253516440212893,0.46830647806276476
46.95,19.85017153536429,0.4998273210843648,3.094045489322516,0.49327499764608385,-0.031701909458498136,19.834879848152568,0.4558060241409401,3.1022288735190235,0.49039357275196693,-0.00406205139818785,0.029803873793465184,0.17794560033247903,0.15191091215340993,0.014360205853539003,nan,nan,nan,0.5,3.141592653589793,0.0,nan,nan,nan,nan,nan,0.5244735489203047,0.4671366095566783
47.0,19.830453482043005,0.5006661110156829,3.0927982832569665,0.49340772129461463,-0.03106050823086597,19.815203042233954,0.4587856600662411,3.0956724054666864,0.49064559707246813,-0.02814967274395076,0.030215441394313192,0.18018936425986506,0.153225001469425,0.013989563774715595,nan,nan,nan,0.5,3.141592653589793,0.0,nan,nan,nan,nan,nan,0.5079182123218402,0.45375824216141897
47.050000000000004,19.800876523479825,0.5019774396169318,3.0909867114296197,0.4934369467157483,-0.028916816914980298,19.785788564140688,0.4601456318410534,3.0945295919813827,0.4909908799698581,-0.025894938638415497,0.030215655971162596,0.18355374503231095,0.15518991913239213,0.014287693551190377,nan,nan,nan,0.5,3.141592653589793,0.0,nan,nan,nan,nan,nan,0.5079182123218402,0.4733134176112819
47.1,19.771301150047147,0.5033475156907696,3.0893624715750976,0.49344646122467883,-0.02582907971471033,19.76619318421359,0.4600974987532472,3.095551232994728,0.4911843872765694,-0.01313732292841552,0.030040041583271608,0.18579319615399933,0.15647663819976024,0.013925896736118453,nan,nan,nan,0.5,3.141592653589793,0.0,nan,nan,nan,nan,nan,0.5065778740827253,0.4740683631597341
47.151,19.751585638642467,0.5042920709778944,3.088359179571519,0.49344658145356596,-0.02472702139776485,19.656324797322043,0.43827936569276227,3.0939360511962555,0.5025269541774039,-0.04014280149345438,0.030030419667758417,0.17731219156446132,0.15123444601870395,0.014223999607970644,19.106871240769188,0.21157471558688068,1.704565468012134,0.5,3.141592653589793,0.0,nan,nan,nan,nan,nan,0.5129133041417866,0.4675931918167104
47.2,19.722038049331726,0.5057499155105103,3.086960740292771,0.49255113350361623,-0.021970701996641532,19.636262539620628,0.4392392153136007,3.09367382198619,0.5009673505484471,-0.006915569765824813,0.0300344466157151,0.1795487191016519,0.15256505111240257,0.014556543867014183,nan,nan,nan,0.5,3.141592653589793,0.0,nan,nan,nan,nan,nan,0.48237303280040783,0.4639794147467154
47.251000000000005,19.702379087632455,0.5067483364013187,3.0861066219952082,0.4918550096502684,-0.021173983939066547,19.606304076717702,0.43887920470354713,3.096074311937553,0.4989708182293841,-0.027386977107950145,0.02970836152580644,0.18290148641052553,0.15452952169738338,0.01422458617946733,nan,nan,nan,0.5,3.141592653589793,0.0,nan,nan,nan,nan,nan,0.4973462091980676,0.4536366817085036
47.302,19.67293586765954,0.5082837546763432,3.084872587901944,0.491100402210784,-0.020008316551659616,19.586376310929953,0.43978810487244635,3.0958717805656466,0.4979548483906466,-0.009503151741780215,0.029710662809830583,0.18513253381104097,0.15583249404104071,0.014421911008828137,nan,nan,nan,0.5,3.141592653589793,0.0,nan,nan,nan,nan,nan,0.4955513175028603,0.4614726294494307
47.35,19.653328838024663,0.5093308027910808,3.084082249493297,0.49074754928554265,-0.019729803567117447,19.577258648337992,0.3936836683824247,3.0970905260504775,0.4932046293171261,-0.06338134769565547,0.029450361501164375,0.17655695620322895,0.15056008220222122,0.014155643875063779,19.736971591002845,-0.07446874622191524,1.0634179209142898,0.5,3.141592653589793,0.0,nan,nan,nan,nan,nan,0.5037475297746883,0.456426584274283
47.400000000000006,19.633732371759123,0.5103961938738825,3.083313273566225,0.49063460107467727,-0.018493879186862468,19.557551720929766,0.39457120825307795,3.095174177275444,0.4930787515840551,-0.04394625181562195,0.02945174769640709,0.17878258573503397,0.15189630880026564,0.014353648721023106,nan,nan,nan,0.5,3.141592653589793,0.0,nan,nan,nan,nan,nan,0.49109707186004053,0.48366746794363585
47.45,19.604335310792102,0.512025300624569,3.0823029651927474,0.4907483616973433,-0.01592022510369734,19.52800297213787,0.3967089676552437,3.093074876010725,0.49292451704086876,0.02063703440071277,0.02959256071683902,0.18212281743126618,0.15386974147510585,0.014097063621821896,nan,nan,nan,0.5,3.141592653589793,0.0,nan,nan,nan,nan,nan,0.4961263424779373,0.47936189294574927
47.5,19.58473323397918,0.5131319727355315,3.081672381346816,0.4908762736305651,-0.01615981052255369,19.50831015010248,0.3976708806605565,3.0919887497313407,0.49285907663091855,-0.01640020335856226,0.029588155043972338,0.1843481797554055,0.155178369884307,0.014295677434913962,nan,nan,nan,0.5,3.141592653589793,0.0,nan,nan,nan,nan,nan,0.5189763550682548,0.4573283581329474
47.550000000000004,19.555324393650057,0.5148226094711007,3.080673564223348,0.4910114415006871,-0.016365004255347777,19.40991112719183,0.46080418822387664,3.089600399116075,0.503353102071923,-0.008940114311698643,0.02964257214215725,0.17590839109965795,0.15000036468762215,0.014032330912179614,18.925367371651948,1.0890989012715009,2.850459711436267,0.5,3.141592653589793,0.0,nan,nan,nan,nan,nan,0.5025609347253286,0.47429714587417837
47.603,19.525930243059886,0.5165437539056668,3.079728867080452,0.4903306668243002,-0.015315898925662184,19.38982142391343,0.46185710150493103,3.0889803793994997,0.5017010314956274,0.0012606449876723259,0.029643771431783972,0.17813171638923725,0.15134228158734922,0.014231585161502542,nan,nan,nan,0.5,3.141592653589793,0.0,nan,nan,nan,nan,nan,0.4858776174355024,0.45933073173739514
47.651,19.506366282782576,0.5177078702002357,3.0791268607171034,0.48976565322915117,-0.014946179096556022,19.35979864609775,0.46276582849894765,3.0898131536733775,0.49958235182532595,-0.018655035483662635,0.029518963934443282,0.18146805948761763,0.15332380125858375,0.013977322231889591,nan,nan,nan,0.5,3.141592653589793,0.0,nan,nan,nan,nan,nan,0.4912004102864887,0.4588790990405142
47.701,19.477054637909028,0.5194779561158,3.078264078444744,0.4892177577307816,-0.013791729983917205,19.33985310147249,0.4637994244843461,3.088900237115265,0.4985052630129563,-0.036561376288015146,0.0295166183238749,0.1836903989939793,0.15463750386281605,0.014177139840462575,nan,nan,nan,0.5,3.141592653589793,0.0,nan,nan,nan,nan,nan,0.48741286271900836,0.46904356802763253
47.75,19.457528291007215,0.5206725643504998,3.0777511641104547,0.48899485298929984,-0.012153906391950778,19.30998179950113,0.46328207038672303,3.091608294328429,0.49712855432943787,-0.024278410394398257,0.029150426369191858,0.1870171688632726,0.15657731066333527,0.013929695143361162,20.291603605866236,0.5438799755922047,3.405026099229109,0.5,3.141592653589793,0.0,nan,nan,nan,nan,nan,0.4911326906688843,0.4794919429121456
47.800000000000004,19.438009348260323,0.5218782596235549,3.077296166599009,0.4888677250418959,-0.011123397738588052,19.41130001155529,0.47131386166441214,3.0909006563811143,0.4797686834271242,-0.010469354507042353,0.02915483536371279,0.17738194749190178,0.15076842704383944,0.014128966659068133,nan,nan,nan,0.5,3.141592653589793,0.0,nan,nan,nan,nan,nan,0.4911326906688843,0.4729034416983011
47.85,19.4087146763343,0.523711279108732,3.0766428773530974,0.4898502062117444,-0.010868642982652686,19.382529825379137,0.47332850988763453,3.088965836687551,0.48201740488936845,0.0021152069534523727,0.029256213370078603,0.18071566083568294,0.15275689124083128,0.013871631279286657,nan,nan,nan,0.5,3.141592653589793,0.0,nan,nan,nan,nan,nan,0.5218869853846037,0.4952403255181667
47.901,19.379324174192604,0.5255725726548447,3.075984634668896,0.49144517568223733,-0.011098729148398018,19.363259058883035,0.47434337351576095,3.0888957767727323,0.48366292930323623,-0.00407174621953192,0.029255699345997026,0.18294073482904188,0.15407503430720337,0.014154800650586627,nan,nan,nan,0.5,3.141592653589793,0.0,nan,nan,nan,nan,nan,0.520831929028345,0.4904483472432241
47.951,19.35968529445936,0.5268282249062942,3.0755420874070887,0.49227126738089144,-0.011013435110040867,19.334210182494207,0.4748103879818342,3.0916647972608926,0.4857996976415202,0.005228737331651617,0.029068965661216646,0.1862773464734059,0.15602175477531738,0.013893793310012453,nan,nan,nan,0.5,3.141592653589793,0.0,nan,nan,nan,nan,nan,0.515928713649455,0.4912318429153489
48.0,19.330174803433792,0.5287336667521332,3.0748652533802474,0.4932313509454239,-0.011690160134900738,19.241955581476404,0.48930801248532463,3.0914569390562514,0.49717078559631,-0.005388130422694783,0.029070574281976676,0.17678239220390893,0.1502898328407236,0.014240943268403455,18.74071098018667,0.6240935190298403,1.3181639558433484,0.5,3.141592653589793,0.0,nan,nan,nan,nan,nan,0.5207026535720605,0.48075761309581555
48.050000000000004,19.310486114977135,0.5300162064619875,3.074396769129717,0.49314093514366697,-0.011574251900117087,19.21222733004229,0.4932334939544327,3.0864521725472773,0.496664416016623,0.0037941046682841346,0.02952350818316077,0.18012649176975226,0.15228533192990257,0.013917068760823183,nan,nan,nan,0.5,3.141592653589793,0.0,nan,nan,nan,nan,nan,0.4946496745469562,0.4724453837912238
48.1,19.29081027834497,0.5313084088720341,3.073942902631105,0.4928557993689268,-0.011213689769202572,19.192396554831525,0.49433167469169115,3.0865178216526834,0.496133420386535,0.01482281081239679,0.029525002707110636,0.1823560719328602,0.15360797625775846,0.014116870786273434,nan,nan,nan,0.5,3.141592653589793,0.0,nan,nan,nan,nan,nan,0.495635430269679,0.4735324719269058
48.150000000000006,19.261315263093238,0.5332642085214596,3.073278157381325,0.4925436559591924,-0.011139550937123158,19.16268628510458,0.49598553838036485,3.085222505760413,0.49551867960039475,-0.010931981515799808,0.029521694562172553,0.1856960931667305,0.15557207963877615,0.014413891188302268,nan,nan,nan,0.5,3.141592653589793,0.0,nan,nan,nan,nan,nan,0.5007631701612162,0.4701910479063057
48.203,19.231837139571788,0.5352395748063749,3.0726390880742276,0.49232772930868435,-0.009944367287665,19.142947515912116,0.4986272051328246,3.0815607832517964,0.49517164892127113,-0.007990885913964534,0.029784703049224665,0.1879172050629226,0.15685751586982968,0.014050360288208738,18.948071039711262,0.23055854306707013,0.3951137137017814,0.5,3.141592653589793,0.0,nan,nan,nan,nan,nan,0.48927057284158554,0.4837519336043374
48.25,19.212190674916208,0.5365662978028622,3.072277273978414,0.4922539377034155,-0.008477254614959902,19.08919233635411,0.47656619803992384,3.080257269407813,0.49771995397802604,-0.013685111625352204,0.029776915451656956,0.17923322277667225,0.1516795490040865,0.014347293219461188,nan,nan,nan,0.5,3.141592653589793,0.0,nan,nan,nan,nan,nan,0.48529552276335836,0.48900949327387183
48.302,19.18273196925208,0.5385692906617029,3.071851698862651,0.49196140251615567,-0.006047133689707761,19.059437986945156,0.4793225715423385,3.0777720857802615,0.49673005488766564,8.872142470341072e-06,0.02993934285254858,0.1825646955874687,0.15365870850479826,0.014091855512225722,nan,nan,nan,0.5,3.141592653589793,0.0,nan,nan,nan,nan,nan,0.47384870575781285,0.48978367481072893
48.35,19.163104580657265,0.5399126262626682,3.0716551427497927,0.4917659805138044,-0.004211150740455705,19.039614647249678,0.4805878586697196,3.0782784696914263,0.4961882990582601,0.013107473593368963,0.02994251172447698,0.18478361164255216,0.15497131745632783,0.01429075075407994,nan,nan,nan,0.5,3.141592653589793,0.0,nan,nan,nan,nan,nan,0.47384870575781285,0.49509275344322384
48.401,19.133673677665907,0.5419389110370147,3.0714518235820343,0.491622136355356,-0.0031646283200122984,19.019805099036805,0.4816753451309693,3.078317474652464,0.4957583144873021,0.008924235041354759,0.029911901518699626,0.18699897224203837,0.1562624296940645,0.013942172564104235,19.367169442294493,0.42125131779579456,0.4365603854542822,0.5,3.141592653589793,0.0,nan,nan,nan,nan,nan,0.48657020215002467,0.48513711466211107
48.451,19.11405713164909,0.5432966646515871,3.0713359751759453,0.4915695088357472,-0.0027176676586247884,19.033188062721266,0.4778102117376356,3.077569918869978,0.4894658396230403,-0.02923554366050171,0.029906283728043766,0.17847435132796402,0.15116905296645997,0.014240790731773471,nan,nan,nan,0.5,3.141592653589793,0.0,nan,nan,nan,nan,nan,0.4853900572703437,0.48781929753030095
48.501000000000005,19.084622717919174,0.5453427468787461,3.071246347592086,0.4920165048193169,0.0,19.013704072539824,0.48056979987914955,3.074073393823328,0.4900757124376242,-0.009744413222631407,0.030186342860365242,0.18069475612342756,0.1524927387582478,0.013885176400542487,nan,nan,nan,0.5,3.141592653589793,0.0,nan,nan,nan,nan,nan,0.4783867647480893,0.5142267226641888
48.550000000000004,19.064979803690704,0.5467113555184072,3.071283652050833,0.4924014808634012,0.0,18.984349861229852,0.4825550774412848,3.0746810254809773,0.4908734452886914,0.01750551572426367,0.030189400948903128,0.18402585047770548,0.154472481326068,0.014185680322376326,nan,nan,nan,0.5,3.141592653589793,0.0,nan,nan,nan,nan,nan,0.4799341310216138,0.5113459523250314
48.6,19.045323285143933,0.5480832015025363,3.071367449610975,0.49271887826699867,0.002171846696937241,18.96479276741534,0.4847494444687374,3.0732541829662345,0.49129461507121147,0.016677757046900245,0.030345732367292207,0.18624423938929854,0.1557684293762422,0.01383670042777415,nan,nan,nan,0.5,3.141592653589793,0.0,nan,nan,nan,nan,nan,0.4904425565374836,0.49890065599152533
48.650000000000006,19.015818392975085,0.5501462029669357,3.0715071224377275,0.4930998300107118,0.0025378924602525396,18.941911061376004,0.4847130087763366,3.072120452649666,0.4909232907146987,0.0013195332217293793,0.030342885106492603,0.17765581538071332,0.15063208854565135,0.014136880396034527,19.00754781815114,0.4630165321808713,0.011505800444858803,0.5,3.141592653589793,0.0,nan,nan,nan,nan,nan,0.4872153768907459,0.5012995955371423
48.7,18.986291530468456,0.5522124552518373,3.071705991741119,0.4934763407663034,0.00405059509198508,18.922317093868312,0.48607705714301797,3.0727024021775335,0.4913601246488867,0.02407835888251465,0.030345542584215835,0.17987620750080754,0.1519712195138111,0.01433588956432031,nan,nan,nan,0.5,3.141592653589793,0.0,nan,nan,nan,nan,nan,0.47980803514802606,0.5102747458136656
48.75,18.96659499310228,0.5535904777576478,3.0718753126036487,0.49369602338413054,0.004216737985463443,18.89296285807509,0.4895663838767997,3.07051701881549,0.4919308930775121,0.01699554769590346,0.030604412730625242,0.18320845959535995,0.1539485880924395,0.014162228778518604,nan,nan,nan,0.5,3.141592653589793,0.0,nan,nan,nan,nan,nan,0.4890007844295758,0.5002034884971075
48.800000000000004,18.946890484243568,0.5549683746930638,3.072049350138506,0.49387834982663625,0.004572013935810327,18.873332054361704,0.49096182290483137,3.0697099511914328,0.49223587248635026,-0.03212407344826953,0.03059820555001857,0.18542841234802096,0.15526021742637067,0.01436065087610182,nan,nan,nan,0.5,3.141592653589793,0.0,nan,nan,nan,nan,nan,0.4818797817681189,0.5060156412188126
48.854000000000006,18.917321889046256,0.5570321516307759,3.072400095968157,0.4940934012510175,0.0074459795140286306,18.836118216050483,0.5492735483628242,3.068128787720985,0.49437475655353014,0.009644736444804635,0.030724053527631804,0.1767863159630197,0.15007314628347304,0.014102761828403441,18.798415625548316,1.114261660334511,1.416350846576626,0.5,3.141592653589793,0.0,nan,nan,nan,nan,nan,0.4603985524369557,0.5269701386991438
48.900000000000006,18.897603859237933,0.5584040400829209,3.072748571004619,0.494139687759079,0.009125225354147445,18.81639728608364,0.5507278472986558,3.067811579556494,0.4943249777024197,0.0021984146124468256,0.030722789590600652,0.17900406703674263,0.15141775182495937,0.01430174316069259,nan,nan,nan,0.5,3.141592653589793,0.0,nan,nan,nan,nan,nan,0.4712993168445617,0.5099339842623216
48.953,18.86802800195634,0.5604553048772161,3.0733390159428327,0.4941014738872802,0.010372419007458849,18.786741785830095,0.5514394961520044,3.0716006963752385,0.49427102862851335,0.023174245663537152,0.030462631402429496,0.1823339639383702,0.1534026796636893,0.01405231865663565,nan,nan,nan,0.5,3.141592653589793,0.0,nan,nan,nan,nan,nan,0.4816566965888349,0.5004591089902218
49.0,18.838452796851193,0.5624965088630772,3.0739639091908226,0.49408771085173625,0.010128682094129964,18.757157793066686,0.5535000562356971,3.073882672819904,0.49424243968842724,0.044711696870311235,0.030466112161638883,0.18566149382903538,0.15537305770584106,0.014486277489487203,nan,nan,nan,0.5,3.141592653589793,0.0,nan,nan,nan,nan,nan,0.4816566965888349,0.5004591089902218
49.050000000000004,18.81873572704229,0.5638512625136698,3.0743359837862347,0.49408934365410706,0.008671741757788393,18.791091950393493,0.5965493047160242,3.073019956589997,0.4869774086337557,-2.0345456952368233e-05,0.030480637690368465,0.17606698179647381,0.14960762965805444,0.014063579050708076,19.19062685799543,1.03194370829724,1.5245473724435192,0.5,3.141592653589793,0.0,nan,nan,nan,nan,nan,0.49354291425261193,0.48894653616228184
49.1,18.789140996171465,0.5658747903420484,3.074849539616207,0.4947361600640055,0.008994707270470208,18.77164713043759,0.5978820104672782,3.073393962696324,0.488089827362563,0.004670980043416433,0.03048107726088543,0.17828647911844,0.15095565902655292,0.01426260949570614,nan,nan,nan,0.5,3.141592653589793,0.0,nan,nan,nan,nan,nan,0.48523627085801024,0.5196994022892103
49.150000000000006,18.769385113392786,0.5672163345968332,3.0752218422429896,0.49519816410033357,0.009454912825807179,18.74229211752399,0.5979361270357888,3.076669075714947,0.489501947892009,-0.04295225161193421,0.0301282736801717,0.18162165585876364,0.1529455371020881,0.01409755703692991,nan,nan,nan,0.5,3.141592653589793,0.0,nan,nan,nan,nan,nan,0.48596194298590567,0.5162319826067647
49.201,18.739721576505605,0.5692166734640578,3.075851118806096,0.4957058987777293,0.011602092094242247,18.7227455697242,0.5992065445974978,3.0767283605382127,0.4902599880301508,-0.004489322127539849,0.030132684234893518,0.18384551063988294,0.1542648759759899,0.014295978362755089,nan,nan,nan,0.5,3.141592653589793,0.0,nan,nan,nan,nan,nan,0.4696449724708569,0.5288374941388752
49.25,18.719931271622677,0.5705418034489257,3.076328832932325,0.4959511600655883,0.011904330453206392,18.693490569720776,0.6032107640434253,3.0729929150089283,0.49124478038803143,-0.006224612854025476,0.030498274207569356,0.18717679711899587,0.15621341110443746,0.014033335048747961,18.474316513204354,0.4456026727616117,0.25955364628254285,0.5,3.141592653589793,0.0,nan,nan,nan,nan,nan,0.4839011901262888,0.5127941566675104
49.300000000000004,18.700132024198343,0.5718601716775097,3.076808144009319,0.49613707965619885,0.012175682330648417,18.647071317454298,0.5909321677093327,3.0749216982202476,0.49533141442905226,0.032795543375158234,0.030499259924930522,0.17751384822568542,0.15045504994342213,0.014231338314470392,nan,nan,nan,0.5,3.141592653589793,0.0,nan,nan,nan,nan,nan,0.4760025988023419,0.5181761318984138
49.35,18.670426540740735,0.5738229762694835,3.077530951649538,0.4960960787181568,0.011319791672009465,18.61727048643325,0.5904389343754416,3.081088274877926,0.4953314032305462,0.01523251261863752,0.03004204994397885,0.18084931895044806,0.15245165342953187,0.013963699281276085,nan,nan,nan,0.5,3.141592653589793,0.0,nan,nan,nan,nan,nan,0.488157244911889,0.4939950129443515
49.401,18.64073237892508,0.5757685746447481,3.0781384922589123,0.495873139495363,0.009290611345279951,18.597494591952785,0.5916398344345609,3.080547746823873,0.49523837971277296,-0.005925945681067044,0.030039312535746307,0.1830734548625471,0.1537747079652405,0.014163435222461416,nan,nan,nan,0.5,3.141592653589793,0.0,nan,nan,nan,nan,nan,0.4901961074192344,0.49218961387099697
49.45,18.620942519292907,0.5770554424602985,3.0784997529157763,0.49574621331901547,0.009012337881034845,18.567795755252785,0.5927287534759172,3.0827172896243686,0.49512535783560463,-0.0011005845664326412,0.02991346822759422,0.18640518809731224,0.1557283309189789,0.013901472796841114,nan,nan,nan,0.5,3.141592653589793,0.0,nan,nan,nan,nan,nan,0.48087528326828416,0.5020275895896283
49.501000000000005,18.5912646166839,0.5789701345375684,3.079026016641887,0.49560243956734096,0.008445394809323327,18.63363441432774,0.5806781404442788,3.0827667900408926,0.48260598192489673,0.0013960867130370298,0.02991174442543806,0.1766785110470373,0.1499213748116929,0.014182861820457604,19.24808425025228,0.45975264020256895,1.7340341205879701,0.5,3.141592653589793,0.0,nan,nan,nan,nan,nan,0.4860567639649165,0.49742890663272077
49.551,18.571466751395377,0.5802393956801687,3.0793493834137338,0.496291323313394,0.007876781708364276,18.60462712863623,0.5812846579224464,3.0875068451895133,0.4849002582332152,0.027868436003669294,0.029716862115622827,0.18001073820645402,0.15192316838077013,0.013920882265091666,nan,nan,nan,0.5,3.141592653589793,0.0,nan,nan,nan,nan,nan,0.5060494681016852,0.515864031131831
49.6,18.54170994676055,0.5821317519623712,3.079739725020871,0.49735249822077493,0.005099318304556111,18.585243795802263,0.5823357082906384,3.0865986896076123,0.48644495690362993,-0.021602220269411547,0.029710703390606698,0.18223567184435038,0.153249487483942,0.014120741953944443,nan,nan,nan,0.5,3.141592653589793,0.0,nan,nan,nan,nan,nan,0.5204141405805598,0.49537151681634023
49.650000000000006,18.521843043901143,0.5833867864764996,3.0799055460659504,0.49782114720217496,0.0037132613842520415,18.556059644437994,0.5839401481503876,3.0864579079351326,0.4883900393870714,-0.006415071771001865,0.02971261027457705,0.18557254354370692,0.15521889916521006,0.014417851741205138,nan,nan,nan,0.5,3.141592653589793,0.0,nan,nan,nan,nan,nan,0.5100907855807103,0.4995170432721282
49.7,18.50196010743619,0.5846368525830491,3.0800378084671487,0.49817547756823444,0.0032598385502336886,18.536654020141757,0.586925785523598,3.0829044671625816,0.48943653383898017,0.023584561651170663,0.030045920160371317,0.18779369753171649,0.15650775781108084,0.014053929335660399,18.589349333269862,0.8652457325960192,0.29216085278083703,0.5,3.141592653589793,0.0,nan,nan,nan,nan,nan,0.4999545166282054,0.5065836297108265
49.751000000000005,18.472112983360283,0.5865034053158338,3.0802229357362685,0.49857281573897894,0.0027344203572627515,18.51332384283677,0.613380386684858,3.0834791469121576,0.4902091526476449,0.018076801872801536,0.0300520717550653,0.17913258032039878,0.15137699409176203,0.014428860044154904,nan,nan,nan,0.5,3.141592653589793,0.0,nan,nan,nan,nan,nan,0.505025112882274,0.4989017234090824
49.800000000000004,18.452203731360285,0.587743104778879,3.0803165975732836,0.4987570054801559,0.0021493821099726196,18.493589966178707,0.6119400830568328,3.0887394487001814,0.49102952693460344,-0.009702120503362636,0.029580698815538053,0.18135839572833573,0.15269791882207545,0.014063306367658571,nan,nan,nan,0.5,3.141592653589793,0.0,nan,nan,nan,nan,nan,0.502479304032714,0.4996192182002659
49.85,18.422328986440075,0.5895962428070664,3.0804318058278497,0.498929534526694,0.0007572594605749031,18.464147705888763,0.6134973991515894,3.089333056109245,0.4920595162467546,0.012580774634760586,0.029583504412196024,0.18469697837992183,0.15467357429689196,0.014360785732659401,nan,nan,nan,0.5,3.141592653589793,0.0,nan,nan,nan,nan,nan,0.49798762213603304,0.5020983008893413
49.995000000000005,18.4123688279193,0.5902123355357697,3.0804691943144844,0.49896754194551984,0.0007600052850533541,18.45427680919412,0.6132634060742759,3.090607701224558,0.4923335494043537,-0.015584986514553036,0.0294475340455459,0.18580883642369023,0.15531605581143404,0.013903318436760058,18.712445654492456,0.8997420384741548,0.534760951168052,0.5,3.141592653589793,0.0,nan,nan,nan,nan,nan,0.5061834214430796,0.4912095578335034
50.001000000000005,18.342612031843924,0.5945120675685229,3.080509289910955,0.49953770707312073,0.0,18.426325044203278,0.6387733663173394,3.0964384948011308,0.4907430739352883,-0.001231823561510719,0.029054968070753178,0.18085875091157003,0.15234685842430343,0.014006157064116146,nan,nan,nan,0.5,3.141592653589793,0.0,nan,nan,nan,nan,nan,0.5112872415212224,0.4938537559358939
50.050000000000004,18.322665054403522,0.5957378958960624,3.0804450436118507,0.49965323690884034,-0.002018389528238536,18.39688494059453,0.6401042779278444,3.097813652841486,0.49193761134621317,0.03927457399593913,0.029060713239096918,0.18420849031823194,0.15432545226299524,0.014304046600969355,nan,nan,nan,0.5,3.141592653589793,0.0,nan,nan,nan,nan,nan,0.52979212677308,0.46992362249439107
50.1,18.302715039547397,0.5969638130750488,3.0803153061397888,0.49969815750569707,-0.004303812873856451,18.37704853215492,0.6378673723076969,3.10527573209691,0.4925435910708183,-0.004144031844659482,0.028511713176327013,0.186438653773671,0.15561996256570798,0.013940265830837743,nan,nan,nan,0.5,3.141592653589793,0.0,nan,nan,nan,nan,nan,0.52979212677308,0.46992362249439107
50.150000000000006,18.272789931810454,0.5988052806817454,3.079930861203721,0.49968055092153474,-0.007561065729520182,18.5429106107312,0.6414207684846231,3.1061028863275286,0.4661087351871811,0.004535947882012949,0.028517358463985638,0.17782948100432763,0.1504976423527221,0.01423811020341256,19.943098570767994,0.700351578985511,8.724055642407569,0.5,3.141592653589793,0.0,nan,nan,nan,nan,nan,0.5227136593488337,0.475556971191281
50.2,18.25282583484681,0.6000388369654767,3.079583407177442,0.5006657120786417,-0.009423859448328667,18.524231650466525,0.6420868070998477,3.1044712496137095,0.4706624497864633,-0.047321822797536606,0.028510879383595665,0.18006366362068288,0.15183400438319183,0.014435624764629583,nan,nan,nan,0.5,3.141592653589793,0.0,nan,nan,nan,nan,nan,0.5677484991948957,0.5115212622367716
50.252,18.222748078700487,0.6019000367376719,3.0789865773678464,0.5032450208686671,-0.009498082427849813,18.49590784278186,0.6432454795918969,3.1042606933949006,0.47620851872015746,-0.0021198798899176607,0.028534995646812798,0.18342153413955462,0.15380690235652955,0.014169112817406722,nan,nan,nan,0.5,3.141592653589793,0.0,nan,nan,nan,nan,nan,0.5481291623541965,0.5034977000532107
50.300000000000004,18.202624906470497,0.6031474435285107,3.0786085353489976,0.5044379692142889,-0.009805677328894502,18.47684148891842,0.6439667590889026,3.1033063976798356,0.4793141802102409,-0.002916813024576301,0.0285351125132721,0.18566108845997437,0.15511548775804324,0.014367289189709241,nan,nan,nan,0.5,3.141592653589793,0.0,nan,nan,nan,nan,nan,0.5481291623541965,0.5034977000532107
50.35,18.172371647435984,0.6050331296622407,3.077969682763911,0.5056562709362808,-0.011135510650384903,18.371859669747437,0.6126414442154967,3.1066109641873814,0.494193543297641,-0.025055593074332035,0.028182491976116206,0.17700439084400849,0.14994160608890605,0.014187678945567052,17.839504090875042,0.28856859075749625,1.7990997939127489,0.5,3.141592653589793,0.0,nan,nan,nan,nan,nan,0.5420461675078044,0.5012980014188403
50.400000000000006,18.14208217475728,0.6069341600366426,3.077278056046266,0.5055893227315622,-0.011657469111397112,18.352099985833224,0.6133390851899664,3.10535348664974,0.49460996615226616,-0.02848349643976408,0.02818163912840821,0.17924287309516912,0.15128292984024364,0.014520466473295877,nan,nan,nan,0.5,3.141592653589793,0.0,nan,nan,nan,nan,nan,0.5157987135886676,0.4831976889108949
50.451,18.121910733299412,0.6082099690320233,3.0768154824136493,0.505118034925413,-0.011473623778777513,18.322571473414,0.6172434428565999,3.09871569441379,0.4951513197068653,-0.016015902934520966,0.028688334099712578,0.18260208740499193,0.15326378575251678,0.014192867248631214,nan,nan,nan,0.5,3.141592653589793,0.0,nan,nan,nan,nan,nan,0.5118702566655882,0.48614637896248547
50.5,18.10175798417382,0.609492640946306,3.0763667451578165,0.5046666205750732,-0.010960160682966073,18.302780919407134,0.6180967544736465,3.098103270319159,0.4954349176073889,-0.010136483010834774,0.02868880641808818,0.184839497605286,0.15457731126427696,0.01438744206990129,nan,nan,nan,0.5,3.141592653589793,0.0,nan,nan,nan,nan,nan,0.5059954075933097,0.4906396013856231
50.550000000000004,18.071562843361928,0.6114289451854774,3.075742485228912,0.5040180115728723,-0.010084935098324699,18.27097616123649,0.6261454048049069,3.0920184750645348,0.49615394424529113,-0.02623516262379912,0.029087774598008154,0.17632380377348314,0.14948100592351754,0.014182273034149968,18.26582889324031,0.6708968540959293,0.01002640136380145,0.5,3.141592653589793,0.0,nan,nan,nan,nan,nan,0.5068998227135147,0.4891126466834779
50.601000000000006,18.041406913858037,0.6133792747448924,3.075207068901126,0.5033797604339713,-0.0076856337223006315,18.2511531170851,0.627132291273339,3.0918356060519887,0.4962954667829715,0.0013899786311282086,0.02909079784808258,0.17855677224483818,0.15082710772348581,0.014379419680281164,nan,nan,nan,0.5,3.141592653589793,0.0,nan,nan,nan,nan,nan,0.49010289853078065,0.5039447937402409
50.650000000000006,18.021323943699247,0.6146868233654194,3.0749260058182024,0.5029868965796045,-0.006813755574208169,18.221419358862992,0.6288360393204414,3.0910919992264603,0.496481760488085,0.014740630547531901,0.029130197443058642,0.18190781962958802,0.15281472588603312,0.01410562447446988,nan,nan,nan,0.5,3.141592653589793,0.0,nan,nan,nan,nan,nan,0.5005101958001487,0.4932981555186832
50.7,18.00125700519598,0.6160005116378315,3.0746623057014513,0.5026035108695115,-0.006553611183735412,18.201584735909602,0.6298456395073264,3.0899635892058086,0.4965825038981884,-0.013002916585151446,0.029126631824023294,0.18413985841181288,0.15413253107436634,0.014303552445612783,nan,nan,nan,0.5,3.141592653589793,0.0,nan,nan,nan,nan,nan,0.5042910584867284,0.48913432369235865
50.75,17.971184825266945,0.6179816918450767,3.0742988476605766,0.5020708017285032,-0.005270029368923205,18.171846838913204,0.6317886255362383,3.088987833878601,0.49671612614306754,0.007237321891454485,0.029198227098149312,0.18748027823378832,0.15607850650907137,0.014039414667071181,17.104374881674023,0.010879527785377374,5.4105358138888295,0.5,3.141592653589793,0.0,nan,nan,nan,nan,nan,0.4911772015681478,0.5021168251857195
50.800000000000004,17.951154069198907,0.6193085391703318,3.074114360142795,0.5017439346389587,-0.004379051212213296,18.02074286926464,0.5795861650799164,3.0887950365921206,0.5146672122040531,-0.022701270477886035,0.029179280815956592,0.17776638712246678,0.15033660121287665,0.014234196431720487,nan,nan,nan,0.5,3.141592653589793,0.0,nan,nan,nan,nan,nan,0.4974283033485277,0.4956290503635489
50.85,17.921157605140433,0.6213031846929226,3.073901048155868,0.5001297594556628,-0.002575179436401844,17.989981051366936,0.5816436567673354,3.08808611821636,0.5113543235731668,0.02186470078286987,0.029261453100273765,0.18110016007988253,0.15233166740286352,0.014036562357685958,nan,nan,nan,0.5,3.141592653589793,0.0,nan,nan,nan,nan,nan,0.45760637298950263,0.4808643619294147
50.900000000000006,17.891291730721253,0.623301870725163,3.0737761520297306,0.4980853630632994,-0.002239374330833187,17.96957883620474,0.5827411074886933,3.0879936221078195,0.5091524993979738,0.016632946579652714,0.029260866616781064,0.18331910416475128,0.15365414055305923,0.01423492415746007,nan,nan,nan,0.5,3.141592653589793,0.0,nan,nan,nan,nan,nan,0.47878732611029706,0.4690543585226208
50.955000000000005,17.87143969668165,0.6246368572182444,3.073683872875065,0.49705170879245664,-0.0023061279693902693,17.93908877182993,0.5834929828185412,3.0892117177754983,0.5063213638539961,-0.005208109081466691,0.02910295800534736,0.18663834120344214,0.1556067868467719,0.013965952639205819,nan,nan,nan,0.5,3.141592653589793,0.0,nan,nan,nan,nan,nan,0.4762792946642455,0.48588757596358606
51.001000000000005,17.84172665499752,0.6266412643000187,3.0735690173112937,0.4959074674304856,0.0,17.864566889275174,0.5864942625537692,3.0893503407332163,0.5126264239862005,-0.007912346564991173,0.029102359809712177,0.17686055622255342,0.14981600223174193,0.014163975195861328,17.490923316410235,0.5972170693567377,0.6732730827743367,0.5,3.141592653589793,0.0,nan,nan,nan,nan,nan,0.4762792946642455,0.48588757596358606
51.051,17.821960326796777,0.6279766026880813,3.0735311363607654,0.4948638944275823,0.0,17.833821993766698,0.586262706315527,3.094539511437782,0.509282019730204,0.047365774132209375,0.028778956775398285,0.18017050025838038,0.15181760671224964,0.013914094211799677,nan,nan,nan,0.5,3.141592653589793,0.0,nan,nan,nan,nan,nan,0.4653710717451682,0.47724929728674
51.1,17.792384806677482,0.6299811890285794,3.073437334521187,0.4935654723673849,-0.0030496567894208087,17.813492577157017,0.5872128708464869,3.094605938010556,0.5073512551673329,-0.015152511522140515,0.028771692852752367,0.1823759884872434,0.15314392629644213,0.014199848562172622,nan,nan,nan,0.5,3.141592653589793,0.0,nan,nan,nan,nan,nan,0.4773851237455246,0.48022908799810954
51.152,17.772703028067173,0.6313189650431957,3.0733125070282807,0.49296625854749976,-0.0028795404769670677,17.783137648663445,0.5886444374901162,3.094648263725105,0.5048689430258382,0.005546097963369122,0.028774247202237088,0.18567831935757056,0.15511323596902288,0.014495020058637774,nan,nan,nan,0.5,3.141592653589793,0.0,nan,nan,nan,nan,nan,0.4773851237455246,0.48022908799810954
51.2,17.753041737252786,0.6326570378736627,3.073204104886333,0.492529375591677,-0.0027932678497635238,17.763178377828876,0.5935843810148146,3.0870770921213406,0.5036000899226801,0.041878139496778224,0.029453060021370058,0.18787349485441893,0.15640175817914592,0.014121125378020936,17.16345246990416,-0.5758580970878191,6.25329457329261,0.5,3.141592653589793,0.0,nan,nan,nan,nan,nan,0.48909507879882497,0.47572262221800143
51.25,17.723573623599968,0.6346666244619737,3.073012321432037,0.4921288951972203,-0.0035652643230591335,17.660308295984393,0.49205912001913277,3.0880691893898877,0.5107198528347571,0.003499675945710074,0.029420756137915813,0.1791583504079486,0.15128592183523776,0.014416355130225626,nan,nan,nan,0.5,3.141592653589793,0.0,nan,nan,nan,nan,nan,0.4938118376058696,0.47463241822429697
51.30200000000001,17.694140343115876,0.6366773179622691,3.0728124509241534,0.4912525806969278,-0.0027549968783549413,17.62989891826472,0.4961282869056756,3.082483970794067,0.5075058248223012,-0.009521673821354614,0.029839250619790623,0.18245095599880296,0.15326922571863652,0.01415161674551098,nan,nan,nan,0.5,3.141592653589793,0.0,nan,nan,nan,nan,nan,0.4601067238922115,0.4925719049306041
51.35,17.67455064997271,0.6380181364835882,3.072747962176574,0.49069150185451393,0.0,17.609653090565704,0.4973404354432427,3.0824759673353146,0.5057246303824753,0.0458652451967659,0.029846196243303143,0.18464343407140082,0.15458478949329146,0.014349527536790127,nan,nan,nan,0.5,3.141592653589793,0.0,nan,nan,nan,nan,nan,0.4601067238922115,0.4925719049306041
51.400000000000006,17.654978834214496,0.639359626166917,3.072740459901612,0.49033434379079993,0.0,17.58952553652001,0.49952703861601633,3.08019720178622,0.5042880285136027,-0.017035200997661877,0.03000766970903382,0.1868320944770776,0.15587842168689195,0.013993469112463021,18.87164477354483,0.8345225940684143,6.184823398867132,0.5,3.141592653589793,0.0,nan,nan,nan,nan,nan,0.48383606266362617,0.47698562788639737
51.452000000000005,17.625639562106535,0.6413734300218202,3.0727603802887375,0.4900350505062015,0.0004065729276121987,17.717171477792547,0.5287681120013596,3.0796238912293568,0.4822640522736089,0.016382508979700998,0.030020363704821227,0.1782997036497108,0.15083668769137928,0.01429072204902917,nan,nan,nan,0.5,3.141592653589793,0.0,nan,nan,nan,nan,nan,0.4569984606936639,0.5079186340372974
51.5,17.606074655656517,0.642718246872828,3.0728838133887972,0.49074478731378973,0.0035739467321135227,17.69792172980268,0.53044930825516,3.0790210288573228,0.484415932096116,0.012872164793577863,0.03010805091685047,0.18049889314428222,0.1521621803186923,0.013928724173440368,nan,nan,nan,0.5,3.141592653589793,0.0,nan,nan,nan,nan,nan,0.5026750980906627,0.5292007227465994
51.550000000000004,17.57662278333712,0.6447401601461211,3.0731492580163047,0.4928451097920078,0.0050732856995001204,17.668854989581238,0.532268151200582,3.079183864028283,0.4872010132710391,0.0012975379068115897,0.03010646743050967,0.18380242390594181,0.15414491099908423,0.0142280535111058,nan,nan,nan,0.5,3.141592653589793,0.0,nan,nan,nan,nan,nan,0.4972155906983366,0.5289837940665986
51.601000000000006,17.547065352876864,0.6467639347756394,3.0735201315788188,0.49436944271628497,0.0070360599656686534,17.649401099982487,0.5336852492054159,3.07799982462204,0.4886417950871037,-0.012346569628786715,0.030138559350708312,0.18600495497455932,0.1554424429751944,0.01387365876456969,nan,nan,nan,0.5,3.141592653589793,0.0,nan,nan,nan,nan,nan,0.48866030165810237,0.5298237889185113
51.651,17.527316443188038,0.6481129369996359,3.073846661739091,0.4951600029599083,0.008906416086328781,17.586398149556405,0.5781383419182213,3.077829587130285,0.4951367244054454,0.011289575060944055,0.030151016277112874,0.17764222466678475,0.150463007289788,0.014251780234949957,17.381532001339036,1.0112573587424407,1.0822299922952223,0.5,3.141592653589793,0.0,nan,nan,nan,nan,nan,0.47923141778838535,0.5354982375856795
51.7,17.507542285518763,0.6494599325243674,3.0742380514561285,0.4956050218000295,0.010090267764652959,17.56663027370629,0.5793996002694838,3.077966393041322,0.49539221537910694,0.004924271366493328,0.03015007712674522,0.1798554893152571,0.15180295274713107,0.014583711133881861,nan,nan,nan,0.5,3.141592653589793,0.0,nan,nan,nan,nan,nan,0.4784908920066989,0.5169971391920684
51.751000000000005,17.47786369622542,0.651475190381107,3.074880983091437,0.49590058321712177,0.011230082751836462,17.536874301378198,0.5797202468964725,3.081336591535795,0.49569079937230476,-0.009488371291213677,0.029878277209759538,0.18317777227373383,0.1537802639251104,0.014245325548379758,nan,nan,nan,0.5,3.141592653589793,0.0,nan,nan,nan,nan,nan,0.4755638062477618,0.5193881412610657
51.800000000000004,17.44816835768011,0.6534804095110476,3.075598325879148,0.496146655369626,0.012465862050426157,17.51708097845578,0.5809173040983403,3.0801826503110785,0.495873224920213,-0.02976901437978516,0.02987499790608594,0.18539104617091326,0.15509207646093817,0.014522610834443922,nan,nan,nan,0.5,3.141592653589793,0.0,nan,nan,nan,nan,nan,0.46389193260824935,0.520059034918605
51.85,17.428363477093253,0.6548093664991664,3.0761366521836315,0.4962850953580026,0.014134983019526596,17.483207530951304,0.5944834462765538,3.0844356317445856,0.4968132386542067,0.04178292330410978,0.02965849731635842,0.17674652724322096,0.14992498085614225,0.014242899457285895,17.466348319418454,0.7273440092638762,0.08152798282526015,0.5,3.141592653589793,0.0,nan,nan,nan,nan,nan,0.46389193260824935,0.530038785062634
51.900000000000006,17.408552911903293,0.6561312404043589,3.076705986455773,0.49639585024863014,0.013535211667187162,17.463367096466058,0.595616162983822,3.084576929104296,0.4968338690223704,0.003760660602367116,0.029653962205496664,0.17895864120997737,0.1512690000236026,0.0144396565192418,nan,nan,nan,0.5,3.141592653589793,0.0,nan,nan,nan,nan,nan,0.49727604315549623,0.4939939713806958
51.95,17.37883162699747,0.6581015477053929,3.0774168146665555,0.49647230578552437,0.010928291385097263,17.43352943207833,0.5959616109193628,3.0877147952550876,0.4968636890170665,-0.024446482558085052,0.02941789461871828,0.1822803100177035,0.15325250318375305,0.014171637845574998,nan,nan,nan,0.5,3.141592653589793,0.0,nan,nan,nan,nan,nan,0.4923565179041079,0.49897998384204983
52.0,17.35901429507722,0.6594050974797888,3.077844994693896,0.49652085921541705,0.010943186989531194,17.41368340248469,0.5970297212623575,3.0883496282851794,0.4968846397590646,0.011482193313233387,0.0294221887679295,0.1844939181974521,0.15456796428228023,0.014369138319139059,nan,nan,nan,0.5,3.141592653589793,0.0,nan,nan,nan,nan,nan,0.47524659688922377,0.516186698029623
52.050000000000004,17.329283334508098,0.661343979506943,3.0785114218096323,0.49659918047904605,0.01067204927104529,17.328084245091336,0.7529025639161995,3.0910534374631666,0.5061926335344709,0.013345826855596998,0.029249390083951353,0.17601122425798155,0.14947414900351946,0.01418837807970981,16.96608727985329,2.3442875587247918,11.763619430519807,0.5,3.141592653589793,0.0,nan,nan,nan,nan,nan,0.49035055954939205,0.5011756511555073
52.1,17.309466574416376,0.6626250770563902,3.0789128405078894,0.49623092620278497,0.009565653861043081,17.307876792657424,0.7539254286324643,3.0914147695642367,0.5047828898689581,0.017507709665607257,0.029249997738194273,0.17822450799730158,0.15082154371193343,0.01438547384461553,nan,nan,nan,0.5,3.141592653589793,0.0,nan,nan,nan,nan,nan,0.48078222415121397,0.482510373550743
52.150000000000006,17.276069976542118,0.6649371541805147,3.0791979034502774,0.664319997603202,0.0021667240798117853,17.275550209306214,0.7550402807627186,3.092743813184107,0.7076851700906058,-0.013364423385289108,0.029160053964217458,0.18154643496854858,0.1528114777132285,0.014110902035081571,nan,nan,nan,1.5,3.141592653589793,0.0,nan,nan,nan,nan,nan,4.50973312925824,4.507549554946806
52.2,17.24500845695382,0.6669316135032416,3.0793739048398026,0.8411864760118697,0.0033131852907900515,17.245528347949037,0.7565089222362933,3.0924466732145746,0.8781678057468977,-0.010071022159723872,0.029160158183159597,0.18374668282954162,0.15413617048156217,0.01430877954142045,nan,nan,nan,1.5,3.141592653589793,0.0,nan,nan,nan,nan,nan,4.214588047680922,4.233603537354651
52.25,17.186961218222983,0.6705020249209276,3.079708523728376,1.0513186542386155,0.004779488623681845,17.188404946206195,0.7588460878525569,3.0937450951292913,1.0867060537814979,0.004817210504302458,0.029091065893531214,0.1869656610700446,0.1560987950076854,0.014043981445462456,18.051943487945497,0.3737200957921374,3.1526085325823408,1.5,3.141592653589793,0.0,nan,nan,nan,nan,nan,3.9750358196868634,3.99279946809249
52.301,17.11846447730948,0.6746766918784007,3.0800387993948575,1.2009649671694052,0.005102469671283851,17.251164913833986,0.7251690145701366,3.0931850479657337,1.1722922552011443,-0.0005256556549643122,0.029081786588950633,0.17719758952468678,0.15036957293611566,0.014241297917388058,nan,nan,nan,1.5,3.141592653589793,0.0,nan,nan,nan,nan,nan,3.680224484435809,3.682660756550669
52.35,17.068633953010558,0.6777229081954133,3.0802371734186385,1.2743875496471568,0.0051438756516382165,17.178456911672566,0.7293613522187702,3.0917130944051117,1.2891294429614442,-0.008899951706180386,0.029179566528917723,0.18018592109195938,0.15239071997240283,0.013971928412655404,nan,nan,nan,1.5,3.141592653589793,0.0,nan,nan,nan,nan,nan,3.556818620689147,3.565693403278334
52.401,16.989328880838457,0.6825861926300087,3.08054053731031,1.3550053310685333,0.005581788647484378,17.126393372811656,0.7319676512754676,3.0916146564911804,1.343211831623724,0.006793645236831132,0.0291811675795086,0.18208470750121944,0.15373767211302197,0.014171258072007007,nan,nan,nan,1.5,3.141592653589793,0.0,nan,nan,nan,nan,nan,3.3810275564173184,3.4015164321211917
52.451,16.934230107979904,0.6859713747893219,3.0807559293213598,1.3938007103159247,0.005448860947895874,17.044603531174555,0.7369714753521293,3.0899850312880712,1.4048970418052928,-0.022926054956328067,0.029295807087261788,0.18479185963193645,0.1557246779735697,0.013910738486040838,nan,nan,nan,1.5,3.141592653589793,0.0,nan,nan,nan,nan,nan,3.30970356955412,3.318432661416364
52.5,16.87780024979126,0.6894375860158707,3.0809894380582534,1.4235667854649168,0.006422261746899177,16.908605352258327,0.6297460882123218,3.091245755739357,1.4376582875986645,0.018624282335510875,0.029257283713330428,0.1749110411472031,0.1499480020556798,0.01410854860619536,16.342896214102527,-0.5104312002363142,7.2894992807163685,1.5,3.141592653589793,0.0,nan,nan,nan,nan,nan,3.2049629722431985,3.2428727760923146
52.550000000000004,16.791374112451695,0.6947366784695683,3.08141494236478,1.4551508699534126,0.006847311077495914,16.821980317869482,0.637248963568977,3.08833151277579,1.4665220856090126,0.03348808806183783,0.029635930905564635,0.17742597232766874,0.15198931897410142,0.013855918072594295,nan,nan,nan,1.5,3.141592653589793,0.0,nan,nan,nan,nan,nan,3.1756391334675866,3.177029963107878
52.6,16.73289150928391,0.6983111182538385,3.08167567421069,1.469832098773022,0.006212836181717821,16.763272375869352,0.6403675653882458,3.0892308816207343,1.47892539121148,0.023905553959681778,0.02963525661586084,0.1790381804517528,0.1533534524420729,0.014056494503914736,nan,nan,nan,1.5,3.141592653589793,0.0,nan,nan,nan,nan,nan,3.1344882364529494,3.13326336181102
52.650000000000006,16.644281683308506,0.7037044659367705,3.0820286707138824,1.4856360158761501,0.005668006053376892,16.674356186436103,0.6450490472251151,3.089842735692332,1.4927635206122905,0.0309859123751182,0.02963644460108951,0.18137192557082515,0.15538637767086655,0.014354635160078899,nan,nan,nan,1.5,3.141592653589793,0.0,nan,nan,nan,nan,nan,3.11366437403567,3.1179310378603233
52.7,16.584772090040346,0.707308806380808,3.0822507560615215,1.4930198422789733,0.0053159666971174194,16.614601616732767,0.6469608092627006,3.0919922344210455,1.4987394898685016,0.01841288025317817,0.029521038470187652,0.18287812839178288,0.1566977579583806,0.013998469667889816,15.85000654432764,0.23096134201334245,2.696722670688758,1.5,3.141592653589793,0.0,nan,nan,nan,nan,nan,3.096579266803231,3.093863580859717
52.75,16.495061077281438,0.7127150699692332,3.082551692319856,1.500941417410272,0.004810464799960929,16.43481617097467,0.6153780558584705,3.0920572541310225,1.5087627255549585,-0.010492522705977777,0.029497989626274906,0.17402062700682397,0.15161170655970402,0.014294155832084172,nan,nan,nan,1.5,3.141592653589793,0.0,nan,nan,nan,nan,nan,3.085593858820652,3.0869841065802373
52.800000000000004,16.404977666849874,0.7181098200600351,3.082867857252236,1.5059121750651125,0.005859794187656043,16.374623935588826,0.6204008268888989,3.090248875217413,1.5107600084530843,0.0036243956184712385,0.029694495425586172,0.17550352850088452,0.15295571709289849,0.013945313140764927,nan,nan,nan,1.5,3.141592653589793,0.0,nan,nan,nan,nan,nan,3.058627628536102,3.0834424935276683
52.85,16.344788311159544,0.7216955484707075,3.083121431759211,1.5081961973279001,0.006532780995706028,16.284050697954374,0.6250825255240684,3.0897555615778005,1.512959883956847,-0.006040417378914367,0.029693081273820154,0.17768595972777398,0.15500762935367962,0.014245146813802794,nan,nan,nan,1.5,3.141592653589793,0.0,nan,nan,nan,nan,nan,3.05804018404509,3.077500088901649
52.900000000000006,16.284519321162065,0.7252707597930697,3.083400696893887,1.5099621431103831,0.007313434072385406,16.223957575409223,0.6350223964358399,3.083641216576728,1.513882795962081,0.013016650322741175,0.030282488099124715,0.1791155074421778,0.15632166950805412,0.013902219073052407,16.090811652361612,1.5684927882581152,3.236653853580084,1.5,3.141592653589793,0.0,nan,nan,nan,nan,nan,3.049551292572091,3.078741359665517
52.95,16.19400705991052,0.7306096413188319,3.0838925445661083,1.5118496465849804,0.008823447749001827,16.116837249090953,0.7236166481801788,3.0831234758379082,1.5154780551447857,-0.007232491295486827,0.030325191748245633,0.17081426354598625,0.15130163877964733,0.014277354286405544,nan,nan,nan,1.5,3.141592653589793,0.0,nan,nan,nan,nan,nan,3.0459814070591764,3.0788483693646254
53.001000000000005,16.103402486761308,0.7359140610466807,3.084497661880297,1.5130703894564956,0.01118876627055861,16.05616689172915,0.7242983044787427,3.0865299792663397,1.5157369045549816,-0.010887724375506736,0.030079081323598572,0.1722602798534609,0.15264739682266013,0.013914334654892176,nan,nan,nan,1.5,3.141592653589793,0.0,nan,nan,nan,nan,nan,3.0340329532622192,3.0852371428562293
53.051,16.042965042372348,0.7394275004690778,3.0849804061039237,1.5136296627941985,0.01251024939158701,15.965354691654515,0.7293087904476473,3.0866222399382828,1.5160040127722068,0.0063674413934989415,0.030080599229295114,0.17440615382988728,0.154713796584078,0.014292882063221074,nan,nan,nan,1.5,3.141592653589793,0.0,nan,nan,nan,nan,nan,3.0366236050720734,3.081083097588039
53.1,15.982506919119414,0.7429202467165672,3.085501674035959,1.5140627356830525,0.013177003899850733,15.905216336143596,0.7403264253955624,3.078566445369839,1.5160923547366,-0.016810561395904627,0.030686085476427483,0.17582147801658707,0.1560285541185985,0.014001842402295508,nan,nan,nan,1.5,3.141592653589793,0.0,nan,nan,nan,nan,nan,3.0425884476741896,3.073516729695637
53.153000000000006,15.891791132098007,0.7481153623458778,3.0863404930092733,1.51451039116824,0.015299438089866769,15.82386335374185,0.7298503791730979,3.0790782932818983,1.5158587851899736,-0.012022334534790926,0.030676516869917726,0.1679075632255213,0.15094319137289278,0.014294153414487367,15.958106693091342,0.5625387323277837,0.1420712825201278,1.5,3.141592653589793,0.0,nan,nan,nan,nan,nan,3.022707977350843,3.092235325769354
53.2,15.831299483287863,0.7515448335946315,3.0870116786995685,1.51472439493068,0.01756941776775753,15.763346422968558,0.7336366699454959,3.0793675649859846,1.5159437601287045,0.009305552174780332,0.030678631912158572,0.16935287757658896,0.1523446858202995,0.01462514857127616,nan,nan,nan,1.5,3.141592653589793,0.0,nan,nan,nan,nan,nan,3.022707977350843,3.092235325769354
53.252,15.740545443374527,0.7566312925927701,3.0881463096602135,1.5149473237374171,0.01950256818220638,15.672490337658534,0.7379660392756633,3.081500093215219,1.516018095172348,0.02516922180892997,0.030582687153688615,0.1715047181437753,0.15436956322940215,0.014284324836027209,nan,nan,nan,1.5,3.141592653589793,0.0,nan,nan,nan,nan,nan,3.0308358577364682,3.083055332561101
53.300000000000004,15.680034377408829,0.7599795622523989,3.0889364431929276,1.515041790304783,0.01969759021762877,15.611958353240636,0.7415966957484451,3.0818150820126213,1.5160237321122862,0.0033993634836767487,0.03058006009811645,0.17292813130803414,0.1557462803135363,0.014480852731923463,nan,nan,nan,1.5,3.141592653589793,0.0,nan,nan,nan,nan,nan,3.039567700187332,3.073299580220689
53.351000000000006,15.589259178969353,0.7649312964311134,3.0901165684967555,1.515109359637721,0.019845678150641637,15.438102817699704,0.6604312417516466,3.0821415411703468,1.5185368296431632,0.011198735952289417,0.030578810634696998,0.16535133305143274,0.15053831650826557,0.01420150638957179,14.776229742553134,-0.23632433325464186,5.663147228881419,1.5,3.141592653589793,0.0,nan,nan,nan,nan,nan,3.0341910759833675,3.077850682162786
53.401,15.498482109212247,0.7697907447063004,3.091329061429351,1.5149287053196034,0.02046475639013415,15.377475489828212,0.664037595193725,3.0823112360981337,1.5178711597379095,0.006876952724292726,0.03057807760118147,0.1668078664971989,0.15194757457767447,0.014398857788964933,nan,nan,nan,1.5,3.141592653589793,0.0,nan,nan,nan,nan,nan,3.0297011224322157,3.073881804756957
53.451,15.437968642421092,0.7729760367081372,3.0921612157901337,1.5148005700252982,0.021022654214596592,15.286617110657133,0.6700994375825937,3.0839098489115706,1.5171121902788685,0.044721788261500015,0.03063357671929306,0.16897914547796827,0.15397802117849568,0.014136278331924957,nan,nan,nan,1.5,3.141592653589793,0.0,nan,nan,nan,nan,nan,3.028482270309672,3.0762041086083665
53.5,15.347201008348238,0.7776694361854335,3.093399123529991,1.5146884556617928,0.01986409290601069,15.226036333908203,0.6735817527237776,3.084913199157027,1.5167587183256688,0.02529816685964113,0.03063163378776064,0.17041684928814552,0.1553617198006688,0.014334310656807991,nan,nan,nan,1.5,3.141592653589793,0.0,nan,nan,nan,nan,nan,3.0464403591529092,3.059667318628309
53.551,15.286689053268809,0.7807410286064012,3.0941769832276065,1.514641307064722,0.019309676575821368,15.090501271131282,0.6443417685709648,3.0872198589179405,1.5177447849599177,0.018720436306066752,0.03054354285398467,0.16325259162634462,0.15020880477377588,0.01415273381291616,14.740103370186505,0.29832142413676216,1.1680117992582675,1.5,3.141592653589793,0.0,nan,nan,nan,nan,nan,3.040003778659844,3.0663263790646895
53.6,15.226177316125936,0.783765899657398,3.0949412476144635,1.5145479582957848,0.018977177047381815,15.029886935929058,0.6476395827992855,3.0879175304910333,1.51719070668141,0.027539381072298124,0.03054469394329136,0.16472440200194283,0.15162403143437583,0.014347564819422655,nan,nan,nan,1.5,3.141592653589793,0.0,nan,nan,nan,nan,nan,3.038638092531054,3.063846626042737
53.650000000000006,15.135413823194414,0.788215941525969,3.0960559072263276,1.5143969729101954,0.018157359657186574,14.939063376316176,0.653646893036557,3.087118842630823,1.5165560341923874,0.009962676439184665,0.030619531210992743,0.16691900419920438,0.1536583739450331,0.014148723350550983,nan,nan,nan,1.5,3.141592653589793,0.0,nan,nan,nan,nan,nan,3.043345151932418,3.0599422661428255
53.7,15.044652352499757,0.7925622656527219,3.0971374516277046,1.5143075403986768,0.018186129718129756,14.87849224832463,0.6569124493008884,3.088624060548672,1.5162567433994285,0.01407679422173855,0.03062013003391489,0.16837237521021625,0.15504743111535965,0.014346083333899012,nan,nan,nan,1.5,3.141592653589793,0.0,nan,nan,nan,nan,nan,3.035382177112787,3.0689814567199054
53.751000000000005,14.984143862414042,0.7954026455682073,3.0978646465693815,1.514277932133234,0.01812204965531948,14.787912356340048,0.6663884472692706,3.086189689592401,1.515905219547492,0.025845565330445772,0.030922693273892,0.17053596420028774,0.157037116578605,0.01407637152381386,15.981825818847067,0.7582461805132898,5.138970767627073,1.5,3.141592653589793,0.0,nan,nan,nan,nan,nan,3.039971918220136,3.0653853432997686
53.800000000000004,14.893378887977105,0.7995786314184721,3.098942001448264,1.5142500630425697,0.017820597034907796,14.851886934559618,0.6770595130773983,3.085876273183869,1.5119754871944393,0.00731125639284413,0.030930481472589474,0.16289076559822566,0.1512412497185122,0.014266952590728408,nan,nan,nan,1.5,3.141592653589793,0.0,nan,nan,nan,nan,nan,3.039971918220136,3.0647360613998966
53.85,14.832862421379293,0.8023068285480053,3.099665307107837,1.514453585629784,0.018345604462617925,14.761419623842828,0.6844160996152892,3.0843977788754042,1.5129839460925627,0.017435676102880115,0.031085687241773803,0.16510633869504246,0.15328000863324975,0.013994138061402999,nan,nan,nan,1.5,3.141592653589793,0.0,nan,nan,nan,nan,nan,3.037404699479986,3.078493702839483
53.900000000000006,14.742069140807324,0.8063150790069283,3.1007939341163473,1.5146789635801352,0.019063278424358978,14.70099235411219,0.6878508289531734,3.085417796107854,1.5135043975717368,0.011578903460811897,0.031085159955007095,0.1665739852873664,0.1546737964022722,0.014193101992430937,nan,nan,nan,1.5,3.141592653589793,0.0,nan,nan,nan,nan,nan,3.034901619874615,3.0751103637922386
53.95,14.681533543287829,0.8089309521182209,3.1015672408503248,1.51472583694334,0.019498232974691703,14.610342802005281,0.6934650620302495,3.0867233254765116,1.5140401608329281,0.041066081268335566,0.031123821491002547,0.16875914668370987,0.15666766031635954,0.01392965062948215,nan,nan,nan,1.5,3.141592653589793,0.0,nan,nan,nan,nan,nan,3.034901619874615,3.075085634129746
54.001000000000005,14.590725876181374,0.8127699987777837,3.102711538923551,1.5147087587330774,0.018430233530618033,14.557892550897007,0.6246417791618813,3.0891199641945013,1.5130571559576929,0.036379251875227246,0.031070713186549127,0.16200655086121124,0.15151629441311856,0.01422042243119759,14.945237515060676,-0.12008468095101243,2.8953439199481283,1.5,3.141592653589793,0.0,nan,nan,nan,nan,nan,3.0431529438191682,3.0675160760411013
54.051,14.530184884504258,0.8152730695310856,3.10343659498723,1.514747581169975,0.018022429396136658,14.497390190554741,0.6267656799445034,3.0902978078346504,1.5135262764862578,0.003245617524598408,0.0309984568606435,0.16349422354084805,0.1528512273987231,0.013866713584100554,nan,nan,nan,1.5,3.141592653589793,0.0,nan,nan,nan,nan,nan,3.0431529438191682,3.0675160760411013
54.1,14.439368302059822,0.8189430095290643,3.104519658538171,1.5147427525436785,0.01820722772732751,14.436926068944699,0.6298823086949159,3.0898846831491316,1.5138448024599147,0.0014712692196756714,0.030997868219776053,0.1649744348769975,0.15424955540356552,0.014067051401026029,nan,nan,nan,1.5,3.141592653589793,0.0,nan,nan,nan,nan,nan,3.03704840672878,3.0708534227838022
54.151,14.37882351670007,0.8213333400290033,3.105257582135993,1.5146873608267324,0.018596864702998397,14.34620673841282,0.634528812182564,3.0914762355164296,1.5141804347502246,0.01595870848511259,0.03099982627948612,0.1671786882834854,0.15633282435859291,0.014364848674198323,nan,nan,nan,1.5,3.141592653589793,0.0,nan,nan,nan,nan,nan,3.034636531504346,3.07161747996427
54.201,14.37882351670007,0.8213333400290033,3.105257582135993,1.5146873608267324,0.018596864702998397,14.34620673841282,0.634528812182564,3.0914762355164296,1.5141804347502246,0.01595870848511259,0.03099982627948612,0.1671786882834854,0.15633282435859291,0.014364848674198323,nan,nan,nan,1.5,3.141592653589793,0.0,nan,nan,nan,nan,nan,3.034636531504346,3.07161747996427
54.25,14.227466954310819,0.8271138253448675,3.107066639528088,1.5144775692183314,0.016998016095480687,14.221003833065627,0.6429325435418818,3.092570777089737,1.5136841687987337,-0.002994819553982034,0.03101125253969745,0.1620425365050073,0.15245737645886512,0.014297397770852672,14.540141931138427,0.6478331557381645,0.23285308497653262,1.5,3.141592653589793,0.0,nan,nan,nan,nan,nan,3.0487675685766353,3.0546931588526816
54.303000000000004,14.136657620702543,0.8304500933875459,3.108074265058801,1.514390934917961,0.01704633235653737,14.160143808764124,0.6388210074105879,3.099632002944775,1.5138939051826064,0.07030364714893786,0.03057336815293714,0.163533380807525,0.15378115882304308,0.013948050502706226,nan,nan,nan,1.5,3.141592653589793,0.0,nan,nan,nan,nan,nan,3.0353250117014947,3.069302610414503
54.35,14.076118852338876,0.832621034559219,3.1086944980357454,1.5143271158314735,0.014020177299728358,14.069384092408795,0.6426075609321217,3.100427848145042,1.514109032250194,0.021122605662148145,0.0305675178933826,0.1657541700933056,0.15587036980632982,0.014247671560497117,nan,nan,nan,1.5,3.141592653589793,0.0,nan,nan,nan,nan,nan,3.0743644817066196,3.028939235998629
54.405,13.985314278540343,0.8358028433266581,3.109413392711743,1.5141965123646675,0.011139934252463663,14.026344964495095,0.6674712101389574,3.1008039497002517,1.5125884667880678,0.02598978061326312,0.03070280413240643,0.1593453999705593,0.15064351211877425,0.013996047762036959,14.483312070545242,0.8634338152211681,0.9803900916584605,1.5,3.141592653589793,0.0,nan,nan,nan,nan,nan,3.063505980881488,3.0469482924125315
54.452000000000005,13.924780525896303,0.8378771036226571,3.109815902509895,1.51411125320082,0.009283706368040571,13.96588761169636,0.6699191338995232,3.1008560664847273,1.512900760515868,-0.017118313461963564,0.030697966018039057,0.16085452575668696,0.1520644899975346,0.014193073768685947,nan,nan,nan,1.5,3.141592653589793,0.0,nan,nan,nan,nan,nan,3.0410766414735484,3.063147109473779
54.5,13.864248147518612,0.8399172341250719,3.1101651158395143,1.5140798561981295,0.008925769982263122,13.875108763351164,0.6722543424998518,3.1010317442092035,1.5133830519276128,-0.017916882304774794,0.03061143442196352,0.16310353222719678,0.154091289254286,0.014018495774772474,nan,nan,nan,1.5,3.141592653589793,0.0,nan,nan,nan,nan,nan,3.0410766414735484,3.063147109473779
54.550000000000004,13.773448255552067,0.8429174315449688,3.110727911779263,1.5140520063691931,0.009487870003683641,13.814620162866476,0.6746869445540987,3.1017860956176637,1.5135940216938195,-0.0015850168464112814,0.030613503375556395,0.1645921211909609,0.15548531570108587,0.014217878886914084,nan,nan,nan,1.5,3.141592653589793,0.0,nan,nan,nan,nan,nan,3.045000455191052,3.05755134562376
54.602000000000004,13.682650181186082,0.8458520460584659,3.1112908717552075,1.5139638429225752,0.009227257034428487,13.753686771153399,0.6683807748830927,3.108512652314042,1.5137246758093856,0.01415386532423261,0.030087883944039266,0.16607108511275717,0.15678023891958104,0.013864800363354442,nan,nan,nan,1.5,3.141592653589793,0.0,nan,nan,nan,nan,nan,3.0465745994075655,3.0542277942707234
54.650000000000006,13.622120566590125,0.8477748513104104,3.111627301524484,1.5138877102336536,0.007656370960722569,13.611819217431158,0.6980757291999483,3.108241852304759,1.5155091383195238,-0.0036309244909884268,0.030104639216240424,0.1597506221209044,0.15161922585686444,0.014156223454978358,13.215574615214148,0.9621553551207384,1.239656669642922,1.5,3.141592653589793,0.0,nan,nan,nan,nan,nan,3.0622554892454277,3.037468708295693
54.7,13.561594342665671,0.8496729394688772,3.1118931736632147,1.5137425406012848,0.006237072878999965,13.551235789155543,0.700069931049418,3.1099696169620277,1.5151262491487587,0.029042746703760447,0.030109172822023744,0.16126037293852905,0.1530356982490364,0.014354808760164378,nan,nan,nan,1.5,3.141592653589793,0.0,nan,nan,nan,nan,nan,3.051504197075794,3.042091156018936
54.75,13.470817607226214,0.852476524011698,3.1122623894650254,1.5134844367485027,0.0069031004530091325,13.460606236338544,0.7076931546514015,3.1067141723008005,1.5146961120753952,0.04672138409105794,0.030391387715423338,0.16350880213023078,0.15504917538385635,0.014098908353694147,nan,nan,nan,1.5,3.141592653589793,0.0,nan,nan,nan,nan,nan,3.0292758404072995,3.065216403385957
54.801,13.380051787900632,0.8552326252877062,3.112641962335653,1.513305512932749,0.004647745537131295,13.400057786537271,0.7098168246811577,3.106015906420116,1.5144791781024698,-0.0038776185030603245,0.03038499164372531,0.16499623756168866,0.15643895522888798,0.014298053784111362,nan,nan,nan,1.5,3.141592653589793,0.0,nan,nan,nan,nan,nan,3.069476606703606,3.0250749781384276
54.85,13.31954581780073,0.8570474986292044,3.1127910256769558,1.513210069576281,0.0036142339523906226,13.344130943638596,0.6789544226373513,3.1048362981240167,1.5129527403633949,-0.005853711319900685,0.030533982208401037,0.15870973786171752,0.1511296799432916,0.01403988313208963,13.685578228476482,0.30653049146219524,1.0372644776586482,1.5,3.141592653589793,0.0,nan,nan,nan,nan,nan,3.04797514461591,3.0465032832397765
54.900000000000006,13.228789487991168,0.8597387383985535,3.113007461264578,1.5131948278986553,0.0036656105506189273,13.283651576638947,0.6811733923986956,3.104389764816629,1.5131362796279126,-0.022537150945626278,0.030531830866850188,0.1602262685886434,0.15254952631635532,0.01423961345129426,nan,nan,nan,1.5,3.141592653589793,0.0,nan,nan,nan,nan,nan,3.047197351367224,3.051212752687518
54.954,13.168284464117116,0.8615143968089631,3.1131699030732816,1.5131873029853626,0.004385817076011621,13.19273888202224,0.6804823458313516,3.1078908349020935,1.5133231984989803,0.004576117866270826,0.030293243635537523,0.16248565815161117,0.15456935422016,0.013998132983906597,nan,nan,nan,1.5,3.141592653589793,0.0,nan,nan,nan,nan,nan,3.0390644452245117,3.0581382270552813
55.0,13.107779742961034,0.8632764668751808,3.113353640649928,1.5131622966894427,0.004365263362167417,13.132239574935575,0.6825182102145719,3.1079269296995697,1.5133816487683367,-0.002821578960105129,0.030292514657765317,0.16398071572516823,0.15596230163893413,0.014198301438423327,nan,nan,nan,1.5,3.141592653589793,0.0,nan,nan,nan,nan,nan,3.0543793905149528,3.041596365226688
55.051,13.017025103233733,0.8658969614192742,3.1135680345025767,1.5130917902228336,0.0031562513443271515,13.019001772010554,0.6810725285352078,3.108317158062861,1.51422150993628,-0.007509569234183455,0.030275983899373568,0.15785210300117522,0.1507213589373057,0.013939711497589298,12.843997320947535,0.6357659491990979,0.1955997989184402,1.5,3.141592653589793,0.0,nan,nan,nan,nan,nan,3.0478123481952717,3.04408831529924
55.1,12.92627632427682,0.868492252917919,3.1137338995991364,1.5129436110828756,0.002538758390429718,12.958468389589596,0.6830825659595853,3.1086672553605172,1.5140218909295857,0.005213958846000499,0.030277641962538793,0.15937619044574242,0.1521440843301314,0.014140439995117774,nan,nan,nan,1.5,3.141592653589793,0.0,nan,nan,nan,nan,nan,3.0478123481952717,3.04408831529924
55.150000000000006,12.865782124814968,0.8702102079064877,3.1138162558323144,1.5128449480914712,0.001714025208815427,12.867644359332367,0.6851902872776144,3.1098745768357556,1.5137823134960782,-0.009773876036941794,0.030225793029384156,0.16164673525996798,0.15416919189765177,0.013898307956014884,nan,nan,nan,1.5,3.141592653589793,0.0,nan,nan,nan,nan,nan,3.053211159619485,3.03858726634863
55.2,12.805291287468132,0.8719197814119424,3.1138679606540878,1.5127605682549263,0.0,12.807124774039018,0.6871086970005453,3.109764771553243,1.5136576975926705,-0.007956066322769018,0.030226001014195578,0.1631490694831032,0.15556468170495177,0.014099456770639923,nan,nan,nan,1.5,3.141592653589793,0.0,nan,nan,nan,nan,nan,3.0488832258082543,3.0429448167855786
55.25,12.714560121194665,0.8744706220019721,3.1139203127949613,1.5126577267942478,0.0,12.715981883576214,0.6809774463281459,3.115419925336509,1.5135026143671417,-0.01499416054180096,0.02969946619300119,0.16538385071730946,0.1575447128050144,0.013862409967375878,12.694731084948812,1.001158948472693,0.37463735713926516,1.5,3.141592653589793,0.0,nan,nan,nan,nan,nan,3.0491319837752666,3.042387021649156
55.300000000000004,12.654075680257796,0.8761639686267853,3.113933093092453,1.512597262446746,0.0,12.65324155587118,0.7115197200376995,3.1153680226777105,1.5135144980065702,0.021956147000376673,0.02972649216884295,0.1585466752810187,0.15168769062485962,0.014054442205183286,nan,nan,nan,1.5,3.141592653589793,0.0,nan,nan,nan,nan,nan,3.054563672600401,3.0367454517822505
55.35,12.563353159683613,0.8786969283723461,3.1138647884580237,1.51250942119241,-0.0024243593387847885,12.562648318739788,0.7185363278619623,3.11134632923208,1.5133671608110522,-0.01609860681667665,0.030007356603328483,0.16082590612080597,0.1537186951745538,0.013809940715242684,nan,nan,nan,1.5,3.141592653589793,0.0,nan,nan,nan,nan,nan,3.0687791305652072,3.021818617998831
55.406000000000006,12.472636405376848,0.8812265715036356,3.113668076460294,1.5124137622901426,-0.003179169711347767,12.471891543036536,0.7213154394851222,3.1106905222671557,1.5132409158510587,0.003790630238199363,0.030009423027722096,0.163084841409728,0.1558131743158405,0.014112402112184395,nan,nan,nan,1.5,3.141592653589793,0.0,nan,nan,nan,nan,nan,3.042946031418113,3.0470258257192375
55.451,12.412161319492995,0.8829131602681092,3.113555711565234,1.5123619021677566,-0.0025531677941270777,12.411528657865887,0.7267209141504407,3.1082800471403775,1.5131650074544925,-0.011338189848862458,0.030217385787177836,0.16457831136991385,0.15710268089968318,0.013772692478588986,nan,nan,nan,1.5,3.141592653589793,0.0,nan,nan,nan,nan,nan,3.0438855772145406,3.0470258257192375
55.501000000000005,12.321452527095678,0.8854466172343329,3.1134284938154146,1.5122893272551212,-0.001874008384609811,12.423819291821316,0.6105156099669055,3.1098672387543447,1.510368735311858,-0.005436536931073123,0.030127550203658517,0.15772975010504048,0.15118782843245004,0.013965363040320993,13.114629714208009,-0.5741665468533184,8.102226834859621,1.5,3.141592653589793,0.0,nan,nan,nan,nan,nan,3.0438855772145406,3.0457700833235055
55.551,12.260979046803701,0.8871394146470071,3.1133528404980013,1.5124012565646714,-0.001966555177028223,12.333062549553114,0.6090461796490854,3.112247104127439,1.51116229276013,-0.012155956318869275,0.02985572401897081,0.16001660839958118,0.1532254798632759,0.01373180567593043,nan,nan,nan,1.5,3.141592653589793,0.0,nan,nan,nan,nan,nan,3.0524035885595846,3.0451224516407716
55.601000000000006,12.170260874451403,0.8896854017740214,3.1132227978460576,1.5125134300172807,-0.0023271708488731605,12.272637591668307,0.6108097349412167,3.1125132809437304,1.5115638723654634,-0.004891094014993497,0.029856743692566294,0.16153059452908752,0.15462664816217978,0.013934602796899622,nan,nan,nan,1.5,3.141592653589793,0.0,nan,nan,nan,nan,nan,3.051669497625385,3.042917755592149
55.651,12.10978073995883,0.8913879273626664,3.113117371963661,1.5125169214593102,-0.002852301982391315,12.181972382085167,0.6134437083531342,3.1123825519129067,1.511994468886637,0.0009485807745572528,0.029857492360668574,0.16378372463367233,0.1567139800982602,0.014235935101364835,nan,nan,nan,1.5,3.141592653589793,0.0,nan,nan,nan,nan,nan,3.053937844691005,3.0388664760922555
55.7,12.049301310538521,0.893095370686825,3.1129881799163,1.512488594786803,-0.0034899658809249444,12.121863290614744,0.6246081526379089,3.106101053446701,1.5121597631812538,0.011390090787711209,0.030401292271304815,0.16527300001595274,0.15799359396464724,0.013894956987786537,12.252539986000299,0.49742355954171624,0.12036464370566516,1.5,3.141592653589793,0.0,nan,nan,nan,nan,nan,3.0549858140482793,3.0359269937271285
55.751000000000005,11.95858565474054,0.8956669256878651,3.1127777129633354,1.512428344799518,-0.0029279666228974196,12.044127854451872,0.6162488686859583,3.1059996539867445,1.5119657544684608,0.007263001492427846,0.0303918775395937,0.15921634383485722,0.15278403620074818,0.01418703864272505,nan,nan,nan,1.5,3.141592653589793,0.0,nan,nan,nan,nan,nan,3.0384008819993613,3.0526404594570082
55.801,11.867874134355352,0.8982514509456336,3.1126296385199193,1.5123547261859938,-0.002447080192965873,11.983756433715532,0.6203080189034934,3.1047301156182705,1.5121087153571098,0.007350674889602521,0.03050731289203183,0.1607352979431327,0.15410087258504104,0.013851856048797816,nan,nan,nan,1.5,3.141592653589793,0.0,nan,nan,nan,nan,nan,3.0470307066932443,3.042782171810335
55.85,11.80740305421361,0.8999822092918421,3.112535062903192,1.5122863846906673,-0.0022901021711159474,11.893088384411493,0.6236561110483853,3.104463848251819,1.51225202685348,-0.0025046232309241996,0.030506091271147184,0.162996476055996,0.15619293255770464,0.014154322697833588,nan,nan,nan,1.5,3.141592653589793,0.0,nan,nan,nan,nan,nan,3.044459996592644,3.0443185634771326
55.902,11.716702142157526,0.9025892244804085,3.1124207002334816,1.5121743075434646,0.0,11.832679664091764,0.6269866604562695,3.103918933572645,1.5122934714729597,0.013159726699302215,0.030570659357156197,0.1644913379415664,0.15747816781722893,0.01382301062095141,11.482161807654562,0.8335032943006293,0.5984830648401979,1.5,3.141592653589793,0.0,nan,nan,nan,nan,nan,3.039411564352174,3.0483244598858183
55.95,11.656239011393637,0.90433403514808,3.112363992462179,1.5120935548729149,0.0,11.7076357256043,0.6491314802252146,3.1034677865359868,1.513362346534999,-0.024640563045696097,0.03057961114967526,0.15855503318945005,0.15234140872867374,0.014116319475551807,nan,nan,nan,1.5,3.141592653589793,0.0,nan,nan,nan,nan,nan,3.044302059989375,3.0426949568165305
56.0,11.565553005577735,0.9069598110974897,3.112325549137869,1.5118890639388638,0.0,11.647053785484056,0.6488956802737268,3.1054581340219016,1.5130953555333926,-0.010766725180112732,0.03042491117324372,0.16007942145326992,0.15366293595333427,0.013776498670275913,nan,nan,nan,1.5,3.141592653589793,0.0,nan,nan,nan,nan,nan,3.026377227944685,3.0567450463483525
56.050000000000004,11.505102777918934,0.9087144960023678,3.1123636772523056,1.5117638362749362,0.0,11.556335140569375,0.6522066469312413,3.105093407656847,1.51278343292704,0.007880118409149026,0.030426686299533448,0.1623486492611927,0.155758881839254,0.014159594810001418,nan,nan,nan,1.5,3.141592653589793,0.0,nan,nan,nan,nan,nan,3.034804714336026,3.0484637651851614
56.1,11.444656982822574,0.9104716635881804,3.11241465998954,1.5116648982218883,0.0,11.49576004184149,0.6515534183201636,3.10736187812614,1.5126286126630644,0.003873073996565621,0.03025753663650179,0.16384881919670102,0.1570485736639309,0.013814264729839796,nan,nan,nan,1.5,3.141592653589793,0.0,nan,nan,nan,nan,nan,3.041682164080837,3.041882911613056
56.150000000000006,11.353994689735131,0.9131100500455647,3.1124718729280056,1.5115470945222855,0.0,11.48225647115265,0.7026430263473049,3.107210718269018,1.509969886876423,-0.002018012870331676,0.030296893347306873,0.1578783981048836,0.15185335321466514,0.0141069146611933,12.255493269887603,1.185087491088459,3.2846704163298908,1.5,3.141592653589793,0.0,nan,nan,nan,nan,nan,3.043227413221812,3.040170692630855
56.2,11.263333442707381,0.9157496121800615,3.1125094669741973,1.511644720707198,0.0,11.421888331695552,0.7047305292309748,3.1065828375709117,1.5104876233970026,-0.009591014467445863,0.030295723492839412,0.159407152978675,0.15327050548986412,0.014306718231648004,nan,nan,nan,1.5,3.141592653589793,0.0,nan,nan,nan,nan,nan,3.0390263043889236,3.0497718937482574
56.251000000000005,11.202888381673958,0.9175089181971464,3.1125447194812668,1.5116995083873175,0.0,11.330999407701864,0.6995868992340336,3.1113419119266865,1.5110482994645393,-0.014612905652524112,0.029803815962851015,0.16168337322149604,0.1552795563899692,0.014057888992832532,nan,nan,nan,1.5,3.141592653589793,0.0,nan,nan,nan,nan,nan,3.0390263043889236,3.0497718937482574
56.301,11.112219214832907,0.9201462646644084,3.1126158817781024,1.5116993545212136,0.0,11.270583263122269,0.7014300311942923,3.1109618916631074,1.5112709146992662,0.001074089981927959,0.02980544482814805,0.16318872149873875,0.15666985835676878,0.014255327036651796,nan,nan,nan,1.5,3.141592653589793,0.0,nan,nan,nan,nan,nan,3.04288768415232,3.043676070809023
56.35,11.05177433078818,0.9219031896192957,3.112647812099888,1.5116606087676367,0.0,11.086405197529784,0.7823453141201893,3.102284238360891,1.5149766053168177,0.003023266666365036,0.03043367544681949,0.15718676087976816,0.1513266521391503,0.014085404859442917,10.253844927106314,1.458118802073348,5.318727467903827,1.5,3.141592653589793,0.0,nan,nan,nan,nan,nan,3.0478236024815266,3.0375087610406726
56.402,10.961118061309172,0.9245354201583739,3.1126875339892197,1.5113059369329709,0.0,11.025860587348518,0.7847102389896444,3.1022223051818134,1.5141880370783574,-0.019589989777498963,0.030430840418836796,0.15871924944525606,0.152747305235204,0.014284978327559513,nan,nan,nan,1.5,3.141592653589793,0.0,nan,nan,nan,nan,nan,3.029457300066585,3.044009161337119
56.45,10.90069390944174,0.9262872526032009,3.1127651342330656,1.511076267337922,0.002567649702342142,10.935061584746604,0.7872537222764627,3.1016891649780582,1.5132971204422176,-0.022139716045193932,0.03036711308647208,0.1610014353385479,0.15476405348982353,0.014038242494595028,nan,nan,nan,1.5,3.141592653589793,0.0,nan,nan,nan,nan,nan,3.0209503974091145,3.0541723668560525
56.501000000000005,10.810070231744106,0.9289081846330215,3.1130046261044946,1.510868297852284,0.004991956964379397,10.874582512521659,0.7896786878152321,3.101489799757397,1.5128930635868176,0.0021690345850301504,0.03036956004752908,0.16251094214817072,0.15615761670250325,0.014238261488444336,nan,nan,nan,1.5,3.141592653589793,0.0,nan,nan,nan,nan,nan,3.0199352260964996,3.0571954320549763
56.550000000000004,10.749659523601093,0.9306491113733106,3.113222563391177,1.5107807525133372,0.0055833465754546495,10.76549023499588,0.7808488715919384,3.1027611228460152,1.5130783833284422,0.001396199606509936,0.030225686021103513,0.15661151031259382,0.1508882598897878,0.013974651595533736,10.62533303539019,0.6770282238983742,0.17491871631608255,1.5,3.141592653589793,0.0,nan,nan,nan,nan,nan,3.029442922941865,3.0482552525964697
56.601000000000006,10.65904931993286,0.9332472955775613,3.113571881672569,1.5106506212134243,0.005946310778461402,10.67478359886806,0.7843207441993332,3.103889862788453,1.5125315661587069,-0.002275604638861903,0.03022977375350591,0.1589137178262081,0.153019887163113,0.014274990652046897,nan,nan,nan,1.5,3.141592653589793,0.0,nan,nan,nan,nan,nan,3.044576523570946,3.0324221757528775
56.650000000000006,10.598646244497456,0.9349689576744693,3.113783265557395,1.5105827575680755,0.004780159245353665,10.614608730316217,0.794183813755591,3.098396609119755,1.5122580334036249,-0.004073930480389147,0.030680365459811614,0.16043736705497197,0.15433387430834294,0.013929070802101538,nan,nan,nan,1.5,3.141592653589793,0.0,nan,nan,nan,nan,nan,3.044576523570946,3.0324221757528775
56.7,10.508044925749864,0.9375332283217338,3.1140835844866532,1.510521608399491,0.005836928823501483,10.554176608171202,0.7967865375919526,3.098748333462199,1.5120497107176414,0.002269085608571122,0.0306809778462164,0.16195147071269092,0.15572971995569104,0.014130090722131821,nan,nan,nan,1.5,3.141592653589793,0.0,nan,nan,nan,nan,nan,3.021709419366612,3.0559921939534105
56.752,10.44764521771934,0.9392287745125272,3.114344061664274,1.5104939795270353,0.006857355407258392,10.36329663928407,0.8006137391128993,3.1007646106755367,1.51544936562906,0.018412812086866685,0.03056852132519313,0.15613752363977604,0.1505220901903564,0.013877165485210731,9.457075265748804,0.8157087103476282,3.884369052438403,1.5,3.141592653589793,0.0,nan,nan,nan,nan,nan,3.027093496585991,3.0505516091754625
56.801,10.357046858701112,0.9417491200427094,3.1147907408914084,1.5104590451145359,0.00776582357017979,10.30273717464215,0.803085308843821,3.099438076377325,1.5146816393467224,-0.04496797444060077,0.03056025341844156,0.1576787868229654,0.15194752017671215,0.014161131546354172,nan,nan,nan,1.5,3.141592653589793,0.0,nan,nan,nan,nan,nan,3.027093496585991,3.0505516091754625
56.852000000000004,10.296652717376508,0.9434112035013179,3.115157087285661,1.5102531113211106,0.01018329422492376,10.211593828719227,0.7972964974400262,3.1064397524295053,1.5135477784814306,0.001212839652541502,0.029986959575965144,0.15997410532230585,0.15397525618138783,0.014056069166230478,nan,nan,nan,1.5,3.141592653589793,0.0,nan,nan,nan,nan,nan,3.001682148870948,3.06681817547339
56.906000000000006,10.206073938780467,0.9458729560324349,3.115809109627196,1.5100454135879526,0.010450005660725702,10.151095053764333,0.7994096909577589,3.1076037660780127,1.5129535236013298,0.030089954379594906,0.029990813290583885,0.16149232491222595,0.15537315286083514,0.01419615829313377,nan,nan,nan,1.5,3.141592653589793,0.0,nan,nan,nan,nan,nan,3.0455377870727176,3.0268218194036605
56.95,10.145692680862055,0.9474919154115565,3.1161889928360718,1.5099629105845735,0.008718260840870986,10.06040656311928,0.8030824526144718,3.1085868160282155,1.5122913826836475,0.004795078058888334,0.030026397807467884,0.16375012342932374,0.15735522247166572,0.013933244614245582,nan,nan,nan,1.5,3.141592653589793,0.0,nan,nan,nan,nan,nan,3.0455377870727176,3.0268218194036605
57.0,10.055123694349408,0.949884999360323,3.116643078902872,1.509910159742731,0.007073057436379276,9.986714610210383,0.8192513564966043,3.1096907532063973,1.5124775571141023,0.049451250328819515,0.030042924056417154,0.15702827278731366,0.15140656569116265,0.014123564759434458,9.89517932272361,0.9596254729867857,0.15371961565530423,1.5,3.141592653589793,0.0,nan,nan,nan,nan,nan,3.0374153090913634,3.036316151003879
57.050000000000004,9.99474509674932,0.9514569270197076,3.116889496661101,1.5098796788962072,0.00539143918784447,9.895670332489535,0.8125396857636595,3.117900428384962,1.511967623466287,-0.00269712985151043,0.0294537907374364,0.1593267219823018,0.15344121286611798,0.013869702380020318,nan,nan,nan,1.5,3.141592653589793,0.0,nan,nan,nan,nan,nan,3.050527552653128,3.022572994522277
57.1,9.934367222433558,0.9530116920280577,3.117060752739514,1.5098558429105515,0.003704428178417484,9.83521134414911,0.8139689608561712,3.1188808452531136,1.511705634924047,0.029303377404390495,0.029458116872974845,0.16084793745745163,0.15484202778391273,0.01407057965863633,nan,nan,nan,1.5,3.141592653589793,0.0,nan,nan,nan,nan,nan,3.0479934016293244,3.02549611787959
57.151,9.843799499529002,0.9553153269998492,3.117189896269309,1.5098767478191903,0.0,9.744538007942554,0.8159910147348601,3.119334263241919,1.511400869916914,-0.01263202176509312,0.02945389923297741,0.16311132209568904,0.1569289271920678,0.014369150582652679,nan,nan,nan,1.5,3.141592653589793,0.0,nan,nan,nan,nan,nan,3.0622510127324882,3.011439190656944
57.2,9.753231519632905,0.9575922252332355,3.117146591267953,1.5098553035460818,-0.0007099826077420779,9.684242003259317,0.821463921857205,3.117101130275527,1.5112513713491005,0.0018438566511596653,0.02969166728688958,0.16460715886736813,0.1582052923526647,0.014011619378125124,9.613719556316905,1.016535031002764,0.1562748466557547,1.5,3.141592653589793,0.0,nan,nan,nan,nan,nan,3.0462178138589406,3.027816641056045
57.25000000000001,9.692852863386715,0.9590993122858033,3.117081013483289,1.5098514769634916,-0.0019524201374011365,9.586636507259726,0.8414465467919635,3.1173787351709663,1.511294189416021,0.0009127357097216953,0.029705818668014503,0.1586552030363315,0.15296705392971804,0.014301020297333475,nan,nan,nan,1.5,3.141592653589793,0.0,nan,nan,nan,nan,nan,3.048478971727275,3.0254414103236966
57.300000000000004,9.602285510272683,0.9613505612407124,3.116922721068997,1.5098269677277147,-0.0031090551444959793,9.526471725116956,0.8508332121182349,3.1116269911547736,1.511143425744483,-0.01184177884739802,0.03017785222935579,0.1601799665077048,0.15428110616419227,0.013951696272641895,nan,nan,nan,1.5,3.141592653589793,0.0,nan,nan,nan,nan,nan,3.0480552792659834,3.0251719391134255
57.351000000000006,9.541908172819046,0.9628482483045409,3.116805628324867,1.5098078659451994,-0.0026194784826062733,9.435846992477808,0.8535276864466578,3.111230148076798,1.5109624076326287,-0.01499290869928089,0.030177060833218704,0.16244951758070594,0.15637256995954696,0.014251927746689581,nan,nan,nan,1.5,3.141592653589793,0.0,nan,nan,nan,nan,nan,3.0341235889703664,3.0389987491364328
57.400000000000006,9.481531519926005,0.9643451538189459,3.1167204312122516,1.5097914697953212,-0.0018142513526878026,9.375755339049402,0.8648189815363183,3.104579923347739,1.5108668101720244,-0.01699640169741139,0.030718865720322827,0.16394976155742938,0.1576550787080742,0.013908494494628372,10.265175471666407,0.529994781943834,3.2643971175838096,1.5,3.141592653589793,0.0,nan,nan,nan,nan,nan,3.0321135268620503,3.04100374519868
57.451,9.390968234208023,0.966591095428756,3.1166731876146305,1.5097543887992242,0.0002725801663308221,9.371782629370479,0.8376662254472826,3.1044436407425327,1.5081298106620673,-0.01088497029879977,0.030697557513053125,0.15809824532341923,0.15249388884528547,0.014199629735413966,nan,nan,nan,1.5,3.141592653589793,0.0,nan,nan,nan,nan,nan,3.0210234548546047,3.051837269079337
57.502,9.300401163772664,0.9688375823858913,3.11676826833844,1.5099331592623255,0.0023900706404385037,9.311710466691986,0.8462752347099113,3.0993550470914855,1.5087154950475532,-0.01892571796734623,0.031083823177257528,0.15962771237457837,0.15381290593162375,0.013849396244480207,nan,nan,nan,1.5,3.141592653589793,0.0,nan,nan,nan,nan,nan,3.026980112440388,3.053685119490322
57.550000000000004,9.240016155425147,0.970333949416239,3.116908912852597,1.510038037207864,0.004363832646550351,9.221255302523149,0.8501264424242487,3.09862626223161,1.5093537483778703,-0.0004075366602556828,0.031085192734736925,0.16190443980645294,0.1559080596824648,0.014151085863095873,nan,nan,nan,1.5,3.141592653589793,0.0,nan,nan,nan,nan,nan,3.014823320909489,3.0636490831123853
57.603,9.149434466177095,0.9725718142918288,3.1172594124003195,1.51008038166015,0.006650078443783809,9.130403798115056,0.8435880729224122,3.1067809237765918,1.5097243405847678,0.03117804023245645,0.03049325366108233,0.16415824415894875,0.15788270940254925,0.013907798492394366,8.774451057344935,1.8171700439176977,nan,1.5,3.141592653589793,0.0,nan,nan,nan,nan,nan,3.035438582077395,3.039394753295919
57.650000000000006,9.089046545798553,0.9740568637733737,3.117521180802809,1.5100633778304187,0.006285528748459797,9.035127476888688,0.934111875626098,3.1056018447794127,1.511147022964665,0.0040365751843682044,0.03055796920438223,0.15750854246065948,0.15198040627273496,0.014099051868656384,nan,nan,3.9045241098201267,1.5,3.141592653589793,0.0,nan,nan,nan,nan,nan,3.035438582077395,3.039394753295919
57.701,8.998469205271386,0.9762697453557684,3.1178825369554453,1.5099083568662417,0.005999058315541531,8.97472313190887,0.9362913751760671,3.106094099602645,1.5109337275414783,0.023812041387208837,0.030560363242936612,0.1590416546956158,0.15339735777489155,0.0142988154878711,nan,nan,nan,1.5,3.141592653589793,0.0,nan,nan,nan,nan,nan,3.0284061003671385,3.041266060576071
57.75000000000001,8.938090195600887,0.9777332148993256,3.118107067110587,1.5097949260629604,0.005279310674462075,8.883907626054517,0.9331535578290344,3.110709001370756,1.510683835260074,0.01480876521599851,0.03018903067028754,0.1613239907148434,0.15540455405941692,0.014047966552733743,nan,nan,nan,1.5,3.141592653589793,0.0,nan,nan,nan,nan,nan,3.0369237762594308,3.032841584576266
57.800000000000004,8.84752841840891,0.9799096122599485,3.1183753122371227,1.5096657003746587,0.003840376495170832,8.792985195787475,0.9263929895574843,3.1185860790544364,1.510505082771669,0.018858224225308806,0.029642451960825336,0.16358378137102245,0.15738607557206663,0.014028858269428719,nan,nan,nan,1.5,3.141592653589793,0.0,nan,nan,nan,nan,nan,3.053723039629693,3.0161042089319796
57.851000000000006,8.787157388166488,0.9813484613438099,3.1184789989745343,1.509595843684108,0.001711204045974785,8.66892726720836,0.8544787142694712,3.1187801281532375,1.512636737449998,-0.006835362607580825,0.029580159787001424,0.15688707075477662,0.15143315112282715,0.014155542817520397,8.108406824893846,0.1187260010120813,3.9231585596404788,1.5,3.141592653589793,0.0,nan,nan,nan,nan,nan,3.0399067229573706,3.023055627006846
57.900000000000006,8.72679056859104,0.9827786552011722,3.1185075093989933,1.5094319997991779,0.0,8.608444326658574,0.8558615546102649,3.118812728508404,1.511996933460781,0.0025289356282776794,0.029581362101907413,0.1584230758340301,0.1528533318402173,0.014434828474956729,nan,nan,nan,1.5,3.141592653589793,0.0,nan,nan,nan,nan,nan,3.0399067229573706,3.023055627006846
57.95,8.636254115555571,0.9849105992465444,3.1184716992194645,1.5091922271165887,0.0,8.517836496426979,0.8601485190675794,3.118543838675671,1.5112941860749893,0.003391192371757713,0.029715268082548506,0.16071044651111516,0.15486802746722647,0.014168247512642779,nan,nan,nan,1.5,3.141592653589793,0.0,nan,nan,nan,nan,nan,3.050634782918895,3.0144909492830263
58.00000000000001,8.575902193867599,0.9863262323365456,3.118373307409638,1.509098549436836,-0.00282579903262562,8.457403996274937,0.8615295786593721,3.118758338501225,1.5109601936066392,-0.006590519276725958,0.029714366908384325,0.16222334067119953,0.1562611202416496,0.01436630262888698,nan,nan,nan,1.5,3.141592653589793,0.0,nan,nan,nan,nan,nan,3.0448466339279125,3.020992647249182
58.050000000000004,8.485379790961524,0.9884459110136825,3.1181685128725904,1.5090009918641456,-0.003681534242014161,8.36018902766862,0.9027721744572483,3.1176121578656275,1.5108532000208443,0.01673575944881941,0.029838548153308626,0.15636919513898506,0.15097628731610213,0.014085542173771304,8.329461318917282,1.2797599112000124,0.6438571370091092,1.5,3.141592653589793,0.0,nan,nan,nan,nan,nan,3.0412885112937666,3.0250047376080462
58.101000000000006,8.394862027693598,0.9905674741727543,3.117910274847894,1.5089330457244976,-0.004976673157533982,8.299774873940292,0.9042210386865435,3.1172690904682163,1.5106019576633944,-0.010559306160919804,0.029835438893865078,0.15790919968413378,0.1523989709329066,0.014284367688698795,nan,nan,nan,1.5,3.141592653589793,0.0,nan,nan,nan,nan,nan,3.0486690097301388,3.0174025599280165
58.150000000000006,8.334519196376739,0.9919862871106432,3.1177040238595914,1.508892502615604,-0.005067734069737279,8.209368279985041,0.9127702814572513,3.112218245516652,1.5103105066580524,-0.021849219586840763,0.03021020051538234,0.16020277783629214,0.15441962386121072,0.014023604032646221,nan,nan,nan,1.5,3.141592653589793,0.0,nan,nan,nan,nan,nan,3.0372265791691087,3.0290686196782266
58.202000000000005,8.24400698431088,0.9941240086879555,3.117452465084528,1.5088650909415726,-0.00330166761448865,8.14898318243821,0.9145367783506131,3.1121066119169107,1.5101684273887954,-0.01637486659134367,0.03021072035880884,0.1617198671438794,0.15581502699672253,0.014223035787097885,nan,nan,nan,1.5,3.141592653589793,0.0,nan,nan,nan,nan,nan,3.027000656981978,3.041487138357869
58.25000000000001,8.183666423698154,0.9955565691074358,3.1173481881911305,1.508850939642178,-0.0022381324561811257,8.058436601049705,0.9178722691371614,3.1114078211590446,1.509997502515288,0.015957348022030686,0.030250774252670178,0.1639760626829901,0.15779076821466775,0.013969964729554361,8.282895598878813,0.7935497609379369,0.23813235839005245,1.5,3.141592653589793,0.0,nan,nan,nan,nan,nan,3.027000656981978,3.0395711859868126
58.300000000000004,8.093156810767132,0.9977174768644367,3.1172243836165627,1.5088339278376814,-0.0023135659902504078,8.019921947558078,0.9083774512092537,3.1115029186333842,1.509174998270817,-0.0006620615432897961,0.03024063844536178,0.1573537429759178,0.15190104072830765,0.014160118016108284,nan,nan,nan,1.5,3.141592653589793,0.0,nan,nan,nan,nan,nan,3.038740882275753,3.027843860187794
58.35,8.032816961505992,0.9991660672952518,3.1171354581777746,1.5088629718537345,-0.0021018167117280466,7.929677198227314,0.9197285208711253,3.1038778516210845,1.509302711136286,0.003239480000270956,0.030757722881739603,0.1596522020677373,0.15392837787615019,0.01390180296697639,nan,nan,nan,1.5,3.141592653589793,0.0,nan,nan,nan,nan,nan,3.033089697396289,3.0355038078871313
58.401,7.942305644764297,1.0013492781064246,3.1170569878067313,1.5088849505255602,0.0,7.8693469260743125,0.9219931375750251,3.1046246684868084,1.5093635181815301,0.014123209574849183,0.030759155452613172,0.16117289993897405,0.15532643356841483,0.014102428499444588,nan,nan,nan,1.5,3.141592653589793,0.0,nan,nan,nan,nan,nan,3.0226000024088093,3.0451452287213896
58.45,7.881964657812628,1.002810679282185,3.1170563897202306,1.5088823326596477,0.0,7.7787505495046005,0.9223256794518696,3.104389758946888,1.509419284440167,-0.043984876330093646,0.030573588099864966,0.16343487985594513,0.1573086740663446,0.013851298840333065,nan,nan,nan,1.5,3.141592653589793,0.0,nan,nan,nan,nan,nan,3.027563581089307,3.0395310529960824
58.589000000000006,7.851794295130083,1.0035428632989727,3.1170667496260687,1.5088783612344152,0.0,7.748583261854765,0.9234554628364522,3.104322341926439,1.5094237511450177,-0.0021295135353401654,0.03057844394693767,0.16418363025985666,0.15799558305494896,0.013952051117495149,8.076660728657005,1.7720001922248605,3.0077164536293517,1.5,3.141592653589793,0.0,nan,nan,nan,nan,nan,3.003462836445275,3.0629935346421955
58.6,7.6707700894778,1.0079397554423486,3.11750535903166,1.5089337005749417,0.004617177925263303,7.5995457176371835,1.010470505474978,3.1015113732528707,1.5088718730217763,-0.00573653054677969,0.030827004821457994,0.1605877101919844,0.1548022642435888,0.014000400630279661,nan,nan,nan,1.5,3.141592653589793,0.0,nan,nan,nan,nan,nan,3.016928843639969,3.050809625616496
58.652,7.580255964086592,1.0101298485919914,3.117851261564983,1.5089167882205043,0.006623598388019365,7.509081542022976,1.0140811828297085,3.1019748330105195,1.509043166385541,-0.0034942933795099156,0.030826900297471618,0.16285548974828312,0.15688944095736754,0.014300089689123005,nan,nan,nan,1.5,3.141592653589793,0.0,nan,nan,nan,nan,nan,3.014029343822383,3.052772139139843
58.702000000000005,7.489743685917874,1.0123039530704032,3.118310823830117,1.5088672533602883,0.008319047971932223,7.44883057156593,1.018386553466726,3.1002287172672043,1.5091019060598383,-0.0026932661771910814,0.030934576122096203,0.16435421475425538,0.15816627368577485,0.013950972190357533,7.421426028724993,0.7827170983683546,0.2046741782063981,1.5,3.141592653589793,0.0,nan,nan,nan,nan,nan,3.014940320017582,3.050895124534072
58.751000000000005,7.429403825086147,1.0137404678165045,3.118671820395256,1.5088240215756605,0.009477451496873781,7.355734499255009,1.00067120527899,3.1014527490746797,1.5092100002264215,0.02464571932222265,0.030920948596304513,0.15844244090410087,0.1529335119703513,0.01424135096716393,nan,nan,nan,1.5,3.141592653589793,0.0,nan,nan,nan,nan,nan,3.0242976315718497,3.04012171614285
58.800000000000004,7.36906557093339,1.0151639062849078,3.1190635282175054,1.5087720463118397,0.009718562362602823,7.295180520263119,0.9962199050719965,3.106958226736703,1.509204608327582,0.032579869464682866,0.030512000132768922,0.15996987573591268,0.1542479840396265,0.01389925863608263,nan,nan,nan,1.5,3.141592653589793,0.0,nan,nan,nan,nan,nan,3.0242976315718497,3.04012171614285
58.85,7.278561085155513,1.0172709657708188,3.1196160455209245,1.5087053785263327,0.00848360529687317,7.204580387168402,0.9963427100632598,3.1093327168961196,1.5091871472059668,0.010115226977681541,0.030332467312796468,0.1622432221586933,0.15624494953448972,0.013670222069886506,nan,nan,nan,1.5,3.141592653589793,0.0,nan,nan,nan,nan,nan,3.035334308627672,3.0286409843671662
58.900000000000006,7.188060728883782,1.019340736120264,3.1200778432033553,1.5086153130366025,0.0073579855484469546,7.144244438147313,0.9982866052869152,3.109035466527912,1.5091645780289813,-0.012104802214365886,0.030329749510450806,0.16374614217963776,0.1576227093126196,0.01395675331943152,7.113355899819507,1.2780271294986592,0.28815491645632896,1.5,3.141592653589793,0.0,nan,nan,nan,nan,nan,3.0295454001908024,3.0340229188085837
58.951,7.127729558194656,1.020698438857774,3.1203802559871052,1.5085583686889237,0.007801874190048819,7.050680221269593,1.0264990664858584,3.1098492007799976,1.509247759111081,0.009467192728296837,0.03035173938935271,0.15792703993809848,0.15246635584320614,0.014246881706949887,nan,nan,nan,1.5,3.141592653589793,0.0,nan,nan,nan,nan,nan,3.0198534663411163,3.043324331287778
59.002,7.037236002048534,1.02270118376888,3.1208464686599275,1.5084771697648036,0.00747905714509412,6.990736919542104,1.04011652808597,3.1001472519780684,1.5091871922663336,-0.01781667354147062,0.03105826897069317,0.15945863570882363,0.15378569489061975,0.013890736987592946,nan,nan,nan,1.5,3.141592653589793,0.0,nan,nan,nan,nan,nan,3.029188182831334,3.033277683595706
59.057,6.976909142301417,1.02401328920514,3.121173632748376,1.5084253174874012,0.009052800064321367,6.900264222629307,1.0438482812673415,3.0997600966439736,1.5091088199530294,-0.020105289504861353,0.03105732690344808,0.16173827546895575,0.15588124287962166,0.014191465670006906,nan,nan,nan,1.5,3.141592653589793,0.0,nan,nan,nan,nan,nan,3.0015601523728406,3.0604077309173863
59.101000000000006,6.88642168249778,1.0259432659942023,3.121835096565512,1.5083551308380323,0.012379943665953259,6.83990435307259,1.0449675457170566,3.101329242446509,1.509060248480263,0.0023287050746926144,0.030978764102427198,0.16324518303175048,0.15716890470002814,0.013841974429510517,nan,nan,nan,1.5,3.141592653589793,0.0,nan,nan,nan,nan,nan,3.0015601523728406,3.0604077309173863
59.150000000000006,6.82609837956974,1.0272025913378013,3.1223596577261477,1.5083104946023151,0.013352120877084522,6.772463751167543,1.0768432932630394,3.1015668426657452,1.50826471273088,0.0005043835769884145,0.031000794053652622,0.15736988857997553,0.15195751206113797,0.014271242152978302,7.047219464959747,1.358444468042404,0.5584626364787897,1.5,3.141592653589793,0.0,nan,nan,nan,nan,nan,3.0125325028498917,3.0491280824346214
59.2,6.76577599866781,1.0284380558214998,3.122908552526561,1.5082899112090615,0.013950277935091371,6.7121784693001985,1.0792192162939769,3.103483909789695,1.5084046237586821,0.03681371020049133,0.031005644091036223,0.1589046317200173,0.15337456384367973,0.014410759309131433,nan,nan,nan,1.5,3.141592653589793,0.0,nan,nan,nan,nan,nan,3.0129457313308468,3.0506882255652714
59.25000000000001,6.675291277100422,1.0302423053832026,3.1237441584277987,1.5082898882182882,0.013305471452949033,6.6220626757189365,1.0918441570034372,3.09794046130132,1.5085492192397574,0.0013581679993037868,0.03153775464026272,0.16118932712367773,0.15538196967842505,0.01414788859508893,nan,nan,nan,1.5,3.141592653589793,0.0,nan,nan,nan,nan,nan,3.029734536811502,3.033059455813276
59.300000000000004,6.614969178529888,1.0314106211701382,3.124271421872941,1.5082284652193305,0.013606244878065147,6.561776617541789,1.0944534259255045,3.0993210886459153,1.5085973575532752,0.02308710113084025,0.03154040577725477,0.16270008524293744,0.15677218863754513,0.014346595474703723,nan,nan,nan,1.5,3.141592653589793,0.0,nan,nan,nan,nan,nan,3.0065882625344154,3.0553444826851486
59.351000000000006,6.524487498268253,1.0331070881335385,3.125139537270888,1.5081903194816881,0.01465972296686594,6.44952261290303,1.1521075600962616,3.10310956956219,1.5095155583770965,-0.009663373174008059,0.03127613317448913,0.15677500003702888,0.15141372452346236,0.014081786642613338,6.280985215345571,1.7444932362335315,1.7251884106391167,1.5,3.141592653589793,0.0,nan,nan,nan,nan,nan,3.0168522775700946,3.0445061848312522
59.400000000000006,6.464167718641763,1.0341995672810227,3.125734872658023,1.5081220507530388,0.015181148755627946,6.38918894642581,1.1544304851337053,3.1026156700360454,1.509300855384303,-0.017619044971378044,0.03127467863654303,0.15831249837452105,0.15283389252835647,0.014281111762551764,nan,nan,nan,1.5,3.141592653589793,0.0,nan,nan,nan,nan,nan,3.0076272036072704,3.0505008784037577
59.452000000000005,6.373693765117943,1.0357767987644746,3.1266987449087673,1.5079929550507978,0.016801836868170154,6.298341863431441,1.147934508158286,3.112077206947209,1.5090514835951758,0.03687142963967129,0.030699461854307854,0.16060217846715313,0.15484882304803615,0.014031616314069018,nan,nan,nan,1.5,3.141592653589793,0.0,nan,nan,nan,nan,nan,3.0035987337859194,3.054708414434274
59.50000000000001,6.313380677257781,1.0367857609016013,3.1273600261276093,1.5079308684766417,0.01560727417115754,6.2380068160235975,1.149699115451649,3.1119531499921465,1.5089294916177571,-0.016739825027353855,0.03069309331778986,0.16211663199872728,0.15624180769680518,0.014313236725063589,nan,nan,nan,1.5,3.141592653589793,0.0,nan,nan,nan,nan,nan,3.039587422357682,3.0190152670501336
59.55200000000001,6.222913851717776,1.0382353445794195,3.128201345114518,1.5078595938938586,0.013771823196711228,6.194236892340193,1.1973583422949543,3.113422398547179,1.5071332309664667,-0.003394928519498617,0.030583124662400527,0.15627964408841374,0.15095967819377973,0.014039339737443295,6.662454368540643,1.677358421808918,1.8660702828950673,1.5,3.141592653589793,0.0,nan,nan,nan,nan,nan,3.0276854285792267,3.0358688825855054
59.6,6.162602788235074,1.0391581166078763,3.128745502058321,1.5078949737758425,0.013349353875124736,6.1339717717274835,1.1990488270156663,3.1138926354787255,1.507468369933691,0.007546693027363192,0.030584529083626993,0.15782115503793442,0.15238209218662113,0.014238711670757125,nan,nan,nan,1.5,3.141592653589793,0.0,nan,nan,nan,nan,nan,3.0276854285792267,3.0358688825855054
59.650000000000006,6.07213012833195,1.0404787460198726,3.1295027072431876,1.507979187331579,0.01195700152422129,6.04334776682216,1.1956488330947814,3.1187806972448717,1.5078306648338085,-0.0033931080267512142,0.030235114801791182,0.16011705765644407,0.15440278048337425,0.013983805367297538,nan,nan,nan,1.5,3.141592653589793,0.0,nan,nan,nan,nan,nan,3.031939514805557,3.030235960960818
59.701,5.981654218956626,1.0417261888538019,3.1301583879059334,1.507986230592034,0.01014738986497256,5.983048287224199,1.1970028896792926,3.1198429350062895,1.5079734383552221,0.01167164652845772,0.03023725350669587,0.16163573441194784,0.1557978761535389,0.014183722206740567,nan,nan,nan,1.5,3.141592653589793,0.0,nan,nan,nan,nan,nan,3.0340424182803845,3.0266546395439478
59.75000000000001,5.921337155725732,1.0425197221137803,3.1305205956952973,1.5079621177775464,0.00833458470532348,5.914284423822668,1.197200691696789,3.119477099496317,1.5073239213312852,0.034301536131057825,0.030388126171988408,0.15587233795695346,0.15057959986148317,0.013923345692263056,6.147124435491242,1.1526333180313577,0.19033270538488242,1.5,3.141592653589793,0.0,nan,nan,nan,nan,nan,3.041139431910676,3.018730633431654
59.800000000000004,5.8308617141358825,1.043658674646302,3.1309059455920263,1.5079681413668216,0.004884823658083276,5.854003166254393,1.198517284993277,3.119815695901388,1.5075737311231505,-0.0026883758698053317,0.030384183419600183,0.15741788704257972,0.15200403258114775,0.014206250121885373,nan,nan,nan,1.5,3.141592653589793,0.0,nan,nan,nan,nan,nan,3.050323234218913,3.0111291861286635
59.85,5.770544128772213,1.0443879431181888,3.1310451321467343,1.507958805757961,0.002675527917349822,5.763366831677586,1.1942430907944757,3.1251091277799574,1.5078330437627891,-0.023441066852876842,0.030009649068648794,0.1597196890433409,0.1540297276366623,0.01394182086845927,nan,nan,nan,1.5,3.141592653589793,0.0,nan,nan,nan,nan,nan,3.049354411588794,3.0106402715624845
59.901,5.710227248322659,1.0450968474925548,3.1311154148862834,1.5079299048431356,0.0015457576152210705,5.703060730009726,1.1952439523442804,3.1244617675821953,1.5079370370021437,-0.019666252932481948,0.030009842578655164,0.16124217041122885,0.1554266355477315,0.014141802843855304,nan,nan,nan,1.5,3.141592653589793,0.0,nan,nan,nan,nan,nan,3.0343349909076287,3.0248143197738515
59.95,5.619754340473988,1.0461283605671092,3.131193831538765,1.5078701005524293,0.0011039758565984722,5.61277970507834,1.2029019151021052,3.1204249228831484,1.508042516867222,0.020421875977669965,0.03036711121518023,0.16350625296629925,0.15740721935944127,0.013885435886319011,nan,nan,nan,1.5,3.141592653589793,0.0,nan,nan,nan,nan,nan,3.0344338059650195,3.0240066731482895
60.00000000000001,5.52928536446597,1.047131156538754,3.1312081160454683,1.507793598817848,-0.0006329093528717544,5.546147149295277,1.2166869292503,3.119423892484038,1.5083157338525766,-0.01794049251415266,0.03037192521222854,0.1568228702945232,0.15145084423596028,0.014076019934235413,5.518046933286561,1.3408722868171221,0.08363279780407828,1.5,3.141592653589793,0.0,nan,nan,nan,nan,nan,3.0439486691076794,3.013773244567034
60.050000000000004,5.4689754954426375,1.0477879724923012,3.1311820005155697,1.5077270167006378,-0.00036257980970722426,5.455664885691578,1.2184855700584012,3.1181963228343754,1.5082634704938678,-0.028720845718414555,0.030355352262247948,0.15912690002357818,0.15348431262492662,0.013827840199267982,nan,nan,nan,1.5,3.141592653589793,0.0,nan,nan,nan,nan,nan,3.024521191626617,3.0319901014086117
60.1,5.408668275063959,1.0484372146166039,3.1311894004372975,1.5076609244633281,0.0005846224674459937,5.395351920635384,1.2199203847664946,3.1186144116918983,1.5082200829993397,0.03735079215065857,0.030363171513471992,0.16065162059834082,0.15488437862847945,0.01402897685202781,nan,nan,nan,1.5,3.141592653589793,0.0,nan,nan,nan,nan,nan,3.0199729343386617,3.036257565075009
60.150000000000006,5.318211944644746,1.0494006393026285,3.131226441902536,1.5075725563714624,-0.00034846783129362376,5.304882790157222,1.2219578304304837,3.11909324741087,1.5081618004081645,0.0008602310434289403,0.030359193118129114,0.16292000729207687,0.15697013669448068,0.01432791111114601,nan,nan,nan,1.5,3.141592653589793,0.0,nan,nan,nan,nan,nan,3.046773410729894,3.0091762470173937
60.2,5.227760461112641,1.0503567241170693,3.131146561073105,1.507495246315647,-0.0015525534516397372,5.244621347075524,1.2250472438235736,3.117862444877792,1.5081234136220765,-0.00862166058848864,0.030456527368420423,0.16441905669138257,0.15824598648371094,0.01397522525393468,5.117189238059232,0.8942213941126393,0.45660746715394773,1.5,3.141592653589793,0.0,nan,nan,nan,nan,nan,3.032666321711124,3.0230500937892812
60.25000000000001,5.167462044217265,1.0509914093043338,3.131089725418225,1.5074437158661442,-0.0012746143478951318,5.141763686364628,1.197062078039254,3.1188053370306417,1.5084234453827254,0.01972817939976801,0.030436426381189097,0.15849833850818806,0.15300128981462185,0.01426494336547913,nan,nan,nan,1.5,3.141592653589793,0.0,nan,nan,nan,nan,nan,3.0387429089199998,3.028662200123805
60.300000000000004,5.077018538936019,1.0519428182141306,3.130989627516251,1.5073514494304534,-0.0023057618134208323,5.081352271261667,1.1951574426836595,3.121077667479618,1.5082993900559114,0.001773624736958483,0.030239508948859514,0.1600259171568296,0.1543148908519068,0.013919820108580507,nan,nan,nan,1.5,3.141592653589793,0.0,nan,nan,nan,nan,nan,3.0387429089199998,3.0153612287064826
60.35,5.0167260200801715,1.0525787131661453,3.130880294669586,1.5072936341733296,-0.0029253060356669277,4.990876208758965,1.1970011554512634,3.1209301974909014,1.508151692565107,-0.012027981885079196,0.03023803876290111,0.1622994581391649,0.1564052290777128,0.014220330583258329,nan,nan,nan,1.5,3.141592653589793,0.0,nan,nan,nan,nan,nan,3.0348456060366127,3.0192157280675156
60.403000000000006,4.926291037726893,1.0535372766284357,3.1306994336756766,1.5072252964404897,-0.0029184994583334694,4.930501034359943,1.1959283498528535,3.1221722625175037,1.5080748744318333,-0.0011891042874116184,0.030106104985134656,0.16380233661607194,0.1576872894039205,0.013880553841230115,5.062644683893876,2.2313336257647043,3.963605540464796,1.5,3.141592653589793,0.0,nan,nan,nan,nan,nan,3.0290182000463073,3.0250786419019793
60.45,4.866003159899565,1.0541809835000817,3.130575065989043,1.5071860608423129,-0.0033139917613709117,4.852677690107724,1.2914230895089558,3.1200201397893004,1.5076577831437379,-0.0360366142909537,0.030173798312063987,0.1579752980425571,0.1525209768972063,0.014250833167376577,nan,nan,nan,1.5,3.141592653589793,0.0,nan,nan,nan,nan,nan,3.035033102009031,3.0188904506174845
60.502,4.775573459129352,1.0551552788538727,3.1304046878456178,1.5071598989853665,-0.0020290668099629725,4.762352904548667,1.2977194572920818,3.1177755181070257,1.5076958677345556,0.010466885609804232,0.03043897782561488,0.16026938331931057,0.15453965269231099,0.014133571663507335,nan,nan,nan,1.5,3.141592653589793,0.0,nan,nan,nan,nan,nan,3.0329137750380784,3.0365996936337587
60.551,4.715287759523799,1.0558109939862999,3.1303237404477526,1.507142152952299,-0.0022100162810692334,4.702062360672648,1.2991671155167717,3.1179107666952,1.5077042546032746,0.015038726062484103,0.030439626776023805,0.16178680200531353,0.15593382154656982,0.014273290702493174,nan,nan,nan,1.5,3.141592653589793,0.0,nan,nan,nan,nan,nan,3.0329137750380784,3.0214140926755477
60.601000000000006,4.624860890576262,1.0568052857959394,3.1301613252332,1.5071078406716196,-0.0030938394894575658,4.641776613439853,1.3008051414684458,3.1178276018850184,1.5077001568694683,0.014840922160494322,0.03045139602460739,0.16329389984637185,0.15722083322363817,0.013913431880631981,nan,nan,nan,1.5,3.141592653589793,0.0,nan,nan,nan,nan,nan,3.034765313426247,3.0191177768141486
60.650000000000006,4.564577738262719,1.0574756378550756,3.1300243472546576,1.5070786626556403,-0.003609726222812024,4.496180219329781,1.2971440023910183,3.118586057832271,1.5095076812702686,0.004653785185172228,0.030445237352340074,0.15741188600250045,0.15200154344743413,0.01420322123073158,4.044781921568191,1.2366784157727693,1.1757142050032254,1.5,3.141592653589793,0.0,nan,nan,nan,nan,nan,3.0342562620706275,3.0192541135277136
60.7,4.474159229451704,1.0584933687077567,3.129794202260928,1.506892252654165,-0.0039000459159494296,4.435820760637336,1.2985293028291434,3.1176867843524008,1.5090336995315643,-0.03536166873078253,0.0304402905836322,0.1589466701371684,0.1534179796612125,0.0144012429202336,nan,nan,nan,1.5,3.141592653589793,0.0,nan,nan,nan,nan,nan,3.028255079589633,3.0193573387427937
60.75000000000001,4.413887223383387,1.0591803115024983,3.1296676292494516,1.5067758993710565,-0.0024798295546855577,4.345327981250727,1.3011473392287431,3.1172605217952007,1.5084971761287684,-0.020689685703419117,0.03046869297218703,0.16123142887387246,0.15542449448549486,0.01413931814889469,nan,nan,nan,1.5,3.141592653589793,0.0,nan,nan,nan,nan,nan,3.0112655885770256,3.0373170899949353
60.800000000000004,4.353618813977495,1.0598736174203631,3.1296036896575092,1.506705291982649,0.0,4.285008377981004,1.3026095948534047,3.1176270615640016,1.508252837685183,0.0028118991734811085,0.030471542930911283,0.16274214906974585,0.1568140033901253,0.01433794127603376,nan,nan,nan,1.5,3.141592653589793,0.0,nan,nan,nan,nan,nan,3.0169656829941727,3.0328017069797375
60.85,4.263219985685443,1.0609249834838081,3.1295571091035512,1.5066434609184056,0.0,4.1545949051563404,1.3351387733637343,3.1155280232864015,1.5094550497542891,-0.009687167092868664,0.030733528967127877,0.15681101016663207,0.15144922742042977,0.014073995093796315,3.81431404440493,1.5939719117059448,0.9049127067803646,1.5,3.141592653589793,0.0,nan,nan,nan,nan,nan,3.0269564853612536,3.0231312780591537
60.900000000000006,4.202956888136222,1.0616324678846352,3.129526081577724,1.5065545010434986,0.0,4.09424234105482,1.3367063991864045,3.1161265787587302,1.508950489308275,0.013231283037299585,0.030736368961007798,0.1583483985486847,0.15286879084961355,0.014409501894762828,nan,nan,nan,1.5,3.141592653589793,0.0,nan,nan,nan,nan,nan,3.0166382839392805,3.0293700907860943
60.95,4.112570381107953,1.062701275983168,3.1295068364704335,1.5064144585072878,0.0,4.003872497885904,1.3440639783684571,3.1113401497380098,1.5084924775777662,-0.015793091037060402,0.031022455452406835,0.16063786140744127,0.15488306111542935,0.014095944354085777,nan,nan,nan,1.5,3.141592653589793,0.0,nan,nan,nan,nan,nan,3.027109245262,3.0199652863360034
61.001000000000005,4.022189322665672,1.0637772207132754,3.129513444260089,1.5063521321649052,0.0,3.943563155424556,1.3458819650054321,3.1124777823798997,1.508205742187411,0.029835772586166674,0.03102812815010132,0.16215211245225744,0.15627555774605914,0.01429466474212473,nan,nan,nan,1.5,3.141592653589793,0.0,nan,nan,nan,nan,nan,3.0086432952382354,3.0393806476724063
61.053000000000004,3.9619364908931938,1.0644969521650518,3.1295555457872895,1.5063379675503297,0.0,3.861830672385732,1.3104899241356809,3.114070461556487,1.5077363912425654,-0.006197990700911478,0.030880995162432704,0.15630991537585903,0.15098851883450948,0.014022922637757207,3.9731376827436824,0.9476100250036353,0.605618928019576,1.5,3.141592653589793,0.0,nan,nan,nan,nan,nan,3.028680674825159,3.019793187147177
61.1,3.9016843071338667,1.0652181734114967,3.1295830090916934,1.5063310835799224,0.0,3.8015451687167716,1.3121448291722078,3.1140731717072097,1.507617919882632,-0.005875401051615814,0.030880916910682194,0.15785122266887158,0.1524105874053118,0.014222342912201539,nan,nan,nan,1.5,3.141592653589793,0.0,nan,nan,nan,nan,nan,3.0170291939512466,3.0324659012934982
61.150000000000006,3.811305784870874,1.0662999767151762,3.129673645415949,1.506336688909681,0.0019146031693366944,3.71116724715025,1.3162195573237756,3.112554438060453,1.5074771446440138,-0.0029519334017879435,0.030973745448432396,0.16014679828420716,0.1544308998395082,0.014108689090346864,nan,nan,nan,1.5,3.141592653589793,0.0,nan,nan,nan,nan,nan,3.0157822864244466,3.033735795389621
61.2,3.7510532630240583,1.0670199820419082,3.1297661784553705,1.506339989964355,0.0025700775195682804,3.650894060855436,1.3179613469024725,3.1137779812585507,1.5074044218801355,0.03786451145127807,0.03097890728906588,0.16166520733143158,0.15582569306131283,0.01424824338414689,nan,nan,nan,1.5,3.141592653589793,0.0,nan,nan,nan,nan,nan,3.0157822864244466,3.033735795389621
61.252,3.660674245090369,1.0680961254730559,3.1299212886261145,1.506341833601612,0.0019507453629919974,3.5604493035884994,1.3190710377176065,3.1137113844875737,1.5073146223362608,0.0007130120690910423,0.03089150247970821,0.16392340711166908,0.15780110966242597,0.013991535466850663,4.596789442472553,0.15521955032175894,8.804800717051556,1.5,3.141592653589793,0.0,nan,nan,nan,nan,nan,3.033729079399977,3.0156369496117184
61.300000000000004,3.5702952502326806,1.0691663053797362,3.1300187537153055,1.5063386852647174,0.0018850979710004346,3.601119100266121,1.2150740818959282,3.114775003930511,1.5038126965030343,-0.0030174125606684133,0.030812057166885072,0.15730986200250374,0.15190922982266747,0.014181224407945786,nan,nan,nan,1.5,3.141592653589793,0.0,nan,nan,nan,nan,nan,3.018581011902531,3.0306886846239753
61.35,3.5100383653512908,1.0698753377484147,3.1301061928315743,1.5065357623109512,0.0023589669622673037,3.5110608134169237,1.2233922306669898,3.1105178173068575,1.504869409042859,0.019393469965408968,0.031163743306917353,0.1596104302634916,0.15393620141372683,0.013929974910081326,nan,nan,nan,1.5,3.141592653589793,0.0,nan,nan,nan,nan,nan,3.023707754304001,3.035877084897033
61.402,3.4196387313895604,1.0709310888759127,3.1302618804321294,1.5067534826237101,0.0026802642806921235,3.4508891816691842,1.2252554421286923,3.1102727728165442,1.5054157298896045,-0.01321709231806417,0.031159772832652213,0.1611326238670654,0.15533365229492668,0.01421563114452359,nan,nan,nan,1.5,3.141592653589793,0.0,nan,nan,nan,nan,nan,3.024424149161729,3.031747081967689
61.452000000000005,3.359368082271055,1.0716287376662361,3.130397254176503,1.5068012846958552,0.003984146930414137,3.3606440138231224,1.2298602747890939,3.1077812320607556,1.5060148609190214,-0.010373434284226034,0.031259442753570975,0.1633969063137899,0.15731539966892208,0.013949502828069383,nan,nan,nan,1.5,3.141592653589793,0.0,nan,nan,nan,nan,nan,3.0099008835916448,3.0443605985030557
61.50000000000001,3.2990962045620975,1.0723199883449086,3.1305960424465105,1.506811614142205,0.005592417155891706,3.310633800908279,1.255636629909479,3.1073488005683387,1.505915514798725,-0.022365194817007227,0.03127612182832465,0.15672949707434972,0.15137177423190915,0.014139162711143747,3.4357675696939762,1.4926244931071249,0.2891746604680732,1.5,3.141592653589793,0.0,nan,nan,nan,nan,nan,3.006082910496751,3.0460804354637476
61.550000000000004,3.2086890315578422,1.0733414690754455,3.1310240326328493,1.5067935224411828,0.008356534089139995,3.2201976784307096,1.2542321106914256,3.1109940839688583,1.5062950754288797,-0.0010721499300930869,0.031005789236526894,0.15903449645512652,0.1534062759100826,0.013879767166143283,nan,nan,nan,1.5,3.141592653589793,0.0,nan,nan,nan,nan,nan,3.0004674710903823,3.051698137491069
61.6,3.148418266781096,1.0740091226611572,3.1313900087858477,1.5067646916729758,0.009303091481394998,3.1599721634542877,1.2560693491750805,3.1124865871097382,1.5064578750987165,0.04621863756870026,0.031011704056953665,0.1605600392367382,0.1548068757578138,0.014162247938400974,nan,nan,nan,1.5,3.141592653589793,0.0,nan,nan,nan,nan,nan,3.0341767964630826,3.0157240836920147
61.650000000000006,3.058015171786677,1.0749867123087173,3.1319115331199585,1.5066914836503325,0.00757041032758766,3.0696188414777414,1.2586910858248472,3.112893906141636,1.506630379548062,0.01316473558523687,0.031007825201567484,0.16282982191348783,0.1568935506060053,0.014458269818820466,nan,nan,nan,1.5,3.141592653589793,0.0,nan,nan,nan,nan,nan,3.0209982043175834,3.028053643512074
61.702000000000005,2.9676166985166543,1.0759320965184869,3.132314450699695,1.5066032954374207,0.006518840369782247,3.0093489750231646,1.2593972385021686,3.1137790203564615,1.50669362623338,0.0111333175081841,0.03094977245300634,0.1643298779303001,0.158170014409822,0.014089079356181238,2.6998214465670167,1.1059785617986693,0.4315232450441516,1.5,3.141592653589793,0.0,nan,nan,nan,nan,nan,3.021112029559022,3.028053643512074
61.75000000000001,2.9073538908481913,1.0765430736367763,3.132569376524371,1.506541886847194,0.006284804886317113,2.888767414207197,1.2479707393757462,3.1148367603571447,1.5076527491446123,0.017255343806941596,0.030939428481819426,0.15842337110370394,0.15293639860605815,0.01437625776168374,nan,nan,nan,1.5,3.141592653589793,0.0,nan,nan,nan,nan,nan,3.021112029559022,3.0274153969030126
61.800000000000004,2.816965853628578,1.0774309528004962,3.1329234487332767,1.5063818328964473,0.005534552756757446,2.828373072844222,1.2455763908527344,3.1183894920236046,1.5074440847033168,0.010036852857385339,0.030702777788801337,0.1599519304191701,0.15425053328867017,0.01401707721940667,nan,nan,nan,1.5,3.141592653589793,0.0,nan,nan,nan,nan,nan,3.0233836675179235,3.021883752753184
61.852000000000004,2.7567125875398144,1.0780044522238414,3.133127297755647,1.5062818957658102,0.0048103954702330585,2.7379552358785224,1.247647553287558,3.1199154752243974,1.5072062148117944,0.033030084544387696,0.030706300911056864,0.1622269144531705,0.15634176667347624,0.014393472089095662,nan,nan,nan,1.5,3.141592653589793,0.0,nan,nan,nan,nan,nan,3.0258362473743197,3.0196849619855084
61.905,2.6663386343237327,1.0788390532189478,3.13334977205216,1.5061728325913877,0.002603219666129525,2.6778719348560385,1.255868485496462,3.115472082340321,1.5070903557403055,0.00471339695847046,0.03109616185676833,0.16373071113966345,0.15762429693452776,0.014031941592572489,2.6351907525459195,0.06442888989857698,5.171478510839705,1.5,3.141592653589793,0.0,nan,nan,nan,nan,nan,3.037390778425472,3.008483729868334
61.95,2.606092265319545,1.0793798572902098,3.133444883796316,1.5061176385318356,0.002523056121177453,2.5835557483355864,1.1504455094963935,3.116184006743536,1.5069849981858012,-0.011947881015965549,0.03101198729818079,0.15791511934813862,0.15246724135702966,0.014319836338680246,nan,nan,nan,1.5,3.141592653589793,0.0,nan,nan,nan,nan,nan,3.0192649409224686,3.0266026267987884
62.00000000000001,2.545847777585175,1.079908910317549,3.133558812856104,1.5060711524761003,0.0031528581503129536,2.5232410691599356,1.14993548644614,3.1181166172962964,1.5069067117879464,-0.009413918919632069,0.030890594287325934,0.15944763968562076,0.15378632141962287,0.01395412470463644,nan,nan,nan,1.5,3.141592653589793,0.0,nan,nan,nan,nan,nan,3.0135246844803967,3.032309705995083
62.050000000000004,2.4554840609008717,1.080682187373263,3.1337851981644405,1.5060105302306381,0.004037283278629478,2.4328543296059153,1.1520892591783818,3.1176988129832166,1.5068113544117019,0.003765088396930836,0.030891775753160614,0.1617286762001989,0.15588126832491064,0.01425279732091493,nan,nan,nan,1.5,3.141592653589793,0.0,nan,nan,nan,nan,nan,3.0172645667686866,3.02845934731096
62.104000000000006,2.3651233134223166,1.0814326142316353,3.1340274357186617,1.5059634603987255,0.0039032643357259263,2.3723155440518973,1.1429204616459916,3.126513541883556,1.5067592292766026,0.04692902040393852,0.030285364760015258,0.16323657588054372,0.1571685780741329,0.013895242042343244,nan,nan,nan,1.5,3.141592653589793,0.0,nan,nan,nan,nan,nan,3.021762746226734,3.0239066722610617
62.152,2.306958586239639,1.0818529527413552,3.126156742642157,1.4047212760250263,-0.38800457431534296,2.272165020042604,1.1251117593156987,3.1182699664210958,1.3690815951325779,-0.6249678041897777,0.030256631155726257,0.15736384536526773,0.1519541970391529,0.014321810468328922,2.2266457090003784,0.9319874462366413,0.21077546882292036,1.0,0.0,0.0,nan,nan,nan,nan,nan,5.0,-4.514874502460511
62.201,2.228466546882251,1.0833146082674459,3.082452832400631,1.248024854472881,-0.9219244255123143,2.21848545092904,1.1264989896818816,3.100850883009927,1.2669515828446514,-0.8080150700489765,0.030300887662240417,0.15890171546762402,0.15335905517307186,0.014466525280353386,nan,nan,nan,1.0,0.0,0.0,nan,nan,nan,nan,nan,5.0,-3.9838090160623683
62.251000000000005,2.180547441614896,1.0849325115965056,3.0405007732377762,1.1683298139910012,-1.1136613634861996,2.1452139881767343,1.1320023324480262,3.0462404706946,1.1464022978247825,-1.095805903137832,0.0304034361999549,0.16120380116912403,0.15533703624057404,0.014195330726331563,nan,nan,nan,1.0,0.0,0.0,nan,nan,nan,nan,nan,5.0,-3.8161224619716023
62.301,2.113789214215737,1.0887915750323396,2.9679908368161647,1.074659166638917,-1.256177459699675,2.100194533336694,1.1368009198973956,3.0009017281463315,1.0906244200205046,-1.2017003161672473,0.030400902120869627,0.16273846642423023,0.15669929966805898,0.014392621707800018,nan,nan,nan,1.0,0.0,0.0,nan,nan,nan,nan,nan,5.0,-3.452520963261483
62.353,2.071945118767359,1.0926452807615177,2.916650592783475,1.0273813092511035,-1.2967876833112255,2.057140291831372,1.1153421546139874,2.9247994266457686,1.0250695783368668,-1.2696058848017073,0.030443835508778598,0.1568593823205512,0.15131392629830018,0.014121303536498911,2.262261808569476,0.776951423129387,0.6431719316962901,1.0,0.0,0.0,nan,nan,nan,nan,nan,5.0,-3.2413449315051963
62.401,2.0123727900599264,1.100792113702954,2.8379061294567984,0.9732400915526915,-1.3201096371623975,2.017490050281467,1.1245795842052082,2.8729020869495674,0.997807951386678,-1.285733200544748,0.03042334940860512,0.1584479268317339,0.1527024622833885,0.014319192147009873,nan,nan,nan,1.0,0.0,0.0,nan,nan,nan,nan,nan,5.0,-2.958713572095938
62.45,1.974399161089493,1.1079976674831908,2.785167522482608,0.9473101323319494,-1.320934716391055,1.9609066156762192,1.1424295902557455,2.792826836542231,0.9674452151477545,-1.3002888629308067,0.030424774458597502,0.16083370610323658,0.15468661528456462,0.014066211163056178,nan,nan,nan,1.0,0.0,0.0,nan,nan,nan,nan,nan,5.0,-2.7901197004129035
62.502,1.9195669391612062,1.1217098199260647,2.7065226505707005,0.9222508219584029,-1.3078357257596493,1.9071642306562597,1.1635222541530825,2.7146751977889867,0.9536415898686114,-1.2725406315251022,0.03039643702351122,0.1632154005925219,0.15674159950256425,0.014363301439947957,nan,nan,nan,1.0,0.0,0.0,nan,nan,nan,nan,nan,5.0,-2.4064994524031516
62.550000000000004,1.8842188739569192,1.1328888258791538,2.6546475467602284,0.9123448853525451,-1.2955859819746216,1.809601549323739,1.133479712376638,2.660199238777163,0.9519153754459779,-1.2540253464450106,0.030616536705022415,0.15664858220248343,0.1508002807512398,0.013997689306392816,1.234447075494736,0.6099202036093505,2.7193219423912334,1.0,0.0,0.0,nan,nan,nan,nan,nan,5.0,-2.4064994524031516
62.601000000000006,1.8328114910017543,1.152821712725202,2.577804732327501,0.9066163139833472,-1.2725032133778225,1.7760662772587366,1.1515007351402184,2.6083865613797244,0.9533854661196007,-1.2620444931981498,0.03058011047834418,0.1582676197349503,0.15222592048729233,0.014196765824273346,nan,nan,nan,1.0,0.0,0.0,nan,nan,nan,nan,nan,5.0,-2.17737743917548
62.650000000000006,1.7994868626952736,1.168294952013642,2.527371805078313,0.9086266602133355,-1.2548089873881567,1.7272840099183442,1.1800636374490763,2.5351419421188517,0.9593371148703113,-1.2115006120994252,0.03044614305749909,0.16067416475774832,0.15430320246275878,0.01405552914570502,nan,nan,nan,1.0,0.0,0.0,nan,nan,nan,nan,nan,5.0,-2.0155240895806523
62.7,1.7668994262542557,1.1855352734920106,2.4775386204652072,0.9130968328888442,-1.2378821770817399,1.6959604579646557,1.2023432039171422,2.4850555049260326,0.9676001894063772,-1.2080661236194863,0.030417339346125918,0.16225895264474247,0.15574111613896008,0.014253748975599919,nan,nan,nan,1.0,0.0,0.0,nan,nan,nan,nan,nan,4.982340564631737,-1.8538847720452782
62.816,1.7508791353570283,1.1948226497157104,2.452859070351354,0.9160297623336972,-1.2301693948447603,1.680630177181512,1.2141462856623617,2.460534853158279,0.9713450685765967,-1.1954392224715524,0.030410363901710914,0.16304396691146605,0.15646348749893552,0.014352271635877436,2.4081814259774856,1.3062242217790931,2.097175963583641,1.0,0.0,0.0,nan,nan,nan,nan,nan,4.8970000876952255,-1.7917135281872834
62.85,1.6450097769563519,1.271435201461797,2.2841681082143515,0.9303380384229534,-1.175821141961528,1.6543738362606326,1.3095803360227039,2.2947436194569786,0.9850727358522569,-1.161776089228432,0.030155536076635275,0.16024343932874086,0.15426573752730782,0.013924405132009774,nan,nan,nan,1.0,0.0,0.0,nan,nan,nan,nan,nan,4.728497280289515,-1.6534490608344101
62.900000000000006,1.6035978502202093,1.3099373994437558,2.214072596720532,0.9343904924069527,-1.151687304621313,1.6285999677244383,1.3394155457196808,2.2481399664663133,0.9883411686443829,-1.126444132012964,0.030143747238819817,0.16175813464630212,0.15580496167256014,0.01412384126794549,nan,nan,nan,1.0,0.0,0.0,nan,nan,nan,nan,nan,4.605313349429059,-1.5494966375591315
62.95,1.577487888168707,1.3372922606994944,2.168111462711933,0.9366481011565279,-1.13712445742366,1.5927776215051586,1.3875934834537913,2.177404505369838,0.9922638310390114,-1.1037222730816305,0.030197184672379845,0.1639725179080425,0.1580812253634747,0.01386870574556605,nan,nan,nan,1.0,0.0,0.0,nan,nan,nan,nan,nan,4.544929474424949,-1.4983351193636198
63.00000000000001,1.5526428652260238,1.3659033468758968,2.122690666381179,0.9386016890582424,-1.1225204982451085,1.6573058886263015,1.3439913742954477,2.131726033417979,0.9861163819517468,-1.1104612835763699,0.030141684171570277,0.15716720614904883,0.1522069001811586,0.014063002612240673,2.4475261755122615,0.5943201180670782,5.074357342540917,1.0,0.0,0.0,nan,nan,nan,nan,nan,4.442224436984852,-1.407011260659358
63.05200000000001,1.517847710276435,1.4110046265160503,2.0556865268266638,0.9416040514613082,-1.100763483455141,1.6262277128726894,1.3928241315000567,2.0664560154593197,0.9904105262660166,-1.1022308543137396,0.029936198425083438,0.15935046783958629,0.15460398839172598,0.013815464291929503,nan,nan,nan,1.0,0.0,0.0,nan,nan,nan,nan,nan,4.279765054080279,-1.3262296844515709
63.101000000000006,1.4861250379952797,1.4585173907659241,1.9900086532350894,0.9443877300916087,-1.0785150940223864,1.5991071933138272,1.445765251894466,2.001776285768898,0.9936851809326841,-1.0164436751327883,0.029936353528121056,0.16147465602407102,0.1570669007544879,0.014115761538960391,nan,nan,nan,1.0,0.0,0.0,nan,nan,nan,nan,nan,4.279765054080279,-1.2378183088466888
63.150000000000006,1.466743366897385,1.4913944081385655,1.9469560613144852,0.9458964707051315,-1.0644125004097187,1.5828789741369937,1.4820464699359048,1.9590375880616442,0.9952921613996479,-1.0267451509348235,0.029912884391885986,0.16285680171067038,0.15871916489147886,0.014443729614525544,nan,nan,nan,1.0,0.0,0.0,nan,nan,nan,nan,nan,4.212306219693708,-1.1798676975067548
63.201,1.4403921218476148,1.5423095615943678,1.8834031645957916,0.9478481256758776,-1.0447211100931066,1.569379826039436,1.521658220908467,1.913928891928748,0.9965774246514886,-1.018241125014465,0.03012496407335628,0.16420324672333536,0.16033606969077588,0.01404312068012324,1.1991437439638897,1.1498002734129096,0.9999390870108331,1.0,0.0,0.0,nan,nan,nan,nan,nan,4.141784808076577,-1.1139318353604972
63.25000000000001,1.4246685865692268,1.57720906453572,1.8416954982446614,0.949051245870119,-1.0315210046030618,1.5155796070495613,1.5448585417035923,1.8516137937508494,0.9976183514441777,-1.000749337934754,0.030076991278868148,0.15806668412474215,0.1552312759829949,0.01433538800130026,nan,nan,nan,1.0,0.0,0.0,nan,nan,nan,nan,nan,4.075681043751327,-1.0515127320233446
63.300000000000004,1.41043820106564,1.6127864605095443,1.8005150988457013,0.9501840668700291,-1.0176196340798083,1.5053111584077938,1.5840478250632128,1.8095945485478069,0.99844589628376,-1.0075336329160227,0.03012866503040504,0.15940676143244684,0.1569136564944902,0.013980731098092399,nan,nan,nan,1.0,0.0,0.0,nan,nan,nan,nan,nan,3.987703262341226,-0.9665386485635192
63.351000000000006,1.3919123321814189,1.6672635887523302,1.7398401029640254,0.9517941448426848,-0.9965298666649562,1.4923199654417392,1.6425273467582535,1.748507806257651,0.9994411304711392,-0.978364387759601,0.030106105554214287,0.161387917698354,0.1594905376117601,0.014278756300910344,nan,nan,nan,1.0,0.0,0.0,nan,nan,nan,nan,nan,3.920758211877687,-0.9019985274329152
63.400000000000006,1.3767854096517056,1.722861650802139,1.6804508973816785,0.9533093679670964,-0.9754168285650353,1.4861307499086884,1.6826841294300217,1.7081495018541686,0.9999060963696433,-0.9564768761829208,0.030172186275749354,0.1626702024719547,0.16117926432321333,0.013930954767652541,1.3639061165213828,1.4948157533036674,0.18256051962902686,1.0,0.0,0.0,nan,nan,nan,nan,nan,3.8393169169621744,-0.8235149916030973
63.453,1.3685893492550987,1.760435361604386,1.64154035349563,0.9542911358161131,-0.9625116951678759,1.4680086509185468,1.7249400755188082,1.650140327812575,0.9997279393305766,-0.9403124810550026,0.03014126173249441,0.15667490372363152,0.15603017939632785,0.014225733241928152,nan,nan,nan,1.0,0.0,0.0,nan,nan,nan,nan,nan,3.738600238675292,-0.772427640885543
63.50000000000001,1.3619000728955728,1.7983387092542598,1.6031224459544569,0.9552546656801095,-0.9505944693166217,1.4668976359343864,1.766914734629263,1.608178514339171,1.0001420390891869,-0.9435424685526111,0.030377719822937497,0.15796986558401083,0.15776358232646948,0.013871296006167946,nan,nan,nan,1.0,0.0,0.0,nan,nan,nan,nan,nan,3.738600238675292,-0.7229721912455613
63.550000000000004,1.3546754035802036,1.8556741653192814,1.5464667482506003,0.9566744366787672,-0.9298692376723497,1.465778958029315,1.8269004715581683,1.5508774643675451,1.0006384724500517,-0.9318467144650909,0.030350925026171458,0.15990212490172243,0.16038779419393848,0.014171013079913173,nan,nan,nan,1.0,0.0,0.0,nan,nan,nan,nan,nan,3.6417114594330178,-0.6279901087424067
63.6,1.3507861715212337,1.9134019133508045,1.491179716622914,0.9580776250748337,-0.9071799922055537,1.469521916680687,1.8695824438474613,1.5105022262107421,1.0008530512489837,-0.8668954464508835,0.03070336659238792,0.16115643826774007,0.1621094894324381,0.013971550324892501,nan,nan,nan,1.0,0.0,0.0,nan,nan,nan,nan,nan,3.5247520297488943,-0.5132382917226253
63.650000000000006,1.350022083455406,1.952009389851967,1.455040827348887,0.9590444206629698,-0.8942899265114838,1.4774427818090399,1.8376482451372702,1.455519264816071,0.9951093535527147,-0.8825013876974063,0.030645333085040003,0.15523506786489458,0.15670913867426844,0.014221151132027534,1.4723454296321141,0.9366297220013622,3.2834005513369555,1.0,0.0,0.0,nan,nan,nan,nan,nan,3.5247520297488943,-0.5132382917226253
63.7,1.350703303649879,1.9906538716404762,1.419410653966182,0.9602359599623597,-0.8805241313863765,1.4823689106680482,1.877151905235106,1.419747523645654,0.9964514097899492,-0.8596277039165272,0.030633126988344507,0.15654055914511314,0.15846746928467173,0.014509896165832366,nan,nan,nan,1.0,0.0,0.0,nan,nan,nan,nan,nan,3.4447730238638643,-0.415783660426424
63.751000000000005,1.354388828708008,2.0485968964552095,1.3670640374995078,0.9622022825931922,-0.8599303609691631,1.4912049643541987,1.9351975177059162,1.368661146498507,0.9980656698712506,-0.8429864376510187,0.030461140565928364,0.1584629130763854,0.1610731089685056,0.01423270758977366,nan,nan,nan,1.0,0.0,0.0,nan,nan,nan,nan,nan,3.3983405160199895,-0.3731998917837507
63.804,1.3612060540882156,2.1063499368090377,1.3159357250367414,0.9638915753344035,-0.8397984395684261,1.4995385774918997,1.974240703187951,1.3348083867698473,0.9988211275812267,-0.827818200962366,0.030449981703708287,0.15974880443639183,0.16280236271061452,0.01442938173535722,nan,nan,nan,1.0,0.0,0.0,nan,nan,nan,nan,nan,3.3259944249367392,-0.30559986443796694
63.851000000000006,1.367449576420359,2.144661926283389,1.2825130126906092,0.9649194940817166,-0.8271185435001234,1.5008525258641972,2.015711082892512,1.2833402715188953,0.9985076060953132,-0.8302553765354211,0.03040524060758114,0.15392040007632735,0.15713226183797183,0.014159198645310005,1.359754090609006,1.8403451845357401,0.1889361291904713,1.0,0.0,0.0,nan,nan,nan,nan,nan,3.2025094142355535,-0.2619917342749334
63.900000000000006,1.3750232908324898,2.182768222339231,1.2495920523684663,0.9659306502663793,-0.8138236787131434,1.5125025774925465,2.0539185736235472,1.2501622392015284,0.9991776215473224,-0.7798931637321703,0.03040214465682013,0.1552555034360463,0.15886520906751134,0.014356590232977555,nan,nan,nan,1.0,0.0,0.0,nan,nan,nan,nan,nan,3.2025094142355535,-0.18330709909279563
63.95,1.3888135193451505,2.239453277157618,1.2012547365045807,0.9674056992259077,-0.7945871367018124,1.5317087570594554,2.1102226782580926,1.202598795695212,0.9999819364665049,-0.7779267683871287,0.030311642330412746,0.1572296239389229,0.16143079187943712,0.014098799783959682,nan,nan,nan,1.0,0.0,0.0,nan,nan,nan,nan,nan,3.1719027871641066,-0.15466939945474256
64.001,1.4054371901677254,2.2954468734896603,1.1540629977813583,0.9687518982674902,-0.7751587157471895,1.5464010855903476,2.1474246641661807,1.1710515419376606,1.0003566923891538,-0.7489141964929558,0.030304490438247678,0.15855812303841732,0.16312365486782665,0.014296828197546687,nan,nan,nan,1.0,0.0,0.0,nan,nan,nan,nan,nan,3.100138159252212,-0.08531681312372097
64.051,1.4180438852275155,2.3323246597382274,1.1232820758124133,0.9694716585902953,-0.760768516842609,1.585416777029745,2.198206879328646,1.1236175340052093,1.0007484029163347,-0.7578853588121544,0.030281433391536553,0.15295875541388132,0.1573611610666408,0.014030712012393353,1.7213021946296894,2.144430118256755,0.09742436941262982,1.0,0.0,0.0,nan,nan,nan,nan,nan,3.0283149137283774,-0.015152201528792375
64.101,1.4391636043735365,2.386887581786507,1.0781580067797911,0.970733962158534,-0.7412021081175184,1.60299615918189,2.234176004743862,1.094904077919054,1.0009673861696682,-0.6923756350630006,0.030289956030974452,0.1543449654992975,0.1590506916975979,0.014361950590669654,nan,nan,nan,1.0,0.0,0.0,nan,nan,nan,nan,nan,2.9712823154609085,0.040470589754146635
64.15,1.4546588192509795,2.422723663807142,1.0486657996225193,0.9715519060825148,-0.7308819070181375,1.6332309119724635,2.287617959421396,1.0467542943563064,1.0012101564732865,-0.7235436168042331,0.030477377643398907,0.15640137184839045,0.16154850255605982,0.014050993179189144,nan,nan,nan,1.0,0.0,0.0,nan,nan,nan,nan,nan,2.9712823154609085,0.040470589754146635
64.2,1.479958284893101,2.475593631717462,1.0052659105197217,0.9727323951295606,-0.7123348042887926,1.6535084623517955,2.3221453668821335,1.0171721621927237,1.0013335846727385,-0.7212137949594319,0.030462230665444408,0.15778987950428885,0.16318986972536406,0.014249153604212106,nan,nan,nan,1.0,0.0,0.0,nan,nan,nan,nan,nan,2.8861960380530345,0.12476804842750133
64.25,1.4981476178280422,2.510215226940985,0.9769991567801097,0.9735065446067047,-0.6992465071198419,1.7746210532474107,2.400610621983022,0.9745182224848721,1.0057142918091801,-0.6696294038385259,0.030523702561292037,0.15238056149070128,0.15734977099894526,0.01398878915173782,2.6378610559459688,2.64152583719779,3.6613430556207307,1.0,0.0,0.0,nan,nan,nan,nan,nan,2.842536286629584,0.1679908360189586
64.3,1.5273338345786343,2.5611447131250036,0.9355395872811397,0.9743128069853018,-0.6811859664201076,1.7974180832576854,2.433738953218663,0.9472365021791385,1.0049218860138927,-0.6725313541552664,0.0305116522255003,0.15383005912370745,0.15898489907998664,0.014187618596873895,nan,nan,nan,1.0,0.0,0.0,nan,nan,nan,nan,nan,2.7924752155162773,0.2046240711324816
64.35000000000001,1.548010685249217,2.5943922064182567,0.908501618975561,0.974833363635847,-0.6691959404213852,1.8383626923415148,2.4824545585183313,0.8998207229383066,1.003946561024753,-0.6372846854699465,0.031077073368587747,0.15598576973314837,0.1613978211679181,0.013937629600533508,nan,nan,nan,1.0,0.0,0.0,nan,nan,nan,nan,nan,2.7514574164735643,0.24777299326036206
64.40100000000001,1.580777837253545,2.643168186932898,0.8688708536291324,0.9757461699351758,-0.6505188699561665,1.8764183912955281,2.529115085131629,0.8598479657772948,1.0032970947068989,-0.6328709970982276,0.031059032891814616,0.15817242124215264,0.1637620054002816,0.014236172105974712,nan,nan,nan,1.0,0.0,0.0,nan,nan,nan,nan,nan,2.6522818240441066,0.3508443970239048
64.45,1.6037451613145972,2.6749367423049657,0.8430983752097378,0.9764122090998087,-0.637547694297356,1.8810673159872475,2.5597586942378636,0.8397786374449518,1.0023313073465927,-0.6078944861950546,0.030610497256139107,0.1521718117861414,0.15709013431389376,0.013890895157408989,1.6926091152677099,2.548855309213794,0.1353439600006352,1.0,0.0,0.0,nan,nan,nan,nan,nan,2.6522818240441066,0.3508443970239048
64.5,1.6398028502417261,2.7214379942984497,0.8053336308518688,0.9775033286369285,-0.6206227227330924,1.9080190271636321,2.58943216093445,0.814086819466664,1.0022018218129662,-0.606662052649185,0.030598437192436087,0.15368708973819106,0.15866825620879202,0.014090815078730662,nan,nan,nan,1.0,0.0,0.0,nan,nan,nan,nan,nan,2.6197668081869177,0.3867464848081059
64.553,1.664867765060698,2.7516552313476135,0.7807343547813801,0.9782020649308321,-0.6090209228057926,1.949595896945718,2.6326455438306593,0.7759150905333185,1.0020455938926334,-0.6179547065209391,0.030547888485907615,0.15594217824398238,0.16099703692956685,0.01385300114864365,nan,nan,nan,1.0,0.0,0.0,nan,nan,nan,nan,nan,2.5818612373929497,0.4249304211123055
64.601,1.703929838565084,2.7957853348923525,0.7447255857004768,0.9793071975563385,-0.5905129615610152,1.9783670906297603,2.660546441005486,0.7515163233094095,1.0019682486949517,-0.5938168178527929,0.03054198753587406,0.15746418472239906,0.1625235138031499,0.014053369818666336,nan,nan,nan,1.0,0.0,0.0,nan,nan,nan,nan,nan,2.520269784477413,0.48688827809420854
64.65,1.730902537528602,2.82439766896704,0.7213437925992534,0.980017217196241,-0.5786920911661805,1.9943540213805144,2.7259783021810837,0.713036176899279,1.001882395062225,-0.5616832489993442,0.030711173108065943,0.15227657387042398,0.15662111279658378,0.013817788430582834,1.6750902772576375,2.954645219893399,0.6656818169133633,1.0,0.0,0.0,nan,nan,nan,nan,nan,2.4933936006879565,0.5138980850419623
64.70400000000001,1.7726859610391326,2.866089866221878,0.6871418799188098,0.9810841444536725,-0.561337036605787,2.040260239453254,2.764770554163652,0.6779887850321238,1.0018107901031483,-0.5690468826387116,0.03069241783316341,0.15464420941051685,0.15890003543348627,0.014118419522300689,nan,nan,nan,1.0,0.0,0.0,nan,nan,nan,nan,nan,2.4486085291866746,0.5588465976883129
64.75,1.8013821513723032,2.8930612308300634,0.6649407197067402,0.9817791613795379,-0.5486093340323228,2.0779117986019346,2.7877387031467746,0.6461203786776437,1.001746877578947,-0.5393746422104037,0.03143903371455773,0.1562056301574956,0.16038960034489308,0.013789851874505944,nan,nan,nan,1.0,0.0,0.0,nan,nan,nan,nan,nan,2.3931541256162316,0.6144252766308292
64.8,1.845615016457761,2.932278887104407,0.6326220024180526,0.982806786730872,-0.5296258221163478,2.1100326674888246,2.8116872452005337,0.6239529071982823,1.0017203352981687,-0.524797518487694,0.03143121370598067,0.15779043459935,0.16186052200406525,0.013991005268542647,nan,nan,nan,1.0,0.0,0.0,nan,nan,nan,nan,nan,2.3572726091026626,0.6504111868380543
64.855,1.8758558902490072,2.95759628556698,0.611687093269419,0.9834765488785531,-0.5178967160474706,2.161250978253134,2.8454502956626966,0.5897765789802246,1.001680698416967,-0.5078784636343865,0.0316671470333808,0.16014806737312548,0.164025039157233,0.013765765035301658,2.782960255182281,3.6008028490141486,3.4515818250564436,1.0,0.0,0.0,nan,nan,nan,nan,nan,2.285369623887033,0.7223426578538679
64.9,1.9066665679649086,2.9822515322687813,0.5912118651081053,0.9841036518080098,-0.5060478211933395,2.254993483940813,2.9429336130232957,0.5683546958428823,1.0079460052698086,-0.4865629002187174,0.031666499630532516,0.15414122505145247,0.15731853307807808,0.013964662633418464,nan,nan,nan,1.0,0.0,0.0,nan,nan,nan,nan,nan,2.285369623887033,0.7223426578538679
64.95,1.95388822746304,3.017995427226073,0.561379286642766,0.9847279611625573,-0.4893697037639423,2.306710982263505,2.974741457679672,0.5386279771675477,1.0062893905153532,-0.4650958516236539,0.03171965674211548,0.15657490981690028,0.1594888399816929,0.013742740086871628,nan,nan,nan,1.0,0.0,0.0,nan,nan,nan,nan,nan,2.252166414136279,0.7363526467826063
65.0,2.002220685051039,3.0522465090113586,0.532529237765743,0.985127505542151,-0.4731244734452934,2.341346579196406,2.995224694492642,0.5197560333146485,1.0053257517077299,-0.4576275645323326,0.031713904063754156,0.15820980452895989,0.1609152722050429,0.013941724583192603,nan,nan,nan,1.0,0.0,0.0,nan,nan,nan,nan,nan,2.218490842930102,0.774683592726382
65.05,2.0350239215608577,3.074261567385921,0.5138370633296725,0.9855232824482961,-0.4625389063148215,2.3871578909590117,3.0287402713276443,0.5017657464547178,1.0041889900414402,-0.4457888788012195,0.0308504686048689,0.1606388559299867,0.1630174428200943,0.013800785803609501,1.3337795938759713,3.4156707434936453,4.576367769877409,1.0,0.0,0.0,nan,nan,nan,nan,nan,2.1944825564060233,0.8013165080879441
65.10000000000001,2.085050088548329,3.106071706639333,0.4865339364744175,0.9862038556855252,-0.4484793841160645,2.3251475531237347,3.081191209662122,0.48403722104250946,0.9996597954250563,-0.44343296232955254,0.030799991069783095,0.15460079388679773,0.15641566173912713,0.013996294347071982,nan,nan,nan,1.0,0.0,0.0,nan,nan,nan,nan,nan,2.173833018156971,0.8251668818337932
65.15100000000001,2.118924904178587,3.1264819721170745,0.4688028826894369,0.9869506141635271,-0.4390093909592235,2.3779832608327793,3.108989520661421,0.4589494064095936,1.0000294840573791,-0.41588629348404155,0.030729144014952248,0.15709357357678097,0.15853622355454797,0.013844849938896895,nan,nan,nan,1.0,0.0,0.0,nan,nan,nan,nan,nan,2.1549848936662745,0.8576196004023884
65.20100000000001,2.1704840287267997,3.155924609611168,0.4428960354377965,0.9880532601613172,-0.4254333660805029,2.413917980669532,3.1265603325325624,0.44120761084563664,1.0003146446671571,-0.4289711138671908,0.03071891827643814,0.1587640240371428,0.1599340381569456,0.01413294942102648,nan,nan,nan,1.0,0.0,0.0,nan,nan,nan,nan,nan,2.1278165692051867,0.8836773847636392
65.25,2.2053232850453957,3.1747784927186418,0.4261069768807895,0.9887050780470318,-0.41534973152096216,2.470401572591522,3.1501374790101297,0.41253142962655165,1.0006487638026067,-0.4199226411779651,0.03098333116127813,0.16124887286723186,0.16198950508661678,0.013889185692558854,nan,nan,nan,1.0,0.0,0.0,nan,nan,nan,nan,nan,2.0955343406746456,0.9150883992314883
65.3,2.2405119115754863,3.1930197992898957,0.4097235100856722,0.9893051623894283,-0.4047290665266566,2.460552198796983,3.1804800916683194,0.3961656590731367,0.9984252969902218,-0.3819794991766418,0.030963590476836136,0.15501870669497464,0.1553778264690484,0.014085874245087813,1.9916591738564622,3.330936544075773,1.0052021024669002,1.0,0.0,0.0,nan,nan,nan,nan,nan,2.0556220601234685,0.953965884186186
65.35300000000001,2.293910472720967,3.2192500700914666,0.385935722512173,0.9902827014419886,-0.3901305286125634,2.5125050889662037,3.206377725562467,0.37865699841478895,0.9992487704098774,-0.3791153444847687,0.030431454169941956,0.15755805887795768,0.1574585111402572,0.013848028560850873,nan,nan,nan,1.0,0.0,0.0,nan,nan,nan,nan,nan,2.049625228887698,0.9667118510096008
65.4,2.348002404175169,3.244147582519139,0.3629442529650264,0.991220191292929,-0.3772329323110467,2.549706169590573,3.22100793903591,0.36365230292191203,0.9996925657668327,-0.3456618775095923,0.030432501674348526,0.1592562094367526,0.15883385474018938,0.014048017507374886,nan,nan,nan,1.0,0.0,0.0,nan,nan,nan,nan,nan,2.023291470387195,0.990612750730643
65.45,2.384417901605606,3.2600179399651403,0.34803985013561073,0.9917488163436274,-0.36927263393634313,2.6057768039418767,3.242081564036081,0.3406433084498959,1.0002084401381373,-0.3719358617176521,0.030395314602282886,0.16178224105566688,0.16085585081859985,0.013814993387973365,nan,nan,nan,1.0,0.0,0.0,nan,nan,nan,nan,nan,2.013507806758346,0.999080400000284
65.5,2.4210975065422455,3.275315144424441,0.33347393902510775,0.9922456494013085,-0.3597840699047448,2.64353496006488,3.2553138703868965,0.3258614340363364,1.0004594437655845,-0.35675225232183266,0.030391910173795028,0.16346832516987278,0.1621940623435608,0.01401542874165298,2.8998044816123913,2.4278841200705337,2.7227374301875766,1.0,0.0,0.0,nan,nan,nan,nan,nan,1.9677056988066877,1.043324462831122
65.55,2.476574956096608,3.2972061852374646,0.3123635844548957,0.9928755990941752,-0.3456559775967582,2.7217080921507653,3.196311682832331,0.30395512758131504,1.0000610178702531,-0.33026374534109887,0.03044594515656952,0.1579294136759128,0.15631543336105772,0.013783916608560227,nan,nan,nan,1.0,0.0,0.0,nan,nan,nan,nan,nan,1.9512183394093658,1.059035839157823
65.60000000000001,2.513844451285175,3.3111099123427854,0.29874219811677943,0.9932992677676848,-0.3366813109016151,2.7599209669171736,3.208142172574382,0.2888830087674763,1.0003410209219277,-0.3435639243547643,0.030436032103225798,0.15964677641091368,0.15767541355616507,0.013984771252317623,nan,nan,nan,1.0,0.0,0.0,nan,nan,nan,nan,nan,1.929550395915368,1.0818960094443022
65.65100000000001,2.570142206527144,3.3309556348762115,0.2790007179402138,0.9938840563683693,-0.32269731657936723,2.8194647422166037,3.222435789253676,0.26508635497301114,1.0006681010480463,-0.3309742362824989,0.030748592644854612,0.16220333407997595,0.15967193002755128,0.01375980296216283,nan,nan,nan,1.0,0.0,0.0,nan,nan,nan,nan,nan,1.9011936159885838,1.1093957291699663
65.7,2.607916568770045,3.343527913324855,0.2663137778238065,0.9942368411747886,-0.3129844954775531,2.858129060405222,3.2327976155935017,0.2525843875453626,1.0008247435196271,-0.29211159650724183,0.030750598865528847,0.1639069178507642,0.16099665237215313,0.01409859471628083,2.6500763412288695,2.5248647550364236,1.9675384115875472,1.0,0.0,0.0,nan,nan,nan,nan,nan,1.8700271878104133,1.139547511917379
65.754,2.664909770200975,3.361426357931982,0.24800648919553597,0.9947213411856385,-0.29957040671192364,2.8929584470684504,3.1798537020301634,0.23379350776064634,0.9982948721012607,-0.288078849945587,0.03078144996176544,0.15833177891777905,0.15526359221049624,0.013809766627214608,nan,nan,nan,1.0,0.0,0.0,nan,nan,nan,nan,nan,1.8665637102836814,1.1424998248533869
65.801,2.722271424999189,3.3782060988651024,0.230447885909511,0.9953656021929541,-0.28699468246538934,2.9318312664889183,3.189013050502052,0.22271528527920248,0.9989296609269356,-0.29052502715653616,0.030777876208720564,0.1600637117387845,0.15661352405459192,0.014010227614054314,nan,nan,nan,1.0,0.0,0.0,nan,nan,nan,nan,nan,1.8253066951880559,1.1895808610756773
65.85000000000001,2.760704277659482,3.3887920350696423,0.21918059940262524,0.9957868289916754,-0.27819658460989216,2.987301858375293,3.2067663034282314,0.2117146379456729,0.9997010934551231,-0.27335526721871234,0.030186424733294498,0.162641638548947,0.1585956922524682,0.013781946724478257,nan,nan,nan,1.0,0.0,0.0,nan,nan,nan,nan,nan,1.8253066951880559,1.1895808610756773
65.902,2.818611434695707,3.403796792116633,0.20288830146564607,0.9962939684591969,-0.2666603758578393,3.0264237221569354,3.2150574793798117,0.2003353282857785,1.0000550028125001,-0.26300643501056903,0.03018350042387827,0.16435635446017433,0.1599148364546258,0.013982800836134065,nan,nan,nan,1.0,0.0,0.0,nan,nan,nan,nan,nan,1.8145239520342313,1.1980642519721827
65.95100000000001,2.857372617095329,3.413232722125362,0.1923936566356567,0.9965840690321416,-0.25945743688615514,3.0821063690933093,3.268535855398832,0.18777683495510278,1.000998961741218,-0.2670468001434191,0.02989559808007725,0.15858924299221044,0.15420418034463168,0.013752255427253833,3.007223691856552,3.6453156671160176,0.6649105306183761,1.0,0.0,0.0,nan,nan,nan,nan,nan,1.801062281321269,1.210461444472389
66.0,2.8962477199096632,3.4222275279853505,0.18217954169532374,0.9968276671777769,-0.25237556174267234,3.1214633020005125,3.275905623217987,0.1775305707296773,1.0010905615646486,-0.23742726565975142,0.02989663656573228,0.16032736753946977,0.1555522218739821,0.014039988932240496,nan,nan,nan,1.0,0.0,0.0,nan,nan,nan,nan,nan,1.7791674828355082,1.2294744180849353
66.051,2.954752353992914,3.4349159839533105,0.16740424038988486,0.9971095204024838,-0.24193625796520482,3.180115878443524,3.2872348239098224,0.16474595653647084,1.001200847687616,-0.22060190762814227,0.029781197297948113,0.16291596877159045,0.1575293134678099,0.013947588104288951,nan,nan,nan,1.0,0.0,0.0,nan,nan,nan,nan,nan,1.7754812365165749,1.2328313368553445
66.10000000000001,2.993872346262286,3.4428540556207734,0.15787749050654296,0.997284661238657,-0.23557115714125842,3.2196394390690326,3.2936878502753073,0.15414040126427642,1.0012489662810482,-0.23426124695392792,0.02977449792876638,0.16463597171191607,0.1588475402353096,0.014091241060551945,nan,nan,nan,1.0,0.0,0.0,nan,nan,nan,nan,nan,1.7628390080627674,1.245082664555869
66.152,3.05271038578317,3.454005974612664,0.14407468585609232,0.9975324313371592,-0.2255089928309491,3.2780859715885176,3.3475883667500184,0.14158495283079464,1.0018553324068797,-0.22281336779085387,0.02956542137381929,0.15869348994912766,0.1531632328643502,0.013849385101089589,3.237788208053224,3.7670594929938774,0.7883604883034456,1.0,0.0,0.0,nan,nan,nan,nan,nan,1.7413635373769871,1.2663513311473005
66.203,3.11171815631903,3.4642828465701765,0.13090269323272438,0.997726511240043,-0.21504363346163893,3.3376301749259047,3.3558022919243657,0.12865474870105587,1.0017283554731713,-0.20194968138592603,0.029564386081211255,0.16130162069427761,0.1551827521761529,0.014148554878639029,nan,nan,nan,1.0,0.0,0.0,nan,nan,nan,nan,nan,1.7278145265915799,1.2796494196333739
66.25,3.1511401677387063,3.4706643713528553,0.12244551053710229,0.9978463973957146,-0.20926162834120038,3.3753192475000944,3.3657081141313165,0.12682570924660078,1.0016716863335364,-0.20929126856908897,0.02903895230415488,0.16302702170531047,0.15648977978529993,0.013815813785375122,nan,nan,nan,1.0,0.0,0.0,nan,nan,nan,nan,nan,1.7278145265915799,1.2781624886706477
66.3,3.190622907303661,3.4766813583046705,0.11420861579611757,0.9979585471335835,-0.2034965147521608,3.415074186923619,3.370692189437949,0.11857416588497346,1.0016168524334093,-0.19237121115264297,0.029038628083773516,0.16474893373430421,0.15781060872674288,0.014153790422975458,nan,nan,nan,1.0,0.0,0.0,nan,nan,nan,nan,nan,1.7096130385548314,1.2965689256703006
66.35000000000001,3.2499510586528086,3.485045470769276,0.1023056392344944,0.9981506608729248,-0.19472845765042177,3.477135825357046,3.3714796621470873,0.10056841841707964,1.00154207857705,-0.1622881443550695,0.029659755500414248,0.16731093232306174,0.15974308267223772,0.01399832256003796,3.4955107312067324,2.8231904981587057,1.092649584673291,1.0,0.0,0.0,nan,nan,nan,nan,nan,1.7040455760183246,1.3022200472855185
66.402,3.309391398231275,3.4926439726633434,0.09091370967580517,0.9983429505376862,-0.18611015435114076,3.516768935480019,3.3246952069994067,0.0916311255886364,1.001055682241699,-0.19768768881531013,0.029674819948664923,0.16039130966968132,0.15350554469946515,0.014136857831107066,nan,nan,nan,1.0,0.0,0.0,nan,nan,nan,nan,nan,1.689143790355626,1.3172690505884428
66.45100000000001,3.3490742416075676,3.4973001538328785,0.08362731443406138,0.9984914899502619,-0.17936322196185098,3.575734193127864,3.3324533822036404,0.08296883411121891,1.0011363361056451,-0.18303133513821396,0.02941314815485706,0.16298658717772513,0.15548640869516728,0.0138920486207059,nan,nan,nan,1.0,0.0,0.0,nan,nan,nan,nan,nan,1.666185911896121,1.3415884973047072
66.504,3.4086743855031307,3.5036948017290785,0.07322882211463452,0.9987177588522181,-0.1689297717921803,3.6156480860013542,3.3357026538799,0.076055296387167,1.0011824610263598,-0.1634004452727098,0.02941348966130823,0.16470955738248305,0.15681091229875335,0.014091149485467316,nan,nan,nan,1.0,0.0,0.0,nan,nan,nan,nan,nan,1.655000583318581,1.3525191490954953
66.552,3.4484528504775116,3.507578445737022,0.06662396228913767,0.9988569959762394,-0.1628443659581003,3.659150466810344,3.351029098687785,0.0744592558218331,1.0002958677426486,-0.1645507547442021,0.028732649103760628,0.1587676140000013,0.15141252711580544,0.01393825220024922,3.509405679216771,3.394708601670976,0.0836738878542742,1.0,0.0,0.0,nan,nan,nan,nan,nan,1.6523838837719738,1.3549383508286406
66.60000000000001,3.4882638779047204,3.5111693993089723,0.060243461129710206,0.9990260914123474,-0.15748801258181827,3.6990587348075823,3.3539410347346634,0.06850335187141487,1.000509164756272,-0.13565496859599085,0.028735068168899588,0.16051096911937715,0.1527695744881384,0.014222150881737528,nan,nan,nan,1.0,0.0,0.0,nan,nan,nan,nan,nan,1.6508521923673767,1.3591150286972389
66.65100000000001,3.5480378190800073,3.5160275776464487,0.05104241132993355,0.9992886781749833,-0.1503316397971712,3.758521572519111,3.3594486176743317,0.06239626072729764,1.0007586142342155,-0.13281241788090847,0.02857609634743466,0.1631114756977371,0.1547554359222648,0.013966276145083494,nan,nan,nan,1.0,0.0,0.0,nan,nan,nan,nan,nan,1.6436618787016584,1.3653460394262673
66.7,3.587920024044361,3.5189270846963927,0.045136251075877425,0.9994269929171431,-0.14610053324302816,3.7984779081142617,3.361887614000801,0.0560024178899936,1.000877146398512,-0.15543264815059762,0.028570610308260077,0.16483677034213054,0.15608481510222186,0.014164303260771848,nan,nan,nan,1.0,0.0,0.0,nan,nan,nan,nan,nan,1.6447248108025652,1.363785962925399
66.75,3.6477847477396788,3.522788066532124,0.036591087771469445,0.9996035326738628,-0.13927622525421923,3.8582381517793762,3.3658996682023767,0.048560797086862006,1.0010184772677442,-0.1298609825678389,0.028493195935158293,0.16740538448462358,0.15802751678548285,0.01391583545834781,nan,nan,nan,1.0,0.0,0.0,nan,nan,nan,nan,nan,1.6258862275323258,1.3822250923828232
66.8,3.6877182434507376,3.525048680587613,0.031135696980768936,0.9997044650980369,-0.1346760334866283,3.8522279299830506,3.3355736681987946,0.04287494794385661,0.9977945701331865,-0.1282911327096019,0.0285031156370112,0.16033181439591865,0.151918547869796,0.014110940904095199,3.4364398095202198,3.029144746918722,1.1122834545576068,1.0,0.0,0.0,nan,nan,nan,nan,nan,1.6247150043251901,1.3829213991188753
66.852,3.747652625252943,3.5279882511990373,0.023276770602258422,1.0000441202397852,-0.12822445770400448,3.911764337152904,3.3393023012114194,0.03643799717036877,0.9988344696280409,-0.1263917566855018,0.028371922000094273,0.16292956547063359,0.15391227207649041,0.013964371429609022,nan,nan,nan,1.0,0.0,0.0,nan,nan,nan,nan,nan,1.6217051670024836,1.3957132293385952
66.9,3.7876356142669545,3.5296586590569508,0.018254596468299963,1.0003006683438578,-0.12380844722096618,3.951698382943034,3.340705555331723,0.03157694736597927,0.9993416688648602,-0.10902511841818605,0.02837273327771705,0.16465354646021538,0.15524765760489023,0.01416245578212187,nan,nan,nan,1.0,0.0,0.0,nan,nan,nan,nan,nan,1.6112787802689092,1.4030781941062045
67.07900000000001,3.807633481215843,3.5304098349972524,0.015810846383877405,1.0004019386056322,-0.12163360723161612,3.9716749123592128,3.34133852534223,0.02908290550450232,0.9995708621088398,-0.11823159225920024,0.02837064031186762,0.16551242899156476,0.15591178921691531,0.014260959153384208,3.859492302822987,4.153462156920524,2.523508340093411,1.0,0.0,0.0,nan,nan,nan,nan,nan,1.610189520292401,1.402678772929012
67.101,4.007753941098174,3.5350471731888478,-0.006353573407756711,1.000925476038854,-0.10059323102172808,4.134250823147826,3.4168498937392484,0.007141538650973,0.9999846993830372,-0.1236866555441237,0.028479690583729025,0.16434918798545634,0.15443521642842573,0.014067119922626119,nan,nan,nan,1.0,0.0,0.0,nan,nan,nan,nan,nan,1.5820275146818006,1.429961143915752
67.153,4.047797714288407,3.535393040049098,-0.010254126234218912,1.0010037490449022,-0.09549946709057024,4.1939745416556935,3.418858990827998,0.0019941204007518643,1.000400597962195,-0.09468924512363454,0.028320157747952993,0.16691726696316533,0.15639450261254195,0.013831139291636308,nan,nan,nan,1.0,0.0,0.0,nan,nan,nan,nan,nan,1.5667121881340784,1.4442368966164585
67.20100000000001,4.1078687549556925,3.5355812713543213,-0.015750010994664252,1.0010716877454846,-0.08911164407283792,4.233992325106561,3.4189020684940727,-0.0019779099081560503,1.0005935512448942,-0.0962920012068326,0.028318414114837046,0.16861839128674513,0.1577101789224368,0.014031013913223169,3.6647073178113923,4.377920546969376,4.519344509772852,1.0,0.0,0.0,nan,nan,nan,nan,nan,1.5699561621091507,1.4397251970058027
67.25,4.147917341797967,3.5354961691250737,-0.019215338617481172,1.0010958779104278,-0.08510872050537215,4.238156541237938,3.5013331711190174,-0.009395107719258444,0.9974915943432344,-0.08364723559285196,0.028557222859312063,0.1623698321281046,0.15241221641717312,0.013796331777229302,nan,nan,nan,1.0,0.0,0.0,nan,nan,nan,nan,nan,1.5630428559577978,1.4460299657468134
67.3,4.187967751625507,3.535250509785162,-0.02252269354697109,1.0012421290747933,-0.08114886182606708,4.278062486082309,3.5009271974996627,-0.011957469077212846,0.9982715361129271,-0.05500602975742712,0.028560174781651862,0.16409353306364255,0.15375997157548016,0.013996711299079836,nan,nan,nan,1.0,0.0,0.0,nan,nan,nan,nan,nan,1.5616436354420489,1.45686047725038
67.35000000000001,4.248056773577294,3.534595680232555,-0.027211983295744844,1.0015465113481845,-0.07641978071045594,4.33702705308878,3.5075626059228653,-0.008282812465593368,0.9992124781302204,-0.056331887725954315,0.027871985270773197,0.16666392958290663,0.15572736237478912,0.013769811474519125,nan,nan,nan,1.0,0.0,0.0,nan,nan,nan,nan,nan,1.568070087336539,1.4481806232411656
67.40100000000001,4.308153613414683,3.533614782681909,-0.03168949915872862,1.0017005778601777,-0.07356321625037761,4.376998696076278,3.507206689860642,-0.01010354060449492,0.9996498506957826,-0.03602302639873742,0.027874446875487905,0.16836668182095743,0.15704878831506552,0.01397061510291141,nan,nan,nan,1.0,0.0,0.0,nan,nan,nan,nan,nan,1.571618590025034,1.4418486705942797
67.45,4.348218616196617,3.5327885102860757,-0.03460293586211584,1.0017638864279435,-0.07249246009237699,4.472022080990996,3.4516455988287644,-0.022321402957438338,1.0023886380170977,-0.05756824757952851,0.028533858736381146,0.16201031855088624,0.15173223089285784,0.01374356486086703,4.7390560591482,2.966933016085902,1.4836874181919177,1.0,0.0,0.0,nan,nan,nan,nan,nan,1.576313219528808,1.4358594308590298
67.5,4.388279983839183,3.5318304120182713,-0.037454186787527995,1.0016796606985197,-0.06998366019042246,4.512104263158351,3.4507097661276473,-0.02612294755174016,1.002184648299587,-0.07549729693181055,0.028530169781433527,0.16373336019126994,0.1530864053987175,0.013944771817664313,nan,nan,nan,1.0,0.0,0.0,nan,nan,nan,nan,nan,1.5450888335798894,1.4587480229431486
67.551,4.448354047153235,3.5301580474605414,-0.041446113991777084,1.0014580115080038,-0.06378103218998797,4.572447161498966,3.4465331265006878,-0.03379077528284658,1.001936100554933,-0.07542347025896876,0.028759278919363862,0.1663031606317412,0.15506273504504176,0.013724610447796522,nan,nan,nan,1.0,0.0,0.0,nan,nan,nan,nan,nan,1.5323356505785413,1.472003942682049
67.601,4.508408619502768,3.528218413980236,-0.04502839015478794,1.001302639962811,-0.0566610820480848,4.612499662791953,3.4451554413280028,-0.03648211010752034,1.0018180032102275,-0.0679112980476983,0.028758944607613857,0.168005466742011,0.1563902280130855,0.013923294241379227,nan,nan,nan,1.0,0.0,0.0,nan,nan,nan,nan,nan,1.5210189048777119,1.483969526589094
67.653,4.548435884493166,3.5267859003351427,-0.04718443969423792,1.001232516508084,-0.0523002564805663,4.680719429576596,3.4360663021442397,-0.033838000908670285,1.0022787471759653,-0.015117930870995824,0.028396318113673706,0.1615558749459176,0.1510537949557009,0.013775921200124634,4.736022856384433,3.323962618104908,0.081136704933246,1.0,0.0,0.0,nan,nan,nan,nan,nan,1.5199360569114744,1.4853157664289365
67.7,4.5884563376865515,3.5252481715180544,-0.0491966460819022,1.0011590095414176,-0.04969036360320429,4.7207849473012224,3.4346944491603764,-0.03540667216718285,1.0020865485712922,-0.03420618250010559,0.028393933360228225,0.16327708373316965,0.152414325947918,0.013976735422384484,nan,nan,nan,1.0,0.0,0.0,nan,nan,nan,nan,nan,1.5441022929478811,1.459653361136518
67.75,4.648473085969545,3.5227544652398537,-0.05211732019905972,1.001046618352932,-0.047604483667737806,4.781072643496139,3.429477261782095,-0.0410981250986211,1.0018518152572233,-0.04743903477537269,0.028672466842408907,0.16584562630952593,0.15439978320116302,0.013752589544953583,nan,nan,nan,1.0,0.0,0.0,nan,nan,nan,nan,nan,1.53417308624036,1.470054836229494
67.803,4.708475392578102,3.520052580255125,-0.05483871661043061,1.0009804523034098,-0.043442600466066045,4.82111040346793,3.4278015375626185,-0.04370238026952045,1.0017405825271224,-0.05021722036035062,0.028670954283741536,0.16754774950116438,0.15573331123693362,0.013953775770083965,nan,nan,nan,1.0,0.0,0.0,nan,nan,nan,nan,nan,1.5153302455375608,1.4897559551755852
67.85000000000001,4.74847013344223,3.518143786098165,-0.056496077243877244,1.0009539751230627,-0.0402165238920084,4.881052487373081,3.426956292822418,-0.0435845869492244,1.0016094319216933,-0.029800630288100195,0.02851297163819005,0.17008322193037495,0.15767694741020494,0.013732622766352525,4.330790581914818,3.7855910134011905,1.5551146690385815,1.0,0.0,0.0,nan,nan,nan,nan,nan,1.5153302455375608,1.4897559551755852
67.9,4.788459973634467,3.516153998089072,-0.05803978724586669,1.000937713857579,-0.037833880630994646,4.864218217863456,3.457089386072085,-0.04420643913200983,0.99787084154916,-0.02266342096539435,0.0284969125251638,0.16274085763985816,0.15174251237564357,0.013930316933480241,nan,nan,nan,1.0,0.0,0.0,nan,nan,nan,nan,nan,1.5236121387222603,1.4817870422110886
67.95100000000001,4.848440870360202,3.513025506891621,-0.060228546456189774,1.001134103438692,-0.0357335264081018,4.924159449355811,3.4518881683252647,-0.04874900636954216,0.9987224225278865,-0.05728217963822766,0.028727704153631652,0.16530936433130555,0.1537369752777342,0.013712200599184753,nan,nan,nan,1.0,0.0,0.0,nan,nan,nan,nan,nan,1.533874632626203,1.482211590326795
68.0,4.888433443627389,3.510849892864261,-0.06160875423545061,1.0013229041628615,-0.03326817031559453,4.964065338710091,3.449917364015376,-0.0498525439130506,0.9992402490931037,-0.008002042660357207,0.028733130343305272,0.16701251262078423,0.15507635644096868,0.013914059653965739,nan,nan,nan,1.0,0.0,0.0,nan,nan,nan,nan,nan,1.5258669997824088,1.486837641076226
68.05,4.948426736651705,3.5074625351019675,-0.06346726300972513,1.0015238946012468,-0.030078859625029465,5.024132371551487,3.441651783961581,-0.058760296075127894,0.9998567701087226,-0.05161839675820736,0.02918879428900547,0.1695506740303407,0.15702872478253313,0.013698090584827953,4.564693512161635,3.1951928314972218,0.9777508160946617,1.0,0.0,0.0,nan,nan,nan,nan,nan,1.5258669997824088,1.486837641076226
68.10000000000001,4.988422814157584,3.5051264645709868,-0.06461762525143888,1.0016003747360378,-0.027311877987760295,5.016368174815887,3.416831163035204,-0.05932717687749144,0.9972266490297307,-0.00482094750767972,0.029205381151920503,0.16229146757778268,0.15118593767657046,0.0138963991780756,nan,nan,nan,1.0,0.0,0.0,nan,nan,nan,nan,nan,1.4938438276436306,1.5170184116627112
68.15100000000001,5.048417524641963,3.501516837351833,-0.06607453277519336,1.0018222129848355,-0.022903903122072404,5.0761835308552685,3.4104307685524025,-0.06394990539324663,0.998328058216887,-0.05047722527980274,0.029463698178090487,0.16486390435414885,0.15318858372088567,0.013682739735711533,nan,nan,nan,1.0,0.0,0.0,nan,nan,nan,nan,nan,1.5154303656486536,1.5034609044431775
68.20100000000001,5.108421882152121,3.497791358673952,-0.06728769344816916,1.002056818125488,-0.01765821881959472,5.116040781428154,3.4078656829720466,-0.06399629222513913,0.9989318404137338,0.012757888916880284,0.029470947248951124,0.16656985102967856,0.15453330643286048,0.013885138829800523,nan,nan,nan,1.0,0.0,0.0,nan,nan,nan,nan,nan,1.5123292116671438,1.5015834893411466
68.251,5.148426412318282,3.495250693114521,-0.06794921776548299,1.002132168613217,-0.016203228966760824,5.176018638515821,3.392816423746787,-0.07662906347665421,0.9996487397017486,0.014249611178109396,0.030466215017761547,0.16911219850649378,0.1564937344186043,0.013673001513945236,nan,nan,nan,1.0,0.0,0.0,nan,nan,nan,nan,nan,1.4925270309524137,1.5192525352067452
68.3,5.188430128132159,3.492668668636242,-0.06855230961211904,1.0021585500409518,-0.014035746332051768,5.20988423996593,3.372186526982014,-0.07816644269721662,0.9996692574635855,-0.04396031621115766,0.030467608082207904,0.16177334174494024,0.1506110294902683,0.013871638848798601,5.138850067389657,3.1961954771388066,0.15021179682908714,1.0,0.0,0.0,nan,nan,nan,nan,nan,1.4925270309524137,1.5192525352067452
68.35000000000001,5.248431741402436,3.4887292660387326,-0.06920475787916847,1.0021654655528538,-0.007830877376728818,5.269698710764938,3.365514099731767,-0.08001582314765088,1.0001567743168358,-0.0035486093347066854,0.03065820314720277,0.16434632967968965,0.15262287413373046,0.013661276988023843,nan,nan,nan,1.0,0.0,0.0,nan,nan,nan,nan,nan,1.4665236508730322,1.5452108991274367
68.40100000000001,5.288430219341122,3.4860658103658704,-0.06940968828523131,1.0021509958963921,-0.0038594656776259756,5.309578972900452,3.362311635518855,-0.08072293176197531,1.00039501854343,-0.01567594310512688,0.03065607193460472,0.16605302486406462,0.15397345863799464,0.013864110720191449,nan,nan,nan,1.0,0.0,0.0,nan,nan,nan,nan,nan,1.4787789891944267,1.5314851715304496
68.45,5.34842213548748,3.482025447003836,-0.06948301051000333,1.0020873474888286,0.0007806518194880484,5.369426931014167,3.359713465602356,-0.077844884221685,1.000680025941327,0.011429217756444749,0.030458365968178348,0.16859747813251874,0.15594220549349147,0.013797383356050604,nan,nan,nan,1.0,0.0,0.0,nan,nan,nan,nan,nan,1.472096536302485,1.537433140815437
68.50200000000001,5.408406924949681,3.4779454508060113,-0.06932538369547371,1.0020082718884638,0.003433376836680449,5.409334597922599,3.356605047734611,-0.07750851577833372,1.0008116983400295,0.007192097387840992,0.030457800016035808,0.1702821586382182,0.15726637779419383,0.013938618709896813,5.112614488420942,3.548218698399179,0.44928074623639563,1.0,0.0,0.0,nan,nan,nan,nan,nan,1.486421935791062,1.5222187178361026
68.551,5.448392852272663,3.4752105030455884,-0.0691569664122671,1.0019489518477218,0.0046903675014309115,5.4382775710841065,3.369759517845062,-0.0752026757403601,0.9990721698411961,0.022613855827513508,0.030399373642341493,0.163763797321239,0.15204054398833136,0.013716316856765755,nan,nan,nan,1.0,0.0,0.0,nan,nan,nan,nan,nan,1.4846262966732013,1.5235787548408546
68.60000000000001,5.488377153799665,3.472468100407918,-0.06894833164722254,1.001966531991582,0.005324481816120327,5.478132426312382,3.366760400693102,-0.07498891221921511,0.9995272334218076,0.005786914299775401,0.030397373408444325,0.16547157970627474,0.15339612056422045,0.014058287882326,nan,nan,nan,1.0,0.0,0.0,nan,nan,nan,nan,nan,1.4965102352295492,1.5169597932889471
68.65100000000001,5.548357667726158,3.4683472356603007,-0.06860642696038831,1.0020446204744757,0.006215210292467957,5.518087725577974,3.3681085315012527,-0.06919398953254018,0.999909887365139,0.055115153692437434,0.030002376048375252,0.16717189081645636,0.15470429206192604,0.013671223469212158,nan,nan,nan,1.0,0.0,0.0,nan,nan,nan,nan,nan,1.4890543831326128,1.5230740929729583
68.7,5.588346064459177,3.465599216733238,-0.06836577499052936,1.0020568856315155,0.005303872024443956,5.577950277016489,3.3639942780551086,-0.06869202346485315,1.0003401078490217,-0.012617565728959144,0.029994545532117042,0.16970633801989585,0.15670061359748091,0.014054108971590677,5.4976852335848045,2.6249680599933765,2.0123914147897284,1.0,0.0,0.0,nan,nan,nan,nan,nan,1.516560364872902,1.4944246550344185
68.75200000000001,5.648328884526823,3.4614796206759877,-0.06809967031316382,1.0020451608956322,0.004840736297906744,5.6296460083193605,3.296474144435985,-0.06723779922996442,1.0004735277927015,-0.03271442201646306,0.02976877210317065,0.16327977965884463,0.15155540920301855,0.01381708541903511,nan,nan,nan,1.0,0.0,0.0,nan,nan,nan,nan,nan,1.4892229326664996,1.5204544203967212
68.80000000000001,5.688316443946333,3.4587385471808867,-0.067872847570947,1.0020082981690135,0.0062812123735923805,5.6695757607323,3.2937766604255563,-0.06743270263888902,1.0006465581658803,0.004136846852681625,0.0297726667539414,0.16499083636543774,0.15291490956793735,0.014017698488743378,nan,nan,nan,1.0,0.0,0.0,nan,nan,nan,nan,nan,1.4828173693973443,1.5264360474452021
68.852,5.748295476597871,3.4546379263423637,-0.06744261605549749,1.0019435427924939,0.007258233538276158,5.729404029363203,3.287136442343806,-0.06957140426335105,1.0008512920765138,0.02291527175170018,0.03000890572342317,0.16754302339282595,0.15489682538689822,0.013788848013844276,nan,nan,nan,1.0,0.0,0.0,nan,nan,nan,nan,nan,1.4966526488045055,1.5120493490102105
68.9,5.78827970475303,3.451912566221441,-0.0671588719490637,1.0018922341990542,0.006917750468342187,5.769341177088203,3.2843387328718263,-0.07006228390951375,1.0009464680102393,0.012570482395144794,0.030007516724638316,0.16923352488663967,0.15622935484475875,0.013989864656772589,nan,nan,nan,1.0,0.0,0.0,nan,nan,nan,nan,nan,1.5002797261382401,1.5077655053407497
68.95,5.84825283256358,3.4478396807632326,-0.0667565907149178,1.0018066365097071,0.006758207935856718,5.9162207392942845,3.2539079218922997,-0.07141712653804212,1.0062840120002352,-0.019545858528994268,0.030018032089062396,0.16288236335250844,0.15115186193358307,0.013855090394788059,6.611350693608407,2.9927011379560797,2.8539369238097803,1.0,0.0,0.0,nan,nan,nan,nan,nan,1.494888753905982,1.5128236263713193
69.0,5.888229366559537,3.4451366636707244,-0.06646624706319103,1.001533341362764,0.007876662784226019,5.956359738345128,3.2510451415880346,-0.07078090936666825,1.0052760942383971,0.006880111276021724,0.03002107500462334,0.16459579791945378,0.152515349631463,0.014055254047298248,nan,nan,nan,1.0,0.0,0.0,nan,nan,nan,nan,nan,1.4714894516758439,1.519896096031458
69.05000000000001,5.9481660375656595,3.4411035721808076,-0.06592749511064427,1.000985061358664,0.009308128542396463,6.016642411303392,3.250445969095035,-0.06592903897574853,1.0040681246620753,0.01248763598164357,0.0296929616657345,0.16715122573344984,0.1545025705602824,0.013821678675481786,nan,nan,nan,1.0,0.0,0.0,nan,nan,nan,nan,nan,1.4840402350948751,1.5101052611860213
69.10000000000001,6.008080068305053,3.4370964326117726,-0.065386266164671,1.000672372678506,0.00859206889097085,6.0567111777139875,3.2477884130844887,-0.06647173825046025,1.0034950106219749,0.004070897482153936,0.029691780718598515,0.1688437327148293,0.15583850579413785,0.014022282248802871,nan,nan,nan,1.0,0.0,0.0,nan,nan,nan,nan,nan,1.4949416566165554,1.5026243421602026
69.15,6.048015843029063,3.4344402662319293,-0.06504978835259988,1.0005440848508136,0.008380749977786973,6.122254776120741,3.2168187029819495,-0.07004460462389163,1.0033035535030717,0.01858241289284327,0.030010125113648832,0.1622555253956135,0.1505855896461483,0.013789026797238835,6.149542852817625,2.981134571070507,0.2571033141489936,1.0,0.0,0.0,nan,nan,nan,nan,nan,1.4912008494080409,1.5079097409579196
69.20100000000001,6.107913283454149,3.4304801178740747,-0.06455034187327015,1.0004019935666966,0.008285971142653007,6.162284690206846,3.2140187170831878,-0.06943131036227702,1.0028758701836187,0.010755199206893556,0.03000942437666762,0.16396709233963466,0.15195367401241777,0.013990071467421856,nan,nan,nan,1.0,0.0,0.0,nan,nan,nan,nan,nan,1.4915005298298283,1.5080192542176882
69.25,6.1478423177609605,3.4278562792921696,-0.06421446240679035,1.0003478577984686,0.008484737236363988,6.222116920126786,3.205780986021832,-0.07438490617686133,1.002360667083634,-0.0074206854833251835,0.030373779454893512,0.16652150081343464,0.15394821087139862,0.013764804075522476,nan,nan,nan,1.0,0.0,0.0,nan,nan,nan,nan,nan,1.489512057420648,1.5111469830760467
69.30000000000001,6.187770467883403,3.425245934186211,-0.06385271425441887,1.0003151421713707,0.009684648377800722,6.262098433421092,3.2028079672948766,-0.07442545499230935,1.0021162139612942,-0.012062148571270635,0.030372825046441516,0.16821436478214372,0.15528888172484417,0.013966209697074138,nan,nan,nan,1.0,0.0,0.0,nan,nan,nan,nan,nan,1.4751531732646859,1.5269334431777812
69.35000000000001,6.247664026905615,3.4213575976895996,-0.06317898125463617,1.0003192322882155,0.012327788210691398,6.321918233354065,3.195579852707288,-0.07718776881123812,1.0018212708691547,0.007011933850192707,0.03061360470183841,0.17073627562997293,0.1572411391425619,0.01374401103649753,6.16561761534141,3.6111407109120375,0.7158363868373979,1.0,0.0,0.0,nan,nan,nan,nan,nan,1.4731774118658514,1.5295367532455701
69.40100000000001,6.307561149626107,3.4175041985718657,-0.06236782699348401,1.0003526149680693,0.014219066165483449,6.345276170403621,3.229989680269364,-0.07671907688819912,1.0004653798263556,0.005178914287620923,0.03059487657320206,0.16328674191842063,0.15137161630999327,0.013941735723762496,nan,nan,nan,1.0,0.0,0.0,nan,nan,nan,nan,nan,1.4766745181284677,1.5268334127159147
69.45100000000001,6.347496814384989,3.4149563856274265,-0.061773778293314305,1.0004537953814239,0.015220691027689614,6.405378295677259,3.23020226226272,-0.07088733080009169,1.0006112948658654,0.02271325331834456,0.030157258350030573,0.16584278845626194,0.15337379409861832,0.013719755599974908,nan,nan,nan,1.0,0.0,0.0,nan,nan,nan,nan,nan,1.4782829548720962,1.5292693801093655
69.50200000000001,6.407410664045955,3.4111690233626937,-0.06086703350032226,1.0006011784476831,0.014638042691383333,6.445304008689241,3.2273779379546044,-0.06945752735431032,1.0007124896910173,0.03646405740323955,0.030159495134647468,0.16753797028148587,0.15471897658902906,0.014005275304312016,nan,nan,nan,1.0,0.0,0.0,nan,nan,nan,nan,nan,1.493455718031635,1.513628307088004
69.55000000000001,6.447358945065172,3.408668033368585,-0.060304758937676846,1.0006738929379808,0.013640315879988402,6.505515661180029,3.2290173778443734,-0.06142423718148393,1.000829824231568,0.0616611902670494,0.02965620938431866,0.17006498417576377,0.1566777094226184,0.01377812448263348,5.635496919417127,4.160753747316366,5.871846164032488,1.0,0.0,0.0,nan,nan,nan,nan,nan,1.4977060377471534,1.508899327728935
69.60000000000001,6.487310909029119,3.4061863785238136,-0.05981150707433151,1.000730273576349,0.011057700984394413,6.454422389300234,3.3104525877213216,-0.059920733798215935,0.9948158612842813,0.021729423495095893,0.02961321469716093,0.16272165696538393,0.1508854640720759,0.013975417581473415,nan,nan,nan,1.0,0.0,0.0,nan,nan,nan,nan,nan,1.5222105347474475,1.484138500502175
69.65,6.547252639292967,3.4024973360616575,-0.059292212010746026,1.0011680124420044,0.007579115091742089,6.514015273798845,3.3065401371368695,-0.06067099262246778,0.996451494726077,0.0010409427450624722,0.029641535616113344,0.16528519022645152,0.1528927898572217,0.01375204888123464,nan,nan,nan,1.0,0.0,0.0,nan,nan,nan,nan,nan,1.5173440273334002,1.5073061036938686
69.7,6.607232550717491,3.398847018440158,-0.05887431053902829,1.0016915934308526,0.006851775511278584,6.553809811605894,3.304123653474893,-0.06066071852467747,0.9973974483632134,-0.0006167364252948862,0.029641288469932095,0.1669858966145255,0.1542411974302562,0.01395366302226631,nan,nan,nan,1.0,0.0,0.0,nan,nan,nan,nan,nan,1.5052751543030511,1.5146455016625266
69.751,6.6472335075614675,3.396433486433432,-0.05860146236044418,1.0019000997050955,0.006813750629779063,6.6136559621484,3.3020918194741995,-0.05908598289138168,0.9985308557651279,-0.02658966979728014,0.02949949175117109,0.16952159102641143,0.15620517546146392,0.0137331014345274,nan,nan,nan,1.0,0.0,0.0,nan,nan,nan,nan,nan,1.5029703235241854,1.5142425991118225
69.80000000000001,6.70724785836454,3.3928409342465655,-0.058174314810025475,1.0020706413645257,0.007595314529496927,6.6104369566494325,3.3102129934552704,-0.05914116764719557,0.9961305668242869,0.006781832163097629,0.029499323206268434,0.1621170555935726,0.15036262651620433,0.013930925817478242,6.220624261084038,3.414772933353316,0.6581668128326571,1.0,0.0,0.0,nan,nan,nan,nan,nan,1.4929844412138782,1.52090171642813
69.851,6.747265121591336,3.39046313415244,-0.05787403962271308,1.0022755400866026,0.00724100793899724,6.670072018827443,3.305677872877607,-0.05935362233712338,0.9975279363620544,0.018742876016080188,0.02959348384622647,0.16468548914943174,0.15237682409421177,0.013807531587645609,nan,nan,nan,1.0,0.0,0.0,nan,nan,nan,nan,nan,1.5096517282667268,1.5116287678565898
69.9,6.807307377738858,3.386920222166465,-0.05748482520256979,1.00250715133841,0.005847149595468777,6.709910201352899,3.303304246769576,-0.05976633813144971,0.9982708476254821,-0.0013454296823751353,0.029590977676701356,0.1663898233123293,0.1537293919720653,0.014008484065239413,nan,nan,nan,1.0,0.0,0.0,nan,nan,nan,nan,nan,1.5117864429456398,1.505425547746272
69.95,6.847340341319038,3.384573756471208,-0.057256892997181126,1.0025445933971875,0.0057269103682827975,6.770020942157151,3.305128886294646,-0.05298272658942249,0.9991608089555978,0.012290889905229432,0.02911612792923183,0.1689313975297264,0.1556995555260108,0.013781073909378267,nan,nan,nan,1.0,0.0,0.0,nan,nan,nan,nan,nan,1.5017620771983324,1.513307637322022
70.0,6.887375279615243,3.382238988437346,-0.05704128350825326,1.0025584819406195,0.004858149311164224,6.809935675025888,3.3030132524577542,-0.05277517209429261,0.9995789001415802,0.006818996276418987,0.02911573695993652,0.170614608831974,0.15702519100862045,0.01398238578007348,6.73177470707415,2.82690411013632,0.8474236263218999,1.0,0.0,0.0,nan,nan,nan,nan,nan,1.5158131464944045,1.496628643587823
70.051,6.947426786922398,3.378755993616196,-0.0568259333453842,1.002498556470893,0.002826957488421819,6.862123855157572,3.2592390434479204,-0.0492742582846466,0.9997772701244667,0.01893728399098183,0.028948592397661666,0.16404327896576437,0.15183162725721336,0.013754601351334522,nan,nan,nan,1.0,0.0,0.0,nan,nan,nan,nan,nan,1.5130552356425904,1.4981533358746106
70.10000000000001,7.00747472062333,3.375292875167416,-0.056739196754673475,1.0024134970365797,0.0,6.902069032739994,3.2572599793367027,-0.04965236156992203,1.0000722591004692,0.004675366636075857,0.028947014925504777,0.16574989248520247,0.15318831262962102,0.013953421005985756,nan,nan,nan,1.0,0.0,0.0,nan,nan,nan,nan,nan,1.52261556342402,1.4880090346382984
70.15100000000001,7.047503990636733,3.3729927397011332,-0.0567614831694312,1.0023434539795901,0.0,6.961892619950993,3.25220051405078,-0.05176247859232897,1.0004242668268855,0.008185621863906778,0.029133250431795397,0.1682952773982386,0.15516505155978796,0.013805782920569339,nan,nan,nan,1.0,0.0,0.0,nan,nan,nan,nan,nan,1.5156510898047795,1.4940849283745081
70.20100000000001,7.107542604443888,3.3695521222219287,-0.05685721862837318,1.002219946035347,-0.0019922886571551355,7.001857734125761,3.2501304731222804,-0.05180671600973242,1.0005885463347703,-0.0016711929145213817,0.02913223409462667,0.16998126367025138,0.1564947823875489,0.01414571795751677,7.117081617338386,2.7911197022604437,0.8148677807749148,1.0,0.0,0.0,nan,nan,nan,nan,nan,1.5130925857090431,1.4955661959496511
70.25,7.147564253247143,3.367262649969196,-0.056942319126677736,1.0021324965452585,-0.0021621348880273327,7.073991922517834,3.203162070421537,-0.05528377606295053,1.001639410839872,-0.030373101663384038,0.029415822501026194,0.16351041131265906,0.15137703992697343,0.0138453921222394,nan,nan,nan,1.0,0.0,0.0,nan,nan,nan,nan,nan,1.5085633371713216,1.4995731786469797
70.302,7.207588604481496,3.363832786487025,-0.05702382576703938,1.001933795040522,-0.00034508085756374603,7.113995388689568,3.2009494910210314,-0.0541814152110165,1.0015564723506254,0.03253626989033875,0.02942365986722437,0.16521989338367282,0.1527377031184673,0.014045682129577826,nan,nan,nan,1.0,0.0,0.0,nan,nan,nan,nan,nan,1.489973282682985,1.5149286690780173
70.351,7.247597903298412,3.3615478638707357,-0.05704094354870296,1.0018033092467706,-0.0009699895912053242,7.173848565136561,3.1949672574047505,-0.057335368444273005,1.0014554326559084,-0.012320795531893695,0.029662192669855925,0.16776964403420597,0.15472045866281672,0.013813343826775166,nan,nan,nan,1.0,0.0,0.0,nan,nan,nan,nan,nan,1.5166051614314244,1.4884677821797867
70.402,7.307603275248879,3.3581207413744183,-0.057099186570071174,1.0016448383463112,0.0,7.213839575070647,3.1926568693450026,-0.05810103469310013,1.0014057233787144,-0.002618215150375142,0.029662897001771188,0.16945855235844215,0.15605401169112154,0.014014075817494843,nan,nan,nan,1.0,0.0,0.0,nan,nan,nan,nan,nan,1.4937599022961032,1.5115433887664633
70.452,7.347602180969489,3.3558367745320505,-0.05709010220421968,1.0015581486059677,0.0,7.266829943679467,3.259657282870667,-0.05395091594980661,1.0006580612590805,0.032007176428281665,0.029473104156482088,0.16292120772813012,0.15088419760678073,0.013781988853750532,7.17146442696115,3.9595531910970703,2.1622539070425066,1.0,0.0,0.0,nan,nan,nan,nan,nan,1.4962413507333276,1.5091407819918854
70.5,7.3875984623036075,3.3535527049699105,-0.05707755128441051,1.0015151658021595,0.0,7.306799026896426,3.2574958085785397,-0.05412539888728051,1.0007661470181415,0.0038156585543426998,0.029469774936695118,0.1646320208474404,0.15224895440597477,0.013983149248955676,nan,nan,nan,1.0,0.0,0.0,nan,nan,nan,nan,nan,1.5171519725479554,1.4904402434732054
70.55000000000001,7.447591763624484,3.3501251385133393,-0.057142237515080796,1.0014972156214597,0.0,7.366529152414777,3.250076624663894,-0.05926772696539695,1.0008941722192044,-0.014931411917700182,0.02984171347992655,0.16718470660526327,0.1542380365053937,0.013758791885969195,nan,nan,nan,1.0,0.0,0.0,nan,nan,nan,nan,nan,1.5051617316836876,1.5020679197093831
70.60000000000001,7.487586193176731,3.3478397990250714,-0.05717759600335196,1.0014678606289662,0.0,7.4064951442510285,3.2477040797328787,-0.05911986344653774,1.000952685581912,0.00556660631771444,0.029843937123161492,0.16887610462713645,0.1555755128968432,0.013960303568458213,nan,nan,nan,1.0,0.0,0.0,nan,nan,nan,nan,nan,1.497452496707407,1.5091251961042962
70.65100000000001,7.5475754018813905,3.3444120073943298,-0.057134317366538206,1.0014182830194218,0.0,7.412926469252012,3.269180111649473,-0.06126997188578986,0.9973486727857341,-0.02089381682681144,0.030026473691456387,0.16228195321778524,0.1503584703996588,0.013734957134695355,6.937023534664365,3.5432710108302543,1.2566357340605676,1.0,0.0,0.0,nan,nan,nan,nan,nan,1.497452496707407,1.5091251961042962
70.70400000000001,7.607569458360064,3.340984317576029,-0.05699959431782546,1.0016588323731441,0.0034094814759615608,7.472676926349732,3.2654891893216513,-0.06173617897961047,0.9984712948838893,0.018607750214608563,0.030030538557358495,0.16484735741776022,0.15240859769383427,0.01403716942474344,nan,nan,nan,1.0,0.0,0.0,nan,nan,nan,nan,nan,1.4832974767260152,1.5319991458193074
70.753,7.647575432615275,3.3387012253601323,-0.05681074101891467,1.0018201804903069,0.005516717377473146,7.512598648164172,3.263959724982913,-0.060158140505688344,0.9990477100774674,-0.00015531882721754207,0.029944904110891325,0.16654938756579402,0.15372372523858335,0.013715493194900317,nan,nan,nan,1.0,0.0,0.0,nan,nan,nan,nan,nan,1.49568295849523,1.5168837483526663
70.801,7.707592972545068,3.335282251412963,-0.056426947036559566,1.0019402081547921,0.006599050666129587,7.552492656832836,3.2615548402972854,-0.06081021822968635,0.9994831429619584,-0.01873828093200346,0.029942338230447844,0.16824366151410228,0.15506534223061935,0.014000822193701516,nan,nan,nan,1.0,0.0,0.0,nan,nan,nan,nan,nan,1.49568295849523,1.5168837483526663
70.85000000000001,7.747607653174147,3.333008611919156,-0.05613919273598231,1.0019759199175986,0.007646448436152228,7.612340950095661,3.2575405625013407,-0.060769859993767834,1.0000037500383792,0.0027261028495530783,0.02997772769370546,0.17076818794125315,0.15701875058081194,0.013774280136173286,8.468972025634894,2.9047005009365083,3.0800115465495037,1.0,0.0,0.0,nan,nan,nan,nan,nan,1.4863273780753847,1.5249588729709405
70.9,7.78762302723485,3.3307415255273485,-0.05581476410232591,1.0019696981042736,0.008197801838566485,7.742286789976533,3.2227338643418677,-0.06095191670254563,1.0059779922917105,0.005376379047132145,0.029990976262694424,0.16331524445213114,0.15117927554896873,0.013971603987165567,nan,nan,nan,1.0,0.0,0.0,nan,nan,nan,nan,nan,1.4938888152763257,1.5158354270388181
70.95,7.847637739042128,3.3273562350332453,-0.055317481328327825,1.0015802775265197,0.00833955726919502,7.802560047097537,3.2198709298286836,-0.059613523688701875,1.004782001930348,0.005693981959427042,0.029918495181834426,0.1658730922425795,0.15318293006640005,0.013748764229796498,nan,nan,nan,1.0,0.0,0.0,nan,nan,nan,nan,nan,1.4852602679213882,1.5062423480191762
71.0,7.887628544735418,3.325111494840084,-0.05498342856431694,1.0012056701594254,0.008321462182443045,7.842673183386602,3.217489553495861,-0.05999714750779139,1.0040506808486984,-0.03406977028327232,0.029913492917201637,0.16756896410494926,0.1545291804060511,0.013950453822912188,nan,nan,nan,1.0,0.0,0.0,nan,nan,nan,nan,nan,1.4887712664824135,1.5060802204457213
71.05000000000001,7.947594130055,3.321764892152937,-0.054454675979493584,1.0008269680457942,0.009743647927540258,7.903027259334441,3.218008329205982,-0.05553066034315712,1.0031729377416718,0.003605388789159114,0.029556146538096843,0.17009624672999504,0.1564894421310231,0.013872191043929935,8.390672565668325,3.6417172803317817,nan,1.0,0.0,0.0,nan,nan,nan,nan,nan,1.472986058720417,1.5238568574102311
71.10000000000001,7.987562012253518,3.3195490936884147,-0.05404818988176374,1.0006685892557263,0.009936827503788423,7.993464501526409,3.253194279288772,-0.05468274897220926,1.0057502001567518,0.027438049256752226,0.02953886589612192,0.16274761764495216,0.15072319019523314,0.014008652939864245,nan,nan,1.5078939430345177,1.0,0.0,0.0,nan,nan,nan,nan,nan,1.4957154910116235,1.5036020075530212
71.15100000000001,8.047502696435329,3.316248377135836,-0.05351367041086801,1.0003435765820976,0.00786066140216647,8.05358902606181,3.2480551535339677,-0.055331210502088446,1.0044726615467727,0.013487466527263042,0.029710069903468254,0.16530922404049567,0.15273255852563067,0.013781091441886465,nan,nan,nan,1.0,0.0,0.0,nan,nan,nan,nan,nan,1.5022373598836827,1.4890608414278843
71.308,8.067477813381782,3.3151543837972626,-0.05336877626000494,1.0002078650943669,0.007059561702247932,8.07364772928865,3.2469440663330813,-0.055044475946410376,1.0041155689188437,0.013009331092921184,0.029710165138123985,0.16615957318756983,0.15340868004559802,0.013879021331676438,8.529215979276238,3.150013695868942,0.48213640248399225,1.0,0.0,0.0,nan,nan,nan,nan,nan,1.4972122698208572,1.4976949142433085
71.35000000000001,8.247208182678392,3.3054447639005198,-0.05233335348952966,0.9997559953675775,0.005374070806091343,8.29079347478854,3.2221014744436443,-0.06227341491254367,1.0039789670646755,-0.0027770006811994267,0.03029949810207078,0.16469329174824002,0.15224333763782752,0.014004694973928802,nan,nan,nan,1.0,0.0,0.0,nan,nan,nan,nan,nan,1.4913985657832405,1.5021556335688628
71.403,8.307103067174646,3.30225900505232,-0.05196904353108923,0.9995905833661958,0.006911679327593313,8.350900302568936,3.218407761572606,-0.06123988297506111,1.003092668969173,-0.005412199522593526,0.030299126545269582,0.16724132855662624,0.1542707751713465,0.014242573324755224,nan,nan,nan,1.0,0.0,0.0,nan,nan,nan,nan,nan,1.479510846076289,1.5161193070500025
71.45,8.347030430825205,3.300149015009401,-0.05166190510141098,0.9995599106801194,0.008109900699291333,8.390885236439946,3.2149324620730337,-0.062058442766794286,1.0026567323266675,-0.002689206793080025,0.030389534220727165,0.16892952307891895,0.15556956214711265,0.013898583286846051,nan,nan,nan,1.0,0.0,0.0,nan,nan,nan,nan,nan,1.4809529954501042,1.5171814185142358
71.501,8.40692274140145,3.297005403732398,-0.051120938462550135,0.9995783800149148,0.009626644763280763,8.430910268170544,3.212438667734667,-0.06304549464528185,1.002305218103352,-0.022246440633775115,0.030386524009805446,0.17060862964017598,0.15689685340377915,0.01409798482424317,8.455429019652568,3.316583446058046,0.0416662857406809,1.0,0.0,0.0,nan,nan,nan,nan,nan,1.4810915472960673,1.5182178399794557
71.552,8.446853001297795,3.2949251423448476,-0.05069786651691002,0.9996124316754427,0.01127686991888292,8.493356556230829,3.2172379768256927,-0.0630086728314976,1.0019938736011964,0.003821016482278303,0.030453844889961015,0.16403221403188178,0.1517221846738148,0.013852125792406049,nan,nan,nan,1.0,0.0,0.0,nan,nan,nan,nan,nan,1.471942489351221,1.528306179689081
71.60000000000001,8.506752975541112,3.29183060099835,-0.049962265722606015,0.9996837890519181,0.012588057944388952,8.533354396723288,3.2147131898271666,-0.06318760709198788,1.0017703647752199,-0.002135067576525273,0.030452828597477364,0.1657349998327216,0.15308059821239617,0.014200394757272855,nan,nan,nan,1.0,0.0,0.0,nan,nan,nan,nan,nan,1.4825268314673647,1.5185561773993443
71.65400000000001,8.546689997270231,3.2897861173229836,-0.049442531486358,0.9997425266922869,0.013260152683164652,8.593530908092319,3.214240786256832,-0.05912177973658438,1.0015013542604216,-0.004182413435439316,0.03016025088599003,0.16827508331378946,0.15505934294320134,0.013893400836233777,nan,nan,nan,1.0,0.0,0.0,nan,nan,nan,nan,nan,1.4798510625372323,1.5218139545686453
71.7,8.58663023353608,3.28775795190357,-0.048899391788583935,0.999804289168465,0.013653957490867646,8.633519671485956,3.2118745384369274,-0.058676491447897654,1.001372833483621,0.015043007099838225,0.030162426455906367,0.16995787200245407,0.1563905841656988,0.014092783983955732,8.923255152901984,2.8935949282275124,0.6694974696157152,1.0,0.0,0.0,nan,nan,nan,nan,nan,1.4852012382437758,1.5171957426934757
71.75,8.646547541948875,3.2847479260131927,-0.04809131690350333,0.999912796511776,0.013063268881686626,8.723869448682773,3.1793046383201546,-0.05975129422246805,1.0030845337611114,-0.0200058771362421,0.030211355620840378,0.16348629753652827,0.15128807151095608,0.01385039081241333,nan,nan,nan,1.0,0.0,0.0,nan,nan,nan,nan,nan,1.4934244167617878,1.5092894848316845
71.80000000000001,8.686495124251078,3.2827641118843105,-0.047567132134166676,0.9998809835173255,0.013463776602698457,8.763915946677047,3.176898897247374,-0.06029181245384807,1.0026317867596801,-0.003180451315690394,0.030212672016912183,0.16519326039275292,0.1526500807595675,0.014050344416719231,nan,nan,nan,1.0,0.0,0.0,nan,nan,nan,nan,nan,1.4748492386741243,1.522575335398821
71.85000000000001,8.746413718298808,3.279825418487824,-0.0467159149208475,0.9998063479811368,0.01446187275478672,8.824094136923097,3.175667332667735,-0.05644384308396777,1.0020881190089055,0.003496516315928624,0.030005351762130927,0.1677396840030324,0.15463426279468545,0.013817041258415368,nan,nan,nan,1.0,0.0,0.0,nan,nan,nan,nan,nan,1.4810804984261607,1.5175707273130943
71.90100000000001,8.806333269010699,3.2769317878891644,-0.045861479320670605,0.9998167844372159,0.013873456739831511,8.864111202438467,3.1734070946777053,-0.05604022944660337,1.0018300031475063,0.014181480734378776,0.030006621302298087,0.1694267217147747,0.15596884950877055,0.014017477141980365,nan,nan,nan,1.0,0.0,0.0,nan,nan,nan,nan,nan,1.4900043189691483,1.5101735040719855
71.95100000000001,8.84628168381236,3.2750281494893687,-0.04532909830185146,0.9998393828696603,0.012933219240597867,8.874948498031678,3.2364310244169783,-0.057408003023852856,0.9982193698815296,0.0018740665315514935,0.030130631128112897,0.16289182864956148,0.15081106619407508,0.01378458535949994,8.419363425649564,3.929599391753285,2.860941574893662,1.0,0.0,0.0,nan,nan,nan,nan,nan,1.4931437473485556,1.5186378544232542
72.0,8.88623482207437,3.2731447940300793,-0.044825530688325295,1.000023743240832,0.012549238028331786,8.914817081416889,3.234143796656416,-0.056918642343272825,0.9987390561545628,0.011644506296009095,0.03013179640947772,0.16460142702338085,0.15217671139999805,0.014124650866899416,nan,nan,nan,1.0,0.0,0.0,nan,nan,nan,nan,nan,1.4931437473485556,1.5186378544232542
72.051,8.946185676247778,3.2703582209219433,-0.04408158347720406,1.0003822501228057,0.01214120914553581,8.974515842335252,3.2282846684813737,-0.05802686226713715,0.9994022577642179,0.04460534676573407,0.03035491025580217,0.1671529202764324,0.15416676088145786,0.013830323887081502,nan,nan,nan,1.0,0.0,0.0,nan,nan,nan,nan,nan,1.4967533652500782,1.5135322248949037
72.10000000000001,9.006155228515382,3.267616319164875,-0.043407526574380025,1.0006036300793926,0.010277234155650683,9.014428027227142,3.225973388657519,-0.05753767323428649,0.9996865871818261,0.012511704825348705,0.03035127844647665,0.1688439348572422,0.1555049619663653,0.014030559665058345,nan,nan,nan,1.0,0.0,0.0,nan,nan,nan,nan,nan,1.507005378382248,1.5013204940455578
72.15,9.046148050940742,3.2659675415350673,-0.03875570335692726,1.0006801457759609,0.21158792066394555,9.136636743291929,3.125509997066471,-0.05528395474051262,1.004566022941557,0.22266201010365524,0.03029975540430686,0.1622545116218279,0.15029786889523605,0.013795865429712154,9.64216310318347,2.1352576860230927,5.555814740096356,1.0,1.5707963267948966,0.0,nan,nan,nan,nan,nan,-0.8698531138430785,3.877341668658968
72.20100000000001,9.10613774021935,3.263769912190144,-0.015183252553915637,1.0000861359591222,0.5028988400327218,9.176754374064975,3.1233684489657314,-0.045194300885220695,1.0038059111365594,0.42514928355467696,0.030295810484851683,0.1639661993688557,0.15166790881929482,0.013996570994842722,nan,nan,nan,1.0,1.5707963267948966,0.0,nan,nan,nan,nan,nan,-0.797976119611908,3.790598066001527
72.25500000000001,9.14611646154662,3.2626298429189324,0.008158660095520591,0.9991787569008134,0.625569050600153,9.237108493360799,3.124474719143943,-0.011206138143438517,1.0028940490886353,0.6300786941776935,0.029999113647134812,0.1665218369687146,0.15366371263024606,0.01377004516081425,nan,nan,nan,1.0,1.5707963267948966,0.0,nan,nan,nan,nan,nan,-0.582542224776021,3.5798450947131455
72.30000000000001,9.20604742528653,3.261785026265993,0.04988308291536,0.9970757909709647,0.7332445217723762,9.277217987749186,3.1242610534760145,0.015187208618738344,1.0024622324456658,0.7313106054895637,0.030008137104297897,0.16821610046164187,0.1550044855978243,0.013971039701172562,nan,nan,nan,1.0,1.5707963267948966,0.0,nan,nan,nan,nan,nan,-0.582542224776021,3.5798450947131455
72.352,9.2459559451523,3.26202205861334,0.08017450091911762,0.9952797253998258,0.7695247063131071,9.337133967309589,3.1222394476843514,0.05705808994487471,1.0019437285458719,0.7856671957905882,0.030346687665926655,0.1707401221417065,0.15695511237696283,0.01388478723664893,8.816608329252542,3.3237869541326437,1.117860821008804,1.0,1.5707963267948966,0.0,nan,nan,nan,nan,nan,-0.5096513165455756,3.5081265247893256
72.40100000000001,9.305692429452888,3.2639159129783093,0.12750563991035574,0.9922496850245759,0.7984836658046499,9.322456087313956,3.143306748678744,0.0880493578391759,0.9982652333639401,0.7802181247602951,0.030338213263325923,0.16329034109300614,0.15112165665495883,0.01403578449390446,nan,nan,nan,1.0,1.5707963267948966,0.0,nan,nan,nan,nan,nan,-0.431941886984168,3.431875420500006
72.45,9.345395009470474,3.266357262717933,0.15968645308943927,0.990390092576054,0.8073632468766216,9.382049131793412,3.1499099301892657,0.13513089291960156,0.9988585687178133,0.7721716747167541,0.030302687332612196,0.16584466071849213,0.1531222550282162,0.013804066287128882,nan,nan,nan,1.0,1.5707963267948966,0.0,nan,nan,nan,nan,nan,-0.3894872364608122,3.4005429938542484
72.5,9.384967054822264,3.2698356480152984,0.1920937010175369,0.9885539935487854,0.8105465309421316,9.42159676364254,3.1556056370243897,0.16694682921479573,0.9992364801385257,0.7729124820384401,0.030310236437865314,0.16753585951278216,0.1544680592404002,0.014004480465205844,nan,nan,nan,1.0,1.5707963267948966,0.0,nan,nan,nan,nan,nan,-0.3301233082757218,3.339456131171648
72.55000000000001,9.443997858749562,3.2771184968255223,0.2407205252688985,0.9859135273630258,0.8091914316522211,9.480619083939844,3.171541347912739,0.22018571261827002,0.9996884084480012,0.7696178271254714,0.029885768842767304,0.17005012752835164,0.15643171739755773,0.01391351540873735,8.736925327212994,3.404952780872125,2.1808138551910377,1.0,1.5707963267948966,0.0,nan,nan,nan,nan,nan,-0.2896701075266883,3.297907372153551
72.60000000000001,9.483079486923534,3.2834032021554194,0.2729946527825688,0.9843010902988473,0.8038708340703689,9.442155365546427,3.2016652656577853,0.2537777720723966,0.9951898270680715,0.8407225333245122,0.029913335922539936,0.16269562360206166,0.15067933552440926,0.014064210919333572,nan,nan,nan,1.0,1.5707963267948966,0.0,nan,nan,nan,nan,nan,-0.21855280013296063,3.2254498594089966
72.653,9.541208994902142,3.2950268815031647,0.32082785108086936,0.982501602626584,0.7904107046458679,9.499633126039413,3.22388696798192,0.308387880093072,0.9966600708658766,0.779750650633895,0.02933710929227505,0.16522732368724793,0.1527066733062679,0.013828752376055123,nan,nan,nan,1.0,1.5707963267948966,0.0,nan,nan,nan,nan,nan,-0.1394397948525743,3.160073106914996
72.7,9.579592884627669,3.304255392669287,0.3522232325696214,0.9816233786995803,0.7799338125396232,9.537526039034857,3.2362868092341115,0.34053141381903235,0.9974911402521133,0.7646476306842909,0.029350152789994838,0.16689817087526204,0.15407563948827988,0.014028751470966333,nan,nan,nan,1.0,1.5707963267948966,0.0,nan,nan,nan,nan,nan,-0.0903472955996718,3.106736872725384
72.75,9.636527206507605,3.320305504615339,0.3985118645653979,0.9804960245116673,0.7631203934190076,9.593790118554356,3.2540395106186475,0.3839101148224229,0.9984590543367244,0.745901825903333,0.02964113423737235,0.16937558238546385,0.15608328028203744,0.013797844902861874,nan,nan,nan,1.0,1.5707963267948966,0.0,nan,nan,nan,nan,nan,-0.03326210983506117,3.046138331397051
72.801,9.674008442072179,3.3324575927738977,0.42880663021877874,0.9798989570220534,0.7520322896440855,9.491327631710918,3.179832122489619,0.4135658672760334,0.9884162872900824,0.7407393046120987,0.029692705739294473,0.16194974090473097,0.15029190572402523,0.013994299469316211,8.273853558903639,2.2665184197982833,10.025217432357946,1.0,1.5707963267948966,0.0,nan,nan,nan,nan,nan,-0.005216935200105466,3.016393272013465
72.854,9.729456783088756,3.352821326598376,0.47351115578728037,0.9798322671475169,0.7376576366187146,9.544722045161608,3.211224888590277,0.46570468293337,0.9916935984419675,0.7055972598930751,0.0290744102776389,0.16443103524692146,0.15237859307589524,0.013767799989977729,nan,nan,nan,1.0,1.5707963267948966,0.0,nan,nan,nan,nan,nan,0.04676927605393333,2.9951145475348486
72.9,9.783930980419537,3.3757186773802887,0.5173356380102104,0.9803960456699455,0.721891126596255,9.580052173401008,3.2292977919172583,0.4941623056445481,0.9935501773615701,0.6817085487743748,0.029079122670552786,0.1660650272588615,0.15379151744528236,0.014103871795979824,nan,nan,nan,1.0,1.5707963267948966,0.0,nan,nan,nan,nan,nan,0.10068691674414443,2.9317802934668835
72.952,9.819652993067013,3.3923446995834525,0.5459960995623729,0.9805536688552386,0.7109647501612713,9.631323586849415,3.264572569436919,0.5442241010015554,0.995713266994476,0.6860609409340891,0.02854441493867491,0.16847945784412324,0.15587551980908357,0.013925068440437444,nan,nan,nan,1.0,1.5707963267948966,0.0,nan,nan,nan,nan,nan,0.12581107344423637,2.901408891139905
73.003,9.87228005380545,3.4192424061977373,0.5881544092260095,0.9807366546530318,0.692954123249031,9.665267948191762,3.2854221499956964,0.5715716120524674,0.9967774681567669,0.6699237596799543,0.02855102809385252,0.17006515170694672,0.1572895596999255,0.014123855126698193,9.7205363685043,2.923476096492847,0.4879664267866679,1.0,1.5707963267948966,0.0,nan,nan,nan,nan,nan,0.19437439609044538,2.826570636245255
73.05000000000001,9.906693226532218,3.4384348834177265,0.6156414764650158,0.9808482210186839,0.681111580635891,9.720479627377012,3.2856282470013944,0.6132442506503076,0.9975562134472029,0.6756576773339817,0.028617720048274686,0.1634165378519682,0.15221134804714878,0.01387726861162229,nan,nan,nan,1.0,1.5707963267948966,0.0,nan,nan,nan,nan,nan,0.22242892814409299,2.7954846272968963
73.10000000000001,9.940548492289201,3.458600660010594,0.6426636041546573,0.9810607755902774,0.66877078646358,9.752957123157755,3.308818088058159,0.6404013004954322,0.9982575722236317,0.6423347532447626,0.028622473708671315,0.16500179856007863,0.15368277714254736,0.014076589760154027,nan,nan,nan,1.0,1.5707963267948966,0.0,nan,nan,nan,nan,nan,0.281336669449906,2.7343628394474147
73.15,9.990244763437392,3.4906074278589343,0.6822810922460253,0.9813157890419898,0.6518049989332948,9.800520590171026,3.345250919336095,0.6798773541882124,0.9990973999284753,0.6368565452100492,0.02863589410136047,0.1673417898783788,0.1558590616783607,0.01394164798793464,nan,nan,nan,1.0,1.5707963267948966,0.0,nan,nan,nan,nan,nan,0.3030826219801739,2.7105999319766796
73.2,10.022628927617665,3.513071027614545,0.7081375596499152,0.9814965175853418,0.6400195536618065,9.831440042653176,3.3705757902024556,0.704980433019009,0.9994924528115461,0.5992647525336056,0.028636312475806443,0.16887744921550701,0.1573343257212694,0.014274213624920467,10.228965086694515,3.571383957404731,0.7128469648196236,1.0,1.5707963267948966,0.0,nan,nan,nan,nan,nan,0.3544136478869484,2.6567945529589503
73.25200000000001,10.07005091205903,3.5483803381305545,0.7460751698902108,0.981828906509296,0.6245302942833241,9.919314661608539,3.4240527303983193,0.7364364855988121,1.0026637737659556,0.5967830070294853,0.02914720650219681,0.1623330400388857,0.1523380421766277,0.014103347902802574,nan,nan,nan,1.0,1.5707963267948966,0.0,nan,nan,nan,nan,nan,0.37212257894879186,2.637925840607317
73.301,10.116050482191168,3.585533570476976,0.7831324523889076,0.9819848573622021,0.6098486079283761,9.948861509110506,3.4511631516655297,0.7607856256894378,1.0023388231416939,0.5883117244608435,0.02915478259595924,0.16387108205801448,0.15386808847827108,0.014252609862062079,nan,nan,nan,1.0,1.5707963267948966,0.0,nan,nan,nan,nan,nan,0.40931858463510484,2.5910826833694776
73.35000000000001,10.145906736019978,3.6112739560133877,0.8073348578865738,0.9821038435370019,0.5999181501139639,9.99243016097931,3.4916390339583816,0.7952607020225154,1.0019505877049664,0.5739393441392505,0.029313391977542815,0.16613899520668393,0.156134513214233,0.013992591759396173,nan,nan,nan,1.0,1.5707963267948966,0.0,nan,nan,nan,nan,nan,0.4388326835959093,2.562426495124374
73.4,10.175106742945141,3.6377602593238105,0.8311487401884332,0.982291711970799,0.5898879893999946,10.020328048878497,3.5204030449312325,0.8189017065245645,1.0017637837380728,0.5871497157357152,0.029326302562418652,0.16762834720695896,0.15766703677791752,0.014190159412848968,nan,nan,nan,1.0,1.5707963267948966,0.0,nan,nan,nan,nan,nan,0.48145225630549393,2.520874099339723
73.45100000000001,10.217664930139094,3.6788308795411298,0.8660794368044991,0.9827013070691792,0.5741654186891528,10.043092214492457,3.602809580094684,0.8462686394400444,1.0024328572584515,0.5456592853521475,0.02989953583174732,0.16106292272766332,0.1525785902988859,0.014071271714643025,9.822446926036967,4.020044972923384,1.0183520695365413,1.0,1.5707963267948966,0.0,nan,nan,nan,nan,nan,0.5186745499526901,2.4841240284063044
73.5,10.258716484168755,3.721430600160169,0.9001089222592827,0.9831083022215802,0.5603166489212351,10.069501483268795,3.6329726666123547,0.8686822649646446,1.0021437280810108,0.5472342446959305,0.02990845332109146,0.16255740459662962,0.15416112860109282,0.014219730219034337,nan,nan,nan,1.0,1.5707963267948966,0.0,nan,nan,nan,nan,nan,0.5384417070236791,2.462228007911256
73.55000000000001,10.285240077853599,3.750634689844192,0.922338382873218,0.9834079220474463,0.55104887271405,10.107976247453099,3.6789593832711747,0.9016340952320494,1.0017966554485311,0.5441020439841244,0.029955382678262508,0.16475890649046304,0.1565090055265285,0.013963805407287377,nan,nan,nan,1.0,1.5707963267948966,0.0,nan,nan,nan,nan,nan,0.5695616593030772,2.4318682567601297
73.60000000000001,10.32375417829547,3.795584515633379,0.9549472392724426,0.9839267271530975,0.5358931551409781,10.132652601064736,3.7105293670734167,0.9233453166536113,1.001630587756862,0.5014388689237586,0.029954619170171424,0.16620640829922756,0.15809263494896325,0.014161638967327955,nan,nan,nan,1.0,1.5707963267948966,0.0,nan,nan,nan,nan,nan,0.6150881208434886,2.387293180344731
73.65,10.348580516301206,3.826278203351638,0.9761861362318496,0.9843068538915514,0.526599038587999,10.12342595709308,3.8109288405110298,0.955489945984616,1.0020802167961234,0.5160874229070324,0.02997433539427995,0.15965496499576068,0.15288508282956081,0.01390979955212386,9.68769444180257,4.328298894082717,2.0464570384756113,1.0,1.5707963267948966,0.0,nan,nan,nan,nan,nan,0.6307980197952672,2.3719999550801165
73.70100000000001,10.384545381066394,3.873348744066266,1.0073096940582529,0.9848872364831491,0.510900327557163,10.146391724368511,3.843772159188716,0.9770611156763297,1.0018524531203756,0.5216339756465926,0.02998637621259754,0.1611093179647619,0.1545148246702347,0.014108356540862748,nan,nan,nan,1.0,1.5707963267948966,0.0,nan,nan,nan,nan,nan,0.6841479364062888,2.317197140511505
73.753,10.407673257791805,3.9053798883493633,1.0274996796537155,0.9852906149544142,0.49957837452494314,10.181076152307911,3.8913914560793703,1.0028977366701746,1.0015852406055221,0.46308658944734027,0.03026632696795365,0.16325039848894823,0.15693581042675042,0.013866790763389326,nan,nan,nan,1.0,1.5707963267948966,0.0,nan,nan,nan,nan,nan,0.719018646225296,2.282917099063722
73.80000000000001,10.430123632230304,3.937904501492988,1.047272723661927,0.9856928628540145,0.4898042044275327,10.202469735168538,3.9252587091729882,1.0221678469438604,1.0014527418566,0.4750570814148132,0.03027585611901188,0.16466144424814574,0.1585640166570929,0.014065973731263823,nan,nan,nan,1.0,1.5707963267948966,0.0,nan,nan,nan,nan,nan,0.7347158109935044,2.267942309809798
73.85000000000001,10.462536854841012,3.9875682658274036,1.07622021730029,0.9863424568836869,0.47547020916323557,10.234026544127106,3.975788651169311,1.0493610818696215,1.0012946159864222,0.4638957461330872,0.03039801660639693,0.16673557734609845,0.16097937208134153,0.013829898845040128,10.762275182108175,4.320401792917361,1.4284553835037292,1.0,1.5707963267948966,0.0,nan,nan,nan,nan,nan,0.7685716027679907,2.2344113771892484
73.9,10.48330992526599,4.021229602759866,1.0950281988991948,0.9867688287728361,0.46537551764106294,10.308280821013689,4.0454691367314295,1.0683674810737103,1.005084859237031,0.44634730135553524,0.030405178786875486,0.15957885586585144,0.15488272483889828,0.014026176460958098,nan,nan,nan,1.0,1.5707963267948966,0.0,nan,nan,nan,nan,nan,0.805101744449548,2.1982908823189033
73.95,10.513225232222888,4.072493096818339,1.1224817558549907,0.9872073670460384,0.45080790202712484,10.33773486458971,4.097377947311879,1.093595619649773,1.003991259690148,0.414152597592821,0.03055387433271917,0.1616726509235979,0.15736234926146273,0.013795234519750415,nan,nan,nan,1.0,1.5707963267948966,0.0,nan,nan,nan,nan,nan,0.820779478987821,2.1709881750669524
74.0,10.532343077109942,4.107144919246709,1.140324300738238,0.9874021737846117,0.44190503431354056,10.356023817444836,4.1331200319257,1.1114351771764888,1.0033595716025574,0.42944359495588874,0.03056419292928393,0.16305530172337215,0.1590258436938306,0.013995490751727175,nan,nan,nan,1.0,1.5707963267948966,0.0,nan,nan,nan,nan,nan,0.8472844231749004,2.1475644665360143
74.052,10.559799421317384,4.159792163916985,1.166396091956168,0.9878326900442158,0.4277689234707007,10.501985030927283,4.1730866040673185,1.1437802822994725,1.0057379472256125,0.39688047738714205,0.030056684370513852,0.1568668966169062,0.15379574819452285,0.013762430695771979,11.64951695753773,3.9092533417658695,6.176743858787949,1.0,1.5707963267948966,0.0,nan,nan,nan,nan,nan,0.8810237012515232,2.1155522741420354
74.10000000000001,10.585812281960594,4.213186861072345,1.1915755872894884,0.9881406194111966,0.4125543973388027,10.518495352154085,4.209760114884833,1.1595684394241772,1.0047428784582517,0.37573173680584254,0.030057675360414975,0.15826434680968546,0.15549674753412562,0.014109253466302929,nan,nan,nan,1.0,1.5707963267948966,0.0,nan,nan,nan,nan,nan,0.9128050997932767,2.076348851369836
74.15,10.602363893620437,4.249164880967156,1.2078527212551884,0.9883692634150509,0.40284626825727965,10.538461191623684,4.26902672334068,1.190893637528907,1.0035357107476226,0.37995207612822696,0.029560101573247895,0.16031538917938076,0.15802952104902188,0.013917652970141971,nan,nan,nan,1.0,1.5707963267948966,0.0,nan,nan,nan,nan,nan,0.9294018704373992,2.0625001431048835
74.2,10.618294606804824,4.285430879182518,1.2237364917535822,0.9886736525676538,0.3921208992287046,10.553196435270062,4.306360274365348,1.2056490169473273,1.0029739146493286,0.33757965366817533,0.029556861468853505,0.16167247061501283,0.15972459896838578,0.014116362127826455,nan,nan,nan,1.0,1.5707963267948966,0.0,nan,nan,nan,nan,nan,0.9798001621207009,2.015546569016088
74.251,10.641050293176532,4.3403390991852735,1.2467062713032224,0.989244022077745,0.3752256878190541,10.578209917787635,4.3589521946286665,1.2232192247402083,1.0023283131512728,0.37976195770924653,0.030087854276986552,0.16366537746764384,0.16224168262883315,0.013874053547247968,nan,nan,nan,1.0,1.5707963267948966,0.0,nan,nan,nan,nan,nan,1.0298973803249964,1.987454962634716
74.30000000000001,10.655476162298356,4.3772633245716435,1.261468450699972,0.9896762406516976,0.36457626089159284,10.566016336093242,4.400749320752998,1.2390258895302768,1.0015491892611186,0.37716968725021366,0.03008491850821864,0.1567792453250536,0.15588296877529745,0.014069852293802199,10.318469311224579,4.433790893664931,0.2684611631678819,1.0,1.5707963267948966,0.0,nan,nan,nan,nan,nan,1.0298973803249964,1.9688191203216645
74.35000000000001,10.676026156184275,4.433091354806342,1.2828455134118717,0.9903503617415291,0.3492965668891875,10.582748986860791,4.459773148993462,1.2649893676756905,1.0012762880504558,0.33219679089225457,0.029773785026294877,0.15880441740574094,0.15844819398973428,0.013833516107934492,nan,nan,nan,1.0,1.5707963267948966,0.0,nan,nan,nan,nan,nan,1.0625973699003803,1.9387368779677363
74.4,10.695305392797561,4.489408965919714,1.3033164743794234,0.9910518608518804,0.3350927169364543,10.594676823297114,4.498004572696162,1.2784827264167316,1.001159499757856,0.31797992509532835,0.02977634644916097,0.16014755080232107,0.16016214932238854,0.014033364101626172,nan,nan,nan,1.0,1.5707963267948966,0.0,nan,nan,nan,nan,nan,1.0750368617937456,1.9267003064375592
74.453,10.707471384548862,4.527203367593838,1.3165147607453784,0.9915031127437602,0.3264160134295038,10.611235267104778,4.555925373925295,1.2977225927117315,1.0010210712832612,0.27935196642673715,0.02973138804975196,0.16211750547440523,0.16271056426047797,0.013899780604542996,nan,nan,nan,1.0,1.5707963267948966,0.0,nan,nan,nan,nan,nan,1.1033270804363635,1.8990667095444689
74.50200000000001,10.724718546266528,4.584236778839471,1.3357042365491354,0.9921503980827653,0.31475076763416315,10.587453953553364,4.578644815928569,1.3168923336879645,0.9977333670962395,0.32307142932538785,0.02973952182479509,0.1559983167456051,0.1570281376947723,0.01419427310402404,10.228699209296407,4.254102676479033,0.9718599262225727,1.0,1.5707963267948966,0.0,nan,nan,nan,nan,nan,1.1033270804363635,1.8990667095444689
74.55000000000001,10.735567477457618,4.622473305156973,1.348055078984765,0.9927614013792712,0.3044628946401687,10.594272953543815,4.619497025904762,1.3346700518814991,0.9983172994854382,0.3213283443125078,0.029368766034421838,0.15732739597657558,0.15874995090194588,0.013855833375777707,nan,nan,nan,1.0,1.5707963267948966,0.0,nan,nan,nan,nan,nan,1.1545576991632998,1.8578125350237857
74.60000000000001,10.7508980655685,4.680129579102799,1.3657912695847294,0.9936217436963757,0.288827073297469,10.603494831719738,4.6583555455768515,1.3468209779042741,0.9987975759839284,0.2838178584487181,0.029367439532542707,0.15866265753571587,0.1604774658210368,0.014055459464074917,nan,nan,nan,1.0,1.5707963267948966,0.0,nan,nan,nan,nan,nan,1.1796932113775158,1.8310093606677018
74.65,10.76050640429213,4.718749189003504,1.3771285118118002,0.9941109568879319,0.28002081778491494,10.616482680710247,4.716867666973475,1.3639476145144052,0.9993726719576442,0.27276588296179866,0.02937277663269841,0.16062007342706425,0.1630482552804446,0.013918417041970681,nan,nan,nan,1.0,1.5707963267948966,0.0,nan,nan,nan,nan,nan,1.1822250519188289,1.8270968118317217
74.7,10.774030633257546,4.776921918633949,1.3935008528945487,0.9947341234243485,0.2673602060565552,10.624595485929813,4.756011996693672,1.3750882324850515,0.9996431826857115,0.27941428278089125,0.029378344586375345,0.1619242545615418,0.16475937075008193,0.014117309424268925,9.952889009063558,4.694671002408601,1.6455289526072476,1.0,1.5707963267948966,0.0,nan,nan,nan,nan,nan,1.202647255879743,1.804980686351778
74.751,10.782472657747364,4.815850106447253,1.403987210323511,0.9950956025625727,0.258685817116389,10.570061922232773,4.8067373921020575,1.3939465497500603,0.9984613885692171,0.271134139438158,0.029146633412049944,0.15602891875284183,0.15907116012608585,0.013872058911804892,nan,nan,nan,1.0,1.5707963267948966,0.0,nan,nan,nan,nan,nan,1.2216206971041057,1.7852135538089278
74.802,10.794305895844877,4.874440952420566,1.4190608174504467,0.9956912600314644,0.24538826879255113,10.576982608943911,4.846076516619213,1.4043379374954927,0.9989173986026852,0.23866177935355162,0.029145659125062364,0.15736160582979236,0.16080863832339953,0.014071531604395277,nan,nan,nan,1.0,1.5707963267948966,0.0,nan,nan,nan,nan,nan,1.2503484596940737,1.7587942041094435
74.85000000000001,10.80165950696559,4.913623931494162,1.4286837273426025,0.9960620869481497,0.23758653046718528,10.580370178473999,4.908541989244456,1.4273244751389882,0.9994348371625253,0.2474068906997027,0.028476044015012508,0.1593130068887003,0.16339584003200677,0.013835268267109374,nan,nan,nan,1.0,1.5707963267948966,0.0,nan,nan,nan,nan,nan,1.2503484596940737,1.7587942041094435
74.9,10.811917831891124,4.972559735491938,1.442497487049706,0.9965273842083378,0.22413096163212445,10.585998735294469,4.9481242941454635,1.4361965128515175,0.999697298629121,0.2141053954223765,0.0284739369044551,0.16061536753682398,0.1651155598982072,0.014032462494600747,nan,nan,nan,1.0,1.5707963267948966,0.0,nan,nan,nan,nan,nan,1.287564281928954,1.7200543243369169
74.952,10.818260189362967,5.011945956376564,1.4512614181435437,0.9967941509818908,0.2160727024392221,10.63870352147634,4.954002432318706,1.4492209582281326,0.99709227220248,0.19605103526478235,0.028477210679897228,0.15478218157589518,0.15924567257056066,0.013872696211019397,11.094223337406802,4.405675982634061,2.07638653835673,1.0,1.5707963267948966,0.0,nan,nan,nan,nan,nan,1.3034607725579805,1.7196807412134318
75.0,10.827059667992962,5.071157322329055,1.463849264897059,0.9973708836086846,0.2051720738335702,10.643452153095726,4.993608796994889,1.4583402874277578,0.9978293809940928,0.20830712464337364,0.028483042631845357,0.15611593006605404,0.16098771219933208,0.01407214612791843,nan,nan,nan,1.0,1.5707963267948966,0.0,nan,nan,nan,nan,nan,1.3034607725579805,1.711346050046446
75.057,10.83246827242688,5.110716269773255,1.4718691567641329,0.9977561300709521,0.19745421743174768,10.648084651833791,5.053938048613137,1.4728497066737318,0.9987086273549357,0.18592716720720373,0.02829215615260697,0.15806866550766077,0.1635830442294232,0.013975365285114104,nan,nan,nan,1.0,1.5707963267948966,0.0,nan,nan,nan,nan,nan,1.3325163650659386,1.6776144916636693
75.102,10.839923855396037,5.170161490218471,1.4833341716173865,0.998172059011434,0.18637922580763291,10.651917708511426,5.093706493339877,1.4799776528120487,0.9991254173948035,0.16452247138723758,0.028291360295799622,0.15937424780656734,0.16530638244476423,0.014118009334298172,nan,nan,nan,1.0,1.5707963267948966,0.0,nan,nan,nan,nan,nan,1.3325163650659386,1.6776144916636693
75.15,10.84447263266255,5.209852633526295,1.4906273730861217,0.998383813339742,0.17988621257721518,10.641253305141657,5.2140865981436715,1.498312640635552,1.0035505968633656,0.15540730755103313,0.027681776565399628,0.1535997550043322,0.15927201714298309,0.013872358648035486,10.520444433956165,5.7208243142440764,1.294081596639047,1.0,1.5707963267948966,0.0,nan,nan,nan,nan,nan,1.3340430854507555,1.6748811302895088
75.20100000000001,10.850690863191433,5.269458871414392,1.5010670557053085,0.9983305699576033,0.16931656436839854,10.644080169058208,5.254122057202111,1.506117487950374,1.0029900630269348,0.17059745704879195,0.027687376189444626,0.15493826046935116,0.16101459167130183,0.014071795642035766,nan,nan,nan,1.0,1.5707963267948966,0.0,nan,nan,nan,nan,nan,1.3511729675271014,1.6442981799643086
75.25,10.854450118042907,5.309228682330777,1.507641682048887,0.998260495949169,0.1613010999229645,10.654510266942719,5.311847586187954,1.5068353411454503,1.0023310922950828,0.15808314042798166,0.028367342462570024,0.15689776858905333,0.1636115990431262,0.013832590027354322,nan,nan,nan,1.0,1.5707963267948966,0.0,nan,nan,nan,nan,nan,1.3697223474774107,1.6272808983719447
75.30000000000001,10.857913401759298,5.349022674870842,1.5139227996571893,0.9982439510272856,0.15460136069611358,10.657007996417722,5.351858932640125,1.5137237864992743,1.0020093729317294,0.16405349777861628,0.028371152327865173,0.15820958524052472,0.1653346725766918,0.01411714950153796,nan,nan,nan,1.0,1.5707963267948966,0.0,nan,nan,nan,nan,nan,1.366723579412102,1.6321400240180555
75.35000000000001,10.862577081855038,5.408756879790784,1.5228930290820635,0.998293347543749,0.14561292240077547,10.658356640035128,5.412472958580889,1.5251587391832606,1.0016203776041914,0.13531601922850367,0.028189412767403606,0.1601270056580823,0.16789834250874658,0.01387498727385977,11.455964073088088,5.641739775882288,2.491923062472708,1.0,1.5707963267948966,0.0,nan,nan,nan,nan,nan,1.3798767351048284,1.6198515577688024
75.40100000000001,10.8653481308478,5.448606088067294,1.5285741679214997,0.998358319598419,0.1398015623783571,10.735130539915353,5.4785696581335115,1.530892162141445,1.0034296928189212,0.1565669201018741,0.028226094466706507,0.15383289849853737,0.16089357958866538,0.014070902427258001,nan,nan,nan,1.0,1.5707963267948966,0.0,nan,nan,nan,nan,nan,1.3860771562619654,1.61473710371407
75.569,10.867860767536003,5.4884741629085525,1.5340276835439444,0.9983958392867714,0.13400156149335024,10.735930283461327,5.498622467847726,1.5338805661121324,1.0032172536224324,0.1412319547596792,0.028225051951091852,0.1545022642666825,0.1617610880494453,0.01417008013804638,10.212934907468949,5.923483833764558,1.3073052926292943,1.0,1.5707963267948966,0.0,nan,nan,nan,nan,nan,1.400377935906022,1.5948368937848778
75.601,10.876244408508407,5.668028090498449,1.5555117298400543,0.9985236471319029,0.10777420912238692,10.693848177168972,5.706091037899346,1.5564628654744217,1.0032211593395806,0.10515133936179556,0.028307251043239372,0.15291063780491176,0.1607886344091351,0.013997211955768286,nan,nan,nan,1.0,1.5707963267948966,0.0,nan,nan,nan,nan,nan,1.4178256963425646,1.5819422725842265
75.65100000000001,10.87751519775408,5.707956452672325,1.5597161392986645,0.9985210878460091,0.10351440588924354,10.694156829465276,5.766355785762212,1.5636296736356146,1.0025124016935818,0.0841576950933766,0.028266888541011784,0.15488979320229632,0.16338354529027105,0.01384414479928902,nan,nan,nan,1.0,1.5707963267948966,0.0,nan,nan,nan,nan,nan,1.418230810440351,1.577110122912339
75.702,10.87905708533613,5.7678581531373965,1.5657241386060523,0.9985462728112211,0.09778469654413284,10.69448322463241,5.8264928706475585,1.5703549594951518,1.0019566855045718,0.1347200074039239,0.028276233980774876,0.15687598420833937,0.165962042270704,0.014143418933211097,nan,nan,nan,1.0,1.5707963267948966,0.0,nan,nan,nan,nan,nan,1.4316333390216776,1.5667501397176826
75.75200000000001,10.879854021848544,5.807799386087847,1.5695346978094178,0.9986009056568032,0.09366742996197588,10.689706966497608,5.867490341859766,1.579630824261902,1.0016644982867837,0.08194574063375425,0.02782828858486266,0.1581533198712852,0.1676681817554256,0.01381131182003574,nan,nan,nan,1.0,1.5707963267948966,0.0,nan,nan,nan,nan,nan,1.4316333390216776,1.5667501397176826
75.80000000000001,10.88047527949546,5.847745846625552,1.5731769035151242,0.9986726776641783,0.08925104646487023,10.674389203925061,5.870835667175152,1.584204730004827,0.9989379458772032,0.10205996201152044,0.02782803812499098,0.1520279261171065,0.1605543440308965,0.01400799607970447,10.53626173887663,5.531787041066564,0.5388430261183088,1.0,1.5707963267948966,0.0,nan,nan,nan,nan,nan,1.4459220104305943,1.5537735805479043
75.851,10.881095065118272,5.907678514338691,1.5782618591399071,0.9989585756748616,0.08122450623483578,10.674300101886297,5.930631934306429,1.5880581398538327,0.9993238603610693,0.076501730963441,0.02790280185059438,0.1540175416033011,0.16314741007972267,0.013776957623960993,nan,nan,nan,1.0,1.5707963267948966,0.0,nan,nan,nan,nan,nan,1.4648509764022213,1.5428791801236101
75.9,10.88136191319914,5.96763517671376,1.58291356227083,0.9993195711055067,0.07550700558865028,10.673578131723827,5.97060090553332,1.5915276151476556,0.9995915473304442,0.08330997119444165,0.027908278792526962,0.15535140323854765,0.16486791021668223,0.014065095256564951,nan,nan,nan,1.0,1.5707963267948966,0.0,nan,nan,nan,nan,nan,1.4496593693560391,1.5576124122756534
75.95,10.881355569813405,6.007616691333276,1.5858304198316409,0.9995009519009448,0.07114559674287507,10.673550930464016,6.0303722290651,1.594862217411994,0.9999015257765911,0.060999373162320666,0.02803000000134965,0.15729892811529572,0.16743192221628142,0.01382976317258247,nan,nan,nan,1.0,1.5707963267948966,0.0,nan,nan,nan,nan,nan,1.46773708179209,1.5382891603095934
76.001,10.881210734757005,6.047604008130372,1.5885712962545084,0.9996483947220896,0.06709096941433944,10.667594183193751,6.0783438230823155,1.5972108793779185,1.0005960114374257,0.056080610788686355,0.028027426959995008,0.1512963634612527,0.16035564563898222,0.014023389531491542,10.616533451186797,6.129852463597933,0.03439917275676952,1.0,1.5707963267948966,0.0,nan,nan,nan,nan,nan,1.4634725696151998,1.5416286608592134
76.05000000000001,10.88074794165483,6.1075916170841955,1.592422984893394,0.9997869933510808,0.0621860001380418,10.671445901611923,6.13765673473346,1.5943607194735112,1.0006289454288402,0.07212212483548383,0.028561105095253676,0.15329584001274424,0.1629505205463077,0.01386633291894756,nan,nan,nan,1.0,1.5707963267948966,0.0,nan,nan,nan,nan,nan,1.46410350160036,1.5388844713196779
76.101,10.880009960068973,6.167581501704444,1.595999061591993,0.9998665666204353,0.05778323929844641,10.670479109824894,6.177670494091784,1.5959055937673243,1.0006217108493378,0.028689868467480405,0.02855596971128847,0.15463650123733963,0.16467207681228752,0.014065946274154308,nan,nan,nan,1.0,1.5707963267948966,0.0,nan,nan,nan,nan,nan,1.466297564703018,1.5365601589713345
76.15,10.87937454109173,6.2075749238635956,1.5982746124235239,0.9999133339888259,0.05654502075671575,10.669752887012555,6.237595772570354,1.5980708270595514,1.0006131245619583,0.05892768054729664,0.028636730661624674,0.1565932651146587,0.16723809316391725,0.013830488236318909,nan,nan,nan,1.0,1.5707963267948966,0.0,nan,nan,nan,nan,nan,1.4513628290294192,1.551485512840974
76.20100000000001,10.878219080062163,6.267564830986277,1.6015733806448127,0.9999843543718786,0.05345534353917344,10.66862054825867,6.2776043728605435,1.60060753673903,1.000607521621992,0.03193148036036762,0.028633950825071103,0.15790802224943948,0.16893716704439532,0.014030626887462103,10.953354914878597,6.0794022791669935,0.436619798293108,1.0,1.5707963267948966,0.0,nan,nan,nan,nan,nan,1.4599885844815965,1.542841292761636
76.25,10.877320968886275,6.307557223846584,1.6036694127301983,1.0000199351793797,0.051861524987056186,10.693278118961436,6.317575546904332,1.6025075774743092,0.9993596965130843,0.06089862222630611,0.028746100763988536,0.1525840476006388,0.1626397132376254,0.0137963315118457,nan,nan,nan,1.0,1.5707963267948966,0.0,nan,nan,nan,nan,nan,1.4599885844815965,1.542841292761636
76.30000000000001,10.87632549981904,6.347549570989979,1.605692274033436,1.000110959387537,0.04952349200001218,10.691993919264668,6.357532086887531,1.603574853441721,0.9996061321808073,0.02134798240266663,0.028741378476044355,0.1539312481475112,0.1643608204529409,0.01399697817100409,nan,nan,nan,1.0,1.5707963267948966,0.0,nan,nan,nan,nan,nan,1.4764718038348223,1.5301335639094793
76.351,10.874658418872627,6.4075415890718705,1.6085576480562436,1.0002631321482616,0.047062218402589215,10.689784976967838,6.417497710191667,1.6069313620719257,0.9999007078811445,0.07387883890794196,0.028729497144529083,0.15589715549992447,0.16692725389350752,0.013770437013740868,nan,nan,nan,1.0,1.5707963267948966,0.0,nan,nan,nan,nan,nan,1.4620565476836134,1.543829206448479
76.4,10.872793543559194,6.467534642184954,1.611265562783406,1.000358342101388,0.04300384352951431,10.688323436836034,6.457468513549315,1.6089650549950143,1.000039013076523,0.05730079913390946,0.028728163901916192,0.15721809477373913,0.1686269489649013,0.013971502605190741,nan,nan,nan,1.0,1.5707963267948966,0.0,nan,nan,nan,nan,nan,1.4878449471598811,1.5171620444771423
76.45,10.871447525722164,6.507529022781085,1.612911922224423,1.0003992072660002,0.040149740274346195,10.685240231405912,6.542242772890855,1.6145795439702118,1.0017511438657116,0.01724007933330146,0.028392077852008157,0.15187950268133735,0.16222874188289857,0.013744706794493997,10.714208853590145,6.715059682245135,0.20507712631627167,1.0,1.5707963267948966,0.0,nan,nan,nan,nan,nan,1.4842466811559207,1.5203434442411408
76.5,10.870023168837545,6.547521117588156,1.6144628504935987,1.0003726955297016,0.038142073215044946,10.68347873441721,6.582271582058733,1.6156041215569372,1.0015150348523494,0.02767559171504203,0.028393475940438187,0.15323336266578286,0.16394881590694535,0.01394618618247563,nan,nan,nan,1.0,1.5707963267948966,0.0,nan,nan,nan,nan,nan,1.4742510680039251,1.525115107832285
76.551,10.867747912735712,6.607498077230515,1.6166693136979622,1.0002574480767599,0.03563464374208884,10.676101444521336,6.642542870562547,1.6223937531209343,1.0012273931733429,0.031305805752890756,0.027966066692818155,0.15520888923040452,0.1665144910586469,0.013726262323154197,nan,nan,nan,1.0,1.5707963267948966,0.0,nan,nan,nan,nan,nan,1.4805024659592543,1.5194962851744256
76.601,10.865317632090193,6.667463758551748,1.6186838731480149,1.0001955368992708,0.03182118512472533,10.674023297596353,6.682536437906782,1.624579657286233,1.001093208182862,0.06052724411887404,0.027970752076015886,0.15653620939288854,0.1682140093103262,0.01392807234680327,nan,nan,nan,1.0,1.5707963267948966,0.0,nan,nan,nan,nan,nan,1.4927977637411955,1.5080025427708366
76.65,10.863617837701376,6.707436068157799,1.6198645846424584,1.0001746817515476,0.027968445660981205,10.731559993773166,6.84508777442878,1.624181016540108,1.0078133076777152,0.03338307750501469,0.02819041516780483,0.1511810636698379,0.16173046008434255,0.013848651059725216,11.311638010782028,7.707457066594311,4.953989519825872,1.0,1.5707963267948966,0.0,nan,nan,nan,nan,nan,1.5082080592691438,1.4929401418051877
76.7,10.861858742066392,6.747400071795723,1.6209016678605546,0.9998652627951745,0.024997561993361613,10.729366708747923,6.885325371160723,1.626331283822626,1.0063411577721024,0.019036534452660563,0.028189588380342582,0.15254176714141682,0.1634488284112088,0.013986871513867754,nan,nan,nan,1.0,1.5707963267948966,0.0,nan,nan,nan,nan,nan,1.4867438730189158,1.4938533641869707
76.75,10.859118959118224,6.807307665002949,1.6222972313756578,0.9992541191923765,0.022165446468039758,10.725292319717584,6.945591492797882,1.6298663881067288,1.0045765540359222,0.027072554634161344,0.02813037007077983,0.1545271235061046,0.16601280137653232,0.013834658987696598,nan,nan,nan,1.0,1.5707963267948966,0.0,nan,nan,nan,nan,nan,1.4865580274210066,1.4981386016131129
76.80000000000001,10.857230496060513,6.847227859326739,1.623134834595686,0.99903237475059,0.020043401262630402,10.722921705755757,6.985695887382091,1.6308095496568151,1.003743240660696,0.040137984376266936,0.028132244499385724,0.15586079812906115,0.1677116049836173,0.014034960222588953,nan,nan,nan,1.0,1.5707963267948966,0.0,nan,nan,nan,nan,nan,1.497902933979692,1.4918586785611718
76.851,10.854314079858488,6.907093385170085,1.6242053652003667,0.9988652361083838,0.01611984446947614,10.720905769769962,7.045757560762425,1.6301709637165454,1.0027448777182748,0.025184079916917367,0.028272798145274756,0.15780426610677506,0.17024210491016145,0.013803816449056308,10.649826809308426,7.432194734310194,0.5537804511868389,1.0,1.5707963267948966,0.0,nan,nan,nan,nan,nan,1.5060003033622955,1.486074087271212
76.9,10.851307921594845,6.966949148743098,1.6250601836830072,0.998833158207946,0.013182432198880874,10.712289756834728,7.126009373655951,1.6307333415888936,1.0048140767724463,0.01417671853859221,0.028269285688999335,0.15185402596253803,0.16287293555757193,0.014000735041398293,nan,nan,nan,1.0,1.5707963267948966,0.0,nan,nan,nan,nan,nan,1.5007866583234342,1.4941455772514236
76.95,10.849259642566055,7.006848252910885,1.6255410671045927,0.9987257329998724,0.011298981259498953,10.704164768832086,7.18621363544681,1.6370303370406563,1.0036133346890967,0.0216432605063148,0.027856213424561672,0.15384880764852005,0.16543572199736556,0.013773984188117072,nan,nan,nan,1.0,1.5707963267948966,0.0,nan,nan,nan,nan,nan,1.502306564333741,1.487333379041774
77.004,10.846130964651543,7.066686813306545,1.626111520854831,0.9986224600427175,0.008137522361735306,10.701491545395628,7.226262281954658,1.6378743388821582,1.002955766392133,0.0035731038155436233,0.02785465876780919,0.1551886139153705,0.16713467289562245,0.01397233249494325,nan,nan,nan,1.0,1.5707963267948966,0.0,nan,nan,nan,nan,nan,1.504075546021201,1.4896738156033624
77.051,10.844012384212395,7.106575572427824,1.6263962235202192,0.9986094028898596,0.006621116902840016,10.694594434765374,7.286295199813821,1.6398788470346686,1.0021659423159137,-0.001454194372198051,0.027597862388563488,0.15714117278566664,0.1696664855282134,0.013821898772428242,10.429949516987378,6.832099091894737,0.9946452673307018,1.0,1.5707963267948966,0.0,nan,nan,nan,nan,nan,1.504075546021201,1.4896738156033624
77.10000000000001,10.84187098400244,7.146463602260784,1.6266289042987534,0.9986413491684918,0.005321220559129357,10.667903777842792,7.279178069531221,1.6403541803670716,0.9989592209831424,0.01222175168385153,0.02758698853782505,0.15128419882569805,0.16238621508727777,0.01401860788957861,nan,nan,nan,1.0,1.5707963267948966,0.0,nan,nan,nan,nan,nan,1.5065473891325,1.4894631476049252
77.15,10.838622787902725,7.206301568921417,1.6268709490692004,0.99890711313181,0.0029297851769648255,10.671753021533927,7.339020705894745,1.632053599093803,0.999251620409129,0.011577201069230793,0.02833190896709087,0.1532864559590923,0.16495322340890342,0.013786696758000002,nan,nan,nan,1.0,1.5707963267948966,0.0,nan,nan,nan,nan,nan,1.517914658295964,1.487768081390618
77.2,10.836436824593854,7.246204807386088,1.6269585478466375,0.9991500593498183,0.002029740874719677,10.66930359424,7.378917892725091,1.6317277087240702,0.9994673399761456,-0.01385418960812803,0.028328848418289074,0.1546308919725938,0.16665592072971838,0.014064395707532843,nan,nan,nan,1.0,1.5707963267948966,0.0,nan,nan,nan,nan,nan,1.505092362852499,1.4997505975356669
77.253,10.833132377457254,7.306073808028898,1.6270852807339744,0.9994340659738713,0.0025208763298315015,10.661706256858494,7.438733312496175,1.635112318414082,0.9997240115828125,-0.007379830456255586,0.027977109730155922,0.15659019901817234,0.1691941914311933,0.013902941023261358,nan,nan,nan,1.0,1.5707963267948966,0.0,nan,nan,nan,nan,nan,1.4944253650866737,1.5097970696016352
77.30000000000001,10.830915278259452,7.345993912358937,1.6271988214488964,0.9995793782195712,0.0028382336810203936,10.714103418709263,7.416737297017204,1.6352985690928412,0.9954218658597117,0.0007308981190359624,0.028004107478881803,0.15069415384317322,0.16184105845763466,0.014098328053996792,11.271533063405462,6.862017950123967,2.6360067208874103,1.0,1.5707963267948966,0.0,nan,nan,nan,nan,nan,1.5020354955409656,1.5014307237482016
77.351,10.827573184774467,7.405888720971107,1.6273472853925233,1.0000298035271742,0.0020930725687809326,10.716410257180906,7.4764734276208245,1.6273663748281884,0.9967157965457906,-0.020428071070649322,0.02857196586480321,0.15270380213350251,0.16441207360771048,0.013858989546072654,nan,nan,nan,1.0,1.5707963267948966,0.0,nan,nan,nan,nan,nan,1.5124493461388686,1.5041522170266155
77.4,10.825334609196053,7.445836652643971,1.6274363392906985,1.0003636056451204,0.002738455451239403,10.714148840729257,7.516285516778243,1.6280112179012232,0.9974517708184136,0.008531092805871724,0.02857545763316444,0.15405291067768936,0.1661182226384594,0.014055982435766263,nan,nan,nan,1.0,1.5707963267948966,0.0,nan,nan,nan,nan,nan,1.5023082752997163,1.508495194621452
77.45,10.8219621756463,7.505776539612586,1.6276517083240054,1.0006858750380097,0.0036856347008178713,10.714256644609964,7.5761320883847265,1.623543351174048,0.9983116965961036,0.00666471169525391,0.028887158080342597,0.15601891338811086,0.16866270906321487,0.013897284362382967,nan,nan,nan,1.0,1.5707963267948966,0.0,nan,nan,nan,nan,nan,1.5023082752997163,1.508495194621452
77.50200000000001,10.81857497236663,7.565729618487042,1.6278896733204884,1.0008590773661865,0.00437341952452241,10.712154719057876,7.616013626192463,1.6246291987339294,0.9987325007987026,0.04675583336322796,0.028892114407422585,0.15734138819712204,0.17034787538718815,0.014096644821208645,10.67028021047017,8.598370151368037,3.4649858949450674,1.0,1.5707963267948966,0.0,nan,nan,nan,nan,nan,1.5112108423480057,1.4958982277625554
77.551,10.8163092149102,7.605701794741193,1.6280440439528898,1.0009152892888036,0.0033411614649758404,10.70785893703513,7.778517565376371,1.6228135099036107,1.005243071095093,0.029594782604650427,0.029154585265400514,0.15210349656880578,0.1638203261512193,0.013947482470053793,nan,nan,nan,1.0,1.5707963267948966,0.0,nan,nan,nan,nan,nan,1.5112108423480057,1.4958982277625554
77.602,10.812900506989573,7.665649511641376,1.6282096046341228,1.000475590249377,0.0026561379860950665,10.705772360912094,7.818662908223852,1.6223201358486585,1.0042642326565796,-0.006985309850307349,0.029149900078886765,0.153457818476341,0.1655282209132103,0.014146211332457997,nan,nan,nan,1.0,1.5707963267948966,0.0,nan,nan,nan,nan,nan,1.4782332153148905,1.511805294034456
77.65,10.810622123066413,7.7055953958132,1.6283409382729226,1.0001433308438337,0.0038703881098162266,10.697610593162725,7.878666942900867,1.6288774422307242,1.0030893550450444,0.018006436656458166,0.02870984121708705,0.15543180373119947,0.16807485576082748,0.013994108552347324,nan,nan,nan,1.0,1.5707963267948966,0.0,nan,nan,nan,nan,nan,1.4782332153148905,1.511805294034456
77.7,10.808338619143917,7.745530186549256,1.6285092714248048,0.9999161874418221,0.003964016068633379,10.695283381709478,7.918717230143393,1.6291841701429384,1.0025350859974589,0.016169306567456354,0.0287097754414995,0.15675951108319922,0.1697613376829466,0.01419224312989587,11.230022237705464,7.327150881019158,2.295943429425762,1.0,1.5707963267948966,0.0,nan,nan,nan,nan,nan,1.5000413616090507,1.4933673128226492
77.751,10.80490461453147,7.80541953152977,1.6287032221404438,0.9997064710276803,0.0027530291304512446,10.747410322487614,7.917469744153327,1.6209067800887043,0.9980975025494101,-0.0016843573050450364,0.029443301257861605,0.15160427967256515,0.1633252585275843,0.013937248906880443,nan,nan,nan,1.0,1.5707963267948966,0.0,nan,nan,nan,nan,nan,1.5008265670799534,1.49411816019463
77.802,10.801458478865866,7.865307239853584,1.6288930752987043,0.9998979055397121,0.004018006180730857,10.74541076671349,7.957348232625092,1.6214287030223762,0.9985463041605736,0.020433669211403327,0.029445848376626282,0.1529625990984696,0.1650358686058327,0.014136095029827612,nan,nan,nan,1.0,1.5707963267948966,0.0,nan,nan,nan,nan,nan,1.4882235063244087,1.5201290961668503
77.852,10.79915276503375,7.905241895191231,1.6290680970397846,1.0000784590724647,0.004432535841422535,10.743816451487731,8.017244887612312,1.6200322812340582,0.9990844711514544,0.001560146756857242,0.029573302784414158,0.15494204628431335,0.16758792387254284,0.013891886674102828,nan,nan,nan,1.0,1.5707963267948966,0.0,nan,nan,nan,nan,nan,1.4974699031918737,1.5096089792578666
77.9,10.796840734530702,7.945181993678165,1.6292574532786284,1.000202535425172,0.0051133453390719156,10.741852324293433,8.057162614750702,1.620176020011038,0.9993379483308552,0.011566038856936104,0.029574294940933256,0.1562732753221619,0.16927866926322607,0.014091351204244842,nan,nan,nan,1.0,1.5707963267948966,0.0,nan,nan,nan,nan,nan,1.4872876790346667,1.5182224788848584
77.95100000000001,10.793359643636295,8.005098258055444,1.6296115016566068,1.0003203091435682,0.006260062062019285,10.88847469520412,8.043427157954726,1.6192984645399342,0.9944754952772481,0.003131923032934996,0.029696484445646824,0.15107191583858262,0.16277196086275506,0.013849157747949786,12.400107520936105,7.3749074865899065,11.782547740117788,1.0,1.5707963267948966,0.0,nan,nan,nan,nan,nan,1.4913888780288758,1.5133939509359038
78.0,10.791029779853593,8.045048777181677,1.6298773635741644,1.0005922770552398,0.006965543513090715,10.886535697103941,8.083171228585995,1.6204810546918311,0.9956620289224601,0.026610101375116192,0.029699540212428,0.15243445170837405,0.16448521526856563,0.014187638074686879,nan,nan,nan,1.0,1.5707963267948966,0.0,nan,nan,nan,nan,nan,1.494373201379824,1.5252732119819143
78.05000000000001,10.787517576903806,8.1050012459078,1.6303164260508092,1.0010934761321773,0.007141874477111282,10.88350357003308,8.142864987880872,1.6218322691582223,0.9970851394960188,0.010252130454915387,0.029695231942973167,0.15442043521304502,0.16704229851659774,0.013885792266454219,nan,nan,nan,1.0,1.5707963267948966,0.0,nan,nan,nan,nan,nan,1.5041154303931477,1.5121882805868319
78.10000000000001,10.783984130666436,8.164973367038273,1.6307360530361703,1.0013404291176544,0.007021130173312638,10.881459695076792,8.18270301146233,1.623250295546579,0.9977571190497109,0.036798106562159524,0.029698978087271816,0.15575578331566026,0.16873690942416858,0.014085302196810727,nan,nan,nan,1.0,1.5707963267948966,0.0,nan,nan,nan,nan,nan,1.5098482516511418,1.500428076019799
78.15100000000001,10.781616677145003,8.204959762500241,1.6309904439691139,1.0014228522059734,0.005851279587990394,10.815118298819824,8.290963073968427,1.624561009294075,1.0020339945832357,0.022368617553441175,0.029606368249190412,0.15051295867529657,0.162168819377827,0.013843708943583955,10.18498907300953,8.684873469883785,2.5168718034332365,1.0,1.5707963267948966,0.0,nan,nan,nan,nan,nan,1.5098482516511418,1.500428076019799
78.20100000000001,10.778048567855517,8.26493450612405,1.6312902713707247,1.0011866655109594,0.004545192529006398,10.812966811774796,8.330983304748708,1.624869393215839,1.001711477800766,0.018853202699310484,0.02960604145584874,0.15188062870151992,0.16388358633224342,0.014043802615484229,nan,nan,nan,1.0,1.5707963267948966,0.0,nan,nan,nan,nan,nan,1.4998451869165261,1.4974988144246784
78.25,10.775659580106238,8.304905669868475,1.6314580119449564,1.000975675809721,0.004004585002559935,10.812552926147669,8.391106062871188,1.6228019374078153,1.0013247363342392,0.007866532814873432,0.02986276369738535,0.15387424517384032,0.1664431993076949,0.013808532903876505,nan,nan,nan,1.0,1.5707963267948966,0.0,nan,nan,nan,nan,nan,1.49961295041831,1.4986130273802651
78.30000000000001,10.77326260751027,8.344869042623003,1.6316131604273532,1.0008112582522535,0.00396554654229563,10.810469291411128,8.431102882399145,1.6226206908224772,1.0011411071895178,-0.007493851778884708,0.029860814558760246,0.15521424203165113,0.16813963979911606,0.014091874125265833,nan,nan,nan,1.0,1.5707963267948966,0.0,nan,nan,nan,nan,nan,1.4929241205969987,1.5063958447844448
78.35300000000001,10.769651925397254,8.404802992284296,1.6318806279926674,1.0006266009608007,0.00499974261889794,10.80397871894525,8.490942192198,1.6261462754691784,1.0009201542981985,-0.012537322621591039,0.02956896118628115,0.15716532630513805,0.17066691213418617,0.013853336966663382,11.141380874779864,9.510077786296264,4.136788941128044,1.0,1.5707963267948966,0.0,nan,nan,nan,nan,nan,1.4908702985948352,1.5095603498203451
78.4,10.76723461020368,8.44475311218162,1.632099626362825,1.0005367495572972,0.005665776682686054,10.831604127140237,8.637388401353983,1.6258713690338082,1.0073589388789068,0.01414449380838341,0.02959000844233738,0.15130549426716863,0.16323120069912023,0.01404934431326422,nan,nan,nan,1.0,1.5707963267948966,0.0,nan,nan,nan,nan,nan,1.4908702985948352,1.5095603498203451
78.45,10.763593724983515,8.504662997810755,1.6324373490053614,1.0000328160439356,0.005225760506639362,10.828748199161854,8.697726077889179,1.6252489945248758,1.0055341636823552,-0.005619770742770761,0.029629950060075762,0.15330707735302251,0.16579089666010313,0.013816256226282669,nan,nan,nan,1.0,1.5707963267948966,0.0,nan,nan,nan,nan,nan,1.4915638903819288,1.489182457347181
78.504,10.75993758202656,8.564531829249338,1.6327378892664652,0.999448274935663,0.0051354475990703025,10.825452691699288,8.757936196177106,1.6262019688349436,1.0040099000188107,0.016706987902147266,0.02963283937884279,0.15532089313965838,0.16833295859392214,0.014254288183731444,nan,nan,nan,1.0,1.5707963267948966,0.0,nan,nan,nan,nan,nan,1.4976317701187263,1.4912380390916575
78.55000000000001,10.757490993658182,8.604429206530837,1.6329279941061297,0.9992164130766377,0.004401907078305405,10.817015259657268,8.797744396845552,1.6323379985192805,1.0032251559896075,-0.00045121361113680485,0.029088950601300408,0.15661059694223842,0.1700161103439687,0.013857968996147859,10.339215607814731,8.671928474763314,0.8886021416875378,1.0,1.5707963267948966,0.0,nan,nan,nan,nan,nan,1.4976317701187263,1.4912380390916575
78.60000000000001,10.755037301772086,8.644318900061155,1.6330802340736044,0.9990741348954147,0.0034080986577345223,10.771926330006423,8.824981832715027,1.632409282687082,1.0019873203352039,0.006466143748793085,0.02906842413787312,0.15082776579550286,0.1626804153299261,0.014051014786071993,nan,nan,nan,1.0,1.5707963267948966,0.0,nan,nan,nan,nan,nan,1.5021503498918718,1.490335173194139
78.65100000000001,10.751343941542597,8.704147182291011,1.6332274294101903,0.9990190519834607,0.0,10.764766353945163,8.884810114225633,1.636216269212072,1.0014408581398953,-0.004275992789708464,0.028752591528451808,0.15283584032546976,0.1652430082749501,0.013886766173819258,nan,nan,nan,1.0,1.5707963267948966,0.0,nan,nan,nan,nan,nan,1.5071393543402323,1.4889603096922293
78.7,10.748874049378342,8.744032590398252,1.6332658851133681,0.9990486439938424,0.0,10.762147040492364,8.924779554841662,1.6367932149990805,1.0012010834005807,0.017715801270171434,0.02875554415903512,0.15418492797104427,0.1669424836167024,0.014171934580824757,nan,nan,nan,1.0,1.5707963267948966,0.0,nan,nan,nan,nan,nan,1.5096637510638689,1.4880032566475239
78.75,10.745160503210593,8.803863556147782,1.633215666731954,0.9991222318004945,-0.0020784968269744668,10.756431155856479,8.984627859620382,1.6384912091697752,1.0009207066284354,0.0060807380441635275,0.028600222018859884,0.15614982281234718,0.1694756820806598,0.013922968415529122,nan,nan,nan,1.0,1.5707963267948966,0.0,nan,nan,nan,nan,nan,1.5199855068333117,1.4783407709259955
78.80000000000001,10.742681381100745,8.843753369183153,1.6330864714369515,0.9991816626386442,-0.00384927262996215,10.728522106600842,9.00390500801486,1.6389926248883482,0.9995128591785006,0.01239271050958703,0.02858805051672583,0.15031545364413074,0.16207647973638506,0.014117839000377098,10.47230821120124,8.80441558124735,0.4350979232101163,1.0,1.5707963267948966,0.0,nan,nan,nan,nan,nan,1.5186144947033313,1.48050687804099
78.85000000000001,10.73896153868906,8.90359445221496,1.632772524235736,0.9993540398664054,-0.006285670418826096,10.728743221873591,9.063961949973313,1.6330366803542224,0.9996768587446093,-0.0166977621034015,0.028976500142487788,0.1523304292163466,0.164642148169555,0.014016106805083039,nan,nan,nan,1.0,1.5707963267948966,0.0,nan,nan,nan,nan,nan,1.5038595135569017,1.4790129336819333
78.90100000000001,10.735244793153766,8.963448265534149,1.632378711423063,0.9995498679330254,-0.006170460118596365,10.725024507362654,9.123830644657694,1.632650363138202,0.9998413728533054,0.0070854780162774465,0.028975435497157927,0.15435667032444444,0.16719299201400734,0.01425373535224223,nan,nan,nan,1.0,1.5707963267948966,0.0,nan,nan,nan,nan,nan,1.5002686444998734,1.50229533644628
78.95,10.732770638689153,9.003356689541453,1.632154510167731,0.9996505719659956,-0.005251663129213531,10.720668114794137,9.163648841046143,1.6351864052177432,0.9999256154763847,0.009236980038935024,0.028815266357689502,0.1556548199259528,0.168883240486003,0.013908187687498226,nan,nan,nan,1.0,1.5707963267948966,0.0,nan,nan,nan,nan,nan,1.5002686444998734,1.50229533644628
79.001,10.729068690905661,9.063226426217698,1.631835903123319,0.9997683111067002,-0.005948237612715953,10.718088049139457,9.203563178164773,1.634618159079963,0.9999892793419811,-0.03104553984338559,0.028810611216247124,0.15698142505561816,0.17056445777704551,0.014107286856199133,10.880344044024072,8.485452564555693,1.9429456586246583,1.0,1.5707963267948966,0.0,nan,nan,nan,nan,nan,1.5009808069438881,1.500990108403258
79.05000000000001,10.726608375986132,9.10314340837202,1.6316041343449978,0.9998278989255637,-0.005498970775637108,10.729723681787311,9.188195496414266,1.6332138383382118,0.9956257813616868,0.0001823191753761361,0.028852264891462982,0.15179455818424226,0.16399838850145726,0.013862903483780973,nan,nan,nan,1.0,1.5707963267948966,0.0,nan,nan,nan,nan,nan,1.5009808069438881,1.500990108403258
79.102,10.722930019847418,9.163033157966861,1.6312758929987503,1.0002526211452414,-0.005770027366856813,10.727252844417691,9.227953453590162,1.6324007742768671,0.9965585597652191,-0.0054199950427825504,0.02885156499491887,0.15315205728970505,0.1657038508807721,0.01406262988749612,nan,nan,nan,1.0,1.5707963267948966,0.0,nan,nan,nan,nan,nan,1.5183321594328816,1.4969479607870633
79.15,10.720486036521661,9.202976086742748,1.6310391855533668,1.0005231277945574,-0.005962294375843658,10.71862465783375,9.287384094092918,1.637795542608913,0.9976768903371653,-0.012844167213137908,0.02841595496529519,0.15512994855296355,0.16824808012482886,0.013827697724405168,nan,nan,nan,1.0,1.5707963267948966,0.0,nan,nan,nan,nan,nan,1.5138665282915822,1.4987873287295046
79.2,10.718049426416329,9.24292833244006,1.6307927166279441,1.000707246830083,-0.006396998287315156,10.758872309887783,9.371245141807874,1.6383496135769757,1.0009720152954054,0.02053132085047064,0.028443420968918238,0.14943598841492414,0.16104171562511574,0.014021111245610151,11.205696469371828,9.73912794821474,1.5402535856897805,1.0,1.5707963267948966,0.0,nan,nan,nan,nan,nan,1.5177045898842303,1.4917104309041596
79.25,10.714410983225433,9.302863684667278,1.630348245380578,1.0006987198817503,-0.00860154593281411,10.757683918305451,9.431330013971525,1.6341913396286136,1.000888746541585,0.009961706431464983,0.028704505278827733,0.15146293085155565,0.16362035345496934,0.013864057038848793,nan,nan,nan,1.0,1.5707963267948966,0.0,nan,nan,nan,nan,nan,1.5272566701759331,1.4722243749729664
79.30000000000001,10.710796827207153,9.362791507788456,1.6297616329674176,1.0005354284936896,-0.010247629106846312,10.755159470026209,9.471284636329884,1.633474376857297,1.0007691550218147,-0.004490067237654872,0.028702804040889537,0.15282353705187113,0.16533158680117177,0.014063782387897157,nan,nan,nan,1.0,1.5707963267948966,0.0,nan,nan,nan,nan,nan,1.5172110730171473,1.4824753410661342
79.352,10.70840189909274,9.402739540682985,1.6293481757325048,1.0004519565777332,-0.010289989047587798,10.752174884629524,9.531254322127317,1.633127709097356,1.000625453875984,0.006608235353247703,0.02877377221945774,0.15480580496020674,0.1678834202179361,0.013828722145888489,nan,nan,nan,1.0,1.5707963267948966,0.0,nan,nan,nan,nan,nan,1.5108284680469464,1.4891782628445551
79.4,10.706019589296249,9.442685408503854,1.6289350955684783,1.00038577676728,-0.010444572295600698,10.74968711047221,9.57120126269157,1.633370692782763,1.0005570618279032,0.01810114488475731,0.028775446852072454,0.15613918481809058,0.1695734235745144,0.014028978842630364,nan,nan,nan,1.0,1.5707963267948966,0.0,nan,nan,nan,nan,nan,1.5152593597267545,1.4851472019084397
79.45,10.702472214308813,9.502601644808196,1.628279467076653,1.0003107857905107,-0.011441122037380999,10.816194838384595,9.609086556393567,1.633107434007524,1.0000568694139074,-0.019920674997870574,0.028716685502762244,0.15027159730232548,0.16216174064127473,0.013693665316641615,11.529427584222416,9.577721409412883,2.22193927962972,1.0,1.5707963267948966,0.0,nan,nan,nan,nan,nan,1.5206225324238318,1.4799613522642099
79.5,10.700125819841924,9.542545049226758,1.6278174691524092,1.000291224886611,-0.011282976614142643,10.812471068353844,9.668974964611396,1.6331094666276824,1.0001054366044084,0.006797866307103472,0.0287200187381211,0.1523224683605041,0.1647308219870349,0.014141384560857199,nan,nan,nan,1.0,1.5707963267948966,0.0,nan,nan,nan,nan,nan,1.5060793387296316,1.4960022797297023
79.55000000000001,10.696634553717209,9.602461994353892,1.6271608291656272,1.0002977982603711,-0.01112182236018051,10.81014653026208,9.72894861927896,1.6303504017432184,1.0001584247905169,-0.00825212329616276,0.028840001036924124,0.15431103774293223,0.16728400450194078,0.013838916838666821,nan,nan,nan,1.0,1.5707963267948966,0.0,nan,nan,nan,nan,nan,1.517005883180161,1.4849247618774493
79.60000000000001,10.69432715760984,9.642407611742811,1.626715363550058,1.0002880932376588,-0.010932670293729399,10.807770392571195,9.768884550085998,1.6294490290147214,1.0001828415505085,-0.0249882197682022,0.028837697611695717,0.15564820004937024,0.1689756965290884,0.014121618835203135,nan,nan,nan,1.0,1.5707963267948966,0.0,nan,nan,nan,nan,nan,1.507061617487974,1.494702141771785
79.652,10.690895974732921,9.702326949348425,1.626106389485721,1.0002716874915383,-0.00936026299654393,10.768983011330567,9.816647585377808,1.6230020396937963,0.9995492775678497,-0.024364769053216787,0.029288941003725415,0.1504207340059907,0.1623668056088692,0.0138752705344233,10.354973800808168,9.686314098990179,0.8110505480718674,1.0,1.5707963267948966,0.0,nan,nan,nan,nan,nan,1.4992671871387622,1.5024141797634967
79.702,10.687499547236907,9.762248301169713,1.6256340424373847,1.0002995391417535,-0.006603607437863269,10.7658641257951,9.87654390724107,1.623048167129503,0.999763008523788,-0.000272873847198652,0.029291557514578338,0.152470061419021,0.16493252464294217,0.014174135603429122,nan,nan,nan,1.0,1.5707963267948966,0.0,nan,nan,nan,nan,nan,1.5117073794111888,1.4914707567330108
79.888,10.687499547236907,9.762248301169713,1.6256340424373847,1.0002995391417535,-0.006603607437863269,10.7658641257951,9.87654390724107,1.623048167129503,0.999763008523788,-0.000272873847198652,0.029291557514578338,0.152470061419021,0.16493252464294217,0.014174135603429122,nan,nan,nan,1.0,1.5707963267948966,0.0,nan,nan,nan,nan,nan,1.5117073794111888,1.4914707567330108
79.903,10.685253855115068,9.802198378974818,1.6253697425467284,1.000324318625797,-0.006804109742011143,10.762596455982157,9.916412992632356,1.6246736049786994,0.9998726124342007,-0.0014440771868527915,0.02918660921224417,0.15378441543622487,0.16663448559038244,0.013838435677160463,10.741427502807413,9.902171598785882,0.048001971380357146,1.0,1.5707963267948966,0.0,nan,nan,nan,nan,nan,1.498641857889952,1.5037682384514826
79.956,10.674222794873007,10.001965750635362,1.624226557693409,1.0003737302890476,-0.0040397539675153605,10.752557073681647,10.104254119297321,1.6211103678460155,0.9996073424211014,0.0008216805553699226,0.029341890394427847,0.1532313211369961,0.16594511750682447,0.013857733987083195,nan,nan,nan,1.0,1.5707963267948966,0.0,nan,nan,nan,nan,nan,1.4925985230122407,1.51162506051159
80.001,10.670966548233752,10.061902461342475,1.6240411373902088,1.000421499026804,-0.0027274437756100263,10.749539516721438,10.164159044565942,1.620045460253694,0.9998149617452937,-0.04122190947806111,0.029336447321842103,0.15524572592445612,0.16848700360819008,0.014157113943110766,nan,nan,nan,1.0,1.5707963267948966,0.0,nan,nan,nan,nan,nan,1.4981533541702512,1.5049236858871535
80.05000000000001,10.668806615243772,10.1018617117322,1.6239450182711486,1.0004297417755166,-0.0021948529244163045,10.745000058851735,10.203960388319693,1.6227417281302126,0.999915524647083,-0.022966358752841545,0.02911620158149608,0.15653552841165047,0.1701705892353792,0.013823581332350792,9.588192990927753,8.611816517029196,13.973734220823047,1.0,1.5707963267948966,0.0,nan,nan,nan,nan,nan,1.4981533541702512,1.5049236858871535
80.10000000000001,10.665580197227923,10.161801100339463,1.6238556182203752,1.0004193851168133,0.0,10.64091789999057,10.079099302560943,1.6229428805274004,0.990040497855602,-0.009429131605983238,0.0290624151212067,0.1507619979979823,0.16281200903069756,0.014020066380421522,nan,nan,nan,1.0,1.5707963267948966,0.0,nan,nan,nan,nan,nan,1.5138353992302,1.5188827240480058
80.15100000000001,10.663436764493397,10.201772846325008,1.623833335059652,1.0009903439723011,0.0,10.637112743155056,10.138429282055132,1.6244753716490197,0.9927029916796773,0.0030995419437051617,0.0290019988832907,0.15276960920464855,0.16537726594256938,0.013932030420915889,nan,nan,nan,1.0,1.5707963267948966,0.0,nan,nan,nan,nan,nan,1.5138353992302,1.5188827240480058
80.2,10.661296323833033,10.241771535007326,1.6238140704485975,1.0015762830701893,0.0,10.634972996574385,10.178095696409747,1.6248079136905718,0.9942481642856152,-7.03425008957346e-05,0.029001863657462046,0.1541184473213286,0.16707930189795528,0.01407169423913285,nan,nan,nan,1.0,1.5707963267948966,0.0,nan,nan,nan,nan,nan,1.5176026850286697,1.5074928071933262
80.25200000000001,10.658091507811594,10.301799757396916,1.6237564581459856,1.0020372551364551,-0.0009164323608856315,10.629491442853846,10.23757710529213,1.626570189693096,0.996048412295226,-0.007239395597943443,0.02880169737044038,0.15608298761676143,0.16961702825931227,0.013835843005474063,nan,nan,nan,1.0,1.5707963267948966,0.0,nan,nan,nan,nan,nan,1.512363688799766,1.5031457851368246
80.30000000000001,10.654893364509796,10.36184525957648,1.623695185371735,1.002230011433427,-0.0012782119495764984,10.639119775539006,10.353477860783928,1.6258413670360445,1.0020045470014232,0.00523670236192291,0.02881136918543555,0.15025705255340008,0.16219908937106312,0.014029226225097812,10.767143958867123,10.9884584339157,1.9856196368357706,1.0,1.5707963267948966,0.0,nan,nan,nan,nan,nan,1.512363688799766,1.5031457851368246
80.354,10.652765149155057,10.401873438016684,1.6236267303819407,1.0019747117928186,-0.0020220260383364452,10.636325830784921,10.413535165611407,1.6249852062563974,1.00175287215775,-0.01492881518854346,0.028856634189409938,0.15227218632115463,0.1647688483200164,0.013871140034328934,nan,nan,nan,1.0,1.5707963267948966,0.0,nan,nan,nan,nan,nan,1.498805990134226,1.4994022332568337
80.40100000000001,10.649580382548702,10.461891988952141,1.6234962977429355,1.0015296042398638,-0.0020069522927733696,10.63307124417095,10.473544086503686,1.6244078865257379,1.0013675318251596,-0.01936776496811214,0.028855844202131137,0.15429852036286776,0.16732284469533545,0.014170268531059165,nan,nan,nan,1.0,1.5707963267948966,0.0,nan,nan,nan,nan,nan,1.498805990134226,1.4994022332568337
80.45,10.647461566094142,10.501891572696406,1.6234199572277048,1.001296865881671,0.0,10.63068495827593,10.513525878457795,1.6247343080225907,1.0011687253692927,0.005372727040877454,0.028837328721472495,0.1555967088269827,0.1690147774090544,0.01383515243182029,nan,nan,nan,1.0,1.5707963267948966,0.0,nan,nan,nan,nan,nan,1.5011774180878659,1.4977527102503094
80.5,10.64428997460097,10.561876479442692,1.6232899194753687,1.0010296542978145,-0.002545136821261825,10.628524328164868,10.553512778561425,1.6259131172565964,1.0010174802785938,0.03901448754115455,0.028841970045917254,0.15692322694072808,0.1706973551990118,0.014035460272137116,11.316491456733976,10.541650279823171,1.7238906048099847,1.0,1.5707963267948966,0.0,nan,nan,nan,nan,nan,1.5078999916262885,1.491927863541578
80.555,10.64218078062822,10.60185904442755,1.6231392868592887,1.000892706114493,-0.004605516100720128,10.684443001184054,10.611533892441336,1.627813606671305,1.0005352771472957,-0.018390875387731258,0.02863539800076601,0.15174421569244,0.16411187204437522,0.013800575042377394,nan,nan,nan,1.0,1.5707963267948966,0.0,nan,nan,nan,nan,nan,1.5236019242587997,1.476628792167234
80.602,10.639025957200682,10.661824897562374,1.622808678419162,1.0007504982305597,-0.005432470773314546,10.682163289423025,10.651490069408455,1.6278906911277673,1.000509483166107,0.001082109853787493,0.028637763832105183,0.15310192456174196,0.16581730179240836,0.014140455558138863,nan,nan,nan,1.0,1.5707963267948966,0.0,nan,nan,nan,nan,nan,1.5044855223769553,1.497165039585608
80.65,10.636928998817408,10.70179925003094,1.6225850820986214,1.0006975894914212,-0.005811926682714685,10.68062431038942,10.711527267986375,1.62432973654266,1.0004780263596185,-0.0059038888757222355,0.02879877286886725,0.15507984612924194,0.16836093101848926,0.013844200988756578,nan,nan,nan,1.0,1.5707963267948966,0.0,nan,nan,nan,nan,nan,1.5127017688725513,1.4890007008752728
80.7,10.634838258644876,10.741771456174462,1.6223477820476295,1.0006373780589475,-0.005835977787915737,10.70390088100235,10.803082332113819,1.624186503024065,1.0023444815213731,-0.0034502104684398325,0.028813249725735252,0.1500828182143058,0.1619974137496128,0.014277655947659671,10.98179650269926,11.040643121563543,0.6766524642986695,1.0,1.5707963267948966,0.0,nan,nan,nan,nan,nan,1.5029120057024987,1.496904099746741
80.75,10.631714673855413,10.801723352956026,1.6220108183977169,1.0004296696749997,-0.0055169847511994784,10.700860696667359,10.843064775583994,1.6235957868884177,1.001939937455726,-0.019218059289669128,0.02872448373792726,0.15141877527942935,0.16371414915989912,0.013878361965760175,nan,nan,nan,1.0,1.5707963267948966,0.0,nan,nan,nan,nan,nan,1.5029120057024987,1.4927223507643461
80.80000000000001,10.628608030914227,10.861661204584232,1.621706741741011,1.0002121008805567,-0.004563600939669803,10.698743156503099,10.883083145879818,1.623673047781902,1.0016247850376527,-0.005029382755676973,0.028726199524415744,0.15277920694865102,0.16542430473747172,0.014078047027294621,nan,nan,nan,1.0,1.5707963267948966,0.0,nan,nan,nan,nan,nan,1.4966701103314055,1.500495956365625
80.851,10.626546377757888,10.90161457806152,1.6215299018175926,1.0001182210056172,-0.004407352564091255,10.696541840263867,10.943142253029828,1.6221325585542505,1.0012465268774728,0.00776116774847193,0.02881220685068472,0.15476117600193048,0.16797446753667947,0.013841371395763104,nan,nan,nan,1.0,1.5707963267948966,0.0,nan,nan,nan,nan,nan,1.503157964891333,1.4948723198080347
80.90100000000001,10.623468316679977,10.96153988469739,1.6212589311227699,1.0000282149708042,-0.004687402868453178,10.694498371549683,10.983138056201518,1.6210441536846554,1.0010672752668688,-0.01770923548517421,0.02880887948340261,0.15609431843921723,0.16966337876416088,0.014041594285312755,nan,nan,nan,1.0,1.5707963267948966,0.0,nan,nan,nan,nan,nan,1.4954290225494773,1.492346376357389
80.952,10.621425449017908,11.001487620692101,1.6210886243324139,0.9999752253685182,-0.0038773056746278555,10.695738019956691,11.022097017103038,1.6189315396018769,1.000835990618474,-0.00694139373534006,0.028954660859265013,0.15023227500840158,0.16223707184604996,0.013704884486143147,10.712843184967468,10.992601751338107,0.0017597801525014683,1.0,1.5707963267948966,0.0,nan,nan,nan,nan,nan,1.4971339413964078,1.5041581013550254
81.001,10.61837378643358,11.061408420771428,1.6208983505476386,0.9999574481778899,-0.0027467015784084356,10.692869974335025,11.082075272296645,1.6174869143415054,1.0006847598361828,-0.024632169385536282,0.028951767644208877,0.15228264126291402,0.16480480156920777,0.014152275717453212,nan,nan,nan,1.0,1.5707963267948966,0.0,nan,nan,nan,nan,nan,1.4883338733610372,1.5123247593127904
81.05000000000001,10.616347000329407,11.101355636434013,1.6208227917707545,0.9999546114924979,0.0,10.695821043051,11.142357849779641,1.6125153953350384,1.0005837699916251,0.013671862938016784,0.029467399292334284,0.15427052826278287,0.16735691476987463,0.013937741008858216,nan,nan,nan,1.0,1.5707963267948966,0.0,nan,nan,nan,nan,nan,1.4883338733610372,1.5123247593127904
81.102,10.613316406428845,11.161277205756948,1.6207938089260276,0.9999625864881478,0.0,10.694144938991975,11.182345601215436,1.613496260454161,1.0005338329483568,0.025383100999952585,0.02946922713247055,0.15560728288633924,0.16904791758329588,0.014220167820575773,nan,nan,nan,1.0,1.5707963267948966,0.0,nan,nan,nan,nan,nan,1.4965436936405052,1.504388720067414
81.15100000000001,10.611301686905012,11.20122571107633,1.6207831256050516,0.99997480905208,0.0,10.612388510743513,11.278492557315051,1.6182995174224297,1.0031405129618212,-0.026158184781599342,0.029022784414181775,0.15038492975088785,0.16242694620960188,0.01396130309533009,9.860217204553042,11.564120393038849,2.9113461144841803,1.0,1.5707963267948966,0.0,nan,nan,nan,nan,nan,1.5029745459534527,1.4980809872368535
81.2,10.608285814245427,11.2611440179408,1.620785004221831,0.9997833034270839,0.0,10.610496122713188,11.31856767737438,1.618058253568706,1.0025715028445603,0.010326014028184545,0.029026800947130806,0.15175380919643539,0.16413794714659338,0.01415985094984379,nan,nan,nan,1.0,1.5707963267948966,0.0,nan,nan,nan,nan,nan,1.4858119002021308,1.5072665672996914
81.25,10.606278720479576,11.301082019940758,1.6208113066119225,0.9996545413696213,0.0,10.603584821299094,11.378428135405311,1.6221361274398323,1.0018892356079454,0.005682490560535917,0.02865930258604833,0.15374878350587004,0.16669185400311423,0.013909759110492685,nan,nan,nan,1.0,1.5707963267948966,0.0,nan,nan,nan,nan,nan,1.5010692211841052,1.4935877015272718
81.302,10.603272655912708,11.360982463974105,1.62079568306027,0.999552070803178,0.0,10.601526793674052,11.418447481350613,1.6221303115355123,1.0015664710812813,-0.002724282006129429,0.028658459861684457,0.15509004667603316,0.1683845912106075,0.014191119817333283,nan,nan,nan,1.0,1.5707963267948966,0.0,nan,nan,nan,nan,nan,1.5065614915716836,1.4900477710691409
81.352,10.601270973354566,11.40091411961319,1.6207469644759307,0.9995249171813929,0.0,10.601797784429563,11.478628460393706,1.6182856117613031,1.0011791432440058,0.007076888324609483,0.028946973258550758,0.15704224299794026,0.17090670309193584,0.013939802749230365,11.432136724619692,11.54229432763337,2.525066348834574,1.0,1.5707963267948966,0.0,nan,nan,nan,nan,nan,1.5028340916958316,1.493607519041548
81.402,10.598271552111594,11.460810939203313,1.6206484884560788,0.9995233223223966,0.0,10.674420950652683,11.52465412334172,1.618016714555404,1.0011472258954874,0.0029082503555773786,0.028983121447595725,0.15119891776443567,0.16343114959207283,0.014131767197419294,nan,nan,nan,1.0,1.5707963267948966,0.0,nan,nan,nan,nan,nan,1.5010185880135631,1.4976220617535965
81.45100000000001,10.596274119206669,11.500742606854741,1.6205778009779062,0.9995309080985427,0.0,10.676229211777684,11.584889103269527,1.6143107785205688,1.0008876844060397,0.03034950070380531,0.029407386552780586,0.15320087080834835,0.16598752543952872,0.013959751106181617,nan,nan,nan,1.0,1.5707963267948966,0.0,nan,nan,nan,nan,nan,1.5010185880135631,1.4976220617535965
81.501,10.59328195180381,11.560641320549136,1.6204574073959674,0.9995592515513895,-0.002346822450553317,10.674489123336357,11.624885397933378,1.6136956630393067,1.0007603979397852,-0.014504238570325933,0.029401775993906247,0.15454629913168133,0.1676828632999243,0.014158197561070729,nan,nan,nan,1.0,1.5707963267948966,0.0,nan,nan,nan,nan,nan,1.488543123983814,1.4923540135319506
81.551,10.591289725736369,11.600575186102967,1.6203881912118983,0.9995873382239653,0.0,10.67336703339011,11.684946065357895,1.6138084985742358,1.00060744696208,0.016241607224637605,0.02953534927497958,0.15650498555626394,0.17020987549600025,0.013911013805110686,10.934574171632544,12.149705222519808,1.023566493755437,1.0,1.5707963267948966,0.0,nan,nan,nan,nan,nan,1.488543123983814,1.5111756055331609
81.60300000000001,10.58830468233939,11.660478457357227,1.6203522061711413,0.9996362402580242,0.0,10.69459702617518,11.77313244815442,1.614334889475901,1.0034702159701807,0.007451761321889635,0.029547114887372387,0.15073614761489484,0.16284411787458014,0.014106169619630468,nan,nan,nan,1.0,1.5707963267948966,0.0,nan,nan,nan,nan,nan,1.494550448648994,1.4987071933463911
81.65400000000001,10.586317117861565,11.70041181966115,1.6203295720130488,0.9994890109820794,0.0,10.695008413512463,11.833418365324466,1.6107718466551673,1.0026214657150403,0.0029173860307526505,0.029820804128426644,0.15274413986549804,0.1654062141972768,0.013865690765815376,nan,nan,nan,1.0,1.5707963267948966,0.0,nan,nan,nan,nan,nan,1.494550448648994,1.4968349436301815
81.7,10.584331634393678,11.740338626289669,1.620317808288695,0.9993474913108654,0.0,10.693417261653225,11.873486634603873,1.6105084741042075,1.0021359601642639,0.011647953767009,0.0298217083503808,0.15409325856396539,0.16710543710365627,0.014065444160882451,nan,nan,nan,1.0,1.5707963267948966,0.0,nan,nan,nan,nan,nan,1.4887996006405737,1.505000969118271
81.75,10.58135562038587,11.800222307943052,1.620354971444304,0.9992477895437301,0.0,10.687243264562472,11.933371091287455,1.6148629327444348,1.001553844280865,-0.0056990042907433995,0.029491639790281066,0.1560576607998101,0.16963822830180417,0.013830246027156292,nan,nan,nan,1.0,1.5707963267948966,0.0,nan,nan,nan,nan,nan,1.492770188967242,1.5023800994357188
81.80000000000001,10.579372458054024,11.840142743104561,1.620401613144417,0.999227648607326,0.0,10.675385636763169,12.066385502631787,1.6132736657171323,1.0075064102131057,-0.026049849281281637,0.029485876572184752,0.1502352639126572,0.16221392204003215,0.014026410281239196,10.580657642146937,12.844298953758427,2.8844236691428633,1.0,1.5707963267948966,0.0,nan,nan,nan,nan,nan,1.4934177544523064,1.5034011893868078
81.854,10.576397064647537,11.90001592186988,1.6205165878759467,0.9988788090083485,0.0026930203936081612,10.672426768441841,12.126726601019028,1.6130227183396864,1.0055592921702128,-0.013696506054616236,0.029450214567754332,0.15225012391407017,0.16477838346749585,0.01393732786681074,nan,nan,nan,1.0,1.5707963267948966,0.0,nan,nan,nan,nan,nan,1.4739893934560597,1.5045965320756771
81.9,10.573420312780604,11.959857321991532,1.6207339333617907,0.9984195194295269,0.004076710079870137,10.67071374553218,12.166901127885504,1.613579233233561,1.0044610103330835,0.00017514501848635484,0.02945198147745912,0.15360346799324825,0.1664794792244031,0.014077131121033364,nan,nan,nan,1.0,1.5707963267948966,0.0,nan,nan,nan,nan,nan,1.4815471363983646,1.5026021786535404
81.95,10.571433416755223,11.999741150710728,1.6209158276762554,0.9982838116044407,0.0048777708456647665,10.667799924307394,12.227069676425677,1.6150868253514261,1.0031829297402295,0.057074839110940585,0.029427950365579176,0.15557423195780698,0.16901557701605074,0.013840500845174374,nan,nan,nan,1.0,1.5707963267948966,0.0,nan,nan,nan,nan,nan,1.4808734365210405,1.5078606131089956
82.00200000000001,10.568447841076933,12.059561857493009,1.6211312005294107,0.998224773245842,0.00099301283778534,10.666030931005336,12.26715142444945,1.6141119031291966,1.0025543639034933,-0.01179529737825682,0.02941890546109067,0.15690071359914715,0.1706948928858281,0.014040684839268675,10.377871969304868,12.365219358628691,0.3366604644021445,1.0,1.5707963267948966,0.0,nan,nan,nan,nan,nan,1.5167704980415244,1.474150509584917
82.051,10.566453531852748,12.099441669943761,1.621193950881968,0.9982373241763856,0.001481936335532723,10.63548612391618,12.337624228959347,1.6171020942911918,1.0024723516071403,0.002924160797115775,0.02922280775461941,0.1517243286462067,0.16410569195368332,0.013805040185719198,nan,nan,nan,1.0,1.5707963267948966,0.0,nan,nan,nan,nan,nan,1.4888556276516898,1.5038233592897856
82.10300000000001,10.563454387707024,12.159262541623473,1.6213078114491561,0.9982675000282196,0.0,10.632710895771098,12.397693580835409,1.6174017802584748,1.001758314998435,0.017624939800984712,0.02922474629893059,0.15375706442296538,0.16665723082691825,0.014105560222132314,nan,nan,nan,1.0,0.0,0.0,nan,nan,nan,nan,nan,3.865252264776265,-0.8710743584049478
82.15100000000001,10.56144865493011,12.199144388083493,1.6166405367234518,0.9983136826159928,-0.21321764708643945,10.63775927350331,12.438041557803494,1.6089741973920777,1.0013907203731012,-0.20002228023034274,0.029842712497572706,0.15505922908656128,0.16834870215160214,0.013778366746516032,nan,nan,nan,1.0,0.0,0.0,nan,nan,nan,nan,nan,3.865252264776265,-0.8710743584049478
82.20100000000001,10.558904027994123,12.258986291456601,1.5930284471089147,0.9980997504560593,-0.5023877359704826,10.636313348011221,12.478068015056364,1.5971217250225225,1.0011122889800708,-0.46857604232338385,0.02983564347118959,0.15638949822747203,0.17003159901956968,0.01397666798223344,11.102162953747312,12.07663138775117,1.3674637573606037,1.0,0.0,0.0,nan,nan,nan,nan,nan,3.663188781277279,-0.7841358077319225
82.251,10.557582339368668,12.298881443407026,1.569804145950524,0.9974045804486668,-0.6208587859913163,10.672506795498972,12.495803389873972,1.568340894357493,0.9982312923469974,-0.6775249018964264,0.029419299795310147,0.15128490753671764,0.1635498298880873,0.01389636863695481,nan,nan,nan,1.0,0.0,0.0,nan,nan,nan,nan,nan,3.663188781277279,-0.6665313631004415
82.302,10.556445677632743,12.3587135826075,1.5286221979130548,0.9958856270450653,-0.7225552351171949,10.672870122767808,12.53573392364581,1.5411408083285005,0.9985888209517358,-0.7195371417800615,0.029421926230723486,0.15264479124891311,0.16525780692376202,0.01417930559955594,nan,nan,nan,1.0,0.0,0.0,nan,nan,nan,nan,nan,3.5486454085632406,-0.5432565651045327
82.352,10.556455102323637,12.398579776813486,1.4987156478978139,0.9944592165388402,-0.7604975910308188,10.674090144673952,12.595544701781574,1.4991293214704422,0.9990176223429178,-0.7494975903042954,0.029299494291339774,0.1546252753858421,0.1678055329509076,0.014025014656066445,nan,nan,nan,1.0,0.0,0.0,nan,nan,nan,nan,nan,3.498245074177039,-0.4938582575801336
82.4,10.557235615341325,12.43840104478031,1.467634341534899,0.9927342993650303,-0.7846854883638242,10.677264792885472,12.635379095176397,1.4678417776035557,0.9992201684474429,-0.7710650082118874,0.029291378831520297,0.15595757761737797,0.16949234995664123,0.014174891225091772,nan,nan,nan,1.0,0.0,0.0,nan,nan,nan,nan,nan,3.4301206684422647,-0.42697113713605095
82.45100000000001,10.560093404988267,12.497980194297137,1.4198814433962825,0.9898024718704702,-0.8016153375070786,10.688743088069248,12.722586466337665,1.4200642210381673,1.001192985979332,-0.7882453511313001,0.02935048860605636,0.15080004403295344,0.16294446204365493,0.014001907056910215,10.72209602056583,12.920744328218749,0.25933206266482894,1.0,0.0,0.0,nan,nan,nan,nan,nan,3.307190069140968,-0.3105872864653356
82.50200000000001,10.565228296329325,12.557267137547345,1.3716208570604675,0.986662368896031,-0.8046990673732195,10.695085250239075,12.762124595560781,1.3879141049632742,1.0009576445898682,-0.7629010987577077,0.029348429600285008,0.15216656069544685,0.16464812441895738,0.01419953130148457,nan,nan,nan,1.0,0.0,0.0,nan,nan,nan,nan,nan,3.307190069140968,-0.3105872864653356
82.551,10.570015923992383,12.596570968596962,1.339449494769934,0.9847844786435876,-0.8036912237196869,10.707922907378393,12.82098254967409,1.3378375268627263,1.00067532149647,-0.798856251540942,0.02940630367233828,0.15416270020116607,0.1671833591740363,0.01405029038856427,nan,nan,nan,1.0,0.0,0.0,nan,nan,nan,nan,nan,3.2763712374723313,-0.27911031285780075
82.60000000000001,10.575942774922076,12.635658183504846,1.3074094379666632,0.9830891469623732,-0.7978655242796997,10.717476315892768,12.859848159398249,1.3054095760704918,1.0005420468389006,-0.7747223698338308,0.029398292716607488,0.15550936157047376,0.16885735108452424,0.014247342765716263,nan,nan,nan,1.0,0.0,0.0,nan,nan,nan,nan,nan,3.193970098445215,-0.1958959706253134
82.65100000000001,10.587008993429416,12.693808266479746,1.259902450546746,0.9808912951631349,-0.7868292935658405,10.708200282007242,12.899568773071021,1.2604138746718183,0.9989568233380598,-0.7368108041026737,0.029242522333297088,0.15032153875151114,0.162234573503517,0.013984351569680501,10.454970834326714,12.72578161402695,0.37572283858732025,1.0,0.0,0.0,nan,nan,nan,nan,nan,3.1616951336354413,-0.16324828418477666
82.70100000000001,10.600716539697828,12.751283637766054,1.2130553389875829,0.9792954401374478,-0.7750217676154575,10.720695051948585,12.937520740763883,1.2293322439602061,0.9991696540682771,-0.7405468197428133,0.029228847945725646,0.15171204519543868,0.16391567019353448,0.014182163901205268,nan,nan,nan,1.0,0.0,0.0,nan,nan,nan,nan,nan,3.1180721918710628,-0.11481751308477861
82.75200000000001,10.611321058212553,12.789177578263217,1.1822362278746052,0.978524587856468,-0.7660359314410738,10.735328370128396,12.994098044380289,1.1905540962761112,0.9994283668947501,-0.7404927983148136,0.028643911554692734,0.15375203142358912,0.16641284448555918,0.013931440562948141,nan,nan,nan,1.0,0.0,0.0,nan,nan,nan,nan,nan,3.075803513320357,-0.07314580942813853
82.80000000000001,10.623087590150524,12.826696980084082,1.1517688420567567,0.9779073980319654,-0.7565424210383691,10.75042895848776,13.031107695578065,1.1596796783973424,0.9995481910872248,-0.7542568292817748,0.02862452134263679,0.1551318776452359,0.16805873603905974,0.01412996638623191,nan,nan,nan,1.0,0.0,0.0,nan,nan,nan,nan,nan,3.0232368924347166,-0.021326745366654798
82.85000000000001,10.642885795231676,12.882207225383777,1.106843924518858,0.9772464653493526,-0.7403060092839362,10.77531607403839,13.085694857783047,1.1133041958894996,0.9996918053161346,-0.7361514708376413,0.028612053942095903,0.15715885061954527,0.17049436851137967,0.013885975031707092,11.031471590500107,12.60823166454185,1.0564169270146317,1.0,0.0,0.0,nan,nan,nan,nan,nan,2.977049610555873,0.024523654380403492
82.9,10.657476148065431,12.918667513838127,1.0774394009783628,0.9769759848100892,-0.7286956072091373,10.81591005415501,13.07177013509549,1.083073642442094,0.9972300462815887,-0.716880157765734,0.028614310054937964,0.15135824173954013,0.1630159371439233,0.014081232566097602,nan,nan,nan,1.0,0.0,0.0,nan,nan,nan,nan,nan,2.9200873346749416,0.081070497308799
82.95,10.681386638413601,12.97248210806378,1.0342016609788383,0.976929283736772,-0.7119996517896369,10.842214361065682,13.124575932475945,1.0427001870159138,0.9979691400387892,-0.670604243353109,0.028375264056200666,0.153468391690909,0.16545443999149234,0.013843526452619898,nan,nan,nan,1.0,0.0,0.0,nan,nan,nan,nan,nan,2.8916272853395855,0.11705432143371297
83.0,10.698648129743685,13.007743929137172,1.00590882578375,0.9770827303338236,-0.7012853131942103,10.862562312472706,13.158920943987075,1.0154454931069967,0.9983891489421166,-0.6573703422739192,0.02836908924670101,0.15489785822412627,0.16705888122275708,0.014043308931894313,nan,nan,nan,1.0,0.0,0.0,nan,nan,nan,nan,nan,2.8537330997636747,0.1528327687360831
83.051,10.726455756799522,13.059658056700762,0.9642434466891187,0.9773785108895175,-0.6863707545054567,10.895810502990578,13.20919396324117,0.9728890018611294,0.9988920817308546,-0.6455051732585434,0.02844063040200781,0.1570063597844824,0.16942872847560067,0.01381053626752034,11.147991972248915,13.966973576080594,2.2896179868951676,1.0,0.0,0.0,nan,nan,nan,nan,nan,2.822632104718966,0.18275427962370383
83.10000000000001,10.746231256974394,13.09358396546339,0.9369675948101851,0.9776120072164065,-0.6755506628683644,10.942420849073164,13.320674074127473,0.9455572097397313,1.0042500634411367,-0.6466782689752085,0.028431467618980428,0.15127743429679688,0.1620672051527345,0.014007055320985017,nan,nan,nan,1.0,0.0,0.0,nan,nan,nan,nan,nan,2.7676811792392426,0.23625180265067036
83.15100000000001,10.77766943426997,13.143398272293698,0.8968879717043519,0.9777110812693686,-0.6593103540157754,10.977054651458472,13.369338848239693,0.9069280880573647,1.0032100172563552,-0.6425954747092428,0.028294027631765414,0.15347365677048397,0.1644368884814703,0.013778973170759469,nan,nan,nan,1.0,0.0,0.0,nan,nan,nan,nan,nan,2.722798814667726,0.2648477189192835
83.2,10.799762195804327,13.175857579453032,0.8707089272314478,0.9777009209344735,-0.6480323128758179,11.001980043579309,13.400775976163114,0.8810452955785362,1.0025701325646388,-0.6152845352063633,0.02828968248456848,0.15496091073539855,0.16599394643089513,0.014115182382883671,nan,nan,nan,1.0,0.0,0.0,nan,nan,nan,nan,nan,2.672502709136613,0.31810346214192364
83.25,10.834530875725884,13.223394989663444,0.8322966500286245,0.9779673371029836,-0.6319750441247397,11.037860805273226,13.447545308591037,0.847465997298265,1.0018065136960799,-0.5935428629963232,0.028005350231728725,0.1571597179019683,0.16829094237057968,0.013832372160037123,nan,nan,nan,1.0,0.0,0.0,nan,nan,nan,nan,nan,2.649903696420873,0.3424936223045807
83.301,10.871173216609941,13.269520302237584,0.7947710529796501,0.9784145635341976,-0.6176888039763888,11.012378723526757,13.468612249348277,0.8227512453864275,0.9988991174615233,-0.603592458667282,0.027970270052099,0.1513382207690326,0.1609130018629367,0.01402862534884822,10.478127008632905,13.390905085111514,1.2117937558249758,1.0,0.0,0.0,nan,nan,nan,nan,nan,2.6135690133314107,0.38102883631491635
83.35000000000001,10.896596197326375,13.299470745114737,0.7702743331445574,0.9788401151272554,-0.6064281989126246,11.055260292373745,13.511497815064399,0.7846181208612228,0.9991193669131968,-0.5715038791117122,0.028124554820587785,0.15362206564632813,0.1632103218212938,0.013935464181474072,nan,nan,nan,1.0,0.0,0.0,nan,nan,nan,nan,nan,2.567798058924469,0.4355730609977546
83.40100000000001,10.93616015885851,13.343187085793092,0.7343458782957837,0.9796907016001128,-0.5910366624440548,11.083719556891364,13.539552576501872,0.7602246428118046,0.9992993182521012,-0.5656082146951277,0.028114671487529247,0.15516663607672448,0.1647200999999833,0.014086162873372998,nan,nan,nan,1.0,0.0,0.0,nan,nan,nan,nan,nan,2.5401689855639695,0.46258931525235725
83.45,10.963448573910435,13.371512846462748,0.7109002959096152,0.9802468971393381,-0.5809741913549868,11.125578616513192,13.581197973704018,0.7278184726406455,0.9995183912045142,-0.5528881596826204,0.02789849445867557,0.15745533520640526,0.16694471366646232,0.013848010059119889,nan,nan,nan,1.0,0.0,0.0,nan,nan,nan,nan,nan,2.5094857475058765,0.4927677333811322
83.501,11.005679584379974,13.412756950873014,0.6764877263271957,0.9810512333482446,-0.5658417067935873,11.155575328766501,13.607625666853691,0.7048486067220344,0.9996196250476033,-0.5505396703513868,0.02788918376597385,0.15900186141680042,0.16840620006413382,0.014047842816714794,11.278231950131188,13.656075560064513,0.06292625049882061,1.0,0.0,0.0,nan,nan,nan,nan,nan,2.469287037408611,0.5323333050609328
83.551,11.034659034796507,13.439415593878401,0.6540599386968216,0.9815737037276305,-0.5555911696154121,11.215281579179472,13.650360620234062,0.6692629995756373,1.0004413949534556,-0.5142578640154978,0.028119105025557565,0.15388250480408458,0.1618152406424357,0.013811338159102656,nan,nan,nan,1.0,0.0,0.0,nan,nan,nan,nan,nan,2.4377248717864455,0.563610787901451
83.60000000000001,11.064267296329842,13.465399364724584,0.6320329712578259,0.9820601998439266,-0.5453965529733209,11.246792506122068,13.675018259095244,0.6471811361448352,1.0003570011649296,-0.5300433712929606,0.0281058253911268,0.1554806323409279,0.16328111778227547,0.01401171571357872,nan,nan,nan,1.0,0.0,0.0,nan,nan,nan,nan,nan,2.39761549386859,0.6012327863540765
83.652,11.109798978802623,13.50310278229357,0.5997732776476363,0.9827518167569373,-0.5298362032222681,11.300938092713823,13.707553648829446,0.6081517055446052,1.000243299074621,-0.512230076721608,0.02872781147596702,0.15785427878148256,0.16543613430338952,0.013783205314351142,nan,nan,nan,1.0,0.0,0.0,nan,nan,nan,nan,nan,2.3070418040518614,0.6407874500649303
83.702,11.156597740111021,13.539277986833993,0.5685432109253897,0.9834701470314627,-0.5116947150331501,11.301590622644003,13.684144283090282,0.5768733112527187,0.9950321919643562,-0.520700866116406,0.028706646582149248,0.15272448210137532,0.15898751528986216,0.014080258381305817,10.828530497115043,13.180069584400519,2.007839375443569,1.0,0.0,0.0,nan,nan,nan,nan,nan,2.3070418040518614,0.6923707487953317
83.75,11.18846485671798,13.56255166819493,0.548375589474976,0.9842755433967175,-0.4979801773940028,11.333050777270973,13.706915211936646,0.5599255885751306,0.996047348704974,-0.4750195164678252,0.028473627907391153,0.15434772225296012,0.16042424882543468,0.013755927717973966,nan,nan,nan,1.0,0.0,0.0,nan,nan,nan,nan,nan,2.2646767527224005,0.7506175118573692
83.804,11.23721805186269,13.59621390333023,0.5190392024397252,0.9854571679913107,-0.481748971149832,11.384016397708084,13.738165046711853,0.530686995633356,0.9972216417830483,-0.4489042622966307,0.02846733667715043,0.15681750393608299,0.16255820218847908,0.01405726666078843,nan,nan,nan,1.0,0.0,0.0,nan,nan,nan,nan,nan,2.2561037897368994,0.7563426371857678
83.85000000000001,11.270316623479589,13.617824499468767,0.49999570641644625,0.9861127084757229,-0.4712685710514529,11.417510166707874,13.758873436322956,0.5124562818726952,0.9978007249923317,-0.4465687402335787,0.028341511370402073,0.15844048684491646,0.16394966061087843,0.013735796285489345,nan,nan,nan,1.0,0.0,0.0,nan,nan,nan,nan,nan,2.2210000213310277,0.7880624442682644
83.902,11.32079504609694,13.649002727795311,0.47219182461972004,0.9869847291481738,-0.45650452611848236,11.452386904553608,13.778285862647303,0.49430778030741473,0.9982637094904221,-0.43028446833313844,0.028338096843192172,0.16008400033348472,0.16533329803154992,0.01407439430644782,nan,nan,nan,1.0,0.0,0.0,nan,nan,nan,nan,nan,2.193774516576524,0.8136606631453012
83.95400000000001,11.354967148940757,13.668969559036823,0.4541354144224267,0.9875057672874952,-0.44719542720147276,11.530884555164578,13.796026300623994,0.46398806348341237,0.9997923205436058,-0.4300983700890646,0.028591263525242584,0.1548156252779656,0.15894566753573633,0.013790579961653322,11.725133495547642,13.688417917739361,0.2674713448421996,1.0,0.0,0.0,nan,nan,nan,nan,nan,2.124721542972644,0.8768360485936582
84.001,11.406947820289002,13.697704571809949,0.4277855841604913,0.9881337996163454,-0.43176650206495965,11.566728430347666,13.813753029433906,0.44473058876519733,0.9998575822037016,-0.4441791946442627,0.028577644035651453,0.15649931773901574,0.16034269388470582,0.013991422716556881,nan,nan,nan,1.0,0.0,0.0,nan,nan,nan,nan,nan,2.124721542972644,0.8768360485936582
84.05300000000001,11.442050745020653,13.716060275606813,0.41077212049282547,0.9885176325992197,-0.4203748631158909,11.61918731095861,13.840726329672549,0.42106999987602034,0.9999415190782883,-0.4295963371468941,0.028322869270463666,0.15900268586413036,0.16239583208177,0.013765751141876276,nan,nan,nan,1.0,0.0,0.0,nan,nan,nan,nan,nan,2.06032648540435,0.9407935554938044
84.236,11.442050745020653,13.716060275606813,0.41077212049282547,0.9885176325992197,-0.4203748631158909,11.61918731095861,13.840726329672549,0.42106999987602034,0.9999415190782883,-0.4295963371468941,0.028322869270463666,0.15900268586413036,0.16239583208177,0.013765751141876276,nan,nan,nan,1.0,0.0,0.0,nan,nan,nan,nan,nan,2.06032648540435,0.9407935554938044
84.25500000000001,11.58565483191569,13.78325721231764,0.34693052010877934,0.9903056345337042,-0.37930516477221576,11.720659601639857,13.88683853785694,0.3536464862197155,0.9976033985185734,-0.34801966579378246,0.028704814084062315,0.15780041420332377,0.15948631657894038,0.014043149612280792,11.183874535356004,13.774212291238534,0.9787375974518989,1.0,0.0,0.0,nan,nan,nan,nan,nan,2.0023410305235636,1.00707805284276
84.301,11.677691328801641,13.820403402472758,0.31024080713134633,0.9915736755951914,-0.35551818626099674,11.797510435744885,13.9118635982355,0.32154435143884097,0.9985436716627276,-0.35989598420607977,0.028924134980916432,0.1611940642554698,0.1621614353640783,0.013925545191808424,nan,nan,nan,1.0,0.0,0.0,nan,nan,nan,nan,nan,1.9614914160155004,1.0454506593441981
84.354,11.71492578342421,13.834260173943658,0.2962576789909016,0.9919821300953492,-0.3454339389971757,11.857702773838723,13.926691666809669,0.295455615156647,0.9990255614550633,-0.3258360807173427,0.029383811498925317,0.1637237906702555,0.1641226635660785,0.013807196988147823,11.342882714285047,12.668730949312696,6.646109776242304,1.0,0.0,0.0,nan,nan,nan,nan,nan,1.941252603391474,1.064536336439815
84.4,11.752376523895927,13.847560003490937,0.2826667004455013,0.992354578466486,-0.3355411856382261,11.839605259370789,13.813222774752914,0.2816510430524257,0.9928949498029206,-0.31895729762116426,0.02940995013573539,0.15730229012405053,0.15727553178646134,0.014004829287432614,nan,nan,nan,1.0,0.0,0.0,nan,nan,nan,nan,nan,1.9150449866387977,1.0893470057427312
84.45,11.808935814430377,13.866491997419468,0.2630150408052947,0.993281593948595,-0.32129778891577115,11.896029639185635,13.830629260459293,0.264007783458724,0.9948235506535411,-0.3209684611077792,0.029249828850584476,0.15987914584406937,0.15927347340711104,0.013777856553949702,nan,nan,nan,1.0,0.0,0.0,nan,nan,nan,nan,nan,1.9064631854540783,1.1166758943937327
84.503,11.86593672073952,13.884243979249229,0.24421964026811854,0.99423140262105,-0.30700365293201826,11.93448945693111,13.840882872071255,0.250614840082386,0.9959153948721945,-0.30315362313119737,0.029246751799388366,0.16159861895799746,0.1606007350231853,0.013979204894088066,nan,nan,nan,1.0,0.0,0.0,nan,nan,nan,nan,nan,1.8764303406266103,1.1411817591366618
84.551,11.904155580843021,13.895440516380335,0.2321493773208709,0.994707228380341,-0.29821816770001836,11.994622200233938,13.852354371204525,0.22770412788346484,0.9972185969092979,-0.31506413985164533,0.029591691801847578,0.16415557591473837,0.1625462143553729,0.013755552565440374,12.030385225604991,14.151507386673817,0.3279703199562056,1.0,0.0,0.0,nan,nan,nan,nan,nan,1.8619312095529512,1.1526095878107512
84.60000000000001,11.961775753574281,13.91130593452583,0.21473559043120422,0.9952752031606922,-0.2835476806119862,12.038467030383869,13.890001935159702,0.21414979500481612,0.9986855500405535,-0.3147667207625662,0.029573620327864505,0.15768882229237766,0.15591602627637632,0.013953955058079786,nan,nan,nan,1.0,0.0,0.0,nan,nan,nan,nan,nan,1.798535566457764,1.1898545948189245
84.65,12.000363017385125,13.921280966111528,0.20364810640111408,0.9955181119075108,-0.2731082154430152,12.100256424588077,13.897468676882342,0.19121752562880845,0.9991934147284266,-0.2331291370069171,0.030171282424193965,0.16028896300649886,0.15790100856899597,0.013873864352040738,nan,nan,nan,1.0,0.0,0.0,nan,nan,nan,nan,nan,1.798535566457764,1.2078995580533687
84.7,12.039075123828935,13.93078820265374,0.19293891724946807,0.9957290676172785,-0.26436029262694816,12.139516016208026,13.90496499393428,0.18109108878511648,0.9994191856644976,-0.24011284834434332,0.030166711785202416,0.16202080205962086,0.15922209968644613,0.01401908231684318,nan,nan,nan,1.0,0.0,0.0,nan,nan,nan,nan,nan,1.7960505634959918,1.2089012962151005
84.75,12.097356193715092,13.944198737950064,0.1774733877421807,0.996013526390764,-0.2525558120341479,12.197076155014557,13.918035679571434,0.17007264155590063,0.9996946099229705,-0.21547358064799735,0.02988079832201516,0.16459601584473585,0.16115864493241674,0.013790400112820823,nan,nan,nan,1.0,0.0,0.0,nan,nan,nan,nan,nan,1.7777432876497645,1.22656029996989
84.80000000000001,12.13633951864647,13.95259073730947,0.16754849736778654,0.9961869127279408,-0.24522813065283028,12.135684147581044,13.936826405522227,0.1596636536526379,0.9935490645993383,-0.24880334111526184,0.029846733118009592,0.1580772113844587,0.15472100402099795,0.014125907460594826,11.160241346810032,14.096942663551566,4.00241528569939,1.0,0.0,0.0,nan,nan,nan,nan,nan,1.7706658222486955,1.2328267620993913
84.85000000000001,12.194997736668498,13.964387481320822,0.15321828114400823,0.9968389075187236,-0.23346715046840294,12.193716474480539,13.947762856731492,0.14809434984107783,0.9953272517085945,-0.22124312357140194,0.029651813930071193,0.16069018656845271,0.15670296678328438,0.01383628684257331,nan,nan,nan,1.0,0.0,0.0,nan,nan,nan,nan,nan,1.7511000275773605,1.271151739511656
84.9,12.25387608739825,13.97527561270085,0.13960330634055834,0.9975472998798965,-0.22231416005720658,12.233116298014755,13.953556701945562,0.1396649921841986,0.996344434945558,-0.20405068612680358,0.02965196018068107,0.1624281774335514,0.1580249274384114,0.01403684172707626,nan,nan,nan,1.0,0.0,0.0,nan,nan,nan,nan,nan,1.7422196969209651,1.2749311462548534
84.95,12.293233700748559,13.982047019733077,0.13086658909314805,0.9978923741481198,-0.2159316138181191,12.292678098531775,13.960982644690903,0.12585996494307805,0.9975630642288529,-0.19304536700088623,0.02971731353978122,0.16501406030074067,0.15996106937744273,0.013805844004872902,nan,nan,nan,1.0,0.0,0.0,nan,nan,nan,nan,nan,1.716945815942424,1.2792638220332486
85.0,12.352404861129799,13.991499480350042,0.11824048440521912,0.9982438308234863,-0.20621006608315545,12.332281195715,13.965909031023797,0.1179433150687923,0.9981391166617074,-0.17900762610043938,0.029717004785053666,0.16673040599505023,0.16125519848321185,0.014006842814763944,12.84450989277795,13.930115697749134,0.9497686025886108,1.0,0.0,0.0,nan,nan,nan,nan,nan,1.716945815942424,1.2938022147138988
85.05000000000001,12.391930143151821,13.99734659969146,0.11014419277654557,0.9984024190267536,-0.20004285366952906,12.44494142160271,13.967208309364567,0.09997721380363744,1.0018930194557885,-0.18097141012142953,0.03019278632936903,0.16076727537431967,0.15544098265090764,0.0137765631267638,nan,nan,nan,1.0,0.0,0.0,nan,nan,nan,nan,nan,1.7098683809253494,1.2992445365993242
85.10000000000001,12.43150827223478,14.002842079316341,0.10230072590832395,0.9983996185835607,-0.19311700516175803,12.484822322926279,13.971122021082996,0.09219223086221229,1.0015986103618775,-0.1662937758298073,0.030192183319765985,0.16250508838290764,0.15676691808353585,0.013977984443906757,nan,nan,nan,1.0,0.0,0.0,nan,nan,nan,nan,nan,1.6764555357417048,1.3213010224279362
85.152,12.490950741239585,14.010448026838052,0.09108788242662147,0.9982662871522134,-0.18249551186530844,12.542706185194158,13.98154566020202,0.08798311605080221,1.001254454777428,-0.14985591971204384,0.02966420683413062,0.16509196271530827,0.15870823808430465,0.013754559617221029,nan,nan,nan,1.0,0.0,0.0,nan,nan,nan,nan,nan,1.6717971056652643,1.3275090915052448
85.2,12.550475414297136,14.017319957852632,0.0804385258211019,0.9982264767886612,-0.1741091249873171,12.582604514460654,13.985007324008562,0.08200752291822866,1.0010849335358267,-0.1474918718798463,0.02966320345727985,0.16680756843342984,0.16000771436588765,0.013956339080868544,13.29339919173527,13.43763095530729,2.9173786342268215,1.0,0.0,0.0,nan,nan,nan,nan,nan,1.6717971056652643,1.3277324932824928
85.25,12.590199944419755,14.021510298216425,0.0735978821912165,0.9982232613124955,-0.16901529671890067,12.711400185772298,13.94288996044589,0.07207713298661435,1.0047537619116822,-0.18879906075127117,0.029539373808314687,0.16083629369136962,0.1543748124199917,0.01373256527470795,nan,nan,nan,1.0,0.0,0.0,nan,nan,nan,nan,nan,1.6640064936232895,1.3359774223724803
85.30000000000001,12.62995221911485,14.025399789848239,0.06698359133725228,0.9980908017965457,-0.16252219149526942,12.751481981152619,13.945722077729766,0.06617736838070565,1.0038724233617882,-0.1438102949485422,0.029544402543559837,0.16257290175064373,0.15570708061881383,0.013934680396605214,nan,nan,nan,1.0,0.0,0.0,nan,nan,nan,nan,nan,1.6269659465657227,1.3617737962068965
85.35000000000001,12.68961383499463,14.030690681407313,0.05757091562917265,0.997818140527342,-0.15343610796599394,12.812099365328178,13.947813211448235,0.05414617096199592,1.0028129847510583,-0.1341725138277479,0.029711737338188462,0.1651593285638329,0.15765591957558575,0.013716864993861676,nan,nan,nan,1.0,0.0,0.0,nan,nan,nan,nan,nan,1.6373370032187475,1.3538531340354645
85.4,12.729410696476497,14.033868965629573,0.05156220874998636,0.9977492561840002,-0.1480247500819513,12.852150684954047,13.949924862961751,0.048203266430026925,1.0023141033244585,-0.13752080121039983,0.0297091269424852,0.16687385891718726,0.15896140617629492,0.01405821174146219,nan,nan,nan,1.0,0.0,0.0,nan,nan,nan,nan,nan,1.624664152836319,1.3695636510125297
85.45100000000001,12.789140692873511,14.038137752011412,0.04296895617516418,0.9977499775532852,-0.13964567329829464,12.825722546639367,14.025059405609607,0.035743692998924555,0.996413495602373,-0.13343976391955703,0.029965193715233086,0.16074760354191422,0.15336309439426027,0.01377189375981484,11.983626913350395,14.797321970770938,5.459284096246538,1.0,0.0,0.0,nan,nan,nan,nan,nan,1.615100950642093,1.3805077923203322
85.50200000000001,12.848922107394445,14.041836434923086,0.03490486705865745,0.9982687258629446,-0.13044255131859117,12.865563281232314,14.026433474150489,0.030328979015541876,0.9972025898572636,-0.13150084254937017,0.029963319881074233,0.16248231035900912,0.15470161866628038,0.013973482163026853,nan,nan,nan,1.0,0.0,0.0,nan,nan,nan,nan,nan,1.6069845796048454,1.4065053117437174
85.55000000000001,12.888813438519149,14.044002040996135,0.02983882397619687,0.9986339409686948,-0.12437056985192327,12.92534953411264,14.028284624652768,0.023396380369163694,0.9981489641351808,-0.1254761069717854,0.029945054811174585,0.16506857165677577,0.15665895666786145,0.01375077086673004,nan,nan,nan,1.0,0.0,0.0,nan,nan,nan,nan,nan,1.5985243710490789,1.4127381080419492
85.60000000000001,12.92872869335896,14.045937749303802,0.025006213957873304,0.9989190159505126,-0.11858846254141098,12.965270621973051,14.029164711027187,0.01873310801142969,0.9985954119179176,-0.09795649077833467,0.029947125855513273,0.16678323988633367,0.15797112008348443,0.013952691776323382,nan,nan,nan,1.0,0.0,0.0,nan,nan,nan,nan,nan,1.5891620817902898,1.4193538262602272
85.65100000000001,12.988635964396256,14.048429410918223,0.01815805577505056,0.9992286745618202,-0.11130230158943329,13.051652014042261,14.105724816267154,0.017465288054439476,1.0011562288239415,-0.10593023460448052,0.02944825104206861,0.16052708921110598,0.15240114434529609,0.013729189488539406,13.253000213967441,14.794322266764215,2.3139244233027525,1.0,0.0,0.0,nan,nan,nan,nan,nan,1.5925404627590163,1.4147063313473949
85.7,13.028590745321901,14.049828269897802,0.013808569323270922,0.9992899120278768,-0.10713038844224931,13.091691338796231,14.106383288522638,0.013660956168322524,1.000998479897502,-0.0873701052263915,0.0294496548975249,0.16226033091352812,0.15374769497290072,0.013931441561355921,nan,nan,nan,1.0,0.0,0.0,nan,nan,nan,nan,nan,1.5835791042134382,1.415927427733704
85.751,13.088532945458175,14.051553333128767,0.0075765158915926546,0.9992746873763938,-0.10172523476645556,13.151139133974942,14.110116267822143,0.011412764612660277,1.000818375193499,-0.08915971326707264,0.029150227362910387,0.16484563855707718,0.15571608864722183,0.013714163173769913,nan,nan,nan,1.0,0.0,0.0,nan,nan,nan,nan,nan,1.5855083195277202,1.4144215352038656
85.80000000000001,13.148485162218403,14.05285304242687,0.001638312016694464,0.9992935949884696,-0.09697842565594698,13.191168504805328,14.110534665208284,0.007363090338472044,1.0007262999763202,-0.09635817913432293,0.029147941438105583,0.1665594994711015,0.15703614242487593,0.013913822703869438,nan,nan,nan,1.0,0.0,0.0,nan,nan,nan,nan,nan,1.5816698866541212,1.4187593634297986
85.85000000000001,13.18845789209781,14.053495189896893,-0.002152782401959973,0.9993129708623079,-0.09338011929896807,13.251487912668358,14.109291657484999,0.0003559115498799059,1.0006139244360464,-0.07867343207026341,0.02929604632878288,0.16911124588572535,0.15896329186225958,0.013912943155866676,13.717641426088303,14.146276810697865,0.7846203374013813,1.0,0.0,0.0,nan,nan,nan,nan,nan,1.572835944222299,1.4278332165143413
85.9,13.2484227700028,14.054138487313004,-0.007574075537286312,0.9993621628845604,-0.08822543851156214,13.339583228551787,14.113757261650633,-0.00393236607454206,1.003624381388601,-0.09626063099155864,0.029292237363343663,0.16192222599470174,0.15284087035155408,0.014050278729049634,nan,nan,nan,1.0,0.0,0.0,nan,nan,nan,nan,nan,1.5695522900645442,1.4314233010711153
85.95,13.28839827690965,14.054363660917897,-0.011000968491468316,0.9992098491670454,-0.08403344580090728,13.39832446133368,14.12278446821548,0.001507953729504852,1.0027800712646624,-0.09088325548972961,0.028379381061645136,0.1645050303968502,0.15482049391379385,0.013817800415961054,nan,nan,nan,1.0,0.0,0.0,nan,nan,nan,nan,nan,1.5514590372654735,1.440303963943092
86.0,13.328367316140998,14.054432814530843,-0.01427291412693217,0.9990701797948178,-0.08073329240660919,13.438430807424899,14.122807297145538,-0.0012048931426615894,1.0022835502723735,-0.05158424402107581,0.028383928381662503,0.1662175099520397,0.15614832620636873,0.014018785645175029,nan,nan,nan,1.0,0.0,0.0,nan,nan,nan,nan,nan,1.5629749703452143,1.4311819576719336
86.05000000000001,13.388313841415822,14.054255434747276,-0.019022787657144512,0.9989786480779627,-0.07849595032757384,13.499080572291454,14.118808456971166,-0.01025645751644877,1.0016845187901215,-0.05507260895617419,0.02873644762895404,0.16876831466132133,0.1580861609629908,0.013790342436321837,14.252070681077377,14.3892086877429,2.2987367198988347,1.0,0.0,0.0,nan,nan,nan,nan,nan,1.5753069728903368,1.4202253405900593
86.10000000000001,13.428275099379535,14.053957268025794,-0.022126799940593196,0.9989612100322175,-0.07674148037937074,13.616897924097533,14.144401696098392,-0.013676502553422678,1.0063195155344977,-0.0747855101391466,0.02872283895173945,0.16163179146006557,0.15208995101707748,0.01398810606998071,nan,nan,nan,1.0,0.0,0.0,nan,nan,nan,nan,nan,1.5611394323216594,1.4361057496659864
86.15100000000001,13.488208012360158,14.0532539169574,-0.02658639934981042,0.9986808144349439,-0.0722507597988782,13.677391469047894,14.1422458062325,-0.01958001286471367,1.0047046563282231,-0.08925564355637843,0.028841457924363587,0.1642145171054744,0.15407927648323436,0.013763575621712208,nan,nan,nan,1.0,0.0,0.0,nan,nan,nan,nan,nan,1.5409453387753158,1.4420788772024766
86.20100000000001,13.548112514567478,14.05225728094775,-0.030719711732287897,0.9983520699413899,-0.06618928186412572,13.717561897345785,14.141417617501165,-0.022825440209796707,1.0038017174495544,-0.06060697354984747,0.02884375827782731,0.16592684618323078,0.15541380765157753,0.013965337400430213,nan,nan,nan,1.0,0.0,0.0,nan,nan,nan,nan,nan,1.5285087922783693,1.4591247685018358
86.25,13.58803852442375,14.051437893896114,-0.03328103386674963,0.998253139341918,-0.06290164664069973,13.778293722895507,14.134637878097772,-0.03400392477333458,1.0027150961333906,-0.06159418901614437,0.02932816524121399,0.16847780822746464,0.15736087170653956,0.013743738907135159,nan,nan,nan,1.0,0.0,0.0,nan,nan,nan,nan,nan,1.5362453574440724,1.4539069340996613
86.301,13.64791870945608,14.049988712135143,-0.036867302849996786,0.9982289429138662,-0.057136465571091276,13.949082894791474,14.127836015630187,-0.037149902107628474,1.0085278607514576,-0.024010732859725485,0.029336144938871937,0.1622486605255432,0.15214864334273004,0.014123154924664786,14.8604772695704,14.064275922147571,4.225829533441426,1.0,0.0,0.0,nan,nan,nan,nan,nan,1.520474779359291,1.4728016213262642
86.351,13.687829841626217,14.048884387758735,-0.03907093470765371,0.997943034048979,-0.054113436966056784,13.989678653942846,14.122842844805191,-0.04353428634915835,1.0068311456705588,-0.052751814838281605,0.02966516631424188,0.16396864299007605,0.1534664095923163,0.013935085011607241,nan,nan,nan,1.0,0.0,0.0,nan,nan,nan,nan,nan,1.5216711028639927,1.453740610929789
86.40100000000001,13.747662179286861,14.04703294505918,-0.04214059457612616,0.9974587177170262,-0.04849902854908275,14.029898277969119,14.121058225793547,-0.04590176042684968,1.0054720930879812,-0.041581577990134344,0.029665374099115654,0.16568080939943283,0.15480703522437522,0.014076162319508721,nan,nan,nan,1.0,0.0,0.0,nan,nan,nan,nan,nan,1.502754716258114,1.4774055854948362
86.45,13.787535946358359,14.045676987051062,-0.043983131627667184,0.9973275633426063,-0.04467617408271071,14.0902059297979,14.117121976686104,-0.05005954704304072,1.0038429929906953,-0.05664217473138637,0.029764939141979984,0.16823180871016097,0.15676248989849578,0.013840325924424555,nan,nan,nan,1.0,0.0,0.0,nan,nan,nan,nan,nan,1.5053438676253683,1.4786199872209154
86.5,13.827403435136894,14.04422995651634,-0.04567247305021424,0.997299571672358,-0.040562696082197404,14.130300327205253,14.115092763128,-0.052345655508936335,1.003074432889496,-0.054781070665327614,0.0297638209794437,0.16992023799605688,0.1580773135381962,0.01404096053233906,15.032333923337381,14.463091762295988,3.3551472442270978,1.0,0.0,0.0,nan,nan,nan,nan,nan,1.4951802265905272,1.4934787788980795
86.55600000000001,13.88720084607582,14.041901600432606,-0.04788422664516078,0.9973783562405277,-0.034293995611166916,14.284531154843187,14.144875271242753,-0.054720839590732595,1.0075838246434055,-0.02820666492890614,0.029717437265430184,0.16345983384885335,0.15273139958757295,0.013806112459196414,nan,nan,nan,1.0,0.0,0.0,nan,nan,nan,nan,nan,1.4931494552970954,1.4837541423567355
86.601,13.946988439417028,14.039401413803633,-0.049769655855872785,0.9971405086009785,-0.029717677065383436,14.324757550061115,14.142659588187449,-0.05636642506788237,1.0060478668816513,-0.042035311352225914,0.029714912102039172,0.16516958958950864,0.15407907671177276,0.014007213657424088,nan,nan,nan,1.0,0.0,0.0,nan,nan,nan,nan,nan,1.4931494552970954,1.4837541423567355
86.65100000000001,13.986832360033361,14.037648416727992,-0.05088180284752635,0.9969819458430287,-0.02658731983577866,14.384899843829402,14.141107768264716,-0.05547661529905934,1.0042092628576726,-0.006499985446285459,0.02954671046703731,0.16771874707790504,0.15604452001875968,0.013780183255722304,nan,nan,nan,1.0,0.0,0.0,nan,nan,nan,nan,nan,1.4870205263572935,1.4941885512377175
86.70200000000001,14.046587610396882,14.034902632869114,-0.05236999467197319,0.9969541361016174,-0.024050909308751842,14.424996636370143,14.13886760758427,-0.05667728315586684,1.0033406543387469,-0.02115400713912428,0.029544639590852434,0.16940681711251693,0.15736586815771855,0.013981669203451196,13.569591981048502,13.738693955920679,3.206016925038553,1.0,0.0,0.0,nan,nan,nan,nan,nan,1.5049446627609349,1.4815697637631284
86.751,14.086422987571513,14.033001231374492,-0.05329061987685495,0.9970236139415608,-0.022301755316790385,14.396364372383474,14.097010190260752,-0.060777239122745456,0.9972389827666774,-0.038491528521855015,0.029718162448589564,0.16302567679995073,0.15212303813084024,0.013754407441624653,nan,nan,nan,1.0,0.0,0.0,nan,nan,nan,nan,nan,1.498218062302729,1.4907351570611744
86.80000000000001,14.126262701797843,14.031048275607588,-0.05412562414170488,0.99733754698396,-0.019757191029198623,14.436184811388273,14.0945704464367,-0.06192061234899615,0.9977714425804843,-0.017402723591712993,0.029719916780774597,0.1647375743583122,0.15347609523194408,0.013956263958947616,nan,nan,nan,1.0,0.0,0.0,nan,nan,nan,nan,nan,1.4940507663926421,1.5133455185491356
86.85000000000001,14.186053005756127,14.028031659781488,-0.05516862929029273,0.9980165738904692,-0.016030522596660896,14.496058316848615,14.086002279871844,-0.06749735461329953,0.9984070910943178,-0.020775320538341593,0.03016525280031451,0.16729145239778861,0.1554495510915793,0.013735778879951605,nan,nan,nan,1.0,0.0,0.0,nan,nan,nan,nan,nan,1.4997186496783554,1.5061916836929774
86.90100000000001,14.245872225685716,14.024922422168807,-0.0560074484817275,0.9985016328805649,-0.012291102200887295,14.535906643925747,14.083306635380884,-0.06809594935660668,0.9987097400925342,-0.020564282828803626,0.030164816016346144,0.1689833643204021,0.15677625325483344,0.013937940854253778,nan,nan,nan,1.0,0.0,0.0,nan,nan,nan,nan,nan,1.4887533606820742,1.5153296725930423
86.95200000000001,14.285763113565684,14.022805269167248,-0.05643434062679692,0.9987472442290308,-0.009725430172979242,14.554237707754059,14.03466477074854,-0.06809476075470977,0.9966780480516361,-0.0013544999031747714,0.030078446730748117,0.16252292082758718,0.15150389082090712,0.01371616254712663,14.158701259623179,13.577597018788593,1.4904759288200495,1.0,0.0,0.0,nan,nan,nan,nan,nan,1.487177686904508,1.5160619123713328
87.001,14.345616283534671,14.01957223631644,-0.05691698205087892,0.9992023461405142,-0.0071535912276636275,14.594019452540714,14.031955360695932,-0.06789453574690053,0.9973337251953879,0.0009156400693895743,0.03007869279292314,0.1642371914351604,0.15286275838026595,0.013918627699004975,nan,nan,nan,1.0,0.0,0.0,nan,nan,nan,nan,nan,1.4976534960338874,1.5118472769620657
87.052,14.385532139504154,14.01738387749186,-0.05717378624410552,0.9994778409572296,-0.006004163899034386,14.653726659092124,14.031073827447665,-0.06474203154196267,0.9981222119102883,0.013382895426567103,0.029784954737459197,0.16679573483057664,0.154844529171429,0.013703011960952695,nan,nan,nan,1.0,0.0,0.0,nan,nan,nan,nan,nan,1.4976055580103802,1.510061497294548
87.10000000000001,14.425456170791362,14.015173098238312,-0.05739465115050078,0.999685352563775,-0.005441726534037437,14.693572172159882,14.028497324822393,-0.06414377538197114,0.998493595600554,0.01137857237066551,0.02978508633438852,0.16849124964185733,0.1561763644269478,0.013905712379995572,nan,nan,nan,1.0,0.0,0.0,nan,nan,nan,nan,nan,1.5058617209328404,1.4995337636318724
87.15,14.485351817198746,14.01182053407408,-0.057721112156407996,0.9998863598561896,-0.005409213897209022,14.740721592526496,13.979119965235608,-0.06174208148644045,0.9983347315652527,-0.002974764551384504,0.029564717974209023,0.1619619022845333,0.15087437501551482,0.013687986394980547,14.61290206611096,13.493940401291535,1.0923176524110316,1.0,0.0,0.0,nan,nan,nan,nan,nan,1.5051172416481446,1.4992394120657433
87.20400000000001,14.545255735529185,14.008431310252158,-0.05803213986258651,1.0000512212733184,-0.004950523577118252,14.800517322846616,13.975418679260633,-0.06217869828858679,0.9988177451237451,-0.007605526531718551,0.029563994631390905,0.16453354104704973,0.15291696276931685,0.013991823767975416,nan,nan,nan,1.0,0.0,0.0,nan,nan,nan,nan,nan,1.4979945187978418,1.5059905890561684
87.25,14.585195529759263,14.00615468150124,-0.05821278854639245,1.0001304495133034,-0.004195648775444638,14.840405738886796,13.97386031603411,-0.060571192729948826,0.9990668923347423,0.0024047314352228905,0.029480636336031787,0.16623962136618559,0.1542283476458252,0.013678938596652099,nan,nan,nan,1.0,0.0,0.0,nan,nan,nan,nan,nan,1.4979945187978418,1.5059905890561684
87.30000000000001,14.625137118107038,14.003866126405292,-0.058368075371963625,1.0001799680248282,-0.0038713929666345597,14.880296906975651,13.971438173684874,-0.061556478892549116,0.9992553042257748,-0.02959646259983971,0.029476502146390027,0.16793767943449406,0.15556517417031154,0.013882069008925723,nan,nan,nan,1.0,0.0,0.0,nan,nan,nan,nan,nan,1.505203271187824,1.4976300407009044
87.35000000000001,14.685050607529018,14.000413515890179,-0.0585788120612363,1.000214060413826,-0.0027373552932572626,14.94013191029093,13.967107230858574,-0.06375297017173054,0.9994810157061634,-0.03371551719068775,0.029530023991246223,0.17046766974526506,0.1575127436996891,0.013671269270698647,14.671028038325018,13.583206968637228,0.795779843452138,1.0,0.0,0.0,nan,nan,nan,nan,nan,1.4903530814932429,1.5119522295110996
87.4,14.724992978028766,13.998101241859844,-0.058647993991023,1.0002190540265858,-0.0010378739709307337,14.951927767025722,13.929881373772638,-0.06423491377878719,0.9979861356731827,0.001599911996816591,0.029551946373004793,0.1630644140960968,0.1516040780939197,0.013867668850493911,nan,nan,nan,1.0,0.0,0.0,nan,nan,nan,nan,nan,1.4847663652740357,1.5168877605038327
87.45,14.784908043489473,13.99462015784736,-0.058643261771893114,1.0003179080970996,0.0,15.011723426038083,13.927387472358511,-0.06143175181785577,0.9985295146849628,0.026988433899027914,0.02943088075338453,0.16562806785287826,0.15360212424726435,0.013735024270014528,nan,nan,nan,1.0,0.0,0.0,nan,nan,nan,nan,nan,1.5001411136272,1.5060983454659513
87.50200000000001,14.844830231296351,13.99112636638983,-0.05865098818445794,1.000422403401085,-0.000904576716432903,15.051591756974267,13.924924964593107,-0.061466067645785216,0.9988318722438282,0.02072731645646444,0.029430248299541772,0.16732812270338968,0.15494410275149384,0.013937379525474585,nan,nan,nan,1.0,0.0,0.0,nan,nan,nan,nan,nan,1.5101282159840559,1.491267046137965
87.551,14.884780140924775,13.98879149134087,-0.058711727142543975,1.0004491361982333,-0.0018262148324888216,15.11159269439938,13.92803747647141,-0.05353567256367153,0.9991868956476209,0.015730310470132063,0.028822660858786736,0.16986225952763828,0.1568991259681437,0.01371959877284771,15.658273780168953,13.740278537786699,1.2000062848131272,1.0,0.0,0.0,nan,nan,nan,nan,nan,1.5101282159840559,1.4937059640507195
87.601,14.94470577788797,13.985281613059026,-0.0588883047343146,1.0004594046602704,-0.003961675738174926,15.208257126808968,13.908980427596676,-0.05312187256012856,1.002993787924406,0.015629064907103443,0.028829802504291537,0.1625540607039707,0.15107585790302897,0.013918331363463684,nan,nan,nan,1.0,0.0,0.0,nan,nan,nan,nan,nan,1.5192451203529955,1.4835646446880209
87.65,14.984650303477506,13.982936612646979,-0.059084318410039936,1.000213009603904,-0.005438890560172826,15.268270629733658,13.903406677291107,-0.05554499754744224,1.0022578477177813,0.0010604040826273737,0.029052111033870502,0.16512243648328592,0.15308059053660916,0.013702980430675955,nan,nan,nan,1.0,0.0,0.0,nan,nan,nan,nan,nan,1.5137745296570102,1.4774648691574306
87.7,15.024584185090848,13.980586850322911,-0.05932356984227441,0.9999856115384663,-0.006080025064232345,15.308294551599866,13.901182776983175,-0.05561242681339529,1.0018063976038267,-0.0055393554585624755,0.029051451468304266,0.16682547485838678,0.1544268090667401,0.013905834267959499,nan,nan,nan,1.0,0.0,0.0,nan,nan,nan,nan,nan,1.5050821169755044,1.4882522100729212
87.75,15.084471049026748,13.977052198659276,-0.05968932562332261,0.9997519609149258,-0.00600450219971155,15.3683891530507,13.90066685593246,-0.05338967713905741,1.0012659549576306,-0.017906456141914072,0.02879560389739828,0.16936378409605815,0.15638818537532662,0.013834210013860046,nan,nan,nan,1.0,0.0,0.0,nan,nan,nan,nan,nan,1.502695022356868,1.4919033351532298
87.801,15.14434650572867,13.973503334081057,-0.060036012782238905,0.9996161538605055,-0.005570695036497761,15.360197524832712,13.876321746537338,-0.053373420767648394,0.9978762687767614,0.0008107926090248806,0.028810862789817548,0.1619846593885592,0.15051997146622825,0.013968909449902572,14.924389790410467,13.650819236857794,0.9973304162342248,1.0,0.0,0.0,nan,nan,nan,nan,nan,1.5015943733046924,1.4945620143961125
87.85000000000001,15.18426298026788,13.971128046301178,-0.06026293151177773,0.9997319164308547,-0.005857122109493794,15.419892509448795,13.870247072220623,-0.057420342397422434,0.9983737368121836,-0.00873625525396392,0.029079144268199464,0.16455448398286143,0.1525316299928364,0.013819808572277114,nan,nan,nan,1.0,0.0,0.0,nan,nan,nan,nan,nan,1.5137478052350457,1.4924158227485864
87.9,15.224185602041866,13.968744709119536,-0.060497161859584044,0.9998814027874448,-0.0056421221538240736,15.459764526487403,13.867945368900727,-0.05851071663909435,0.9987040222649065,-0.023178015730364883,0.02907692071007402,0.1662594510111518,0.1538822836022674,0.014020942609953286,nan,nan,nan,1.0,0.0,0.0,nan,nan,nan,nan,nan,1.50309244835338,1.5019236999826637
87.95100000000001,15.284077512123734,13.965155267726367,-0.060787724208254394,1.0000344615842278,-0.00404649755309046,15.519679361428587,13.86675540139145,-0.05589485177554643,0.9991005677097762,0.004718023477852277,0.02887150315691379,0.16880177338476024,0.15585043575090068,0.013792460886787252,nan,nan,nan,1.0,0.0,0.0,nan,nan,nan,nan,nan,1.4949246004814092,1.5091654903832206
88.0,15.324008866995745,13.962752794717352,-0.06093385653927495,1.00009598959055,-0.0037544097786459873,15.424892871681347,13.879506201360075,-0.056282447361354127,0.9901719597464314,-0.0034543332197861827,0.028867545374985634,0.16151062634550284,0.15005651924208985,0.013987146094963713,14.237384037670482,14.028092302567272,6.178626609519886,1.0,0.0,0.0,nan,nan,nan,nan,nan,1.5091550068410915,1.4937904193034406
88.051,15.383918376436366,13.959133085598726,-0.06117573505022502,1.0006393810659104,-0.004051438503993332,15.484387929494112,13.879522538200968,-0.051683757925341745,0.9927010654577866,0.020864564728035905,0.028554418881957467,0.16408667084171188,0.15207376390393598,0.013835482316771628,nan,nan,nan,1.0,0.0,0.0,nan,nan,nan,nan,nan,1.5174606527801595,1.5107065192369702
88.101,15.44387442964582,13.955493970168176,-0.061467841533305506,1.001364535360016,-0.005889211720332401,15.524058843089048,13.877480335406045,-0.05070532539933347,0.9941929686249821,0.019166043111876557,0.02855505152650071,0.16579659301927657,0.15342784133901619,0.014174864287938124,nan,nan,nan,1.0,0.0,0.0,nan,nan,nan,nan,nan,1.531400667207627,1.4915659180387264
88.15,15.483862817180224,13.953056612915844,-0.06174227721429371,1.0016512472847698,-0.00741930650505441,15.583687231016082,13.874832204073316,-0.05276991801966702,0.9959832393617084,-0.045369409429413664,0.02850718487080494,0.16834701795958482,0.15540121002255355,0.013875358472809383,nan,nan,nan,1.0,0.0,0.0,nan,nan,nan,nan,nan,1.5298427017567613,1.4889385255567567
88.2,15.523858917472888,13.950610368779861,-0.06204159284422216,1.0017980939327298,-0.006886253458224604,15.623478894890235,13.872715571142631,-0.052883161945147965,0.996829296677797,0.014159176713895135,0.02851410614157275,0.1700362503592168,0.15672859175089932,0.014075556275098293,16.009568579941934,14.257828445213619,1.0751652080824714,1.0,0.0,0.0,nan,nan,nan,nan,nan,1.4980827951305145,1.5155284580047392
88.25,15.583858335194561,13.946924938689909,-0.06240500237951863,1.0018880500841383,-0.006360994816976761,15.723312882315765,13.905832583664521,-0.05018769471385821,1.00008053691858,0.005085363700101187,0.028305313329059723,0.16356189941655036,0.15157761331225317,0.013836242342189964,nan,nan,nan,1.0,0.0,0.0,nan,nan,nan,nan,nan,1.520270129498813,1.4909614868542849
88.30000000000001,15.623856153823436,13.94445591088581,-0.06268177307674697,1.0017629068862592,-0.007239886663582331,15.763266371811833,13.903831611408876,-0.05045984293680706,1.0001074554593703,-0.020364813114838336,0.02830247453494815,0.16527422735785896,0.15293610522853188,0.01403694864825943,nan,nan,nan,1.0,0.0,0.0,nan,nan,nan,nan,nan,1.515553992882522,1.4859198759022985
88.35000000000001,15.683836988617589,13.940734263112976,-0.06313498332663475,1.0014759501823183,-0.0073704797144171314,15.823043100620318,13.897257514515925,-0.053990307141063,1.000139030185547,0.0018522325154794665,0.02862685243717906,0.1678278676975995,0.15491606621320775,0.013806140443764573,nan,nan,nan,1.0,0.0,0.0,nan,nan,nan,nan,nan,1.5046703364097689,1.4967174039797118
88.4,15.723814700991607,13.938241060178548,-0.06342201830804128,1.0013124652166612,-0.007138549095411692,15.862989514762873,13.895081600821289,-0.053876895885921705,1.000153879998239,0.03297369511427642,0.028630960897402545,0.1695190932605303,0.15624759346372985,0.014004419628723407,nan,nan,nan,1.0,0.0,0.0,nan,nan,nan,nan,nan,1.507940668975903,1.4933453957257699
88.45100000000001,15.783768849932786,13.93448164144573,-0.06387334498469802,1.0011010981354524,-0.008218388280216917,15.932506830063666,13.905519692161885,-0.057479511466921096,1.0007219398598566,-0.001669228349701561,0.028954225658348518,0.162975505739603,0.15105040677011683,0.013986663438060388,15.977449019985416,14.086352844102503,0.16679484513529028,1.0,0.0,0.0,nan,nan,nan,nan,nan,1.5202638646997102,1.480969956563975
88.5,15.823730546119057,13.931961593083575,-0.0642120368714601,1.0009564895297767,-0.00818093269003756,15.972468008513722,13.903211160245528,-0.05778923485113108,1.0006184737524355,0.0012666267334582651,0.02895442456866016,0.1646877745170278,0.15241361150890076,0.014125099410151372,nan,nan,nan,1.0,0.0,0.0,nan,nan,nan,nan,nan,1.4998452360963623,1.499648308589477
88.55000000000001,15.883660832651206,13.92816174498533,-0.06465315244786149,1.00074995429136,-0.0068264713343513085,16.0323955572215,13.899602244946667,-0.05898494456804926,1.0004941542064572,-0.026595291336494943,0.02896241950914642,0.1672423541437102,0.15440060985423293,0.013882809097970293,nan,nan,nan,1.0,0.0,0.0,nan,nan,nan,nan,nan,1.4873466531339838,1.4993672351241045
88.601,15.943578609327826,13.924338253135042,-0.06498297691162407,1.00058575602934,-0.004243689940176561,16.072344747118503,13.897237234158542,-0.05946139550357721,1.0004350983452797,-0.010379157536734854,0.028963897493580533,0.1689347893178689,0.15573656659630844,0.014082731441040906,nan,nan,nan,1.0,0.0,0.0,nan,nan,nan,nan,nan,1.4873466531339838,1.5127746171141094
88.65,15.983518522427433,13.921777146161547,-0.06511800137775427,1.000506479022841,-0.0029537065934151694,16.120325132530105,13.904682603484886,-0.05737861595956906,0.999521942821493,0.0038721244629592016,0.028851747508539582,0.162333143593692,0.150496744812205,0.01384197710267509,15.99806819535691,14.003703573499818,0.08888854297441165,1.0,0.0,0.0,nan,nan,nan,nan,nan,1.4928988296062122,1.5073778533081492
88.70100000000001,16.043424047298387,13.917918441022595,-0.06527178711134911,1.0004806178957424,-0.002531358588136642,16.160241881558818,13.902392921572611,-0.058246587231205904,0.9996583999729455,-0.03624262155283878,0.02884677691857913,0.16404554008386601,0.1518646580941888,0.01404243735911995,nan,nan,nan,1.0,0.0,0.0,nan,nan,nan,nan,nan,1.5028183033574471,1.5002217489872
88.75200000000001,16.08336056210793,13.91533638121491,-0.06533768193893248,1.0004813413907054,0.0,16.220064216786607,13.897704690946354,-0.060144330945694165,0.9998216761008162,-0.01443201738254924,0.028957050062743364,0.16660172238024976,0.1538588337326896,0.013810696084948825,nan,nan,nan,1.0,0.0,0.0,nan,nan,nan,nan,nan,1.4903195177283426,1.517664691510628
88.80000000000001,16.12329631934364,13.912748554617245,-0.06533433063900106,1.0004701380589354,0.0,16.259985079586055,13.895293087774542,-0.06040304409377395,0.9998985366310443,0.002605411393279999,0.028958725187085935,0.16829603124801545,0.1551992515181128,0.014011599188010005,nan,nan,nan,1.0,0.0,0.0,nan,nan,nan,nan,nan,1.4903195177283426,1.5118473309746465
88.85300000000001,16.18319791093464,13.908857964333121,-0.06526522684154337,1.0004369322249729,0.00135551904510663,16.319908026422166,13.89239332813248,-0.059642508990295884,0.9999904750073675,0.0025349711196707148,0.028895307622398784,0.17082044488212458,0.1571509316214192,0.013783821118312684,15.927091400458673,13.837883321412518,0.563634816351584,1.0,0.0,0.0,nan,nan,nan,nan,nan,1.4963316500849673,1.5056096901957852
88.9,16.223130798272095,13.90626002439788,-0.06520642149756985,1.000410259744055,0.0015218358986133114,16.318702654528497,13.885367836948372,-0.059253276769591245,0.9974864459135726,0.009686291635247346,0.02890002951493614,0.1633596694151052,0.15129271661238608,0.014120328411893453,nan,nan,nan,1.0,0.0,0.0,nan,nan,nan,nan,nan,1.4970083946461203,1.5046576067552944
88.95,16.283031590507505,13.902359166134822,-0.0651155162491038,1.000535040546143,0.0014098823747389778,16.378466975245097,13.881891546426163,-0.0584485511974302,0.9982840888413499,0.021667021428435913,0.028895500353946876,0.16591833823926153,0.15329430675155725,0.013827051713160367,nan,nan,nan,1.0,0.0,0.0,nan,nan,nan,nan,nan,1.503975387292413,1.5053283790947078
89.0,16.34294374154953,13.898455502760289,-0.06505611585066454,1.0006941406332686,0.0,16.41833395125298,13.879554232492998,-0.058565283854058674,0.9986753982466814,0.007267449719920999,0.028893781460271672,0.16761527248860028,0.1546392096043583,0.014027695753824596,nan,nan,nan,1.0,0.0,0.0,nan,nan,nan,nan,nan,1.5085289581992432,1.4984676749624781
89.05000000000001,16.382888645875752,13.895852398765562,-0.06504252970985819,1.0007443058900916,0.0,16.47817903362633,13.87637407423207,-0.0578331446590381,0.9991444028593657,0.008532899660552587,0.02886584253700325,0.17014467524672627,0.15659781222653113,0.013879057454021976,16.877412727937266,14.10391646644059,0.7604734302261611,1.0,0.0,0.0,nan,nan,nan,nan,nan,1.50174735504746,1.504141579985933
89.10000000000001,16.422834699170558,13.89324938388312,-0.06502790004099501,1.0007589587546115,0.0,16.559471124018067,13.89412309652578,-0.05771308373749395,1.0018744071610233,-0.0017970775273561165,0.028853244554368558,0.16279041068108055,0.15081652022006947,0.01407505950086452,nan,nan,nan,1.0,0.0,0.0,nan,nan,nan,nan,nan,1.5023804611024376,1.502144239949934
89.15,16.48275041919448,13.889345715923545,-0.06500208435045696,1.0005961582460596,0.0,16.619949910147934,13.899590670528376,-0.0472871594290769,1.001489713680983,-0.008956881905606524,0.028034846154037958,0.16535490885934573,0.15282423621624586,0.013836167409139183,nan,nan,nan,1.0,0.0,0.0,nan,nan,nan,nan,nan,1.4939981295593912,1.5022428382299569
89.2,16.542651064730876,13.885443613822853,-0.06497806393010497,1.0003578309422325,0.0,16.6599619348908,13.897694576962257,-0.04731540261271272,1.0012350880789627,0.001386199915610278,0.02803613704143352,0.16705574098009038,0.15417280676242662,0.01411921961489083,nan,nan,nan,1.0,0.0,0.0,nan,nan,nan,nan,nan,1.5070764558516068,1.4902441066938126
89.25,16.58257829867907,13.882842341214655,-0.06501438667376273,1.0002460094151626,0.0,16.71992382630395,13.894116825772285,-0.04867156775276004,1.0009295341190882,0.0024612930426675217,0.02810006736924291,0.1695908697495715,0.15613682829549316,0.013874614956550194,nan,nan,nan,1.0,0.0,0.0,nan,nan,nan,nan,nan,1.5112858079926328,1.4867368769548994
89.301,16.642462362396962,13.878939764202498,-0.0651514436325215,1.0001302588276013,-0.0028194319209660697,16.835083371885354,13.890024262848081,-0.04920429863439412,1.0058176960444258,-0.018118362738982468,0.028096134510448453,0.16217512866979814,0.15030356433250905,0.014152732105563105,17.460921949395285,13.874858024729757,1.8640788605745027,1.0,0.0,0.0,nan,nan,nan,nan,nan,1.493118666864055,1.490818832678912
89.352,16.682374442885212,13.876337953453337,-0.06526219766079652,0.9997494948159849,-0.0026569850135036354,16.895036676770193,13.881378761852805,-0.05620933930420291,1.0043378453673528,-0.01884043918478158,0.02861743727505713,0.1647414098755364,0.1523182069909824,0.013906572975896982,nan,nan,nan,1.0,0.0,0.0,nan,nan,nan,nan,nan,1.484152558465927,1.5040076008398915
89.40100000000001,16.74221597739681,13.872434044714883,-0.06537491790767297,0.9993070980052666,0.0,16.935138178488614,13.879125157644731,-0.05614422236837901,1.0034943837811066,-0.005238710751112979,0.02861894441791169,0.16644359762124686,0.15367129808911864,0.014105948827240039,nan,nan,nan,1.0,0.0,0.0,nan,nan,nan,nan,nan,1.484152558465927,1.5040076008398915
89.45100000000001,16.78209918422318,13.869830311367854,-0.06539499011107291,0.9991319841705998,0.0,16.994950230913588,13.870437749374249,-0.06337554291393488,1.0024832897024176,-0.029805051462890364,0.02908149443234394,0.16898100544588462,0.15564228283227147,0.013865782408293224,nan,nan,nan,1.0,0.0,0.0,nan,nan,nan,nan,nan,1.4905880369161302,1.4999277879593718
89.5,16.841914398181085,13.86592378978482,-0.06531952039599104,0.9989891334014261,0.002895491148790406,17.034964735804188,13.867908349447605,-0.06278080340038272,1.002005740372183,6.367597157534819e-05,0.029085021857003096,0.17066102369408978,0.15696882132992282,0.014065715261743538,16.664899028169643,14.357317323726262,1.3617205949774394,1.0,0.0,0.0,nan,nan,nan,nan,nan,1.4710522009739888,1.5223727416524593
89.552,16.881788662156655,13.86332018635486,-0.06516474971737918,0.9989598938318283,0.0042176497028247745,17.055721276327475,13.90647639882238,-0.06429210809785024,0.9990127054772727,0.001427946749157109,0.029234418658582503,0.16407789478280244,0.1517838345924918,0.013920712856077114,nan,nan,nan,1.0,0.0,0.0,nan,nan,nan,nan,nan,1.4842440776871486,1.510513225911394
89.60000000000001,16.94160466239625,13.8594171487092,-0.06486347134770577,0.9991581312270552,0.005624765941828012,17.095601873643716,13.903914547790663,-0.06488970486969459,0.9992318575281984,-0.029954009940294256,0.0292303133386267,0.16578149171351106,0.15314156559940031,0.01411995218222498,nan,nan,nan,1.0,0.0,0.0,nan,nan,nan,nan,nan,1.4867156031169244,1.5170701698924856
89.65,16.981491206282147,13.856819202325998,-0.06459152748173207,0.9993236356109646,0.007679748727018006,17.155290945176887,13.897431269949177,-0.0679483241698291,0.9994944768254143,0.0008646207112812106,0.029462633663973233,0.1683226553852899,0.1551196057337101,0.013875165875388645,nan,nan,nan,1.0,0.0,0.0,nan,nan,nan,nan,nan,1.4726324522444354,1.5305342717357873
89.7,17.021383906048097,13.85422676072712,-0.06423761630347435,0.9994547572567665,0.009351746767086692,17.1951797903611,13.894717404437683,-0.06776964729233902,0.9996184042124109,0.006903335477575,0.029463096397399597,0.17000607518473804,0.15645055377097838,0.014157253297997201,17.527453634147925,14.673935176734153,2.6095445562921578,1.0,0.0,0.0,nan,nan,nan,nan,nan,1.4796509430675555,1.522753199179749
89.751,17.081231915736904,13.85035151564421,-0.06362505349055517,0.9996007272527541,0.010704458916030498,17.28896999506391,13.959501188819278,-0.06717596653099633,1.0014881995009377,0.004168018756068758,0.029466544505873837,0.16352821331380207,0.15133995844463574,0.013906820603386648,nan,nan,nan,1.0,0.0,0.0,nan,nan,nan,nan,nan,1.4818192448680414,1.520232195007653
89.80000000000001,17.141084966763852,13.846498242565866,-0.06294541574728252,0.9995693256322316,0.011765906778659308,17.328936203314065,13.956811061484467,-0.0666724802950318,1.0012098177838136,0.022576716414584776,0.02946859799581299,0.1652357762080909,0.15270177051415953,0.014103322453310101,nan,nan,nan,1.0,0.0,0.0,nan,nan,nan,nan,nan,1.4784378615684841,1.5179297824665827
89.85000000000001,17.180985564313982,13.843944277983294,-0.0624749877827109,0.9995313097702407,0.011676962017270759,17.38890351156807,13.953415343760648,-0.06476919826011285,1.0008759802984997,0.032668830908804666,0.029417758425452,0.16778303079352147,0.15468576826628253,0.013935500311075088,nan,nan,nan,1.0,0.0,0.0,nan,nan,nan,nan,nan,1.486610534715453,1.5105317635817954
89.9,17.22088597425582,13.84140348965911,-0.062019408834305984,0.9995150650145457,0.01108895843323535,17.42885321780595,13.950827928957722,-0.06392124080879169,1.0007181271531482,0.02981175212760522,0.029417688993240168,0.16947056757323087,0.1560202813013577,0.014134373860137798,nan,nan,nan,1.0,0.0,0.0,nan,nan,nan,nan,nan,1.4936573142947274,1.504442697443538
89.95100000000001,17.28073807996007,13.837618734530146,-0.06139362849714267,0.9995180512824497,0.010011055803548611,17.440427404991564,13.96052587008558,-0.055497653624007263,0.9974600643683662,0.03306735762137746,0.02885398637812497,0.1629299439266763,0.15085548566116944,0.013886602379555166,16.982310782007907,14.028937908876408,0.8027673787296413,1.0,0.0,0.0,nan,nan,nan,nan,nan,1.4936856392943838,1.5048520255222786
90.0,17.32064361698004,13.835113374224559,-0.06102307811789244,0.9996767809840416,0.008549894415360724,17.480270147970796,13.958317811524187,-0.054452909528333475,0.9979910007254712,0.032797508302309444,0.028854567566176915,0.16464020363663506,0.15222078436423875,0.01408612090660811,nan,nan,nan,1.0,0.0,0.0,nan,nan,nan,nan,nan,1.512296366568913,1.496142483383677
90.05000000000001,17.380519935337745,13.831380410620518,-0.060622894639999224,0.9999701538760537,0.0050232850998813,17.54004890079672,13.954624245271658,-0.05316040145905366,0.99860925360508,-0.006125148521649263,0.028895781646827587,0.1671927637500419,0.1542101183388631,0.013848322609965493,nan,nan,nan,1.0,0.0,0.0,nan,nan,nan,nan,nan,1.4979484518833575,1.4836854437780207
90.10000000000001,17.440410794318428,13.827675811779374,-0.0603756598585396,1.0001408329952775,0.0041943893758086956,17.579940204755328,13.952505949848728,-0.05301384864883563,0.9989133242627567,-0.0031171361219163233,0.028896117504266218,0.16888447288335093,0.15554784289283938,0.014048389409473755,nan,nan,nan,1.0,0.0,0.0,nan,nan,nan,nan,nan,1.4979484518833575,1.5072008203681055
90.15100000000001,17.480343426771974,13.825220970559908,-0.06020577064552468,1.0002133613128519,0.0042597702804210175,17.601224375833198,13.898625363820065,-0.0514861890592182,0.9968982746225453,-0.021261302393742722,0.028745409189520628,0.1622898305911038,0.15033429923745575,0.01381153130953269,17.244691512355548,13.360157541460007,1.7832969624374937,1.0,0.0,0.0,nan,nan,nan,nan,nan,1.4986774777222494,1.5056139163430455
90.2,17.54025282979676,13.821558050107198,-0.05993251936173218,1.0004674489123777,0.004887529103943978,17.64105435455584,13.896577140338268,-0.050799489983480495,0.9975512480574336,0.013990061890573112,0.02874979493842811,0.164002361604131,0.15170363772748743,0.014012119921187364,nan,nan,nan,1.0,0.0,0.0,nan,nan,nan,nan,nan,1.4965539872474025,1.5139376420073996
90.25,17.580201962141626,13.819127834901124,-0.05975514156935575,1.0006119821250858,0.0039871752270134245,17.700926699387892,13.894958106670838,-0.048134176070889545,0.9983134411438207,0.01892189212020199,0.02862688225854294,0.16655940811223247,0.1536993735738514,0.013877835299877378,nan,nan,nan,1.0,0.0,0.0,nan,nan,nan,nan,nan,1.5105123427710496,1.498142803776216
90.302,17.640134268734908,13.81549758059096,-0.059588823637417146,1.0007285893861233,0.001794678470925399,17.74081691817954,13.893038264148311,-0.04753841910710044,0.9986874021932969,0.020278128909863732,0.028627488779354903,0.1682546483842785,0.15504093775655645,0.014077617353267274,nan,nan,nan,1.0,0.0,0.0,nan,nan,nan,nan,nan,1.515141249193257,1.4913116460376563
90.351,17.6800920395355,13.81308615356697,-0.05955469078363706,1.000758906865362,0.0,17.800392024468515,13.885045925719234,-0.05319608966048416,0.9991355997489991,-0.004225680307022445,0.029068033663352207,0.1707805922938965,0.15699389967749156,0.013841092338584165,17.780985827992463,13.166794549892593,1.8797963229792019,1.0,0.0,0.0,nan,nan,nan,nan,nan,1.5158115606302232,1.4895850813425964
90.4,17.720050174897814,13.810680768895034,-0.05955742244279011,1.0007403355271547,0.0,17.8388578696613,13.818463917576285,-0.05345677882948241,0.9994723501110577,0.00303506775372635,0.029100648044006458,0.163326696047192,0.15115740639194367,0.014037359994083799,nan,nan,nan,1.0,0.0,0.0,nan,nan,nan,nan,nan,1.4966068643378123,1.507488404980451
90.45,17.779986591873225,13.80708280964119,-0.059516877277342145,1.0007100631468582,0.0,17.898644382259736,13.813453726246662,-0.05569484837135619,0.9996932994376833,0.02710207176200347,0.02926368664361625,0.165886544955808,0.1531604612858103,0.01380599269939415,nan,nan,nan,1.0,0.0,0.0,nan,nan,nan,nan,nan,1.4983609116186027,1.5047504891079315
90.501,17.839920648950105,13.803493844067386,-0.059463019559841,1.000653407618994,0.0,17.938571318816553,13.811229997907605,-0.056047149684617985,0.9997937522290817,-0.012018326293291788,0.029258944840022918,0.16758409101970959,0.1545065972287638,0.014006779452033276,nan,nan,nan,1.0,0.0,0.0,nan,nan,nan,nan,nan,1.5040283781913657,1.4984355095834077
90.552,17.87987484214895,13.801105550696755,-0.059413798044035404,1.0006089178404596,0.0017956849900456738,17.923070422463596,13.83302486270534,-0.05630287959260594,0.9947588213376611,0.01828044367544924,0.029271454712120424,0.16119496443843026,0.14944074355807824,0.01377261984880004,17.248582948763765,14.089152676558673,2.197272102280112,1.0,0.0,0.0,nan,nan,nan,nan,nan,1.5065614122829845,1.510976011606495
90.60300000000001,17.93981379013838,13.797528662353363,-0.05927204628864181,1.0009442999171212,0.0023794503565858875,17.962808797783048,13.830779938387174,-0.05717875976697551,0.9958568868766169,-0.01849928537140925,0.029266662288940124,0.16291466217554518,0.15081767568549134,0.014122823612595151,nan,nan,nan,1.0,0.0,0.0,nan,nan,nan,nan,nan,1.488706286123503,1.5257440968052787
90.65,17.979787417409682,13.795147839572394,-0.05914698341240094,1.0011794653308423,0.0037793250532052397,18.02270500854626,13.831208209726066,-0.05185930883125778,0.997138909492367,0.020176662289565682,0.028922640077902368,0.16548323264824388,0.15282501178478888,0.013826070929204971,nan,nan,nan,1.0,0.0,0.0,nan,nan,nan,nan,nan,1.488706286123503,1.5257440968052787
90.7,18.0197684000424,13.792770782943187,-0.05898183309757924,1.0013167094803306,0.00382551855965005,18.062543297389524,13.829137724788406,-0.05149592450235074,0.9977681389595224,0.020844346359418453,0.028922895228421987,0.16718656205672933,0.15417369910468115,0.014026584138264526,nan,nan,nan,1.0,0.0,0.0,nan,nan,nan,nan,nan,1.5100450383863786,1.5007023312205339
90.75,18.07974626282069,13.789211255806721,-0.05880611612013919,1.0014053519917305,0.002323999288582926,18.122214387523417,13.823687370570884,-0.05368983531169303,0.9985225253234431,0.004005424862886034,0.02912978190204733,0.1697250922039371,0.15613765208029998,0.013796645068324075,nan,nan,nan,1.0,0.0,0.0,nan,nan,nan,nan,nan,1.5097116612104473,1.499259613047023
90.80000000000001,18.139726213842938,13.785660486551015,-0.05867603924603421,1.0013901993625545,0.002354328507631208,18.14852724097025,13.790463691328771,-0.0535800430093456,0.9980789303077324,0.007755743682505631,0.029146269249388616,0.16229060384321517,0.15030417636395768,0.014132580605147433,18.009419857637308,13.47431800849041,0.5052217457973721,1.0,0.0,0.0,nan,nan,nan,nan,nan,1.4983221345422955,1.5084598543572407
90.851,18.179712683519877,13.78329844992053,-0.058577087079083136,1.0013979497281995,0.002523745624366145,18.20829518550356,13.786456298110576,-0.054102856810075206,0.9987286982244434,0.011802840601562803,0.029219203106549275,0.16486002900382726,0.15231852688082687,0.01392960982526822,nan,nan,nan,1.0,0.0,0.0,nan,nan,nan,nan,nan,1.5000537040262911,1.5062693847436355
90.9,18.23969239491496,13.779762933333222,-0.05842153169565734,1.0013655710592873,0.002622389402204443,18.248189380374974,13.784299928774644,-0.05342711624444086,0.9990472746054716,0.019074275634791426,0.029220356396808353,0.16656456271127001,0.15367149110055275,0.014128752935251773,nan,nan,nan,1.0,0.0,0.0,nan,nan,nan,nan,nan,1.5032547068701327,1.5021602890264356
90.95100000000001,18.279677223743484,13.777410896437127,-0.05832295972920346,1.0013179209517387,0.0023283751060918494,18.308326971521687,13.786029669014663,-0.04770629145708006,0.9994185514794561,-0.018418489805367387,0.028785280053709634,0.16910591462282515,0.15564173617230562,0.01388574319116198,nan,nan,nan,1.0,0.0,0.0,nan,nan,nan,nan,nan,1.5032547068701327,1.5021602890264356
91.0,18.33965068333716,13.77389045715667,-0.058180383585769574,1.0012246300009702,0.002614985457385509,18.348260091145207,13.784123728964927,-0.04737063876055191,0.9996004203554685,0.008044011167544884,0.028788457507854928,0.1707886990630368,0.15696776448968514,0.014085463041035196,18.344160632357422,13.986245108098693,0.1488068922939309,1.0,0.0,0.0,nan,nan,nan,nan,nan,1.4960579273198618,1.50827231038078
91.051,18.37962984307594,13.771548559119525,-0.05808698176815524,1.0011535718183497,0.0012382003998905003,18.407904331760527,13.805460988506704,-0.039502065218195444,0.9997279143031349,0.03867924302359457,0.02822581332784798,0.16418988998747472,0.15178165212769285,0.013844297715312088,nan,nan,nan,1.0,0.0,0.0,nan,nan,nan,nan,nan,1.506646739737111,1.4971578703177206
91.10000000000001,18.419606356062566,13.769209729294607,-0.058052909607175206,1.0010831952401615,0.0,18.44786352839049,13.803881511923358,-0.03912551237239015,0.9998484421161985,0.0186382258457836,0.028223812361018782,0.16589586853809962,0.1531385715706479,0.014044578027086736,nan,nan,nan,1.0,0.0,0.0,nan,nan,nan,nan,nan,1.5303217436878964,1.473113988808779
91.15,18.479566106586095,13.76570449509471,-0.05821392453598675,1.0009808585294828,-0.003969285746732624,18.50772373378077,13.799869366786746,-0.040210148037998834,0.9999885547276759,0.007830689772342008,0.028372425108460393,0.16844028637767103,0.15511510854978522,0.013812366918338183,nan,nan,nan,1.0,0.0,0.0,nan,nan,nan,nan,nan,1.5224975357511177,1.480584191200557
91.28500000000001,18.499551333248238,13.764536528046385,-0.058305549952927506,1.0009443648337757,-0.004755173674435338,18.527707369959387,13.799065907371281,-0.04016182455998063,1.0000238688072243,0.00138686610269016,0.02837181999453828,0.1692841240534629,0.15578119540472465,0.013912930187224379,18.64403390071561,14.35297486141011,1.1546677304593311,1.0,0.0,0.0,nan,nan,nan,nan,nan,1.507844480112676,1.4865253270831287
91.302,18.619447941447806,13.757522152825837,-0.05894002299060465,1.0007333069298274,-0.003825494049249809,18.657051550584157,13.839960969751035,-0.04622798770727066,1.0005205917178674,-0.0211939065359753,0.028665047349481696,0.16534091300916362,0.15269412735065815,0.013982475548118115,nan,nan,nan,1.0,0.0,0.0,nan,nan,nan,nan,nan,1.480946757034763,1.5199396901841886
91.35000000000001,18.67938526628704,13.754006957309048,-0.059054764595535034,1.0006120792343904,-0.0009231225845397928,18.716999604258874,13.836839496668812,-0.045656624313724414,1.0004610237174643,0.01724994720468427,0.028701792243873068,0.1678900296907948,0.15467656255937623,0.013758264485494026,nan,nan,nan,1.0,0.0,0.0,nan,nan,nan,nan,nan,1.494012691903668,1.5069957871594128
91.4,18.719340142652865,13.751659060854124,-0.05909505315892212,1.0005666942459785,0.0,18.756976049632875,13.835012168401319,-0.046337790904626974,1.0004323392386325,-0.020317677903021678,0.028697205703501625,0.16957864561138603,0.15601003563056234,0.013959838758447326,nan,nan,nan,1.0,0.0,0.0,nan,nan,nan,nan,nan,1.5100968217763506,1.4910673101020662
91.45100000000001,18.779268439720123,13.748130575031444,-0.05918971522014318,1.0004932878597723,0.0,18.797975726992934,13.873654693939523,-0.04297212219098556,0.9990960906289456,0.013275371373902842,0.02853173671554104,0.16302275170415598,0.15084556852218964,0.013734746440853464,18.597750465938837,14.277521699847355,0.8308566410812387,1.0,0.0,0.0,nan,nan,nan,nan,nan,1.493848551129673,1.5073800172233074
91.50200000000001,18.83919616736931,13.744595319295456,-0.059269078769356394,1.0005556339324109,-0.0012273879598308415,18.837906465699334,13.871965263447798,-0.04287557785530893,0.9993423870669902,-0.04268328804272673,0.02852471383893895,0.16473345753970373,0.15221017880317247,0.013936684492736247,nan,nan,nan,1.0,0.0,0.0,nan,nan,nan,nan,nan,1.4913403544626018,1.5132361465205089
91.55000000000001,18.879149977153755,13.742234831704446,-0.05932772720723228,1.0005845774065705,0.0,18.897894460783697,13.870934521331554,-0.04110354783158465,0.999637270005977,0.011937033403078078,0.028391336253480427,0.16728632940302093,0.15419864494428992,0.013860307182516608,nan,nan,nan,1.0,0.0,0.0,nan,nan,nan,nan,nan,1.4913403544626018,1.5132361465205089
91.601,18.93908154392802,13.738689229139936,-0.059393543061050214,1.000594936699131,-0.0006121423721384535,18.937847504994462,13.869288083224793,-0.041456909659153045,0.9997760774131554,-0.010029651509615137,0.02838883534564887,0.16897802613199364,0.1555357361491324,0.014001120670869035,nan,nan,nan,1.0,0.0,0.0,nan,nan,nan,nan,nan,1.5152077541787228,1.4885022344871288
91.65100000000001,18.979035572936567,13.736321526359218,-0.05948599689197214,1.0005877613940792,-0.0023744473954201645,19.08625547796672,13.81265825207423,-0.04073521776008304,1.006010154435803,-0.0061600090894279634,0.028410376553664476,0.16236899386278314,0.1503233892869145,0.013767850460516705,19.820187158699955,13.269363157392444,3.8429563925532895,1.0,0.0,0.0,nan,nan,nan,nan,nan,1.5054811398779004,1.497823622695758
91.70100000000001,19.03895281101337,13.732765766642565,-0.059642483361542216,1.000090577275492,-0.002839158575153386,19.126450519573947,13.811017870540738,-0.04086680731283021,1.0048588168484833,-0.0024764006487931253,0.028410818417522854,0.16408083597560422,0.1516925576110109,0.014052296721256513,nan,nan,nan,1.0,0.0,0.0,nan,nan,nan,nan,nan,1.4984064892109132,1.4858955345730118
91.751,19.078877005450313,13.73039183656474,-0.05976619854349859,0.9997346455830376,-0.003256749966008171,19.18672211312267,13.809812792023601,-0.039457556671520955,1.0034789270363975,0.0036679138183455754,0.02829716233702613,0.16663587175619965,0.15368795861553747,0.013816402155735048,nan,nan,nan,1.0,0.0,0.0,nan,nan,nan,nan,nan,1.50108375018125,1.4864293455222106
91.801,19.138743135170262,13.726824308378847,-0.05999498757131022,0.999415408010649,-0.004317295570701417,19.226823341087858,13.808230658534132,-0.039492714856453226,1.002827093661178,-0.0032361658091213654,0.028296530136328865,0.16832926203850404,0.15502925941463125,0.014093621704143359,nan,nan,nan,1.0,0.0,0.0,nan,nan,nan,nan,nan,1.5074409256889303,1.4840378930989675
91.85000000000001,19.17864608113079,13.72444065418379,-0.06017989282200615,0.9993010620217138,-0.004763964558375873,19.286619121162868,13.799257936787553,-0.04833944144894043,1.00204574531082,-0.021787697618604114,0.02886297553769209,0.17085196047965323,0.15698192838130492,0.013928393071414169,19.198712582084266,13.171163099729773,1.4644154362632273,1.0,0.0,0.0,nan,nan,nan,nan,nan,1.5053361657075628,1.4879567985229347
91.9,19.21854537255326,13.72205253601095,-0.06035455066174329,0.9992396868417991,-0.003697677691325404,19.317889870241547,13.740996562058234,-0.04915759760272742,1.001276759781153,0.008633518023571754,0.028893962889364404,0.16338499867274991,0.15114688060610806,0.01412357126442228,nan,nan,nan,1.0,0.0,0.0,nan,nan,nan,nan,nan,1.4855246447805608,1.5100100772354699
91.95200000000001,19.278392143546828,13.718462280586015,-0.060504311369938585,0.9992368074078799,-0.0020928810946541448,19.37746594431869,13.729231518015169,-0.05912421953532121,1.0009375892793968,0.029630509337916087,0.029694927175961457,0.1659411943559224,0.15314979414047672,0.013881224212375401,nan,nan,nan,1.0,0.0,0.0,nan,nan,nan,nan,nan,1.4973416681187088,1.5004361724972655
92.00200000000001,19.33824041389539,13.714861642722763,-0.06059035519492411,0.9992881184768967,0.0,19.417432169995678,13.726869886835201,-0.05886558750811233,1.0007882853150514,0.007871789631482187,0.029692324319105998,0.16763624118672193,0.1544959148875466,0.014081003029487529,nan,nan,nan,1.0,0.0,0.0,nan,nan,nan,nan,nan,1.4825746077028694,1.516582362581687
92.051,19.378140960397054,13.712456814910999,-0.060581962378752414,0.9993293616889602,0.0,19.477590888360087,13.72781467485487,-0.05505643049758513,1.000608914772626,-0.019217139565521048,0.029297440820617394,0.17016286949557582,0.1564558243921722,0.013844128524649578,19.37554444869483,13.27352103834213,0.7895034316696028,1.0,0.0,0.0,nan,nan,nan,nan,nan,1.4825746077028694,1.516582362581687
92.101,19.43799519077377,13.708845837007656,-0.06042634044804098,0.9994049139381387,0.003884774785718568,19.507261195806894,13.6851563669958,-0.05570377748632316,1.0000086002205535,-0.007591196372150433,0.029318332118445527,0.16280410694091096,0.1506939609922699,0.014040468972665162,nan,nan,nan,1.0,0.0,0.0,nan,nan,nan,nan,nan,1.4774313223316935,1.5222333138415078
92.15,19.477901238112786,13.706436592596226,-0.06519664746526388,0.9994880076490406,-0.2149532820583043,19.567402349337357,13.686530175058051,-0.05240609878770109,1.0000399641033346,-0.22929848925801555,0.028894352712602423,0.16536638355654748,0.15270290899112773,0.013808784425366361,nan,nan,nan,1.0,-1.5707963267948966,0.0,nan,nan,nan,nan,nan,3.8457808888874174,-0.8443157390690263
92.2,19.537729112096724,13.702352145173831,-0.0887708744255858,0.9992785057646472,-0.5008320962055011,19.607345070597933,13.684356434055386,-0.0631569403851433,1.0000693478397717,-0.4447544420320627,0.028895155001237762,0.16706587367614587,0.15405265984215974,0.014009565555227862,nan,nan,nan,1.0,-1.5707963267948966,0.0,nan,nan,nan,nan,nan,3.769588395994285,-0.7682193360294043
92.25,19.57757771389478,13.699253541759475,-0.11193344887809747,0.998692364072085,-0.6199022540355339,19.66685090776241,13.673380664799659,-0.10044358019423427,1.0001044178528748,-0.6241874543340187,0.02948337782566959,0.1695981969802337,0.15601918874649198,0.01378174803521911,nan,nan,nan,1.0,-1.5707963267948966,0.0,nan,nan,nan,nan,nan,3.6747721401199023,-0.6734946987563211
92.30000000000001,19.617372424146414,13.695726770131134,-0.13877263258943845,0.9976331663041986,-0.6958345667004521,19.69615230340375,13.68372757908571,-0.12703066962237533,0.9993616816947102,-0.7122361193608554,0.029469400097905437,0.16217841962606497,0.15020381165253466,0.013978717007980966,19.587447879145785,13.833897989101283,0.13144504398731915,1.0,-1.5707963267948966,0.0,nan,nan,nan,nan,nan,3.5543655237525096,-0.5531985133208817
92.35000000000001,19.676899133440923,13.6893383804193,-0.18297222398119395,0.995349243993835,-0.7590794285912842,19.755697763908486,13.67832700479956,-0.16652846947548164,0.9995775898838705,-0.7291377329441084,0.02919690903696087,0.16473756870200287,0.15222446958493238,0.013754727685902772,nan,nan,nan,1.0,-1.5707963267948966,0.0,nan,nan,nan,nan,nan,3.482467605425133,-0.4790404706037463
92.40100000000001,19.736120357661342,13.681243667764482,-0.22966904595497833,0.9925235720561938,-0.7887233003207426,19.795078305680644,13.671415873657654,-0.19665888910624263,0.9997010388703197,-0.7649096894401025,0.029188051374077,0.16643226127173041,0.15358399019109,0.013953393374528911,nan,nan,nan,1.0,-1.5707963267948966,0.0,nan,nan,nan,nan,nan,3.4161469581813355,-0.4133464274216232
92.45,19.77536363985759,13.674722242545826,-0.26145007939941706,0.990513117423221,-0.7971509811850385,19.853543679559248,13.656514877931171,-0.24604113224591462,0.9998487718258005,-0.7676303386416817,0.02938157071122656,0.16895177058598485,0.15557005325577827,0.013814296077123601,nan,nan,nan,1.0,-1.5707963267948966,0.0,nan,nan,nan,nan,nan,3.356464846685364,-0.3540197148285156
92.501,19.83376850883302,13.663062301613188,-0.3093911620702872,0.9875554781047148,-0.7987230867468105,19.892255428746225,13.646478097742138,-0.27759473647070937,0.9999182732831325,-0.7737910616193487,0.029371233073487532,0.17061428628012879,0.15691109506241732,0.014014830003480614,19.67791928597476,13.823936198422068,0.2789540969048095,1.0,-1.5707963267948966,0.0,nan,nan,nan,nan,nan,3.281085403566358,-0.27907590916724234
92.551,19.87233956859046,13.653962022922055,-0.3412512064683003,0.9857308407642893,-0.7949908390659074,19.927133206046864,13.646062909519676,-0.32444105973333714,0.9985588738131589,-0.7717126597383814,0.0292752495400886,0.16400247733721166,0.15176313087970486,0.01377965347269034,nan,nan,nan,1.0,-1.5707963267948966,0.0,nan,nan,nan,nan,nan,3.2311884990200226,-0.22938342265705947
92.60000000000001,19.910573946532228,13.643760058314465,-0.37292544710401304,0.9841355067734782,-0.7886992164404971,19.96489374341921,13.633040234469794,-0.3556102011240277,0.9988895275025976,-0.7563489390881134,0.02926801661111495,0.16567417976531193,0.15314780859571475,0.014073706274624155,nan,nan,nan,1.0,-1.5707963267948966,0.0,nan,nan,nan,nan,nan,3.1638255022380997,-0.15787017115587343
92.65100000000001,19.967222279304625,13.626357607630188,-0.41986133166258516,0.9821607756173998,-0.7767919914277625,20.02055507622317,13.609769123622582,-0.4043400044111567,0.9992854345605425,-0.7615251418040062,0.029385038375445025,0.16815260502365437,0.15518023338205433,0.013837484175884145,nan,nan,nan,1.0,-1.5707963267948966,0.0,nan,nan,nan,nan,nan,3.122749059690448,-0.11773016605166808
92.7,20.022923661407965,13.60642237058098,-0.46597641991088207,0.9805911875403123,-0.7607929451915598,20.057187957572197,13.59378378082273,-0.43506024213712013,0.9994723799189799,-0.760895149102263,0.02937137150819288,0.1697839132014417,0.15655642564746258,0.014037632061082562,19.5814933831986,13.334467856878963,1.0579645462968208,1.0,-1.5707963267948966,0.0,nan,nan,nan,nan,nan,3.0470078772224665,-0.043140976485548155
92.75,20.059477905970454,13.59173243667858,-0.49615787032720166,0.9797766142730922,-0.749085463097027,20.06186438806039,13.542992518435776,-0.48303447032724245,0.9973169581248147,-0.7422040230093464,0.029592376292461385,0.16324565785452327,0.1515131981409777,0.01380236080196778,nan,nan,nan,1.0,-1.5707963267948966,0.0,nan,nan,nan,nan,nan,3.0009122901785883,0.0024201554870690867
92.80000000000001,20.09554236326511,13.575948264660036,-0.5258652052685177,0.9792492016008024,-0.736175685304818,20.097058844940168,13.524201665027391,-0.5124809365982372,0.997903391898987,-0.7045123416010768,0.029589001124174154,0.16487912956796236,0.1529417863689113,0.01400299341774837,nan,nan,nan,1.0,-1.5707963267948966,0.0,nan,nan,nan,nan,nan,2.939727607068699,0.07020525607321337
92.851,20.148682755541532,13.550273684785656,-0.5694896015151711,0.9788298052444849,-0.7185188320852195,20.14992803075737,13.499687952551461,-0.5496642157600933,0.9986098329706007,-0.6958895363498117,0.029057671559492525,0.16729622823198745,0.1550473732259285,0.01377576664832965,nan,nan,nan,1.0,-1.5707963267948966,0.0,nan,nan,nan,nan,nan,2.909807344766781,0.09847104745766444
92.9,20.183434372227534,13.531853774386079,-0.5980190296606304,0.978666647950055,-0.7069268126234249,20.183839991367194,13.478585456478273,-0.578863020654095,0.9989409617376098,-0.6985714996961682,0.029041280411690254,0.16888494706275672,0.15647446230284018,0.013976807604751727,nan,nan,nan,1.0,-1.5707963267948966,0.0,nan,nan,nan,nan,nan,2.8564566406928176,0.14977193666825706
92.95,20.23449487569742,13.502335190806278,-0.6399206284821244,0.9785895252998797,-0.6890810952995803,20.23972390268645,13.553845805457259,-0.6221800251501519,0.9966755446255303,-0.6476467025075967,0.029223246155653002,0.162271652109164,0.15139831040073107,0.01374930319977529,20.293288507987665,14.70520690949201,5.608039762749073,1.0,-1.5707963267948966,0.0,nan,nan,nan,nan,nan,2.8111154308193185,0.19417271215384835
93.0,20.26779863504972,13.481436748922665,-0.6672598362337921,0.9787686983949296,-0.6769359155016069,20.27196738290362,13.530398653705936,-0.6500128611315158,0.9974006678629499,-0.6683915554202501,0.029203733157628586,0.16385877018726605,0.1528815936824938,0.013950747644452775,nan,nan,nan,1.0,-1.5707963267948966,0.0,nan,nan,nan,nan,nan,2.769991080003143,0.24225953707498604
93.05000000000001,20.316618313096388,13.448331255054867,-0.707359092042976,0.9792102354711639,-0.6587065670205945,20.31718102017926,13.486751939904975,-0.6984971106069828,0.998262230681587,-0.655414573025537,0.02984015387274315,0.16619915932822854,0.1550779483499226,0.013730261897591411,nan,nan,nan,1.0,-1.5707963267948966,0.0,nan,nan,nan,nan,nan,2.7189211833133324,0.29128403065939
93.10000000000001,20.348385587538186,13.425135472243147,-0.7334503047687785,0.9795165976115678,-0.6448005995641434,20.347590662023308,13.460876366295924,-0.7257961291845617,0.9986741571118667,-0.6496424111474204,0.029825091939555983,0.16773468041646888,0.15656702570953895,0.013932019077459513,nan,nan,nan,1.0,-1.5707963267948966,0.0,nan,nan,nan,nan,nan,2.6501367020630218,0.35757071191971
93.15,20.394839128164342,13.388737768256101,-0.7715301041175474,0.9800272491060096,-0.6245808075237023,20.36655236162627,13.350561075345043,-0.7666097523274349,1.0004699976469678,-0.6023534307087369,0.030000366470596184,0.1610758807047691,0.15144150553006633,0.01371030379800588,20.112498683915128,12.67082896134773,2.3661677794855622,1.0,-1.5707963267948966,0.0,nan,nan,nan,nan,nan,2.610912295374684,0.39562563146161533
93.2,20.4398248363315,13.350512761200875,-0.8084427961915042,0.980477291025864,-0.6059402157754562,20.395198858906735,13.322621792996264,-0.7914941178366074,1.0004392609858452,-0.582151458646767,0.029993460742343374,0.16260866045604255,0.15298718767454408,0.013912390220022237,nan,nan,nan,1.0,-1.5707963267948966,0.0,nan,nan,nan,nan,nan,2.5659019420920215,0.4352249632566261
93.25,20.468985820584965,13.324068600284017,-0.8324458618144138,0.9808069615412067,-0.5943275711066554,20.437233850066036,13.280388366108426,-0.8278709428804966,1.0004038050429103,-0.5929608091929726,0.02987216241857833,0.16486763277808053,0.15528035051584196,0.013696907113520923,nan,nan,nan,1.0,-1.5707963267948966,0.0,nan,nan,nan,nan,nan,2.5366913061200886,0.46450584616263435
93.30000000000001,20.497477312403262,13.296890780771472,-0.8559784943003133,0.9811748279874708,-0.5816617919870315,20.464122544035742,13.250755871314727,-0.8517989992813564,1.0003853131354814,-0.5618940176698052,0.029867573610999214,0.16635120538994205,0.15683119482970542,0.013899245171311619,nan,nan,nan,1.0,-1.5707963267948966,0.0,nan,nan,nan,nan,nan,2.4778454171241022,0.5234379127352805
93.35000000000001,20.538953910452957,13.254814904086922,-0.8903376692574497,0.9817897808087501,-0.564190673290072,20.50243697479047,13.203625829084475,-0.887997507588867,1.0003609335795371,-0.5321742570961051,0.030011658624821087,0.16853266562855043,0.1591304801852459,0.013685521218428651,20.188921971966984,13.042066430131083,0.44943658625097155,1.0,-1.5707963267948966,0.0,nan,nan,nan,nan,nan,2.454398154164836,0.5469213857600592
93.4,20.565760063808405,13.225932696639065,-0.9126832634492359,0.9822263342834827,-0.5527943728366054,20.49612974250066,13.158828387552616,-0.9098542294613288,0.9995133785093381,-0.5122770042248199,0.03001998653116246,0.16117652148545894,0.15322406660718194,0.013884450653825956,nan,nan,nan,1.0,-1.5707963267948966,0.0,nan,nan,nan,nan,nan,2.412015841927478,0.5893587899862731
93.45,20.604700303731885,13.18143153103765,-0.9453623650085812,0.9829639568202196,-0.5369074204022135,20.532801752716807,13.11181595694412,-0.9418726883608848,0.9997186836715795,-0.5295112582541798,0.02992349906630802,0.16336386906236128,0.15560413933061323,0.013672672381929438,nan,nan,nan,1.0,-1.5707963267948966,0.0,nan,nan,nan,nan,nan,2.3884731584098646,0.6154684697890169
93.5,20.629814533424536,13.151016501876152,-0.9666078200237322,0.983475518823969,-0.5251742284079436,20.556158111502413,13.079360268279027,-0.9635293494313019,0.9998379720647149,-0.52464669452325,0.02991402673408836,0.16480289061145073,0.15720920451846376,0.013875478484900148,nan,nan,nan,1.0,-1.5707963267948966,0.0,nan,nan,nan,nan,nan,2.333250843613635,0.6700889349149434
93.55000000000001,20.666220223745764,13.104340607983406,-0.9975687084810404,0.9842350705901064,-0.5076937983041465,20.58953817017815,13.029164450180883,-0.9944455490816805,0.9999796111733998,-0.46820529429259466,0.029977705646748065,0.16691805938992008,0.15959136446383254,0.013664926899197467,20.934981354245913,13.177662157351866,0.5113305899091405,1.0,-1.5707963267948966,0.0,nan,nan,nan,nan,nan,2.30253679560906,0.7004532191368761
93.60000000000001,20.70111172265254,13.056477085920548,-1.0275392450036724,0.9849789077914555,-0.4923149573953289,20.645176547605615,13.007710199481073,-1.0146924961821187,1.000809412873691,-0.49619498846046967,0.02994923961741747,0.15975848285086294,0.15366695194224197,0.01386441123021069,nan,nan,nan,1.0,-1.5707963267948966,0.0,nan,nan,nan,nan,nan,2.278527107283392,0.7240390095778192
93.65,20.723535646390605,13.02395055044235,-1.046978809282332,0.9854139386928159,-0.48086151148480105,20.676842712866016,12.957098742308988,-1.0422104761707556,1.0006939149506962,-0.4656881464247806,0.029865325849704735,0.1618877852692776,0.15612089668463552,0.013655334028596124,nan,nan,nan,1.0,-1.5707963267948966,0.0,nan,nan,nan,nan,nan,2.2356958710933057,0.7643403700233475
93.7,20.75592608981114,12.974295628702748,-1.0753172902901833,0.9860751003163346,-0.46497455430292306,20.696863058054543,12.92244052907078,-1.0612023617178412,1.0006154517484083,-0.4479646525089385,0.029861017518254443,0.16329153445861908,0.1577706511281546,0.013858510478839618,nan,nan,nan,1.0,-1.5707963267948966,0.0,nan,nan,nan,nan,nan,2.206777536935351,0.7935705022027524
93.75,20.776696824066132,12.940647861949602,-1.093693086245946,0.9865227941564086,-0.45499971710874476,20.726043983951648,12.870268555420857,-1.0875495418043841,1.0005220270488697,-0.44044623837618685,0.029795179665823155,0.16535448708930112,0.16022003344952299,0.013650278180985033,nan,nan,nan,1.0,-1.5707963267948966,0.0,nan,nan,nan,nan,nan,2.1854814146907806,0.8150712414667656
93.80000000000001,20.806633238952397,12.889412955038123,-1.1205090416284342,0.9871949354106551,-0.43988100593317087,20.692361801343612,12.940141969587875,-1.1052636004483192,0.9923450566334495,-0.433472585169329,0.029767932154368206,0.15826212514317764,0.15410912471593166,0.013850051749907936,20.264856771767477,13.948132592965429,5.1275121171240805,1.0,-1.5707963267948966,0.0,nan,nan,nan,nan,nan,2.1490950965871534,0.8517117323165653
93.85000000000001,20.825792474059906,12.854765735821875,-1.137873904711637,0.988188173103578,-0.4297874849950998,20.721175252053108,12.889778861287043,-1.1272849868796797,0.9944055336719262,-0.40893370300304455,0.02935650835744837,0.16034784109646363,0.156618839513045,0.013642944202448715,nan,nan,nan,1.0,-1.5707963267948966,0.0,nan,nan,nan,nan,nan,2.1377702991112875,0.8879501882070193
93.9,20.85335991736876,12.802092612882202,-1.1632057212755436,0.9894631954340051,-0.4159322703336904,20.73810358642211,12.85377411493632,-1.1443186271719574,0.9956051676715213,-0.41524230852854954,0.029348285955661947,0.16172642913378993,0.1583019887405489,0.013846418460823259,nan,nan,nan,1.0,-1.5707963267948966,0.0,nan,nan,nan,nan,nan,2.1116029184312475,0.9082158610880326
93.95,20.870963260848015,12.766544455599181,-1.1796194411798406,0.9901320110737777,-0.4062080732256167,20.767851485657378,12.805180153902581,-1.159330386567575,0.997059623989221,-0.3837385079259904,0.028558911938287305,0.16375365020761617,0.16080174835169564,0.01363986844133866,nan,nan,nan,1.0,-1.5707963267948966,0.0,nan,nan,nan,nan,nan,2.0818394355914487,0.9346001835454701
94.0,20.88795333310708,12.730675413428996,-1.1956768834126248,0.9906883102377622,-0.3977922876053691,20.783660743959512,12.768558865651165,-1.1750886198067876,0.9977358911912179,-0.3737928822741737,0.028555281203572497,0.16509596434255575,0.16247411207519252,0.013843450890576639,20.507837792479016,11.848308836212487,3.3488224848533763,1.0,-1.5707963267948966,0.0,nan,nan,nan,nan,nan,2.0698151416627653,0.9424081273215934
94.05000000000001,20.91230133667174,12.676314451944917,-1.2191719281825038,0.9913714099634717,-0.38621761892982537,20.780103505827128,12.622518269802125,-1.2050878879257705,1.0026580727432919,-0.3544887791870073,0.02914786906701088,0.1588043690079528,0.1570477144068375,0.013634196241547901,nan,nan,nan,1.0,-1.5707963267948966,0.0,nan,nan,nan,nan,nan,2.0491982439818974,0.9611094288369101
94.10000000000001,20.927784932474765,12.639732165114605,-1.2344267443718633,0.99154561982589,-0.37725366708237124,20.794302849235258,12.585018022968633,-1.2207965257485223,1.0022083732952067,-0.3730676949019247,0.029137469544814974,0.16016575463954025,0.15875458589765087,0.013837904195803849,nan,nan,nan,1.0,-1.5707963267948966,0.0,nan,nan,nan,nan,nan,2.0044712588915967,0.9909369656338243
94.15,20.949903041775503,12.584402637661087,-1.2565937699101386,0.9916854532583355,-0.36279123740787955,20.812299714935147,12.526419807745361,-1.2472887225030116,1.0016626814062752,-0.34755989371986185,0.0294187950653089,0.16216313542294108,0.16129289493591004,0.013632570050702163,nan,nan,nan,1.0,-1.5707963267948966,0.0,nan,nan,nan,nan,nan,1.9740960757112496,1.022550828493666
94.2,20.97072314743315,12.528563659501538,-1.2778557522943985,0.9919495300342616,-0.3477032901999838,20.824898513498677,12.488390519613006,-1.2619557622373727,1.0014084231694445,-0.34473757786015596,0.02941272956105138,0.16348744535199033,0.16298789710042297,0.013836358550168869,21.195581049113805,12.719560922704614,0.6932769127692903,1.0,-1.5707963267948966,0.0,nan,nan,nan,nan,nan,1.9453378718505814,1.0528629739508153
94.25,20.983900294850937,12.491074971910004,-1.291525170587915,0.9921705121040434,-0.33773239121044185,20.87451516840467,12.449020136836653,-1.287419044358387,1.0007131819165727,-0.34081049625455156,0.029767868025272513,0.15739919545903694,0.157522992990566,0.013628194992983319,nan,nan,nan,1.0,-1.5707963267948966,0.0,nan,nan,nan,nan,nan,1.9248124153689317,1.074080783984485
94.30000000000001,21.002640513690345,12.434477410068745,-1.3112638923400655,0.9925808227229511,-0.32201090572075847,20.88556667210172,12.41054843677303,-1.3011075774705685,1.000647248622468,-0.3068207075249296,0.029767881897584107,0.15874612538602564,0.15924895443207146,0.013832082710565055,nan,nan,nan,1.0,-1.5707963267948966,0.0,nan,nan,nan,nan,nan,1.8892133571610454,1.111729906855158
94.35000000000001,21.014468027260452,12.396519069428999,-1.3239206643682038,0.99287734000551,-0.31280236129422134,20.900132682912634,12.351809717423698,-1.3226733159557507,1.00056501489592,-0.31400021807507655,0.029885389920738557,0.1607215575068737,0.16181697407478784,0.013627625320735614,nan,nan,nan,1.0,-1.5707963267948966,0.0,nan,nan,nan,nan,nan,1.8823591917102176,1.1187495097571762
94.4,21.031239953935604,12.339270786112145,-1.3422019782522607,0.9933183999147893,-0.2981693886451417,20.90984314995372,12.312984304963976,-1.335170889581062,1.0005273579389728,-0.2986769304572349,0.029882669922906273,0.16203474904330492,0.16352830454318137,0.013831580360931241,nan,nan,nan,1.0,-1.5707963267948966,0.0,nan,nan,nan,nan,nan,1.8472480049798097,1.1540791469224325
94.45,21.04179353819404,12.3009142063308,-1.3539003809392745,0.9936132676843267,-0.2888081167424949,20.90397938909746,12.33621429274286,-1.3515855480114325,0.995056000703089,-0.3018941870822884,0.029707181398127173,0.15601602224640065,0.15786864530465797,0.013624053540698506,20.74049604436207,13.111256288218168,2.5140090021480446,1.0,-1.5707963267948966,0.0,nan,nan,nan,nan,nan,1.8346742610759255,1.1667394938002094
94.5,21.056715522821406,12.243106104813311,-1.370757663872155,0.9945011808696119,-0.2748959633563116,20.91252952746824,12.297329543916383,-1.3626429452974596,0.9961303732485804,-0.2665320733666693,0.029709241649382143,0.15735675915409347,0.15960577450953028,0.013828094370982045,nan,nan,nan,1.0,-1.5707963267948966,0.0,nan,nan,nan,nan,nan,1.8170960066165964,1.2009790199320354
94.55000000000001,21.06607853222655,12.204391247990229,-1.381558795481589,0.9950684531327358,-0.2669863575210014,20.927763727699627,12.240726988313439,-1.375458451373379,0.9974270276589641,-0.284483707611937,0.029324765484255288,0.1593234316999869,0.16219198015608502,0.013624265555075062,nan,nan,nan,1.0,-1.5707963267948966,0.0,nan,nan,nan,nan,nan,1.813139938024352,1.2019054522253763
94.60000000000001,21.079273561100045,12.146086986676384,-1.3971605641007845,0.9957234683964125,-0.25460468515516926,20.93540739429736,12.201562324026154,-1.3858798561663697,0.9980336128639486,-0.2520099821659215,0.029326415236012347,0.1606340017821541,0.16391285102469622,0.01382835229185646,nan,nan,nan,1.0,-1.5707963267948966,0.0,nan,nan,nan,nan,nan,1.7848553679053167,1.2264287077303129
94.65,21.08752068850072,12.107079893224919,-1.4071672523411196,0.9960675825336607,-0.24740188088169607,20.973623308985356,12.102431158753555,-1.3996804360287167,1.001937878027672,-0.22114788975576605,0.029187249954832944,0.15468923758685885,0.15807077807659636,0.013621235250272038,21.200737376371436,11.762249052794811,0.8138815026766507,1.0,-1.5707963267948966,0.0,nan,nan,nan,nan,nan,1.7813520327651606,1.2282106066123177
94.7,21.09909352310834,12.048394616334358,-1.421682094087107,0.9962128025914783,-0.23790067866410197,20.980350446344858,12.062926486709445,-1.4095164409360126,1.0016377394493001,-0.22827627455007796,0.02918259855122684,0.1560305670760373,0.15981318663256186,0.013825396915048983,nan,nan,nan,1.0,-1.5707963267948966,0.0,nan,nan,nan,nan,nan,1.7670911552394257,1.230661794745499
94.75,21.106291941044876,12.009172025403563,-1.4310315531865079,0.9962752821716139,-0.2310465293894924,20.985946414651412,12.00166232952679,-1.4299505378790756,1.0012679731252456,-0.24981200649034158,0.029594523549343242,0.15799585549918183,0.1624090860933108,0.013622011354121218,nan,nan,nan,1.0,-1.5707963267948966,0.0,nan,nan,nan,nan,nan,1.7498950583420823,1.2486764204054928
94.80000000000001,21.113090659640754,11.969876362765605,-1.440081021153126,0.9963692473977661,-0.2225358869893351,20.99147063517169,11.961994765957646,-1.4384088595840072,1.0010989508060715,-0.18493388605085778,0.029602013442608186,0.1593071437063089,0.16413455424232065,0.013826200525049558,nan,nan,nan,1.0,-1.5707963267948966,0.0,nan,nan,nan,nan,nan,1.7111525703093333,1.288464808754143
94.85000000000001,21.122565129748768,11.91080653487094,-1.4530299495993024,0.9965518723698293,-0.21173978579499106,20.998300035650455,11.902032973356246,-1.4517915446981082,1.0008944539387672,-0.19001366400820283,0.029687912396293616,0.16122675480646959,0.16670039898229766,0.013622782317710821,21.730722664938046,12.108464430676518,2.1023808841999183,1.0,-1.5707963267948966,0.0,nan,nan,nan,nan,nan,1.7246423956363381,1.2754271028443571
94.9,21.131202780155643,11.851599549722351,-1.4653949108286848,0.9967610130475182,-0.2016926006494571,21.07106390166361,11.87976043800415,-1.4596570599572565,1.0003609318461733,-0.20504763646810084,0.0296497932619809,0.15477340862965988,0.15986980823044558,0.01382358250538806,nan,nan,nan,1.0,-1.5707963267948966,0.0,nan,nan,nan,nan,nan,1.7028208407347365,1.2978174256509334
94.95,21.136515464819077,11.812059153462616,-1.4732771485552452,0.9969382345864402,-0.19417940961537505,21.07805627446882,11.820317820081032,-1.469306450180825,1.0003595031254302,-0.1523318498892255,0.029594068992645394,0.15674216094079066,0.1624694405875241,0.013620521450982971,nan,nan,nan,1.0,-1.5707963267948966,0.0,nan,nan,nan,nan,nan,1.685800238704791,1.3164205473663517
95.0,21.141484061831903,11.772468100538807,-1.4808917905621322,0.9971134746171053,-0.18822841621977254,21.082033042392517,11.78050293661804,-1.4774720836573123,1.000369796026603,-0.18797301371335365,0.02958589406602482,0.15805790508881642,0.16419623382568416,0.013824798878808843,nan,nan,nan,1.0,-1.5707963267948966,0.0,nan,nan,nan,nan,nan,1.6924056235039673,1.3098014735731331
95.05000000000001,21.1483138639568,11.71299625774161,-1.4918821259893782,0.997360796483757,-0.1788496614233177,21.089876591929027,11.721655228026126,-1.4854505391184458,1.0003854094132476,-0.16754318368826293,0.029331379806598463,0.15998327827386605,0.16676579393083177,0.01362163447589606,21.8872408659701,11.106801045867355,3.6526607464191203,1.0,-1.5707963267948966,0.0,nan,nan,nan,nan,nan,1.665876023507161,1.3362817050650913
95.10000000000001,21.15246731834919,11.673297635969993,-1.4988792126186392,0.9975169382349887,-0.17254002193378914,21.169672467605828,11.616946834483514,-1.4920666053032294,1.0050779828131615,-0.17113406228359473,0.029301745883658296,0.15370917856948235,0.15993036465611493,0.013822511414320886,nan,nan,nan,1.0,-1.5707963267948966,0.0,nan,nan,nan,nan,nan,1.6620472170101985,1.3400444009314572
95.15,21.15812223728178,11.613690459407737,-1.5089262554410754,0.9974231065091773,-0.16364074515436572,21.170633481162625,11.55560933111733,-1.5063829966860778,1.0038579646783465,-0.17278197568949563,0.029680972060644923,0.15568466824784294,0.1625328333484455,0.013619660429956085,nan,nan,nan,1.0,-1.5707963267948966,0.0,nan,nan,nan,nan,nan,1.643520956624691,1.3442390419765649
95.2,21.16152229285896,11.573927529686133,-1.5153131962563342,0.9973064761854303,-0.1568908668893943,21.17314330240281,11.51554098691027,-1.5133995568047687,1.0031520517367407,-0.15506255880734518,0.02968044193980015,0.15700596572501369,0.16426031387664602,0.013823994335903578,nan,nan,nan,1.0,-1.5707963267948966,0.0,nan,nan,nan,nan,nan,1.6231207822733213,1.3681063724984623
95.25,21.16609384713784,11.51424596672439,-1.5243815770297093,0.9972718474978821,-0.14718596189386307,21.178525482253445,11.456106848471165,-1.5199681453816705,1.0023086164456485,-0.14472035943808143,0.029466888904384536,0.15893826871052533,0.1668316780505672,0.013621000829003553,nan,nan,nan,1.0,-1.5707963267948966,0.0,nan,nan,nan,nan,nan,1.620663776967136,1.3725235140426282
95.30000000000001,21.16880353199759,11.474433916572545,-1.5301264332412072,0.9973232193413537,-0.1414237146977287,21.114987938587017,11.372713665218923,-1.5255314380403848,1.0045874512325512,-0.11737198929226722,0.02950491259797583,0.152697041222097,0.15984304322008866,0.013821761070505686,20.45418943878244,10.983385202515137,2.6558203206188944,1.0,-1.5707963267948966,0.0,nan,nan,nan,nan,nan,1.6161552113749855,1.3794469546857728
95.35000000000001,21.1723853587315,11.414684749367991,-1.5383538597601398,0.9972792017023723,-0.1343221137079526,21.12035928945136,11.313290981286151,-1.5309525155529735,1.0034172983331595,-0.14059724026578357,0.02920569508610779,0.15468143339108195,0.16244371183040493,0.0136190632392291,nan,nan,nan,1.0,-1.5707963267948966,0.0,nan,nan,nan,nan,nan,1.6152166819840719,1.3733196071543505
95.4,21.174464353519497,11.374838534757878,-1.5436081488957516,0.9972523372966509,-0.1292739305207034,21.12189865952781,11.273190380275041,-1.5364720921337214,1.0027832059758244,-0.12277858500540179,0.029206043667615245,0.15600975625882804,0.16416978860044487,0.013823447281535887,nan,nan,nan,1.0,-1.5707963267948966,0.0,nan,nan,nan,nan,nan,1.5994647622165405,1.3924111207033991
95.45,21.177142737853497,11.31504762278388,-1.5511056178146228,0.9973125557282911,-0.12203105438658353,21.123091198675958,11.212886475234166,-1.544747822983631,1.0020218888666574,-0.13125863134659393,0.02927679671450076,0.15795132610814772,0.16674064705941027,0.01362057900152426,nan,nan,nan,1.0,-1.5707963267948966,0.0,nan,nan,nan,nan,nan,1.599194417836179,1.3944445818569748
95.5,21.178647233138122,11.275172619624446,-1.555864424355747,0.9974079400191164,-0.11687854734321113,21.124090099415977,11.172821718490706,-1.5494138930877381,1.0016626445246375,-0.11504035958742383,0.029277394682730506,0.15925373112314112,0.16844378370627877,0.013824968714774944,21.38999788509296,11.138141960484864,0.2608860765920848,1.0,-1.5707963267948966,0.0,nan,nan,nan,nan,nan,1.5844802314669222,1.4113416251103996
95.55000000000001,21.180503747014534,11.215338792406051,-1.562617498500068,0.9975912751028876,-0.10964907246001554,21.150880261635756,11.108641523586634,-1.554887882989581,1.0015382260842531,-0.10647071605763662,0.029156597234059736,0.15372949046443188,0.16221929378136515,0.01361862213183419,nan,nan,nan,1.0,-1.5707963267948966,0.0,nan,nan,nan,nan,nan,1.5844657354143428,1.412350721962807
95.60000000000001,21.181486023769548,11.175436792568078,-1.5668965455298414,0.9977166452168929,-0.10532711771305814,21.151474515405212,11.068587508893525,-1.5596743690268349,1.001272278466383,-0.11679316274075238,0.029153272039941884,0.1550652073852051,0.16394398988550674,0.013823044734562785,nan,nan,nan,1.0,-1.5707963267948966,0.0,nan,nan,nan,nan,nan,1.579830779981964,1.4172820214121262
95.65,21.182596058442996,11.115567538596276,-1.572986677845135,0.9979075123128206,-0.09855770869165945,21.15099488890792,11.008318185614788,-1.5670701978156798,1.0009518550653673,-0.10589007839906361,0.029253224803037884,0.15701687759960897,0.1665145744718571,0.013620264953899586,nan,nan,nan,1.0,-1.5707963267948966,0.0,nan,nan,nan,nan,nan,1.568889186717982,1.4289578436063994
95.7,21.183105167115578,11.075645025270598,-1.576813801294961,0.9980444373138561,-0.09388217478165391,21.15110275591648,10.968282047458231,-1.5715446410748273,1.0008010655606485,-0.1074762128418701,0.02925103513320464,0.15832658493152849,0.16821766517879658,0.013824684508993327,21.475540922737345,12.0584273989978,4.659952898342854,1.0,-1.5707963267948966,0.0,nan,nan,nan,nan,nan,1.56261351599628,1.43614719177788
95.75,21.183541225661983,11.015748483780564,-1.582208542446071,0.9982492961947289,-0.0870093391577674,21.172572765021794,11.01781222360758,-1.582913282824155,0.9940382309623824,-0.08033164091809247,0.02977396809739002,0.15293807446434535,0.1620304954318313,0.013618402885079331,nan,nan,nan,1.0,-1.5707963267948966,0.0,nan,nan,nan,nan,nan,1.5554698133770983,1.4437032096331859
95.80000000000001,21.18360567077957,10.955823225361941,-1.5871927868401832,0.9990068113685606,-0.08028644747883822,21.172056837547576,10.978041429331679,-1.5866260464376885,0.9952823247698404,-0.08805859753178036,0.02977136881602867,0.15428023991646503,0.163756672089898,0.013822852052023264,nan,nan,nan,1.0,-1.5707963267948966,0.0,nan,nan,nan,nan,nan,1.5595073908658115,1.4602522243911518
95.85000000000001,21.18345505586812,10.915846700374182,-1.5902865589061272,0.9994753731045207,-0.07557577060939122,21.162766884970516,10.917053923992942,-1.6001880605940852,0.9967649931871985,-0.031900780295314596,0.03057506868946002,0.15624083325245536,0.1663307574929646,0.013620125469467665,nan,nan,nan,1.0,-1.5707963267948966,0.0,nan,nan,nan,nan,nan,1.5490201153713892,1.4672431022247083
95.9,21.183157817206546,10.875855726005714,-1.5932060225471534,0.9998100456231344,-0.0715367415439375,21.16156747095521,10.877194632452406,-1.6034240332428655,0.9974720062232622,-0.07378543710507643,0.030568822868742213,0.15755698467020485,0.16803624149228996,0.01382457184416635,nan,nan,nan,1.0,-1.5707963267948966,0.0,nan,nan,nan,nan,nan,1.5488501349066666,1.4631268277779967
95.95,21.182452415271268,10.815853127882828,-1.5972684736086706,1.0001489076952175,-0.06440100054261201,21.193506776895052,10.855379359103292,-1.605082859993459,0.9958562474775549,-0.053287234160127026,0.03039836578192199,0.15216620028100591,0.1617327433380232,0.013618182003776853,21.525578222658257,11.23259493138501,0.9914997256791745,1.0,-1.5707963267948966,0.0,nan,nan,nan,nan,nan,1.5260818549676745,1.4839004682976347
96.0,21.18181984734427,10.775842847328835,-1.5997286275320761,1.0004101206837714,-0.05994867553906726,21.192122646559962,10.815559785137813,-1.6067464282961776,0.9967540407130651,-0.0380105810891348,0.03039970212712154,0.15351564371973792,0.16345920564641742,0.013822652953709793,nan,nan,nan,1.0,-1.5707963267948966,0.0,nan,nan,nan,nan,nan,1.5341486952853935,1.4808880918431597
96.05000000000001,21.180644262026927,10.715812267813398,-1.603142065815078,1.0007573871607474,-0.05495542718017068,21.188808383180106,10.755649579489717,-1.6108723760990176,0.9978293771515081,-0.03831748403280292,0.030504968918279786,0.15548655670779904,0.16603464262328424,0.01361997824914885,nan,nan,nan,1.0,-1.5707963267948966,0.0,nan,nan,nan,nan,nan,1.5363187126811146,1.4761869927052547
96.10000000000001,21.179719202751635,10.675786581656137,-1.605263337808827,1.0008820856148921,-0.0517863605763136,21.187182435003727,10.715764683265073,-1.6140859223715118,0.998337848556077,-0.07408776816065404,0.030499068193231327,0.1568097344550203,0.16774105248364068,0.013824436678333418,nan,nan,nan,1.0,-1.5707963267948966,0.0,nan,nan,nan,nan,nan,1.5282479104664146,1.4811403167470503
96.15,21.178136345473234,10.615747605824367,-1.6081774091027081,1.0009636300837097,-0.04582997680911192,21.241246591594624,10.738504467774023,-1.6180843562023206,0.993107414397873,-0.04864602812324843,0.03057653766947859,0.15141266279304483,0.16133629788916581,0.01361792449943726,21.83471854845451,11.487213252521064,3.907436042311743,1.0,-1.5707963267948966,0.0,nan,nan,nan,nan,nan,1.5107250065440345,1.4965200696932666
96.2,21.17633754199029,10.555698993386768,-1.610718076238548,1.0014702782743081,-0.04004094367525858,21.239364145917122,10.698809416174031,-1.618530120900796,0.9945737521123709,-0.01852477194247414,0.03058028442020576,0.15276924733290376,0.16306173813860886,0.013822409021566973,nan,nan,nan,1.0,-1.5707963267948966,0.0,nan,nan,nan,nan,nan,1.5201300391478194,1.5038403239274654
96.25,21.175028131876537,10.515652384212276,-1.6122633955068624,1.0017569085087685,-0.037901239663474924,21.23390423869471,10.638965125437105,-1.6232305683826185,0.9963300227878494,-0.03228080339917748,0.030826899575203355,0.1547503780210623,0.16563713490522133,0.01361977822203161,nan,nan,nan,1.0,-1.5707963267948966,0.0,nan,nan,nan,nan,nan,1.5292073752273307,1.490635287098842
96.30000000000001,21.173637241389848,10.475600050393943,-1.6137165737745733,1.0019165408824455,-0.035162214338317496,21.23179811198106,10.599158928481485,-1.624297517907642,0.9971614311590183,-0.014192391841256178,0.030828573869396653,0.15608037440362277,0.16734407764336082,0.013824247536605232,nan,nan,nan,1.0,-1.5707963267948966,0.0,nan,nan,nan,nan,nan,1.5138494636310624,1.5009078855292821
96.35000000000001,21.171410592769252,10.41552024539595,-1.6156869984947708,1.002009549279598,-0.03146347381296002,21.22862453169466,10.539399607302546,-1.6261129885525152,0.9981581841602767,-0.020127095530922772,0.030821296460178057,0.15802028876765542,0.1698868163386835,0.013621400841306386,20.915939240941583,10.890872385884679,0.7975649612715079,1.0,-1.5707963267948966,0.0,nan,nan,nan,nan,nan,1.5180407496754034,1.4943643028134834
96.4,21.169839745542646,10.375469428660123,-1.6168900861842905,1.0019959707171933,-0.029165449096919416,21.19761454903097,10.536360763270812,-1.6281509588134484,0.9964005715584996,-0.05934676399218446,0.030830205626872827,0.1520371021785878,0.16257853902906183,0.013822113676000239,nan,nan,nan,1.0,-1.5707963267948966,0.0,nan,nan,nan,nan,nan,1.5112179948175444,1.4982888894595539
96.45,21.167366378042477,10.315397995437031,-1.6184804580248195,1.0020636563563274,-0.024057449992970516,21.190370646856515,10.47646614551824,-1.6343026665778673,0.997536443680687,-0.029132847540327255,0.03119805418318087,0.15402863631763591,0.16515335033923673,0.013619517087348411,nan,nan,nan,1.0,-1.5707963267948966,0.0,nan,nan,nan,nan,nan,1.4949128034952504,1.5200468900092539
96.5,21.164767821298035,10.25532653340948,-1.6197395973577133,1.0021095554168746,-0.019003292055987327,21.187839487552548,10.436638905074084,-1.6354071835367539,0.9981391383158027,-0.04631340505212569,0.031195560960509763,0.15536544916429226,0.16686037789506145,0.013823992216938693,nan,nan,nan,1.0,-1.5707963267948966,0.0,nan,nan,nan,nan,nan,1.4958110574551517,1.5158641974987563
96.55000000000001,21.16297408246942,10.215282122774418,-1.6204081868994418,1.0020795737703838,-0.015332704837313771,21.18361546445647,10.376849712787756,-1.6371674970992707,0.9988610929375696,-0.02219211865828997,0.031227593950715792,0.15731522576073972,0.16940400609685463,0.0136211749119139,21.271835729328764,10.948787027891473,1.2023624539065687,1.0,-1.5707963267948966,0.0,nan,nan,nan,nan,nan,1.486101484317825,1.5238587298149455
96.60000000000001,21.161137151463592,10.175241640865549,-1.6209462202274156,1.0020160168019794,-0.012501302679541429,21.188473259493104,10.395969537896496,-1.638846332026982,0.9954294504585276,-0.059961951246954165,0.031218956655392475,0.15143221060295595,0.1621701209945242,0.013821901658325376,nan,nan,nan,1.0,-1.5707963267948966,0.0,nan,nan,nan,nan,nan,1.491723213423972,1.5161280821966192
96.65,21.158311087559195,10.115184426982708,-1.6215361850602286,1.0021428378857855,-0.007416181505818778,21.17999887985782,10.33624601471185,-1.643849172966649,0.9968088242715347,0.0035548532142203678,0.03165107800751715,0.15343256126244206,0.16474705175900267,0.01361933036593328,nan,nan,nan,1.0,-1.5707963267948966,0.0,nan,nan,nan,nan,nan,1.479018505427879,1.5393562451069118
96.7,21.15638759815011,10.075141107050138,-1.6217638444070512,1.0022487658414803,-0.005051051226862771,21.177094052724854,10.296471774349914,-1.6439451273926875,0.9975711428462929,-0.012275562174122814,0.03164903618976653,0.15477515941648484,0.1664558005715231,0.01382380603473793,nan,nan,nan,1.0,-1.5707963267948966,0.0,nan,nan,nan,nan,nan,1.4945664202456908,1.5198297676365022
96.75,21.15345399145943,10.015074969680215,-1.621974544173375,1.0022864095194994,-0.002223783887358491,21.170081225563347,10.236721649405027,-1.6474799156354207,0.9984831930055553,-0.013142290970814027,0.031891137334513854,0.1567333080344024,0.16900238660424405,0.013621009999476677,nan,nan,nan,1.0,-1.5707963267948966,0.0,nan,nan,nan,nan,nan,1.486641822015012,1.5255888530005917
96.80000000000001,21.151473114367917,9.975032697571597,-1.622005909343825,1.0022451395749266,0.0001686328749870142,21.137122746976036,10.208544603868058,-1.6477314388179196,0.9982903431408476,0.01481695876350313,0.031909586948852604,0.15081692863095753,0.1616826096897926,0.013821576051150508,20.837617887751417,10.327829685436797,0.44264200361091327,1.0,-1.5707963267948966,0.0,nan,nan,nan,nan,nan,1.4792793751240008,1.5302909897635377
96.85000000000001,21.148474404391113,9.914974733733288,-1.6218968133911649,1.0021757842350647,0.00257397619867607,21.13432081942727,10.148815638441041,-1.6447205553045319,0.9989694780479579,0.010974772918238273,0.031737002227298146,0.15282624994015065,0.16425963488111162,0.01361903747214013,nan,nan,nan,1.0,-1.5707963267948966,0.0,nan,nan,nan,nan,nan,1.4900331309024044,1.520201266422215
96.9,21.146462042023444,9.874939179405498,-1.6217724435076002,1.0021111214744902,0.003372855154004861,21.131366737179928,10.108962764215647,-1.6453831324337052,0.9993062130634828,-0.016015190466541453,0.03173340450952648,0.1541744956837501,0.16596899855178657,0.013823508660464194,nan,nan,nan,1.0,-1.5707963267948966,0.0,nan,nan,nan,nan,nan,1.4916500213799677,1.516598497320923
96.95,21.143432444897236,9.81489251832382,-1.621506798072762,1.0019829636205038,0.005568321227653017,21.125116691170046,10.049168671000645,-1.6464946956396342,0.9997082048087523,-0.010197807277481492,0.03190209209939521,0.15614072595368636,0.16851715975078566,0.013620734585933434,nan,nan,nan,1.0,-1.5707963267948966,0.0,nan,nan,nan,nan,nan,1.4789994784542273,1.5282735245469148
97.0,21.14141027767845,9.774866200280345,-1.6212391401442574,1.0018822454686542,0.00733201297606257,21.122105019001076,10.00929192989755,-1.6455262178750538,0.999897702399516,0.012098425343399284,0.03190468211169622,0.15746271430533793,0.1702041395417916,0.013825184519977678,21.892195421628323,9.708087872875495,2.4830261502792284,1.0,-1.5707963267948966,0.0,nan,nan,nan,nan,nan,1.4786849023386104,1.5273967151862853
97.05000000000001,21.138379886307845,9.714834427302405,-1.6207414526450794,1.0017267459832495,0.008602553745110698,21.185055540740013,9.917975961260735,-1.6462820121443824,1.0016235652202201,0.006883100175178521,0.03207639419843399,0.1522089340009634,0.1637004963960319,0.013618635961906881,nan,nan,nan,1.0,-1.5707963267948966,0.0,nan,nan,nan,nan,nan,1.4884007736322995,1.5171174660003293
97.10000000000001,21.136365113509466,9.674819501979632,-1.6203837161026078,1.0015485941257234,0.009216854723981729,21.182040409869746,9.878026670930563,-1.645141610309304,1.001425955267972,0.032070796101703075,0.032079616235512275,0.1535627407876154,0.16540975686535891,0.013823101294153541,nan,nan,nan,1.0,-1.5707963267948966,0.0,nan,nan,nan,nan,nan,1.482174140372709,1.5180853325367967
97.15,21.133356668240626,9.614811424925103,-1.619820088631536,1.0012690115787,0.009130662214072521,21.17652556612709,9.818132218116109,-1.6452531005222548,1.0011877322358593,0.02359835879628132,0.03217779994301443,0.15553698739262414,0.16795867508580858,0.013620362573514377,nan,nan,nan,1.0,-1.5707963267948966,0.0,nan,nan,nan,nan,nan,1.4938488611250371,1.5069321438778138
97.2,21.131362215063888,9.574813555992618,-1.6194615581655578,1.001126659958594,0.008952700920305767,21.173542060861326,9.778197165338328,-1.6456229237442337,1.0010745167195672,0.00019212044731850033,0.03217469663310353,0.1568640682536047,0.16964666696920172,0.013824805956508191,20.6742169911673,9.279227870921172,1.8008963734359251,1.0,-1.5707963267948966,0.0,nan,nan,nan,nan,nan,1.4902480082570781,1.511188279230318
97.25,21.128391227440037,9.514824833986369,-1.6188986859870342,1.0009590552353462,0.010028012189435078,21.128977574233936,9.666419812925554,-1.640064241445072,1.004199732776978,0.019270765228517506,0.03173890222301159,0.1516961879541607,0.1632296392336563,0.013618305406347005,nan,nan,nan,1.0,-1.5707963267948966,0.0,nan,nan,nan,nan,nan,1.4800996054562274,1.521622602744067
97.30000000000001,21.125448560436194,9.454851145245325,-1.6182986648592361,1.0005580957387528,0.009587907536267887,21.126204327195186,9.626355193726605,-1.6394389354446002,1.0034735995386317,0.014756716617954076,0.03173863865225952,0.15305434758714384,0.16494071565200324,0.013822762064353398,nan,nan,nan,1.0,-1.5707963267948966,0.0,nan,nan,nan,nan,nan,1.4909299298386582,1.5012066435505547
97.35000000000001,21.12350311243913,9.414881653654332,-1.6179273157148264,1.000324501372564,0.009123191655654162,21.122396097295667,9.566297029727728,-1.6389294372954,1.002602793238435,0.003014873745115856,0.031708444381994626,0.15503476510418893,0.16749262478885646,0.013620047853862054,nan,nan,nan,1.0,-1.5707963267948966,0.0,nan,nan,nan,nan,nan,1.4907214162209452,1.503419876906375
97.4,21.120611000014684,9.354939672499846,-1.617384238835133,1.0001020191671983,0.009121801855272074,21.11967382790354,9.526289709932534,-1.6382083163682903,1.0021905782381433,0.01329717205441815,0.03170978627328729,0.15636578848163657,0.16918279754302143,0.013824483252200368,nan,nan,nan,1.0,-1.5707963267948966,0.0,nan,nan,nan,nan,nan,1.4876894003624421,1.5089341720035467
97.45,21.118700559812662,9.314982986195115,-1.6170277533197666,1.0000148509069036,0.008756382614817843,21.09368102638328,9.39951024847568,-1.630999896935804,1.0060065165997727,0.007430068516112108,0.031107592880553207,0.15115331212376193,0.16268951266566298,0.013617848375814947,20.80558146944906,8.866532301098806,1.8373686345289257,1.0,-1.5707963267948966,0.0,nan,nan,nan,nan,nan,1.4931104991734443,1.5046401892815122
97.5,21.115861495558867,9.25506177356728,-1.6165503960823933,0.9995804019881884,0.007219436059535238,21.091266032149594,9.359353990079935,-1.6306725241269708,1.0048983671934195,0.003162836071612774,0.031107306747620623,0.15251576773365141,0.16440120912894113,0.013822297039415373,nan,nan,nan,1.0,-1.5707963267948966,0.0,nan,nan,nan,nan,nan,1.4954011985987083,1.4906013489413712
97.55000000000001,21.113985709381428,9.21512832222921,-1.6162843578169745,0.9993400630596687,0.0063394134340671576,21.086978962747857,9.299221542922341,-1.631241819922734,1.0035697678919613,-0.018495296647514148,0.031170818276369538,0.15450246459573572,0.1669548911865406,0.013619618136604651,nan,nan,nan,1.0,-1.5707963267948966,0.0,nan,nan,nan,nan,nan,1.4954257487771925,1.493656328622276
97.60000000000001,21.112123107139045,9.175201654509866,-1.6160364074589992,0.9991987729802393,0.006315001245721456,21.084564660602148,9.259157975397578,-1.630677818585269,1.0029419363333913,-0.0006639232529892603,0.03117298456593627,0.1558374874445812,0.16864674425249887,0.013824041750117491,nan,nan,nan,1.0,-1.5707963267948966,0.0,nan,nan,nan,nan,nan,1.4875099792851456,1.5053794076240994
97.65,21.10935300590096,9.115316979304216,-1.6156571790194063,0.9991015719125323,0.0060487494601455805,21.097951561087775,9.23672162847675,-1.6333893865598066,0.9995917197368773,-0.006063651428989621,0.031337776302564846,0.1505841611898292,0.16208837996542536,0.013617292792342287,21.28949046052641,9.578891557020029,0.6228593308929522,1.0,-1.5707963267948966,0.0,nan,nan,nan,nan,nan,1.4960573221197213,1.4985684626485638
97.7,21.10752070578452,9.075392438300813,-1.6154190476437653,0.9992250327036951,0.006030451066185101,21.09546114754674,9.196813835081583,-1.6330751143334155,0.9997610499661069,-0.008075601352780794,0.03133747614130396,0.15195117289735485,0.16380042963752917,0.01382173098647443,nan,nan,nan,1.0,-1.5707963267948966,0.0,nan,nan,nan,nan,nan,1.4945526454900397,1.5101442030809435
97.75,21.10479343328929,9.015490467648881,-1.6150442482544227,0.9994926950550832,0.006406842563763923,21.09494384587967,9.136802205778299,-1.628294351706537,0.9999644330558827,0.020421313712718943,0.031042233104320128,0.15394468967621203,0.16635664025133734,0.013619097327927878,nan,nan,nan,1.0,-1.5707963267948966,0.0,nan,nan,nan,nan,nan,1.4936598583294203,1.510540947055569
97.80000000000001,21.10298851970012,8.975547508830283,-1.6148069390937567,0.999628459286995,0.0052946817618790675,21.092657603281225,9.096868040232888,-1.6273492555826237,1.0000591825656562,0.014536171736863618,0.031042186869631234,0.15528394699486656,0.16805129590291767,0.013823510070604525,nan,nan,nan,1.0,-1.5707963267948966,0.0,nan,nan,nan,nan,nan,1.5116380927103188,1.491954341752549
97.85000000000001,21.10029860527806,8.915623596487546,-1.6145719433300554,0.999788207214299,0.003050497075445481,21.08525829343652,9.037136144605238,-1.63038531629145,1.0001682657833428,0.006777009174624938,0.03139966343528544,0.15723506149315153,0.1705764427582909,0.01371562933899134,21.185932872581457,8.950710706220976,0.06368947584205474,1.0,-1.5707963267948966,0.0,nan,nan,nan,nan,nan,1.5102753116331065,1.493029915172158
97.9,21.098516281379453,8.875669176634847,-1.6144693604320375,0.9998711554063785,0.0024459246846480023,21.09190243701179,8.988214990205485,-1.6301026733930626,1.000743445700254,-0.0041815412059571355,0.031393556839056425,0.15136511461600316,0.1631536607771139,0.013914793089526091,nan,nan,nan,1.0,-1.5707963267948966,0.0,nan,nan,nan,nan,nan,1.5021517791263754,1.500817784736662
97.95,21.09585772717454,8.815732354705455,-1.614325059219005,0.9999348443382683,0.002517203572784893,21.08584136868935,8.928393180405523,-1.6335850735680806,1.0006712887597915,-0.02330164706933957,0.0316264733812023,0.15336625520831226,0.16571308713401506,0.013700440302935714,nan,nan,nan,1.0,-1.5707963267948966,0.0,nan,nan,nan,nan,nan,1.4970144355708597,1.5041924162564315
98.0,21.093215630161364,8.755792567272051,-1.6141188268919928,0.999969175156275,0.0043909578284784725,21.083323723657728,8.888446128840311,-1.6340024256606123,1.0006218431149771,-0.006968369000101639,0.03162789983944472,0.15471050072876613,0.16741034433315566,0.013903676656301493,nan,nan,nan,1.0,-1.5707963267948966,0.0,nan,nan,nan,nan,nan,1.4839203024208125,1.5174694557898765
98.05000000000001,21.09146309111223,8.715831151927613,-1.613922042296073,0.9999925001352826,0.005175847694903148,21.07821624542436,8.82859369214264,-1.6346594112507624,1.0005618474034867,0.00554344847423886,0.0317490554514191,0.1566688379576175,0.16994008962799798,0.013690677299626036,21.503251293452475,7.950136212237047,3.4267677642698366,1.0,-1.5707963267948966,0.0,nan,nan,nan,nan,nan,1.489570177404729,1.5119368255846546
98.10000000000001,21.089717480760243,8.6758685169164,-1.613704289098798,1.000015588881539,0.0055197404801215835,21.11318811457435,8.697673466701373,-1.6330651852763656,1.006051765794445,0.01889420769478533,0.03172817073243445,0.15087794237723062,0.16261710209047417,0.013890108255403212,nan,nan,nan,1.0,-1.5707963267948966,0.0,nan,nan,nan,nan,nan,1.493346057969109,1.5083128397845713
98.15,21.087113131439686,8.615930981903464,-1.6133825659218026,0.9996768735092253,0.005001845867684714,21.112042295103784,8.637322445128273,-1.6294937061344146,1.0045849093265338,0.019091084912949797,0.03148400291252672,0.1528857688272072,0.16518136653498713,0.013678750726792852,nan,nan,nan,1.0,-1.5707963267948966,0.0,nan,nan,nan,nan,nan,1.492380184595217,1.4925063696958663
98.2,21.085386117490234,8.575988339299393,-1.6132042423904638,0.9993969743668106,0.004047169962863136,21.10968913896204,8.597216847994021,-1.6288021249953442,1.0037328592324766,0.021092053883721745,0.03148465038366503,0.15423408424956148,0.16688178150845337,0.01388221561057535,nan,nan,nan,1.0,-1.5707963267948966,0.0,nan,nan,nan,nan,nan,1.4996083292674152,1.489449548961075
98.25,21.082808714611588,8.516088983814742,-1.6130169913778707,0.9991440402451597,0.0024565128639390107,21.109395424888756,8.536952397542551,-1.6250696303790735,1.0027116950943096,-0.01228192403512519,0.031195310204383687,0.15619814677362578,0.16941625292497922,0.013671819764590757,nan,nan,nan,1.0,-1.5707963267948966,0.0,nan,nan,nan,nan,nan,1.5023408132336011,1.4890865723154367
98.30000000000001,21.081098643971423,8.476161539962751,-1.6129318681595666,0.9990707257404559,0.0021017582266712525,21.068577687792885,8.441035778749537,-1.6250907621106316,1.006118805107876,0.03372648642020163,0.031218676848179246,0.15035650651764865,0.16202673727857544,0.013871295642217863,20.681011906594488,7.982517104929976,1.687445900247895,1.0,-1.5707963267948966,0.0,nan,nan,nan,nan,nan,1.4957825513024408,1.4985727419063828
98.35000000000001,21.078544712426112,8.416278590546204,-1.612848719751969,0.9987791946312724,0.0,21.06568334587318,8.380768324096909,-1.6232541157125535,1.0045297965375877,0.021900976674889,0.03118513313844768,0.15237075193161012,0.16459277025907174,0.013662218313545424,nan,nan,nan,1.0,-1.5707963267948966,0.0,nan,nan,nan,nan,nan,1.5086191105626086,1.4752089123501217
98.4,21.076847323549604,8.3763684614102,-1.6128796589770522,0.9985862750572526,0.0,21.06357584361418,8.34065126701105,-1.6236171539789275,1.0036673725367329,-0.008027933614793472,0.031181672207549468,0.15372307280775743,0.16629501036054192,0.01386586185252851,nan,nan,nan,1.0,-1.5707963267948966,0.0,nan,nan,nan,nan,nan,1.5086518552590051,1.4797167035377108
98.45,21.07430691100274,8.316511890773238,-1.6129970735586248,0.9984535306658853,-0.0019372216576717296,21.061737303439134,8.280468096374918,-1.6217142782750154,1.002633676877952,0.011858605381293866,0.031062673667295787,0.15569326374759046,0.1688329245024638,0.013657451945304766,nan,nan,nan,1.0,-1.5707963267948966,0.0,nan,nan,nan,nan,nan,1.4970735812955147,1.493698880876929
98.5,21.071769931238677,8.256658138889488,-1.6131427015331057,0.9984583527968844,-0.0030293793215992277,21.05968360339102,8.240420402707286,-1.6222276277562084,1.002145158715781,0.00515488036541132,0.031061958613522404,0.15701871126953207,0.17051354365811294,0.013861151478360492,20.77126971933284,8.648135937816065,0.8991353548630461,1.0,-1.5707963267948966,0.0,nan,nan,nan,nan,nan,1.50911262225864,1.4846292430462487
98.55000000000001,21.07007819228234,8.21675401857683,-1.6132775725612611,0.9985062623146117,-0.00354079219947563,21.037032202811314,8.222520985153578,-1.6159317264121622,0.9991814998950915,-0.002379612745253168,0.0305000400437497,0.15182583747563513,0.16395427952026878,0.013649606675800369,nan,nan,nan,1.0,-1.5707963267948966,0.0,nan,nan,nan,nan,nan,1.5060830998010528,1.48901706205456
98.60000000000001,21.0675366686293,8.156887409314598,-1.6135341722239773,0.9988196299756954,-0.004927203989729281,21.035216876477122,8.182592883053658,-1.6164042163086545,0.999385646685502,0.002419900213668461,0.03050069499650067,0.15318213810276204,0.16565894997753872,0.013853390823065413,nan,nan,nan,1.0,-1.5707963267948966,0.0,nan,nan,nan,nan,nan,1.516753428308427,1.4872786350144995
98.65,21.065837909126856,8.11696487519067,-1.6137572721494704,0.9990312590854475,-0.005957885257504606,21.034617382010847,8.12257785933029,-1.613527471814499,0.999630299622846,0.02627118529210332,0.030309597727501587,0.1551584705373214,0.16820209262214347,0.013646502117661193,nan,nan,nan,1.0,-1.5707963267948966,0.0,nan,nan,nan,nan,nan,1.5174455978469348,1.4860047427704852
98.7,21.06327930956655,8.05706786385731,-1.6142094878122841,0.9992788036259341,-0.00895136027332213,21.03291595621849,8.08262754904365,-1.6135087185875108,0.9997454764131918,-0.008476129678931833,0.03030603683257693,0.15648766464619482,0.16988701136568113,0.013850325543751053,20.96318770262803,7.893025518987996,0.1465563818418795,1.0,-1.5707963267948966,0.0,nan,nan,nan,nan,nan,1.5307298359978574,1.4720050308263886
98.75,21.06156444586361,8.017129749955773,-1.6145858681268208,0.9994076636774807,-0.00956601567847386,21.023476791607642,8.00297129633913,-1.6148547241235587,1.001052949459129,-0.01926537610795639,0.030357164471030037,0.15137038866190936,0.16342960188797553,0.013640143382233337,nan,nan,nan,1.0,-1.5707963267948966,0.0,nan,nan,nan,nan,nan,1.5164790757951139,1.485922986837435
98.80000000000001,21.05984115453782,7.977188441608413,-1.614969844786964,0.9994562798280032,-0.009492367780600372,21.021712017890387,7.9629698083949325,-1.6157591365810473,1.000881060254958,-0.03396611904602875,0.030355185778652906,0.15273043968868014,0.16513881463641847,0.013844035957919578,nan,nan,nan,1.0,-1.5707963267948966,0.0,nan,nan,nan,nan,nan,1.5079365436274048,1.490490452394376
98.85000000000001,21.057237867861055,7.91727611170155,-1.6155079890991704,0.9994813097201641,-0.00837713644356851,21.016710931697794,7.903096920759388,-1.619063576639734,1.0006747062304573,-0.024762761455194758,0.030564468563540257,0.15471260806737078,0.16768856160736542,0.01363828625980653,nan,nan,nan,1.0,-1.5707963267948966,0.0,nan,nan,nan,nan,nan,1.5007106210168943,1.4981879896046515
98.9,21.05548906392297,7.877333972722079,-1.6158185207049696,0.9995100979839057,-0.007386874237555838,21.014789711103134,7.8631171118121905,-1.618850894020945,1.0005769370594504,-0.014432988440927764,0.03056577682072414,0.15604551508519346,0.16937771939868185,0.013842203735440721,nan,nan,nan,1.0,-1.5707963267948966,0.0,nan,nan,nan,nan,nan,1.499486631096964,1.4999973062865612
98.95,21.052844964322496,7.817419229537282,-1.6162255494680895,0.9995599338287546,-0.006535442257480211,21.05967345846841,7.775119827965999,-1.616326433035166,1.0020678354578483,-0.019172538785527996,0.03035377047465957,0.15087642714880423,0.16285339157781448,0.013632881581385344,21.52785914030325,7.571520630086911,1.2197061061996348,1.0,-1.5707963267948966,0.0,nan,nan,nan,nan,nan,1.503829521724748,1.4959188763188251
99.0,21.05106827460513,7.77747633673132,-1.6164818184763905,0.9995194063533683,-0.00636805769603342,21.057846432977115,7.735082755934388,-1.616540590178169,1.0016864869541129,-0.006339809256930278,0.03035522186581504,0.15224067486400558,0.164564647061658,0.013836858755343557,nan,nan,nan,1.0,-1.5707963267948966,0.0,nan,nan,nan,nan,nan,1.5032046990503323,1.491967612025155
99.05000000000001,21.0483824383473,7.717568106039928,-1.6168700451058016,0.9994308205459289,-0.0066968103049098796,21.05308945341788,7.675153669769517,-1.618834021726488,1.001229152938223,-0.002076361533871269,0.030539853588836728,0.15422920633272594,0.16711809837691138,0.013631987441642367,nan,nan,nan,1.0,-1.5707963267948966,0.0,nan,nan,nan,nan,nan,1.5083176944121004,1.4879143378268875
99.10000000000001,21.045671611000085,7.657663846936268,-1.6172841698184182,0.9994099244792609,-0.006985217334977853,21.05116057082222,7.635153164118609,-1.6197351916423286,1.0010128790187944,-0.022561034356240912,0.03053721140716238,0.1555660285193533,0.16881005437130503,0.013835981039208248,nan,nan,nan,1.0,-1.5707963267948966,0.0,nan,nan,nan,nan,nan,1.5069980099045672,1.490544566735179
99.15,21.04385097885149,7.617728256777314,-1.6175434806229942,0.9994181331132344,-0.00612221286276486,21.035249825348856,7.465646963761796,-1.6242648415321763,1.0081126320221003,0.009093144871145353,0.030917139341818042,0.1503500710308205,0.16222682559554688,0.013627294006794351,20.956050027316113,6.543927975737233,3.9898327619276714,1.0,-1.5707963267948966,0.0,nan,nan,nan,nan,nan,1.4975067804812938,1.5006339739657983
99.2,21.042020636149154,7.577799204476187,-1.617774356931789,0.9990765370091029,-0.005687578169194513,21.03308681071222,7.425397232197677,-1.62441300603769,1.0064980930660945,0.011371362555473734,0.03091744909195049,0.15171921838290084,0.16393867339394477,0.01383133651902083,nan,nan,nan,1.0,-1.5707963267948966,0.0,nan,nan,nan,nan,nan,1.4922541894582788,1.484181674377791
99.25,21.039256408533568,7.517940487988054,-1.6181082646126124,0.9984776276254997,-0.005494236769435908,21.03112524038217,7.365071743362771,-1.623899137517065,1.0045639785084284,-0.017500102294626323,0.030795873480241834,0.15371510349512635,0.1664935643001744,0.013627139323415905,nan,nan,nan,1.0,-1.5707963267948966,0.0,nan,nan,nan,nan,nan,1.4949345024848824,1.4860200735659
99.30000000000001,21.037401595157544,7.478049819931678,-1.6183106906537104,0.9982730526455359,-0.00459017876850787,21.028985996122643,7.324955648897815,-1.624115629966201,1.003651015011104,0.001876952415453876,0.030797868625447568,0.1550564353670045,0.16818678336872916,0.013831189313514857,nan,nan,nan,1.0,-1.5707963267948966,0.0,nan,nan,nan,nan,nan,1.4866782776459573,1.4998504431524018
99.35000000000001,21.034603073396852,7.41822382428047,-1.6185398024848987,0.9981339591004874,-0.003559817049279189,21.017305773547587,7.265276263300061,-1.633467393274285,1.002556998413181,-0.0302784823146036,0.03154237994797538,0.15700976422713042,0.17070909646538526,0.013627016212747851,21.214480175634336,8.369089113933612,4.505158171604662,1.0,-1.5707963267948966,0.0,nan,nan,nan,nan,nan,1.4951159342111384,1.493969126328639
99.4,21.03178737726601,7.358401768807172,-1.6186458526233287,0.998139120631588,0.0,21.03328873351093,7.340950064249334,-1.6329423705297825,0.9947934412909006,0.009995232617947018,0.031541382377247955,0.15117084917554507,0.16326385136744326,0.013827048187008726,nan,nan,nan,1.0,-1.5707963267948966,0.0,nan,nan,nan,nan,nan,1.4694898599611474,1.5227494004517395
99.45,21.02990183349095,7.318508137150327,-1.618607066432943,0.9986650309022762,0.0,21.030025303499453,7.28133418668305,-1.6325191587141394,0.9960502366201687,-0.030786526770410758,0.03149759073642289,0.15317377190093892,0.1658210050757868,0.01362337321920074,nan,nan,nan,1.0,-1.5707963267948966,0.0,nan,nan,nan,nan,nan,1.4978516494833942,1.5179386102317889
99.5,21.028011475251667,7.278593351759014,-1.6185146003568613,0.9991386908908924,0.003220375566406833,21.027560650508914,7.241560199267015,-1.6324644568140125,0.9968528667811368,0.009842697047117429,0.03150193926912518,0.15451948513908625,0.16751728948049938,0.013827466284755698,nan,nan,nan,1.0,-1.5707963267948966,0.0,nan,nan,nan,nan,nan,1.4800787003825138,1.532138661513857
99.55000000000001,21.025171470905814,7.218692698763612,-1.6182377704654634,0.9996473934756619,0.004979454717193066,21.02824340770164,7.181609419196892,-1.6281033875735869,0.9978156197671895,-0.0031064918125887067,0.031111033379204848,0.15647942428284803,0.17004635162728018,0.013623748721514426,21.08166391316413,7.208707247599634,0.013021083586032184,1.0,-1.5707963267948966,0.0,nan,nan,nan,nan,nan,1.494978835198639,1.5149879928757704
99.60000000000001,21.023277140247558,7.178745287589126,-1.618032151211545,0.9998690262678771,0.0052166188438399095,21.030739429070174,7.144614004545887,-1.6287405721209411,0.9980748372224196,-0.016143561587982292,0.03110676707248304,0.15071407966205758,0.16270708850132665,0.01382387918959285,nan,nan,nan,1.0,-1.5707963267948966,0.0,nan,nan,nan,nan,nan,1.494664708238243,1.512523079889649
99.65,21.020438893326205,7.1188109641223205,-1.6176931680799316,1.0001049080504743,0.00617207597883163,21.033904159515043,7.084462315131799,-1.6224397598308191,0.9986710723542306,-0.03663217700706885,0.030484207751378264,0.15272299996036937,0.16527238027775776,0.013620590415089819,nan,nan,nan,1.0,-1.5707963267948966,0.0,nan,nan,nan,nan,nan,1.4878636851670177,1.5186427087340628
99.7,21.018551513424885,7.0788480978362545,-1.6174264731757564,1.000205564803221,0.00693278098724511,21.031822805422184,7.044566805871211,-1.6234234851858478,0.9989582068929599,-0.00673273644696184,0.030487010873917243,0.1540722292773902,0.16697403488745774,0.013824712563331048,nan,nan,nan,1.0,-1.5707963267948966,0.0,nan,nan,nan,nan,nan,1.488000110762815,1.5167840241251214
99.75,21.015730698967864,7.01889791665432,-1.617000788130386,1.0002961400484205,0.006857765513224215,21.023673025906106,6.984972099936875,-1.6280092916493103,0.9993023626036639,0.011733710643156352,0.030937008409750617,0.1560378028735165,0.1695106141511752,0.013621329400743822,nan,nan,nan,1.0,-1.5707963267948966,0.0,nan,nan,nan,nan,nan,1.4978165061819417,1.5061583147451583
99.80000000000001,21.01292493789895,6.958943545895323,-1.6166122722164593,1.0003325946070094,0.006226662534590555,20.994518378284795,6.9088041753814275,-1.6274349476985837,1.0019960135029962,0.02198240645297579,0.030951144879764678,0.15021812417428773,0.1621080099809264,0.013821357179741353,20.72499141879331,6.619022190205066,0.7508884930256469,1.0,-1.5707963267948966,0.0,nan,nan,nan,nan,nan,1.4975395178673754,1.5054377177974296
99.85000000000001,21.011064375698684,6.918976895928001,-1.6163823453510016,1.0001675170664253,0.005441238437305552,20.990328940528155,6.848830714900154,-1.6284358167590158,1.0015346507033906,-0.0037850360052920523,0.03102219191527889,0.15223398085188072,0.16467637992450643,0.013618374248866527,nan,nan,nan,1.0,-1.5707963267948966,0.0,nan,nan,nan,nan,nan,1.4981269423263015,1.4966695399653567
99.9,21.009212149228887,6.879016416189639,-1.6161665184113174,1.000024170362511,0.005614418488887067,20.988028640108382,6.808838441605335,-1.628034069153947,1.0012437961441698,0.0016253843984679163,0.031022783479954498,0.15358750214426894,0.16638022757508142,0.013822524779111542,nan,nan,nan,1.0,-1.5707963267948966,0.0,nan,nan,nan,nan,nan,1.4866841422343495,1.5094196959209558
99.95,21.006450766447713,6.819083393077144,-1.61580340629764,0.9998756699144715,0.006252535497722846,20.984708728473773,6.74886334229703,-1.6273028737593374,1.000895011907768,0.01071568346151778,0.031014103336221815,0.15555946118599362,0.168920502755906,0.013619406296834027,nan,nan,nan,1.0,-1.5707963267948966,0.0,nan,nan,nan,nan,nan,1.489569930026888,1.5073442819988714
100.0,21.003709742280186,6.759155981214926,-1.6154314848832052,0.999792256683293,0.006051208194909624,20.982439210308517,6.7088936217838855,-1.6275910057122243,1.0007301368458645,0.006935226029636866,0.031013523521058413,0.15688614121946248,0.17060260183580467,0.013823547712580658,20.725701052903204,6.542927972030665,0.3384563470562736,1.0,-1.5707963267948966,0.0,nan,nan,nan,nan,nan,1.4945211110661092,1.5033947030734673
100.05000000000001,21.00189395522511,6.719205900187665,-1.6151898252215595,0.9997597368095491,0.006057529668040039,20.960667238704136,6.631112086843819,-1.6224024651851947,1.0016340801651704,0.003817523919130129,0.03057217170022868,0.1517125665280938,0.16403134964538862,0.013616583188882161,nan,nan,nan,1.0,-1.5707963267948966,0.0,nan,nan,nan,nan,nan,1.492521815941148,1.5058521165418455
100.10000000000001,21.000087632388166,6.679257371059945,-1.6149549525613105,0.9996871663581384,0.005639811402265179,20.958598957191594,6.591103404425313,-1.622659514648097,1.0013175632612816,-0.0054161995588574785,0.030571009563932966,0.15307020241282973,0.16573672289911304,0.013820752440915374,nan,nan,nan,1.0,-1.5707963267948966,0.0,nan,nan,nan,nan,nan,1.4974027482124503,1.498177650304367
100.15,20.997395464370307,6.6193399664988375,-1.6146372180774167,0.9995799645229508,0.005219907123233605,20.95669560660691,6.5310471520124205,-1.6217142796971944,1.00094810169833,-0.008689943289249845,0.030461902833795466,0.1550485594763193,0.16828031632593515,0.013712487828111925,nan,nan,nan,1.0,-1.5707963267948966,0.0,nan,nan,nan,nan,nan,1.4935062049619368,1.502957866103483
100.2,20.99561225141339,6.57939707933874,-1.6144294828417163,0.9995448855973248,0.005180604932161905,20.9546526350948,6.491063289614205,-1.6216694221356394,1.0007667314858695,0.009704355356273993,0.030463922694177976,0.15637912751139507,0.169965166065992,0.013915357341522454,21.74116632915998,6.666124528318891,2.362995944208702,1.0,-1.5707963267948966,0.0,nan,nan,nan,nan,nan,1.493890459933592,1.5036345907357664
100.25,20.992954037361198,6.519483487001766,-1.614137087836841,0.9995240471443049,0.004420899935180715,21.0232247425924,6.449842807146418,-1.620639454850294,0.9992297614995783,-0.027020695328344575,0.03029108217610462,0.1512774348568466,0.16349548260326335,0.013696908402501302,nan,nan,nan,1.0,-1.5707963267948966,0.0,nan,nan,nan,nan,nan,1.5013139872889742,1.496716837443472
100.30000000000001,20.991192403023142,6.479539673894817,-1.6139605260709995,0.9995917578170271,0.004679544880385739,21.021237267313246,6.409921397575613,-1.620469749025735,0.9993938749273299,-0.005016241893905004,0.030293630876392273,0.15263856011458996,0.16520450198486705,0.01389992615888709,nan,nan,nan,1.0,-1.5707963267948966,0.0,nan,nan,nan,nan,nan,1.4902444132448147,1.5124358333715262
100.35000000000001,20.98856593605516,6.419616088571458,-1.6136628899395742,0.999724006864127,0.004836652500114895,21.016211139666957,6.3501371932602995,-1.6210935425167683,0.9995906017746724,0.03067916346443264,0.03048661071115485,0.15462213115574883,0.16775404345411116,0.013687020231975114,nan,nan,nan,1.0,-1.5707963267948966,0.0,nan,nan,nan,nan,nan,1.4988213692294647,1.5033968433572547
100.4,20.985956503323454,6.359685507937902,-1.6134345683631626,0.9998098897281332,0.0027906506118748078,21.01420398297915,6.31020297338099,-1.621116877984664,0.9996834643693521,-0.0013758772206549762,0.030482997154607085,0.15595600483848723,0.16944313708649872,0.013890151387037477,nan,nan,nan,1.0,-1.5707963267948966,0.0,nan,nan,nan,nan,nan,1.5116274997422592,1.4900210022136993
100.45,20.984225750022013,6.319729077846984,-1.613328788189295,0.9998498192617042,0.002660766298814039,21.017036448370042,6.229384680131413,-1.6220047836104476,1.001083447059813,-0.012647230453712185,0.030610606367900264,0.15079979120965772,0.1629086004438559,0.013674643021884246,21.09568271604317,6.088282033626956,0.1710702145003889,1.0,-1.5707963267948966,0.0,nan,nan,nan,nan,nan,1.4983874970091784,1.5029982439442735
100.5,20.982502181032185,6.27977215099252,-1.6132135178736196,0.9998158664959484,0.0031271813463239983,21.01498062544531,6.189396329701442,-1.6220079478142924,1.000875170703602,0.009474286176582426,0.030612978825128305,0.15216499966943106,0.1646197384737226,0.013877909362003324,nan,nan,nan,1.0,-1.5707963267948966,0.0,nan,nan,nan,nan,nan,1.4901639947810161,1.5069676257480626
100.55000000000001,20.979929189157815,6.219841018720992,-1.6130136037523601,0.9997290759860098,0.003162952601769095,21.0099817790936,6.129530225875007,-1.6245952647723654,1.0006254280033682,-0.0018491733668290404,0.030785150007723878,0.1541548486882764,0.16717300314509093,0.013667692985893307,nan,nan,nan,1.0,-1.5707963267948966,0.0,nan,nan,nan,nan,nan,1.4990423322889959,1.4986703587735348
100.60000000000001,20.978221379880715,6.1798886711378955,-1.6128851887829396,0.999700732465372,0.0034168667969829555,21.00783887222787,6.089563851023808,-1.623825226369998,1.0005073841770595,0.011405692808829675,0.03078682923927744,0.1554926072393592,0.16886484771761068,0.013871043862072696,nan,nan,nan,1.0,-1.5707963267948966,0.0,nan,nan,nan,nan,nan,1.4907219566949017,1.5077086910681627
100.65,20.97567114381748,6.119960950442415,-1.6126653403228797,0.9996811073154671,0.003610037264830544,21.040220160801024,5.972595996082558,-1.6275215578776068,1.004052134701414,0.0046530381649176715,0.03116623744712727,0.1502871848731968,0.16227302493227758,0.013657743772792897,21.454287950155248,5.49775997310902,1.8412136027688506,1.0,-1.5707963267948966,0.0,nan,nan,nan,nan,nan,1.4970781974058769,1.5016812126272605
100.7,20.97313505693389,6.060041747647946,-1.6124274576467497,0.9993739951200211,0.004425832752496897,21.037949103737688,5.93250659207333,-1.6273178475486758,1.0032387131732474,-0.0007248645287184236,0.031165570299328104,0.1516569851603069,0.16398493330287423,0.013861206083037625,nan,nan,nan,1.0,-1.5707963267948966,0.0,nan,nan,nan,nan,nan,1.483130582977418,1.5047919687475853
100.75,20.971452655636327,6.020106545981388,-1.6122285660803697,0.9991887042798148,0.005299491090272257,21.037421351411737,5.872274966323058,-1.6236149542126492,1.0022638481065487,-0.020573960006438772,0.030903453321839938,0.15365369534061943,0.16654031820514306,0.013653035354435693,nan,nan,nan,1.0,-1.5707963267948966,0.0,nan,nan,nan,nan,nan,1.4821415442525099,1.5080593363983306
100.80000000000001,20.96977731357675,5.980176844627394,-1.611993612255635,0.9990759244711265,0.006256041279518667,21.03529906056998,5.832245441007241,-1.6228822448196998,1.0018035506554528,0.03402058902077154,0.030909750961478893,0.15499558418253756,0.16823408462070114,0.013856559462771716,nan,nan,nan,1.0,-1.5707963267948966,0.0,nan,nan,nan,nan,nan,1.4808978543257574,1.512114429119852
100.85000000000001,20.967278027886408,5.920286894272131,-1.6116226678589614,0.9989966507108965,0.0053516935735160795,21.032263080444746,5.772225600349808,-1.623114619329112,1.001251825106316,-0.026610628555820554,0.030896302829985116,0.15694936510939297,0.17075766832294653,0.013648967802576614,20.48035571571311,5.219365709733067,2.202146525757713,1.0,-1.5707963267948966,0.0,nan,nan,nan,nan,nan,1.504219665846199,1.4900833324199252
100.9,20.965621080714584,5.880361294856048,-1.611411372870633,0.9989887254960236,0.005745497811873309,20.98021725937299,5.673892276302452,-1.6236140006639543,1.0047851534563264,-0.012087158589851408,0.03092115684698054,0.15111903655571762,0.16330570195080807,0.013848523921328959,nan,nan,nan,1.0,-1.5707963267948966,0.0,nan,nan,nan,nan,nan,1.4801533182848206,1.515742265373398
100.95,20.963152768989527,5.820477401235411,-1.6110110941307276,0.9987580347701959,0.0071125779514302,20.968603650880816,5.614166217968585,-1.631982346954632,1.0034887041539537,0.04136091223219929,0.03170554363213933,0.15312307141841858,0.16586252385644437,0.013641912641361657,nan,nan,nan,1.0,-1.5707963267948966,0.0,nan,nan,nan,nan,nan,1.479529924538176,1.5055264163971958
101.0,20.96070475906808,5.760610354038691,-1.6105861084055693,0.9985254802237085,0.006850608939614153,20.96615323398747,5.574109006886615,-1.6321116550191543,1.0027676014058668,-0.0027883489255937245,0.03170013699006303,0.15446956581293758,0.16755777751668413,0.013845571745547836,nan,nan,nan,1.0,-1.5707963267948966,0.0,nan,nan,nan,nan,nan,1.4899081596798907,1.498863093954901
101.05000000000001,20.959085061941465,5.720703524610911,-1.6102801270959648,0.9984580033820263,0.008275973171856748,20.966304993260877,5.513864987108528,-1.6274612599621772,1.0019034506267206,0.020662006632220634,0.03136255632802647,0.1564304100523272,0.1700844120785723,0.013639335429661347,21.40607273008259,5.9316554798122985,1.3292599781544028,1.0,-1.5707963267948966,0.0,nan,nan,nan,nan,nan,1.472760380565852,1.5180358012429072
101.10000000000001,20.957476089070383,5.680797753701416,-1.6099332133857944,0.9984448211783141,0.008576005895007044,21.003591927486834,5.517653587488289,-1.6267893272409677,0.9986328810868964,0.004404420634462861,0.03134222198713749,0.15067185602202704,0.1627374657137252,0.013839056695942957,nan,nan,nan,1.0,-1.5707963267948966,0.0,nan,nan,nan,nan,nan,1.4900814306116583,1.5032120310032036
101.15,20.95508253053973,5.620932582184063,-1.6094226943569672,0.9986754025850162,0.008671829040877415,20.999585677804866,5.457862567014638,-1.626470235311789,0.9988857526356905,0.013515104022917227,0.03140642831746481,0.15268142208614188,0.165299796637623,0.013633615732928987,nan,nan,nan,1.0,-1.5707963267948966,0.0,nan,nan,nan,nan,nan,1.4892463625747034,1.5139271636052862
101.2,20.953501253037818,5.5810109269892205,-1.6090724482301477,0.9988864212957067,0.008723627311350637,20.997350689448883,5.41796760177857,-1.6268791615651073,0.9990877936426643,0.008658514910795721,0.03140565597906506,0.15403122316376489,0.16699950493937377,0.013837381731769295,nan,nan,nan,1.0,-1.5707963267948966,0.0,nan,nan,nan,nan,nan,1.4927394531421854,1.5097311707596375
101.25,20.951151911696325,5.521114067987636,-1.6085485007593447,0.9991320705827024,0.008841575087707835,20.99718584816053,5.3579361081988575,-1.623133727953238,0.9993302219952821,0.041043537200228665,0.031123466810417767,0.1559972284091056,0.16953357319625983,0.013632160772888006,nan,nan,nan,1.0,-1.5707963267948966,0.0,nan,nan,nan,nan,nan,1.489622757591981,1.5122873536067871
101.30000000000001,20.949600997980838,5.481175202253921,-1.6082143745879238,0.9992545693975405,0.007708397079535749,20.95654979631041,5.2619928411659975,-1.6223386649503597,1.0033304601515207,0.017699762304970224,0.031139425642870797,0.15018307872617365,0.1621261499969315,0.013831844671376041,20.569592220920402,4.803464571514239,1.6852122983887052,1.0,-1.5707963267948966,0.0,nan,nan,nan,nan,nan,1.507586331840957,1.4936299832001934
101.35000000000001,20.947297203914086,5.42126442363307,-1.6078179432415138,0.99913493684427,0.006174857859024938,20.955140993267612,5.201795762208409,-1.6198334184488343,1.002460811734818,0.034575315989127005,0.030983187037977946,0.15219912376411046,0.1646927153947032,0.013627299623153866,nan,nan,nan,1.0,-1.5707963267948966,0.0,nan,nan,nan,nan,nan,1.4931000859582482,1.4959489916066104
101.4,20.945776187196774,5.381331376748283,-1.6075962301321975,0.9989937135363721,0.00496968641019808,20.95318650111034,5.1617503724413005,-1.619152751523871,1.001938598139831,0.010673319451381273,0.03098089011835325,0.15355276066925805,0.16639550041182236,0.013831148322022134,nan,nan,nan,1.0,-1.5707963267948966,0.0,nan,nan,nan,nan,nan,1.5046059440576127,1.4869290381706133
101.45,20.94351469094562,5.321438169537514,-1.6073531306000894,0.9988808619133771,0.0037477059869161023,20.95353690854127,5.101542736943748,-1.615865823923736,1.0013128182668776,0.005476292431329447,0.030688891026745126,0.15552457167954756,0.16893442894135172,0.013626701594112117,nan,nan,nan,1.0,-1.5707963267948966,0.0,nan,nan,nan,nan,nan,1.4965592191452992,1.4964454739608963
101.5,20.94201953924578,5.2815111748950905,-1.6072148683259997,0.9988598532489984,0.0032351432328009363,20.951728540604773,5.061534117001517,-1.61605672264013,1.0010175133514119,0.0009556756701285465,0.030688338356042896,0.15685118286451816,0.1706157711001408,0.013830570294175532,21.24707789185566,5.044468178509969,0.318739149334055,1.0,-1.5707963267948966,0.0,nan,nan,nan,nan,nan,1.5000913016045956,1.494725090207116
101.55000000000001,20.939793108796557,5.221619998502486,-1.6070444444718444,0.9988726608129298,0.002654044047057945,20.976230247235115,4.999951724107529,-1.6146964054651505,1.000675967645073,-0.0055112450876689915,0.03060331099641192,0.15168191642164983,0.1640415567259237,0.013622473610584862,nan,nan,nan,1.0,-1.5707963267948966,0.0,nan,nan,nan,nan,nan,1.4981879243857112,1.4974635065048272
101.60000000000001,20.938318531723205,5.181691174606924,-1.6069434492841577,0.9989030440313502,0.0024641149093014457,20.974485070657995,4.959964512127766,-1.6141110138337156,1.000506627701503,9.620914716852614e-05,0.030604107786846427,0.1530394780581928,0.1657464807561414,0.013826390318623389,nan,nan,nan,1.0,-1.5707963267948966,0.0,nan,nan,nan,nan,nan,1.4979175508200913,1.4987247188072101
101.65,20.936119230983344,5.1217945850936,-1.6068103916622196,0.9989639918372047,0.0019485688311064928,20.976387826763577,4.899761893779178,-1.609612431272291,1.000303771509156,0.0008239526924360089,0.030197939542528227,0.15501739402848472,0.16828974156506263,0.013622539931653637,nan,nan,nan,1.0,-1.5707963267948966,0.0,nan,nan,nan,nan,nan,1.501063390748802,1.4960615673241344
101.7,20.93466008039531,5.081861040850357,-1.6067523612654575,0.9990123748641786,0.0,20.974840661559444,4.859780649328652,-1.609431913245423,1.0002082578056404,-0.003819269948277178,0.030197614279332475,0.15634768703285953,0.16997456815848014,0.013826467121453256,20.3088851818752,4.864200945139314,1.6160678637801353,1.0,-1.5707963267948966,0.0,nan,nan,nan,nan,nan,1.5082049714874504,1.4895133665870686
101.75,20.932479565007068,5.021956644748989,-1.6067417214188493,0.9990874155374666,0.0,20.912405804675508,4.7998016652101025,-1.610825739080594,1.000251729588353,0.011593608608648371,0.030303355710665218,0.15124990573030192,0.16350349928256405,0.01361892961165361,nan,nan,nan,1.0,-1.5707963267948966,0.0,nan,nan,nan,nan,nan,1.506563345649347,1.491431120645437
101.80000000000001,20.93103009037085,4.982017871749153,-1.6067774425481525,0.9991301974686635,0.0,20.91080201477452,4.759824618444393,-1.6110581257021217,1.0001661018538497,-0.0024470809468506304,0.030301808220068057,0.15261086139775254,0.16521251349332408,0.013822897901254825,nan,nan,nan,1.0,-1.5707963267948966,0.0,nan,nan,nan,nan,nan,1.5103661103441544,1.4874853541230741
101.85000000000001,20.928859467726838,4.922106638435371,-1.6068927063930385,0.9991886518210655,-0.002126361103079686,20.911448471947164,4.699714930421567,-1.6077823249084324,1.0000635758413159,-0.02924692868110611,0.030023030824739373,0.15459405630512968,0.16776213860868003,0.01361948512779728,nan,nan,nan,1.0,-1.5707963267948966,0.0,nan,nan,nan,nan,nan,1.5043242346505363,1.4937758079275096
101.9,20.92741366421893,4.882163793457498,-1.6069753979725834,0.9992290662320332,-0.0019165666841194917,20.909979190699875,4.659739875776747,-1.6079976958601359,1.0000154896500435,-0.030194536264340495,0.030022882366741707,0.155927600551409,0.1694512970477061,0.013823453750683577,nan,nan,nan,1.0,-1.5707963267948966,0.0,nan,nan,nan,nan,nan,1.498485266379568,1.4999191754440135
101.95,20.925245159064303,4.822246521417193,-1.6070686381051058,0.9992874566184847,0.0,20.878757894171812,4.559899132187094,-1.6032387015845375,1.002520544084278,-0.006530536114258705,0.02955667311832049,0.15077465769212461,0.16291576505014566,0.013616169894357261,20.53110229139557,4.262117346290584,1.0311661090163051,1.0,-1.5707963267948966,0.0,nan,nan,nan,nan,nan,1.4976689021190503,1.5008790237958463
102.0,20.923074740029993,4.762332156894856,-1.6071863032906137,0.999125145800176,-0.0028277964674291033,20.877455453675147,4.519825172187843,-1.6026319049005797,1.0019750243916923,0.022863292238743595,0.02956046131746777,0.1521394231452518,0.16462702211143485,0.013820178796910531,nan,nan,nan,1.0,-1.5707963267948966,0.0,nan,nan,nan,nan,nan,1.5102901864650742,1.4806165489429055
102.05000000000001,20.921624563493054,4.7223955754298705,-1.6073602477363944,0.9990267263932558,-0.005309429424679522,20.87381857074299,4.459830565929453,-1.6047165186790218,1.0013214452921735,-0.0032635671757137146,0.029714675574905137,0.15412854330249365,0.16718048309074965,0.013617107653064594,nan,nan,nan,1.0,-1.5707963267948966,0.0,nan,nan,nan,nan,nan,1.5235676388707688,1.468876904395383
102.10000000000001,20.920170679804222,4.682462056758383,-1.6076129823268561,0.9989739718872457,-0.006608539615647818,20.872464088442,4.419803774196398,-1.6051474138794812,1.0010130636109427,-0.02346877056756724,0.029712396840191075,0.15546573294393742,0.1688724395879852,0.013821114409788865,nan,nan,nan,1.0,-1.5707963267948966,0.0,nan,nan,nan,nan,nan,1.5107677059948763,1.4835715023052232
102.15,20.91811791033776,4.624386129483221,-1.6134768596456939,0.9210990003136675,-0.2387753332450533,20.78181068193519,4.356005235236996,-1.6002371984123989,0.9125178059850866,-0.24461118061443954,0.029114690076804835,0.15026193024979248,0.16227992182127904,0.013614004427425046,19.805378623086742,4.344840167898704,4.197323669230526,0.5,3.141592653589793,0.0,nan,nan,nan,nan,nan,2.1038532441599145,-2.6336395439966696
102.2,20.91580398636141,4.573024340981642,-1.6382595901091122,0.8150097702727812,-0.5192270257392065,20.78067643376187,4.320266219675649,-1.6119400175369236,0.8403681863027543,-0.45705612949209484,0.029115937481089635,0.15162609644071648,0.16399479550695015,0.013818017996649237,nan,nan,nan,0.5,3.141592653589793,0.0,nan,nan,nan,nan,nan,2.1528983219068327,-2.4378247391652743
102.25,20.914085228799244,4.541881279915645,-1.6620052221301334,0.7592471267314697,-0.6332473482020202,20.77874254510917,4.271773256643431,-1.6416534282237452,0.751898630234599,-0.6305410603263005,0.02907823108815842,0.15360998097223955,0.166569634488871,0.013615088633065837,nan,nan,nan,0.5,3.141592653589793,0.0,nan,nan,nan,nan,nan,2.157729601715178,-2.24322556924176
102.30000000000001,20.912185261849128,4.512741339294817,-1.6892655929670297,0.7132139545681129,-0.7052125292357558,20.776461826331907,4.2422314758371975,-1.6681738495488487,0.708492323936904,-0.7128374958250492,0.029074328510460143,0.15494014692842042,0.16829195523504026,0.013818982881370023,nan,nan,nan,0.5,3.141592653589793,0.0,nan,nan,nan,nan,nan,2.1776720778244614,-2.0103543086583078
102.35000000000001,20.90886230737443,4.472039463414876,-1.7338743933693848,0.657168740270232,-0.76410148720149,20.77051774971798,4.201200156990899,-1.7141547545026572,0.6542288802486617,-0.769193793722026,0.029193506916831997,0.1568776547273674,0.1708885748649798,0.013615807384547585,20.366440207877144,5.257929617245277,4.596591238854915,0.5,3.141592653589793,0.0,nan,nan,nan,nan,nan,2.168549243662594,-1.8814371718002003
102.4,20.90624285427565,4.4465864886234545,-1.764920427937442,0.6271777342507758,-0.7811035585061258,20.731225008369854,4.28617771174929,-1.7449968322037295,0.6191140077077534,-0.764866144684353,0.029214402713267078,0.15104432407532328,0.16348489431467078,0.013815977621263987,nan,nan,nan,0.5,3.141592653589793,0.0,nan,nan,nan,nan,nan,2.154574810599237,-1.7123838516845495
102.45,20.901578124709864,4.410435610314277,-1.8121772498515056,0.5906760158320271,-0.7909651069371565,20.721949778146808,4.250522958223146,-1.7944833201376151,0.5864940469499806,-0.7736563610655048,0.02945217955935241,0.15303830085708423,0.1661822150052968,0.013613114523963809,nan,nan,nan,0.5,3.141592653589793,0.0,nan,nan,nan,nan,nan,2.1597372122813683,-1.6181573361293433
102.5,20.895918665471804,4.376306356226087,-1.8595153342960922,0.5625324903343996,-0.7872327208751848,20.716611874183616,4.227850828533129,-1.8258513796392675,0.5702470942813175,-0.7725798456822344,0.029445797413039734,0.15437922538960405,0.16799683334842294,0.01381694773078191,nan,nan,nan,0.5,3.141592653589793,0.0,nan,nan,nan,nan,nan,2.1287589837909864,-1.4936439277131424
102.55000000000001,20.89155380719685,4.35449962621756,-1.8908095845456157,0.5471836598249833,-0.7805900267095972,20.709894817591096,4.195140844552676,-1.869973906690891,0.5495368155516006,-0.7757771349276225,0.029202741906984058,0.15635057502790442,0.1707401093707238,0.013613949258258132,19.138546708386702,4.5073350685297076,9.350336922498391,0.5,3.141592653589793,0.0,nan,nan,nan,nan,nan,2.104751752337778,-1.4244081929680108
102.60000000000001,20.88409060487709,4.323028216215777,-1.937142543862159,0.5283612382641777,-0.766717201466282,20.563670812582078,4.205180234205826,-1.9016810459156102,0.5382657298996599,-0.7619303513027998,0.029258843087851424,0.15061293605254408,0.1634519822537251,0.013814689513688541,nan,nan,nan,0.5,3.141592653589793,0.0,nan,nan,nan,nan,nan,2.067116043767973,-1.327118488986635
102.65,20.878496314930732,4.302779269257466,-1.9675230640015071,0.5181739585537306,-0.7560794025571587,20.551399186634626,4.175194163212697,-1.9495192489297295,0.5249512965246538,-0.7384274278699033,0.029407387535196648,0.15266930301078313,0.16628386702919185,0.013611942862131361,nan,nan,nan,0.5,3.141592653589793,0.0,nan,nan,nan,nan,nan,2.0410440336112448,-1.2691465083690678
102.7,20.86917938759613,4.273388280642312,-2.0122743773518383,0.5057507236709966,-0.7386925795083019,20.543521515687132,4.1558080858701665,-1.9802638293593464,0.5181935516420818,-0.7414264117244216,0.02939436695848698,0.15405988513932994,0.16818126817203455,0.013815769366720685,nan,nan,nan,0.5,3.141592653589793,0.0,nan,nan,nan,nan,nan,1.9980357661126167,-1.1874425055716538
102.75,20.8623579493881,4.254392359631339,-2.0414974987013763,0.4990020006440149,-0.7260113126657842,20.528655043235474,4.127877616190507,-2.027209802873469,0.5095276803991448,-0.707229627640783,0.02962868997881176,0.15613006688499756,0.1710320814960032,0.013612891389232043,nan,nan,nan,0.5,3.141592653589793,0.0,nan,nan,nan,nan,nan,1.9604010804591887,-1.1304442628526141
102.80000000000001,20.855058015256187,4.23584273598877,-2.0702291749719626,0.49331927315251073,-0.7129717809272389,20.51487209887672,4.150233577430419,-2.056303408790567,0.5007591488265318,-0.7099639257352625,0.029621640741682633,0.15037030458817868,0.16359013092505112,0.013814100826415982,20.46197889981017,4.502507772195941,0.5413192946765208,0.5,3.141592653589793,0.0,nan,nan,nan,nan,nan,1.9164214486758886,-1.06094340136046
102.85000000000001,20.843226141211378,4.208791339497255,-2.1123621228622107,0.4866659887659571,-0.6940417109240489,20.501069392182444,4.123879374034204,-2.0974917803372963,0.4959296413981446,-0.6874069145860086,0.029550809950522557,0.15255759849479988,0.1664822453070691,0.013611425964003356,nan,nan,nan,0.5,3.141592653589793,0.0,nan,nan,nan,nan,nan,1.8848211392007042,-1.0030754546087632
102.9,20.83036016599235,4.182599679307171,-2.1533589374657187,0.48171610147590505,-0.675150450099451,20.4909930096013,4.106821955537263,-2.1254673881530888,0.4936019822120534,-0.6719467478934188,0.02954461738681656,0.15404461788343324,0.1684072524807993,0.01381525523130377,nan,nan,nan,0.5,3.141592653589793,0.0,nan,nan,nan,nan,nan,1.8394074064479389,-0.9429696816407436
102.95,20.821227537330127,4.1655930793809715,-2.180067479598,0.4790588572552942,-0.6629573213288199,20.474920195115715,4.0819443465679885,-2.1653798471399406,0.4906227621883405,-0.6099402408899386,0.029570672895878437,0.15628104241231588,0.17128005506277608,0.013612438854052942,nan,nan,nan,0.5,3.141592653589793,0.0,nan,nan,nan,nan,nan,1.807279500625122,-0.9035388973702561
103.0,20.81166522472996,4.148939950110933,-2.2063254505031185,0.47683657889929537,-0.6517240428643348,20.463839164112578,4.065772227006898,-2.19209382279374,0.4891223996293482,-0.6476140918082067,0.029553005993742103,0.15780494807751066,0.17318199026054082,0.013816269526828602,20.440402735422055,3.9282704295408157,0.0694261116942602,0.5,3.141592653589793,0.0,nan,nan,nan,nan,nan,1.7769166759270982,-0.8637695507105102
103.05000000000001,20.796542491151758,4.12460456873457,-2.2448653854296325,0.4741535588134905,-0.634298209463757,20.442906107587316,4.0274243541772465,-2.231808653321263,0.4890049893047571,-0.6130822834291285,0.02966684454534023,0.152847081307346,0.1664996293208127,0.013611386946939275,nan,nan,nan,0.5,3.141592653589793,0.0,nan,nan,nan,nan,nan,1.724298655926845,-0.8061065630147475
103.10000000000001,20.785961239194624,4.108803272997942,-2.269952257179898,0.47266454474455977,-0.6218950197291174,20.430818311328945,4.012067327354929,-2.2574010883467,0.4877780460166647,-0.6341657064810364,0.0296529548849656,0.154464342771549,0.16839583095410846,0.013815224560459988,nan,nan,nan,0.5,3.141592653589793,0.0,nan,nan,nan,nan,nan,1.6789901242414604,-0.7598960498208277
103.15,20.769374623646197,4.085726976285898,-2.3066587921395687,0.4708444358984069,-0.6035851370925022,20.412082798990607,3.9896758301385518,-2.294956836408667,0.4862180274572517,-0.6029253286092829,0.02963753493493269,0.15691129910308133,0.1712070809479413,0.013612408702555126,nan,nan,nan,0.5,3.141592653589793,0.0,nan,nan,nan,nan,nan,1.634314066264263,-0.7109280642801863
103.2,20.75196552487698,4.063388347543448,-2.342260173732395,0.4695517473731618,-0.5856117963767045,20.39911421715523,3.9751903791254413,-2.3178253163469327,0.4854465872069595,-0.5527261701583501,0.029644880983087072,0.1585792061146437,0.17305679172391802,0.013816234917242006,20.835425836099134,4.43313659514574,1.4320443844212478,0.5,3.141592653589793,0.0,nan,nan,nan,nan,nan,1.5931611724727017,-0.6644060161832486
103.25,20.7399209043199,4.0488993860310245,-2.365443011934586,0.46892574769132855,-0.5757246888358354,20.41845275347571,4.006906915921084,-2.359269247908424,0.47549066006957563,-0.5613300068407202,0.030152371773141232,0.153718738186337,0.1662875311165013,0.013611685307847418,nan,nan,nan,0.5,3.141592653589793,0.0,nan,nan,nan,nan,nan,1.5804591116409403,-0.6486619639609583
103.30000000000001,20.727531797348686,4.034725374881291,-2.3882132224384884,0.46890418337306616,-0.5640314565717124,20.404887588141136,3.9935677987490625,-2.3828237353468324,0.47638818916619946,-0.5848191704094595,0.030138337155277223,0.1554841888861307,0.1681128400611616,0.013815520214128692,nan,nan,nan,0.5,3.141592653589793,0.0,nan,nan,nan,nan,nan,1.5303983038300932,-0.5675079077414387
103.35000000000001,20.70830700979381,4.014023091525954,-2.421430532578039,0.4693229665634885,-0.5454326867320075,20.38233909678161,3.974637217104668,-2.4194238496853337,0.47756330577135947,-0.5383766564576585,0.0303779212461097,0.15816411982823175,0.1708044639117501,0.01361267335791481,nan,nan,nan,0.5,3.141592653589793,0.0,nan,nan,nan,nan,nan,1.484914908870894,-0.5235365095304206
103.4,20.695083148370937,4.000596467690414,-2.4429605553460254,0.46957319672527387,-0.5332828089122511,20.36793411184406,3.9620862397145187,-2.4422790208655125,0.47820749728125284,-0.5486110530669885,0.03036632969867359,0.15998821061278148,0.17256778626278205,0.013816493846960983,nan,nan,nan,0.5,3.141592653589793,0.0,nan,nan,nan,nan,nan,1.4473899853918382,-0.4884151011554131
103.45,20.67467087838003,3.9810227051654348,-2.474373460967574,0.4699412140663844,-0.515980696150904,20.379973441488524,3.964062524651383,-2.473753696472731,0.4734512330349605,-0.5088056583177483,0.030410849974529038,0.15499265722336444,0.16556601564503975,0.013612132346074881,20.713132557079923,4.116456924763117,0.5389636649741478,0.5,3.141592653589793,0.0,nan,nan,nan,nan,nan,1.408591995280966,-0.4504600604382837
103.5,20.660692914409914,3.9683488676003456,-2.4947507109685345,0.4704516695287489,-0.5049061877550229,20.36504005690637,3.952395693306526,-2.493642951382018,0.4747756067565787,-0.5064581261271549,0.030407220494235374,0.15690282609451825,0.16730005197363734,0.013815969931330628,nan,nan,nan,0.5,3.141592653589793,0.0,nan,nan,nan,nan,nan,1.3851002553134004,-0.41137208938358905
103.55000000000001,20.639185844158867,3.9498864645476335,-2.5245191205473962,0.47137085136295787,-0.4894980750404102,20.34308311298153,3.9349944241357018,-2.521299757179047,0.47652024577811586,-0.45658588954641205,0.030246840103597367,0.15979822207645772,0.16985416667860564,0.01361307950055513,nan,nan,nan,0.5,3.141592653589793,0.0,nan,nan,nan,nan,nan,1.3548494350743647,-0.3838331706472369
103.60000000000001,20.617071287476517,3.932086148743302,-2.553417474917388,0.47210692273077404,-0.4759949522644635,20.32751688968954,3.923982957728374,-2.5411344126495328,0.4774451585455841,-0.486000074563653,0.030234880108908967,0.16176040136760483,0.17152626852132785,0.013816907680287753,nan,nan,nan,0.5,3.141592653589793,0.0,nan,nan,nan,nan,nan,1.3312831563343592,-0.3643268212607485
103.65,20.60201262551929,3.920589057680282,-2.5722035432621957,0.4725312894601485,-0.4656172847465084,20.358223835515574,3.864413521519838,-2.5723230003496456,0.476565965093325,-0.4559418759634521,0.030448090010917386,0.15652533561015428,0.16438289441469903,0.013612659973874291,20.934517436561297,3.443464753153735,2.2207894905913688,0.5,3.141592653589793,0.0,nan,nan,nan,nan,nan,1.2889420010068915,-0.3236326621629647
103.7,20.586714171593336,3.9093858085937505,-2.5905823943502133,0.47301460057384803,-0.4551807947781216,20.34211095311467,3.854208484034896,-2.590343328092432,0.4775425554038591,-0.42817734099925575,0.030449585146651567,0.15855721853140875,0.16602521802695708,0.013816489469648967,nan,nan,nan,0.5,3.141592653589793,0.0,nan,nan,nan,nan,nan,1.2560870399478608,-0.28696841900182296
103.75,20.563336500721654,3.8931257090499183,-2.6174081704940724,0.4737390412720818,-0.4413378499018329,20.31754572593203,3.8394138490913305,-2.6184842161799766,0.47882735265570237,-0.4611883912164002,0.030434350680834273,0.16163308521981637,0.16843959643174003,0.013613543206209333,nan,nan,nan,0.5,3.141592653589793,0.0,nan,nan,nan,nan,nan,1.2392589129684604,-0.27194719072421775
103.80000000000001,20.539475971433355,3.87751838820725,-2.643352191839562,0.4743412136293298,-0.42530096742587037,20.300902882335997,3.8299185167492302,-2.6359138489931615,0.47951885684443,-0.4109322496928975,0.030439706015719842,0.16371081197414591,0.17001804266050394,0.013817359242965302,nan,nan,nan,0.5,3.141592653589793,0.0,nan,nan,nan,nan,nan,1.1824452810561297,-0.21792931820020217
103.85000000000001,20.523319923785152,3.867472270037751,-2.6601369026494623,0.4747030504165178,-0.41625883478909625,20.275676915773676,3.81613280350628,-2.6607525835515444,0.4804348292422844,-0.4056335067408945,0.03042134364022343,0.16684645704082024,0.1723351519466078,0.013614316132799531,20.2144659944586,3.7534432454721878,0.027197453875394354,0.5,3.141592653589793,0.0,nan,nan,nan,nan,nan,1.1758780607415487,-0.21241255329402553
103.9,20.506975181645938,3.8577125775888175,-2.6765706302141536,0.4750321692928714,-0.4069854874789723,20.251716864960216,3.799951349271397,-2.6776336757274435,0.48244667502556066,-0.40861503104324537,0.030415878089239186,0.16028268290614164,0.16438066123503023,0.013817012207254994,nan,nan,nan,0.5,3.141592653589793,0.0,nan,nan,nan,nan,nan,1.1398546267569367,-0.17815877796509105
103.95,20.48212880432822,3.8436034723529966,-2.7005144641424654,0.4753896484185113,-0.393069180989169,20.225549071386254,3.7873287855239797,-2.703556754213802,0.4828280766446991,-0.42374972965755703,0.030441618890711376,0.16349494994034636,0.16666991399602085,0.013614003649160926,nan,nan,nan,0.5,3.141592653589793,0.0,nan,nan,nan,nan,nan,1.110761443221595,-0.15422346553085609
104.0,20.45691845963527,3.830125128711231,-2.723565327786714,0.4756823432051281,-0.37737269412969027,20.208024497274966,3.7792059906177347,-2.7192499135532118,0.4830109681644609,-0.3802370460914673,0.030445619437614417,0.16565751348918362,0.1681674543771581,0.013817817625294071,nan,nan,nan,0.5,3.141592653589793,0.0,nan,nan,nan,nan,nan,1.065680141701509,-0.10942777270042031
104.05000000000001,20.439923224784966,3.821481822111505,-2.7384368249621835,0.4758971362720388,-0.3685185073263801,20.184216180002995,3.765375481169324,-2.73550538272312,0.4832978285352941,-0.3639854505737096,0.02983514306561476,0.16891188979656266,0.17037034127529632,0.013614714350944213,20.961108118806948,4.12439135224088,2.6029070319798784,0.5,3.141592653589793,0.0,nan,nan,nan,nan,nan,1.059695864635076,-0.1031427186014956
104.10000000000001,20.42278478434777,3.8131095350095525,-2.7529829171873894,0.4761182911327365,-0.36047133687473976,20.25071718008991,3.804545427725319,-2.750892345207414,0.4686197840455904,-0.36463699222330115,0.029824280199092005,0.16209847573381897,0.16263526365731246,0.013817514907153116,nan,nan,nan,0.5,3.141592653589793,0.0,nan,nan,nan,nan,nan,1.0418005628176827,-0.08527288932336696
104.15,20.396800315522977,3.8010449730945286,-2.7742121403516706,0.47748552593660776,-0.34871429523411046,20.22332386934239,3.795125511692749,-2.7756394669884012,0.47158853323450894,-0.35418281186066985,0.030141432188690035,0.16541218904938623,0.16482619894538394,0.013614456727742448,nan,nan,nan,0.5,3.141592653589793,0.0,nan,nan,nan,nan,nan,1.0412610745648205,-0.03913025680367299
104.2,20.379271814870318,3.793310912745351,-2.7879535660692008,0.4786602039062792,-0.3399147851848075,20.205665873607582,3.788430365925363,-2.7887235968825603,0.4735832518338066,-0.30832440997636557,0.030147261979363328,0.1676390495712709,0.16626208784007174,0.013818273279903688,nan,nan,nan,0.5,3.141592653589793,0.0,nan,nan,nan,nan,nan,1.0045792269241525,-0.009934083391485937
104.25,20.352703971763606,3.7821603984982546,-2.807939774314372,0.48009034309067794,-0.3287005466052583,20.179102332728448,3.778558660247256,-2.8081353088235406,0.47618689170888834,-0.33494434489424146,0.03008362502056821,0.1709896262972256,0.1683738318185826,0.013615129020778624,nan,nan,nan,0.5,3.141592653589793,0.0,nan,nan,nan,nan,nan,1.0009647336418444,-0.010982908498761323
104.30000000000001,20.33482046325503,3.7750407056311253,-2.8209038279184617,0.480824839338033,-0.32058630095193147,20.156034588514135,3.666169203762435,-2.8208072957326973,0.4851051971018013,-0.32963557989786546,0.030062997321082086,0.16373384025392743,0.16074385389312368,0.01381798242582612,20.245738716104206,2.7300583193378927,3.951805252829589,0.5,3.141592653589793,0.0,nan,nan,nan,nan,nan,0.9578890596578782,0.025472501274515225
104.35000000000001,20.307788206659655,3.7648017118527743,-2.839698440637771,0.4811866117752757,-0.30797664056968876,20.12702002170375,3.658599408483849,-2.844706702332258,0.4854526572470408,-0.32808891286712155,0.030437812412008273,0.16712028415612323,0.16285630888361968,0.013614868006788874,nan,nan,nan,0.5,3.141592653589793,0.0,nan,nan,nan,nan,nan,0.9279994972757799,0.02935188762278479
104.4,20.2896556317041,3.758277049312191,-2.851803344991889,0.4811712489533765,-0.2988384350584251,20.108434246894287,3.652972564491721,-2.8561080391319154,0.4854591461744717,-0.2832031401507779,0.030443689175765922,0.16938964914178475,0.16424234041845007,0.013818683034777488,nan,nan,nan,0.5,3.141592653589793,0.0,nan,nan,nan,nan,nan,0.8926115475397003,0.0644248240607938
104.45,20.262304198054245,3.7489299930916644,-2.8693066876363047,0.4812023248848196,-0.2871589292364306,20.082501580211762,3.642462763472964,-2.867404952810176,0.4855162538806854,-0.30193710748842195,0.02982922763058794,0.17279534602687727,0.16628547158875248,0.013615488006735954,nan,nan,nan,0.5,3.141592653589793,0.0,nan,nan,nan,nan,nan,0.8938176393812456,0.06392630812823202
104.5,20.24397225697356,3.7429894387082507,-2.8806179015934315,0.4812572677400248,-0.279764742752623,20.06379109864577,3.637256003548009,-2.8782249905046937,0.4855500956631915,-0.2658298206838413,0.029833434286367505,0.17506919550541608,0.16762898021274183,0.013819298095823497,20.202285923540845,4.129065046467675,0.9315582158348037,0.5,3.141592653589793,0.0,nan,nan,nan,nan,nan,0.8696551140224578,0.08864169767434449
104.55000000000001,20.216337841405526,3.734500140003172,-2.8970554969390205,0.4813799364897389,-0.27013276427830024,20.057154387999194,3.6811843497616743,-2.894417981550846,0.4802202817655665,-0.24390394172541988,0.02982869537207762,0.16852277331609106,0.16086149081542275,0.013615200582831702,nan,nan,nan,0.5,3.141592653589793,0.0,nan,nan,nan,nan,nan,0.8681784571371733,0.090739324428951
104.60000000000001,20.19782365125906,3.7291160131169705,-2.9077180702079533,0.48175335258078134,-0.2641928673946511,20.03850893489409,3.676531649787492,-2.9051549097221794,0.48109819111095875,-0.25751590317543605,0.029824131989161517,0.17080990954758274,0.1622172669069188,0.01381901698007202,nan,nan,nan,0.5,3.141592653589793,0.0,nan,nan,nan,nan,nan,0.8611485359536123,0.11474767321710877
104.65,20.169904813283516,3.7214327436924846,-2.923248801136631,0.4824629509002909,-0.25465241397813126,20.00847534133292,3.672700196927982,-2.928276309070992,0.48221936890755046,-0.22900141095500165,0.03047639105308225,0.1742457209256463,0.16421141065741984,0.013615783943865001,nan,nan,nan,0.5,3.141592653589793,0.0,nan,nan,nan,nan,nan,0.8387540403207436,0.1354535312582527
104.7,20.15120263794968,3.7165664215087446,-2.9332626266732706,0.4828477671847283,-0.24743622248467684,19.989608146423095,3.6686610079806576,-2.938083065400335,0.4828421691683289,-0.2354622482527858,0.030473162530181785,0.17653928846709616,0.16552306688769486,0.013819595832536875,20.185390443219838,4.1132766311292075,0.8409402783263282,0.5,3.141592653589793,0.0,nan,nan,nan,nan,nan,0.8142404872681239,0.1574925824757199
104.75,20.123029988809723,3.7096400418651885,-2.9477312025537263,0.48334002587162156,-0.23650096731925227,19.988076918428817,3.7097304755090192,-2.954992346128074,0.4781019658191577,-0.2480456162360082,0.030610618834255095,0.16979796429211522,0.1590317496897671,0.013615499481925166,nan,nan,nan,0.5,3.141592653589793,0.0,nan,nan,nan,nan,nan,0.7964407632346193,0.17428179726847276
104.80000000000001,20.104170376014178,3.705265265765,-2.9569953168930354,0.4838947741849592,-0.22822349175433146,19.96926380535786,3.706227448364875,-2.96595691902995,0.479395805493014,-0.2659816522188576,0.030603026929315904,0.1721028444634666,0.16036097130845428,0.013819306893685528,nan,nan,nan,0.5,3.141592653589793,0.0,nan,nan,nan,nan,nan,0.7737012508279985,0.21233682143164923
104.85000000000001,20.07575543561987,3.6990481649898506,-2.970237159490901,0.48480767928211127,-0.2150601215260027,19.942891885223055,3.6977686634826012,-2.970553844487,0.4811222858379487,-0.2220370100202796,0.02980612686340169,0.1755608507775555,0.16232383165880107,0.013616036221128856,nan,nan,nan,0.5,3.141592653589793,0.0,nan,nan,nan,nan,nan,0.7486543224339367,0.2345324405294914
104.9,20.056738060015572,3.6951274852232068,-2.978661565841703,0.4852768836979843,-0.20830826528929597,19.923910246521455,3.6945391023151175,-2.978797913609523,0.482010832609994,-0.17412458611332565,0.029812030939811662,0.17786624246567742,0.1636191928845761,0.01381984126909907,nan,nan,nan,0.5,3.141592653589793,0.0,nan,nan,nan,nan,nan,0.757219013464441,0.22173219417228562
104.95,20.02811682064967,3.689576660850673,-2.990913823645102,0.48583955573604715,-0.20175625828306482,19.973958411437295,3.7450361490836883,-2.988087206346872,0.4700134071969475,-0.19973497571370086,0.02951193134603606,0.17074248414608537,0.15727509825640104,0.013612805478310501,20.547257640305766,4.199524806835018,2.3184343777633507,0.5,3.141592653589793,0.0,nan,nan,nan,nan,nan,0.7631347883701214,0.2140502373199697
105.0,20.0089673779246,3.686090999772115,-2.998873212062263,0.4867874469466574,-0.19690941782632426,19.955347026199536,3.742195066343489,-2.9964853111987892,0.4726345263366109,-0.20408320552728673,0.02950907624434081,0.1730511408000761,0.1585959284776643,0.013903083010323872,nan,nan,nan,0.5,3.141592653589793,0.0,nan,nan,nan,nan,nan,0.7577024963635925,0.25697413520579054
105.05000000000001,19.980102976975303,3.68116012153977,-3.0104046579118586,0.488428174480313,-0.18865563053712892,19.927022577475572,3.7385767290304415,-3.0085906927345145,0.4760396514576576,-0.1662493130866545,0.029595709262778734,0.1765179907695259,0.16054534779359977,0.01368922658219911,nan,nan,nan,0.5,3.141592653589793,0.0,nan,nan,nan,nan,nan,0.7401185052923722,0.26806304254119007
105.10000000000001,19.951100935126117,3.6765790445897903,-3.0214661166775674,0.48955302354714514,-0.1814946206024224,19.908126932396346,3.73608267894969,-3.0157963606368505,0.4778209012836233,-0.1738507075952859,0.0295932858058484,0.17882991168575035,0.16183269953453278,0.013891921830028872,nan,nan,nan,0.5,3.141592653589793,0.0,nan,nan,nan,nan,nan,0.7325853109970251,0.2665788789005143
105.15,19.93170635363951,3.673716274661412,-3.0285986109517116,0.49009225120950284,-0.17640158308638867,19.88207672504649,3.766067673741359,-3.030796442898656,0.47895335719612797,-0.15749901275770584,0.029904353607008157,0.1713763000531012,0.1556271610918866,0.01367858591349979,19.88568362148716,4.068512580124065,0.4018964724219067,0.5,3.141592653589793,0.0,nan,nan,nan,nan,nan,0.7166188540690307,0.2783105412864304
105.2,19.91227100786888,3.671002620477527,-3.035524174978965,0.4905503181456197,-0.17096929468140518,19.86301899397063,3.763976963980496,-3.037697668553521,0.48035075069906497,-0.17594019101796143,0.029900114503008546,0.17368570834736125,0.1569420986766904,0.01388140578821292,nan,nan,nan,0.5,3.141592653589793,0.0,nan,nan,nan,nan,nan,0.699486890812695,0.29309746894544575
105.25,19.883052392390507,3.667203296769077,-3.0454823170736827,0.4910867008165436,-0.1621192179862481,19.835096590827522,3.759018721087863,-3.0425965902417444,0.4821903340779116,-0.1705695755511655,0.029458038155685623,0.17715134360766052,0.1588854640492257,0.013670183107752682,nan,nan,nan,0.5,3.141592653589793,0.0,nan,nan,nan,nan,nan,0.680153722004411,0.30922091970996546
105.30000000000001,19.863537161119606,3.664845737160376,-3.051826496499289,0.49131627826959134,-0.15650667713375854,19.81588979644381,3.75714970658536,-3.0492504249582923,0.4831468742355852,-0.13843679892540925,0.029461073880680307,0.17946081270858308,0.16017027679799248,0.013873100139544773,nan,nan,nan,0.5,3.141592653589793,0.0,nan,nan,nan,nan,nan,0.6726394522385766,0.3121069226353643
105.35000000000001,19.8342228943253,3.66156461379289,-3.060974432355297,0.491532635712311,-0.1499307943469736,19.78592093369257,3.7576417541090255,-3.0659691853704203,0.4843785196431236,-0.12799139185282563,0.030081076696838346,0.18291790510001085,0.1620665587639487,0.01366290462467667,19.671784827861572,3.082430051505429,1.69077887935742,0.5,3.141592653589793,0.0,nan,nan,nan,nan,nan,0.6744983287216592,0.30822108196748166
105.4,19.81465742119199,3.659542505936572,-3.066859562213496,0.49160189732643716,-0.14511636740397824,19.746816930545798,3.6910136445208903,-3.0726381869732657,0.48887356864237924,-0.18833030926123684,0.03005715551145806,0.1740163006655352,0.1554089653473688,0.013865083617717341,nan,nan,nan,0.5,3.141592653589793,0.0,nan,nan,nan,nan,nan,0.6521414198301138,0.32766412865425576
105.45,19.785289537930485,3.6567457744801812,-3.07524626672222,0.4913855666771477,-0.13512673989567553,19.717736848586583,3.6884737094011,-3.0798760079676133,0.4888786587226167,-0.15316299691984372,0.029933634752717174,0.17746693419653273,0.1573523848014315,0.013655876990041171,nan,nan,nan,0.5,3.141592653589793,0.0,nan,nan,nan,nan,nan,0.6115379377475395,0.3553387853069442
105.5,19.765709688417118,3.6550332382264905,-3.0804868789050395,0.49114007874327975,-0.12875530613145242,19.698217074754766,3.6872924911298703,-3.0847291286074725,0.48889226711844735,-0.11887901831189937,0.02993747189152843,0.17976560395401306,0.15863787597562773,0.013858979188569246,nan,nan,nan,0.5,3.141592653589793,0.0,nan,nan,nan,nan,nan,0.6150185296041532,0.3523989902734873
105.55000000000001,19.736338693932698,3.6526838112691924,-3.0879600925925406,0.49083587459972894,-0.12202906993257945,19.668578624111696,3.686947775103719,-3.0959588019020297,0.48891684137753055,-0.09883459680166568,0.030182220704329417,0.18320528088712318,0.16053713668937114,0.013650534088282628,20.652968111933852,4.319357222262892,4.828462746918021,0.5,3.141592653589793,0.0,nan,nan,nan,nan,nan,0.6217097208158342,0.3462223605183919
105.60000000000001,19.70696545275077,3.6505859683480737,-3.0950798824804693,0.49059445164303606,-0.11622085399720508,19.77128711771062,3.7529744796102174,-3.1017581574278656,0.47045032863499237,-0.14378869675408926,0.030184269508543124,0.17426002822460243,0.15411151447896884,0.013852874994687583,nan,nan,nan,0.5,3.141592653589793,0.0,nan,nan,nan,nan,nan,0.6131231970550303,0.35528931943306974
105.65,19.687351991927923,3.649320632940488,-3.0995828571399366,0.49173930384157327,-0.11029994681206327,19.743119226233286,3.7515245005253104,-3.1061776930140708,0.4739781067059184,-0.09270115004008181,0.030112228990242178,0.17770017946921662,0.15605983114019806,0.013645196249318554,nan,nan,nan,0.5,3.141592653589793,0.0,nan,nan,nan,nan,nan,0.6148810346832366,0.4104085036007282
105.7,19.667685516915977,3.648151088206242,-3.1038788297574387,0.49279950569058945,-0.10605676879621984,19.72414742738194,3.75087042291611,-3.110432893696565,0.4763410598486307,-0.10728434187184906,0.030109458660129103,0.17999512782646965,0.15734944363610281,0.013848447173970928,nan,nan,nan,0.5,3.141592653589793,0.0,nan,nan,nan,nan,nan,0.624045630215495,0.39196166852039604
105.75,19.63811085247204,3.646575201949176,-3.110058114512762,0.4939776399801342,-0.10056289888615069,19.695745302122923,3.7490266875723344,-3.114148765721532,0.479416466951594,-0.08664926265124667,0.029910729776714953,0.18343358931243145,0.1592562493131048,0.013641324946845128,nan,nan,nan,0.5,3.141592653589793,0.0,nan,nan,nan,nan,nan,0.6088765962487637,0.4012247900665588
105.80000000000001,19.608471428892415,3.6452051418236584,-3.1159224965008225,0.49471386719507404,-0.09595813184084565,19.620608916113834,3.7751902693535815,-3.118280444117726,0.489501882618032,-0.11250009922339874,0.02991469121074946,0.17426211578263565,0.15291024019271796,0.013843768621768516,19.20259992295871,4.071945137306693,1.2107383293032896,0.5,3.141592653589793,0.0,nan,nan,nan,nan,nan,0.6074582975713186,0.39444604408753425
105.85000000000001,19.58870109783484,3.6444008599879827,-3.119662848674092,0.49446567555893034,-0.09196744565836101,19.590985924981585,3.775761420791174,-3.1266083839788044,0.489980243637841,-0.04906037924546556,0.030166687168937247,0.17769297237646497,0.15486923010353476,0.013637229741262396,nan,nan,nan,0.5,3.141592653589793,0.0,nan,nan,nan,nan,nan,0.5760547747830597,0.39611822574557753
105.9,19.559065197558862,3.6433543977920517,-3.12504093106899,0.4939733950226949,-0.08841890542844238,19.571388617220205,3.7754843957330615,-3.130443449700154,0.49000819797515405,-0.09161261495383206,0.03016083631683536,0.17997967901791256,0.15616597435243584,0.01384059733702913,nan,nan,nan,0.5,3.141592653589793,0.0,nan,nan,nan,nan,nan,0.5884717053619547,0.38276719992536357
105.95,19.53932017529547,3.642758581879918,-3.1284836328929626,0.49368646541490485,-0.08455325923255996,19.541657213826827,3.7770456514134025,-3.1398808117663077,0.49004801381656765,-0.09405145385677056,0.030518528229020285,0.18340323563505173,0.1580828970008169,0.013634469203848679,nan,nan,nan,0.5,3.141592653589793,0.0,nan,nan,nan,nan,nan,0.5659060760412363,0.4057485563353849
106.122,19.529450985837904,3.6424896247154974,-3.130144784945317,0.4935542908567487,-0.08248426213457627,19.531856074516345,3.777031172986926,-3.1409428166418634,0.49006997241639094,-0.05307994412608796,0.030523748523588204,0.18454192526202698,0.15871915218260055,0.013736377705730341,20.275668169449798,3.6225709703680953,2.088407318488555,0.5,3.141592653589793,0.0,nan,nan,nan,nan,nan,0.5467002096654116,0.4256988135258084
106.15,19.440614413071664,3.6408668546890723,3.140095817880118,0.4945478117987876,-0.06410520539059113,19.536249508926872,3.7655072346097462,3.1347271954287734,0.48203215573861,-0.031311683988696666,0.030108229568408116,0.18313243350693156,0.15700129445888647,0.013629376618735506,nan,nan,nan,0.5,3.141592653589793,0.0,nan,nan,nan,nan,nan,0.5646962628400192,0.44183717881299484
106.2,19.42082006141506,3.640684661461214,3.137568695628117,0.4949858654360656,-0.06296379684487717,19.516955154146178,3.765648689415301,3.1319674696404647,0.4833797468860325,-0.0753155118175717,0.030102582334957426,0.18540255558135466,0.15827957066347617,0.013832872986279157,20.593726544985426,4.972847628472868,9.327768735129998,0.5,3.141592653589793,0.0,nan,nan,nan,nan,nan,0.576855869759209,0.42277471366414165
106.25,19.39110303485202,3.6405235915535434,3.133863934495643,0.4954225510708099,-0.06018039523364381,19.624897614308413,3.8802861448974393,3.127872317851435,0.4665367508947578,-0.09336038181358805,0.03000621431302678,0.17722437235836494,0.15286058614242404,0.013626939722952468,nan,nan,nan,0.5,3.141592653589793,0.0,nan,nan,nan,nan,nan,0.5534607436321647,0.44295807900461687
106.30000000000001,19.361321233853555,3.6404906390552965,3.130427247202981,0.49726414568984395,-0.05502248124883419,19.60619984001915,3.8805605261584124,3.125969797747292,0.47027794597681,-0.021626343543605167,0.030014847129995068,0.17950004144307566,0.15417245757119152,0.013830467054017082,nan,nan,nan,0.5,3.141592653589793,0.0,nan,nan,nan,nan,nan,0.5661325414860648,0.4824884315798029
106.35000000000001,19.341399222878216,3.640533756130894,3.1282456894170507,0.4984532016200223,-0.054465237003121746,19.577856463185363,3.8812883546145356,3.122343119204647,0.4751319818346111,-0.07016946792543556,0.030060606232947394,0.1829158894580621,0.15611225557793676,0.013625646994690235,nan,nan,nan,0.5,3.141592653589793,0.0,nan,nan,nan,nan,nan,0.5870255210861323,0.45185796943473855
106.4,19.32143730590533,3.6406279772208943,3.12610596892484,0.49930675237171795,-0.05244009676682576,19.558829187964694,3.881668048390611,3.120533245262431,0.4776532046963767,-0.0310314179633006,0.03006503106465921,0.1851913834007367,0.157397690516659,0.013829204328713984,nan,nan,nan,0.5,3.141592653589793,0.0,nan,nan,nan,nan,nan,0.5554126525149401,0.47015213134079675
106.45,19.291446585963975,3.6408605952927107,3.1230681929095634,0.5001550679619642,-0.04988211603453137,19.458040783526457,3.8650278732224606,3.1205756263092583,0.4913147934072471,-0.06345407760325998,0.029808373666516553,0.17685853348849906,0.15199995481294962,0.01362373101299696,18.9654783193262,3.7286311681875417,1.2798481083928404,0.5,3.141592653589793,0.0,nan,nan,nan,nan,nan,0.5650246001347754,0.454093854900846
106.5,19.261447162490953,3.6411965399594908,3.120167288435606,0.49966448972213867,-0.04700801950998822,19.438391651111907,3.865455743206301,3.1184049118412824,0.4914287314414432,-0.038214399763754195,0.029810895776024717,0.17913100093458056,0.1533200109408075,0.013827319313330009,nan,nan,nan,0.5,3.141592653589793,0.0,nan,nan,nan,nan,nan,0.5317387698111434,0.44682917942150424
106.55000000000001,19.241474946877446,3.6414763506076846,3.118319036454778,0.4991458190539415,-0.0457941569864158,19.40895261240477,3.86564830631851,3.116385021979312,0.4915878314062707,-0.06662429297550782,0.029706193987810353,0.1825374338959359,0.15527163166379568,0.01362290892129877,nan,nan,nan,0.5,3.141592653589793,0.0,nan,nan,nan,nan,nan,0.538506005198909,0.4401486933590781
106.60000000000001,19.221523060747344,3.6417985305619784,3.116531468646161,0.49867015951409294,-0.043763531365113184,19.38929467317124,3.8661549206774013,3.113943901678107,0.4916819052589168,-0.06123877824535135,0.02970597592710814,0.18480390186551549,0.15656478407503358,0.013826518245934671,nan,nan,nan,0.5,3.141592653589793,0.0,nan,nan,nan,nan,nan,0.5239578292308014,0.45464017786238975
106.65,19.19163003131762,3.642355852355278,3.11402783914652,0.49802758632876476,-0.04032936134042064,19.344155061586324,3.8370153504011197,3.113349488533256,0.49393068352977004,-0.008837699812971786,0.029661453621817692,0.17632571579512962,0.15117805057205325,0.01362135570795051,19.24986410685867,3.542028512315213,0.4323760078326887,0.5,3.141592653589793,0.0,nan,nan,nan,nan,nan,0.5223789525010564,0.45635273777125057
106.7,19.16177978434201,3.6429979431044295,3.1116404533550908,0.4972765744231983,-0.03996092794441961,19.32440852626953,3.837581951754606,3.110957753079033,0.4936867364705055,-0.05959154442378664,0.029655201329585587,0.17858245845964638,0.15250579510217607,0.013824995755881966,nan,nan,nan,0.5,3.141592653589793,0.0,nan,nan,nan,nan,nan,0.5390851138369246,0.43320370744633413
106.75,19.14190579936291,3.643471213615108,3.1100882609513283,0.4968056372774229,-0.037918809258473754,19.294806984718875,3.8385304070862283,3.109201012613969,0.49338164453392847,-0.030464273953158386,0.029663171040861403,0.1819664589755003,0.15446856911277765,0.013620896429190893,nan,nan,nan,0.5,3.141592653589793,0.0,nan,nan,nan,nan,nan,0.5155665504858444,0.4577697751516827
106.80000000000001,19.122050110160608,3.6439782736288655,3.1086123100386867,0.49639381330224885,-0.03649699388148005,19.275083780704485,3.839177893786184,3.1084622319262456,0.4932377257216549,-0.00463478909234569,0.02966635567614975,0.1842188950442843,0.1557690253075485,0.013824551685650072,nan,nan,nan,0.5,3.141592653589793,0.0,nan,nan,nan,nan,nan,0.5250434865631383,0.44953903265742357
106.85000000000001,19.092296215572517,3.644801099721073,3.1064484923212357,0.4958652938738746,-0.036089230334220075,19.245500233461026,3.840394136008514,3.106106560512787,0.49306110219375965,-0.03163385860487505,0.029703800007418468,0.1875879744866522,0.15769150547231284,0.013763311613665225,18.56198660251634,3.8714573552871605,1.6420476696856388,0.5,3.141592653589793,0.0,nan,nan,nan,nan,nan,0.5344863924429293,0.4408659969283704
106.9,19.062572798236694,3.645695592000015,3.1043276457131554,0.495430567016541,-0.034484261882559895,19.141012332365342,3.842532705458412,3.1033297619284017,0.5049644527028451,-0.05221301091123161,0.029700817572601,0.1778708194708487,0.15172095102234676,0.013904592680675188,nan,nan,nan,0.5,3.141592653589793,0.0,nan,nan,nan,nan,nan,0.5204142347893433,0.45581497005595417
106.95,19.042788907522603,3.6463268918329317,3.103006150680519,0.4944050520212963,-0.03208609277778894,19.110673812092283,3.8465954060534613,3.094972712810663,0.5025902552607049,-0.028569867630584236,0.03025930031390146,0.18122979620729837,0.15369529403884657,0.013690415518039787,nan,nan,nan,0.5,3.141592653589793,0.0,nan,nan,nan,nan,nan,0.48984692445071676,0.45042400623218226
107.0,19.01319198808896,3.6473269236054184,3.1012089078700966,0.4930126917526409,-0.0284640476482795,19.090608181200352,3.8475416326175873,3.094261639924107,0.5010490165866733,0.0036749852878222057,0.030262996469587942,0.1834654588934566,0.15500346340940452,0.013893023252802388,nan,nan,nan,0.5,3.141592653589793,0.0,nan,nan,nan,nan,nan,0.490032048164165,0.45723196208211936
107.05000000000001,18.99350137499519,3.64802727221594,3.100095519790791,0.49231708833973425,-0.02756240290121097,19.060631588904457,3.8485754680689115,3.0927262780641716,0.4990727212505461,-0.052650665093174835,0.030182600423678325,0.18680981199367674,0.15693709008450196,0.01368028022359616,18.956099790156557,3.9150724467768803,0.0545333236434221,0.5,3.141592653589793,0.0,nan,nan,nan,nan,nan,0.5039123575297453,0.44792291790930006
107.10000000000001,18.973835945999998,3.6487529390093267,3.0990432641178467,0.4917828022078816,-0.025086125857275998,19.02791507545347,3.8553828083054995,3.09078500745059,0.4999024232722041,-0.03425060006778875,0.030185167668355026,0.17721915236008318,0.15107506733294657,0.013882104875181744,nan,nan,nan,0.5,3.141592653589793,0.0,nan,nan,nan,nan,nan,0.4818223476827424,0.47598817770215734
107.15,18.94437478962736,3.6498839128519673,3.097687284822024,0.49107406404656473,-0.021112881436813398,18.998012610686963,3.855777401500028,3.091802859375365,0.4982724940885561,-0.017293613664904842,0.029968767954641578,0.18056035523307296,0.1530588927252991,0.01367071137980163,nan,nan,nan,0.5,3.141592653589793,0.0,nan,nan,nan,nan,nan,0.4847743159275361,0.4705519822287794
107.2,18.92475723124159,3.6506653909413043,3.0968832489241898,0.4906980127171442,-0.01969071208139611,18.978115881306636,3.8567791850197453,3.0905514458745333,0.49739326688102814,-0.012528700411377856,0.029969070303986354,0.18278649683827128,0.15437316331523482,0.013873567760630713,nan,nan,nan,0.5,3.141592653589793,0.0,nan,nan,nan,nan,nan,0.4953230208280384,0.46497944017479326
107.25,18.89535432496721,3.6518764252392377,3.095749732668637,0.4903161478350989,-0.018350121643146484,18.94831348303358,3.8607074304578113,3.0847659460623564,0.49626435875624947,-0.005840842349847062,0.03040798629535957,0.1861192246676318,0.15631594041207658,0.013663242816063752,nan,nan,nan,0.5,3.141592653589793,0.0,nan,nan,nan,nan,nan,0.49648066897889165,0.4665898103024725
107.30000000000001,18.86596965496789,3.653130060678257,3.094711338023593,0.4901168971645645,-0.016452786432947786,19.081178743913963,3.82697509557917,3.084647986734316,0.47330904865375945,0.009604327950843157,0.030401964934361377,0.1764458452157766,0.15042788172223817,0.013865248302189952,20.178780066956527,3.4618478732529034,5.981418055340537,0.5,3.141592653589793,0.0,nan,nan,nan,nan,nan,0.49198018216586314,0.47466380355202453
107.35000000000001,18.846351128021812,3.65399220831216,3.094070895971576,0.49155789452765947,-0.015796667218545165,19.052774323018497,3.82840617116986,3.084344483489266,0.4767976792825487,0.0017343996082938892,0.03036257988002335,0.17977904235464223,0.15242081824523576,0.013655958746475448,nan,nan,nan,0.5,3.141592653589793,0.0,nan,nan,nan,nan,nan,0.5327968268971923,0.5040476366954776
107.4,18.826671669920813,3.654871029800646,3.0934569424401492,0.4929645001673659,-0.015018506707691153,19.033708972889883,3.8295023696159105,3.0831790567165616,0.47924582873903043,-0.028724500920949865,0.030358742794189916,0.18200558751806062,0.15374106440565227,0.013859016294105875,nan,nan,nan,0.5,3.141592653589793,0.0,nan,nan,nan,nan,nan,0.5242544719168476,0.503284215825327
107.45,18.79706434792297,3.656219943287382,3.0926303563996083,0.49460129582356027,-0.012460831108183744,19.004924585433827,3.828479566583785,3.0880286284460485,0.48242517661610823,-0.021619639571038494,0.029859060327392935,0.18534695406107304,0.15569208595735204,0.013650511085840675,nan,nan,nan,0.5,3.141592653589793,0.0,nan,nan,nan,nan,nan,0.5068773336585286,0.5143546142772493
107.50200000000001,18.767378449274286,3.657603101623998,3.091953469032016,0.4957257444367843,-0.010765305964578118,18.88621805164833,3.7975350948728406,3.0876359452016153,0.4975384597353388,-0.0010123150870426532,0.029852277047910165,0.17673355489447296,0.1504497613413526,0.013953639000217302,18.261054347713433,3.4692732332215974,2.3129662291586386,0.5,3.141592653589793,0.0,nan,nan,nan,nan,nan,0.517542163944703,0.49088280395751205
107.55000000000001,18.747557852295284,3.658543397502301,3.091524466384568,0.4962632395352003,-0.010767424174768798,18.86632895625031,3.797306300366681,3.0893438877987727,0.49794359743469346,-0.025939840431153306,0.02959635608879066,0.17896098192194626,0.15177883588516128,0.013644958815817067,nan,nan,nan,0.5,3.141592653589793,0.0,nan,nan,nan,nan,nan,0.517542163944703,0.49088280395751205
107.60000000000001,18.717823333206148,3.6599750187571582,3.090900451588319,0.4958181824581908,-0.009958105105454812,18.846445644526984,3.7983512389856973,3.088472354655609,0.49725788864436177,-0.017805778184814953,0.02959691094009262,0.1811897996754133,0.15310493381756796,0.013848172824695817,nan,nan,nan,0.5,3.141592653589793,0.0,nan,nan,nan,nan,nan,0.4892813889261846,0.47763515508203386
107.65,18.69802610753457,3.6609431194250863,3.090514749726374,0.49535111398150944,-0.00947137701064413,18.81664946981183,3.7984527487735926,3.090920772015953,0.49638415267729563,-0.004274758324937163,0.029322351501774587,0.18453108075813074,0.15506443069037432,0.013641036897956023,nan,nan,nan,0.5,3.141592653589793,0.0,nan,nan,nan,nan,nan,0.49205922858469237,0.4770515473623031
107.7,18.678246050711017,3.6619212186758245,3.0901352849809864,0.49497306701952154,-0.00967462658656661,18.796823739953005,3.7994516883098868,3.091454319588072,0.4959443824760674,-0.005828075889221516,0.02932249084503488,0.1867546527439721,0.15636314574918178,0.01384431452489838,18.64137301991847,3.340777601578041,0.8514545277651775,0.5,3.141592653589793,0.0,nan,nan,nan,nan,nan,0.5022919032949568,0.4696208729193722
107.75,18.64860083805221,3.663405827725822,3.089528388270997,0.49453199425750116,-0.010395563200365075,18.748009002836802,3.7605425823106167,3.0898676541873478,0.49753438937438765,-0.0036613757332772693,0.029394297059924728,0.1782852749395359,0.15124531722176052,0.013636808630797793,nan,nan,nan,0.5,3.141592653589793,0.0,nan,nan,nan,nan,nan,0.5029812516973537,0.47045361599685653
107.80000000000001,18.62885261100373,3.6644060421577014,3.0891054394211075,0.49420242631471895,-0.010638761858503782,18.728140759027553,3.761577713822419,3.0886020165736987,0.4969275140934721,-0.023903516684190593,0.029391688509741484,0.18051165587736007,0.1525760679681442,0.01384014959860802,nan,nan,nan,0.5,3.141592653589793,0.0,nan,nan,nan,nan,nan,0.49888593857979263,0.4699021889507376
107.85000000000001,18.599256271179346,3.665921242446047,3.088483967663537,0.4937362921865539,-0.009816151766001702,18.69838428646488,3.7631846003956344,3.0884807827219625,0.49615295205327997,0.01859526257798453,0.029400285738576323,0.18384966569636768,0.1545425227323894,0.013634038687859262,nan,nan,nan,0.5,3.141592653589793,0.0,nan,nan,nan,nan,nan,0.48961279766290977,0.48114958000569363
107.9,18.579539012268114,3.666941126186589,3.0880913187979573,0.4935143589296288,-0.010149233247400722,18.67857029886902,3.7642420146701228,3.087111045774538,0.4957655391258185,-0.03213857739272807,0.029394073912708332,0.18607142406962798,0.15584586633869865,0.013837427614939056,nan,nan,nan,0.5,3.141592653589793,0.0,nan,nan,nan,nan,nan,0.5074229184947925,0.4658554976917232
107.95,18.549977328499498,3.668485999462316,3.0874881364474174,0.4932741253412406,-0.009203121421247875,18.658354964605003,3.798411452517128,3.0840924699855687,0.4942708759376592,-0.02182302381967461,0.02962182761204182,0.17751799685638478,0.15068838772738982,0.013630767594066765,18.74653273902585,4.117446517081795,0.4744696742492152,0.5,3.141592653589793,0.0,nan,nan,nan,nan,nan,0.48548934995934134,0.48916302805326783
108.0,18.53027559129138,3.669524807024429,3.0871579265521305,0.4932197062473869,-0.007703897897899886,18.638617633578843,3.7995464140147006,3.0840418134503818,0.4941828596007161,-0.009712813980881304,0.02962320588982053,0.1797396738158183,0.15202438033855592,0.013834209983521977,nan,nan,nan,0.5,3.141592653589793,0.0,nan,nan,nan,nan,nan,0.487185429670885,0.49223739410931905
108.05000000000001,18.50072426966518,3.671096227338372,3.0867527238577255,0.49321860304025406,-0.00628406501410379,18.60892540300456,3.798129935157573,3.0901487677332806,0.4940809387593023,-0.008648653342913195,0.029045148501540566,0.1830735148795925,0.15399793203236067,0.013628865137948937,nan,nan,nan,0.5,3.141592653589793,0.0,nan,nan,nan,nan,nan,0.49194322761832154,0.48803450219267597
108.10000000000001,18.471173011357124,3.6726836080749807,3.0863743016805927,0.4932412964290226,-0.006569462715715674,18.589188562011966,3.7991423512879754,3.0901607353574114,0.4940367842148767,-0.015428612698814292,0.02904451200140032,0.18529408447958695,0.1553056878056511,0.013832346018145272,nan,nan,nan,0.5,3.141592653589793,0.0,nan,nan,nan,nan,nan,0.5015729616617126,0.47900648373556115
108.15,18.451471519056184,3.673750430855429,3.086108690196052,0.4932682891327443,-0.006656220519264256,18.50128978587825,3.7573377883950565,3.0904910401738537,0.5019514204388881,-0.012176744835431547,0.029030490835686082,0.17667800656608815,0.1501101626407342,0.013626314667126835,18.094971062322273,3.311200536400685,1.661747177923281,0.5,3.141592653589793,0.0,nan,nan,nan,nan,nan,0.4988370819756531,0.4821729878441538
108.2,18.431776407793134,3.674822309673595,3.0858396689796104,0.49290353697872336,-0.0067993415700541805,18.481250437305363,3.7583602208300153,3.0901961193039114,0.5007113511646869,-0.022213798957573215,0.029029368981908013,0.17889558238567008,0.1514508582554545,0.013829838635988072,nan,nan,nan,0.5,3.141592653589793,0.0,nan,nan,nan,nan,nan,0.48845703843160054,0.4687115516942278
108.25,18.402273105855624,3.676440557233268,3.085433353003711,0.49218503917690015,-0.006585451898734651,18.451299130325225,3.7604319604870393,3.0886847428275166,0.4991201149243164,-0.017848372137074662,0.029128648552999507,0.1822231986501569,0.15343175354927616,0.013625070889223719,nan,nan,nan,0.5,3.141592653589793,0.0,nan,nan,nan,nan,nan,0.4855851729385856,0.47526805745161194
108.30000000000001,18.38262415610702,3.6775259695429403,3.085179158489445,0.49186866015501457,-0.006206778853419857,18.43137055186769,3.761488910215858,3.087464456427826,0.49831298387480216,-0.04098725608258993,0.02912545252786405,0.18443967320714788,0.15474442985712866,0.01382862363577805,nan,nan,nan,0.5,3.141592653589793,0.0,nan,nan,nan,nan,nan,0.4872085908858293,0.47846234247926384
108.35000000000001,18.35316922322439,3.6791628032764856,3.084851739140571,0.4915560994266646,-0.004569620616432873,18.401464441871113,3.761103737528045,3.0911526023341,0.4972814589927308,-0.017310453118306136,0.02877160166087048,0.18775763517344018,0.15668370326892575,0.013624023176627706,18.320311695440292,3.4754473118544675,0.3204829865151287,0.5,3.141592653589793,0.0,nan,nan,nan,nan,nan,0.47710483869967873,0.491071838620217
108.4,18.333540828773714,3.6802594833406,3.0846850338810605,0.49144125291944507,-0.0042452465497077145,18.371808855463538,3.73664778566096,3.090326898398149,0.4978770170679556,-0.023899957675692595,0.0287640036181866,0.1779825793048288,0.15085932737769753,0.013826632977932575,nan,nan,nan,0.5,3.141592653589793,0.0,nan,nan,nan,nan,nan,0.4934708293368137,0.47793634967965964
108.45,18.304105632888202,3.6819131516570005,3.0844235477319386,0.4912896772822074,-0.004286018861061644,18.34204010487903,3.7394060336881476,3.086565309981152,0.4970001908797525,0.00813407651258705,0.028991974390617063,0.18130191293009268,0.15284787394463392,0.013622289236550936,nan,nan,nan,0.5,3.141592653589793,0.0,nan,nan,nan,nan,nan,0.488499880294438,0.48122677364296307
108.5,18.28448718456673,3.6830210174396414,3.084246868642492,0.4912262672855623,-0.0046289207110601915,18.322194772160024,3.7404954451285386,3.0863179777966607,0.49652870040127006,-0.021341136556332487,0.02898869338563275,0.18351465374765577,0.15416551336282847,0.013825900825686516,nan,nan,nan,0.5,3.141592653589793,0.0,nan,nan,nan,nan,nan,0.4967862091365223,0.47572091382150045
108.55000000000001,18.25506185992508,3.6846907088300913,3.0839698319488096,0.49121136057072096,-0.004175986410154627,18.29251247713996,3.7434141735223383,3.0830947411339498,0.49592751976855814,-0.011754195432941015,0.029217214305378277,0.18682902278224278,0.1561125415740333,0.013621668331786484,18.626758528200224,4.456409296336159,2.2471312515163455,0.5,3.141592653589793,0.0,nan,nan,nan,nan,nan,0.48514277046094373,0.4889523889124629
108.60000000000001,18.235444422367838,3.685808329423086,3.0838240408358697,0.4912505151114469,-0.003317307466579391,18.313063213161655,3.8075205956536724,3.0819677632831706,0.4906500030788044,-0.021132535972640944,0.02923191101243227,0.1772194146745244,0.15036735296165374,0.013824337332359196,nan,nan,nan,0.5,3.141592653589793,0.0,nan,nan,nan,nan,nan,0.48485378530880857,0.4912485399743059
108.65,18.20600606961236,3.6874921336229005,3.0836788785134805,0.49169733581986197,0.0,18.283634006938595,3.8084420746579477,3.083609465389049,0.49121490346676777,-0.010791459022501462,0.02907693907154977,0.18054163696398093,0.1523627548537186,0.01362031207890872,nan,nan,nan,0.5,3.141592653589793,0.0,nan,nan,nan,nan,nan,0.4872638828228872,0.5051384923755482
108.7,18.176531208260652,3.689183654723954,3.0836201045624785,0.49229292013781684,0.0,18.264013727773325,3.8095772772247845,3.0844045540678575,0.491656822121441,0.013263496353289904,0.029079985969736752,0.18275825606103369,0.15368471335123352,0.013823968844753298,nan,nan,nan,0.5,3.141592653589793,0.0,nan,nan,nan,nan,nan,0.4929452276521429,0.49820170120906415
108.75,18.156863632821743,3.6903157345035433,3.083575069086088,0.49262362459382264,0.0,18.234602884051906,3.812458547343801,3.082902474268482,0.49223411494548114,0.00047008022695458707,0.02929620529453202,0.18608087083590688,0.15563799126367583,0.013620003312971102,nan,nan,nan,0.5,3.141592653589793,0.0,nan,nan,nan,nan,nan,0.5030196037880165,0.4872187280030988
108.80000000000001,18.13718411969194,3.6914510568420313,3.0835098992235412,0.4929054740013036,0.0,18.210565219866876,3.832923021982449,3.0835577356645985,0.493349881624152,0.01915061464335671,0.02930348931447845,0.17640957547928504,0.14984414676137647,0.013822683451646646,18.19159753861471,4.029499003419337,0.17452793503034175,0.5,3.141592653589793,0.0,nan,nan,nan,nan,nan,0.4946838746321154,0.4942108729396054
108.85000000000001,18.107647608159958,3.693158903492104,3.083404658197695,0.49320512175094305,-0.0021480494564345993,18.18102614467864,3.835039045885201,3.083200424115831,0.49360099750281095,-0.00017715808605362165,0.029379174941640506,0.17973460176552783,0.15184663088133082,0.013618888149062808,nan,nan,nan,0.5,3.141592653589793,0.0,nan,nan,nan,nan,nan,0.5013414088446148,0.4845385446098859
108.9,18.087948720936172,3.6943006827105256,3.0833139244294343,0.49335070168342554,-0.0021633414631686077,18.161315188074305,3.8362017578876535,3.08238849665162,0.4937171941901389,0.007393146228611704,0.02938011166271245,0.18195355510451322,0.1531731925022219,0.013822581130156112,nan,nan,nan,0.5,3.141592653589793,0.0,nan,nan,nan,nan,nan,0.49256567252677097,0.4928808834166122
108.95,18.058390561569865,3.696017128536569,3.083197077741024,0.4935439515601853,0.0,18.131848103627195,3.8402265543553273,3.0785739953042643,0.49387330214323616,0.00640415968299501,0.02979330347344337,0.18527996018949963,0.15513354055850162,0.01361881392847213,nan,nan,nan,0.5,3.141592653589793,0.0,nan,nan,nan,nan,nan,0.49406265738588456,0.4913494487860079
109.0,18.028821913562336,3.697737647991881,3.083113756177253,0.4937114604376046,0.0,18.112131381286282,3.8414693862225695,3.0790400821217645,0.49396385945282334,0.013246107545099566,0.02979423206955567,0.18749380233719623,0.15643331897432383,0.013822520494190497,16.49803351770847,3.724348900598306,9.188728395699188,0.5,3.141592653589793,0.0,nan,nan,nan,nan,nan,0.4875492229719497,0.4977008942334892
109.05000000000001,18.00910432482788,3.6988865601671956,3.0830872259317834,0.49381258695917907,0.0,17.881999863259637,3.834779099521163,3.079786764556925,0.5204197391891945,-0.011228177397886056,0.029676528389026412,0.1788744854108855,0.15130606914648237,0.013617871144373841,nan,nan,nan,0.5,3.141592653589793,0.0,nan,nan,nan,nan,nan,0.49068743703500023,0.4945928152690359
109.10000000000001,17.989406911615557,3.700032218736572,3.0830845211766222,0.49258819485558936,0.00037251506693270116,17.861263805495312,3.836066060596026,3.0794220126253116,0.5164181823762268,-0.0014176551871001196,0.029677294368550017,0.18108634469247056,0.15263820378719414,0.013821595408587009,nan,nan,nan,0.5,3.141592653589793,0.0,nan,nan,nan,nan,nan,0.4415144041810955,0.4633772219543674
109.15,17.959991757382955,3.701748064150052,3.083157222490779,0.4901440623096046,0.0016670727126897127,17.830417356861876,3.837398008248742,3.080245102431051,0.51127895641496,0.01126974991150673,0.029570441922819758,0.18439770787043472,0.15460609182560434,0.01361797438755997,nan,nan,nan,0.5,3.141592653589793,0.0,nan,nan,nan,nan,nan,0.4501725126232134,0.4659028748323411
109.2,17.940449177345887,3.702890474381075,3.083231026876346,0.48902837703759416,0.0018294884963331135,17.810031500871858,3.8386518110717196,3.079170208569554,0.5086523549299913,-0.030374910545485457,0.02956516435122031,0.18659903386138882,0.1559106012174204,0.013821706615090813,18.285659775209034,3.545062997756257,1.1067514964559928,0.5,3.141592653589793,0.0,nan,nan,nan,nan,nan,0.4636022366469976,0.46732688087160934
109.25,17.911200670792365,3.7045996138049295,3.0833803461553946,0.48786626466139094,0.0035696282815411385,17.838701388426326,3.8126292992283757,3.0822820729564766,0.4973487900420622,0.02495749303021995,0.02935045489806549,0.17812297961924903,0.15085639254980315,0.013617170448282706,nan,nan,nan,0.5,3.141592653589793,0.0,nan,nan,nan,nan,nan,0.4487435128010577,0.489632791425956
109.30000000000001,17.891725598973235,3.705737006081027,3.0835334347630416,0.48776837899461184,0.0034288447908848974,17.818847478484685,3.813807817134446,3.0823755539568793,0.49684853821925395,0.0058465775964141875,0.02934835441652173,0.18032848429725226,0.15219177940765535,0.013820918422445686,nan,nan,nan,0.5,3.141592653589793,0.0,nan,nan,nan,nan,nan,0.49226934548939916,0.4801502138992986
109.35000000000001,17.86249648193616,3.707441232719108,3.083695227209789,0.4881335698024018,0.00249152069375837,17.78918667219292,3.8171738311064787,3.0797386356637224,0.4962103213653502,0.021797927507145206,0.029641982305868123,0.1836366092020184,0.15416472968227693,0.013617401658697325,nan,nan,nan,0.5,3.141592653589793,0.0,nan,nan,nan,nan,nan,0.4852982795970474,0.4887796083491124
109.4,17.84299760153247,3.7085757125626593,3.0837878228539077,0.48839960520686365,0.002172142361818145,17.769378931183162,3.8183922742901357,3.0801190553692113,0.4958925062003795,-0.011701548917390694,0.02963827150145998,0.18583964608721681,0.1554725877313498,0.013821153186010595,nan,nan,nan,0.5,3.141592653589793,0.0,nan,nan,nan,nan,nan,0.4884662392786959,0.4877157831609076
109.45,17.813728526009765,3.7102752928519678,3.083929148526312,0.4888124734956053,0.0029382831939113196,17.72610761820408,3.773149619376573,3.081424452035751,0.4969165445052236,-0.017013906298036563,0.029536122383071784,0.17730245643099202,0.15036672623554206,0.013616675334039135,17.64225600323583,3.292258285672241,1.0602992766925194,0.5,3.141592653589793,0.0,nan,nan,nan,nan,nan,0.4759091203684585,0.5014317222560382
109.5,17.794202993246607,3.7114062428471475,3.0840724309655405,0.4890266367627471,0.0039557826784496495,17.706270966727594,3.774341190456483,3.081956404982427,0.49650021586463006,0.004952159114408305,0.02953869471909854,0.17950908935256926,0.15170637776270365,0.013820441482769912,nan,nan,nan,0.5,3.141592653589793,0.0,nan,nan,nan,nan,nan,0.4739824603383432,0.5004404401463601
109.55000000000001,17.764900461559183,3.7130999272919403,3.084334987630815,0.4893138983509241,0.00432736092571812,17.676452223662796,3.77440343792519,3.0858368342256544,0.4959711074625847,0.020659990590975962,0.029228185442331394,0.18282152399970086,0.15368504097994862,0.013616999908404733,nan,nan,nan,0.5,3.141592653589793,0.0,nan,nan,nan,nan,nan,0.4839806222445726,0.49186625336867973
109.60000000000001,17.735579330678995,3.7147911536604616,3.084543175830316,0.48963707708885973,0.0025990573186392635,17.656646848163216,3.775507962928159,3.086976444427078,0.4957085005676135,0.04010679801613966,0.029231059464544087,0.1850287208109788,0.15499633320292133,0.013820769842236019,nan,nan,nan,0.5,3.141592653589793,0.0,nan,nan,nan,nan,nan,0.4967000045197233,0.48093564092653585
109.65,17.716020218457075,3.715917276039539,3.0846229925344035,0.4898780158871194,0.0,17.667141249918103,3.7870721260368536,3.0834642753234043,0.4897528201963452,-0.009089871954957933,0.02953031907109923,0.17644208786445703,0.14984319182666053,0.013616324236569426,17.963411825203025,3.8771696435487977,0.40999173521745874,0.5,3.141592653589793,0.0,nan,nan,nan,nan,nan,0.49410294789232456,0.48491245157419527
109.7,17.686649350051372,3.717604813630843,3.0847327461795957,0.49072941950849014,0.0022500593711917705,17.647576808961297,3.788205981118902,3.083714222247636,0.4904547831680814,-0.008694553316889885,0.02953028776356051,0.17865007842463582,0.15118695016007713,0.013820106227197176,nan,nan,nan,0.5,3.141592653589793,0.0,nan,nan,nan,nan,nan,0.49037236463462625,0.5066512627748376
109.75,17.667037575538956,3.7187278732079245,3.0848375698998907,0.4913088441698202,0.002827206896995961,17.618194467231785,3.7901792906315284,3.082841985475339,0.49136813628949993,-0.00842650457881329,0.0295799197396807,0.18196756008413145,0.15317210013934174,0.013616721799158814,nan,nan,nan,0.5,3.141592653589793,0.0,nan,nan,nan,nan,nan,0.4898017062826838,0.5055932930531674
109.80000000000001,17.64740446713149,3.7198495601656503,3.084964788983554,0.49180317478914715,0.0034111592702103233,17.59856933141237,3.79134299059198,3.082390002757835,0.49184788726626516,0.01606095719254285,0.029582617606443956,0.1841797947403775,0.15448775295215084,0.01382050412651882,nan,nan,nan,0.5,3.141592653589793,0.0,nan,nan,nan,nan,nan,0.4871525841895313,0.5059339489675894
109.85000000000001,17.61792178217782,3.7215297630846265,3.08517868745104,0.49242227191553417,0.0033561067165830357,17.56907877439828,3.7927598152845943,3.0821454709184337,0.4924741655896111,-0.01739854348107786,0.02951877771827791,0.18749443870669222,0.15643143755174793,0.013617078988081186,16.32338976149454,3.70100826276678,5.474112115145709,0.5,3.141592653589793,0.0,nan,nan,nan,nan,nan,0.4954577579208538,0.49659712794265787
109.9,17.58840607376325,3.723206582390913,3.085407153049964,0.4929175806845046,0.004483266677463937,17.395118303696332,3.7880638508200524,3.0822038768385482,0.5138828750529424,0.014616844143049229,0.02951832579781711,0.17776382077391029,0.15064129482621927,0.013819875023956138,nan,nan,nan,0.5,3.141592653589793,0.0,nan,nan,nan,nan,nan,0.48065865235418753,0.5098936902598058
109.95,17.568745896198653,3.724317390885659,3.0855835613708313,0.4917832932624342,0.0042335476745752,17.36425735739046,3.7874030995376886,3.0884444518682095,0.5103032150570327,0.017155449786585807,0.029059940915673647,0.18107959122839265,0.15263388406107978,0.013616530896008575,nan,nan,nan,0.5,3.141592653589793,0.0,nan,nan,nan,nan,nan,0.4607953363289334,0.46483673414241883
110.0,17.54913443399876,3.725426141219425,3.085729329067442,0.4906984272344073,0.0031110590970324097,17.343898779245098,3.788486479551615,3.0887875550588184,0.5078775976314771,0.015825976827921296,0.02906001757318003,0.18328829680990313,0.15395392232115065,0.013820325964253078,nan,nan,nan,0.5,3.141592653589793,0.0,nan,nan,nan,nan,nan,0.47601780973967067,0.459838079966559
110.05000000000001,17.519783103225258,3.7270836903365328,3.08584837831709,0.4895193507365693,0.0,17.313436007450512,3.788314213417981,3.093202510171162,0.5047613050068159,0.009666469618033968,0.028746919778886416,0.18659462225733764,0.15590344099884146,0.013616934267566123,17.38045947559395,3.763744907797892,0.017948636191409136,0.5,3.141592653589793,0.0,nan,nan,nan,nan,nan,0.4791781360470099,0.46356072605431276
110.10000000000001,17.500246875536906,3.7281848764123753,3.0858682347438062,0.48902252830585285,0.0,17.301571621773657,3.786992370307002,3.0922757101655813,0.502024357660364,-0.022239763705794974,0.02874257705538425,0.17701905606361149,0.15018494009274028,0.013819740146081847,nan,nan,nan,0.5,3.141592653589793,0.0,nan,nan,nan,nan,nan,0.4876502214262985,0.4641994532986668
110.15,17.47096750484004,3.729831579890535,3.085836851347832,0.4886415010620257,0.0,17.27149632114961,3.7879264838840605,3.092593723432115,0.5001994582308814,-0.01696810758141991,0.02863920424790402,0.18032959064823761,0.15218196053343436,0.0136164220799394,nan,nan,nan,0.5,3.141592653589793,0.0,nan,nan,nan,nan,nan,0.47730575544944365,0.4826535434318592
110.2,17.451454862396854,3.7309263258597247,3.0858296262387954,0.4885729202113446,0.0,17.251521378688448,3.788903896708918,3.0924391405350775,0.4993036338229144,-0.01594138806131353,0.028639276120041343,0.18253702728910828,0.15350504096991796,0.013820224814067219,nan,nan,nan,0.5,3.141592653589793,0.0,nan,nan,nan,nan,nan,0.4823788058366577,0.4830452184215489
110.25,17.422185719566208,3.7325656747897944,3.0858265926200854,0.48861062512460807,0.0,17.22162472570366,3.7903962422863096,3.0915868337972316,0.49815581371316225,-0.030724128664284287,0.028640174282803285,0.18584444142528775,0.1554594638453386,0.013616853684598966,nan,nan,nan,0.5,3.141592653589793,0.0,nan,nan,nan,nan,nan,0.48367299750024806,0.48447331829071383
110.30000000000001,17.39290945574452,3.7342028456807825,3.085855462426233,0.48878165436709714,0.0,17.1701590402123,3.7464888388300794,3.091146798313842,0.5017143485439367,0.001293850346559899,0.028631445843031757,0.17620466452968175,0.14968822726182804,0.013819629634639561,16.947420312825084,3.2798279641212504,1.1989799877083018,0.5,3.141592653589793,0.0,nan,nan,nan,nan,nan,0.4845134950182405,0.47640716849679954
110.35000000000001,17.373391260312378,3.7352927941396956,3.085886398894302,0.48865934287548185,0.0,17.13993461203748,3.7444900503651617,3.0976497888051044,0.5001868818037702,-0.0280914075106129,0.027970926001222945,0.1795138251490817,0.1516911553984648,0.013616334528557294,nan,nan,nan,0.5,3.141592653589793,0.0,nan,nan,nan,nan,nan,0.4845134950182405,0.47640716849679954
110.4,17.35387743828525,3.7363827916441994,3.085897632689872,0.48859521137996353,0.0,17.119955305396722,3.745362614600786,3.0979931765213164,0.49929379359773807,-0.013799154845485545,0.027972770670771363,0.18172173460120852,0.15301783626717896,0.013820141286189792,nan,nan,nan,0.5,3.141592653589793,0.0,nan,nan,nan,nan,nan,0.4845806913534972,0.48091302829185373
110.45,17.324606725363957,3.7380175584486905,3.0858835038151713,0.4886328704320815,0.0,17.090098552010065,3.7475869976492397,3.095854708526068,0.49814944509999387,-0.004305787515259882,0.028137041767867837,0.18503136045708365,0.15497762032283496,0.013616787754288692,nan,nan,nan,0.5,3.141592653589793,0.0,nan,nan,nan,nan,nan,0.4919519640776286,0.476256330505932
110.5,17.305089543980685,3.739107793666194,3.08583524942996,0.4887389833429355,0.0,17.070199244134752,3.7484956276166543,3.09711729108251,0.4975707479343406,0.03541510931232811,0.028142270295868372,0.18723403383598008,0.15627700807692535,0.013820595184675388,16.737291924615814,3.1627259779229195,1.6419398035789934,0.5,3.141592653589793,0.0,nan,nan,nan,nan,nan,0.4940757059106442,0.4776581619111493
110.55000000000001,17.275803056069822,3.7407448814009197,3.085669864661247,0.4889734521716777,-0.004198789778696436,17.000117427229277,3.69715001699247,3.1001120925656878,0.5017464900415355,0.0036180525808405437,0.027910981616356478,0.178647481128069,0.15116728325351567,0.013616260278352868,nan,nan,nan,0.5,3.141592653589793,0.0,nan,nan,nan,nan,nan,0.5125643387139271,0.4610270832081091
110.60000000000001,17.256274430133015,3.7418379210110175,3.0854572155905666,0.4889260497034086,-0.005782858541634422,16.980076344629406,3.6979821098293173,3.100508585063487,0.5006190969897535,0.014546091659669205,0.02791262675234957,0.1808547248581005,0.15249812478028024,0.013820075915052122,nan,nan,nan,0.5,3.141592653589793,0.0,nan,nan,nan,nan,nan,0.49782304002914757,0.46315383106922725
110.65,17.226991297200268,3.7434811149356406,3.085045666946705,0.4887731779447007,-0.007736122322389498,16.95011986567964,3.6997071208871852,3.0986318664829398,0.49917293699201537,-0.0065206129019339774,0.027996125742944043,0.1841646788624415,0.15446396197609377,0.013616734385003838,nan,nan,nan,0.5,3.141592653589793,0.0,nan,nan,nan,nan,nan,0.5042591862176755,0.4600689091865576
110.7,17.20747137601705,3.7445802104374257,3.084719073145929,0.4887883382062136,-0.00817834804659182,16.930178820863716,3.7005637883209426,3.098391971602518,0.49843912567995796,-0.012379489969938637,0.027995516146934362,0.18636829373913957,0.15576721035503854,0.013820547503793697,16.172799821528542,3.882593131203669,2.1335267339147856,0.5,3.141592653589793,0.0,nan,nan,nan,nan,nan,0.4949925391584859,0.4737153893893608
110.75,17.178186799156244,3.7462347925391666,3.0842372958106217,0.48891656446647574,-0.007837363981294383,16.806856371181983,3.7199833040204013,3.094804789142204,0.509806052680546,-0.037658513833536765,0.028121644763491983,0.1779379407971643,0.15073017786207654,0.01361623121651986,nan,nan,nan,0.5,3.141592653589793,0.0,nan,nan,nan,nan,nan,0.493212881426802,0.477774524773219
110.80000000000001,17.15866863997991,3.7473404851759886,3.0839510148979534,0.4884700965659981,-0.00645307052792404,16.786510816750106,3.720939570949368,3.0946945729131983,0.5074326505109177,0.0027580615087570417,0.028126171971639427,0.18014548098202354,0.15206517418885704,0.01382004730421986,nan,nan,nan,0.5,3.141592653589793,0.0,nan,nan,nan,nan,nan,0.4601910170507581,0.47620530551347146
110.85000000000001,17.129442795393846,3.7490046617851474,3.083619867330715,0.4875383545922837,-0.0054527427772254385,16.756247315952074,3.7240646731592046,3.0905917242354413,0.5043834248481979,-0.013211931392536423,0.02842955212646014,0.18345451803385404,0.1540372776176032,0.013616717766341956,nan,nan,nan,0.5,3.141592653589793,0.0,nan,nan,nan,nan,nan,0.4793321194324538,0.4638127771151149
110.9,17.10998288555772,3.7501190703219347,3.083416006203639,0.4871912188338957,-0.004634545022983903,16.736114100118428,3.7250930273723633,3.0904798068577914,0.5028271025268533,-0.0036602705095872203,0.028430503035587706,0.18565679466933915,0.15534468181435152,0.013820533288937275,nan,nan,nan,0.5,3.141592653589793,0.0,nan,nan,nan,nan,nan,0.4709990974814039,0.4810743048119144
110.95,17.08080990711332,3.751796505584084,3.0831914340535276,0.4869345437329272,-0.0032757886538507504,16.851250837439295,3.7531705817257786,3.093697460777884,0.4812515020493157,0.015051831173292295,0.028196421371305704,0.17715037659151892,0.1502540153549281,0.013616189158408596,17.9107162078601,4.062632356732437,5.345767211163185,0.5,3.141592653589793,0.0,nan,nan,nan,nan,nan,0.4766601274532944,0.479940886677715
111.0,17.051597311339354,3.7534877739234522,3.0829841250528878,0.48860738328338316,-0.0038818735250406807,16.83200252067265,3.7540903679293174,3.0933663421832875,0.4832340690653394,-0.020201412075419575,0.028192472432387754,0.17935793125395824,0.1515926212506343,0.013820010243187405,nan,nan,nan,0.5,3.141592653589793,0.0,nan,nan,nan,nan,nan,0.521564086207599,0.5007011542535573
111.05000000000001,17.03205300492759,3.754621514477581,3.0828474816093556,0.4898983693841979,-0.0030410098325133316,16.803097924974548,3.757693232412195,3.0890997360209855,0.48580365180854457,-0.004101041897671395,0.028596591227102057,0.18267487764667154,0.15357031834072166,0.013616686305263085,nan,nan,nan,0.5,3.141592653589793,0.0,nan,nan,nan,nan,nan,0.504170277208518,0.5129855587513003
111.10000000000001,17.00265284660805,3.7563308424927047,3.082711274724583,0.49142836778790755,-0.001761265195831837,16.783679320636764,3.758720185384051,3.0885509448567436,0.48713721163064644,0.003928399377739232,0.028597311572512437,0.18488699299113842,0.1548813367433879,0.01382050273375594,nan,nan,nan,0.5,3.141592653589793,0.0,nan,nan,nan,nan,nan,0.5004485860382988,0.5097083191014766
111.15,16.983008376341235,3.7574764480577465,3.082653944984778,0.4922410601859545,0.0,16.815086315841135,3.7694631276498107,3.0865784296984975,0.4802394364465687,0.018993755538033952,0.028855098726178884,0.17633439344195584,0.14974303688096013,0.01361614637638139,17.257230913299818,3.8580250132302494,0.8874676947659053,0.5,3.141592653589793,0.0,nan,nan,nan,nan,nan,0.500893197234516,0.5059061678574216
111.2,16.953467893394844,3.759205728464716,3.082588649443345,0.4939569121543058,0.0,16.795883003076913,3.770516254608721,3.0868729635862415,0.4824558094615915,-0.0022976115319129358,0.02885284433247264,0.1785503676533143,0.15108657755912527,0.013819968293003597,nan,nan,nan,0.5,3.141592653589793,0.0,nan,nan,nan,nan,nan,0.5145261727067606,0.5139545461150817
111.25,16.933717225141415,3.7603638702098343,3.0825686510037262,0.49498857582872474,0.0,16.7668819065094,3.7713794883912612,3.0877883358209353,0.4853270257508441,-0.013862588816995005,0.0287181522987186,0.18188217426899456,0.1530713194801799,0.013616650183137773,nan,nan,nan,0.5,3.141592653589793,0.0,nan,nan,nan,nan,nan,0.5032918735013062,0.5194169358023882
111.30000000000001,16.904025989632693,3.7621070090872926,3.082617719648804,0.49615068477036006,0.0015381368116110252,16.747481678107714,3.7724226574411404,3.087672628141293,0.4868153590429805,-0.011683169663002233,0.028718206496918173,0.18410513651926588,0.1543866651733017,0.013820468909547435,nan,nan,nan,0.5,3.141592653589793,0.0,nan,nan,nan,nan,nan,0.4958299192728196,0.5189988898755747
111.35000000000001,16.88419958437982,3.763272131129745,3.0827038608273396,0.4967213542449995,0.002500111951482643,16.71840198403058,3.776484424748282,3.081191032957693,0.48874415564900964,-0.03897781979653537,0.029153481350756415,0.18743656999071304,0.1563303966162395,0.013617092534100029,17.53667409082217,4.644793524544046,5.105446849241128,0.5,3.141592653589793,0.0,nan,nan,nan,nan,nan,0.4943556413734319,0.5166673999464041
111.4,16.854424474212355,3.7650212464285304,3.082968878649999,0.4973405900390545,0.006241873422113552,16.798752816312145,3.853539778621013,3.081546524616275,0.47644676425375293,0.032107579142973505,0.029181717872506494,0.17772842266023597,0.15055315858306517,0.013819920765986224,nan,nan,nan,0.5,3.141592653589793,0.0,nan,nan,nan,nan,nan,0.47080158164118907,0.5349978620781092
111.45,16.834536434902937,3.7661903534998733,3.0832171139468527,0.49854380858239955,0.005976526804333141,16.770232761821894,3.856842703029738,3.0777375149059525,0.48024310940751574,0.009406661929236266,0.02947214156583326,0.1810700969211241,0.15254595594590623,0.01361660880774786,nan,nan,nan,0.5,3.141592653589793,0.0,nan,nan,nan,nan,nan,0.5185036660465395,0.5253656136458412
111.5,16.804620263149697,3.7679433911783526,3.083602617057393,0.500023744713868,0.007109236017387175,16.751038761587065,3.8580764602165645,3.077465529375351,0.482586290326741,0.016570505347904517,0.029472728735338308,0.18330098517443844,0.15386660016011935,0.013820427291620332,nan,nan,nan,0.5,3.141592653589793,0.0,nan,nan,nan,nan,nan,0.4981899134363093,0.5352781753244074
111.55000000000001,16.78463556066313,3.7691102572186694,3.0839071959775772,0.5007170294035967,0.007884742434464827,16.72195934077113,3.8576951486361173,3.0832773051533504,0.48562028037120303,0.010820814697667118,0.029071833279923884,0.18664676298997762,0.15581757806085947,0.01361705620196572,17.061560129495106,3.424710663103471,1.0863411481916874,0.5,3.141592653589793,0.0,nan,nan,nan,nan,nan,0.4972474082497953,0.5300618232369083
111.60000000000001,16.764627453788798,3.770275003293807,3.0842308211915004,0.5012055719266331,0.008084826326665585,16.745115662160735,3.819888600964565,3.0831179902351558,0.48092087898057234,0.008281603421774319,0.02906227942896759,0.17708985663096363,0.15011113213313154,0.013819909856651427,nan,nan,nan,0.5,3.141592653589793,0.0,nan,nan,nan,nan,nan,0.49918212683854446,0.5197441204962129
111.65,16.734578168494206,3.772018184193816,3.0847169257911005,0.5020957805298703,0.008176491300422922,16.716273610083434,3.822056044577869,3.0818518807680135,0.48413313614992376,-0.010146576050670956,0.029151117979589802,0.18044650503936066,0.15210985408226066,0.013616599235080152,nan,nan,nan,0.5,3.141592653589793,0.0,nan,nan,nan,nan,nan,0.5051611767455539,0.5288172308120669
111.7,16.714512665120978,3.773175771761289,3.0850595584182727,0.5026491754936638,0.008984669375474756,16.696924030894497,3.8232122343886177,3.0824583243622277,0.4859734954980421,0.017232375939117556,0.029154192832402663,0.1826866994773868,0.1534340804715322,0.013820418878252617,nan,nan,nan,0.5,3.141592653589793,0.0,nan,nan,nan,nan,nan,0.4911703227339784,0.5339646565080921
111.75,16.684383306406176,3.77490328747992,3.085627708471805,0.5031699564820638,0.009387751739129516,16.66783842612809,3.826256767261964,3.0802454194674214,0.4883557406393916,-0.000907488182537379,0.02939266807849919,0.186044767108685,0.15539083185517943,0.013617049213373,nan,nan,nan,0.5,3.141592653589793,0.0,nan,nan,nan,nan,nan,0.5003260208654486,0.5199892055573648
111.80000000000001,16.65423309094268,3.776618664048917,3.086216934258788,0.5033777143981298,0.010385598938249984,16.642406401568678,3.7798805082190596,3.080832224454042,0.4900408791079357,0.013260750385009021,0.029382144626579218,0.176399091502595,0.14962970062259331,0.013819879057235928,16.601980778853648,3.2896516109025193,1.0633949003146206,0.5,3.141592653589793,0.0,nan,nan,nan,nan,nan,0.48616172047595624,0.5275889834908389
111.85000000000001,16.634130015041155,3.7777541494045863,3.0866391507602913,0.5033671596196545,0.010592637938629388,16.613120996601804,3.783383349169137,3.0771377517447878,0.49155248675380064,-0.006118161523974026,0.029706299287821272,0.1797556884773682,0.15163570907039223,0.01361657475865151,nan,nan,nan,0.5,3.141592653589793,0.0,nan,nan,nan,nan,nan,0.4901266915567125,0.5190665530490536
111.9,16.61402875787938,3.7788824162506853,3.087083628395133,0.5032763851123498,0.011680824978877746,16.593491795847545,3.784649352281643,3.0786524972419382,0.4923238435241351,0.05143869157722674,0.02971317897855139,0.18199479461974302,0.15296462667825966,0.013820394201525504,nan,nan,nan,0.5,3.141592653589793,0.0,nan,nan,nan,nan,nan,0.4744549195823705,0.5306258777481109
111.95,16.583886020945968,3.7805601148710264,3.087801285530463,0.5030575392323267,0.011280270139482672,16.563826347356283,3.7835983037651255,3.085470303718589,0.49332384743361596,0.02018760933017914,0.02918089902733295,0.1853506847444664,0.1549274669303804,0.013617024900091772,nan,nan,nan,0.5,3.141592653589793,0.0,nan,nan,nan,nan,nan,0.49846994704323216,0.5046805878000391
112.0,16.563798820626612,3.7816691987087934,3.0882240968096295,0.5028648276119545,0.010222386907876075,16.544119246093615,3.7847069282425676,3.085625957066309,0.49384408778080946,0.01478257149403139,0.029180223095952508,0.18758319777829086,0.15622848515239163,0.013820839543798102,17.07226213199122,3.3030798326187107,1.819564204449294,0.5,3.141592653589793,0.0,nan,nan,nan,nan,nan,0.4945825100599713,0.5059018206831764
112.05000000000001,16.533683217914,3.78331741413853,3.088801909760596,0.5025377074901692,0.009319416029101609,16.5812285511127,3.743066050905455,3.0857499407386744,0.485222311322119,0.01499897365280237,0.029282884753211096,0.17897451551462717,0.15112716943032717,0.01361651908394908,nan,nan,nan,0.5,3.141592653589793,0.0,nan,nan,nan,nan,nan,0.4917476787491648,0.507483726563362
112.10000000000001,16.5136085110308,3.7844071844217635,3.089164530173786,0.5027638761286266,0.00892626687300688,16.561832034394854,3.7441539691914985,3.0861311927653112,0.48699892063406547,0.029885429032482265,0.029284638860520552,0.18120965003201062,0.1524595652972122,0.013820337907824219,nan,nan,nan,0.5,3.141592653589793,0.0,nan,nan,nan,nan,nan,0.5050431084619481,0.5207925106605441
112.15,16.479250023006205,3.7864224408160343,3.0896619864825134,0.6844122045324204,0.007628473096321579,16.530476877275934,3.745104093990266,3.088372866809829,0.6940935292642827,0.019375115118387326,0.029140531215887472,0.1845622360045599,0.15442907041964163,0.013616975717900215,nan,nan,nan,1.5,3.141592653589793,0.0,nan,nan,nan,nan,nan,4.533952374365882,4.537203470789068
112.2,16.447403919806746,3.7881233227444033,3.0900212882304294,0.859789021876096,0.007176766466733183,16.500979845024375,3.7466672921578477,3.089409132176751,0.8670057733796473,0.022619514556340942,0.029141410591871288,0.186781071422766,0.15573930596376426,0.0138207885927982,15.886833690257143,3.73276075679939,1.3247864977841783,1.5,3.141592653589793,0.0,nan,nan,nan,nan,nan,4.242350409756187,4.247816933044896
112.25,16.388294276659874,3.791131654265448,3.090513024088094,1.0674567017675793,0.0065757512203581435,16.368807342967436,3.751756713701499,3.085063178570236,1.0879866046307536,0.024756903470335823,0.029523126604277094,0.17822398101302997,0.15072219471225906,0.013616439521816563,nan,nan,nan,1.5,3.141592653589793,0.0,nan,nan,nan,nan,nan,4.001398139467149,4.001682182318859
112.30000000000001,16.34297987462821,3.7934089856177855,3.0907932602036645,1.1696407460540834,0.006654126440711158,16.32434410007459,3.7542632339776354,3.0847887926898983,1.185831502130691,-0.025170015589318355,0.029517235139898474,0.18032057364916837,0.15207353309864757,0.01382025700011442,nan,nan,nan,1.5,3.141592653589793,0.0,nan,nan,nan,nan,nan,3.674280605255448,3.686457892545703
112.35000000000001,16.268723156873104,3.797149496749067,3.091240423617124,1.2831456850884346,0.008848036753513885,16.251031499147263,3.762005425802895,3.0796555005027226,1.3001487624492527,0.04496391317264638,0.03005914308783998,0.18332368466517332,0.15407355392908376,0.013616901145580661,nan,nan,nan,1.5,3.141592653589793,0.0,nan,nan,nan,nan,nan,3.514701105703407,3.568211124491397
112.4,16.188961738423714,3.8011754712714088,3.091791071167484,1.3606144439917602,0.009173414647281644,16.1985873544179,3.765232588498737,3.0801518111643365,1.3517072554096705,-0.012871120669238637,0.030052477105207743,0.1852245654021001,0.1554056443590007,0.013820710306179302,nan,nan,nan,1.5,3.141592653589793,0.0,nan,nan,nan,nan,nan,3.3682654436229202,3.3816875674937363
112.45,16.13365205465104,3.8039660774971247,3.092198582237403,1.3977170607891938,0.0110986643513481,15.995992802216032,3.842227632191714,3.076372254530291,1.4204059231497137,0.005406293882689591,0.030451451807084962,0.1762560905284215,0.1503410402854883,0.013615705284014203,15.196723300436755,4.526606541760715,5.431631174504916,1.5,3.141592653589793,0.0,nan,nan,nan,nan,nan,3.2719382710405913,3.3307538984243283
112.5,16.04842503515413,3.8082478441513605,3.0929625464317687,1.4370506487613675,0.013788394177041963,15.939053443190716,3.845962458731283,3.076496730794428,1.4438840968332864,0.028894429598589517,0.03045392646457275,0.17800095149653036,0.15171141539187843,0.013819528643098674,nan,nan,nan,1.5,3.141592653589793,0.0,nan,nan,nan,nan,nan,3.172195650226189,3.228380219861115
112.55000000000001,15.99053725649909,3.811137207191386,3.093534055620374,1.4555966257528294,0.014417627720525437,15.852003855958475,3.8512431599853385,3.0778729377886496,1.4702398279018494,-0.005184804940944998,0.030409432607275657,0.18050418390370512,0.1537301106908049,0.013616255595076511,nan,nan,nan,1.5,3.141592653589793,0.0,nan,nan,nan,nan,nan,3.1476377763485868,3.185309367846335
112.60000000000001,15.902566210758252,3.8154857247039717,3.0944746024335146,1.4756123478095875,0.016702926901486694,15.793194841810749,3.855010802412781,3.0779760360463673,1.4817006755974058,0.02547938764861572,0.030412588240454324,0.18210494537675107,0.15507854218788228,0.013820073193576282,nan,nan,nan,1.5,3.141592653589793,0.0,nan,nan,nan,nan,nan,3.096962202144709,3.1584057574494317
