t,gt_x,gt_y,gt_psi,gt_u,gt_r,kf_x,kf_y,kf_psi,kf_u,kf_r,kf_bias,kf_sx,kf_sy,kf_spsi,gps_x,gps_y,gps_nis,u_ref,psi_ref,wp,xte,seg_ax,seg_ay,seg_bx,seg_by,thrust_l,thrust_r
0.05,1.9592952343138764e-06,-4.199047794774919e-21,-5.161279306489277e-22,0.00010525995954879582,2.4564554743885063e-21,nan,nan,nan,nan,nan,nan,nan,nan,nan,0.16521881138216046,-0.6515786158021805,nan,nan,nan,nan,nan,nan,nan,nan,nan,nan,nan
0.1,1.0105209450734465e-05,-5.472566050549854e-21,2.7407942792882074e-22,0.00023737569871008302,4.9237582961926204e-21,nan,nan,nan,nan,nan,nan,nan,nan,nan,nan,nan,nan,nan,nan,nan,nan,nan,nan,nan,nan,nan,nan
0.15000000000000002,2.4155249858730763e-05,-4.965760854946959e-21,2.2563002652489467e-21,0.00016302073062484347,3.64937385972995e-21,nan,nan,nan,nan,nan,nan,nan,nan,nan,nan,nan,nan,nan,nan,nan,nan,nan,nan,nan,nan,nan,nan
0.2,2.75970639771678e-05,-1.2861856178676615e-20,1.9645553787128207e-21,1.3915801929531633e-05,-3.270733944074474e-20,nan,nan,nan,nan,nan,nan,nan,nan,nan,nan,nan,nan,nan,nan,nan,nan,nan,nan,nan,nan,nan,nan
0.25,2.1646068035586282e-05,-2.315508655546177e-20,7.040010300079339e-21,-0.0001738134754616273,1.8919502400599413e-19,nan,nan,nan,nan,nan,nan,nan,nan,nan,0.2994479656798116,0.019861053740829495,nan,nan,nan,nan,nan,nan,nan,nan,nan,nan,nan
0.30000000000000004,8.365389681401737e-06,-1.5684871955109374e-20,1.3922107658691092e-20,-0.00023501895248891183,1.0689770611037609e-19,0.2994479656798116,0.019861053740829495,-0.010807217217628118,0.0,0.020107723833581573,0.0025580142939614515,1.000476227268891,1.0002999789778728,0.03588296370007992,nan,nan,nan,nan,nan,nan,nan,nan,nan,nan,nan,nan,nan
0.35000000000000003,0.003078440035052364,-0.00021216466335347532,-2.3204431901695994e-05,0.13531359572015583,-0.000525865754079646,0.3010193134504922,0.019845197781531147,-0.009130651576221283,0.15596201939962456,0.04298469731739589,0.005540924107303951,1.0012844407918908,1.0005999052450307,0.03724844575883434,nan,nan,nan,0.9999996154208242,-0.009930200455554481,0.0,0.019861053740829495,0.0,0.0,10.0,0.0,3.0317216313754773,3.0182752727624536
0.4,0.012134614617828013,-0.000241962244792566,7.481814279201771e-06,0.27816133727809284,-0.001227606743344731,0.3086537603980532,0.01936495429888168,-0.054492690092787566,0.29512048531812174,-0.038695453819878996,0.03522703108127524,1.0019878214120201,1.000800266415258,0.031016130353349165,nan,nan,nan,0.9999996866675736,-0.00992227325702494,0.0,0.019845197781531147,0.0,0.0,10.0,0.0,2.830537534110933,2.7937757651654174
0.45,0.03546894618744601,-0.00014518752779926257,0.0001838951530772457,0.46233934897474943,0.006778016650708915,0.1806758268795984,0.8505860240222058,-0.055437547258660576,0.4771139210776609,0.0034123938123987617,0.037818057724929015,0.447864613245572,0.44752703176190683,0.03334463074921707,0.13516677299455399,1.0587326620433835,0.8917544422145646,0.9989961768385526,-0.009682174587874895,0.0,0.01936495429888168,0.0,0.0,10.0,0.0,2.534084377054946,2.6999212457314488
0.5,0.056413289453215484,-5.3633067389677795e-05,-5.652569566949374e-05,0.5549085597653018,-0.026938237637190866,0.2006652207415683,0.8510593014261071,-0.004424407215545046,0.5616185255591597,0.015768374220386842,-0.030230129006522246,0.4488363027447492,0.44797498309073663,0.02908977060428994,nan,nan,nan,0.9405055270340948,-0.40211880507051895,0.0,0.8505860240222058,0.0,0.0,10.0,0.0,2.6480692043163954,1.6022776623586445
0.55,0.09349832226990978,-2.3477375542624114e-05,-0.004614509408862044,0.6583528717215591,-0.11074677860510629,0.23661165421041858,0.8509048290731163,-0.004284363371614751,0.6659815212481358,-0.07037877415832121,-0.02807767716063651,0.4506166729594882,0.44864767685704493,0.03193021369662081,nan,nan,nan,0.9218787661131331,-0.40231918081216744,0.0,0.8510593014261071,0.0,0.0,10.0,0.0,2.5421272345029893,1.32883141312859
0.6000000000000001,0.1212055804553326,-0.00010216172923464259,-0.01022029539365828,0.7112766800779361,-0.1557127626952777,0.26377591918624416,0.8508525938981271,-0.006508457844662362,0.717116910052111,-0.10387433659585554,-0.028519556062246973,0.4519464731220272,0.4490953139712699,0.02845453078530089,nan,nan,nan,0.9218498393487248,-0.40225378420814106,0.0,0.8509048290731163,0.0,0.0,10.0,0.0,2.3595112209027755,1.2109294823032655
0.651,0.16619049850469692,-0.0004352363709327196,-0.02138910612352337,0.7747650037493483,-0.20502664872644516,0.3081631475318875,0.8504234620117356,-0.014541518271185438,0.7811811153264167,-0.15703999387488757,-0.027310035061451524,0.4540520290723001,0.4497715146095267,0.03146251231489032,0.11705551457858829,0.04730627736379445,1.506226277250286,0.9227180252883975,-0.4022316693754141,0.0,0.8508525938981271,0.0,0.0,10.0,0.0,2.276497042465894,1.157493149618427
0.7000000000000001,0.19804610944031079,-0.0008460262979102983,-0.030189251647499145,0.8081063329996578,-0.22764863678242486,0.25325760258010677,0.48982914793719295,-0.0315762431369615,0.809539580432985,-0.19241427168388453,-0.009792082773475324,0.3374982121820236,0.33498983887866984,0.028194720795075165,nan,nan,nan,0.925853445141425,-0.40204997183810254,0.0,0.8504234620117356,0.0,0.0,10.0,0.0,2.1644335726044606,1.108731394936055
0.75,0.2481742136737254,-0.0018451139064511344,-0.044177453642248024,0.85657295474481,-0.22688386379937714,0.30276670342992557,0.48805752368651867,-0.042759002848051786,0.8604091146844585,-0.1837257312430833,-0.008805745864898549,0.339626696198967,0.33589836997875716,0.031136979878361067,nan,nan,nan,0.97831963807378,-0.24018668249493288,0.0,0.48982914793719295,0.0,0.0,10.0,0.0,2.0494987943706775,1.5567039771827258
0.8,0.2831949046194166,-0.002801831222376052,-0.05294518912882071,0.8860058840225001,-0.21464515677825577,0.3374097424400344,0.4853119327401945,-0.05842162090511271,0.8891028141903017,-0.17676500299888434,0.004511540417821178,0.34106332813232065,0.33649802545242513,0.027939275866301,nan,nan,nan,0.9807379845848679,-0.23935082651194184,0.0,0.48805752368651867,0.0,0.0,10.0,0.0,1.9722075396834482,1.5065518189884606
0.8500000000000001,0.3376137650890988,-0.004741142481668375,-0.06530519127351293,0.9211488807009796,-0.19971800869815054,0.3913783991172412,0.48194533366297265,-0.0689680428808721,0.9240401663948474,-0.15766404690426616,0.0046908044373096015,0.34319639883630265,0.33741227609026114,0.030761349275656078,-0.28676068007810895,-0.16169087846509225,2.3897075631132085,0.9839093024227488,-0.23805477740093317,0.0,0.4853119327401945,0.0,0.0,10.0,0.0,1.9223547656207418,1.5002101322696455
0.9,0.37490678491182156,-0.006393711722001667,-0.07308778484808898,0.9393398455381525,-0.1912830907492849,0.21095188662243858,0.2788688730591898,-0.07085321187668424,0.9309950588626561,-0.15689764322397756,-0.003253478288597286,0.28433957624698664,0.2804075644154215,0.027629908435734363,nan,nan,nan,0.986005238039718,-0.2364644700473993,0.0,0.48194533366297265,0.0,0.0,10.0,0.0,1.8700913199664644,1.467401145455888
0.9500000000000001,0.4320409692340023,-0.009434421576581763,-0.08391827698200739,0.9632225235158176,-0.1681432733418705,0.267189514675537,0.27469137514066744,-0.08065815326415082,0.9575362744292664,-0.13054524765626271,-0.003513643772987551,0.28640201856698766,0.2815053875226093,0.030238673552323153,nan,nan,nan,0.9977100421804914,-0.13854120694337563,0.0,0.2788688730591898,0.0,0.0,10.0,0.0,1.7588878162529762,1.6543329351470095
1.0,0.4708540079154891,-0.011833471616547032,-0.09018646537208286,0.9765050595458531,-0.14986301796633944,0.3056248922252931,0.2735836057587715,-0.07605751159137553,0.9713775820310201,-0.09901848976333631,-0.017502865889347644,0.28775441160487597,0.2822205606430782,0.02721453270110535,nan,nan,nan,0.9984417118361287,-0.13649171024315554,0.0,0.27469137514066744,0.0,0.0,10.0,0.0,1.7160609606964194,1.6254291418295508
1.05,0.5298739295371475,-0.015973677671677157,-0.09845540224891672,0.9916926681277438,-0.13034742736590754,0.3640811165463917,0.2689396770119649,-0.08208862082460655,0.9879635065517102,-0.06289687778612381,-0.01694553251897717,0.2897368788277809,0.2833215236041961,0.02964402273925679,0.12446663791836254,0.36014823591811923,0.19705373855519992,0.99820709831181,-0.1359480399559492,0.0,0.2735836057587715,0.0,0.0,10.0,0.0,1.7140276822153417,1.58540463759378
1.1,0.5696265701336672,-0.01907817701917644,-0.10344262555840504,0.9991862100553226,-0.12118110947917408,0.3432644086820184,0.28953269493351524,-0.07747290833689924,0.9931031354512632,-0.06151779254884219,-0.02743990743564819,0.25200976237264494,0.24731581232328004,0.026752061209097355,nan,nan,nan,0.9986700777206818,-0.13366801915606544,0.0,0.2689396770119649,0.0,0.0,10.0,0.0,1.693506778278694,1.5604040401913923
1.1500000000000001,0.6296860042920378,-0.02421735379648792,-0.11038237860732233,1.0077497674091378,-0.11249635496181261,0.40287861252386753,0.2848201391746303,-0.08182054274251004,1.0030684702888901,-0.06014019033664269,-0.027519491509466837,0.25396702612593913,0.24857028209389936,0.028997209043371875,nan,nan,nan,0.9978033134306069,-0.14376757297113232,0.0,0.28953269493351524,0.0,0.0,10.0,0.0,1.7054068458294085,1.5263920939976166
1.2000000000000002,0.6699424560608058,-0.02794583466651545,-0.11478206414651934,1.0119766371705992,-0.10809122141013312,0.44291008429152223,0.28145936424372464,-0.08409495990271143,1.0078338885960585,-0.04023529851986992,-0.027071638707366827,0.2552523667996908,0.24941133145582783,0.03052663719152836,nan,nan,nan,0.998222160481401,-0.14145889540327344,0.0,0.2848201391746303,0.0,0.0,10.0,0.0,1.6828761740004063,1.5221318927926561
1.25,0.7305494158201863,-0.033959860979820365,-0.12106445844654905,1.016744966792325,-0.10229148323641044,0.5025163191954803,0.26640143694707075,-0.11981265299492393,1.0135521992088654,-0.06707063779338211,0.010733930802010674,0.25714639143155155,0.2506304399992885,0.028098753121176368,0.4104277328659419,-0.03448425926346071,0.31633838280184867,0.9984482336860054,-0.13981152494277285,0.0,0.28145936424372464,0.0,0.0,10.0,0.0,1.6787548033715156,1.5132948059220528
1.3,0.7710648650242041,-0.038232996618767126,-0.12498693859144888,1.0192248229109078,-0.09391914500285366,0.5236458894494865,0.20116243040902365,-0.12275940838382614,1.0159320904590283,-0.06473346798029361,0.01076186631533052,0.22996825004288424,0.22498835793872304,0.02948470705982867,nan,nan,nan,0.9999205129259525,-0.13242123159064795,0.0,0.26640143694707075,0.0,0.0,10.0,0.0,1.6003901881115903,1.5855963356279918
1.35,0.8319582321845708,-0.045003596339007454,-0.1299834464491547,1.0221109934343497,-0.0743679945167002,0.5845347627627419,0.19708656703918942,-0.11507696709349657,1.0195544707388409,-0.04364006580296079,-0.0017680109850501972,0.2318945166313512,0.22634104829784182,0.027270868360006032,nan,nan,nan,0.9997465406995761,-0.10024407991259288,0.0,0.20116243040902365,0.0,0.0,10.0,0.0,1.5438563121927196,1.632789598344234
1.4000000000000001,0.8726091796884695,-0.04973790376125142,-0.13266071122590276,1.0234876748934763,-0.06292918750647716,0.6250574518702404,0.1923361427239592,-0.11652328161686132,1.0212410647337666,-0.01316298400032819,-0.001475484035134061,0.2331695678841586,0.22726903784788738,0.02854175824613838,nan,nan,nan,0.9998580283730351,-0.09822615189565531,0.0,0.19708656703918942,0.0,0.0,10.0,0.0,1.5552261140270487,1.6104596467685004
1.4500000000000002,0.9336329285462575,-0.057135455494284434,-0.13597536088026388,1.0249695099622482,-0.050256914136752685,0.6858274526486656,0.18389225459916397,-0.12308744552787099,1.0232075979629764,-0.04698015013514925,0.0018309013535700018,0.23506616603313085,0.2286042414748349,0.026348931641772873,0.6079924223245605,0.37408694266358894,0.13945926243956985,0.9997867955080338,-0.09587324198383497,0.0,0.1923361427239592,0.0,0.0,10.0,0.0,1.5582637060143347,1.6007197470155656
1.5,0.9743331695044949,-0.06224170627821447,-0.1377754889517863,1.0256047538611335,-0.04130718886247912,0.7122265749995774,0.21175479271645548,-0.12383304112759407,1.0233892771877322,-0.01532089040272518,0.001972810455459471,0.2140386344081538,0.20891036658821568,0.027504843639732445,nan,nan,nan,0.9995070881695495,-0.0916883267678561,0.0,0.18389225459916397,0.0,0.0,10.0,0.0,1.5237952808394535,1.6258662833171058
1.55,1.035391935041195,-0.07012461768752139,-0.13985618699624158,1.0263173405904396,-0.03131238552197256,0.7732277903507385,0.20457592291134502,-0.12281429791768074,1.0245634482671377,-0.017465243672132306,0.0008312097026130543,0.21600078204948814,0.21036519455034686,0.025544026491420745,nan,nan,nan,0.999831668533639,-0.10548440689213277,0.0,0.21175479271645548,0.0,0.0,10.0,0.0,1.5563796161243584,1.5941552435847655
1.6,1.0761009831854864,-0.0755103725953405,-0.14099312391485636,1.0266500047733182,-0.026612565194829213,0.813895415529736,0.19945663541371036,-0.12306123417777481,1.0250996939808545,0.030923905520291534,0.0012522874052400398,0.21730672605827128,0.21136488230967598,0.026609517825261844,nan,nan,nan,0.9997820028896004,-0.1019334439448757,0.0,0.20457592291134502,0.0,0.0,10.0,0.0,1.549039704798272,1.5963362826259642
1.6500000000000001,1.1371597109940823,-0.08375263567298105,-0.14239138827907882,1.0269339218411324,-0.021547561790704918,0.8748365530265624,0.19088770965409377,-0.1256774684562609,1.025693390818755,0.00021565228660593223,0.003384330553004245,0.21925885236440795,0.21280043231134713,0.02483164256222322,1.1541238022126326,-0.0768778438637713,0.504111686435495,0.9997200778459128,-0.09939965289231593,0.0,0.19945663541371036,0.0,0.0,10.0,0.0,1.5624194372848061,1.5795834935093762
1.7000000000000002,1.1778584995235928,-0.08934051784720308,-0.14316460678152212,1.0269905370079768,-0.017553449070470878,0.960842445861217,0.1445040761154798,-0.12554646231184563,1.0277458701152788,-0.004086212371626787,0.0034589676935308806,0.20215218213058794,0.19687374654139703,0.025812564843464437,nan,nan,nan,0.9995342443120205,-0.09515561244462911,0.0,0.19088770965409377,0.0,0.0,10.0,0.0,1.537405395138875,1.6000220966890275
1.75,1.238884381483023,-0.09783284091116261,-0.14390098555106792,1.026676011644113,-0.007447183148490642,1.0221586849040614,0.13809621120449675,-0.12085766312169843,1.027084945301827,0.04718869368633058,0.0008621323842044517,0.2041833054014422,0.19841819558196183,0.02434270650008383,nan,nan,nan,0.9985735039487386,-0.07212670325529846,0.0,0.1445040761154798,0.0,0.0,10.0,0.0,1.493421524323472,1.6287076243255234
1.8,1.279544033085639,-0.10355255496069668,-0.14404165968803256,1.026370616699347,-0.0017145919197658454,1.0629537036433825,0.13326095885445266,-0.12114256737313855,1.0267441566244613,-0.017887624358914937,0.00036981352611005415,0.20553817614094871,0.19947878410571734,0.025260188742865064,nan,nan,nan,0.9986525126491836,-0.0689386862449509,0.0,0.13809621120449675,0.0,0.0,10.0,0.0,1.5165194571687892,1.606802475553843
1.85,1.3405033529147228,-0.1121975494637451,-0.1438649665456325,1.0259686622295519,0.007178070400301141,1.1231007871128043,0.11733246182507023,-0.13778234572906856,1.0262748365071013,0.0048024958397224725,0.015980922303538935,0.2075667041245897,0.20099770193451946,0.023617745767458887,0.9201425578855689,-0.3652102914321133,0.9427995423645773,0.9985092209747745,-0.06653213657039712,0.0,0.13326095885445266,0.0,0.0,10.0,0.0,1.4854112465347977,1.6363757854420566
1.9000000000000001,1.3811219651460098,-0.11798782098344972,-0.14337445836661505,1.0255127643017143,0.01574443087150136,1.1342301635294332,0.044699739724885654,-0.13724106170627293,1.0248208909630478,0.023298653442921625,0.01629122519141563,0.1931067706759726,0.18761664564731356,0.0244645288208521,nan,nan,nan,0.9968666417317855,-0.05859906518094228,0.0,0.11733246182507023,0.0,0.0,10.0,0.0,1.4506381574400713,1.6579609822300556
1.9500000000000002,1.4419969555374403,-0.12668180899483839,-0.1418810595110324,1.0242391233219215,0.03260082111702207,1.1951256838188742,0.03631424510933909,-0.13506924921857213,1.0235876717142836,0.05029615318943641,0.016353345442867744,0.19521614471436444,0.18930265186139997,0.02575259684378892,nan,nan,nan,0.9934068373167012,-0.022346149599760414,0.0,0.044699739724885654,0.0,0.0,10.0,0.0,1.3914846997579544,1.6922944422616042
2.0,1.4825324087914011,-0.1324641333523424,-0.14029688792571093,1.0232843921968855,0.04345398149943957,1.2350862388708137,0.02596190654455328,-0.14385178384012942,1.02270985446315,0.043479683269955584,0.024170320658568684,0.19662168608212763,0.19034582086554613,0.023685397497317226,nan,nan,nan,0.9931733255010131,-0.01815512759589915,0.0,0.03631424510933909,0.0,0.0,10.0,0.0,1.3988288714198154,1.6852673838909609
2.0500000000000003,1.543271753878807,-0.1410856528811703,-0.13716084759248975,1.0217988199509642,0.05896982097015792,1.2957996519939745,0.017246022055307987,-0.14134307968509943,1.0212805780430563,0.044933004641068405,0.02408134366713937,0.1987297603938003,0.19201345001725095,0.02488253204315687,1.5166796437261363,-0.16803666561719177,0.2879338113419888,0.9914485332426856,-0.01298022422683381,0.0,0.02596190654455328,0.0,0.0,10.0,0.0,1.3681743165798872,1.7032470345546187
2.1,1.5837217524029736,-0.14677729212311957,-0.13455260159438018,1.0208442380633613,0.06882518309335726,1.3674814118649867,-0.005459356842111817,-0.12339934363260419,1.02182109965316,0.09183355536849327,0.013173109560259723,0.18613082293989788,0.18035752650060508,0.023012554498430673,nan,nan,nan,0.9912055839314892,-0.008622797312068478,0.0,0.017246022055307987,0.0,0.0,10.0,0.0,1.3657434162797146,1.7065268482604925
2.1500000000000004,1.6443504033586132,-0.15519805979623594,-0.130033987990208,1.019707634437132,0.07865729634557665,1.4283076659922866,-0.012913182243751153,-0.1181342142320414,1.0205360644098067,0.0999517726886736,0.01319696614772781,0.18831795233814372,0.18210727720880057,0.024131148678753836,nan,nan,nan,0.9920562752160095,0.0027296716413436318,0.0,-0.005459356842111817,0.0,0.0,10.0,0.0,1.3955935152643941,1.6803439955187223
2.2,1.6847507062831157,-0.16071647595700814,-0.12678243109459839,1.0191542816261847,0.08271284055228344,1.4679791466858134,-0.024490890474169795,-0.1274400765044397,1.019942953343568,0.10287112777210838,0.022375209727798773,0.18977491795710127,0.18319357141290893,0.022428675139515825,nan,nan,nan,0.9922486115434824,0.006456501404257182,0.0,-0.012913182243751153,0.0,0.0,10.0,0.0,1.4025119911835824,1.6773989058251813
2.25,1.7453321364714642,-0.16881911213701825,-0.12158905881318353,1.0181550498198153,0.08991695060499251,1.5286782359019901,-0.03212495626326779,-0.12279145205325204,1.0188017036478458,0.07942219433993757,0.022250121219200565,0.1919595573330019,0.18492145398405485,0.023481090876111582,1.157564184011074,-0.08878116586984787,0.4974895758977352,0.9902599157350764,0.012244833220184126,0.0,-0.024490890474169795,0.0,0.0,10.0,0.0,1.372567610179851,1.6917984721169244
2.3000000000000003,1.7857011750778853,-0.1740864652978296,-0.1178532228199562,1.0174770342129331,0.09556845908059422,1.5223527827540697,-0.03606549691458534,-0.10455218704174829,1.0159839161553803,0.07275622210434174,0.012388776860032511,0.1807083656206498,0.1745839719705384,0.021907915647298788,nan,nan,nan,0.9903754631819742,0.016061096955163768,0.0,-0.03212495626326779,0.0,0.0,10.0,0.0,1.3652034859232547,1.7020849379475234
2.35,1.8462516180089814,-0.18176380238495332,-0.11189148547728324,1.0171612288264704,0.10116525195759538,1.5829821770977086,-0.04234295338906805,-0.09751498467241237,1.0161120118955578,0.11115796304595124,0.012545816290177475,0.18296711143885458,0.17638681503336204,0.02290203411962334,nan,nan,nan,0.9924961099062332,0.01803079420875187,0.0,-0.03606549691458534,0.0,0.0,10.0,0.0,1.3984142833967204,1.693045639748224
2.4000000000000004,1.9068423940997656,-0.189150921068558,-0.10577073521819802,1.0172897095596418,0.1020884001875955,1.6236783857548083,-0.04430419316209456,-0.08926714876957975,1.0164280138083543,0.12081709984871934,0.010319928187271347,0.18447172894420258,0.1775066090063699,0.021382904533231203,nan,nan,nan,0.9929654003772954,0.021168314304587606,0.0,-0.04234295338906805,0.0,0.0,10.0,0.0,1.4201306169000678,1.6735283666675538
2.45,1.9472642889975256,-0.1939030536448318,-0.10171322199126762,1.0174743974098601,0.10095836422266502,1.6844422958560306,-0.04959699546310603,-0.08090480469001582,1.0169431158690883,0.12054094376369309,0.010388028260368238,0.18672654667593033,0.17928275999873466,0.022322963255158177,nan,nan,nan,0.9937996973874855,0.022148474189339948,0.0,-0.04430419316209456,0.0,0.0,10.0,0.0,1.43662514295518,1.6616067114557995
2.5,1.9877108365081648,-0.19851085893460643,-0.09770985580937025,1.017675464498096,0.0994467835691708,1.7640310983332501,-0.07366054940020589,-0.08072237461366205,1.0194730343187437,0.109486098462849,0.012931882074254547,0.1763131416355384,0.16980646115333978,0.020914095538426394,2.021853077659355,-0.21123914138107067,0.44301298539897155,0.9944191417860585,0.02479341619963389,0.0,-0.04959699546310603,0.0,0.0,10.0,0.0,1.4456970198976589,1.6548042892673858
2.5500000000000003,2.048417340217928,-0.20514161487060534,-0.09176657799110273,1.0175344914784392,0.09960962910848502,1.8250038698148854,-0.07849282632073941,-0.07410023336825057,1.019071820750307,0.12541543891043178,0.013004079152185488,0.1786308806002287,0.1716545069452875,0.021808378756093698,nan,nan,nan,0.9931005914676756,0.0368136351969733,0.0,-0.07366054940020589,0.0,0.0,10.0,0.0,1.4132187841871895,1.6678586566586553
2.6,2.088897645068691,-0.2093694091487565,-0.087769609375281,1.017333632909278,0.09985367709729823,1.865802813042606,-0.08011129121331904,-0.06771267609567122,1.018790089901514,0.09311505368212526,0.011607181792451642,0.18017392596037118,0.17280601552353467,0.020502385769409767,nan,nan,nan,0.9935854200640408,0.039226281594594854,0.0,-0.07849282632073941,0.0,0.0,10.0,0.0,1.4272356497817116,1.6576368305013705
2.6500000000000004,2.1496393539900622,-0.21541851235297405,-0.08177799297961288,1.0172309505702901,0.10004938992061932,1.92678965017272,-0.08412795209971759,-0.05994741128092329,1.0185471171931246,0.11669417144393934,0.011712355181443103,0.1824842644515247,0.17462529964156487,0.02135523421266739,nan,nan,nan,0.9942009142186333,0.04003424371568527,0.0,-0.08011129121331904,0.0,0.0,10.0,0.0,1.4244084798781977,1.6649886525241482
2.7,2.19015314409755,-0.21925427951460813,-0.07779036065853678,1.017285295257853,0.09913745710146828,1.927026447974443,-0.1413637429684744,-0.05153366328972275,1.016603881100761,0.16222961595235494,0.01012480563181667,0.17284850506356175,0.1659350949971606,0.02012618891991217,1.600246630861352,-0.6071750312037527,1.3958141415682983,0.9948038724427484,0.04203919332880288,0.0,-0.08412795209971759,0.0,0.0,10.0,0.0,1.4441467479482972,1.6496025468260023
2.75,2.2509507188606395,-0.22471000921739046,-0.07188414712123142,1.0171141404183754,0.09841426010354312,1.9879474318506558,-0.1443248664285613,-0.04483252312996644,1.0164229134793534,0.11545979270154105,0.010026755313398666,0.17521714945656397,0.16782113894874698,0.0209422199961241,nan,nan,nan,0.9925552730273999,0.0705645159081318,0.0,-0.1413637429684744,0.0,0.0,10.0,0.0,1.4249307384669039,1.6555138872942408
2.8000000000000003,2.291490414067361,-0.22814671000485967,-0.06792854243499132,1.0169637719945464,0.09937946683882544,2.0285627245871565,-0.14613897041006,-0.03986620496237991,1.0164766491988124,0.1350858102475964,0.010096455916145811,0.1767940096638955,0.1690729863271628,0.02148852693041309,nan,nan,nan,0.9931784611675045,0.07203756317799867,0.0,-0.1443248664285613,0.0,0.0,10.0,0.0,1.4156548001869529,1.6691382298083524
2.85,2.352318460225258,-0.23300035949070808,-0.06193298334586102,1.0168790678431125,0.09981276647957425,2.0880373739591818,-0.1650808750390412,-0.05914381884074249,1.0166063004617898,0.07523776314214202,0.023372802354564265,0.1791510190898576,0.17085429908545036,0.020524225069895922,nan,nan,nan,0.9936441404249724,0.07293985724162885,0.0,-0.14613897041006,0.0,0.0,10.0,0.0,1.4302423773405213,1.6569609812352466
2.9000000000000004,2.3928766612297414,-0.23603263012870793,-0.057868976717229646,1.0163946450880377,0.10402399971119683,2.1909780859702925,-0.23119044981628173,-0.05499448739442858,1.0197124656063987,0.11098962901041513,0.02365990006459033,0.17010875518728016,0.16284463056345308,0.021041071652535794,2.6468021281845364,-0.7670998396055291,2.3163263029675423,0.9900059100892631,0.08235375281082655,0.0,-0.1650808750390412,0.0,0.0,10.0,0.0,1.347205483354331,1.7092920289926168
2.95,2.4536589363168515,-0.24026315627766068,-0.051230273601800304,1.0143221044751543,0.1159152158557647,2.2515704953300477,-0.239864288392967,-0.05543250048752713,1.0169891313122243,0.12295160188319648,0.02807451367560765,0.1725189979013797,0.16469631395812181,0.020098505450780527,nan,nan,nan,0.9855714102402826,0.11508444282068801,0.0,-0.23119044981628173,0.0,0.0,10.0,0.0,1.2946413260775653,1.715571244014027
3.0,2.4941127377296044,-0.24286606768588476,-0.04639957483369588,1.0127197600282627,0.12353823895265947,2.2921708747095124,-0.2420683613208389,-0.05090564212515236,1.0151007252355568,0.12209679141222803,0.0280633758412244,0.17412258686570858,0.16596979590614497,0.020600190391788564,nan,nan,nan,0.9847622915227109,0.1193620329306951,0.0,-0.239864288392967,0.0,0.0,10.0,0.0,1.2915455968883496,1.7188006914700855
3.0500000000000003,2.554710837054796,-0.24643219218288046,-0.03865963257198573,1.010869575465042,0.13240654849020278,2.352616425315026,-0.24935887506101606,-0.0496302841930123,1.0130273927485598,0.12467045492227227,0.031170527230494793,0.17651889005574498,0.16778406231179926,0.019726345142408903,nan,nan,nan,0.9853548003641539,0.12044830081731397,0.0,-0.2420683613208389,0.0,0.0,10.0,0.0,1.2999490791706074,1.7192797901312742
3.1,2.5950709685364988,-0.24857467349241896,-0.03324178239690028,1.009922920213691,0.13722447387453002,2.3930790300382108,-0.2513084512419652,-0.04438444244823092,1.0119072607897102,0.12260962107911706,0.031165644210228632,0.1781096454872701,0.16903598217895952,0.020208797544799158,2.3132510453230166,-0.315305050910566,0.037356904425188006,0.984957294693344,0.12403935136471514,0.0,-0.24935887506101606,0.0,0.0,10.0,0.0,1.297466682180389,1.723422236534382
3.1500000000000004,2.65557078256396,-0.2514189988512485,-0.02480044271931514,1.008891494527157,0.1428020823498741,2.444674552993746,-0.26133822005495894,-0.0383715204376549,1.0102449315229083,0.1338341973980766,0.03190932627316702,0.17022449231279327,0.16201485092422868,0.019387531060796475,nan,nan,nan,0.9856888728283961,0.12499910320542981,0.0,-0.2513084512419652,0.0,0.0,10.0,0.0,1.3061541419283877,1.7225939291012409
3.2,2.6958889985655707,-0.2530596661091165,-0.019022522952168684,1.008454518145898,0.14528407277359154,2.485051396559587,-0.26284451023414707,-0.03284054442051332,1.009805819694996,0.14107974293608586,0.0319267741711363,0.17184993571153376,0.16330613017768897,0.019852852021681074,nan,nan,nan,0.9858702058223349,0.1299329376709517,0.0,-0.26133822005495894,0.0,0.0,10.0,0.0,1.3140253819390348,1.7199312900026438
3.25,2.7563582433462015,-0.25512270810359183,-0.01022283521165176,1.008086503074853,0.14727264063061635,2.54558757258484,-0.26487680373687117,-0.024380472467453007,1.009411127574094,0.14003129380272536,0.03207417872057903,0.17427933662333447,0.16515007048295302,0.01908715116152302,nan,nan,nan,0.9866613594804983,0.13067336735055327,0.0,-0.26284451023414707,0.0,0.0,10.0,0.0,1.3265147892182578,1.7138877609565504
3.3000000000000003,2.796674331898488,-0.25622574614906346,-0.004325022314747838,1.0080922627915572,0.14735871520475724,2.5859541563778325,-0.26580425966274185,-0.019037085734029624,1.0094792692561316,0.13253490967080178,0.0320686228684194,0.17589193982516668,0.1664187799245495,0.0195370032446429,3.0560667923374703,-0.8274847549753095,1.9210823178052236,0.9878484825944026,0.13167212994802815,0.0,-0.26487680373687117,0.0,0.0,10.0,0.0,1.3412783151430425,1.7086666441454221
3.35,2.857167042475554,-0.2574615679414739,0.004499187801384784,1.008307214348683,0.14679192755335052,2.699132068615447,-0.31993996227876625,-0.006512379187752161,1.012567424777909,0.1485819077883736,0.030121399984324018,0.16839800999094653,0.15981039484464957,0.01877176623141516,nan,nan,nan,0.9885963232206435,0.13212783682459966,0.0,-0.26580425966274185,0.0,0.0,10.0,0.0,1.3472049174626075,1.7074389634255558
3.4000000000000004,2.8975007787370615,-0.25800076755597795,0.010382664079114421,1.0080193769942754,0.14755710649594184,2.739626457374045,-0.3201104832346926,-0.0015365976006718185,1.0116485014118755,0.10917109465081003,0.030063044128768052,0.1700433016896218,0.16111685737068887,0.019207046350456624,nan,nan,nan,0.9863956180325578,0.15862599248945214,0.0,-0.31993996227876625,0.0,0.0,10.0,0.0,1.3178035373343728,1.7087717158757612
3.451,2.95797326743742,-0.2583773390236622,0.019322198413670603,1.0074821843857555,0.15023065993394497,2.800551342443522,-0.31526472886749873,0.01380567402038757,1.0106801043963423,0.12502705771270956,0.02728379816668023,0.1725011790735233,0.16298533189486988,0.01849348312122441,nan,nan,nan,0.9871881055749514,0.15870912445358418,0.0,-0.3201104832346926,0.0,0.0,10.0,0.0,1.3124928486562424,1.7219141860593798
3.5,3.018441409913794,-0.25822952003296307,0.02832556775308738,1.0077641727121125,0.1490610886511493,2.8409745324585773,-0.31465916397794075,0.01918777676717331,1.010777627330763,0.12864323963801624,0.027296501867828168,0.17413169621909097,0.16426830730836153,0.018915724461734427,nan,nan,nan,0.9898583341152979,0.15634587626337676,0.0,-0.31526472886749873,0.0,0.0,10.0,0.0,1.3562324867625057,1.7012778963047528
3.5500000000000003,3.0587701106151823,-0.25783681062544717,0.03423148095878105,1.0081753931746469,0.14678434964450776,2.9303048220856214,-0.38891487120345514,0.02508903770416282,1.0127346943078093,0.17431238470849827,0.028839319700731187,0.16679047759686547,0.1578724202216978,0.018235801405522806,3.119753410409368,-1.0611035491951823,2.249240290314256,0.9906489185203975,0.1560504211825503,0.0,-0.31465916397794075,0.0,0.0,10.0,0.0,1.3680084078883996,1.6944968248517176
3.6010000000000004,3.1192525475204835,-0.2568025840615921,0.04303326862628736,1.0075330800900744,0.14735051948551953,2.970788984702693,-0.3878332650844682,0.03066176563432732,1.0116058371072774,0.15370254560276062,0.028812319725012605,0.16844944060180198,0.15919285299927705,0.018645993067330818,nan,nan,nan,0.9870870826344663,0.19153938391814176,0.0,-0.3878332650844682,0.0,0.0,10.0,0.0,1.3236810455631185,1.705445430516588
3.6500000000000004,3.1595413059945336,-0.25581810071281397,0.04895264265152559,1.0071437609407483,0.14831137692500357,3.0314428280337387,-0.3851984597552859,0.04025440391195235,1.010427878945443,0.14018113903504203,0.028486715783034876,0.17092757078726886,0.1610852232863376,0.01800646769263119,nan,nan,nan,0.9870870826344663,0.19153938391814176,0.0,-0.3878332650844682,0.0,0.0,10.0,0.0,1.3236810455631185,1.705445430516588
3.7,3.1998148109343187,-0.2545969497220606,0.05489319430510274,1.007075207790281,0.14839550652074707,3.0718226668231723,-0.3835095553073743,0.04605251553058354,1.010241795953524,0.13319315036073887,0.02848669158286831,0.1725712252064643,0.16238179780527556,0.018405770934136104,nan,nan,nan,0.9887688348827495,0.19026941307917766,0.0,-0.3851984597552859,0.0,0.0,10.0,0.0,1.3417281873343971,1.7032220202839463
3.7500000000000004,3.2602189463392697,-0.2523192015562639,0.06376725002117194,1.0073489251316825,0.14734433133756736,3.0992392596913554,-0.36458298442194115,0.05502931352826712,1.0082644399321812,0.15186272878962828,0.02861554876407351,0.1654944768361621,0.15627488466880488,0.017790747683034507,2.7851061903243046,-0.21538099160276009,0.4372031085605525,0.98973546669018,0.18945503741922712,0.0,-0.3835095553073743,0.0,0.0,10.0,0.0,1.3517469252333003,1.7004277125054326
3.8000000000000003,3.300494831279681,-0.25050363707342405,0.06959567455299774,1.0079672934744313,0.1441078132028058,3.1395149252538292,-0.36231976358261936,0.060845110783817276,1.0091481028287668,0.15110191479374632,0.0286278489736795,0.16716574796123268,0.15760767985459376,0.01818003943014932,nan,nan,nan,0.992162430451223,0.1803116260575223,0.0,-0.36458298442194115,0.0,0.0,10.0,0.0,1.3979960647728178,1.678633384348967
3.85,3.36094519416198,-0.2473357040623607,0.07802067938928751,1.0091266914188082,0.1376990908144681,3.1999126974052765,-0.36376906865281583,0.0612344540308949,1.0103508985495961,0.13251448119011544,0.03123273335553189,0.16966213473599803,0.15952112661551135,0.017597677690110242,nan,nan,nan,0.993002320129143,0.179216191613701,0.0,-0.36231976358261936,0.0,0.0,10.0,0.0,1.4090846911458268,1.670780677628866
3.9000000000000004,3.401264485924099,-0.24493034257586957,0.08344233147099592,1.0097515566298034,0.13449728394327914,3.240253583478008,-0.36124513396306623,0.06663542982328119,1.0109318734861152,0.12851846428420294,0.031239275879601146,0.1713177058777463,0.16082983468496687,0.017977765264513973,nan,nan,nan,0.992965403306348,0.17991772827029,0.0,-0.36376906865281583,0.0,0.0,10.0,0.0,1.3982020309924725,1.6768913773293437
3.95,3.461756226889454,-0.24089075091786785,0.09137844814683353,1.0105537167932936,0.13051529976116358,3.336166383605162,-0.4630072576192129,0.07325367927045477,1.013671197098307,0.11404776707904407,0.03153759099561107,0.16430210055855146,0.15490521483023112,0.018541177502641188,3.6081815932323815,-1.4710759665319868,4.862781697933241,0.9937277930896736,0.17869590155624115,0.0,-0.36124513396306623,0.0,0.0,10.0,0.0,1.407715375378592,1.6708537324382176
4.0,3.502074893280423,-0.23791407108033796,0.09662378017493448,1.0102084404569607,0.1328713118075959,3.3765930294767585,-0.4614848376435132,0.0772832483777508,1.0125601651237794,0.11686753093485776,0.03226754769550155,0.16598154294005754,0.15618338468742354,0.017755572415391975,nan,nan,nan,0.9881282175636495,0.22749600131896744,0.0,-0.4630072576192129,0.0,0.0,10.0,0.0,1.3108388460408964,1.7136417350317927
4.05,3.562466332328494,-0.2330353682160865,0.10481785894220182,1.0092392335012366,0.1386244387724938,3.437123878952773,-0.4566130251895797,0.08488828326951925,1.0113490235349425,0.10274022688684326,0.0322540657417999,0.16848974428137375,0.1581870446926164,0.018312234859955853,nan,nan,nan,0.9888471414574219,0.22677339161713822,0.0,-0.4614848376435132,0.0,0.0,10.0,0.0,1.3222804340613892,1.7100658769726529
4.1000000000000005,3.602682255289581,-0.22950804809765266,0.11041936979233646,1.008991742393398,0.1406230395757857,3.477340378371574,-0.44728665612795093,0.09791660359594713,1.0110786484098473,0.12994605416999563,0.02970842966979836,0.1701525104161087,0.15943684860079457,0.017558434903170075,nan,nan,nan,0.9902757540620749,0.22445939126920753,0.0,-0.4566130251895797,0.0,0.0,10.0,0.0,1.33778471553217,1.708510607042745
4.15,3.6629692036980983,-0.22380092288702683,0.11884253446663028,1.0092403052121148,0.13896672543616231,3.574101173786537,-0.4114907234258941,0.10638022571966621,1.0136677187880097,0.12019942919582376,0.0296346054960735,0.16332696943008504,0.15371989670330882,0.018096368821439147,3.8620702995078675,-0.1261097164835403,0.7893570910626443,0.9925543004494823,0.22002276790002903,0.0,-0.44728665612795093,0.0,0.0,10.0,0.0,1.383271448188319,1.681058908428593
4.2,3.7232441903156492,-0.2175925768282633,0.12694725831593157,1.010056150397255,0.1316683166195124,3.614547008443744,-0.4121760911548851,0.10483017108232094,1.0139007322714444,0.1243423228354131,0.03188477402963194,0.1650132285911188,0.15501166873324917,0.01737185009971904,nan,nan,nan,0.9953442523438698,0.2029137930676858,0.0,-0.4114907234258941,0.0,0.0,10.0,0.0,1.4240333786896475,1.6538656837145524
4.25,3.763425228805681,-0.21317657735735904,0.1321004041412619,1.0105297016512302,0.1272338250989256,3.67503664202619,-0.4056698249466785,0.11270882930988967,1.0141149728381689,0.12467003327708188,0.03190041694681654,0.16753125878860556,0.15703113356016468,0.0179048504690251,nan,nan,nan,0.995161410092214,0.2032425376058717,0.0,-0.4121760911548851,0.0,0.0,10.0,0.0,1.4208326392293709,1.6539711505344334
4.300000000000001,3.8036010689440087,-0.20854284270289383,0.13707592379001438,1.0110559469407119,0.12244335097250755,3.7152522482929164,-0.39867223708363897,0.12108934027531414,1.014376560760221,0.12262575469430943,0.030935093374644885,0.169200224678644,0.1582944034958795,0.017205352215422916,nan,nan,nan,0.9961820803029586,0.2001199452159294,0.0,-0.4056698249466785,0.0,0.0,10.0,0.0,1.4403327059908035,1.6410794082490583
4.3500000000000005,3.8638596326744494,-0.20119323430592442,0.14414777671204468,1.0119364470641181,0.11429320033333137,3.768670371547612,-0.4010580597361752,0.12875189253368904,1.0143435560715635,0.1403596667932745,0.03099190853997472,0.16252857405701837,0.15274694768959798,0.01772159901200895,3.688930000308244,-0.5000827508898787,0.05693075272034335,0.9971385584166235,0.19675713087275087,0.0,-0.39867223708363897,0.0,0.0,10.0,0.0,1.4597478354177253,1.6276566625223627
4.4,3.904029946536303,-0.1960351753086145,0.14857098896826998,1.012548261624947,0.1081236255555259,3.8089416039136204,-0.39652645643892537,0.13194894427336837,1.0148037204430598,0.09112279280052321,0.031271105248502615,0.16421982415614958,0.15405095759255585,0.017045721540423275,nan,nan,nan,0.9976099325120368,0.19790419062516174,0.0,-0.4010580597361752,0.0,0.0,10.0,0.0,1.4777830649261132,1.6126498078146019
4.45,3.9642800924709514,-0.18792598370193003,0.154782674115429,1.0133945584873285,0.10090200666159074,3.8692982106951015,-0.3884182554113475,0.13865196991929896,1.015402008809837,0.12074260659823738,0.03130841397353208,0.16674495921741458,0.15608495563589214,0.01755847291415277,nan,nan,nan,0.9979669946325834,0.19572503058971916,0.0,-0.39652645643892537,0.0,0.0,10.0,0.0,1.466149257028021,1.6249146246485082
4.5,4.00444067605093,-0.18228164603672198,0.1586969484505853,1.013922461620662,0.0955379390011776,3.9093491209375855,-0.3798655991380433,0.14656708096406623,1.0158005121301616,0.10817699435054798,0.030200813147562466,0.16841812468772926,0.1573603925553362,0.016902927656985357,nan,nan,nan,0.9985868460756135,0.1918212633859478,0.0,-0.3884182554113475,0.0,0.0,10.0,0.0,1.4948009834011158,1.598581814368992
4.550000000000001,4.064671638755879,-0.1734777432056961,0.16410527076363268,1.0146937344870008,0.08612658102618906,3.969635718463087,-0.37083109258398866,0.15232407982219298,1.016369568606969,0.07259383998061483,0.030188343948283534,0.17091102767035535,0.15935828118014436,0.01740649389848465,4.007312942772311,-0.8741368432552219,0.9229462362010106,0.9991542805481154,0.18769708669405896,0.0,-0.3798655991380433,0.0,0.0,10.0,0.0,1.5088825654357203,1.5870093230490805
4.6000000000000005,4.104818364919596,-0.16739471931370847,0.16740583696604408,1.0151670634689496,0.08042262938387804,4.013564215967441,-0.4115676155800371,0.15422901531569,1.0165698751367436,0.07578294440048206,0.030509844993205082,0.16341612585333554,0.15314915519660863,0.016764133830612676,nan,nan,nan,0.9995192454880064,0.18333353121203586,0.0,-0.37083109258398866,0.0,0.0,10.0,0.0,1.5098596207909114,1.5864013333936666
4.65,4.165020417199538,-0.15796915471323872,0.1720335589588211,1.0156272644276387,0.07578759672338495,4.0738300254581405,-0.40211915736165554,0.15875039474142927,1.0168595638889988,0.07203304211007322,0.030512530936351312,0.1659437500960146,0.15519748273803752,0.017259237155440286,nan,nan,nan,0.9988133345874509,0.20295067749270937,0.0,-0.4115676155800371,0.0,0.0,10.0,0.0,1.4807564982064925,1.608370776256654
4.7,4.225188759332319,-0.14820622928276672,0.17645409602959114,1.015957327712643,0.07192560754960522,4.114222724710051,-0.39848626208420035,0.15787228228512262,1.0170039517325205,0.06228907396267055,0.03152677776914526,0.16761921363727306,0.15648426078675637,0.016640054811280343,nan,nan,nan,0.9992134952848435,0.1984141775933732,0.0,-0.40211915736165554,0.0,0.0,10.0,0.0,1.4933692057246313,1.5972064054604134
4.75,4.265282267132419,-0.1415220349943492,0.17926319736708224,1.0161481358175362,0.06921115590950767,4.174475434922702,-0.38881419722131716,0.16122792326402768,1.017175838276957,0.04888315598642316,0.03152238819811147,0.17011646251218696,0.15849485012246464,0.017127174722667365,4.73488881897158,0.42741315212841324,3.5449225625927516,0.9993550673005752,0.1951306360779139,0.0,-0.3952910835696006,0.0,0.0,10.0,0.0,1.495372537517489,1.5948224723236522
4.800000000000001,4.305360247197678,-0.1347045297890672,0.18196815754114737,1.0163194007306122,0.0666664960301474,4.273607600032186,-0.308001546027401,0.1635824177825782,1.021512292707087,0.06300389398796624,0.03164213993935859,0.16274513062163748,0.15241152961299573,0.016518119704110084,nan,nan,nan,0.9995262067516705,0.19201203170970346,0.0,-0.38881419722131716,0.0,0.0,10.0,0.0,1.4969872203842318,1.5933723131509245
4.8500000000000005,4.365443034077254,-0.12424377309428926,0.18569764417402712,1.0163140922966105,0.05678487722014436,4.334052296134488,-0.2979558370191399,0.1672529750645224,1.0205813154538634,0.06293586207111912,0.031651133756135236,0.16527718984885903,0.15447135094909506,0.016997703190856348,nan,nan,nan,0.9999418742755887,0.15280036904219244,0.0,-0.308001546027401,0.0,0.0,10.0,0.0,1.559657168495891,1.519939378815761
4.9,4.40546838591575,-0.11712764450181867,0.1877413663897889,1.0162248334002637,0.04758115624386034,4.373922152117677,-0.28745998375670895,0.1744464685285032,1.0199913146371273,0.07235545962559216,0.030412587777424758,0.16695467087559546,0.1557679610330879,0.01640899449940927,nan,nan,nan,0.9998125474697858,0.14789020734317318,0.0,-0.2979558370191399,0.0,0.0,10.0,0.0,1.5729578192560774,1.507358670489321
4.95,4.465464873949393,-0.1062600922959109,0.19010734914979044,1.0160933110823038,0.03325903922629735,4.434169477044684,-0.2767920810862646,0.17580027163277911,1.0192018301866466,0.011621868239249588,0.030383207886259294,0.16945497805578413,0.15779000037876986,0.016881513717830376,4.217765090447396,-0.004893214415723976,0.43741150529602546,0.9994977832118823,0.14275234192123587,0.0,-0.28745998375670895,0.0,0.0,10.0,0.0,1.5944949902308903,1.484049145496729
5.0,4.525414995275869,-0.09518992988534293,0.1916919295540728,1.0159587014027143,0.02220105006878114,4.452690169515126,-0.2494658866984735,0.17240213866229048,1.0176580448721129,0.03291410303908571,0.03180425456502975,0.16218546391015615,0.15180821887768708,0.016300681833366637,nan,nan,nan,0.9992674943982205,0.1375224700589855,0.0,-0.2767920810862646,0.0,0.0,10.0,0.0,1.6039494281363282,1.4743428669509333
5.050000000000001,4.565359613784275,-0.0877147484023367,0.19237451253588841,1.0158887572833137,0.013930018692214963,4.512831269211406,-0.2389617569377121,0.1731148656054593,1.017268396322087,0.0004559350045860184,0.03179465642758882,0.16472192036182062,0.153877044140714,0.01676656562006532,nan,nan,nan,0.9988332940161968,0.12409203782292078,0.0,-0.2494658866984735,0.0,0.0,10.0,0.0,1.6039494281363282,1.4743428669509333
5.1000000000000005,4.605288995508884,-0.08017680001898708,0.1927457011046178,1.015796384650824,0.006682796551294831,4.55271539583149,-0.23031714343751905,0.17515598732397164,1.016995895373347,-0.024799490352130898,0.031266192814249624,0.1664028599324817,0.1551808839670114,0.01620392129412003,nan,nan,nan,0.9985316628726337,0.11891714233618922,0.0,-0.2389617569377121,0.0,0.0,10.0,0.0,1.5989789079093426,1.4771340366291534
5.15,4.665155566650587,-0.06877618567123775,0.19282076861176553,1.0155861582173915,-0.00240133435588165,4.612793537019641,-0.2196877071564991,0.17610518572688072,1.0165759526284344,0.010866721374940522,0.031291521250331425,0.16890949418489243,0.15721041012323642,0.016663499298606152,nan,nan,nan,0.9981702843315939,0.11465352592961622,0.0,-0.23031714343751905,0.0,0.0,10.0,0.0,1.5971301460896703,1.4759703761056555
5.2,4.705049071142753,-0.06112986411689392,0.19256187725061175,1.0153964297651938,-0.00931637886888919,4.687016510450513,-0.21597271223411665,0.1811237379664594,1.018392613606832,-0.02884886127998459,0.02976219132604364,0.1615777887518113,0.15119458144580894,0.016106644331364287,4.970103964601446,-0.3101467182742263,0.44558034367268773,0.9977763834888129,0.1094052445187522,0.0,-0.2196877071564991,0.0,0.0,10.0,0.0,1.6196122683359153,1.450660090116842
5.25,4.7648611583618345,-0.04962077160161649,0.19164531204443006,1.014890413980066,-0.019091779954393963,4.747100770431188,-0.20496809631464527,0.18073804082662992,1.0173175253484266,-0.03173840742659901,0.029767632257184488,0.1641168013308691,0.15327232168295885,0.016560272071594644,nan,nan,nan,0.997296108173536,0.10756952379779458,0.0,-0.21597271223411665,0.0,0.0,10.0,0.0,1.6092040769816767,1.4507260038632483
5.300000000000001,4.804713532758818,-0.04193792361337433,0.19073697503142145,1.014494818185898,-0.02493428755182032,4.786983563101653,-0.19660073339459871,0.18163931230463962,1.0166107348938822,-0.004184616660758112,0.02945507660767767,0.16579984373700302,0.15458364434025487,0.016020113119801383,nan,nan,nan,0.9969117819790082,0.10212749641446456,0.0,-0.20496809631464527,0.0,0.0,10.0,0.0,1.6155932166951403,1.4434716843193798
5.3500000000000005,4.864465225153797,-0.030424630623982044,0.18891198304535145,1.0139313500125768,-0.03474494089192216,4.846962347621465,-0.18561012001685945,0.17998018529469606,1.0156621346385115,-0.027255854954525066,0.029450754191651763,0.16831056273194545,0.15662118618967188,0.01646807043773498,nan,nan,nan,0.9965030653257846,0.09798556559922436,0.0,-0.19660073339459871,0.0,0.0,10.0,0.0,1.6335231239661685,1.4233924146309318
5.4,4.924192383956215,-0.018955398311696604,0.18650734066698305,1.0134155125070348,-0.043562877764042836,4.861067986331942,-0.09558223206356202,0.19023956739729453,1.0144006898479838,-0.06632017758701442,0.026437249295858535,0.16107083151008006,0.1506894227578335,0.015932310863543863,4.616200377009258,0.6400905199087932,2.6273321544670094,0.9961795414262868,0.09253999195390832,0.0,-0.18561012001685945,0.0,0.0,10.0,0.0,1.6300556068747818,1.4261481463350332
5.45,4.963978050483682,-0.011355511400308093,0.18448256241297858,1.0120629136291732,-0.0551626426525223,4.920827085367522,-0.08417037996200118,0.18694038002183302,1.0126094125179177,-0.043859634695492145,0.026453801105884682,0.16361457471573626,0.15277442069678543,0.01637484180229801,nan,nan,nan,0.9898662048587106,0.047754780989479745,0.0,-0.09558223206356202,0.0,0.0,10.0,0.0,1.6738227480453725,1.3346081185464558
5.5,5.003719637462011,-0.0038134540351471473,0.18198677328778015,1.0107893827168801,-0.06677595100640936,4.96104871407749,-0.0796250393361314,0.1818679550092801,1.0112677226084548,-0.05433911934726082,0.027321063886020534,0.1653015282100477,0.15409152445751798,0.015854338236700464,nan,nan,nan,0.9895232363596568,0.042060369771910605,0.0,-0.08417037996200118,0.0,0.0,10.0,0.0,1.6878691573837297,1.3220516219427734
5.550000000000001,5.063272884629378,0.00736976141209184,0.17745377476663035,1.0093048629946142,-0.08107983996662578,5.020702118459501,-0.06871941830231228,0.17836941012478835,1.0097203079531059,-0.07721592802379479,0.0273188965402158,0.16781929788686867,0.15613458409123032,0.01629180994624134,nan,nan,nan,0.9899241073733871,0.03979150488141278,0.0,-0.0796250393361314,0.0,0.0,10.0,0.0,1.6832565951646656,1.3328125633100107
5.6000000000000005,5.102951420771862,0.014723253884868535,0.1740245466482741,1.008536110278657,-0.08827477266598378,5.061448221690567,-0.00739135968082813,0.17151411849976128,1.009687046818341,-0.08841280628854485,0.028295075151985587,0.16065856887372915,0.15026960720870952,0.01577454849452296,5.034761608720565,0.5806116423570574,1.5371410540092942,0.9896465721302902,0.03434619714923368,0.0,-0.06871941830231228,0.0,0.0,10.0,0.0,1.6784609395019563,1.3390378339157107
5.65,5.162437021907369,0.025568141123379292,0.1683455299289928,1.0069214103846706,-0.10001583782347352,5.121128606647923,0.002831349860342302,0.1664134908446031,1.007786535029144,-0.08548644803956156,0.028301753612373744,0.16321300563361774,0.15235650644210022,0.016276739515537174,nan,nan,nan,0.9859515001772674,0.0036956630152925663,0.0,-0.00739135968082813,0.0,0.0,10.0,0.0,1.6952805263394952,1.291751011283463
5.7,5.202058563550585,0.03265039867833383,0.16414113000388086,1.0057569066419527,-0.10804862988255719,5.16092077419508,0.009183297817799353,0.16226251889718626,1.0065949868785973,-0.10914060799752597,0.028377173690627616,0.16490732818323975,0.15367607712171444,0.01576271170173457,nan,nan,nan,0.9859497113190797,-0.00141567398443749,0.0,0.002831349860342302,0.0,0.0,10.0,0.0,1.699604021403132,1.292023000065908
5.75,5.261460559814936,0.04302498089701576,0.15731791634333459,1.0044075640855394,-0.11713130568276094,5.22051630657994,0.01879076020781729,0.1549946867450949,1.0051801964415206,-0.11151346671646771,0.02837704360102513,0.16743710648760524,0.1557196999980556,0.016188906902984742,nan,nan,nan,0.9861121138736337,-0.0045916166403630115,0.0,0.009183297817799353,0.0,0.0,10.0,0.0,1.6914344075483514,1.304033260696596
5.800000000000001,5.3010553232344595,0.04976072377385985,0.15251916932033305,1.0037703156755935,-0.1215185163797694,5.2607762091784736,0.021488242958169798,0.14678957622965916,1.0045790632237108,-0.10586104596668265,0.029283761349845346,0.16911240013647375,0.15700751694120615,0.015684220467131738,5.025148912537981,-0.1878488107219162,0.35814237219921574,0.9865184000383602,-0.00939510366522986,0.0,0.01879076020781729,0.0,0.0,10.0,0.0,1.6908803608828977,1.3111266384838673
5.8500000000000005,5.36046289854664,0.05956998968847023,0.14505125282712278,1.0032407130518215,-0.12620314669581056,5.2957428564698485,0.010940986086799507,0.1389371160173658,1.00245251863866,-0.14915201951284582,0.02928998748984964,0.16275864458170036,0.1518799946040678,0.016100852375054858,nan,nan,nan,0.9876172722132495,-0.010743708087723524,0.0,0.021488242958169798,0.0,0.0,10.0,0.0,1.6884889586259113,1.323207485062704
5.9,5.40009626982732,0.06590240782864158,0.13999018820401818,1.0033679175010541,-0.12601620483857162,5.334814915041967,0.020706989899280475,0.1393024827750731,1.002975850093341,-0.1146703152990537,0.02816381804530629,0.16445994451088744,0.15320138222858323,0.015605693717900422,nan,nan,nan,0.9895913361042566,-0.005470438473851623,0.0,0.010940986086799507,0.0,0.0,10.0,0.0,1.6629255634555529,1.37020998266286
5.95,5.459615242966525,0.07507774792790667,0.13244611332355394,1.003602388464921,-0.12640288273553038,5.394436260969612,0.028954506841559986,0.13107481197307091,1.0034302312787304,-0.16112387618620627,0.028137694864776876,0.16700096322618,0.15524525164830658,0.01602370070162771,nan,nan,nan,0.9888224846249433,-0.010353125026293096,0.0,0.020706989899280475,0.0,0.0,10.0,0.0,1.6811409624751794,1.3435993023029933
6.0,5.519204457536765,0.08384351725752065,0.12487745254865901,1.0037449577283097,-0.12541137594161386,5.4349782231466195,0.029271546257446344,0.12074792407326163,1.0036897993679113,-0.12741024657854644,0.02937078441053899,0.1686841708307138,0.15653457861476266,0.015536590032063318,6.02550438546441,0.5135429516062484,2.102545380451201,0.989426132495418,-0.014476242114589742,0.0,0.028954506841559986,0.0,0.0,10.0,0.0,1.6585002498784756,1.368979589016251
6.050000000000001,5.558974837549022,0.08945418999847347,0.11988774448235878,1.0040598114090857,-0.12436997155060739,5.556279431443963,0.0806952895446188,0.11316080233325687,1.0082170792675282,-0.10550893337373518,0.029319930531460616,0.1624055201803891,0.1514693012627804,0.015945476003523366,nan,nan,nan,0.9908497573666526,-0.014634728240246713,0.0,0.029271546257446344,0.0,0.0,10.0,0.0,1.6623660788892587,1.3750258931402284
6.1000000000000005,5.598774586827846,0.09487462051945492,0.11488765077789488,1.003812071545749,-0.12611915195842827,5.5963470205901364,0.08518819647424448,0.10827381782943536,1.0072335328518922,-0.12147345999104042,0.029317223156022768,0.16411412767021114,0.15279164116472357,0.01546663301622827,nan,nan,nan,0.9882440420337181,-0.04032577171979922,0.0,0.0806952895446188,0.0,0.0,10.0,0.0,1.6813912881462174,1.320683420874164
6.15,5.6584863999827,0.10263342459745672,0.10718923014457833,1.0031445285228258,-0.12937658182144046,5.656418342619028,0.09156763440374968,0.10095767162822035,1.0061171504866584,-0.11994281538609279,0.029316213994301864,0.1666651553942823,0.15483477034765325,0.01587718903306043,nan,nan,nan,0.9886448727136534,-0.04256836735757967,0.0,0.08518819647424448,0.0,0.0,10.0,0.0,1.6743977673338921,1.3328862661019365
6.2,5.6983099518811695,0.1075566400702696,0.10198559722834845,1.0029297990216732,-0.13037997957082334,5.695789425566945,0.10024366952494079,0.10065439763221473,1.0057149481758751,-0.1361090498911665,0.028186612095966596,0.16835407475376427,0.15612551624324206,0.015405238553982844,nan,nan,nan,0.9892574446269635,-0.045751867338459484,0.0,0.09156763440374968,0.0,0.0,10.0,0.0,1.6732344356750537,1.3414292620304793
6.25,5.758079048068812,0.11456427910584605,0.09412690780643213,1.0026621627473877,-0.1313783784755968,5.831804140056616,0.08556291177448729,0.09360034149951613,1.00965122619149,-0.09644419899032225,0.02825415208100743,0.16198355083879715,0.15099833612657618,0.01580687482677472,6.457632414507932,-0.1427775888020109,2.1964025599893287,0.9886610754178956,-0.05007992591799309,0.0,0.10024366952494079,0.0,0.0,10.0,0.0,1.6713634388917573,1.3389095558651551
6.300000000000001,5.797945184537549,0.11898127301578813,0.0888628988826404,1.0025216273717885,-0.13161363577913338,5.872105381181391,0.08858712619790002,0.08740428773330233,1.0087830313549826,-0.13812963624352148,0.02841162341461105,0.1636951079725024,0.15232301148710917,0.015342161390928083,nan,nan,nan,0.9907179530803732,-0.042755384216377035,0.0,0.08556291177448729,0.0,0.0,10.0,0.0,1.6681506081122521,1.3457370806107598
6.3500000000000005,5.857781874713986,0.12522247667981504,0.08101448036100495,1.0025332506272904,-0.1294845405577818,5.9323915369247215,0.09372947247040264,0.07944603338741718,1.0078511590834411,-0.1432400251692259,0.028404396181059815,0.1662506534124133,0.1543678406989196,0.01574590904477649,nan,nan,nan,0.9913441641589341,-0.0442646303444182,0.0,0.08858712619790002,0.0,0.0,10.0,0.0,1.6484644983322947,1.3721430543671027
6.402,5.89770449572204,0.12912762325244634,0.07589939613789336,1.002727936694548,-0.1267793204332292,5.972863915184991,0.09472531707608185,0.07161635448779881,1.0075686410030391,-0.11834591977797386,0.028903594466986347,0.1679432368058135,0.15566040455454822,0.015284650085340174,nan,nan,nan,0.9920377109718366,-0.04683047164902793,0.0,0.09372947247040264,0.0,0.0,10.0,0.0,1.6427282397338745,1.3854095809827078
6.45,5.957645522552455,0.13460372187134606,0.06842575105373101,1.0032186874976439,-0.12310245643042186,6.07036727609287,0.11860072910095101,0.06497660728460276,1.0098303870887546,-0.12508469330309666,0.02887558119739488,0.16163949446248832,0.1505952725459214,0.01575478935297871,6.3519566437807065,0.3099382448996607,0.6282193019042028,0.992934540412731,-0.04732729115120573,0.0,0.09472531707608185,0.0,0.0,10.0,0.0,1.6459130760644443,1.3894882747362067
6.5,6.017648529856707,0.1396249870701506,0.06111993522853418,1.0033826054402766,-0.12102494738662492,6.110210246253543,0.12485981939416357,0.065305687028137,1.0091603814131318,-0.07980584132637104,0.02801534116426198,0.16335470463097237,0.15192176708329122,0.015291676239378429,nan,nan,nan,0.9922961470415729,-0.05923100027721396,0.0,0.11860072910095101,0.0,0.0,10.0,0.0,1.6453594275932626,1.3772916832410695
6.550000000000001,6.057671169430023,0.14272012242223334,0.056251125232339216,1.00335954268062,-0.1223108932065999,6.170618547244556,0.12869502032232408,0.05843713421680086,1.0082520838293336,-0.11680796052612522,0.027999643439564546,0.16591544789390908,0.15396809221876565,0.01568750818181949,nan,nan,nan,0.9918632000380311,-0.06234899211340941,0.0,0.12485981939416357,0.0,0.0,10.0,0.0,1.6681274982773606,1.3522189108131826
6.6000000000000005,6.117736001207513,0.14698712590094706,0.048916145444374295,1.0035097810916,-0.12160615332283549,6.211273422128572,0.12766514804532647,0.04962663927951771,1.0078954039336492,-0.12103286098370614,0.02873630181647988,0.16761165780725787,0.15526266011482545,0.01523145323613831,nan,nan,nan,0.9924822777121107,-0.06425891767517398,0.0,0.12869502032232408,0.0,0.0,10.0,0.0,1.6499370105364233,1.3772790396618437
6.65,6.157807109420328,0.1495847868026402,0.044108403265745125,1.0038323422165767,-0.11924244561909066,6.331332915109889,0.21208506876011304,0.043906166635143684,1.0120396668772194,-0.11265473873912336,0.02862479025956651,0.16121478338890202,0.1501355486454047,0.015619046402994744,6.816447261778333,1.0320549682469795,4.1052275667898765,0.9935801931235411,-0.06374608801283697,0.0,0.12766514804532647,0.0,0.0,10.0,0.0,1.6393824260813514,1.3969406220987728
6.7,6.2179210634670605,0.15311173708554832,0.036867462312998533,1.0028853977532257,-0.12313474534651772,6.371074146217702,0.21999916049125537,0.04673280818541414,1.0101440529804901,-0.10345622245238295,0.027214703520275902,0.16293124742903864,0.15146528406399418,0.015170234944814351,nan,nan,nan,0.9888376471706682,-0.1056477114098058,0.0,0.21208506876011304,0.0,0.0,10.0,0.0,1.6720699259791467,1.3128866331626674
6.75,6.257965405977377,0.15521149712926116,0.031820299397929054,1.001973546664859,-0.12796269842803548,6.431571233486689,0.22268699062079103,0.039462842280011845,1.0076480346505434,-0.12199812906025868,0.02720787661964805,0.16549426942714013,0.15351476273186196,0.015560662288480874,nan,nan,nan,0.9878112595332834,-0.10955911203785955,0.0,0.21999916049125537,0.0,0.0,10.0,0.0,1.684841373095298,1.296522221512222
6.800000000000001,6.297989958263475,0.15710964541007674,0.026617153084807093,1.0013864571864448,-0.13092612118260058,6.471981548159698,0.22282018587418367,0.03282130884123902,1.0065614508583178,-0.1232309453190307,0.027507859740462045,0.16719252680237137,0.15481253311588114,0.015117751852648704,nan,nan,nan,0.9887187727676828,-0.1108867655608351,0.0,0.22268699062079103,0.0,0.0,10.0,0.0,1.6761424394968603,1.3189802542689568
6.8500000000000005,6.358017421925605,0.15957880178038178,0.01868535275591075,1.001022962408752,-0.13268187081261945,6.436495842466299,0.22906676654221142,0.02501348189489594,0.999044762322118,-0.12781180384582477,0.02748181830049929,0.16086197851421818,0.14974722852739544,0.015500233149227034,5.576830352392791,0.28920410625682996,3.1575456077559094,0.9896823305247503,-0.11095254718031518,0.0,0.22282018587418367,0.0,0.0,10.0,0.0,1.6715458714683225,1.3336594561450994
6.9,6.418072006993651,0.16158947847933028,0.010722604582913055,1.00161296220917,-0.13253204618635844,6.476442569636704,0.23016033784787737,0.020330799417355383,0.9999845926602277,-0.12180124225907747,0.02745122459356827,0.16258184757390948,0.151079075043592,0.015063525700693884,nan,nan,nan,0.9903481211331323,-0.11403647614002228,0.0,0.22906676654221142,0.0,0.0,10.0,0.0,1.677030414538189,1.3555898804159598
6.95,6.458142266075536,0.1626734687363214,0.005433918570890064,1.0021157898491064,-0.13202094867880296,6.536456531200477,0.23123577820212682,0.012419885814077604,1.0012085157260122,-0.13075907147816831,0.0274445143698421,0.16515121169041896,0.1531304879709552,0.015448952302049361,nan,nan,nan,0.9909138508131178,-0.11457614857584786,0.0,0.23016033784787737,0.0,0.0,10.0,0.0,1.6745104628582665,1.3593414401118524
7.0,6.49823725424126,0.16355063045391188,0.00018109452614056772,1.0026124663988385,-0.1306395761138984,6.576215424589571,0.23509364340025765,0.011392238399932088,1.0019974849701123,-0.11717307509267413,0.026738559768477953,0.16685451739682375,0.15443089458072143,0.015017261432315257,nan,nan,nan,0.9918794854902494,-0.11510680810436609,0.0,0.23123577820212682,0.0,0.0,10.0,0.0,1.6622713965308957,1.375134132444848
7.050000000000001,6.558420968570771,0.1644776865503647,-0.007588851055244289,1.0032104936283184,-0.12901535833978822,6.63635279132831,0.2356613961140677,0.00517068766802442,1.0029027465389406,-0.10558242769710142,0.02674261171321895,0.1693937322803771,0.15644118600903092,0.015400340543027158,6.1481645274694,-0.4268237772132311,2.4508671997640197,0.9917677684738077,-0.11700987471866307,0.0,0.23509364340025765,0.0,0.0,10.0,0.0,1.6677766964865866,1.365860356560503
7.1000000000000005,6.598564034019023,0.164835685763639,-0.012731646184469732,1.0035572809324806,-0.12823037562957793,6.625329378716007,0.174696606735573,-0.001417745706260298,1.000146927021217,-0.11869083576543962,0.02712211160977026,0.16215768100385175,0.15063800780920464,0.014968576204162854,nan,nan,nan,0.9925110716039957,-0.11728987291834948,0.0,0.2356613961140677,0.0,0.0,10.0,0.0,1.6654567721561715,1.3708679663044296
7.15,6.658826024389148,0.16498462844682676,-0.02024684380603622,1.0048910242020912,-0.12125811484828389,6.685374658925082,0.17448334690906384,-0.008235458357026992,1.002413838399797,-0.1117390974259895,0.027119887302653318,0.16473138214533006,0.15269366635529816,0.015349395982694629,nan,nan,nan,0.9963291955579024,-0.08712716693802824,0.0,0.174696606735573,0.0,0.0,10.0,0.0,1.6247834195654474,1.450077664019876
7.2,6.6990566551329165,0.16483069688550975,-0.024934247861948814,1.0059718359505498,-0.11474389339807753,6.725396960271477,0.17537561693423445,-0.012490124718831373,1.0039281866486338,-0.144768507448803,0.02684933176280733,0.16643793342546465,0.15399807968478044,0.014927436981723123,nan,nan,nan,0.9968979972203564,-0.08702134344381379,0.0,0.17448334690906384,0.0,0.0,10.0,0.0,1.6163058312776424,1.4560214346445868
7.250000000000001,6.759469874414843,0.16422816180914385,-0.03148141142940305,1.0072686671727347,-0.1048099750504539,6.785665663477563,0.17449193250245504,-0.019442635036512893,1.0057850558222177,-0.12174376441005633,0.02685043456258849,0.16898175587741132,0.156012730085255,0.015306044643089142,6.220709625991013,-0.4362033919672688,2.5023353615203323,0.9971907684438776,-0.08746409139165413,0.0,0.17537561693423445,0.0,0.0,10.0,0.0,1.5964804559073362,1.4733056028676959
7.300000000000001,6.799779917373718,0.16358648756997393,-0.03551813898969734,1.0079597738841544,-0.0986690116923448,6.767533405969507,0.11286016225916848,-0.02959059894530958,1.0030686295872013,-0.07323895274184841,0.02818970880746489,0.16181084880068783,0.1502696941997084,0.014883470223841238,nan,nan,nan,0.9977171402695953,-0.08702560381277874,0.0,0.17449193250245504,0.0,0.0,10.0,0.0,1.5940575764421732,1.4739600929734438
7.3500000000000005,6.86029464715346,0.16228009399833254,-0.04107197936247715,1.0093196101143127,-0.08709101189891663,6.827733145096681,0.11095947447376237,-0.03505036932950789,1.0055764880627054,-0.07147744620421881,0.028184391612477773,0.16438827586959162,0.1523297664167838,0.015260017391265071,nan,nan,nan,0.999641445300939,-0.05637029752546632,0.0,0.11286016225916848,0.0,0.0,10.0,0.0,1.5640695912918599,1.5273102720910896
7.4,6.900682340429293,0.161193101531418,-0.044340988029125374,1.010236489630182,-0.07848660848315114,6.8682174155438585,0.10399693684479298,-0.044629542549260215,1.007002338182437,-0.08484503537187722,0.029260270049549387,0.16609694807358563,0.15363813834192233,0.01484659709715342,nan,nan,nan,0.999792486769043,-0.0554229198969252,0.0,0.11095947447376237,0.0,0.0,10.0,0.0,1.551963027267727,1.5328122213693964
7.45,6.961310649955006,0.1592620288139214,-0.048595985747785474,1.0112636337580163,-0.06503773577588,6.928610732333423,0.10122749987272991,-0.04921447523923251,1.008733719396232,-0.07627417668373135,0.029256921958260143,0.16864325235526234,0.15565747343979808,0.015221105140278607,7.087130245257441,0.5302841084615906,0.761100459583762,0.9999731932778356,-0.05195167911340678,0.0,0.10399693684479298,0.0,0.0,10.0,0.0,1.5254852611683953,1.556106547248363
7.502000000000001,7.021975323763592,0.15700337209521933,-0.05203863016950368,1.0119312434056507,-0.05214555059118513,6.985387521417909,0.14026657778159787,-0.048379946901240256,1.0105221809996892,-0.0705686653386048,0.028596012281054732,0.16152490820090393,0.14996508653826687,0.014806613320296912,nan,nan,nan,0.9999990804679842,-0.05057059629330055,0.0,0.10122749987272991,0.0,0.0,10.0,0.0,1.517259472232747,1.558908556681893
7.550000000000001,7.062426789249738,0.15533355888224198,-0.054008513144631565,1.0121262409367593,-0.04791827124712606,7.045961314284775,0.13729239199136395,-0.051481982329908416,1.0111779470773088,-0.07157209205594947,0.028592430801938875,0.1641035816224825,0.1520300746644617,0.015179196691919044,nan,nan,nan,0.999765892629236,-0.070018639362255,0.0,0.14026657778159787,0.0,0.0,10.0,0.0,1.546189431179498,1.5222100054070928
7.6000000000000005,7.123103484815912,0.1526087637807893,-0.05668738182671968,1.0122919362133165,-0.04222568767889756,7.0861038622726635,0.14381251696219569,-0.043484133113588896,1.0114438202883183,-0.0516779203962793,0.026956427057115553,0.16581303476408704,0.15334217585344836,0.014773315050274575,nan,nan,nan,0.9998545381838101,-0.0685386726800335,0.0,0.13729239199136395,0.0,0.0,10.0,0.0,1.5380881550103853,1.5284869100410223
7.65,7.163550918006443,0.15065975394877967,-0.05834594844049694,1.0123043320785545,-0.04118172817261857,7.1467374268234245,0.1411414114395023,-0.04586421346761239,1.011689279241027,-0.061559700185855326,0.02695265940942886,0.16836000671057832,0.15536570096978972,0.015144000386522737,nan,nan,nan,0.9995996219686748,-0.07178271086134014,0.0,0.14381251696219569,0.0,0.0,10.0,0.0,1.561335707167813,1.5018104769003582
7.7,7.203993284314275,0.14861411535124555,-0.05996080093978476,1.01229945815819,-0.03968663778259329,7.159431078212446,0.16123580701422033,-0.05471229785436904,1.0098247579049222,-0.04726714450293014,0.02803184997032815,0.16113657903732265,0.14959935486924789,0.0147364631425106,6.894551648471909,0.4533220590731012,0.6382597891033996,0.9996976888447683,-0.07045390189449262,0.0,0.1411414114395023,0.0,0.0,10.0,0.0,1.551666830117681,1.5109277947602318
7.750000000000001,7.264649659928568,0.14538017810058992,-0.06226540946715004,1.0123929332812476,-0.03777956339970799,7.219938508932078,0.15786603051557763,-0.05709971570498329,1.0104309512549543,-0.025430931216262487,0.028036311223282585,0.16371251399057835,0.1516692084175437,0.015105326721057221,nan,nan,nan,0.9996689598312876,-0.08044392955249084,0.0,0.16123580701422033,0.0,0.0,10.0,0.0,1.5616534146501564,1.505797188615661
7.800000000000001,7.305085971619102,0.14312185441718248,-0.06375842825757425,1.0124676923118192,-0.03710142264168151,7.260239112758275,0.1597202760640685,-0.052780755933797156,1.010771961524357,-0.014933756112883745,0.02726668852504238,0.16542083775284538,0.15298530806864669,0.014706206498836034,nan,nan,nan,0.9997652151494204,-0.07876969671447648,0.0,0.15786603051557763,0.0,0.0,10.0,0.0,1.563612807218106,1.5022558628100666
7.8500000000000005,7.365734918851384,0.13959216434042787,-0.06598075560769784,1.0124872414237394,-0.03738660429563047,7.320807420094947,0.15649715114800733,-0.05480468521853954,1.011136138473625,-0.049952102588874045,0.02725774446567408,0.16796707701030353,0.1550134258615638,0.015073306442270984,nan,nan,nan,0.9996379409192403,-0.07969101162435929,0.0,0.1597202760640685,0.0,0.0,10.0,0.0,1.5745077536824126,1.4887631425915586
7.9,7.406161342969141,0.1371494522118313,-0.06746499399910548,1.0124580623996287,-0.036544714123847355,7.38949225136447,0.1035883656219515,-0.05715838643597415,1.0133826426680017,-0.012944967543369016,0.02754197709280087,0.16080296881018655,0.14929647344017813,0.014672248519973985,7.6189541060399355,-0.4065605025088105,1.4244363400767746,0.9997289219134067,-0.0780894585565047,0.0,0.15649715114800733,0.0,0.0,10.0,0.0,1.55471103596512,1.5076247013794695
7.95,7.466788100819616,0.13336111252683314,-0.06951679507094981,1.0122963541596992,-0.031647579955866555,7.450189091661254,0.10009653728294822,-0.05903003876770185,1.0130680912319487,-0.04696989750784521,0.0275321403536104,0.16337976540910484,0.15137055764734644,0.015037660069858782,nan,nan,nan,0.9999853635823579,-0.0517479422127373,0.0,0.1035883656219515,0.0,0.0,10.0,0.0,1.5237650165583976,1.533212731062181
8.0,7.507193824495185,0.1307586647102854,-0.07065747542199409,1.0121564249291324,-0.026349828508875916,7.490633567529447,0.09399547231030668,-0.06505119992014086,1.012849737262995,-0.049656899813096005,0.02819754939455072,0.16508850633157987,0.1526902385541881,0.014644590696434341,nan,nan,nan,0.999959288546217,-0.05000654387679013,0.0,0.10009653728294822,0.0,0.0,10.0,0.0,1.50473015948221,1.552327204909509
8.05,7.56778564130952,0.12675100836983766,-0.07192990830016702,1.0119616319920666,-0.01729252011541368,7.551269764138398,0.09003032478758613,-0.06514179863557557,1.0125509059431694,0.00035202746839758286,0.02820856048749642,0.16763540393474666,0.15472259882875536,0.015008329457437611,nan,nan,nan,0.9998364162147041,-0.04696317927480845,0.0,0.09399547231030668,0.0,0.0,10.0,0.0,1.4894788635286567,1.5665999682698706
8.1,7.608169619793562,0.12401741217761038,-0.07250107397864819,1.0118434159635064,-0.012890644129325265,7.556086838289778,0.13029169618893974,-0.06485910268496653,1.009803397801115,-0.010924321555503156,0.028087125589742985,0.16052147407356343,0.14904603604762204,0.014597309801925295,7.222200663415693,0.5723128304373385,1.291482425266901,0.9997968544522688,-0.044984793594018066,0.0,0.09003032478758613,0.0,0.0,10.0,0.0,1.506249335972892,1.5497718221280026
8.15,7.668736681945734,0.11983565583845052,-0.07316671903711601,1.0118998616207198,-0.010768303776475498,7.616556043923909,0.12637761378397272,-0.0648620031199707,1.0102874027641275,-0.017067057592145562,0.028085547900758682,0.16309983736124908,0.15112333404312517,0.014959550746869534,nan,nan,nan,0.9999999810225614,-0.06505392280017373,0.0,0.13029169618893974,0.0,0.0,10.0,0.0,1.53695615000573,1.5284422917085143
8.200000000000001,7.709116403602246,0.11700041124737179,-0.0735846151850183,1.0119865574908609,-0.010140224887852493,7.6569721344999,0.12984060124363486,-0.05846887066409323,1.0105857546163035,-0.009642312569967813,0.02700203370008958,0.16481028080418422,0.15244539152867523,0.014558252603908714,nan,nan,nan,0.999998456307319,-0.06310490717597458,0.0,0.12637761378397272,0.0,0.0,10.0,0.0,1.5305730660580212,1.5328467157271706
8.25,7.769685555679899,0.11268786914673103,-0.07418060718515201,1.0120385060593182,-0.010304456421394746,7.717510443674315,0.12628818092558133,-0.059378954303591414,1.0109205743690726,-0.019224994019554142,0.02699934586372287,0.16736050160495092,0.15448007972283884,0.015047086875754043,nan,nan,nan,0.9999797723771195,-0.06482932521917753,0.0,0.12984060124363486,0.0,0.0,10.0,0.0,1.5449636794400208,1.5168812770486357
8.3,7.810062890140221,0.10977740472094334,-0.07460014054921316,1.0120295806343005,-0.010419503481326284,7.765106902874788,0.038141871872087244,-0.05654449180834354,1.011948633679363,0.0061091350469382084,0.02673754067044644,0.16028978032903354,0.14883700760203455,0.014581950911322819,7.807905185713531,-0.8744588494708302,3.6630297222013044,0.9999932236025715,-0.0630603684562884,0.0,0.12628818092558133,0.0,0.0,10.0,0.0,1.5364088444676234,1.5239928943015422
8.35,7.870619382695642,0.10536814200393228,-0.07508935853146298,1.0117959548373747,-0.004850731187978188,7.825722058256168,0.034668086547399474,-0.058183421467026264,1.0117291335783098,-0.004164845042510072,0.02673261647514949,0.1628718297007897,0.15091640796240838,0.014939604306246463,nan,nan,nan,0.9992978618628432,-0.019068624403514655,0.0,0.038141871872087244,0.0,0.0,10.0,0.0,1.4799798821531895,1.5711432320805405
8.4,7.910977424759871,0.10240622897863617,-0.07513735413754956,1.0115626731342116,0.0010706205329571246,7.866061533385209,0.02977597303194015,-0.0606383603020988,1.0115064738879194,0.01651948901415584,0.027176243068683874,0.16458445495880997,0.15224067743761152,0.014537967768690112,nan,nan,nan,0.9991657092753373,-0.017332307472080845,0.0,0.034668086547399474,0.0,0.0,10.0,0.0,1.4700899218992924,1.5800067068085009
8.450000000000001,7.9714954582685555,0.09793955663310244,-0.0747896964451786,1.0112189381578218,0.008908511900216666,7.926635436653122,0.02612387741444176,-0.06024035577911624,1.0111840843992055,-0.0005347571737941734,0.02717053863516923,0.16713762163344048,0.15427755869163165,0.014894394248839003,nan,nan,nan,0.9989535838793153,-0.014886886677532367,0.0,0.02977597303194015,0.0,0.0,10.0,0.0,1.4699564233563718,1.5784843346453556
8.5,8.011828953266907,0.09495336547071084,-0.07431034892073585,1.011006657649119,0.013930144121619237,7.917418069887718,0.023474354293156127,-0.07221855849842296,1.0076212827782274,-0.00034755714118929904,0.02908164071910913,0.16010143634140317,0.14866252672596725,0.014492959965236259,7.461684904560045,0.14352655753358587,0.8972240478879376,0.9988872698607246,-0.013061195932328877,0.0,0.02612387741444176,0.0,0.0,10.0,0.0,1.4606683507255376,1.587594509230012
8.55,8.072317086247283,0.09047710251741317,-0.0731829356515206,1.0108295421820839,0.0227327305559437,7.977724082132636,0.019076878570027718,-0.07267668947006634,1.0081003783856541,0.017807832350300194,0.029082628826318426,0.16268577242577564,0.15074426282472494,0.01484821442361667,nan,nan,nan,0.9981715261506925,-0.011736638214755976,0.0,0.023474354293156127,0.0,0.0,10.0,0.0,1.442733769305747,1.6100232682976128
8.601,8.132798395046072,0.08602530981224175,-0.0715272082135891,1.0106539067679143,0.030755965985445444,8.017888695806898,0.014451139345818168,-0.07472506886506558,1.0083226991753094,0.0022576022606345175,0.029364961071081778,0.16440011537667976,0.15207081638872672,0.014456191700294432,nan,nan,nan,0.9980074244964564,-0.009538150025936021,0.0,0.019076878570027718,0.0,0.0,10.0,0.0,1.4293492487979444,1.6167178402477702
8.65,8.173113295786703,0.08308331205585426,-0.07015674355286732,1.0104631456105166,0.03641119727039582,8.078226653798277,0.009962988329124801,-0.07241279713885217,1.0085190511876407,0.0441789385981494,0.029372415591223094,0.16695613279852728,0.154110099121078,0.014810264984045786,nan,nan,nan,0.9977271611842281,-0.007290651776701065,0.0,0.014451139345818168,0.0,0.0,10.0,0.0,1.4293492487979444,1.6167178402477702
8.700000000000001,8.21342248020532,0.08017073197557122,-0.06859210445835222,1.010265476586045,0.04033257233710839,8.224201266731974,0.032677672021171195,-0.06850791120143462,1.0155794097123199,0.025229854385347264,0.028867922507102673,0.15994887824335968,0.1485186168344412,0.014417585772363453,9.141256977821254,0.2748727162137148,4.169914065893595,0.9977410103402923,-0.005184221694536033,0.0,0.009962988329124801,0.0,0.0,10.0,0.0,1.4455817577443777,1.5994680409464892
8.75,8.273870431248094,0.0758720028007589,-0.06606288836572831,1.0096983648699318,0.0427753661349473,8.284968704638105,0.028574587918437953,-0.06509755826726282,1.0140125472952564,0.04384339584207879,0.028872404132846717,0.16253639056212793,0.15060239771280465,0.014770531077250985,nan,nan,nan,0.9987448411747287,-0.0183995988410228,0.0,0.032677672021171195,0.0,0.0,10.0,0.0,1.4564323708499924,1.5746182152942372
8.8,8.314151101653847,0.07306181874845734,-0.06434628938538411,1.0093153598765199,0.042819973941061136,8.325357494093721,0.02401297336031475,-0.0661802328966745,1.0131376153551042,0.017971984983937928,0.029187915616177913,0.16425234099525965,0.1519306400727343,0.014386415616580647,nan,nan,nan,0.9988271173471021,-0.016659721811557775,0.0,0.028574587918437953,0.0,0.0,10.0,0.0,1.4684408749038926,1.567208836833188
8.850000000000001,8.374556025098247,0.068943023416902,-0.061751308188178526,1.0088951812842535,0.04412101521166036,8.385994483698234,0.020066157413637896,-0.06325538897654237,1.012043280549717,0.04345257117375061,0.029192246075915966,0.16681018661645824,0.15397124309722265,0.014738239258452652,nan,nan,nan,0.9986565017796797,-0.014338181251524966,0.0,0.02401297336031475,0.0,0.0,10.0,0.0,1.4529951146531472,1.5831912713537408
8.9,8.41481912725507,0.06626794055766652,-0.0599637870684112,1.0087101126534792,0.04479051885283338,8.41285273229651,0.05694325059510624,-0.05790563870782606,1.010410055689014,0.046487909075146695,0.02860089909758358,0.15982520977931514,0.14839841136420584,0.014352821168766284,8.272863234070032,0.43277182584513196,0.6894174627264301,0.9987087634690337,-0.012431880466165014,0.0,0.020066157413637896,0.0,0.0,10.0,0.0,1.4659780946314696,1.5732423880609994
8.950000000000001,8.4752170134523,0.062366274985421646,-0.05736756853838657,1.0087906387773935,0.04077472841413584,8.47337270665243,0.05349714367283651,-0.05402930175885956,1.0102546321595385,0.07066725114712213,0.028609410662420308,0.16241435551878444,0.1504824322045061,0.014703575552843347,nan,nan,nan,0.9997570566317231,-0.03586235375173848,0.0,0.05694325059510624,0.0,0.0,10.0,0.0,1.516627425393763,1.5353432106888683
9.0,8.515495004678334,0.05983971256171547,-0.055854838808033574,1.0089616651560156,0.03586952590699328,8.513607859818759,0.048674185695300645,-0.0552105021411875,1.0102773759171395,0.03696343030865799,0.029029736209450607,0.16413169556336668,0.15181160960643514,0.014474755684575244,nan,nan,nan,0.9998194876787494,-0.03502836745051407,0.0,0.05349714367283651,0.0,0.0,10.0,0.0,1.5309896379561414,1.5214249069935233
9.05,8.57593015083932,0.056162104200873156,-0.05390218915417475,1.0091599348310847,0.03102610338315239,8.574133874823954,0.04535519584045759,-0.053555719807258484,1.010277724934468,0.025403158490368852,0.02902837872656383,0.16669210122630737,0.15385254166434967,0.014767194699319539,nan,nan,nan,0.9997474327815135,-0.032734833034232885,0.0,0.048674185695300645,0.0,0.0,10.0,0.0,1.5115980764790733,1.5396453632741236
9.100000000000001,8.61623005131998,0.05378410309000824,-0.052702919549110425,1.0092555322043917,0.029459982493959626,8.59755815258399,0.11703483299313262,-0.05089951874614007,1.0087877068962243,0.06271632419187936,0.02910596739752389,0.1597261631647972,0.14829543804031878,0.014375873387130566,8.431513596638641,0.900054160885499,2.7688736591189147,0.9997633134661774,-0.03179815233456256,0.0,0.04535519584045759,0.0,0.0,10.0,0.0,1.507742463522053,1.5431012385436853
9.15,8.676692875957789,0.05031881792747793,-0.0512127903742912,1.00941200328591,0.018407854698583987,8.658014361692464,0.11397263152026582,-0.04940369194509087,1.00909627838568,0.03398881836349407,0.029103272583430432,0.16231806464686305,0.1503799502219722,0.014798611335320316,nan,nan,nan,0.9994765150718331,-0.08325784402074993,0.0,0.11703483299313262,0.0,0.0,10.0,0.0,1.6048586322503224,1.4476956132160828
9.200000000000001,8.717009613526002,0.04806690810611335,-0.05072761482018496,1.009486351270736,0.008699944218375683,8.698266804925323,0.11059738742245426,-0.05085677120776255,1.0092139587997457,-0.0008510865289702027,0.02931694116079108,0.16403730328214336,0.15170957499685875,0.014406409636466576,nan,nan,nan,0.9993762659614668,-0.08472504214612643,0.0,0.11397263152026582,0.0,0.0,10.0,0.0,1.5968820350810384,1.4534587324282198
9.251000000000001,8.777492122329152,0.04476377269253746,-0.05059138197809871,1.0095463429039289,-0.0014528383050461274,8.758745196978557,0.1075357584033716,-0.050052515237800854,1.0093522272573567,0.0053510381197238634,0.02932112177360797,0.16660051969761033,0.1537509383305199,0.014750848361295917,nan,nan,nan,0.9994254053333893,-0.08475808981187889,0.0,0.11059738742245426,0.0,0.0,10.0,0.0,1.5807607964665074,1.4691304993323768
9.3,8.817817014313468,0.04260099342644255,-0.050785421537520685,1.009552510917532,-0.0069396356078657755,8.764759988100462,0.04151835922054084,-0.045973244674266216,1.0073198060770756,-0.005751155788851867,0.028770584259763855,0.15964974299463933,0.14820743411681442,0.014359527426880243,8.433174995469633,-0.6743815752753584,2.6579180030321177,0.9993388144497471,-0.08641893997704146,0.0,0.1075357584033716,0.0,0.0,10.0,0.0,1.5863171431184937,1.4619661636126415
9.350000000000001,8.878310885112748,0.03939695661773915,-0.05129620338414326,1.0097634045530963,-0.00688267511184921,8.825144700762417,0.03869415684148579,-0.04797839808678938,1.0080034361003758,-0.01642777413859985,0.02876733637191103,0.1622443307830131,0.15029231686683575,0.014703327237317654,nan,nan,nan,0.9999234390666181,-0.03359892365602518,0.0,0.04151835922054084,0.0,0.0,10.0,0.0,1.5139050650716377,1.5447818211752748
9.4,8.918651253529791,0.03728124660202681,-0.05147901541690244,1.0099386948559068,-0.003113669470739238,8.865309576852017,0.0343307081071791,-0.050415816719918904,1.0083998838134338,0.0013305519922122042,0.029145884450431273,0.16396528835115137,0.15162272013960984,0.01432163642244047,nan,nan,nan,0.9998866749400298,-0.03292335239020506,0.0,0.03869415684148579,0.0,0.0,10.0,0.0,1.504162641896422,1.5517734171718518
9.450000000000001,8.979171762973822,0.03412680395400915,-0.05148886310925918,1.0100763146319933,0.0017662949849264111,8.925745553717677,0.03126068085283596,-0.05124421394782219,1.00884420455806,-0.004805767485239127,0.029143188306235402,0.1665309665994893,0.1536646415846013,0.014664767272673815,nan,nan,nan,0.9997966031079948,-0.030246345362020127,0.0,0.0343307081071791,0.0,0.0,10.0,0.0,1.5023234741123488,1.5512725601806514
9.5,9.019521814890416,0.03203361787958254,-0.0513445987072859,1.0100971537864742,0.004756986942825283,9.023321701944274,-0.06707404775299128,-0.054530566790433,1.013262809161052,-0.020065262270228847,0.029489109404525173,0.15959172688005044,0.1481331578078218,0.014282860033427845,9.507914774530152,-1.0542252008619213,5.428261032939103,0.999754642547907,-0.029091675216137473,0.0,0.03126068085283596,0.0,0.0,10.0,0.0,1.4957220389894703,1.5557509081484093
9.55,9.078007711749251,0.029255270365878695,-0.04703441867878117,0.9203798828472991,0.17482866732929128,9.08293007472646,-0.07033915058977781,-0.05351015686181526,0.9075509153944582,0.18980567951941668,0.029487176485390468,0.1621875724472049,0.15021803041981688,0.014625346284240106,nan,nan,nan,0.38918338521842877,1.1165208402058506,1.0,0.9766782980557256,10.0,0.0,10.0,10.0,-2.3310033634844336,1.1996402203662582
9.600000000000001,9.112498103916897,0.027689240828006532,-0.03600685270961992,0.8309240482975377,0.32929343186629384,9.11831689669247,-0.0712249674148703,-0.04489964674800939,0.8189402180427648,0.30337802831452954,0.029329820887582136,0.16391200214680535,0.15154356702767735,0.014251995867962726,nan,nan,nan,0.36759230443844415,1.1408674341991474,1.0,0.9170699252735393,10.0,0.0,10.0,10.0,-2.202469042052588,1.2422001164710343
9.65,9.15834013968267,0.025766243809515022,-0.010138481275893082,0.7212312707115277,0.4917524910575578,9.165086247458257,-0.07299806361045902,-0.02029360271855385,0.7091486082874175,0.5142115004854765,0.029340806265786626,0.16650131113936129,0.1535681939506758,0.014593605787125753,nan,nan,nan,0.36190635865521115,1.155584617653857,1.0,0.8816831033075303,10.0,0.0,10.0,10.0,-2.0662321157388126,1.3179040264154465
9.700000000000001,9.185712845207075,0.024830158072735666,0.01132580456748719,0.6642723595584495,0.5585951059750046,9.171578969352927,-0.12587231446618757,0.0017046052748614926,0.6538745824991113,0.5250011996807393,0.02899062931696288,0.1595991477181067,0.148036005522266,0.014219265711291264,8.963154594236913,-0.7057816965213143,1.6298553581709767,0.36643130811149277,1.1753320813484271,1.0,0.8349137525417429,10.0,0.0,10.0,10.0,-1.8121239126180289,1.400725967635486
9.75,9.223158478536737,0.024031665911785717,0.04714376855822892,0.5973846383442902,0.6193212013719693,9.209397673238858,-0.12539179316993876,0.03685863617557894,0.588794902862501,0.6083412571492844,0.02900221182342013,0.16228756315083095,0.1500912920510194,0.014560027309237486,nan,nan,nan,0.3842553244016716,1.1780998459184564,1.0,0.828421030647073,10.0,0.0,10.0,10.0,-1.6596455034309485,1.4986452396026355
9.8,9.257328176453045,0.0240297587973497,0.08541007206194984,0.5498302578316221,0.648203877329916,9.243903926013811,-0.12085237226682546,0.07775195979478244,0.5454976062750008,0.628348219792636,0.028555156300755186,0.16501862573815318,0.1520758812713332,0.014306906436408832,nan,nan,nan,0.4183227353370579,1.2044818980536265,1.0,0.7672583486988902,10.0,0.0,10.0,10.0,-1.3469429601998886,1.644196503160791
9.850000000000001,9.27878681550876,0.0245036933336654,0.11155774771229413,0.5266162864278321,0.6572259127481606,9.265427466053143,-0.11903759561584655,0.10360543141313716,0.5240411603568915,0.6345990701754725,0.02855869510277676,0.1668648765814999,0.15340902924890734,0.01453319722187448,nan,nan,nan,0.4183227353370579,1.2044818980536265,1.0,0.7672583486988902,10.0,0.0,10.0,10.0,-1.3469429601998886,1.644196503160791
9.9,9.299440567159182,0.025375013164193536,0.13794129713194175,0.5092270205831064,0.6610492887637018,9.245963650927202,-0.12007514482439412,0.1368655230939755,0.506185989899678,0.6593405992153424,0.02775514652518441,0.16002845568472882,0.1478953931794106,0.014165597853748624,8.877970805971632,-0.21316336284105478,0.6023737453751337,0.4399978567497045,1.2188054715097134,1.0,0.7345725339468565,10.0,0.0,10.0,10.0,-1.1991963357494624,1.721949379457634
9.950000000000001,9.329437125852575,0.027478869071063616,0.17751021451613944,0.4944453672938067,0.6573380775259049,9.2756845752018,-0.11558188257986664,0.17547572908235057,0.4944576066492406,0.6329190687444051,0.02775099639335163,0.16292175765225242,0.14994607925561695,0.014504883842800926,nan,nan,nan,0.47714605250854103,1.210257473077013,1.0,0.7540363490727984,10.0,0.0,10.0,10.0,-0.9975311584642556,1.789130982670157
10.0,9.34908440735187,0.02945537050722195,0.20365651904476384,0.4907601481770455,0.6521520192521317,9.295189706778059,-0.1089870104963611,0.2063602975543537,0.4938518627454227,0.6530521551482429,0.027247165966485614,0.16487950024692652,0.1512704483939684,0.01414359337302225,nan,nan,nan,0.49942950585545653,1.223331904999034,1.0,0.7243154247982009,10.0,0.0,10.0,10.0,-0.8909901354884984,1.850680469582769
10.05,9.378360511682645,0.033345282919458305,0.2424529681124499,0.4907247979431754,0.6429371891219753,9.32412211591734,-0.10253669016441676,0.2452940275574198,0.49605003085110866,0.6254569023670544,0.02724998905205862,0.1678514670943545,0.15329223478370857,0.014482173532853927,nan,nan,nan,0.5185687367308927,1.2319804467506033,1.0,0.7048102932219411,10.0,0.0,10.0,10.0,-0.7954222587404104,1.8736899985384494
10.100000000000001,9.397872531459855,0.03658377274791086,0.26799242587420435,0.49401957753085,0.6362953082944338,9.320779414066255,-0.11481203263690311,0.26738075074690393,0.49880031293457106,0.6029013293398963,0.027565382995373183,0.16098845373916443,0.14781832001706088,0.014120276536919283,9.113636150273923,-0.27979153878375373,0.29185815917017477,0.5406283858759221,1.244906467440309,1.0,0.6758778840826594,10.0,0.0,10.0,10.0,-0.7071448361749778,1.9160166197875794
10.15,9.427332023247253,0.04247543353116676,0.3058302046234659,0.5028633612834887,0.6270272883733192,9.349735330973619,-0.10652361625365159,0.30307634850898557,0.5097373322148951,0.6113032680152837,0.027572559155661702,0.16405526116126168,0.1499112386120463,0.014458258722906443,nan,nan,nan,0.5603181752302426,1.2434071865511598,1.0,0.679220585933745,10.0,0.0,10.0,10.0,-0.6271986834275292,1.953009483078897
10.200000000000001,9.447176941744297,0.047126209885887324,0.3307446518362236,0.5107540144430952,0.620282322419754,9.369289137081271,-0.10254110099047839,0.3248256415871853,0.5195162326658004,0.6044781616313414,0.02799908272561252,0.16611390052841393,0.15127796771418464,0.014101519846300868,nan,nan,nan,0.5789398926117029,1.2564447403256334,1.0,0.6502646690263809,10.0,0.0,10.0,10.0,-0.5508347723187895,1.964211395202669
10.25,9.477312416975039,0.055234910710972016,0.36763329725505317,0.523624305641966,0.6113018550957829,9.398972370149163,-0.09214485181318763,0.36141276007698586,0.5337926171746512,0.5884744591829959,0.02800266520817862,0.16921000484018336,0.15336706818604087,0.014438794963855176,nan,nan,nan,0.5893950409018649,1.2653121877998987,1.0,0.630710862918729,10.0,0.0,10.0,10.0,-0.5187404481051993,1.9725251331737361
10.3,9.497645467020199,0.06141025010847316,0.3919504210901199,0.5330377746041961,0.6056423322781901,9.397575905095765,-0.06530723441440098,0.3887505015244281,0.5424855832122223,0.6235508387683275,0.027824881893473506,0.1621950766936275,0.1479354360588085,0.01408150725667947,9.201146917723388,0.12435125962391658,0.32055493457555306,0.6078426420237838,1.2788682091651855,1.0,0.6010276298508366,10.0,0.0,10.0,10.0,-0.45576452131867584,1.988385285036278
10.350000000000001,9.528568957806744,0.07188381808070694,0.42794520434704697,0.5495512800357684,0.594711904634355,9.427858172619606,-0.052477970136370664,0.42467971992639697,0.5605586385999252,0.5879109164325056,0.027823778051458792,0.16531132523683162,0.15011749640176722,0.014418134989357546,nan,nan,nan,0.6298180134991133,1.2782279334548976,1.0,0.6024240949042348,10.0,0.0,10.0,10.0,-0.34392167359061,1.9971277519421924
10.4,9.549509080303908,0.07971674918013495,0.45155474375123245,0.5617102900286725,0.5874324855835733,9.448026658300444,-0.038551740198414064,0.45604232516211685,0.5738997696427938,0.5961308938326529,0.026946123117696067,0.16737739053355744,0.15155652668314545,0.014065183469768358,nan,nan,nan,0.6467450646538471,1.292166986201954,1.0,0.5721418273803938,10.0,0.0,10.0,10.0,-0.29902220196854645,2.013243537130931
10.450000000000001,9.581398323396707,0.09278348258794805,0.4864619676102065,0.5805427786003714,0.5771677057147009,9.479104618512501,-0.022844748289605216,0.49122335998172645,0.5937617518810634,0.5591647644489155,0.026945887095439436,0.1704459580165751,0.15376109362898144,0.014401155212930783,nan,nan,nan,0.6633791222929208,1.3015130474488876,1.0,0.551973341699556,10.0,0.0,10.0,10.0,-0.229650664866627,2.0184441675692413
10.5,9.602966047436707,0.10239453410315677,0.5094018000518348,0.5933151179292057,0.5710394361846107,9.564460569723666,0.03793626730794586,0.5098178889961265,0.618272112879024,0.5544200350856258,0.02745429877263254,0.16320098849961628,0.14835198118677298,0.014047680600589104,10.082284214124222,0.5591183321664849,2.4631230319447512,0.6787144291008427,1.3160089708348626,1.0,0.5208953814874988,10.0,0.0,10.0,10.0,-0.19395050395944602,2.029909753791041
10.55,9.635617847871249,0.1181338128169718,0.5435234054684858,0.607099561180538,0.5680514950755333,9.596884148708254,0.056559728515151966,0.5447019203755626,0.6305902900888445,0.5661924382377435,0.027470594916836913,0.16622802019765243,0.15065684558176656,0.014383039963739835,nan,nan,nan,0.6625663007556769,1.3563743371366068,1.0,0.435539430276334,10.0,0.0,10.0,10.0,-0.31970065012364945,1.976432666229291
10.600000000000001,9.657410474003418,0.129415122065699,0.566219320823384,0.6145895285928371,0.565862269190582,9.618293917560035,0.07080759868882393,0.5684892721806531,0.6380020180046613,0.5412971866172775,0.027258155713967638,0.168215048976594,0.15218268240963836,0.014033309484395398,nan,nan,nan,0.6769383695242065,1.3719032113054328,1.0,0.4031158512917461,10.0,0.0,10.0,10.0,-0.25528192610164546,1.97336799609777
10.65,9.690115566761811,0.1475482104252514,0.6000470100814661,0.6264658716972833,0.5616858474152057,9.650496348204799,0.09189319671935947,0.6022122957160702,0.6490737275507139,0.5442851020949239,0.027269000764522204,0.1711430481865617,0.15451394343017813,0.014497842786898285,nan,nan,nan,0.6867979262519788,1.3822111898495142,1.0,0.3817060824399654,10.0,0.0,10.0,10.0,-0.22175371220038853,1.9863742915123725
10.700000000000001,9.711918397541638,0.1604609096901585,0.6224423923175607,0.6349079360920411,0.5578574209786505,9.646183528796387,0.06143693792818716,0.6210757314207803,0.6516770043254257,0.5471782395018115,0.02761381541818591,0.16368433124884024,0.1490760897147079,0.014091581597273877,9.43637803360189,-0.38780861505723974,1.0424546974371678,0.6998711970979041,1.397791470099798,1.0,0.34950365179520126,10.0,0.0,10.0,10.0,-0.16440721594694396,1.9869022255283006
10.75,9.744631289763811,0.18111329733488932,0.6556782550565874,0.6491444298072173,0.5500977297726053,9.677937964275053,0.08470160490048607,0.6555944117898336,0.666068758677477,0.5614810169563842,0.027635049204309387,0.16654404661764816,0.1515011737853628,0.014423861159871538,nan,nan,nan,0.7146840779472202,1.3956997297706901,1.0,0.35381647120361315,10.0,0.0,10.0,10.0,-0.0835675348123377,2.0025618686359428
10.8,9.766457903894217,0.19577094969427122,0.6775390325594474,0.6593130237482361,0.5435513728732098,9.699262316950215,0.10027476247750791,0.6756999950977916,0.676634060794497,0.5156997359954564,0.02780892966201207,0.16841294245811983,0.15310931562256305,0.014067593824700245,nan,nan,nan,0.7279003305358502,1.4111359439886606,1.0,0.3220620357249473,10.0,0.0,10.0,10.0,-0.023766501735310253,1.993673281296064
10.853000000000002,9.799171495431315,0.21910877011185864,0.7098820073482964,0.6739225533669894,0.5360686466495577,9.730897595755305,0.12617274054085612,0.7084107120303803,0.6910770086091905,0.5475577489129165,0.027832195248263324,0.17115939236350858,0.15555886303556582,0.014399466215608168,nan,nan,nan,0.7345142934679203,1.4215456735106693,1.0,0.30073768304978543,10.0,0.0,10.0,10.0,-0.019035898820833785,2.005941347621435
10.9,9.820927033730023,0.23553948238743055,0.7312189231490165,0.6832857160751588,0.5308240456041471,9.765691737253583,0.08768066522524307,0.7281117602764624,0.698251355739681,0.5134190450497056,0.028028876433667357,0.1635722076808398,0.15004325905284727,0.0140439125671573,9.905279503670236,-0.5029406543859398,1.5845827788126903,0.7460822017804923,1.4370483899791238,1.0,0.2691024042446948,10.0,0.0,10.0,10.0,0.03949323627968748,1.9873600709955843
10.950000000000001,9.853391819261171,0.2615027918295856,0.7628424587541632,0.6962357825396222,0.5246198666711469,9.796862277969957,0.11606852887342545,0.7598159852029545,0.7111746105459968,0.5083502849397832,0.028038239722602016,0.16624926120677855,0.1525763287770166,0.014375367339343121,nan,nan,nan,0.7477947184335758,1.4541738080670583,1.0,0.23430826274641703,10.0,0.0,10.0,10.0,0.026161585752926264,1.9936124930849504
11.0,9.874874822154155,0.2796547253543624,0.7837509230025974,0.7044332618329754,0.5207873259483795,9.818048287707049,0.1341501385112954,0.7777065606668492,0.7196890719554704,0.5148902365610131,0.028412350445579937,0.16799487766848603,0.15425504197490983,0.014024125749210692,nan,nan,nan,0.7585192040514559,1.4695745890600425,1.0,0.20313772203004277,10.0,0.0,10.0,10.0,0.06799139347084604,1.990586977090283
11.05,9.906806411698629,0.3081306837115567,0.8148162473091363,0.7160270180100257,0.5149707104692699,9.848668083814625,0.16492399604866223,0.8089657886616113,0.7311712712567089,0.5104327658938257,0.028422033962737677,0.17055798613364315,0.15680316457458818,0.01435514284721647,nan,nan,nan,0.7633173397119971,1.4800702220115254,1.0,0.18195171229295148,10.0,0.0,10.0,10.0,0.0869170519788871,1.9820958467641048
11.100000000000001,9.927863214599213,0.32792472558787306,0.8353250218666057,0.7235838419163285,0.510575886054399,9.929122006196407,0.24173540620937237,0.8234362123845829,0.748895341515219,0.48662965746428005,0.029198776611516236,0.16294110817025215,0.151166014804183,0.014004129662747585,10.376747774803876,0.7850184680068292,2.294312631352742,0.7735905378211075,1.4952742790388505,1.0,0.15133191618537545,10.0,0.0,10.0,10.0,0.12938935819499053,1.9799686166116477
11.15,9.958975429062441,0.3587716737259242,0.8658865975688441,0.7304337064301216,0.5095196001167241,9.959433761252553,0.27508782936867565,0.8530924993114799,0.7534420166543128,0.49946225469366623,0.029208695478554304,0.1654513656314839,0.15377951115679275,0.014334741663549214,nan,nan,nan,0.7570985429242268,1.5353721549344526,1.0,0.0708779938035935,10.0,0.0,10.0,10.0,-0.0031821950904379337,1.9433219065877472
11.200000000000001,9.97931268730425,0.3799542176224921,0.8862836750941399,0.7336376807007772,0.5090392395859618,9.981102403365144,0.2938968568465913,0.8651514125287516,0.7561100191683819,0.49286068894841767,0.03010729150884435,0.1670876425358431,0.15550831402919818,0.013987577495276448,nan,nan,nan,0.7664994807725438,1.5505159882598873,1.0,0.0405662387474468,10.0,0.0,10.0,10.0,0.05035107412105044,1.9430517372113407
11.25,10.00916714912212,0.41268578239725373,0.9168046637073888,0.7385230966215736,0.5078285616050733,10.010229838435684,0.3287672689499843,0.8945733723591021,0.7595324349717926,0.4930888827872032,0.030112885517489092,0.16949524924369241,0.15812199800900326,0.0143177400601401,nan,nan,nan,0.7672869969904405,1.5613478096579818,1.0,0.01889759663485613,10.0,0.0,10.0,10.0,0.04861142038798694,1.942912060616944
11.3,10.028617020037276,0.43513382436372844,0.9370941163631874,0.7422666884014972,0.5059024380533226,9.989536336371518,0.31706077637067653,0.9197541124068502,0.7569800395558078,0.4925821003563194,0.0295918205393379,0.16193537181269466,0.15233561560733933,0.013970400228342481,9.680397575563424,-0.04039672720927251,0.9318726637941467,0.7767308055845562,1.5759112014072538,1.0,-0.010229838435684258,10.0,0.0,10.0,10.0,0.09975591138697903,1.9492982923016726
11.350000000000001,10.057161553646859,0.46983338344734243,0.9672467581991876,0.7515944533817166,0.498288297519175,10.016798149954006,0.353576872097463,0.9497557584657015,0.7665805142837632,0.48753760169188715,0.029600787294300192,0.16430203347145927,0.1550100607657853,0.014300124277464188,nan,nan,nan,0.7986122751371075,1.5655645427152172,1.0,0.010463663628481612,10.0,0.0,10.0,10.0,0.23594745629854896,1.9793130669385937
11.4,10.07581698689817,0.4937451171179681,0.9870241571264817,0.7593882338526765,0.49155471103697296,10.034468322338421,0.37881569270654114,0.9700587977716637,0.7745951369733096,0.46337574901986944,0.029569286665080158,0.1658427244180331,0.15678246661257164,0.013956308019544046,nan,nan,nan,0.8083576289067639,1.5791952042775215,1.0,-0.016798149954006192,10.0,0.0,10.0,10.0,0.28028104710264923,1.9785693031845994
11.450000000000001,10.103217019108817,0.5307801652892856,1.0162230627167943,0.770796400708387,0.4830490021452209,10.06048841152223,0.41758511895714506,1.0006197328437585,0.785760006263146,0.5022298130960215,0.029596411923268014,0.1681116113828544,0.15946073482506862,0.01428558552676576,nan,nan,nan,0.8150562894152173,1.5880287819924588,1.0,-0.03446832233842123,10.0,0.0,10.0,10.0,0.3010821129175517,1.9842914663640414
11.5,10.129881166585786,0.5691768190871259,1.0448730171712346,0.7821022126107554,0.47271323513833563,10.149992539193924,0.45168474131073644,1.0133923911438485,0.7989289592987714,0.446842055999841,0.030264941218659584,0.1606723792777369,0.15352274292202675,0.013941297617209499,10.756549436517219,0.47543078186111887,1.702753155598096,0.8251031476591155,1.601031316034628,1.0,-0.060488411522230834,10.0,0.0,10.0,10.0,0.3637697805425196,1.9632206796383103
11.551,10.147166069425788,0.5954329196132672,1.0638113182928481,0.7850785076094333,0.47376914825289695,10.175045196578916,0.4927247170437392,1.0404523061773867,0.8038352973778453,0.42280104400302343,0.03026270482176722,0.16292462631855015,0.15624775935562266,0.014270166977832906,nan,nan,nan,0.8066939351252014,1.6456524649677386,1.0,-0.1499925391939243,10.0,0.0,10.0,10.0,0.20742411221971313,1.946730688891511
11.600000000000001,10.172261319526141,0.6355969214972503,1.0922996429086849,0.7896701505088995,0.47446347708020875,10.190026153783023,0.5220700963930189,1.0621706522952914,0.8065003967834953,0.4781997967221207,0.029913258453402154,0.16439040446094208,0.15805156946408605,0.013929208522651757,nan,nan,nan,0.8152450227015363,1.6580964662862556,1.0,-0.1750451965789157,10.0,0.0,10.0,10.0,0.24362883123251522,1.9583204763567028
11.65,10.188444186909765,0.6629230279110624,1.1111997013052728,0.7938356561173359,0.4705485964015983,10.2132367724138,0.5646248116448058,1.0904257266377773,0.8113112843841818,0.46882285519043465,0.02991947685017146,0.16655392946830322,0.1607701007978094,0.014257623640609448,nan,nan,nan,0.8234369495363499,1.6655250326955755,1.0,-0.19002615378302323,10.0,0.0,10.0,10.0,0.3134565830851055,1.9409598869082614
11.700000000000001,10.204188732496014,0.6907085445617464,1.1299246723233094,0.7986099474452357,0.46587470063053116,10.202803770624254,0.6155693851303298,1.1109419754901317,0.8163948399908548,0.43676519447776285,0.029739148683586923,0.15927862805737678,0.15467280043050774,0.013915866688030404,9.952278562092808,0.8305620117818816,0.49323913877166253,0.8328342943799317,1.6770134521277307,1.0,-0.21323677241380068,10.0,0.0,10.0,10.0,0.3625367744075447,1.9472416667250565
11.75,10.226996647133046,0.7332977138022885,1.1576271162112202,0.8075370075007118,0.4578571026295797,10.224202241578972,0.6597900735394666,1.1382760113208423,0.8245463408379123,0.4331880978403457,0.029747646971311045,0.16143652204285305,0.15743294504116298,0.014243869284465943,nan,nan,nan,0.8467709470040647,1.6718527910254815,1.0,-0.2028037706242536,10.0,0.0,10.0,10.0,0.43264452436280976,1.9659648153866485
11.8,10.241670728648524,0.7623328633480063,1.1758066678656791,0.8142287577554137,0.4517940713775799,10.23761358770639,0.6901754125437427,1.1569503111585933,0.8310213347899659,0.4314263140646355,0.029671651502292055,0.1628404901207855,0.15926031910914945,0.013905307464341283,nan,nan,nan,0.8555648590011651,1.6824313777961246,1.0,-0.22420224157897195,10.0,0.0,10.0,10.0,0.47745308624316285,1.9633687073967323
11.850000000000001,10.2628703373197,0.8068408083795156,1.2026176786485228,0.8241715261076804,0.44283498118499376,10.257324591074033,0.7361696440296424,1.1838230207461464,0.8401443157278947,0.4234355972570204,0.029680015477028712,0.16492049728344257,0.162007995283837,0.01423287294429963,nan,nan,nan,0.8617443056182521,1.6890488194105842,1.0,-0.23761358770638985,10.0,0.0,10.0,10.0,0.5088601569524163,1.9600146304566812
11.9,10.283073525325554,0.8524588639091188,1.228886645821742,0.8340691951652767,0.4337556521358388,10.258908142322722,0.8118803037042736,1.2023207662831963,0.8498903416099464,0.44308639408507833,0.029627831142260305,0.1578354003095223,0.15575615781659083,0.013893296251138259,10.111734027900697,1.2270589088708186,0.9045710653240321,0.8703259108236487,1.6987556336329646,1.0,-0.25732459107403294,10.0,0.0,10.0,10.0,0.550509934943954,1.9565592957987918
11.950000000000001,10.295980962771052,0.8834758482160985,1.2460533105484648,0.8408435525176255,0.42598998728459847,10.276919033955181,0.8597682454663325,1.2285058452048716,0.8586303107461879,0.41912867205333404,0.02963268776575584,0.15992499289633325,0.15853566276403988,0.01422045106935371,nan,nan,nan,0.8789149907525438,1.699534437451448,1.0,-0.2589081423227224,10.0,0.0,10.0,10.0,0.6032577734348341,1.9404296716715272
12.0,10.308432029276002,0.9149658450008704,1.2629261437240997,0.8475949238608445,0.4187876371679448,10.28531406065745,0.8948011497307569,1.2513386318207012,0.8648487143422485,0.415783197685453,0.028927362181709142,0.16128313635874567,0.16037480810378296,0.013883986432949363,nan,nan,nan,0.8870525299381266,1.7083810798068106,1.0,-0.27691903395518125,10.0,0.0,10.0,10.0,0.6379286495182943,1.942251415681444
12.05,10.326245804650526,0.9630752729296087,1.2877056692012805,0.8579167484764264,0.40806429717646153,10.301258504939359,0.9443679506328172,1.275978100021388,0.8740974606368838,0.4022329972531019,0.028933404209047706,0.1633014950058023,0.16313343888609372,0.014210727539943077,nan,nan,nan,0.8955375229097335,1.7124972656293942,1.0,-0.28531406065745024,10.0,0.0,10.0,10.0,0.6882002257939922,1.9390495690717082
12.100000000000001,10.337542323242618,0.995722845755337,1.3038611922892256,0.8648199924230802,0.400781196842364,10.25879174425142,1.0379747120246494,1.2934130598053395,0.8838781505938705,0.38727944310298823,0.028754533850811313,0.15641672269131315,0.15673343495887204,0.013873008567753696,9.713436930767497,1.625394796891336,2.88992779466376,0.9029016535563118,1.7203016233616346,1.0,-0.3012585049393586,10.0,0.0,10.0,10.0,0.722851999053331,1.9340361712715888
12.15,10.353617730236541,1.0455515015773855,1.3274916636654597,0.876252509082647,0.38739714331107733,10.272957471410656,1.0892680414533031,1.3177698926991201,0.8939504611103553,0.38862296829148724,0.028767423645730136,0.15845757207172712,0.15951412431731649,0.014199354431321216,nan,nan,nan,0.9186825867429728,1.6994771972365368,1.0,-0.25879174425142004,10.0,0.0,10.0,10.0,0.8207668977884661,1.9291357555996673
12.200000000000001,10.36375978147202,1.0793645418685178,1.3427559789912584,0.8840998449567252,0.37750876025180524,10.284525451430667,1.122099862701344,1.3291365209296038,0.9010365760760717,0.3876007644183971,0.029348753935049068,0.15978485664989756,0.16135161523179567,0.013864723938988771,nan,nan,nan,0.9254149743842812,1.7064370371754445,1.0,-0.2729574714106562,10.0,0.0,10.0,10.0,0.8589578992658138,1.9140609580615962
12.251000000000001,10.378095325389669,1.1309074373534955,1.3649657113616351,0.8945328071264367,0.3648764877267564,10.297123383867888,1.1748674830335641,1.3505044787567808,0.9100542657184256,0.34716703104675417,0.029346065566032527,0.16176777486786012,0.16409902661697678,0.014190666211567397,nan,nan,nan,0.9275573070136673,1.7121108041848467,1.0,-0.28452545143066743,10.0,0.0,10.0,10.0,0.8653765036116235,1.9042187418426355
12.3,10.39136142340505,1.183327406828253,1.3865288348434153,0.9037266463367988,0.35529558811708173,10.290729631711239,1.2211543517393986,1.3715509474094036,0.9160499072151891,0.3647178182661892,0.028695359988358645,0.15508556925113612,0.15756155197977004,0.013854555581742346,10.176747702721304,1.291269181983509,0.09183496650432306,0.9331296884810086,1.7182793202116924,1.0,-0.2971233838678877,10.0,0.0,10.0,10.0,0.880565744733897,1.906156644261229
12.350000000000001,10.399613643722404,1.2187387034197819,1.400532642425087,0.9102136182816671,0.3464802982857663,10.3012501261993,1.2752596886267653,1.394033696014307,0.9243216450239436,0.3642778227824047,0.028707545048756482,0.15710043960334738,0.16032397541659174,0.014180108607089221,nan,nan,nan,0.9415483134136142,1.715150033526512,1.0,-0.29072963171123867,10.0,0.0,10.0,10.0,0.9481131513707602,1.887136155109134
12.4,10.407393191727087,1.2545135359446036,1.4141858253467998,0.9164300863061013,0.33754589387482525,10.307436460540204,1.3118481511131812,1.4095329157264809,0.9299321575600136,0.39005073651276945,0.028683184327360372,0.15840953864486018,0.16214877113859363,0.013847131123664893,nan,nan,nan,0.9472464173796142,1.7202975269335794,1.0,-0.3012501261992995,10.0,0.0,10.0,10.0,0.9842643052482529,1.8716335397801465
12.450000000000001,10.418178181337325,1.308812238524664,1.4339820255324867,0.9250933293876773,0.32374978959430895,10.316043200791599,1.3671324278420838,1.4299685591880715,0.9374979030677,0.3281348284971006,0.028677449548586594,0.1603720516867181,0.16487272475450637,0.014172279851312664,nan,nan,nan,0.9511712486569269,1.7233206869827278,1.0,-0.30743646054020424,10.0,0.0,10.0,10.0,1.0207034002959436,1.8500261248544687
12.5,10.424780905396615,1.3454029645065888,1.4467433072772624,0.9304835661323692,0.3160279463020891,10.33363899100464,1.4759212714520982,1.448667574175886,0.948180324838166,0.29823472995764777,0.028028288434203002,0.15388038502678109,0.15821946771477538,0.013837582455481615,10.434450004443667,2.0823048067096783,1.7929234283639723,0.9560566430716936,1.7275219790407046,1.0,-0.316043200791599,10.0,0.0,10.0,10.0,1.0284922637531382,1.8586446605133575
12.55,10.433807770238506,1.400815628055911,1.465399827922359,0.937473298875245,0.3071855339068934,10.340215268505844,1.5325350935480762,1.4671791066636066,0.9531161514816068,0.28339668120936246,0.02803178546490453,0.155883668822867,0.1609547588747513,0.014162382919944361,nan,nan,nan,0.9589767059750088,1.736093698849902,1.0,-0.3336389910046407,10.0,0.0,10.0,10.0,1.0274015876257985,1.851092177681728
12.600000000000001,10.439244850999676,1.4380641214911078,1.4775606867576478,0.9417001820892011,0.30152525340392644,10.344051312832104,1.5705000202644714,1.4791702067754822,0.9563213848788333,0.298125064033434,0.028038603456072127,0.15718440143236934,0.16276112267568416,0.013830907894669326,nan,nan,nan,0.9632054141716182,1.7392910930768515,1.0,-0.34021526850584394,10.0,0.0,10.0,10.0,1.0538718307997885,1.843490445072034
12.65,10.446539607268338,1.494362751530727,1.495352931335039,0.947681378801294,0.29227500808355417,10.34897037786436,1.627754772846536,1.4971215182566402,0.9607132830558712,0.2921221457538382,0.028044811713170647,0.15914197033097288,0.16545350975456552,0.014155320243062153,nan,nan,nan,0.9658779315004797,1.741154581972637,1.0,-0.34405131283210366,10.0,0.0,10.0,10.0,1.0808862076511032,1.8283392820158213
12.700000000000001,10.45083536767042,1.5321576819954397,1.5068885128907976,0.951505957812104,0.2854669973985765,10.370809931641501,1.6465404591137696,1.5077221919138601,0.9624103256577808,0.2573470344948588,0.02816449505734042,0.15282490396759552,0.15870737212528152,0.013821876474070316,10.564246616150827,1.439709129426032,0.3228357021728264,0.9697916931088462,1.7435424361522354,1.0,-0.3489703778643598,10.0,0.0,10.0,10.0,1.1108726119573826,1.8164376490410974
12.75,10.456437954855428,1.5892084344755955,1.5237378186223702,0.9565843607132258,0.2780014992638321,10.374127812035576,1.7042701091977408,1.525873515885988,0.9664028465758282,0.29374946759478304,0.0281812478149993,0.15482965878952457,0.16141122283205514,0.014145934916916202,nan,nan,nan,0.9697974205805927,1.7541196291719703,1.0,-0.3708099316415012,10.0,0.0,10.0,10.0,1.094659465765566,1.8279741499440092
12.8,10.459619505323188,1.627450736179041,1.5347346157120323,0.959745182455214,0.27210004959932366,10.37012159878758,1.7448820859286105,1.5452433806403052,0.9690942110658834,0.2542502595110442,0.02727800797092497,0.1561294249965834,0.16319823874002737,0.013815805889241646,nan,nan,nan,0.9737007072616117,1.7557229602922786,1.0,-0.3741278120355762,10.0,0.0,10.0,10.0,1.1436286971423684,1.7981774562854138
12.850000000000001,10.463577540577328,1.6851169232065633,1.550714301410344,0.9647077436918187,0.2618176994491173,10.371294947564396,1.8030935347211763,1.5612787751637507,0.9732743472210409,0.25045288196669446,0.02728411925240573,0.15809114812762873,0.16586064756276903,0.014139491148134013,nan,nan,nan,0.9783334992444749,1.7537868797855276,1.0,-0.37012159878758055,10.0,0.0,10.0,10.0,1.1742908196577588,1.7965211094845912
12.9,10.465681762750936,1.7237612503810689,1.5610157607534845,0.9680317681138033,0.25448245769497346,10.375994404630744,1.722271527908111,1.5720929552872691,0.967128805334084,0.2838005341585982,0.027326053646244398,0.15192635103557697,0.1590477845430622,0.01380720197336177,10.489342364067777,0.6211134781658783,5.252722587826275,0.9814187960592179,1.7543540677612803,1.0,-0.3712949475643956,10.0,0.0,10.0,10.0,1.2021245965936487,1.7809881688128821
12.951,10.468054024380239,1.7820135684093343,1.5758882604227424,0.9731768335268051,0.24253819065701557,10.375611205316394,1.7804182589315136,1.5867151328287328,0.9732427256435601,0.2179204280575733,0.027318236205346368,0.15393799803030678,0.16172539878689102,0.014130542013171224,nan,nan,nan,0.9830223043812434,1.7566245496996258,1.0,-0.3759944046307435,10.0,0.0,10.0,10.0,1.2416039825137863,1.7764406940044428
13.0,10.469122888342048,1.8210363918768624,1.5854192063568078,0.9764662748300852,0.23577359405070034,10.373263712388956,1.8198100958609251,1.5985868849900369,0.9770215063801528,0.21696675058506726,0.02707686457174741,0.15524122369107812,0.16349672192139722,0.013801678826940354,nan,nan,nan,0.9856313643580341,1.756439484140971,1.0,-0.37561120531639425,10.0,0.0,10.0,10.0,1.2416039825137863,1.7764406940044428
13.05,10.469976493599443,1.8798129560087495,1.5992517538975934,0.9808743511710449,0.22631472027855767,10.37136762042626,1.8785041325221667,1.6123534180157755,0.9820577668814102,0.21932458503972563,0.027083410311075726,0.15721358837047,0.16613512877691408,0.01420658788951832,nan,nan,nan,0.9877447541121877,1.7553054854121544,1.0,-0.3732637123889564,10.0,0.0,10.0,10.0,1.2637283403265505,1.760310741124849
13.100000000000001,10.47005859565199,1.9191382428562265,1.608138726979806,0.9834930079724042,0.2191816740501234,10.318539705764174,2.005604015003697,1.6236517567996387,0.9914965429307863,0.21305167438011782,0.02678382455843312,0.15117930746536712,0.15927676578643896,0.01386520561591652,9.781651764959502,2.7940425648128464,4.168577487955771,0.9899298660621034,1.7543891933522981,1.0,-0.3713676204262608,10.0,0.0,10.0,10.0,1.2880297878098566,1.7386774457876448
13.15,10.469475440049989,1.9783058817227634,1.6208246300741525,0.9870942740883109,0.20445721991729443,10.315148134811919,2.065050965856734,1.6360721212353733,0.9942220989451565,0.19748612223384754,0.026786987035169938,0.15320396423150937,0.1619314471717009,0.014186154149818726,nan,nan,nan,0.9944833537743056,1.7287395860822836,1.0,-0.3185397057641737,10.0,0.0,10.0,10.0,1.3450020254607156,1.689824173804556
13.200000000000001,10.468631159802468,2.017857218428874,1.6287424841126497,0.9892862243456669,0.19382189633298424,10.313392224716436,2.1045707115284906,1.642789639464685,0.9958965705905886,0.16691151811010524,0.026917744761322786,0.15451404107561015,0.16368746267416293,0.01384968167182431,nan,nan,nan,0.9958611570785103,1.727085318961698,1.0,-0.3151481348119187,10.0,0.0,10.0,10.0,1.3613383042204346,1.67638899961233
13.25,10.466708738032485,2.077315828929467,1.6398974935467414,0.9921704365235936,0.1806542300999084,10.308878484038457,2.1641964393352153,1.6542805671806615,0.9980277894232997,0.18022731640012762,0.026926159236673162,0.15650071495310508,0.16630106800572544,0.014170467294415847,nan,nan,nan,0.996520995761913,1.7262285195714024,1.0,-0.313392224716436,10.0,0.0,10.0,10.0,1.3606081703448538,1.6773955961769218
13.3,10.465007670552765,2.1170268277352213,1.6469171514392487,0.9938623897752944,0.1719150375527168,10.308532530281253,2.286374621952216,1.6558504960387435,1.005285153795311,0.18495267706547816,0.027563443803332432,0.15057407704395645,0.15941011667552468,0.013832705420736434,10.26005559704484,3.0109241154091033,2.46892663916292,0.9975688442606552,1.7240249786392916,1.0,-0.3088784840384573,10.0,0.0,10.0,10.0,1.3874530917975703,1.6525044730533578
13.350000000000001,10.461859649101749,2.176668325956772,1.6567996159944034,0.9956125267124103,0.1597053833585521,10.303193041387521,2.3464592163801634,1.6666034622706345,1.005244110306549,0.16002366657957717,0.027564781194323474,0.15261277298488599,0.16204132651070896,0.014153339077976971,nan,nan,nan,0.9976885149228232,1.7238560269955536,1.0,-0.30853253028125316,10.0,0.0,10.0,10.0,1.3813537093803159,1.6374081605983644
13.4,10.459383563874228,2.216452997612317,1.6630078048925043,0.9965254786231469,0.15231779748686008,10.299685613913796,2.38642853786395,1.6721111097562105,1.0052150839292922,0.14416252193928816,0.027618923055059814,0.15393008197592822,0.16378241360422469,0.013820310152595602,nan,nan,nan,0.9985073971234737,1.7212472969630654,1.0,-0.30319304138752123,10.0,0.0,10.0,10.0,1.3945902106887773,1.6305027815024091
13.450000000000001,10.45513341991442,2.276160469168372,1.6717955797391904,0.9978624443072972,0.1423450277024764,10.293415208639495,2.4464143064398867,1.6803562424365721,1.0052454989580477,0.12535675874745064,0.02761925320651614,0.15593058668236717,0.16637361947464888,0.01414076520231541,nan,nan,nan,0.9988758148222233,1.7195325368329173,1.0,-0.29968561391379644,10.0,0.0,10.0,10.0,1.400437128818422,1.627371392497112
13.5,10.451959672871428,2.315981953498418,1.6773366497547424,0.9987139740820783,0.1360739804457858,10.332444848017808,2.3786237188207213,1.6859492430681424,0.997449050615217,0.13409340244098275,0.027571088791051596,0.1500898031618928,0.1594639146209017,0.013805930901792541,10.817229554964294,1.3822765253324576,5.248521466000381,0.9993481574883115,1.7164647827129118,1.0,-0.29341520863949455,10.0,0.0,10.0,10.0,1.41157962943306,1.6196198432641187
13.55,10.446715397140638,2.375742157746001,1.6852455684220862,1.00027483171758,0.12948820375901743,10.325386313256042,2.4380917953530985,1.6938234975468431,0.9995261449859325,0.10254435648857818,0.027568798268985593,0.15214061732840808,0.16207675387555548,0.014126218710541242,nan,nan,nan,0.9987719814553907,1.7355127369967513,1.0,-0.3324448480178077,10.0,0.0,10.0,10.0,1.4043159812165216,1.6457317410495629
13.600000000000001,10.442909241290574,2.4156081294430587,1.6903444149123914,1.0013042548329245,0.1261642865687293,10.319448890534819,2.4778471173988326,1.7006262822246365,1.000784734325777,0.13777153376211365,0.02744820837341087,0.153464330391817,0.1638075768698949,0.013795962183227758,nan,nan,nan,0.999268446446665,1.7320764128825283,1.0,-0.3253863132560415,10.0,0.0,10.0,10.0,1.4075250338115433,1.6402482946277368
13.65,10.43676071047392,2.4754305056446295,1.6976891484998415,1.0025707891924691,0.11889045068990463,10.311502981547248,2.537398815223247,1.709223209665673,1.0023531823769547,0.13248122212579141,0.027451895451279146,0.15547701379418208,0.1663849699077467,0.014116037877577915,nan,nan,nan,0.9995922874749582,1.7291829008259876,1.0,-0.31944889053481873,10.0,0.0,10.0,10.0,1.4355376498134962,1.6109902786078585
13.700000000000001,10.430114652602498,2.535264299971039,1.7045001893562848,1.0035420028539512,0.10949822365287887,10.334307046019278,2.5465666652401873,1.7092010762890908,1.000809394622109,0.0743609658482901,0.027857638403429648,0.14970478728301936,0.15946973860612412,0.013783564217732268,10.601897097034918,2.249938417708971,0.6544012445723437,0.999870668232212,1.725306403109042,1.0,-0.31150298154724787,10.0,0.0,10.0,10.0,1.4508303014917736,1.5930949041212474
13.75,10.42542098756424,2.5751533720660853,1.7088331252659783,1.0041441351369742,0.10789947105513739,10.325874062663559,2.6060502989846728,1.7165120193528356,1.0023307011711857,0.10728055752525302,0.027865800636496442,0.15176702165629252,0.16207258949580805,0.014103472544693947,nan,nan,nan,0.9996296243019621,1.7364186648421767,1.0,-0.3343070460192781,10.0,0.0,10.0,10.0,1.4122027384209148,1.6343667314015398
13.8,10.420525726050364,2.615039713689382,1.7130856666823193,1.0046410979159706,0.10473480272571982,10.317712062989102,2.645775436959665,1.7240217290997055,1.003136210024092,0.08730957911300932,0.027574352880672344,0.1530969989529739,0.1637972214219704,0.013775468908247794,nan,nan,nan,0.9998751514642176,1.732313989719117,1.0,-0.32587406266355856,10.0,0.0,10.0,10.0,1.4411326408636382,1.6027141059422796
13.850000000000001,10.41282433547398,2.6748550164843383,1.7191462827585355,1.0052153969112587,0.09818699242070227,10.308415532917033,2.705261779389074,1.7300240467115768,1.0041215098207836,0.10624914483807928,0.02757994500716758,0.15512083100170987,0.16636568053496506,0.014095160408116493,nan,nan,nan,0.9999906936493975,1.7283359764355135,1.0,-0.31771206298910215,10.0,0.0,10.0,10.0,1.4495510860958956,1.5926461648129113
13.9,10.404715751574795,2.734643207738141,1.7247493658632433,1.0055867911395366,0.08956985964494726,10.315554281334476,2.6985178291687983,1.7287738535884154,1.0012905571600628,0.10484196279267996,0.028131820854533238,0.1494023256036233,0.1594503252308122,0.013764626363784681,10.417957243685601,2.263323138733276,0.8139704083895704,0.9999806237596265,1.7237988876056638,1.0,-0.3084155329170333,10.0,0.0,10.0,10.0,1.471345396727214,1.5676083519479524
13.950000000000001,10.39909611063909,2.774487095094791,1.728216020418893,1.0059749581961086,0.08504619928557575,10.305990442697905,2.757856947157274,1.733562877091331,1.002691622354831,0.06366083765912063,0.028127292885018595,0.15147433902444601,0.1620459567621332,0.014084130603618147,nan,nan,nan,0.9999988893725812,1.7272834659714358,1.0,-0.31555428133447627,10.0,0.0,10.0,10.0,1.4679750179877473,1.579553129435435
14.0,10.393312479421617,2.814321237012624,1.7315241357870261,1.006266125013864,0.08138583627424052,10.302915544963298,2.7974867099972553,1.7325962747229384,1.0034308736235036,0.05833137687560179,0.028557905111100897,0.15280933100428137,0.16376655430702464,0.013758002539838294,nan,nan,nan,0.9999400648333494,1.7226142913046494,1.0,-0.30599044269790454,10.0,0.0,10.0,10.0,1.4633389268216834,1.579377858009247
14.05,10.384346700391609,2.874044605943538,1.736248633598341,1.0065277454026924,0.07699621427408407,10.293101763821818,2.856905570771349,1.7384497450090084,1.0043011731038904,0.08735159862513481,0.02856510442028521,0.15484141482426925,0.16633003737108862,0.014077280444944287,nan,nan,nan,0.9999340525713236,1.7211116629721654,1.0,-0.3029155449632981,10.0,0.0,10.0,10.0,1.4608482587925902,1.5794278345971862
14.100000000000001,10.378186762753241,2.913837780968122,1.7392299721623952,1.0065876728943501,0.07255367389432504,10.264399519341401,2.8472705048412172,1.7379935716014507,1.0016119264343608,0.10963611421956052,0.02904473785834875,0.14916408593273334,0.15941821163901151,0.013748353589505052,10.000790163490695,2.3883050573454137,1.1620202017482897,0.9997549559394663,1.7163113589362615,1.0,-0.2931017638218183,10.0,0.0,10.0,10.0,1.486412265426136,1.549592957004456
14.15,10.368692577350911,2.9734913297635615,1.7432620168973327,1.0067271992954496,0.06263887369082154,10.254290940741052,2.9065338990180356,1.743131180816273,1.002751915621341,0.07984565437700342,0.02904347048273456,0.15124326743014913,0.16200993109100634,0.014067438113612834,nan,nan,nan,0.9993606918209013,1.7022339208796597,1.0,-0.26439951934140105,10.0,0.0,10.0,10.0,1.518337648224135,1.5224693368725655
14.200000000000001,10.362204015570814,3.013238794503012,1.7455943397108278,1.0067462099816564,0.05575984567912042,10.250028266682522,2.946175270361376,1.7427591125972857,1.0032605855907257,0.05022425389697877,0.02936381892849989,0.15258210623168833,0.16372803711065462,0.013742873562292859,nan,nan,nan,0.9989482496684939,1.697263223670616,1.0,-0.2542909407410523,10.0,0.0,10.0,10.0,1.5183591171335316,1.5155395748129514
14.25,10.352253332008086,3.0728193985509877,1.7486459959690104,1.006641671133304,0.04790378302250655,10.239662908488187,3.005484314329278,1.7468147637463538,1.0038416273163293,0.06403001724288626,0.029368244659659013,0.15462083265426033,0.16628826987818437,0.014061735789612437,nan,nan,nan,0.9988676252900519,1.6951652372226922,1.0,-0.25002826668252176,10.0,0.0,10.0,10.0,1.5081422532801603,1.523366137903046
14.3,10.342066919874899,3.132347708336575,1.7512423289720234,1.0063734561154383,0.039649312928552304,10.227269333272394,3.0347783919888967,1.7481686395767966,1.0033809001291587,0.035083169366536514,0.02943086082519194,0.14897570448677183,0.159381005600582,0.013734168718207637,10.169336296537491,2.923276084570672,0.05369218674747822,0.9983898294031324,1.6900590963513349,1.0,-0.23966290848818694,10.0,0.0,10.0,10.0,1.524773294279091,1.5008996354900233
14.350000000000001,10.335160243613288,3.1720018248747626,1.7526980620861672,1.0061391594111042,0.03451783689503765,10.216634139941366,3.094040568501006,1.7494299108088196,1.0036371607438748,0.026203456512016065,0.029430381259025872,0.15106083114068417,0.16197002417440653,0.01405285109539706,nan,nan,nan,0.9979384114619221,1.683945633019268,1.0,-0.2272693332723943,10.0,0.0,10.0,10.0,1.5234676932022864,1.4997072651611938
14.4,10.32817061316688,3.2116308234473046,1.7539564023771423,1.0058579444842957,0.02955734464587716,10.20662469418433,3.133329601937068,1.7543198594482057,1.0036438163805397,0.032214134170021,0.02908994710025319,0.15240290061984016,0.16368621520731147,0.013729625493925451,nan,nan,nan,0.9974991694495149,1.6786927408754915,1.0,-0.21663413994136604,10.0,0.0,10.0,10.0,1.527747934225924,1.4908414146417166
14.450000000000001,10.317550305877797,3.2710242493702046,1.7554471840905674,1.005305199090462,0.021081983632907274,10.19558781416717,3.192527249025481,1.75527634145085,1.0034979084469131,-0.024147377662874517,0.029083226745710445,0.1544475056004069,0.16624351718151567,0.014048071501144344,nan,nan,nan,0.9967554766387875,1.6737434439231627,1.0,-0.20662469418432927,10.0,0.0,10.0,10.0,1.542161265341272,1.4701227027002657
14.500000000000002,10.306793104930303,3.3303545118613807,1.7564666555542272,1.0046559938183783,0.014573998024302062,10.189636704475074,3.275058087564414,1.7517711345485216,1.0061992526842702,0.044601526493314024,0.029558183015906743,0.1488272312879603,0.15934135435348637,0.013721673012286058,10.167326130299488,3.637109907558499,0.6513742309092616,0.9962182265260668,1.6682802551504652,1.0,-0.19558781416717075,10.0,0.0,10.0,10.0,1.527572791482931,1.4804944651192122
14.55,10.299559787968409,3.3698711998716644,1.7569025915197949,1.0040902216540688,0.008527364619909246,10.178755684569207,3.3344218343785177,1.7520140046161652,1.005153694910431,-0.017086981629941118,0.029550373590362687,0.15091676760418668,0.16192861327636968,0.01403993285769898,nan,nan,nan,0.99626646756834,1.665332046652079,1.0,-0.18963670447507397,10.0,0.0,10.0,10.0,1.5505613166179442,1.4492904712621366
14.600000000000001,10.288638641740125,3.4290909637008506,1.7571736115412884,1.0032980612187052,0.0022199632569425923,10.17649713797073,3.374451920615695,1.7452357987159886,1.0044716080313147,-0.021687642757553652,0.03013658062794273,0.15226052975324395,0.1636440368190524,0.013717854009669404,nan,nan,nan,0.9957639350655642,1.6599373080519848,1.0,-0.17875568456920732,10.0,0.0,10.0,10.0,1.5341301774883138,1.4643765456622557
14.65,10.281319491438493,3.468541582964288,1.7572014685848854,1.0029651468814778,-0.00010071587314184018,10.166043813705778,3.433789562313076,1.7453426366858205,1.0037423908660263,0.004433280263628067,0.030140962893459022,0.15430698490357145,0.16620159147903477,0.014035885793291132,nan,nan,nan,0.9962682079642665,1.6588168726224184,1.0,-0.1764971379707294,10.0,0.0,10.0,10.0,1.527066470899298,1.4771024901262246
14.700000000000001,10.273976830242736,3.507975411838696,1.7571212914403522,1.0026577972193762,-0.0034886268713301845,10.165942631783656,3.4989148732972604,1.7463192303011814,1.0049647316278654,0.03921372452791479,0.030102965322596497,0.14870494242030166,0.15930530101955082,0.013710490625303723,10.247691862585365,3.7090906235476924,0.2615373146889193,0.995797184902427,1.6536282720102708,1.0,-0.16604381370577848,10.0,0.0,10.0,10.0,1.5449314105385492,1.4572672319558355
14.750000000000002,10.262935504751345,3.567095936636196,1.7566787469474707,1.0021322483057071,-0.010533149931152045,10.155424686690504,3.558269702748782,1.7456549534946264,1.0040148936650168,-0.010276343261389789,0.030096906589966152,0.15079584394555923,0.16189300844262994,0.014028331979939022,nan,nan,nan,0.9957026160699396,1.6535780271577463,1.0,-0.16594263178365587,10.0,0.0,10.0,10.0,1.5584050164540508,1.4389085550248175
14.8,10.255566575229002,3.6064894226596413,1.7561546544652966,1.0017727541113335,-0.01432106284015936,10.144770703124088,3.5973921142164547,1.7500327404502238,1.0034133201684514,-0.0023663900550297927,0.029671965760369297,0.1521403827143881,0.16360844817050968,0.013707257266059522,nan,nan,nan,0.9952698786199335,1.6483527942285772,1.0,-0.15542468669050358,10.0,0.0,10.0,10.0,1.5454160226263298,1.4508557254680372
14.850000000000001,10.244516582515926,3.665551378440915,1.7551035464339615,1.0011565020487676,-0.020299688788474924,10.134076619858744,3.656621546236922,1.7493333750346753,1.0024899676870263,0.014083331592709946,0.02967557292364568,0.15418929807445886,0.16616568888198385,0.014024869487752124,nan,nan,nan,0.9942834059471575,1.643055649953061,1.0,-0.14477070312408813,10.0,0.0,10.0,10.0,1.5603658133055363,1.4293829889838436
14.9,10.237163286260136,3.704906182034615,1.7541680976200906,1.0007203494106574,-0.02544617456122803,10.196377548018598,3.6272782125089256,1.7512575837060762,0.9962809871349341,-0.017064188489499685,0.029397020464471835,0.14860293814504366,0.15927389328645425,0.013700362347270234,10.945089166831199,3.0036165363142535,4.045859997315896,0.9937793035724247,1.637734480250944,1.0,-0.1340766198587442,10.0,0.0,10.0,10.0,1.5735932731052245,1.4144692696577965
14.950000000000001,10.22616543547549,3.7639338569203247,1.7525005637306594,1.0010235275123693,-0.027424165681976496,10.18568503948995,3.68610702918555,1.7491647992992958,0.9975555807417393,-0.03218012823934349,0.029394759913803994,0.15069580292245877,0.1618621036906345,0.014017789172138417,nan,nan,nan,0.9965916962146527,1.6686713665016588,1.0,-0.19637754801859764,10.0,0.0,10.0,10.0,1.5385719083840836,1.490578091568322
15.000000000000002,10.215206058927633,3.8230133519829206,1.750917261689656,1.0016829040972746,-0.025736975852633494,10.187723991364312,3.726554980469861,1.736654080758977,0.998448743986294,-0.029460072075818775,0.030441718567547606,0.15204067786916015,0.1635790895694854,0.013697593003041677,nan,nan,nan,0.9963221795277297,1.6633734584799165,1.0,-0.1856850394899503,10.0,0.0,10.0,10.0,1.5347432922511692,1.4883689429822025
15.092,10.215206058927633,3.8230133519829206,1.750917261689656,1.0016829040972746,-0.025736975852633494,10.184428234081048,3.7462500960909573,1.736233406798904,0.9988495715165726,-0.020747728616732682,0.030442860412789485,0.152725989071893,0.1644351375193812,0.013803727007687271,nan,nan,nan,0.9973896633056218,1.6643841267186639,1.0,-0.18772399136431162,10.0,0.0,10.0,10.0,1.5188075850401324,1.510098651637142
15.100000000000001,10.200678382832262,3.9018607499182525,1.7490683346467262,1.0024647484531002,-0.021688924273715222,10.122183535917051,3.7841112033703537,1.7328717518730397,0.9981796770592068,-0.005904840624075914,0.030623048658900136,0.14851423175761885,0.15925529657490506,0.013691092152564815,9.585886585997297,3.387227086746901,1.896774676193872,0.9971008837433798,1.6594900283043084,1.0,-0.17785401496177755,10.0,0.0,10.0,10.0,1.528757423551744,1.4938954592740976
15.15,10.189860596000958,3.9610340441475325,1.7477070213168715,1.0025062542224332,-0.024752426495919914,10.112554054613042,3.84324384377446,1.7315659226995912,0.9990081226357316,-0.010660509177277287,0.030622911780714045,0.15060560316508387,0.16184903558569874,0.014008114553637884,nan,nan,nan,0.9948978343665456,1.6318122621788487,1.0,-0.12218353591705089,10.0,0.0,10.0,10.0,1.5626080672051803,1.4469141014378353
15.200000000000001,10.18269373232552,4.000485370948477,1.746627094723038,1.0023261073762226,-0.02835356276112002,10.10219438336894,3.882154466509205,1.7340168346100828,0.9992301691293692,-0.038890524760329455,0.030164725087166385,0.151949758603588,0.1635688672571637,0.013688718720829458,nan,nan,nan,0.9945394303679361,1.6270140550154557,1.0,-0.11255405461304235,10.0,0.0,10.0,10.0,1.5636829101678729,1.4402708265964146
15.250000000000002,10.172017561845257,4.059655734627467,1.744755701947025,1.0018558347606032,-0.03308490331561122,10.092476560652518,3.941319505002108,1.7318888182756595,0.9993260563041405,-0.05854621949659348,0.03016238219517462,0.15399833926629525,0.16613360664617977,0.014005515535673486,nan,nan,nan,0.9937157945708904,1.6218491177371555,1.0,-0.10219438336893916,10.0,0.0,10.0,10.0,1.5606197174267722,1.43582242158665
15.3,10.164954275612008,4.099093809579677,1.7433695251107149,1.0014715428811476,-0.03548509613898958,10.149469754408695,4.0857597907336505,1.731363331776987,1.0056172104591246,-0.061615383126914634,0.0300508614090678,0.14843478260577164,0.15925025646068838,0.013682542675636077,10.849108941253546,5.019050966488296,6.145358623365359,0.9934077304655099,1.6170016971765264,1.0,-0.09247656065251775,10.0,0.0,10.0,10.0,1.5558909029271655,1.4375110789864471
15.350000000000001,10.154446211819021,4.158240103480446,1.7412356151209405,1.0010260935521607,-0.03409002639719951,10.139857431412898,4.145300404340922,1.7295185046938266,1.0044451124425198,-0.04318378162409123,0.0300533250368757,0.1505269937285179,0.16184544709391419,0.013999163761405515,nan,nan,nan,0.9963067861222866,1.6453925294770668,1.0,-0.14946975440869537,10.0,0.0,10.0,10.0,1.513615525885059,1.483580281223236
15.4,10.147499471287594,4.197669626671473,1.739921237086719,1.0008277822665135,-0.03241631875242415,10.132751914273637,4.184860642385594,1.7293282857056507,1.0038412582052576,-0.011459366420848547,0.029969759350863306,0.15187125535990068,0.16356571379743629,0.013680490041207985,nan,nan,nan,0.9960503652781085,1.6406113913737121,1.0,-0.13985743141289753,10.0,0.0,10.0,10.0,1.5263617233378544,1.4718831932799892
15.450000000000001,10.137171995232828,4.256816598974267,1.7379810710264805,1.0005634727048311,-0.03291991818050467,10.123294519767274,4.244327472746176,1.7268470492463388,1.0030501658527773,-0.030347273997872605,0.0299668785501324,0.15392004971012468,0.1661306357622069,0.013996892807635438,nan,nan,nan,0.9957476884528698,1.6370750617898135,1.0,-0.13275191427363708,10.0,0.0,10.0,10.0,1.5440271387825009,1.4532082125357149
15.500000000000002,10.130350493935802,4.296250438850683,1.7366427338372774,1.0004087247729792,-0.033689302037186085,10.1879136619583,4.2929665075914665,1.7239036065530344,1.0023891790530428,-0.04639204691336423,0.030113827684236233,0.14836570743044533,0.15924715989624572,0.013674582424898751,10.923983184400207,4.365666252863829,2.397047178337901,0.9955399537565626,1.632365669836483,1.0,-0.12329451976727412,10.0,0.0,10.0,10.0,1.5404563701898537,1.4571184897285336
15.55,10.12021051263494,4.355420080443501,1.734728083413946,1.0007567047886015,-0.028707931158595944,10.17879515039451,4.352409598584071,1.721094500031957,1.0024500134041003,-0.03904977951998749,0.03011309337318857,0.15045720410804667,0.16184250022503885,0.01399081388141542,nan,nan,nan,0.9982348260961693,1.6644781329764786,1.0,-0.18791366195829973,10.0,0.0,10.0,10.0,1.4934020642021144,1.5274734648373212
15.600000000000001,10.113505871390068,4.394895654452787,1.733702795520205,1.0011320399745527,-0.024009950026676576,10.173898749064202,4.392217420514615,1.7191946747292857,1.0026360174831224,0.0005721468119088145,0.030239810814769556,0.15180066312256899,0.16356320525001503,0.013672804832404392,nan,nan,nan,0.998131678047478,1.6599568845452737,1.0,-0.17879515039451022,10.0,0.0,10.0,10.0,1.4986014447848306,1.5210512296200864
15.65,10.103530948589736,4.45414720288405,1.7324189328567008,1.0015710486143408,-0.02025821715460861,10.16500623492871,4.451719332200106,1.7180499851300632,1.0028453866225975,-0.026356644606848525,0.030235613902875703,0.15384851142327916,0.16612917988519849,0.01398883112671891,nan,nan,nan,0.9980991867014282,1.657527571897053,1.0,-0.1738987490642021,10.0,0.0,10.0,10.0,1.5150305120420766,1.503577622746846
15.700000000000001,10.096933463976566,4.4936693122463485,1.7316513179357425,1.0017696679691275,-0.018464965446070538,10.149297222867926,4.514647846983262,1.715521377516752,1.0045852953181844,-0.021710552288112417,0.0304301141670352,0.14830235345591608,0.15924634276325472,0.01366713718094706,10.034305464975105,4.698262764067448,0.24415253646182783,0.9978923355500617,1.653113011975333,1.0,-0.16500623492870936,10.0,0.0,10.0,10.0,1.50822403039084,1.5078551935315738
15.750000000000002,10.087110581234269,4.55297232165967,1.7306133382523319,1.0018088681892918,-0.01686434010822838,10.140656317529839,4.574292841003235,1.7136043149255178,1.0041224201115813,-0.01865879120770068,0.030429656407425443,0.1503931680320085,0.1618427275090399,0.01398299759927392,nan,nan,nan,0.9975359650775455,1.6453067423010928,1.0,-0.14929722286792568,10.0,0.0,10.0,10.0,1.51414008461501,1.4935192413658123
15.8,10.080609147081143,4.592512982602006,1.7299454399351653,1.0017497476156378,-0.01669954954530543,10.135685797752357,4.61415338637668,1.7122157845409427,1.003788519971922,-0.003958605864021388,0.03051286481512195,0.15173603874969743,0.1635639425783977,0.013665603843416321,nan,nan,nan,0.9973661084271576,1.6410088795809088,1.0,-0.14065631752983876,10.0,0.0,10.0,10.0,1.5191418107502832,1.4882112038964603
15.850000000000001,10.070922957236084,4.651830581284393,1.728925675702322,1.0016737261507902,-0.0174482491675671,10.127224010973396,4.67377436668145,1.7113369032725965,1.0033657855594582,-0.004652756494880695,0.03051283422586489,0.15378321476364631,0.16613060136324587,0.013981261260306348,nan,nan,nan,0.9972868301723209,1.6385354262645344,1.0,-0.13568579775235712,10.0,0.0,10.0,10.0,1.5270392899276841,1.4803569624207567
15.9,10.064507476791087,4.691379852156208,1.7282036459853478,1.0016151176069994,-0.018492212969684323,10.175233482714999,4.667392210956801,1.7087650726559866,0.999404697719217,0.007688991366961944,0.030741388552183283,0.1482445042335977,0.15924773734519887,0.013660138236943783,10.7109682586969,4.2426940996371725,1.984358061124207,0.9970358746932988,1.6343227382758394,1.0,-0.12722401097339642,10.0,0.0,10.0,10.0,1.5316208672601206,1.4747222984468669
15.950000000000001,10.054942648463484,4.750721740383988,1.7271193300665775,1.0020848561567723,-0.016591537412435742,10.167008747862189,4.726803607326908,1.7085092821954406,1.0003809944109925,0.01952797293739701,0.030742949293507394,0.15033441403186387,0.16184511501453497,0.013975640368469771,nan,nan,nan,0.9987213481818835,1.6581898929170569,1.0,-0.17523348271499906,10.0,0.0,10.0,10.0,1.5098112553047176,1.5218504921780813
16.0,10.045436919847113,4.81011435712502,1.726214629264665,1.0026824664903093,-0.014356607734631602,10.156078028317225,4.765663724296399,1.7141735317521363,1.0010119616646977,-0.020970548392385314,0.030140048881685897,0.15167698823560044,0.16356704655167997,0.01365881811544457,nan,nan,nan,0.9985205834699767,1.6541074172847734,1.0,-0.1670087478621891,10.0,0.0,10.0,10.0,1.518245424579032,1.5087894020317296
16.05,10.039132781457983,4.84972841527526,1.725663756889611,1.0028442797013344,-0.013446435825390795,10.147522877571362,4.8251270296666595,1.7130769289622592,1.001628572697454,-0.0056927929214250095,0.030141573903623837,0.15372446223488867,0.16613473517346405,0.013974115736185781,nan,nan,nan,0.9978559012719471,1.648677495846757,1.0,-0.15607802831722495,10.0,0.0,10.0,10.0,1.5246523367470446,1.5043384011956382
16.1,10.032855066959252,4.889350335754667,1.7251318451432385,1.0028979665732642,-0.013440725703811085,10.108055179815116,4.887132615779705,1.7131868399960375,1.0036880434380784,0.0035882292400785188,0.030123130273156617,0.14822884796248703,0.15925246209909416,0.014178090065032982,9.761121416832223,5.060290456679686,0.7029070059432418,0.9976443424958739,1.6444244280719138,1.0,-0.14752287757136173,10.0,0.0,10.0,10.0,1.5246523367470446,1.4912795335798075
16.150000000000002,10.023489506776636,4.948782658615344,1.7242251091773504,1.0025022882847057,-0.017371610881158555,10.097786972770502,4.946489381702752,1.7142355637412319,1.0031194578869524,-0.029277214243208248,0.029932046440585055,0.15028475185058565,0.16184934696718037,0.013955583791568625,nan,nan,nan,0.9960939041122884,1.62477144008549,1.0,-0.10805517981511592,10.0,0.0,10.0,10.0,1.5489800664758866,1.448009594519734
16.2,10.017283373043254,4.988388966202723,1.7234455560170148,1.0020525713534811,-0.020616922925295135,10.092054036395732,4.986196810016384,1.7139199692770042,1.002571628031513,-0.01737417977146348,0.029934319717724436,0.151665843990388,0.1635719870617021,0.01416380283799095,nan,nan,nan,0.9955302052509165,1.61965090781893,1.0,-0.09778697277050163,10.0,0.0,10.0,10.0,1.5439737694251296,1.449842037661122
16.25,10.008032477959265,5.047774551754547,1.7220508394138754,1.0014287389258691,-0.025289164426278675,10.084049090565454,5.0458040864769025,1.7117947128181559,1.00185977996825,-0.043013466292080284,0.029989195125678478,0.15367584200790557,0.16613892030443642,0.013942784209189117,nan,nan,nan,0.9952866775969124,1.6167908837066336,1.0,-0.09205403639573184,10.0,0.0,10.0,10.0,1.552705019863037,1.4404462807217229
16.3,10.001906521055323,5.0873520137625,1.7209738681181848,1.001074775628003,-0.02771561999241414,10.075033793830096,5.128908357024479,1.711065836295786,1.004456954620491,-0.013937742640112587,0.029995698042892385,0.1481865136020648,0.15925587149763104,0.014146685265348808,10.051461898341742,5.497260777410634,0.673448036282322,0.9951036441068845,1.6127961589361255,1.0,-0.08404909056545407,10.0,0.0,10.0,10.0,1.5459169941228954,1.4475712937242748
16.35,9.992785396126354,5.146698965153871,1.7191754102398746,1.000382215391862,-0.032099236518472254,10.061426231400034,5.1878120586902,1.714560512660201,1.0031207418326624,-0.059736418365585485,0.029429076707729013,0.15024308625120314,0.16185226491848995,0.013927500772396375,nan,nan,nan,0.9947237893060819,1.6082956366630088,1.0,-0.07503379383009623,10.0,0.0,10.0,10.0,1.5580639569917896,1.4241150384230261
16.400000000000002,9.983758604846363,5.206009505353445,1.7170906777383788,0.9995029695723853,-0.03644067337364609,10.055691822542801,5.227514893002383,1.7133665864574752,1.0021469571311175,-0.03678741014020105,0.029432755278173694,0.15162446330526766,0.16357461510603374,0.014135630222920944,nan,nan,nan,0.9936154419376195,1.6014997907759476,1.0,-0.061426231400034226,10.0,0.0,10.0,10.0,1.5530917950811185,1.4237796431194623
16.45,9.977799113215848,5.245530772771772,1.7155443682882028,0.9989976424511209,-0.040015861650496774,10.04595047449772,5.2868348912171825,1.7126065924917404,1.0009355867194853,-0.030760864844104917,0.029303843530975898,0.15363482663846176,0.16614112195036604,0.013904353008467703,nan,nan,nan,0.9934255531564711,1.5986350442214787,1.0,-0.05569182254280136,10.0,0.0,10.0,10.0,1.5658368342080704,1.4120056991885181
16.5,9.97189061090756,5.285040809910349,1.71384943696252,0.9985456016121148,-0.04390159291627968,10.043826999525702,5.411367835482779,1.7108261273633945,1.0059974664716747,-0.03949281554258814,0.029313843341466868,0.14815089719282123,0.15925745513134287,0.014108254400364478,10.102007735617736,6.1526146091008,2.588763941910616,0.992946944312123,1.5937675227423584,1.0,-0.045950474497720606,10.0,0.0,10.0,10.0,1.5747123653684436,1.4025490208743647
16.55,9.963133104883086,5.3442822910894066,1.7110318107379994,0.9976234349786098,-0.04885420180221011,10.03403850865447,5.470895493537044,1.7087761049697896,1.0036907918452722,-0.07716540959254355,0.029154223371202007,0.15020726014566235,0.16185407481321976,0.01388006062796234,nan,nan,nan,0.9930319628739382,1.59270631993641,1.0,-0.04382699952570235,10.0,0.0,10.0,10.0,1.5631532156184769,1.3989520205761063
16.6,9.957372505384836,5.383754408985401,1.7090250198483279,0.9970175465971434,-0.05072100268822612,10.028559606932046,5.510653870916997,1.7070385670252965,1.0023663219695662,-0.012320758239400167,0.029163702288531018,0.1515882614069082,0.16357662680170312,0.014088242954636024,nan,nan,nan,0.9926929932065942,1.587813938170184,1.0,-0.034038508654470334,10.0,0.0,10.0,10.0,1.5547865550025737,1.410986735414308
16.650000000000002,9.948857415403676,5.44294306454057,1.70584914081283,0.9963433615639362,-0.055376416140965876,10.023236666395547,5.570610790218266,1.7002349392051956,1.0007488679390786,-0.06691301018221771,0.029441938177381607,0.15359779955370162,0.166143854538713,0.013862246647706442,nan,nan,nan,0.9925716785661457,1.5850751597681465,1.0,-0.02855960693204551,10.0,0.0,10.0,10.0,1.5840944610441583,1.384195564928174
16.7,9.943270561018494,5.482397927217011,1.7035753748786158,0.9961177114120945,-0.05713358179893291,10.047285792387147,5.527072383780195,1.6967316202240135,0.9941152953775535,-0.07217452445223621,0.029450771922336527,0.14811730599117665,0.1592604467686036,0.014066186697359432,10.338244252994285,4.768298619320325,2.796897394463937,0.9930671548816977,1.5824141372655234,1.0,-0.023236666395547445,10.0,0.0,10.0,10.0,1.5608416841641277,1.4158661975354339
16.75,9.935028157250468,5.541606071832728,1.7001736138273502,0.9966487661280979,-0.05557383508147702,10.041002776688822,5.586430679029244,1.6931927131983715,0.9951793588111866,-0.018531673696600963,0.02958294439489896,0.15017113843401733,0.1618596516530587,0.013829371113048041,nan,nan,nan,0.99477224350797,1.5944348191118174,1.0,-0.047285792387146586,10.0,0.0,10.0,10.0,1.55272896336761,1.457511722626237
16.8,9.92695278083538,5.600890341037489,1.6968586989253789,0.9974742224468407,-0.05563718645573103,10.03615140254201,5.625949277679522,1.691864635907705,0.9959688460586581,-0.03746190475955989,0.029580821697527734,0.15155034076269053,0.16358478488033656,0.014037661847444328,nan,nan,nan,0.994812902625828,1.5912948435716123,1.0,-0.04100277668882235,10.0,0.0,10.0,10.0,1.57265415224742,1.4347004466615818
16.85,9.921667667481419,5.640449162736576,1.6946295341228916,0.997847791534498,-0.055748357130324555,10.033264797289572,5.6858923895647235,1.683760528256256,0.9968879496117868,-0.02917068580346714,0.03002214890036213,0.15355758067345393,0.16615679071282863,0.013804085622844926,nan,nan,nan,0.9947007456231259,1.5888700598212306,1.0,-0.03615140254201066,10.0,0.0,10.0,10.0,1.5655787071171194,1.4384491212416384
16.900000000000002,9.91646369482385,5.680033069553976,1.6924061416843958,0.9982076191607441,-0.05537381003873759,10.068435026397744,5.677618807987169,1.681450500261647,0.9938060113176767,-0.03890387527883735,0.03004119638437607,0.14808066479757367,0.15927479633742245,0.01400823017239018,10.477033277886232,5.237514556491511,1.512259790477498,0.9953635314045,1.587427191983661,1.0,-0.0332647972895721,10.0,0.0,10.0,10.0,1.5606127937448078,1.445870618783364
16.95,9.908810034836488,5.739466451984574,1.6891839883347892,0.9991960331337889,-0.05145227839519345,10.052910854544862,5.735695654904163,1.6887382635389816,0.9957514842414988,-0.028591086925466233,0.0290702904744856,0.15013294886585898,0.1618789048205375,0.01377800827253844,nan,nan,nan,0.9970791213765394,1.6050004949767989,1.0,-0.06843502639774357,10.0,0.0,10.0,10.0,1.5388309012711547,1.4907607708003987
17.0,9.903806447822548,5.779137299205359,1.6871811188162942,0.9997347710171546,-0.04985751670916196,10.04825685352617,5.7752619706691135,1.6863824811373824,0.9966283819267452,-0.03276411477861667,0.029069701683882922,0.1515113125180833,0.16360672508239651,0.013986413511966141,nan,nan,nan,0.9958174637171594,1.5972455846980929,1.0,-0.05291085454486222,10.0,0.0,10.0,10.0,1.5580232618822307,1.4556599532722474
17.05,9.896454806361527,5.838687680698123,1.6842058057928426,1.000155245498267,-0.04935852971291592,10.041455441875291,5.834694121898375,1.6818854034892539,0.9976754826249515,-0.06633295728498653,0.029064283647053008,0.15355959106211003,0.16618300508267553,0.014296125504062023,nan,nan,nan,0.9958202289301401,1.5949200728225295,1.0,-0.04825685352616915,10.0,0.0,10.0,10.0,1.5554414443690683,1.4555927455365647
17.1,9.891655153089033,5.878411416611022,1.6822597636658427,1.0003322836939652,-0.04795132775248805,10.002569447690215,5.846484263734012,1.681538590066043,0.9965476701797435,-0.057137493887825554,0.02896648922400928,0.14804575858079175,0.159298285137117,0.013949667359320217,9.644388539069203,5.570899669179791,0.8582674840940318,0.9959199220508921,1.5915210800224713,1.0,-0.041455441875291044,10.0,0.0,10.0,10.0,1.5396020106829693,1.4689989971651058
17.150000000000002,9.884606499045013,5.938019454898025,1.6793971853694718,1.0002684798586836,-0.048676483890948134,9.996016127935645,5.905933687480424,1.6790156154827278,0.9971904913100172,-0.03523221989676531,0.02896935533340862,0.15013666317796548,0.16190516929728688,0.014259581007307872,nan,nan,nan,0.9940155020341609,1.5720810499331859,1.0,-0.0025694476902149432,10.0,0.0,10.0,10.0,1.5664972103186903,1.4301636006835452
17.200000000000003,9.880009995970397,5.977762315839492,1.67739246479597,1.0000776583833888,-0.05113283148491279,9.989275714399941,5.945271174753299,1.6798981009359704,0.9973903071273178,-0.06910698880826845,0.028712593607776962,0.1514754340724228,0.16363357022593983,0.013921455793592072,nan,nan,nan,0.9939328881826657,1.5688043933972535,1.0,0.003983872064354799,10.0,0.0,10.0,10.0,1.575565767404793,1.4183447804980938
17.25,9.873269624832691,6.0373772101892325,1.6742132734485586,0.9996999851781009,-0.05396167542349389,9.982855443521993,6.004773423943494,1.6763000680858582,0.9975281917791147,-0.03373982576799499,0.02871711112493902,0.15352259225160034,0.1662112736202757,0.014231475432710047,nan,nan,nan,0.9934561611931501,1.5654342353857857,1.0,0.010724285600058892,10.0,0.0,10.0,10.0,1.5666681710131667,1.4226444301860366
17.3,9.868880072039257,6.0771185604417,1.6720052612201883,0.9994388277814951,-0.05619038263464053,9.908354992560865,5.991884224995179,1.6747261131171056,0.9944815091894734,-0.06549786334127868,0.028630402316767663,0.14801325362111542,0.15932330607171855,0.013879107042739591,9.163301303149494,5.4875841534998315,3.4847945487510463,0.9935004078479653,1.562224258521603,1.0,0.017144556478006834,10.0,0.0,10.0,10.0,1.5806722192133036,1.4083781578160999
17.35,9.862458158587382,6.136716213941977,1.6684143262101574,0.9984875419275211,-0.0636931792706113,9.902224427135197,6.051242600977658,1.671228593777668,0.9943709102578109,-0.06944890171475357,0.02863060801581852,0.1501028031744656,0.16193138551601233,0.01418940067535516,nan,nan,nan,0.9888128431921137,1.5250058539304212,1.0,0.09164500743913528,10.0,0.0,10.0,10.0,1.6079452363039897,1.352627053506259
17.400000000000002,9.858293244158345,6.176419055726402,1.6657205467349847,0.9976785730696689,-0.06937344345529622,9.89825834116051,6.090816370494569,1.6685699349915735,0.9941002569188988,-0.07690602486949168,0.028630049451397258,0.15148247706681214,0.16366156429706022,0.014394391031452665,nan,nan,nan,0.9888782443248323,1.5219474321316366,1.0,0.0977755728648031,10.0,0.0,10.0,10.0,1.606741307703748,1.354408436610296
17.450000000000003,9.852228260955968,6.235938329302508,1.6613181645476567,0.9966803420602428,-0.0758854185137276,9.89440788355494,6.150412673720487,1.662347953564458,0.993790417664884,-0.07210089286305611,0.028817622559804898,0.1534857415524871,0.16624080310109685,0.014143173621999542,nan,nan,nan,0.9889792299091511,1.519969311242783,1.0,0.10174165883949016,10.0,0.0,10.0,10.0,1.6041603153092323,1.3583487501938056
17.5,9.848312337166353,6.275602429663182,1.658200266216781,0.9962129131565269,-0.07904218855349715,9.913491100064434,6.292224050607324,1.658450216648199,1.0006783550804017,-0.08240272308863865,0.028839269194494168,0.1480191359273824,0.15935085921806647,0.014343792507463295,10.174369196318409,7.1911471574072605,4.044466666432385,0.9896069933671341,1.5180492416889,1.0,0.1055921164450595,10.0,0.0,10.0,10.0,1.6032087781803217,1.365015855960688
17.55,9.842639339725922,6.335086708371656,1.6533774197856042,0.9955410800720477,-0.080476183010523,9.907194654014287,6.35187679200754,1.6547620286211107,0.9992327504139997,-0.06344853482073885,0.0287220009696048,0.15006837097295372,0.16196049645519794,0.014098564136468601,nan,nan,nan,0.9914472497637413,1.5275688221864054,1.0,0.08650889993556632,10.0,0.0,10.0,10.0,1.5763799537217196,1.385371633979228
17.6,9.838997353258936,6.374734216013457,1.6501503163455309,0.9951697972730555,-0.08095270169762003,9.903872955603845,6.391700111647148,1.6523576924939045,0.9984814354032813,-0.052293421127390737,0.028723774357797143,0.1514467028889094,0.16369164567674055,0.01430393456092944,nan,nan,nan,0.991518395964233,1.524426915710562,1.0,0.09280534598571322,10.0,0.0,10.0,10.0,1.586052803277306,1.3802166264451237
17.650000000000002,9.833753501191472,6.434204227543865,1.6452438188899534,0.9948069167803668,-0.08247281106321033,9.901205254728225,6.451644092371104,1.6454492751618135,0.9975947051202521,-0.07294792983187907,0.02893181007659113,0.1534486477538567,0.16627171556632311,0.014050056035464862,nan,nan,nan,0.9916152280557398,1.5227697639313378,1.0,0.09612704439615527,10.0,0.0,10.0,10.0,1.5913830243674392,1.3775684303388984
17.701,9.830407490589748,6.473856371695011,1.6419395157731045,0.994753229632581,-0.08237141117363153,9.966138540649933,6.429331479461963,1.6428180748124133,0.9926114075867807,-0.037677024093387856,0.02897589938462633,0.1479854614182284,0.15937759906805282,0.014251151962791935,10.670231800325324,5.8672398367875696,3.4764652996308123,0.9923205840397485,1.5214390736213521,1.0,0.09879474527177479,10.0,0.0,10.0,10.0,1.563768185351862,1.458042068040831
17.75,9.825614947806152,6.533376775058069,1.6371127675080552,0.9957444840720392,-0.07788603614037384,9.959412120476538,6.488502636803073,1.6397912266755492,0.9947523694231579,-0.10357589344195205,0.028699630698199113,0.1500325665681745,0.16198806521931938,0.013990130519612677,nan,nan,nan,0.9960464800344117,1.5538672145706915,1.0,0.033861459350067236,10.0,0.0,10.0,10.0,1.563768185351862,1.458042068040831
17.8,9.822567036375137,6.573116439576275,1.6341317112226068,0.9966351688424746,-0.07213772618128514,9.95669555390346,6.528210713035034,1.6365801939812774,0.9957928059790676,-0.08610258900768561,0.02870072069696416,0.15140922641856483,0.16372015228341025,0.014196021315359813,nan,nan,nan,0.99601664757793,1.550505172323983,1.0,0.04058787952346243,10.0,0.0,10.0,10.0,1.5350589301987374,1.4801534654935091
17.85,9.818214550766085,6.632797676981997,1.630089896901321,0.9976517090319204,-0.06441522663469043,9.95068638268204,6.587631362700413,1.6345989558381575,0.9970694730742592,-0.08145814072215453,0.028485668889634976,0.15340986671800022,0.16630203977128563,0.013941580328206084,nan,nan,nan,0.9961801951253327,1.5491474864512937,1.0,0.04330444609654016,10.0,0.0,10.0,10.0,1.538807339174885,1.474608944311692
17.900000000000002,9.815456813150995,6.672624224994445,1.6276089428715619,0.9981411106844366,-0.060741777508808104,9.933512477216325,6.643515084568348,1.6322430926037603,0.9988470470697771,-0.05992052151687077,0.028479594718472428,0.14795095155226748,0.15940479609921362,0.014143300456749372,9.783288582376931,6.764608124661618,0.18926652276208702,0.9960904558602156,1.5461445130837903,1.0,0.04931361731796002,10.0,0.0,10.0,10.0,1.5403422540319376,1.468478550439626
17.950000000000003,9.811529176329573,6.732403265700058,1.62407816770567,0.9984958240884758,-0.058212265451160726,9.93478219464354,6.703842891521224,1.6224333588543693,0.9991255674365178,-0.08821508634849448,0.02898160220281158,0.1499975787920218,0.16201652665312363,0.013895128603431138,nan,nan,nan,0.995521357843778,1.5375648037108325,1.0,0.06648752278367454,10.0,0.0,10.0,10.0,1.5537453407768627,1.4450332205157121
18.0,9.809045661745916,6.772272929467444,1.6218004622625248,0.9987084241457687,-0.05565571302100519,9.932740002016711,6.7437583442813755,1.6201172418630208,0.9993675629729871,-0.06458128801905794,0.028984169824683315,0.15137312868796654,0.1637490532397533,0.01410148799088504,nan,nan,nan,0.9964543814958515,1.538198974870792,1.0,0.06521780535645938,10.0,0.0,10.0,10.0,1.5304228769847852,1.4748357794771494
18.05,9.805510743262468,6.832107544543958,1.6186138745795038,0.9990711652872856,-0.05168961745854643,9.929830637379165,6.803656233411329,1.6175001673376395,0.9996747329068839,-0.05440324250126277,0.02898492107304501,0.15341727219362952,0.16633151967661278,0.014408217162981806,nan,nan,nan,0.9965625949068361,1.5371789974568206,1.0,0.06725999798328886,10.0,0.0,10.0,10.0,1.5383458586533028,1.4669107587701875
18.1,9.803276295982686,6.8720151629509925,1.6165905496298316,0.9992733618989342,-0.049995272076026595,9.988783264344322,6.921856325698559,1.6233693953674821,1.0050322731408805,-0.03454624668693464,0.028286935498875114,0.14791830264147582,0.15942957965236185,0.014047127222855598,10.725318504079256,7.6187632436008235,4.647806699809311,0.9966583580287826,1.5357260305142089,1.0,0.07016936262083462,10.0,0.0,10.0,10.0,1.5409260252026613,1.464023070285384
18.150000000000002,9.800098109436819,6.931897732645679,1.6137273037884365,0.9994587829616608,-0.04526338491917632,9.98565770465944,6.9820606997913375,1.6204678495084313,1.0042120217821453,-0.056590865620574075,0.028282740100173145,0.15000603482975564,0.16204039720708574,0.014354267147809917,nan,nan,nan,0.9983079410429591,1.565188017767422,1.0,0.011216735655677823,10.0,0.0,10.0,10.0,1.5121562014770502,1.4895641138024218
18.200000000000003,9.798088275878035,6.971830124722775,1.6120261065136074,0.999581266313305,-0.04075660249074299,9.98245050134996,7.022065097091674,1.6198498829489978,1.0037954290614168,-0.029911374731382664,0.028160975123891832,0.15134009493230918,0.16377114320077277,0.014003827563183512,nan,nan,nan,0.9983848973458296,1.5636253020471047,1.0,0.014342295340560085,10.0,0.0,10.0,10.0,1.5030065910645474,1.5014982634784173
18.25,9.795225898346791,7.031746326641024,1.6097744378656484,0.9997871096099619,-0.03580881560671722,9.979536986843154,7.082211256015439,1.6176662956374637,1.0032796391184817,-0.04269692497271617,0.028158332877571968,0.15338382545976187,0.16635088216476301,0.014311269467395006,nan,nan,nan,0.9983284224683873,1.562021802667,1.0,0.017549498650039297,10.0,0.0,10.0,10.0,1.515708327073999,1.4893215275116827
18.3,9.793412922756646,7.071701722031429,1.608407069686344,0.999935386768564,-0.03312367455388722,9.962493055926076,7.1125439323735185,1.616136406357774,1.0024120637977687,-0.02878006270208757,0.028221737520152102,0.1478894882136481,0.15944473358870986,0.013948213011685945,9.79417367505211,7.002427204472276,0.16030437610549364,0.9983701740522508,1.5605651772181306,1.0,0.020463013156845733,10.0,0.0,10.0,10.0,1.5106069865599425,1.4960585015944925
18.35,9.790824510421233,7.131651060400309,1.6065195383114,1.000126134193614,-0.030905192254042552,9.95977791973669,7.172622963332832,1.6147416580734317,1.0021895992095973,-0.025964339556743335,0.02822211113176231,0.14997608296157025,0.16205314910309088,0.014256095775525158,nan,nan,nan,0.9979468521525867,1.5520450527806253,1.0,0.03750694407392352,10.0,0.0,10.0,10.0,1.5264775451475492,1.4791839513563798
18.400000000000002,9.789180950762802,7.171626153038847,1.6052968114617436,1.0002325491666813,-0.030389336850801106,9.958020389017456,7.212670817924938,1.6143634237000901,1.0020684399382562,-0.01446953393579367,0.028223801364533212,0.15135397113960647,0.1637829549244937,0.01445951379640244,nan,nan,nan,0.9979492655751908,1.5506879973352403,1.0,0.040222080263310644,10.0,0.0,10.0,10.0,1.528104895778354,1.4780312653803978
18.450000000000003,9.786829914770387,7.2316007237117415,1.6034858196638608,1.0003727271493867,-0.030218249929811165,9.949624851418772,7.272276182256759,1.617646139655733,1.0019132754099789,-0.050456051905529695,0.027663045847750804,0.1533529707715063,0.1663607691923288,0.014198684072295664,nan,nan,nan,0.997917125579073,1.5498096029954451,1.0,0.0419796109825441,10.0,0.0,10.0,10.0,1.5337253559976696,1.4723098629965476
18.5,9.785334857280919,7.271589569874986,1.6022790321696898,1.0003894713430475,-0.030075542148309247,9.830103871913563,7.3543167579746616,1.6171046443947024,1.0049811965248974,-0.05188872920032199,0.0275879362407604,0.14790366177692482,0.1594529371336546,0.014397666213534645,8.597100480596705,7.693038253051853,7.246399403075001,0.9974068125154045,1.5456140769267646,1.0,0.050375148581228046,10.0,0.0,10.0,10.0,1.5289894913807602,1.4732081660551666
18.55,9.783198264843483,7.331547031010095,1.6002927932980735,0.9991268865272176,-0.038180999114763026,9.825797354162612,7.414402892283885,1.6172288589076969,1.0027040529617515,-0.03261398559443754,0.02743836945419006,0.14994945504040721,0.16205988143767103,0.014144285270899391,nan,nan,nan,0.9914248486068382,1.4860517159087816,1.0,0.16989612808643706,10.0,0.0,10.0,10.0,1.5888011463361922,1.3557928362907163
18.6,9.781851433300377,7.371459132844355,1.598542593223614,0.99791554060285,-0.04713137711077277,9.823962489728636,7.45445225591278,1.616015233884224,1.001069082279077,-0.01478751268670205,0.02744227207175324,0.15132693874072572,0.16378884224291015,0.014348269054438333,nan,nan,nan,0.9911267644391897,1.4839142754243289,1.0,0.1742026458373882,10.0,0.0,10.0,10.0,1.6025092467410964,1.3459630309837376
18.650000000000002,9.779952957515505,7.431254308492666,1.595283244400118,0.9965254203983817,-0.05928206867198336,9.829804178474161,7.515032190990925,1.6051034770459687,0.9991112530734069,-0.042690066012374184,0.028258424724375335,0.15332574553385353,0.16636598488318033,0.014087454179543086,nan,nan,nan,0.9911670166677722,1.483003823486154,1.0,0.17603751027136383,10.0,0.0,10.0,10.0,1.6122153339115228,1.3409873449798888
18.700000000000003,9.778774661324926,7.471085966994313,1.592778561634019,0.9960909700279185,-0.06388380416576599,9.858419541849738,7.5460903502197025,1.603586976505258,0.9978406560089307,-0.03938306937487477,0.02827858923928909,0.14787910587747746,0.15945744979186158,0.014287110855699848,10.173920002433958,7.450692760833376,0.45965801885642454,0.9929040245983637,1.4859029446432006,1.0,0.170195821525839,10.0,0.0,10.0,10.0,1.590635924341664,1.3819706067324447
18.75,9.7771485603631,7.530828514700715,1.5888465405351433,0.9961408024711339,-0.06589976200154776,9.856473783122173,7.6059189172416435,1.6001141455882653,0.9976769522032883,-0.05610196618446623,0.028270830900119892,0.14992391541173059,0.1620651591347395,0.014020237593718286,nan,nan,nan,0.9946524783047507,1.5001239927734795,1.0,0.141580458150262,10.0,0.0,10.0,10.0,1.5776679640098756,1.4125350652663096
18.8,9.776165808199721,7.5706693645530905,1.586215940494547,0.9963713171598079,-0.06551210273931768,9.85533505774558,7.645810944361525,1.5980901825736877,0.9977824927737114,-0.033552438708128206,0.028273873469021462,0.1513001276795903,0.16379518967437653,0.014224898882252519,nan,nan,nan,0.9949080567493145,1.4991560310817575,1.0,0.1435262168778273,10.0,0.0,10.0,10.0,1.5689238710188222,1.4236711162536757
18.85,9.774855390545586,7.63045186460708,1.5822980048511526,0.9967027876684998,-0.06545617507338261,9.850866409623134,7.705473852006979,1.5966687537208895,0.9979348987914969,-0.07223249797857731,0.027985702470646676,0.15329857608342792,0.1663743834473305,0.013965529676123078,nan,nan,nan,0.9950539005965291,1.498589608641635,1.0,0.14466494225442084,10.0,0.0,10.0,10.0,1.5766102597593707,1.4166954989971974
18.900000000000002,9.774096363563409,7.6703193154689595,1.5796882436326882,0.9968756220879363,-0.06486021077931987,9.87677460303136,7.666855600802549,1.595019259092946,0.9925158156144971,-0.03907336579438898,0.028004298116250183,0.14785466848684073,0.15946609757326224,0.014165972536610505,10.152167844864842,6.949083560011808,2.4992203130573607,0.9949740223740656,1.4963672746405958,1.0,0.14913359037686647,10.0,0.0,10.0,10.0,1.5622197538937732,1.4298433103124342
18.950000000000003,9.773135329223228,7.730148810768694,1.5758640451273032,0.9976831684042848,-0.06274323183273674,9.876428606013581,7.7264827922888735,1.5911117533381374,0.9942720774675372,-0.06089619903069806,0.028108394515916048,0.1498992284878887,0.1620763155777811,0.013913683721526923,nan,nan,nan,0.99632504912055,1.5092614143763603,1.0,0.12322539696864077,10.0,0.0,10.0,10.0,1.5677129518474275,1.451582527162696
19.0,9.772613721148634,7.770072245237139,1.5734075730411086,0.9983535561799263,-0.060380374626745205,9.875648068910866,7.766257780333634,1.5887284142722562,0.9954086135140171,-0.04975521049357003,0.02810911139688304,0.15127453565206483,0.16380822917343857,0.014118939651477444,nan,nan,nan,0.9966380253710407,1.5090890719395325,1.0,0.1235713939864187,10.0,0.0,10.0,10.0,1.552465645512356,1.4641787505566277
19.05,9.772010471059035,7.830002037823576,1.5699105722053783,0.9991282456681176,-0.056985442034899705,9.87464636743217,7.826002109126232,1.583792036089653,0.996777447788709,-0.09853630342180031,0.028100583131129335,0.1533185041388023,0.16639056428905638,0.014502204355709257,nan,nan,nan,0.9967994589190114,1.5087002969202628,1.0,0.12435193108913367,10.0,0.0,10.0,10.0,1.553304977291143,1.461288702472027
19.1,9.771619818798852,7.889972557438415,1.5666733565946924,0.9997053386397745,-0.05131026443622727,9.85774773835312,7.889250420261109,1.5826948566024033,0.9991602832923786,-0.04069558337341547,0.028029484098367863,0.14783185118240905,0.15948174448977473,0.01412832895520439,9.695124566245113,8.076645689623703,0.30772419436240134,0.9971443872696364,1.5082013904567522,1.0,0.12535363256782972,10.0,0.0,10.0,10.0,1.5268478323077164,1.486412940532133
19.150000000000002,9.771474800154419,7.929964825397445,1.56463794786552,0.9997726355029917,-0.05096096130651943,9.857084786894763,7.949206663552293,1.5805069893032586,0.9994981299206294,-0.022453821384059488,0.028031760579934752,0.14991898691998257,0.16209409767940178,0.014432394978233789,nan,nan,nan,0.99656534157544,1.4997897738417283,1.0,0.14225226164687932,10.0,0.0,10.0,10.0,1.5554186342117489,1.4459388041865289
19.200000000000003,9.771421425633903,7.969958237772644,1.5625894324283116,0.9997986018030829,-0.051439967162998944,9.862357166630195,7.989461051429197,1.5713236553439316,0.999595511771487,-0.06546400810933801,0.02857253564338918,0.15125160545800811,0.16382658109495324,0.014071223254319695,nan,nan,nan,0.9967174880697885,1.4994599743315908,1.0,0.14291521310523692,10.0,0.0,10.0,10.0,1.5603647503936646,1.4410552439942645
19.25,9.771507766895686,8.029953452169606,1.5595519032471026,0.9999799389909916,-0.04886282691389863,9.862436957992538,8.04944123030237,1.5674493351387238,0.9998892031569923,-0.0248757281745511,0.028576569278329914,0.15329474491690934,0.16640907796305876,0.014375813109266349,nan,nan,nan,0.9976038411832271,1.5020832573350889,1.0,0.13764283336980476,10.0,0.0,10.0,10.0,1.529141466854624,1.478967556743834
19.3,9.771785874050641,8.089963204449255,1.5567257215158719,1.000231486484634,-0.04629385690825416,9.860011952297567,8.062134877361705,1.572121192358118,0.9982368409164968,-0.041207629021756904,0.0280347663282738,0.14781172246627164,0.15949744555092268,0.014003687428486615,9.891324436480849,7.801049161474193,0.26212076685102975,0.9977522287711532,1.5003879630500407,1.0,0.1375630420074625,10.0,0.0,10.0,10.0,1.5425424466209658,1.4657643766019375
19.35,9.772075411917964,8.12997737524603,1.5548940438529695,1.000403671412951,-0.04553024669275537,9.85998449050771,8.122042504119642,1.5697918247860585,0.9988949321567451,-0.029653197147085777,0.02803585347843533,0.14989790707650202,0.16210916030291445,0.014308939910413486,nan,nan,nan,0.9973046502538976,1.4986833079179949,1.0,0.1399880477024329,10.0,0.0,10.0,10.0,1.5466087811913563,1.4630323159513716
19.400000000000002,9.772661083487034,8.190007587481492,1.5521782552778032,1.0005726328511548,-0.04519639937405201,9.86005455220836,8.162001658852404,1.5678517062730961,0.9992247469460834,-0.025640669293022653,0.028036346376891574,0.15127558388102202,0.16384131169451868,0.014510637976608832,nan,nan,nan,0.9973063185024079,1.4963766807486132,1.0,0.14001550949229014,10.0,0.0,10.0,10.0,1.5505433308594625,1.4570573898873997
19.450000000000003,9.773150122707989,8.230030778095724,1.5503701931533944,1.0006394028887426,-0.045212052085722154,9.858190401898849,8.221886453178062,1.566485004612833,0.9996220187159519,-0.05015585610908377,0.027836621172576414,0.15327326660672005,0.16642314657501767,0.014241544714335563,nan,nan,nan,0.9973331159732157,1.4948028151259463,1.0,0.1399454477916393,10.0,0.0,10.0,10.0,1.551529240396684,1.455201546900786
19.501,9.773716242257386,8.27005452914414,1.5485692003466032,1.0006544984468349,-0.04478580917481112,9.797782228678873,8.347180765166984,1.565620124688479,1.005671555114293,-0.025790523438596846,0.027802472554330535,0.14783488362655334,0.15950932937668366,0.014438896967333798,9.164658126566314,9.083764932696866,4.304558272937665,0.997168320141201,1.4912119381061635,1.0,0.14180959810115112,10.0,0.0,10.0,10.0,1.544120266735253,1.4599794659485776
19.551000000000002,9.77470786180076,8.330062445273656,1.5457548724144772,0.9995587323574622,-0.05081321337129328,9.80122685388563,8.407587295750783,1.5603930989501238,1.0035187273422725,-0.045786695822736916,0.028100837517179983,0.14987973839981444,0.1621197917719461,0.014178599751417081,nan,nan,nan,0.9932138802943622,1.4490541874500449,1.0,0.20221777132112706,10.0,0.0,10.0,10.0,1.5912230627417576,1.3625457242510153
19.6,9.775467824187652,8.370013203998269,1.5435762103905206,0.9985816946729267,-0.05627727625455218,9.801660267877395,8.447711544949792,1.5597553534791908,1.0021281798140687,-0.012457793406487075,0.028106316462021025,0.1512570706676711,0.1638506843380016,0.014381105212350505,nan,nan,nan,0.9935340816289684,1.446613501241599,1.0,0.19877314611436958,10.0,0.0,10.0,10.0,1.5838701700151243,1.378410992044337
19.650000000000002,9.77675901191655,8.429876606482074,1.5399504825455266,0.9974836520219472,-0.06376200040659971,9.805189218072579,8.507874739571411,1.5537537065325928,1.0004047032204322,-0.05148900890440701,0.02836539564251865,0.15325529682721006,0.16643025435679648,0.014114510321014875,nan,nan,nan,0.993274574645907,1.443712452265108,1.0,0.19833973212260503,10.0,0.0,10.0,10.0,1.6020067772227014,1.361934137790098
19.700000000000003,9.777725942466438,8.469752684315283,1.5373012978593201,0.996996512560553,-0.06721550430402723,9.774387635283826,8.573749737358247,1.5512610265014706,1.0014050911106422,-0.07863101422440147,0.028342317664163508,0.14781877542087132,0.1595140490926473,0.01431275452999356,9.443176877009416,8.782708043543874,0.7129595720178894,0.9936468129616074,1.4409713885654103,1.0,0.19481078192742096,10.0,0.0,10.0,10.0,1.5859676802791554,1.385773939805918
19.75,9.779343834714654,8.529520055798416,1.5330930294044538,0.9958518282881696,-0.0729955067037095,9.777363419440155,8.633825753345759,1.5454926892053367,0.9994144052576371,-0.0593935766058792,0.028518102547881917,0.14986361544010599,0.16212265859256256,0.014041096076187145,nan,nan,nan,0.9905822495225909,1.4139105983851115,1.0,0.22561236471617363,10.0,0.0,10.0,10.0,1.5986687199229315,1.345110748976997
19.8,9.780542728717137,8.56931684976564,1.5300559728745222,0.9950423661003139,-0.0777256382394214,9.778397694615597,8.673776881315037,1.5432432168731882,0.9982445604996747,-0.05963071629820064,0.028518883007229028,0.15124025063700336,0.16385268526627683,0.014244473073758463,nan,nan,nan,0.9907336991151157,1.4092528486699065,1.0,0.22263658055984514,10.0,0.0,10.0,10.0,1.608750992605703,1.341772435902382
19.851000000000003,9.782534827440553,8.628956210786768,1.5251607346660008,0.9941190777147757,-0.08424420911762959,9.787949110126673,8.733747135124645,1.529373476858038,0.9967876689011315,-0.10664268783114156,0.0292481701625303,0.15323888397569646,0.1664314918909961,0.013981152723896682,nan,nan,nan,0.9904917077428744,1.4052330830666169,1.0,0.22160230538440295,10.0,0.0,10.0,10.0,1.6125991509231354,1.339119324822182
19.900000000000002,9.784000062571346,8.668687923235767,1.5217383148679033,0.9938627264283466,-0.08548833946368496,9.765850073677258,8.749109933201192,1.5265924346499835,0.9947032296006826,-0.0857589357603772,0.029236383337215146,0.14780401072242727,0.15951492956272523,0.014180362871775114,9.51311590480902,8.50996352171276,0.49149137800508924,0.9922597768928031,1.4048726419673754,1.0,0.21205088987332665,10.0,0.0,10.0,10.0,1.5832668382399728,1.386679477764192
19.950000000000003,9.786414348365252,8.728267734484167,1.5165678911328668,0.9935659210501839,-0.087851972631502,9.764963203842122,8.808684474294905,1.525621677037436,0.9942907875291097,-0.06218176531933149,0.028880920675423746,0.14984946305541452,0.16212381353164915,0.013924823286334926,nan,nan,nan,0.9900982430121512,1.385751097879855,1.0,0.23414992632274156,10.0,0.0,10.0,10.0,1.611238831072377,1.347514549933887
20.0,9.78817689574952,8.767964584662115,1.5129517743401668,0.9931360572110499,-0.09233317906774072,9.766806050553836,8.84840767449492,1.522035103371805,0.9937401803343371,-0.06699715283802408,0.028881172430383004,0.15122572496749354,0.1638544965662447,0.014128950732573031,nan,nan,nan,0.9888284593215828,1.3760061469491456,1.0,0.2350367961578783,10.0,0.0,10.0,10.0,1.6300087955460607,1.3196040427993645
20.05,9.791063576349059,8.827463527394125,1.5071636216338018,0.9924551418826368,-0.0992121066050527,9.769839806369843,8.907939594264933,1.5148715540211946,0.9930332390912368,-0.11843324344583832,0.028873327507779222,0.153271292065283,0.1664347711701531,0.014432358604987492,nan,nan,nan,0.9886160143788146,1.3710009971607626,1.0,0.23319394944616434,10.0,0.0,10.0,10.0,1.6308184939334587,1.3184999817713505
20.1,9.793156841191667,8.86710058426355,1.5031223882047346,0.9920782384576722,-0.10168032831155527,9.709171260305746,8.926291087955892,1.5099905708949333,0.9909879549474487,-0.11672541190011834,0.02888991079405051,0.1477920597419046,0.15951890592931522,0.014066327018404977,9.036970265598274,8.715037737729109,2.1346517460405408,0.9885015378043519,1.3630784989371527,1.0,0.23016019363015694,10.0,0.0,10.0,10.0,1.6126332788141216,1.3376688619684256
20.150000000000002,9.796560055784198,8.926482092750405,1.4967635037259897,0.9901178283443576,-0.11154019565958935,9.712882313928134,8.985613438812742,1.5045079641467138,0.9891212971750339,-0.10114362791208337,0.028894033607885835,0.1498809862438068,0.16212965253107664,0.014370328462415325,nan,nan,nan,0.9793225908409954,1.3062796781099026,1.0,0.2908287396942537,10.0,0.0,10.0,10.0,1.658567567324077,1.2244462632109878
20.200000000000003,9.799015278644838,8.965969375165182,1.4920637589509596,0.9883009498592376,-0.12115113690626318,9.70658794014645,9.025115298329816,1.5088668971240589,0.9874335739574913,-0.1497790514430329,0.02803462916417757,0.15121461549276197,0.1638619214977184,0.014016094174414578,nan,nan,nan,0.9781262211010012,1.2949656484145815,1.0,0.2871176860718663,10.0,0.0,10.0,10.0,1.672385664669192,1.2062092413670489
20.25,9.802994644866263,9.025039948203402,1.4843188348824234,0.9852381909387766,-0.13468399045907564,9.710389738865187,9.084185999944724,1.5011270964267194,0.9844882337949842,-0.14153500763497748,0.02803730756724432,0.15325970823320298,0.16644487963453297,0.01432055337991435,nan,nan,nan,0.9735710184476001,1.2784489107227504,1.0,0.2934120598535497,10.0,0.0,10.0,10.0,1.6695813303801195,1.1773820540311954
20.301000000000002,9.806755635621165,9.080748821886113,1.483221090721654,0.868856249807631,0.11437978371470506,9.64306280474711,9.181784661352713,1.49395019949852,0.8818396354771733,0.08446383317831166,0.028362752267973614,0.1477819249753764,0.15952938446484552,0.013954573412555939,8.859887826558285,9.693246360814731,3.9010459351417346,0.3064743693932389,2.753259578063349,2.0,0.8182153386472866,10.0,10.0,0.0,10.0,-2.543576317252144,1.2707158439490027
20.35,9.808993831690142,9.113147850570387,1.4924893553328846,0.778949836748192,0.2963867060305428,9.646816592736531,9.231717908669914,1.5020319566593645,0.7453428191337883,0.3109019316791347,0.0283496845084514,0.14985977359746688,0.16215096967475742,0.014340621132995945,nan,nan,nan,0.3064743693932389,2.753259578063349,2.0,0.8182153386472866,10.0,10.0,0.0,10.0,-2.543576317252144,1.2707158439490027
20.401,9.811902423073484,9.155855868007611,1.5174499086530515,0.6709982992008057,0.4879294675640759,9.648726478783656,9.26074756229332,1.5154258927315567,0.6750742762067068,0.44117524892629223,0.02834565369953137,0.1512258337403582,0.16390476901758985,0.014541057356059615,nan,nan,nan,0.3,2.7748320982265136,2.0,0.7682820913300858,10.0,10.0,0.0,10.0,-2.302864846907859,1.3834771259152607
20.450000000000003,9.813496299243042,9.18117897205126,1.5391077578843337,0.6131601097404744,0.5695749901098819,9.649659626445011,9.299352385557059,1.5458285655269013,0.5868037358749798,0.5678305169407188,0.02825939716151426,0.15320155630533652,0.166556343438325,0.014266546790829417,nan,nan,nan,0.3,2.7875415466816755,2.0,0.7392524377066803,10.0,10.0,0.0,10.0,-2.160063409367746,1.4327276033460565
20.5,9.81478647760977,9.204445368868143,1.5633212833033336,0.5652984920959779,0.6232484316057733,9.689933074355533,9.308175726625045,1.56826302032378,0.5422248291908807,0.6074878825514529,0.028278655359860808,0.14775279258876428,0.15969429023467058,0.014463096631916902,10.110534642230071,9.169887263693132,0.8469205088731047,0.30695840818388764,2.804629393648239,2.0,0.700647614442941,10.0,10.0,0.0,10.0,-1.952173109531536,1.511937219565596
20.55,9.816112560544381,9.23630577510063,1.6025073283720088,0.5084849213836129,0.6700320392722062,9.6881925646919,9.339577992076375,1.609509685207953,0.4889509484152308,0.6718034680766723,0.0281384046960773,0.14976687870586547,0.16247426385340732,0.014198128302657341,nan,nan,nan,0.32451140475900875,2.808564214837309,2.0,0.6918242733749551,10.0,10.0,0.0,10.0,-1.8071465138186245,1.582142033911631
20.6,9.816573930613668,9.255954741222293,1.6297152597028477,0.48070925959165434,0.6849026960550635,9.68731027673802,9.358881256881036,1.636398018824619,0.4659562728031224,0.6629552032104029,0.028134905185648464,0.15111654203814975,0.16436126641765963,0.014399348536646756,nan,nan,nan,0.3500750189132785,2.822654822891849,2.0,0.6604220079236249,10.0,10.0,0.0,10.0,-1.6019409017695738,1.6665584584284454
20.650000000000002,9.816592665300798,9.283742386488724,1.6712090875537249,0.4496508192807999,0.6956594553804838,9.689475364840426,9.386096781558672,1.6723362941873559,0.43856377364054194,0.7003359636824107,0.028604741889145552,0.15308156353968685,0.1672443014012278,0.014128876984074246,nan,nan,nan,0.3670279494384271,2.8313823789494035,2.0,0.6411187431189642,10.0,10.0,0.0,10.0,-1.5061322999918518,1.7269131830230968
20.700000000000003,9.816142032082727,9.301414590651163,1.6990685987713101,0.43551687173512743,0.6968221054987351,9.59243123503468,9.336642999311294,1.7003959489716696,0.4210837290781282,0.6909474044703691,0.02855621737384224,0.147640259665817,0.16043293695676117,0.014327154242305806,8.587367530486542,8.74025255057081,5.970813883396807,0.38883073684292757,2.843770500866466,2.0,0.6139032184413278,10.0,10.0,0.0,10.0,-1.3617811127901644,1.782423643576947
20.75,9.814722807046934,9.327179168978702,1.7406882295075332,0.42553591806185825,0.6904615958377909,9.58860080972242,9.361458104309666,1.741606802776773,0.4157126102366523,0.6563090432858967,0.02852339268077176,0.1496582850349548,0.16346775495784902,0.014052168290160092,nan,nan,nan,0.43483954670775504,2.8213321875351376,2.0,0.6633570006887055,10.0,10.0,0.0,10.0,-1.1382264591824554,1.8718243329316537
20.8,9.813231128772223,9.344190903651768,1.7681227152548835,0.4253914379696959,0.6836346210740574,9.585665089411622,9.377860803864516,1.769837928463663,0.4194381640931476,0.6867656597805061,0.02854003694592858,0.15101238378146947,0.1655282260091498,0.014254374126469106,nan,nan,nan,0.46164784986763313,2.8325511807161075,2.0,0.6385418956903344,10.0,10.0,0.0,10.0,-1.0202390412408966,1.9275468579483896
20.85,9.810104570894538,9.369773178678093,1.8087270854544988,0.429849960320004,0.6720147208495293,9.578618370678038,9.402575633917076,1.8120910297119364,0.42709829503864044,0.6469131578757832,0.028332225933414112,0.15300437955872745,0.1686647528569676,0.013988335116945185,nan,nan,nan,0.4799720021762721,2.840011457347274,2.0,0.6221391961354836,10.0,10.0,0.0,10.0,-0.927072415689164,1.934035643137265
20.902,9.80584741748083,9.39564336455665,1.8486074967708264,0.4394072053324762,0.6601871271875167,9.52113426347222,9.426515744481597,1.8396339132006643,0.43796217636982837,0.6495733015929784,0.028317006194702028,0.14759338024217702,0.16178209263523222,0.014188304192856598,8.959908076131482,9.47834954228845,1.4060642670586463,0.5210556128271401,2.862342983743284,2.0,0.5734842555184034,10.0,10.0,0.0,10.0,-0.7711735868427516,1.9772949835107247
20.950000000000003,9.802339934506302,9.413142881205664,1.8748161042358524,0.44725878327772284,0.6526269387078123,9.5083735463874,9.451912454349037,1.8865885006161722,0.45240679343144075,0.6474274842841216,0.02762046816331472,0.14966657494710325,0.1650139792703548,0.013930346895447265,nan,nan,nan,0.5210556128271401,2.862342983743284,2.0,0.5734842555184034,10.0,10.0,0.0,10.0,-0.7711735868427516,1.9772949835107247
21.0,9.798274367411974,9.430884525133798,1.9007045833305347,0.45720670252657436,0.6435765655573736,9.502603519664335,9.469195575611183,1.913241764296653,0.46486052536228295,0.6459342382494274,0.027629034673343645,0.15106514715689043,0.16718187092428852,0.014133405775722132,nan,nan,nan,0.5507555426801405,2.8741156566314863,2.0,0.5480875456509633,10.0,10.0,0.0,10.0,-0.6472346729963073,1.9974048076223392
21.05,9.791052030590114,9.458070424980248,1.9388550921632026,0.4741670804451263,0.6305062453577852,9.492764768084433,9.495682218386909,1.9519417044035967,0.48349044205683317,0.6104517816538677,0.02763032374439311,0.15316955725973977,0.1704394527084355,0.014435218489459195,nan,nan,nan,0.5661823494278684,2.882171140323942,2.0,0.5308044243888173,10.0,10.0,0.0,10.0,-0.5879984552165491,2.0020422822657746
21.1,9.785460719959831,9.476586469053329,1.9638808129057115,0.4864907024218189,0.622576096238092,9.52387754525952,9.408058244218779,1.9769433927129363,0.48051313170304233,0.6055237012278895,0.02759736185364657,0.147775859523182,0.1633300216247189,0.014070098602560628,9.917687907983074,8.511004892615881,4.200041846284592,0.5876528672613024,2.894583127652824,2.0,0.504317781613091,10.0,10.0,0.0,10.0,-0.5203858478357584,2.019176996588831
21.150000000000002,9.775807461805805,9.505108885160228,2.0007175035066083,0.5121383602530185,0.6056838704849483,9.511942591016025,9.43486754933515,2.0148078689246685,0.5103361688490392,0.599999068424503,0.027608993209940622,0.14998253454544372,0.16659402433887133,0.014372562490247811,nan,nan,nan,0.6395427541775432,2.853836388178835,2.0,0.591941755781221,10.0,10.0,0.0,10.0,-0.24783391638555807,2.098426109029827
21.200000000000003,9.768397960707583,9.524813482804658,2.0246330432632447,0.5319430467216595,0.5930625455989739,9.49974790877486,9.4531765582643,2.043768801691801,0.5323545223047496,0.5700606683736782,0.027159985888997616,0.1514452200794778,0.16875505449308031,0.014017095207330377,nan,nan,nan,0.6589322033143162,2.8662058795197565,2.0,0.5651324506648496,10.0,10.0,0.0,10.0,-0.1888653346408521,2.0853294424048094
21.25,9.755785196427528,9.55532790102362,2.0596716736856315,0.5603149092413651,0.5779203404842306,9.484582132569345,9.481991269514698,2.0782171801146223,0.5632461400428865,0.5647415023649578,0.027166516515202355,0.15368650388814395,0.17196247721467325,0.01432011911863198,nan,nan,nan,0.6741856099569471,2.8747036519227294,2.0,0.5468234417357003,10.0,10.0,0.0,10.0,-0.1487863057135801,2.087969710280263
21.3,9.74637728142381,9.576236763796691,2.082577606461878,0.5780553210662084,0.5690879249012756,9.438679890587368,9.428421016073965,2.0972862788355666,0.5738232064670853,0.562708061792319,0.027497460882777842,0.14830989735081018,0.16455678860553177,0.013955737388745783,9.026606326122486,8.79064149299223,2.512476001410717,0.6895417206244548,2.888157412517229,2.0,0.5180087304853025,10.0,10.0,0.0,10.0,-0.1109483133235234,2.06707918199233
21.35,9.730763392758307,9.608393587496797,2.116232667096142,0.606441879871015,0.5538471071498168,9.420722278272702,9.458499190872379,2.13166256057492,0.6056063569455512,0.5433193562331236,0.027504020803013705,0.15065791718531402,0.167698335422765,0.014259388979781398,nan,nan,nan,0.7207330041787628,2.8632234656606106,2.0,0.5715789839260346,10.0,10.0,0.0,10.0,0.04842087005968576,2.0960659811009625
21.400000000000002,9.719264560316002,9.630370059799365,2.1381491349060306,0.6253299773504453,0.544003207113012,9.40761217924873,9.4791179786462,2.153786600813115,0.6262572341009602,0.5358272408699629,0.027509203341229437,0.1522353215140738,0.1697568898655307,0.014460001675115042,nan,nan,nan,0.7347359538924724,2.877181534236186,2.0,0.541500809127621,10.0,10.0,0.0,10.0,0.07523297984480437,2.077134415842104
21.450000000000003,9.700418101495924,9.663973032078557,2.170371058366326,0.650781094022497,0.5320060198753968,9.38567215637447,9.510613756270416,2.187022875132124,0.6539081671094694,0.5122025381647647,0.02742793774703114,0.15459879284781936,0.17277909670994704,0.014195094585701071,nan,nan,nan,0.7431537471226556,2.8868115533623833,2.0,0.5208820213538008,10.0,10.0,0.0,10.0,0.09219941884049454,2.062612483792329
21.5,9.686826592371691,9.686702824259775,2.1914958640301347,0.6660304168302806,0.5252678651355809,9.461560670143275,9.493877055552332,2.206979477191469,0.6594247387348052,0.4983588126809992,0.027458185856677773,0.14919122603411722,0.16510692414292166,0.014394194533527206,10.394796128758697,9.217040584352963,4.088271476902514,0.7553606525357122,2.9016149021827276,2.0,0.4893862437295837,10.0,10.0,0.0,10.0,0.11416487299215061,2.04817892361215
21.55,9.664921932493504,9.721186206954355,2.2226836972260116,0.6890524397586398,0.5149129685813495,9.439980434897894,9.52649300486567,2.233009932292184,0.6858913737554014,0.5123758941897809,0.027854612768626948,0.1516444339372478,0.16803177555860435,0.014137362683274639,nan,nan,nan,0.7733073809508294,2.893734686899077,2.0,0.506122944447668,10.0,10.0,0.0,10.0,0.20828286429462384,2.0698614432726483
21.6,9.641168773574925,9.756056267633133,2.2532442827961527,0.7098303007232348,0.5049809333620479,9.42290557427027,9.548172605833889,2.2534762928524135,0.7017115839266298,0.5085754447747073,0.027859397921053214,0.15329769563174325,0.16993756454458825,0.014338792866634477,nan,nan,nan,0.7800130329913797,2.9091196147719636,2.0,0.47350699513432915,10.0,10.0,0.0,10.0,0.21633840697436457,2.0347667390618787
21.650000000000002,9.624361083472998,9.779402803969813,2.2733081333627854,0.7219409320730712,0.49915432021896444,9.391313338837714,9.579590182869014,2.2932150132937803,0.7226623415010033,0.5374726384120185,0.027219729621128383,0.1557713019338358,0.1727185015772884,0.014075463022467082,nan,nan,nan,0.7863410856558998,2.919408711563765,2.0,0.45182739416611106,10.0,10.0,0.0,10.0,0.23103762183049448,2.0219745221447836
21.700000000000003,9.597732984433991,9.81446840720178,2.3029034119611125,0.7393735334891227,0.48798777863224796,9.372609844718472,9.636023051276217,2.313271837991431,0.7399798304195169,0.4667968102303082,0.027214459160520222,0.15025648582619164,0.16489178580479358,0.014275415649903065,9.413575249747703,9.914910293529678,0.38008526473861975,0.8013850058374943,2.9344042136863653,2.0,0.42040981713098624,10.0,10.0,0.0,10.0,0.3042267219642715,1.997816212412412
21.75,9.57907323454076,9.837788028232954,2.322377653158732,0.7480893137152963,0.4858933680872717,9.343307715452399,9.669121098741075,2.3419739751879582,0.7552351437600838,0.49834429455954143,0.027435947741478877,0.1528047241023307,0.16757234760152273,0.014006518672688699,nan,nan,nan,0.7971099685661938,2.9615743155569443,2.0,0.36397694872378317,10.0,10.0,0.0,10.0,0.22535479487192855,1.9968247793842213
21.8,9.559752027130058,9.86098343067852,2.341769195122259,0.7559373068033349,0.4828821315653203,9.32208510233651,9.690741300038521,2.362009987688948,0.7637695609947542,0.48727369475462623,0.02743981817316241,0.15451516836117524,0.1693157410114695,0.014208833422487226,nan,nan,nan,0.8046774792787799,2.977638261315972,2.0,0.3308789012589255,10.0,10.0,0.0,10.0,0.2625407292330125,1.9708581519694213
21.85,9.529558330584925,9.895475714255674,2.3705785178981262,0.7668198314885629,0.4775176437758451,9.290254455064318,9.72331995056674,2.389362221328554,0.7754006436409961,0.4865875924104653,0.027638941535044342,0.15706485369387613,0.1718611296646418,0.013945292069223708,nan,nan,nan,0.8102789735375996,2.9881783278349463,2.0,0.3092586999614788,10.0,10.0,0.0,10.0,0.28096667556196975,1.9696527401962638
21.900000000000002,9.497947474789637,9.929527608376178,2.399064782497133,0.7767938414078872,0.4720617076056287,9.290877421198308,9.760739571346793,2.4095152367916253,0.7823644896388605,0.49286146516417445,0.02765823651359439,0.15140232353430869,0.16402098814840715,0.014234285251972198,9.552326879018958,9.907040341905969,0.3819756069996568,0.8169102059766883,3.004125147041721,2.0,0.27668004943325997,10.0,10.0,0.0,10.0,0.3054442059124879,1.9604629091236174
21.950000000000003,9.476117970457937,9.951933764690484,2.4178832191035062,0.7824372970111786,0.4689391551113527,9.25716442017475,9.79270933088529,2.4345615455546694,0.7916475470974706,0.46341830639236414,0.02792578388176704,0.1540066367116423,0.16649826067566234,0.013969616827537909,nan,nan,nan,0.8179182255766277,3.02252827985237,2.0,0.23926042865320696,10.0,10.0,0.0,10.0,0.30468563169567586,1.9494355887465709
22.0,9.45371255534954,9.974068844657939,2.4365957414505335,0.7876811680401123,0.4665530743109045,9.232949976467042,9.813203489531245,2.452942459491002,0.7972405184970422,0.4464471711520979,0.02792591358346793,0.1557498561391006,0.16811424754439236,0.01417159215859694,nan,nan,nan,0.8232098349086592,3.038316076810529,2.0,0.20729066911471072,10.0,10.0,0.0,10.0,0.3129280341256293,1.9534569827793171
22.051000000000002,9.419050963751904,10.006722762626497,2.4645106146640097,0.7951245737498546,0.46366263223273585,9.19563355237979,9.84337448368678,2.4801271570682664,0.8050123072417478,0.46070800628077047,0.027934106237542146,0.158360449696793,0.1704825151493734,0.014471832799948868,nan,nan,nan,0.8278557418260037,3.048464564008979,2.0,0.18679651046875456,10.0,10.0,0.0,10.0,0.36578672122785993,1.9471570550704702
22.1,9.395253727252141,10.028106357907188,2.4830054758108213,0.8000790537102128,0.460634606188858,9.246129250519187,9.838160715850856,2.49491140123234,0.8027604895460543,0.47785959846419057,0.028281391345589525,0.1525246428443001,0.16274190959413926,0.014101817956291882,9.970479282107627,9.670745474144166,2.351990287404795,0.8346428745818737,3.063439403357342,2.0,0.15662551631321975,10.0,10.0,0.0,10.0,0.36578672122785993,1.9471570550704702
22.150000000000002,9.358514753489159,10.059595302331463,2.510438311715814,0.8086459839405482,0.45350839704769896,9.207272421034945,9.866937261634563,2.523149746858751,0.8128977621655455,0.4706541894630708,0.02828884499476625,0.1551792589201011,0.1650752553325658,0.014402807566667342,nan,nan,nan,0.844086255616625,3.0608489411342013,2.0,0.16183928414914384,10.0,10.0,0.0,10.0,0.43785992927745765,1.9533848702116892
22.200000000000003,9.333301997353875,10.08020429725736,2.5284554551783662,0.8148123619977431,0.4479427106388713,9.180984505376973,9.885939880825878,2.5409563678981266,0.8200430635455296,0.4612498208446209,0.028349721472061915,0.15693311210083824,0.16659382821420432,0.014043006940924177,nan,nan,nan,0.8514724913927949,3.075159189845265,2.0,0.13306273836543703,10.0,10.0,0.0,10.0,0.4689246385815735,1.9484296159706591
22.251,9.294427341660914,10.110509892473992,2.5550870528308818,0.8235080012159818,0.4405993728773902,9.139983426632684,9.913490986428297,2.567647258279483,0.8296551731895837,0.4199311016634976,0.028347972267138324,0.15957842581630458,0.16883187981680273,0.01434465020600996,nan,nan,nan,0.8558170987904182,3.084624302341385,2.0,0.11406011917412151,10.0,10.0,0.0,10.0,0.4839582705388651,1.9459622171929438
22.3,9.267833828015249,10.130284962700545,2.572626498193224,0.8290091698266895,0.43680917651968654,9.13313370939063,9.946337313211771,2.5836520115737542,0.8351234593427252,0.41731919111272464,0.02847522508959088,0.1535947283402337,0.16126054802659118,0.013973774979319648,9.361242746875003,10.083268826484671,0.29605336624523293,0.8624439592345683,3.0983650922693386,2.0,0.08650901357170326,10.0,10.0,0.0,10.0,0.4978978858580131,1.9541065064967813
22.35,9.226973633415367,10.159263905579646,2.5987087329440337,0.8361518608018063,0.4329483607695118,9.09025742835202,9.972578423878495,2.6104796321621144,0.8428764070135227,0.4367472099626039,0.028487153648968498,0.15628060368748903,0.16348490984939443,0.014362725024867214,nan,nan,nan,0.8622424925237095,3.1147677462315966,2.0,0.05366268678822905,10.0,10.0,0.0,10.0,0.48798141690712016,1.9474732679904674
22.400000000000002,9.199128681200873,10.178099544855726,2.615959564654791,0.8406109319590097,0.4292993871733943,9.061068393565298,9.989551082235577,2.628882630372072,0.8479481799023705,0.4436719595201006,0.02849580734084068,0.15806788755084827,0.1649403873567014,0.014561344176632409,nan,nan,nan,0.8691066037727296,3.1278827245762226,2.0,0.027421576121504643,10.0,10.0,0.0,10.0,0.5309603165313661,1.9337718258036076
22.450000000000003,9.156470007182339,10.205610137708279,2.641512257321679,0.8472941286707899,0.4226697649142733,9.014349939428865,10.012449498196247,2.6584140355967554,0.8550819411087901,0.40674348982552827,0.02815139621640788,0.16072939923777146,0.16707146086354932,0.014282045764234762,nan,nan,nan,0.8739692146196105,3.1363682422406205,2.0,0.010448917764422916,10.0,10.0,0.0,10.0,0.5598504247825759,1.9273696927721415
22.5,9.112752599355767,10.232215638586757,2.6666588062282126,0.8545336476395272,0.4161407800187618,8.976473231507262,9.979287427730593,2.676534979697019,0.8587024697545115,0.4340935091594611,0.02814770096747505,0.15461563839556736,0.1597116376782566,0.014478956558609682,8.872599305593761,9.525199076998424,0.9442914654516376,0.8826135302378082,-3.1353679848876252,2.0,-0.012449498196247077,10.0,10.0,0.0,10.0,0.5946632594757801,1.9374783277009744
22.55,9.082983582041038,10.24946942045751,2.683096836909112,0.8613612162108971,0.40718228502156384,8.925606490369834,9.997874027171115,2.7104840308355023,0.8687675743685507,0.38009971315668684,0.02734081527034087,0.1573194806376265,0.1618386676628978,0.014209957888758257,nan,nan,nan,0.8983920543551117,3.1312367376776864,2.0,0.020712572269406593,10.0,10.0,0.0,10.0,0.7128756947317522,1.929706161346186
22.6,9.052676417021997,10.266349822793108,2.6991812389192806,0.8686430287942282,0.39870196474610686,8.893904184028129,10.012303574838398,2.7262859668001447,0.8767486335697499,0.37500391837652924,0.02734478205352295,0.15912454790548727,0.16323841164257744,0.014409740650865413,nan,nan,nan,0.9089467241038196,3.140529667575721,2.0,0.0021259728288853807,10.0,10.0,0.0,10.0,0.7543543834417218,1.940411523137028
22.650000000000002,9.006224975084013,10.29095801636268,2.722736196168886,0.878866551863776,0.38806066135455153,8.851134435550593,10.039208068012673,2.7380584352471953,0.8871992326827375,0.38579778709180224,0.02838589900081085,0.16180710615736724,0.16529543317639597,0.014136096561853887,nan,nan,nan,0.9124932930282642,-3.1354409437725814,2.0,-0.01230357483839839,10.0,10.0,0.0,10.0,0.7676719538257495,1.9320440089451076
22.700000000000003,8.958710119607677,10.31465496807137,2.7457515675732513,0.8865724180678635,0.38031359164775475,8.807875562857856,10.132673146261249,2.753789786863268,0.8962429328521746,0.3721660122054168,0.02841140029121044,0.1555556917176767,0.1581603040135956,0.01433403582930911,8.799147052719524,10.845757752682978,2.3062924076599907,0.9118058218787547,-3.121991130399867,2.0,-0.03920806801267318,10.0,10.0,0.0,10.0,0.7517836546751883,1.91255264959932
22.75,8.926576896792874,10.329886186546178,2.7609939791664706,0.8880739966582208,0.38136209199432697,8.758631638746992,10.153560170199729,2.7734298008127176,0.8989738234455041,0.35072653935802145,0.028560850379543687,0.15826642324685322,0.160235496894134,0.014056471878529226,nan,nan,nan,0.8986814495985318,-3.0753531299474446,2.0,-0.13267314626124893,10.0,10.0,0.0,10.0,0.6364561306106955,1.9008504919529825
22.8,8.894169189399406,10.344635500604765,2.776292466491326,0.8894012679132258,0.3823586084979208,8.725025046094261,10.166379600218507,2.7888601067111978,0.9000969406178684,0.3735323171018131,0.02856864410892592,0.1600714856125223,0.1616057726992922,0.014257429304280873,nan,nan,nan,0.9026999264759055,-3.0649629145682864,2.0,-0.15356017019972867,10.0,10.0,0.0,10.0,0.6530276191747739,1.9068241630841034
22.85,8.84502924008244,10.365859571413663,2.799233676061057,0.8920144129456056,0.38101798812966975,8.675978916543043,10.18692602810207,2.808476297931403,0.9022134820986165,0.3814308649154337,0.028931296950560022,0.16275512782424875,0.1636165423571011,0.01398935674992974,nan,nan,nan,0.90656165037209,-3.0585939667333997,2.0,-0.16637960021850695,10.0,10.0,0.0,10.0,0.718281542976791,1.8920627819935902
22.900000000000002,8.811910434909548,10.379410317547164,2.814426490446544,0.8941606212907611,0.37835977752964706,8.607105017506557,10.206769229400063,2.824207202698225,0.9072136723847392,0.39022407763983963,0.02893201887972072,0.15637588752397666,0.15670405212953206,0.014188330118624254,8.305163184937353,10.245982741241411,0.46113629645928844,0.9104983720366084,-3.048400365598468,2.0,-0.1869260281020697,10.0,10.0,0.0,10.0,0.718281542976791,1.8920627819935902
22.950000000000003,8.76169880441275,10.398834308707706,2.8369823358150765,0.8973229581160398,0.37357759962002357,8.557595543109228,10.226638171888144,2.8403149186577537,0.9094151799197132,0.34751258477105057,0.02943400381766267,0.1590864033797671,0.15874200075530215,0.013928776149854263,nan,nan,nan,0.91292410123338,-3.0385740325801054,2.0,-0.20676922940006293,10.0,10.0,0.0,10.0,0.7325727485062777,1.8816057020981742
23.0,8.710882764812123,10.41716465233325,2.8592967029079412,0.9003878614832914,0.37066367777700526,8.522801219636573,10.237297610732742,2.856630409943591,0.9110250083958085,0.3796081750422149,0.029445875666247817,0.16088996401689024,0.16009142196531256,0.014130731167939295,nan,nan,nan,0.9154725950262635,-3.028754915985519,2.0,-0.22663817188814406,10.0,10.0,0.0,10.0,0.7315268696984931,1.8958632194905916
23.05,8.676674100118799,10.42877830456765,2.8740379617724914,0.902861736814652,0.3667502931285553,8.470188030913288,10.252300304756085,2.878834798038903,0.9138319343061123,0.3691527031629734,0.029449766361829516,0.16358096652894705,0.1620884626321462,0.014430913686139862,nan,nan,nan,0.9198654777655962,-3.0234959533658277,2.0,-0.23729761073274247,10.0,10.0,0.0,10.0,0.7756043582457517,1.881094649822482
23.1,8.624849233376718,10.4452945648016,2.895820933950112,0.9072132775213679,0.35997142983655467,8.435721304528707,10.27322401835053,2.8950460995241745,0.9167449050126244,0.34359023979124137,0.029282138398790035,0.15708522003027894,0.1553679497994122,0.01406483786024696,8.48020479430884,10.392019322819024,0.07027054521198567,0.9255748101423826,-3.016105362085737,2.0,-0.2523003047560852,10.0,10.0,0.0,10.0,0.8116809444860895,1.8810942231205499
23.150000000000002,8.589959158243952,10.455702708021741,2.9101380825651866,0.910106691355893,0.35651012238472546,8.382219584571494,10.286306202724777,2.91552869261481,0.9204592855339999,0.347401386743952,0.029286855957173823,0.15980287114679648,0.15739777378211434,0.014365775003592065,nan,nan,nan,0.9278023110139615,-3.005821109094295,2.0,-0.2732240183505308,10.0,10.0,0.0,10.0,0.8148369118643048,1.8869190157146607
23.200000000000003,8.554807460509455,10.46562862883301,2.9243085440503314,0.9131809689536444,0.35227809908694907,8.34576057550545,10.293551929635019,2.9308974241748764,0.9233805941878909,0.3280434734888134,0.029166556663350027,0.16159999066386074,0.15871442498043756,0.014010095880482458,nan,nan,nan,0.9329583692399076,-2.9994055716756676,2.0,-0.28630620272477714,10.0,10.0,0.0,10.0,0.8521091673278183,1.878941186599981
23.25,8.501586715448918,10.479617004499582,2.945225364658131,0.9180693286933981,0.3456778071283535,8.291420037369452,10.304768208032096,2.9514649661193824,0.927745252837672,0.3088683240852772,0.029168298370109678,0.164290005676802,0.16069152893518435,0.014311655340239416,nan,nan,nan,0.9371482650215192,-2.995857278161972,2.0,-0.29355192963501864,10.0,10.0,0.0,10.0,0.8742742313466021,1.881131267083763
23.3,8.465781426220543,10.48834401766875,2.9589492415031047,0.9215562639627987,0.3410963013145732,8.317366331853027,10.426482332114746,2.959746058375714,0.9283827230492103,0.3393111658460624,0.029583136316191642,0.15770138783666024,0.15416213299789921,0.013946559323651611,8.984820269818712,11.554225729433854,7.501546444805219,0.9423041152939476,-2.9903718833298325,2.0,-0.3047682080320957,10.0,10.0,0.0,10.0,0.9030462514523954,1.8799969653752864
