t,gt_x,gt_y,gt_psi,gt_u,gt_r,kf_x,kf_y,kf_psi,kf_u,kf_r,kf_bias,kf_sx,kf_sy,kf_spsi,gps_x,gps_y,gps_nis,u_ref,psi_ref,wp,xte,seg_ax,seg_ay,seg_bx,seg_by,thrust_l,thrust_r
1.6600000000000001,-3.60405945939513e-05,-4.515621936652766e-19,2.8668201360949147e-19,0.0,0.0,-0.24661039051258227,0.28183941314817024,0.0007635276342146114,0.0,0.006233830051160639,4.2597167271936224e-05,0.2035215065768097,0.20199010062763503,0.015527556465817018,-0.32567553848766756,0.4312223981578734,0.1360313039749111,nan,nan,nan,nan,nan,nan,nan,nan,nan,nan
1.7060000000000002,-3.705150379086507e-05,-7.047142640422349e-19,3.4072830982565955e-19,0.0,0.0,-0.24661039051258227,0.28183941314817024,0.0007635276342146114,0.0,0.006233830051160639,4.2597167271936224e-05,0.2035215065768097,0.20199010062763503,0.015527556465817018,nan,nan,nan,nan,nan,nan,nan,nan,nan,nan,nan,nan,nan
1.7510000000000001,-3.906838892371446e-05,1.0974290439930056e-18,1.114475080052736e-18,0.0,0.0,-0.20806541777148865,0.24293674624897132,0.0033336975645577023,0.009799300763714325,0.015353435159878222,-0.0003191854128595635,0.1923263285859202,0.18860243702748397,0.018020054129493975,0.016926032635021827,0.006874791809209748,0.4970172276254431,nan,nan,nan,nan,nan,nan,nan,nan,nan,nan
1.8,-4.007443467084968e-05,9.966053669181709e-19,-2.6438217518136397e-20,0.0,0.0,-0.20767605275407994,0.24294015766057017,0.008050268717247453,0.009541535875357958,0.023089400370768086,-0.01177677382512565,0.1959875598440357,0.18965992744950744,0.019473570680192245,nan,nan,nan,nan,nan,nan,nan,nan,nan,nan,nan,nan,nan
1.8510000000000002,-4.007443467084968e-05,9.966053669181709e-19,-2.6438217518136397e-20,0.0,0.0,-0.20711105414435307,0.24293382382446116,-0.0015474688831256245,0.009167776436646194,-0.013275668206757836,0.027010454786485737,0.20249381080032167,0.1912352257553444,0.021602489208764696,-0.42040086946382477,-0.2530127419683682,1.0145969072567735,nan,nan,nan,nan,nan,nan,nan,nan,nan,nan
1.9000000000000001,-4.007443467084968e-05,9.966053669181709e-19,-2.6438217518136397e-20,0.0,0.0,-0.23736475863351494,0.17963593997978147,-0.0015134850715181611,-0.004476020503689519,-0.003709228439867239,0.02773534572790466,0.19242971465196648,0.17973282338884397,0.02432065268835192,nan,nan,nan,nan,nan,nan,nan,nan,nan,nan,nan,nan,nan
1.9500000000000002,-4.1079956215195164e-05,2.74551263258165e-19,-7.895116470021828e-19,0.0,0.0,-0.2376298154064898,0.1796362967628562,-0.0014054651828994125,-0.004302384268915632,0.006332732013202577,0.028482740721054136,0.2003325076232595,0.18139427079587053,0.02855819280915803,nan,nan,nan,nan,nan,nan,nan,nan,nan,nan,nan,nan,nan
2.0010000000000003,-4.208636116358329e-05,4.679216919016366e-19,-6.33813381096123e-19,0.0,0.0,-0.23780073866340068,0.17963652453519796,-0.012339619059998697,-0.004190417752203457,-0.026463970272932288,0.05301183064723733,0.2060353456424619,0.18249348337216603,0.02732122907774902,nan,nan,nan,nan,nan,nan,nan,nan,nan,nan,nan,nan,nan
2.0500000000000003,-4.208636116358329e-05,4.679216919016366e-19,-6.33813381096123e-19,0.0,0.0,-0.238048867399986,0.1796396209123227,-0.01407944180478493,-0.004027950371883977,-0.039272910605170665,0.05181162582629275,0.2151057848602495,0.18413018350330387,0.031146357775208945,-0.026634196513834286,-0.026951012736021476,0.30116916891530765,nan,nan,nan,nan,nan,nan,nan,nan,nan,nan
2.101,-4.3092884126731746e-05,7.579973981407443e-19,-6.340396058836299e-19,-0.0001006522971895227,0.0,-0.20405757991150142,0.15495816437382698,0.01128837040679409,0.015552515888019657,0.01874901978343292,0.0019600012211921825,0.2066651092470346,0.17451379651599927,0.029798580488300502,nan,nan,nan,nan,nan,nan,nan,nan,nan,nan,nan,nan,nan
2.1500000000000004,-4.3092884126731746e-05,7.579973981407443e-19,-6.340396058836299e-19,0.0,0.0,-0.20343967907356195,0.15496489119131163,0.01215804164233747,0.015138860913022615,0.03237136465858591,0.002191513267027584,0.2129494798368387,0.175656118064616,0.03206005553856659,nan,nan,nan,nan,nan,nan,nan,nan,nan,nan,nan,nan,nan
2.201,-4.3092884126731746e-05,7.579973981407443e-19,-6.340396058836299e-19,0.0,0.0,-0.2028377934982591,0.1549349655920986,-0.008276805832724943,0.014736516900394412,0.006644921958151394,0.038955256107621766,0.21938094253104504,0.1767910240124069,0.028949471893882948,nan,nan,nan,nan,nan,nan,nan,nan,nan,nan,nan,nan,nan
2.25,-4.4096822455100646e-05,9.188970620773697e-19,-1.0165492516092822e-18,0.0,0.0,-0.20196540545702427,0.15492857189606843,-0.009266416004736211,0.014153531614074627,-0.023488467115327556,0.03789526482237781,0.22923559921646194,0.17847993031386228,0.03191369803080793,-0.5878120492828454,0.08003794626717038,0.5120203496358388,nan,nan,nan,nan,nan,nan,nan,nan,nan,nan
2.3000000000000003,0.0014393322163771746,-0.00017212291764060573,-0.0001217763129973646,0.08809005443291863,-0.006466803798068001,-0.2685223854276596,0.14654671236695166,0.017416408403759572,0.12752504885482,-0.015444092432253115,-0.003232279547335073,0.21462750291518187,0.16927739037322603,0.028615438845354623,nan,nan,nan,0.9976859355578501,-0.07730989439422026,0.0,0.15492857189606843,0.0,0.0,10.0,0.0,3.0871171579331675,2.901097061673083
2.35,0.014481874123820803,-0.0002525117699969004,-0.0009152238235615027,0.3047131842099265,-0.021778085249011977,-0.25644475864287153,0.14675851685756022,0.018403460153781914,0.34147766895094256,0.0027729531496158873,-0.0022127874697259707,0.22407826996518243,0.17104121779791714,0.031204811878497687,nan,nan,nan,0.9959023306943598,-0.07314264249561792,0.0,0.14654671236695166,0.0,0.0,10.0,0.0,2.9690902345561403,2.7081823305109216
2.4010000000000002,0.03911622606945786,-0.00018435178221862283,-0.0026838482554495577,0.4798450227960115,-0.037362769669295456,-0.2416234736572157,0.14715372011244282,0.022846795226751922,0.4562886033877834,-0.008949699273635646,-0.008042527831593791,0.23027878339427182,0.17220816946630949,0.028000859030693225,nan,nan,nan,0.9958029460749301,-0.07324797837640867,0.0,0.14675851685756022,0.0,0.0,10.0,0.0,2.6735063791018665,2.3938311613134116
2.45,0.060749350950017114,-0.00015464690605006325,-0.004396962747390988,0.5756244508986355,-0.04675311849661819,-0.2111106483358479,0.14785830739269734,0.023957524592383542,0.6052618622859222,-0.008732974680155003,-0.007512434559451473,0.2392040849261481,0.1739485936853771,0.03029247938023592,nan,nan,nan,0.995367572403181,-0.07344451887611542,0.0,0.14715372011244282,0.0,0.0,10.0,0.0,2.5157815100690124,2.2306018743601
2.5,0.09949788963337687,-0.00020129748548516636,-0.007612189866698392,0.6911017355854737,-0.058399956875449674,-0.12364152153434127,0.13021933088459375,0.013920105173679254,0.7093006160889725,-0.03364934623534066,0.003405346463325666,0.2204381336511362,0.16538393740416824,0.02704380368838805,0.12728630011201908,-0.015169522923264527,0.4402937515243307,0.995226034401279,-0.07379490657668944,0.0,0.14785830739269734,0.0,0.0,10.0,0.0,2.3042730329717247,2.0135591420777197
2.5500000000000003,0.12868855338788449,-0.0003144471880668511,-0.01005159179099622,0.75127921793148,-0.06176922250710255,-0.07916732939636512,0.13078005292573483,0.011548605563542758,0.798387211318813,-0.02442710745715424,0.0037266229375775848,0.22773221748575695,0.1672068642887791,0.029042112612582625,nan,nan,nan,0.9968860137194472,-0.06501789297300951,0.0,0.13021933088459375,0.0,0.0,10.0,0.0,2.124237852478684,1.909110977914514
2.6020000000000003,0.17636669001598082,-0.0006297190939657456,-0.013896658046484368,0.8221972002229683,-0.0654747810721713,-0.04679713816162136,0.1315193821235856,0.012297538321297987,0.841431473496998,-0.05806183768218021,0.0005608091389220541,0.23220804092071387,0.16840662344361132,0.02613201944805735,nan,nan,nan,0.9970488241434262,-0.06529706540332433,0.0,0.13078005292573483,0.0,0.0,10.0,0.0,1.9971593872752118,1.7801632465182888
2.6500000000000004,0.21019896820908834,-0.0009450569358329069,-0.01655331276164743,0.859081408243064,-0.06670456397910028,0.004815750381340278,0.13209186039126813,0.010646619850898098,0.8942286845943005,-0.036771869637240676,0.0009334635617776927,0.23833833397424603,0.17021256586434558,0.027912246135601136,nan,nan,nan,0.9969624488643213,-0.0656651472234449,0.0,0.1315193821235856,0.0,0.0,10.0,0.0,1.9247477277581906,1.7305287005922128
2.7,0.24534754644564974,-0.001348474539269054,-0.019255465999609898,0.8893153330220205,-0.06812995869278943,-0.028239959847976132,0.07826954517972083,0.013472662775855238,0.9007713105517051,0.011337851141085261,-0.002445740585857174,0.21826300147455763,0.16225374406474305,0.025294927173575656,-0.3420180023537537,-0.3909548219143605,1.4122461567714542,0.997067901524107,-0.065950148543214,0.0,0.13209186039126813,0.0,0.0,10.0,0.0,1.8553941679931953,1.647474950159217
2.75,0.30002650228719585,-0.002130027315200988,-0.02339520376915882,0.9261635275703639,-0.06896774858364568,0.02654845041548351,0.0790134777369207,0.01104385388891327,0.93661219352438,-0.03648534251626778,-0.002772019537214992,0.22310039285528385,0.16413768944106796,0.026896129130473484,nan,nan,nan,0.9986175973598824,-0.03911481223028374,0.0,0.07826954517972083,0.0,0.0,10.0,0.0,1.8377113690103828,1.662806379967603
2.801,0.3566213364070874,-0.003127375172501247,-0.02746757795410258,0.9541847654663483,-0.06649032082950494,0.06419426187422964,0.07940557851917146,0.009821611665671968,0.9543787411958303,-0.031478274091310786,-0.0027076103563816313,0.22605315229999554,0.16539151140220396,0.027999690253364982,nan,nan,nan,0.9987236282236291,-0.03948620428726081,0.0,0.0790134777369207,0.0,0.0,10.0,0.0,1.7639639195446837,1.6329844353359178
2.85,0.39515025291985867,-0.003915736315102653,-0.0300846063820405,0.9684879177289492,-0.06477142392274432,0.12201691638753938,0.06752370795087322,-0.035289590347660216,0.9758028899034464,-0.0948176121579695,0.034097694071206844,0.2301129717068539,0.1672182702628165,0.02587948518139014,nan,nan,nan,0.9987749490144179,-0.03968194764699503,0.0,0.07940557851917146,0.0,0.0,10.0,0.0,1.7393397548924185,1.6069390769410825
2.9000000000000004,0.453847714220819,-0.0052820181609335975,-0.03355954533967167,0.9849204982371811,-0.05065671938467672,0.25773543886411154,0.005140126913622393,-0.038132346611030155,1.0014200625250955,-0.05481958684992415,0.034668033209493486,0.2111773597635726,0.15976389563277657,0.026842759125879124,0.688812849014775,-0.5369098815358212,2.297893949851792,0.9999988133445081,-0.03374903478128167,0.0,0.06752370795087322,0.0,0.0,10.0,0.0,1.6107927761658092,1.6822113188606005
2.951,0.4934216115751383,-0.006306654921997615,-0.03525511597875913,0.9921859717553421,-0.03729537130505955,0.3179416914967694,-0.0009279269561068653,-0.05121506732711101,1.0097884056647095,-0.03993494227081089,0.04387575586401768,0.21455955695379816,0.16165540808481849,0.02485687861852413,nan,nan,nan,0.9993677284463194,-0.002570057798216819,0.0,0.005140126913622393,0.0,0.0,10.0,0.0,1.5345805678640225,1.6764215129398101
3.0010000000000003,0.5532291638790818,-0.00800163243586464,-0.036828015501751694,1.0002974967802776,-0.018280277247626243,0.35831321755023365,-0.0029935133480794183,-0.05332383942979968,1.0130692300466895,-0.03552061813408648,0.043778615058498734,0.21666423589313458,0.16294097645985522,0.02573665659885837,nan,nan,nan,0.9986649360609994,0.00046396344476218467,0.0,-0.0009279269561068653,0.0,0.0,10.0,0.0,1.5004605292408286,1.6792607748382233
3.052,0.5933300932765381,-0.00922283934232288,-0.03727666073581176,1.0044620348737563,-0.0070492303658751575,0.4190383863827551,-0.008945066927663364,-0.06190968263901775,1.0169275036123246,-0.026463880868281754,0.04886034261986838,0.21962668765024926,0.16479374083329712,0.023997341091179115,nan,nan,nan,0.9977975116399608,0.0044725036419990235,0.0,-0.008945066927663364,0.0,0.0,10.0,0.0,1.4681703932217547,1.6815152840372287
3.1,0.6335750170295757,-0.010503096283903626,-0.03729420379625139,1.00777170328267,0.0037189847488881198,0.44534963707134967,-0.01808023671037602,-0.0627955392485684,1.017162892274217,-0.017164625759217407,0.04886732843771726,0.20272824766068398,0.15771923905816118,0.02480122783893524,0.3517550938160935,-0.07723347370205065,0.0418895776278336,0.9977975116399608,0.0044725036419990235,0.0,-0.008945066927663364,0.0,0.0,10.0,0.0,1.4681703932217547,1.6815152840372287
3.1510000000000002,0.6941496584050697,-0.012505276668357554,-0.036544526244111177,1.0116508905977202,0.01858784805922798,0.5063150466310036,-0.021557114754459525,-0.0632729744031195,1.0193514510563495,-0.001076023410718217,0.04818311024893079,0.2054046302612006,0.15963391926326068,0.02328494690618813,nan,nan,nan,0.9972594688953309,0.010778139998428459,0.0,-0.021557114754459525,0.0,0.0,10.0,0.0,1.4592614306002247,1.6767616850687748
3.2,0.734644487795223,-0.013874686966147366,-0.03558680127300037,1.0136444875476942,0.02700372846876664,0.5470173688441389,-0.024137479215023516,-0.06327695211220474,1.0203188988386196,0.01217386546630108,0.048180677962256176,0.20711814384613983,0.16094257250233673,0.024033383069955182,nan,nan,nan,0.9972594688953309,0.010778139998428459,0.0,-0.021557114754459525,0.0,0.0,10.0,0.0,1.4592614306002247,1.6767616850687748
3.253,0.7955125639878563,-0.01594696919454986,-0.033593329083592555,1.0159508656230722,0.03732249091020944,0.6081804705614012,-0.02684385182357812,-0.06005390364472918,1.0214221511911046,0.017256628118232874,0.04654865960488841,0.20959675179106813,0.1628161505057562,0.022628671367332567,nan,nan,nan,0.9971629000533709,0.012068153703401287,0.0,-0.024137479215023516,0.0,0.0,10.0,0.0,1.4598278651153629,1.6713636337826274
3.3000000000000003,0.8361586333124148,-0.01732141830279849,-0.031958356014345254,1.0171532345497702,0.04284126661014121,0.6489693877092403,-0.029284912345872556,-0.05940389276909741,1.0219183915016108,0.02330674589570119,0.046536067726590066,0.21119542567015465,0.16410423705542385,0.02339025438772256,1.0955510937513968,-0.5885804271290446,1.806298990816285,0.9973019245908514,0.013421120020766215,0.0,-0.02684385182357812,0.0,0.0,10.0,0.0,1.4625961627139685,1.6651902250460107
3.35,0.8972061506966648,-0.01934151398402583,-0.02914563012257964,1.0185479288835149,0.04957688104645569,0.7783256950356959,-0.08283667835179757,-0.0496160167206039,1.0266142417078923,0.04533834106452428,0.040874093810938004,0.1969371868342569,0.1578548716091067,0.02201256673898105,nan,nan,nan,0.9972598988540478,0.014641409852565701,0.0,-0.029284912345872556,0.0,0.0,10.0,0.0,1.4622618676918095,1.6624671256965968
3.4000000000000004,0.9583096809626159,-0.02127534822815466,-0.025914171862725616,1.0189355004284337,0.05722944315973524,0.8193337166940777,-0.0847907307315498,-0.04883984708959099,1.0256962842138246,0.009196597302477332,0.04073280872901262,0.198496213825319,0.15918083763762345,0.02266399399871912,nan,nan,nan,0.9958613844376744,0.0413946794292652,0.0,-0.08283667835179757,0.0,0.0,10.0,0.0,1.431774327564092,1.6661605969799373
3.45,0.9990512304281476,-0.022498083625633967,-0.023469452915499286,1.0189973145851665,0.06350918465293763,0.8810178446952772,-0.08181484277050365,-0.035393660824412525,1.0245628569761525,0.03485529745883569,0.034175674569498896,0.20079266041126184,0.1610716805374136,0.021438272626630287,nan,nan,nan,0.9970922217784791,0.0408846258755625,0.0,-0.08181484277050365,0.0,0.0,10.0,0.0,1.45540094581256,1.6556513030282927
3.5,1.0398010931232622,-0.023656421491826483,-0.020823024520099806,1.019253794480801,0.0670101848844096,0.9219718267716004,-0.08324995997356442,-0.03370725232173433,1.0242371585836654,0.04227001073335944,0.03418207716069954,0.20229834733843302,0.1623744151356311,0.022051759105603752,nan,nan,nan,0.9970922217784791,0.0408846258755625,0.0,-0.08181484277050365,0.0,0.0,10.0,0.0,1.45540094581256,1.6556513030282927
3.552,1.1009541037186787,-0.025254303931713795,-0.016714806615707675,1.019708173672682,0.06934681580366323,1.014587538652644,-0.15832651613837562,-0.032920619454411604,1.025661526265719,0.09353459744961218,0.036330122671821806,0.1896474671947391,0.15626611475367258,0.02092884083675406,1.1614938383907294,-0.8270828282604388,2.161055900152869,0.9971656761440065,0.04160096459384999,0.0,-0.08324995997356442,0.0,0.0,10.0,0.0,1.4595505509217617,1.6517120103338585
3.6,1.1417319233506884,-0.026212901191489626,-0.013872388624791973,1.019505429068143,0.07280669727863862,1.055580348321597,-0.15962363808680533,-0.030670919432689733,1.0243670278157095,0.07598934188333226,0.036260290471106287,0.19116096492700527,0.15760536245281256,0.021509124642805497,nan,nan,nan,0.993743588943675,0.07899850976187191,0.0,-0.15832651613837562,0.0,0.0,10.0,0.0,1.4079886820412602,1.6700904002746146
3.6500000000000004,1.2028659350178925,-0.02747098412732521,-0.009247242089569776,1.0187979278579897,0.08009300759959678,1.1170383398445378,-0.15988877666670787,-0.0240672674868545,1.0228242223800155,0.0746023657938483,0.03484732471405957,0.19341260813383088,0.15951546093313201,0.02060907933813307,nan,nan,nan,0.9939215875879608,0.07964299865997546,0.0,-0.15962363808680533,0.0,0.0,10.0,0.0,1.404717237574321,1.6771426660707716
3.7,1.243607176993712,-0.028180241230151174,-0.00594512370175865,1.0185652248451067,0.08377063384181496,1.1579344864148928,-0.16082222975943575,-0.02113735626326063,1.0222071940159367,0.06513660815644659,0.0348213365434509,0.1949014851867551,0.16083061308200394,0.021139598778926235,nan,nan,nan,0.9946132631581347,0.07977472745266878,0.0,-0.15988877666670787,0.0,0.0,10.0,0.0,1.4177188281835849,1.6728764880415923
3.7500000000000004,1.3047138222328727,-0.029032947423696033,-0.000769278631432705,1.0184318169932784,0.0879503285973727,1.1727308351659036,-0.14541188269703736,-0.015345316470663839,1.0191694489904188,0.08958169645725085,0.03447931588369719,0.1837133966522172,0.15495259640888243,0.02015706937457331,0.8291328719350446,0.010022728904925726,0.529273369558944,0.9948658698792149,0.08023847281680933,0.0,-0.16082222975943575,0.0,0.0,10.0,0.0,1.4183746734577183,1.6747202001380879
3.8000000000000003,1.3454550512818966,-0.02945203948341059,0.002777581233656023,1.0186365128109909,0.08845959920326804,1.213496786107249,-0.1460172279738691,-0.012096699931561703,1.0195367253216328,0.09246828804511183,0.03449018927016684,0.1852318209722136,0.15630235270840695,0.02068295512207053,nan,nan,nan,0.9961372140051789,0.07257823455249368,0.0,-0.14541188269703736,0.0,0.0,10.0,0.0,1.4569462580993389,1.6542581154785598
3.857,1.4065957299420728,-0.029844689792978326,0.008035244135471666,1.0191547115424142,0.08694510353586059,1.2745236713467702,-0.15178165290995363,-0.0161546745216663,1.0199960611519598,0.07724329594459621,0.03846330275641087,0.18750078366796868,0.1582259822511563,0.019777169372275315,nan,nan,nan,0.9957801380277379,0.07574563221390831,0.0,-0.15178165290995363,0.0,0.0,10.0,0.0,1.4413120232783438,1.662193631361913
3.9000000000000004,1.4473707933460604,-0.0299430025410588,0.011508114886838519,1.019334349491755,0.08712672320955828,1.3153193722928551,-0.15240920942653047,-0.013034255620517412,1.020064522244694,0.07656636138568947,0.03846433266908571,0.18900651399939492,0.15955089395921923,0.0202807714161343,nan,nan,nan,0.9957801380277379,0.07574563221390831,0.0,-0.15178165290995363,0.0,0.0,10.0,0.0,1.4413120232783438,1.662193631361913
3.95,1.50854061101949,-0.029838007549176915,0.01678059694038772,1.019462492776896,0.08824822792608097,1.4147218467227818,-0.25692635474770814,-0.00969032486196486,1.0223412656890873,0.06673814639896967,0.03895907800364516,0.17879206706553394,0.15382633861151893,0.021030261774376103,1.6547406859034994,-1.2586887591373486,4.743153488665795,0.9960339444503483,0.07605760624431053,0.0,-0.15240920942653047,0.0,0.0,10.0,0.0,1.3419571592092372,1.7101686762289825
4.0,1.569678415048868,-0.02941918687009206,0.02235365161363121,1.0181907539565744,0.09803092844661873,1.4555767185336599,-0.2581076323414759,-0.00684456843753578,1.0208198022869897,0.07292254669646375,0.039568141956024115,0.1803314999527098,0.15510216122762077,0.019868060443132336,nan,nan,nan,0.9905680973541002,0.12776342626353357,0.0,-0.25692635474770814,0.0,0.0,10.0,0.0,1.3419571592092372,1.7101686762289825
4.051,1.6103833582263325,-0.02896030533959138,0.026450063742242454,1.0172598967972266,0.1047937485802763,1.5167868976277425,-0.2583818106347286,-0.0018857877966307333,1.0190325554424882,0.06362150442265152,0.039533216028450405,0.18263583490639212,0.15712873371539607,0.02059369917839393,nan,nan,nan,0.9908758757867481,0.12834443268414766,0.0,-0.2581076323414759,0.0,0.0,10.0,0.0,1.3499110988547174,1.70773273563624
4.1000000000000005,1.651055310114445,-0.028352355466979104,0.03078099397642662,1.0165876333945427,0.1101673653892977,1.5577033066665962,-0.2510941895544554,0.012506201124614426,1.0182996913524311,0.09631283461443871,0.03479430563319277,0.18416704632976216,0.15837351511548167,0.019506447633342746,nan,nan,nan,0.9915145032112949,0.1284792736826958,0.0,-0.2583818106347286,0.0,0.0,10.0,0.0,1.3573109487735837,1.7094052510618774
4.15,1.7120286311687753,-0.02714819570004389,0.037537690096495796,1.016254436549906,0.1128407416460698,1.6566219733868965,-0.2203986815983279,0.018998124750560397,1.0198651708818403,0.09071625144645643,0.03465099313523824,0.17485961107450826,0.15281961324917923,0.020196995728024983,1.9109001442713411,0.07205989298744253,0.7212274202864007,0.9936911769471217,0.1248936361598722,0.0,-0.2510941895544554,0.0,0.0,10.0,0.0,1.4415035892769223,1.679082792305057
4.202,1.7729990807849183,-0.025578677190344516,0.04420613761003822,1.0165415912384899,0.10922859497905406,1.6973256945186463,-0.22458180308679665,0.015640536922825184,1.019778174345589,0.09652016293625948,0.037870140911158125,0.17642664248049506,0.1541060629394479,0.01917513246402008,nan,nan,nan,0.9958842867508504,0.10975648011639509,0.0,-0.2203986815983279,0.0,0.0,10.0,0.0,1.4415035892769223,1.6551334335097079
4.25,1.8136505694443015,-0.0243227630859104,0.048520701827457435,1.0166776210816393,0.10719662774356964,1.7584963900135375,-0.22351337826508974,0.021805748486586563,1.0194852809333397,0.09981820259553754,0.03788865830187098,0.17877303176881154,0.15614284696259884,0.01990420643742121,nan,nan,nan,0.9953780823824696,0.1118224725030636,0.0,-0.22458180308679665,0.0,0.0,10.0,0.0,1.4327089719320272,1.6589282469719833
4.303,1.8746278384033044,-0.02212088575463599,0.054841314458189794,1.0169376379269024,0.10384098769673053,1.7993034858237176,-0.21919026398024574,0.030609627454114555,1.0194376217659349,0.09192037283685624,0.035927038470326904,0.1803324359871139,0.15739829060346394,0.018923420983541824,nan,nan,nan,0.9959985190717184,0.11129488102409094,0.0,-0.22351337826508974,0.0,0.0,10.0,0.0,1.4459485142531363,1.6503458397628437
4.3500000000000005,1.9152824747350883,-0.02044104249861892,0.05892445440093418,1.0172182769301477,0.10084299245858305,1.8487589593677984,-0.2263623810020738,0.0373488457518949,1.0188765443065038,0.12336730556439743,0.036030565512023376,0.17172572676590905,0.1519848463983596,0.019624209351517145,1.74011065822333,-0.31768934960858103,0.07146922218947988,0.9969165461322195,0.10915948151706534,0.0,-0.21919026398024574,0.0,0.0,10.0,0.0,1.461979616731583,1.640662869165204
4.4,1.9762755583493585,-0.017606439692895288,0.06476656728786435,1.0177316573654056,0.09465607128662319,1.8894857580712787,-0.22500009235382076,0.040494784809887996,1.0191304616439643,0.07612231916770076,0.03611499426133505,0.17331967402172635,0.15328070585829018,0.01868528567754675,nan,nan,nan,0.9971623251738799,0.11270158835639432,0.0,-0.2263623810020738,0.0,0.0,10.0,0.0,1.4802577148853915,1.6249456141876701
4.45,2.016943956681466,-0.015509675938941082,0.06848553419505894,1.0180486106049422,0.09218437759223115,1.9505856821561356,-0.22246100101405772,0.046259324817010235,1.0194617646583781,0.10836001469557212,0.03617044746905748,0.17570564852019194,0.15532648717044995,0.01931263217894529,nan,nan,nan,0.9974425183172767,0.1120290080257757,0.0,-0.22500009235382076,0.0,0.0,10.0,0.0,1.4669260145919183,1.6386696870778787
4.501,2.0779529191356607,-0.012061669343834232,0.07384168393972541,1.0185081517947285,0.08673261477838637,1.9913149229790583,-0.21672178474469198,0.055126857595177554,1.019694303566729,0.09841553974053889,0.034179431410408,0.17729080445836257,0.1565913715841412,0.018421414808122975,nan,nan,nan,0.9979195757146714,0.1107751530556781,0.0,-0.22246100101405772,0.0,0.0,10.0,0.0,1.4908966139247182,1.6164401033391085
4.5520000000000005,2.1186302032751487,-0.009567456944958553,0.0771933590536044,1.0188610880192808,0.08197157737445719,2.052404389112771,-0.21322049008429303,0.06030598740753046,1.0200828910444557,0.06530868178692763,0.03415649049773662,0.1796575965968978,0.15859855514130225,0.019030758367714427,2.0612715072915804,-0.7102265569944843,0.8980121219565415,0.9989466382246576,0.10620907566552769,0.0,-0.21322049008429303,0.0,0.0,10.0,0.0,1.5032193320073892,1.6083528273942238
4.6000000000000005,2.1593115210261593,-0.006921676693022005,0.08036814089881437,1.0191960817840608,0.07794662589079182,2.094173949308937,-0.2562871578969687,0.062393504017719266,1.0202970350882397,0.07023423739903539,0.03438804615109732,0.17068930412447067,0.15248139507984945,0.01817525648231281,nan,nan,nan,0.9989466382246576,0.10620907566552769,0.0,-0.21322049008429303,0.0,0.0,10.0,0.0,1.5032193320073892,1.6083528273942238
4.65,2.22033264192369,-0.0026782720894422446,0.08493187298642407,1.019414989424734,0.07573379406180536,2.155272389197703,-0.25239784790106545,0.0665841232978499,1.020377132977709,0.06881849412275302,0.03438979462442201,0.17310632658275832,0.15453669578266402,0.01876838131866684,nan,nan,nan,0.9978846371891725,0.12744900378702256,0.0,-0.2562871578969687,0.0,0.0,10.0,0.0,1.4710094945201255,1.630310334948885
4.7,2.2813355926763492,0.0018807373165320395,0.08944060011701678,1.0194999766385464,0.07448519225666159,2.1960379611781713,-0.2522877955186002,0.06566564432858124,1.020384551938445,0.061857534334493834,0.03563968578494133,0.17471209661405454,0.1558112017512614,0.017954715808972167,nan,nan,nan,0.9982628826160447,0.1255352987997144,0.0,-0.25239784790106545,0.0,0.0,10.0,0.0,1.4801434491644891,1.6228534231669767
4.75,2.3219935578422044,0.005088735241128245,0.09240428384321539,1.0195289591833157,0.07389675147965775,2.257124298597455,-0.24819532704855207,0.06875976322005563,1.020354706477558,0.050101674239933544,0.03562887512348558,0.17710943543791735,0.157827190334687,0.018595227622215004,2.791600109681365,0.5740239223638908,3.4741341723883323,0.998211586871079,0.1254811348564892,0.0,-0.2522877955186002,0.0,0.0,10.0,0.0,1.474993060554544,1.6264629023710482
4.800000000000001,2.3626420073739243,0.008428014458560803,0.09534498554638178,1.0195690543282692,0.07322650700688976,2.357654983125632,-0.17108486921298102,0.07181041530338561,1.0239128180652206,0.06622330399182516,0.03552730053124959,0.16857970675561318,0.1518215402454611,0.01779810228459376,nan,nan,nan,0.9985039628335838,0.12346644172465289,0.0,-0.24819532704855207,0.0,0.0,10.0,0.0,1.4783474443150966,1.624442604922363
4.851,2.4235979011062274,0.013674737025924004,0.09954933539379512,1.0196292674870344,0.06560924362470959,2.4189461942037083,-0.16660879647149388,0.07568201341090042,1.024011976098857,0.06831102902235962,0.03554171659414603,0.17102472132044708,0.1538850481633121,0.018360695592029547,nan,nan,nan,0.9999085483442608,0.08533469344856133,0.0,-0.17108486921298102,0.0,0.0,10.0,0.0,1.546180913518652,1.5559668120275916
4.9,2.4845320014662824,0.019190399660279526,0.10308809082494977,1.0196526122466056,0.05434754437661615,2.459647741599653,-0.15888427009838335,0.08363362320183974,1.0235074881966337,0.04462303932489894,0.03351914962603888,0.17264802611967894,0.15516808194822904,0.017600151110823765,nan,nan,nan,0.9999723940892226,0.08311249627444876,0.0,-0.16660879647149388,0.0,0.0,10.0,0.0,1.555625192816821,1.5455338302850874
4.95,2.5251423148429533,0.023007819955413535,0.10508138096310053,1.0196760212451699,0.04717933650588586,2.5208246511443866,-0.1536843309091567,0.08630599859298593,1.022882489629329,0.02281966146268362,0.03351294599439026,0.1750705584311659,0.15719215128752467,0.01821378889545736,2.2774425313409568,0.12437469783560046,0.49263548180859246,0.9999905040230855,0.07927564386655346,0.0,-0.15888427009838335,0.0,0.0,10.0,0.0,1.5640957264453013,1.5375457892816784
5.0,2.56574358475464,0.026929351802205057,0.10681029679505989,1.0197090806079023,0.04097460803767976,2.5351571922633727,-0.1294493909225772,0.08298227689399651,1.0211656070791113,0.039088111496372646,0.0353273433719997,0.16688467720786362,0.15127758090873308,0.01746374988494912,nan,nan,nan,0.99995378063423,0.07669145525358205,0.0,-0.1536843309091567,0.0,0.0,10.0,0.0,1.5635246826400018,1.5385516103204055
5.050000000000001,2.626631644188187,0.03298940982740272,0.10895029034384156,1.01982630880841,0.0314241535641982,2.596210457634595,-0.12432928486861854,0.0843222787226594,1.0210742623138815,0.014597575114752678,0.03531672760691865,0.16935312988123483,0.15334755153143906,0.018064563016363947,nan,nan,nan,0.9998316849705965,0.06463453854434552,0.0,-0.1294493909225772,0.0,0.0,10.0,0.0,1.5847772131723956,1.5204063184116094
5.104,2.6875082693253765,0.03923682797241285,0.11052104260083902,1.0199383032039129,0.022781631267751554,2.6571525715113857,-0.1168145750114072,0.08856248561170155,1.020982720581246,0.03091515731579174,0.034410439462405636,0.17180888544272568,0.15531588684133535,0.017514451783211676,nan,nan,nan,0.9995901802556321,0.059219176595937055,0.0,-0.11857699859829836,0.0,0.0,10.0,0.0,1.5793685732661522,1.5222099071275428
5.151000000000001,2.7280851146289966,0.04349151810211388,0.11131017469814135,1.0199497984757009,0.017963604323017197,2.6978296170090497,-0.11318973377661481,0.08967189144332188,1.0208768372674069,0.02122545829463405,0.034409801657979106,0.17343740351305187,0.15666720707943976,0.017964145653746193,nan,nan,nan,0.9994510088282228,0.05653455868955943,0.0,-0.11318973377661481,0.0,0.0,10.0,0.0,1.5975430888007454,1.5022534815332227
5.2010000000000005,2.7889372984775855,0.049985354074020445,0.11210853153695953,1.0199120487085154,0.009584119045042338,2.772377738115445,-0.11174513593379728,0.09668571226552114,1.0227860494177095,-0.00955181511791785,0.03212592801590432,0.16537314832407404,0.15071153435741633,0.01721128741707054,3.0333709076894926,-0.19954769532495722,0.3873818741584344,0.9994510088282228,0.05653455868955943,0.0,-0.11318973377661481,0.0,0.0,10.0,0.0,1.5975430888007454,1.5022534815332227
5.251,2.8294929166245493,0.054375628937138015,0.11235601870319156,1.0196956400251438,0.004231514478946663,2.833437705262241,-0.1058034205398178,0.09715982386108601,1.0218979914230188,-0.01162368982695673,0.03213147608140068,0.16785874436522807,0.1527887092122459,0.017786970515357096,nan,nan,nan,0.9991648897636666,0.055814536674977565,0.0,-0.11174513593379728,0.0,0.0,10.0,0.0,1.5924388721116192,1.498160843307889
5.303,2.8903012836274433,0.06102992552750751,0.11234813332027484,1.0193776299663664,-0.0032086742649979094,2.8740318579103,-0.10028444404598068,0.0995687389353739,1.0214078846657215,0.017585815817444693,0.03156062914625724,0.1695088638680515,0.15408606000149289,0.01709359710156965,nan,nan,nan,0.998776684396515,0.05010026206928469,0.0,-0.10028444404598068,0.0,0.0,10.0,0.0,1.6160362153614494,1.4733184194044053
5.352,2.930826028457961,0.06549930354457045,0.11206798559070749,1.019165863811217,-0.009434546778613297,2.9349988438586356,-0.09419230126237586,0.09934694839429527,1.020729959705141,-0.007934272548186728,0.03155202359445192,0.17197144130299127,0.15612251532185117,0.01770445768655496,nan,nan,nan,0.998776684396515,0.05010026206928469,0.0,-0.10028444404598068,0.0,0.0,10.0,0.0,1.6160362153614494,1.4733184194044053
5.402,2.991594870387463,0.07223115451894085,0.11121445274131371,1.018880724522005,-0.017271446319536234,2.9463652315084277,-0.0060025756817314885,0.11264990015685816,1.0190413507222882,-0.04188145349683975,0.027391844932211768,0.1641468604353634,0.1502449860479823,0.01697676966628041,2.6829083834784697,0.7344261152663032,2.687474888269603,0.9986334208505104,0.04706137639978661,0.0,-0.09419230126237586,0.0,0.0,10.0,0.0,1.610207041390791,1.4789311750210492
5.4510000000000005,3.032085496757764,0.07672312151217313,0.11028973268360896,1.0181020993059757,-0.02766750741100632,3.0071134217708866,0.0007982896203556965,0.1108810268208247,1.0179590918410326,-0.017835638475603235,0.027415885617274687,0.1666485309657417,0.15232819498546357,0.017469241181828823,nan,nan,nan,0.9939946103491423,0.0030012788293189044,0.0,-0.0060025756817314885,0.0,0.0,10.0,0.0,1.6666066862432782,1.3893029304200917
5.5,3.07254095714261,0.08120106742828477,0.10889244860972873,1.017236445357455,-0.03934758818244833,3.0477770936893442,0.002224258688743192,0.10663435966072621,1.0171076848838445,-0.02858141963018331,0.02850610394543272,0.16830959079762792,0.15363178268632488,0.016815494384790575,nan,nan,nan,0.9938147484639063,-0.0003991447889810549,0.0,0.0007982896203556965,0.0,0.0,10.0,0.0,1.679531263361439,1.3769834029583652
5.553,3.1331722869298027,0.08786980336702713,0.10598926731892891,1.0162110860825329,-0.054046789872719304,3.108714578282729,0.004701267394821216,0.10010397021048824,1.0161418521879653,-0.04666149110643711,0.029867122985234498,0.17078870105345653,0.155602368944258,0.016370495085413994,nan,nan,nan,0.9947561169837427,-0.00235062936796609,0.0,0.004701267394821216,0.0,0.0,10.0,0.0,1.6611868327468753,1.4060743596612726
5.6000000000000005,3.1735709409148734,0.09226801715788044,0.10364862397998148,1.0157731225126292,-0.060761144064086926,3.147088046916495,0.06684706306027925,0.09839522062576565,1.0160737749582096,-0.06329293706675466,0.029720186116424904,0.1631582945766369,0.14985933941088633,0.016753379609247335,3.1050207152546103,0.6596285213586145,1.5554833952341847,0.9947561169837427,-0.00235062936796609,0.0,0.004701267394821216,0.0,0.0,10.0,0.0,1.6611868327468753,1.4060743596612726
5.651000000000001,3.2341405320953744,0.0987641438049649,0.09964546331587534,1.014687608502693,-0.07202896944375987,3.207747608275736,0.07275372242187063,0.09476901768428991,1.0148642449349146,-0.05997341618840233,0.029730090655126676,0.16567792062510386,0.15194554800486423,0.01722983745370696,nan,nan,nan,0.9913261162143512,-0.0334110936952352,0.0,0.06684706306027925,0.0,0.0,10.0,0.0,1.6850320172974829,1.3538514936092845
5.7,3.2744852112496416,0.10300481006110937,0.09656143128475406,1.0138371214797577,-0.08001277451736762,3.248157660488049,0.07651692482084316,0.09195848490913772,1.0140423778268477,-0.08303077571331029,0.029742232372981677,0.16735076218350275,0.15325294122898728,0.016603576484965233,nan,nan,nan,0.9914147942279091,-0.03636082839566768,0.0,0.07275372242187063,0.0,0.0,10.0,0.0,1.6875820128373804,1.35446397870883
5.751,3.334964921681631,0.1092022312468439,0.09141756203223773,1.0128358011732057,-0.08917709607635854,3.3087325268046612,0.08198631670753749,0.08628809820260575,1.0130590507831319,-0.08547206116441981,0.029743139433736902,0.1698478829662609,0.15529647787329162,0.01707337879663819,nan,nan,nan,0.9915361681240052,-0.038239812355996106,0.0,0.07651692482084316,0.0,0.0,10.0,0.0,1.6787663089872966,1.3655868259504929
5.8020000000000005,3.3954185697469517,0.11517121778912714,0.08583534203024466,1.0121431155766876,-0.09547580078201544,3.3430318672299335,0.06491172872986187,0.07647596374183241,1.0106453573438663,-0.11774893109062033,0.030853826253475183,0.16306970042721858,0.15011570105134567,0.01661585724580558,3.0993623183415675,-0.12440045622943322,0.3784322976722632,0.9919135822328704,-0.04097021931015087,0.0,0.08198631670753749,0.0,0.0,10.0,0.0,1.6764658807554085,1.3727867821614956
5.852,3.4357194714852484,0.11900706286258857,0.08194499744886574,1.0119398683436973,-0.0981927239541958,3.383342102049147,0.06797733106638691,0.07274846874979346,1.0107256106380051,-0.12337733699776046,0.03085383938682685,0.1647575857209871,0.15150543698307897,0.01692489076885008,nan,nan,nan,0.9943103915051869,-0.03397558636260537,0.0,0.06797733106638691,0.0,0.0,10.0,0.0,1.6437839675103698,1.4297648536499248
5.9,3.496194092698518,0.1245265818390149,0.07605214055413219,1.0121667537291072,-0.09728105028943526,3.4233043903886227,0.0757770962560062,0.07496768111822272,1.0112192738984571,-0.08839768033936937,0.029319422728910007,0.1664399259561155,0.15281674768770304,0.016337352599866076,nan,nan,nan,0.9943103915051869,-0.03397558636260537,0.0,0.06797733106638691,0.0,0.0,10.0,0.0,1.6437839675103698,1.4297648536499248
5.95,3.5365350967138065,0.12804113632333997,0.0721432091801669,1.0122609173794648,-0.09826484376853885,3.483823267180575,0.08024954059833847,0.06836055312290013,1.0116529605778157,-0.13494740455287954,0.02928691345534547,0.1689517653807397,0.15486223977977523,0.016795358494177723,nan,nan,nan,0.9936405318685262,-0.03787043352628921,0.0,0.0757770962560062,0.0,0.0,10.0,0.0,1.6636597792471404,1.402186380317198
6.127000000000001,3.556710505908579,0.12974595883045068,0.0701712228855685,1.0122625215981356,-0.09858854834016613,3.5043825871193994,0.07665552675426748,0.06076246205173952,1.0117703632905128,-0.09284883057581503,0.030806423691207424,0.16978501536729151,0.15546973680378573,0.016070094810372873,4.103060321862794,0.5639904856269589,2.058221005661393,0.9952186582444142,-0.03892249446327586,0.0,0.07788432345923153,0.0,0.0,10.0,0.0,1.6458347701300011,1.4289114966185272
6.1530000000000005,3.7384172376831057,0.1434418727398626,0.05253092135859358,1.011723255790486,-0.10063403341494885,3.747248953552232,0.1349955082730132,0.04883711536286839,1.014162095761087,-0.09797693137644613,0.029251334238579143,0.1682363711215716,0.15443067028853694,0.01586237125858322,nan,nan,nan,0.9936823675457137,-0.06352879345014871,0.0,0.12722879418974925,0.0,0.0,10.0,0.0,1.6549445117955766,1.395550742760499
6.2,3.778798252713888,0.14606448089550247,0.04847180813985986,1.0114206393860967,-0.10206106653016662,3.7877626750241555,0.13694164290104083,0.04448243462856949,1.013603245476367,-0.1095820263076595,0.029242754375855173,0.16990899471700235,0.15577900299507733,0.01622828023509068,nan,nan,nan,0.9932525879147326,-0.06739552804071301,0.0,0.1349955082730132,0.0,0.0,10.0,0.0,1.659230206090434,1.3897352991192395
6.25,3.8393681153676127,0.14970118659154283,0.0422858463833276,1.0110766662191897,-0.1034486319792312,3.924775945488693,0.11845252801388029,0.03906717605524567,1.0175283621829745,-0.06998328765004237,0.02931894515772533,0.163281544979582,0.15070412837747943,0.01665989436962489,4.538391562338471,-0.10540412071877495,2.127756157720285,0.993639581660089,-0.06836411858652612,0.0,0.13694164290104083,0.0,0.0,10.0,0.0,1.651955351766005,1.4007743257730867
6.300000000000001,3.8797506690503245,0.1519254222102111,0.03814563933607324,1.0109080665397467,-0.10341698006189937,3.965472779029715,0.11947658712640594,0.03413952183551227,1.0166207894507413,-0.11160648976108117,0.02945243749703855,0.16497749259661945,0.15202248783156627,0.016095245433399772,nan,nan,nan,0.9951798672591432,-0.05915715907438497,0.0,0.11845252801388029,0.0,0.0,10.0,0.0,1.6460501754978933,1.4060745694839798
6.352,3.9403311475865994,0.15495838042435917,0.0319955860816464,1.0107925878089734,-0.10109701343954305,4.026414930399647,0.12145112525272682,0.02781556856328748,1.015598227926002,-0.11657476945880481,0.02944420724385609,0.16750895797416673,0.15407277619781937,0.016528506798237974,nan,nan,nan,0.995603357793939,-0.059667383373894656,0.0,0.11947658712640594,0.0,0.0,10.0,0.0,1.6257697665283504,1.4314069429118457
6.402,4.0009307072123965,0.157627778444085,0.026073677473355778,1.0109259703113236,-0.09684207116662466,4.067149373536938,0.12045630200965989,0.02075302002073709,1.0152132035193648,-0.10759812513303907,0.029998177288965876,0.1691863363939154,0.15535941312514312,0.015980245761103143,nan,nan,nan,0.9960893772166787,-0.06065108360683041,0.0,0.12145112525272682,0.0,0.0,10.0,0.0,1.6192005695693779,1.4439484623072179
6.453,4.041347144869864,0.1592067707818773,0.02227801505138016,1.0111515957877866,-0.09367697210978203,4.164362529989707,0.14106122465999857,0.015919662950508506,1.0171221033445232,-0.09731389011811278,0.02996565222939285,0.1626758460108607,0.15034159935453043,0.016403597007015377,4.435210519146151,0.33656222345961667,0.6027106593742433,0.996275562913954,-0.07041400707703047,0.0,0.14106122465999857,0.0,0.0,10.0,0.0,1.6220158907905617,1.4360816047368623
6.5,4.101993657834349,0.16127846724699293,0.016766097493735563,1.0112336270032933,-0.09105772992756123,4.2047955750803006,0.1458781424328404,0.018007120063135765,1.0164165684098863,-0.051127124109065815,0.02882949131851894,0.16437686752019084,0.1516634379580619,0.015870740002816866,nan,nan,nan,0.996275562913954,-0.07041400707703047,0.0,0.14106122465999857,0.0,0.0,10.0,0.0,1.6220158907905617,1.4360816047368623
6.551,4.142428463235838,0.16246278737354336,0.013096210868023426,1.011156398378835,-0.09240121645154592,4.265751922831976,0.1468982038680157,0.012890606707367967,1.015470371378204,-0.08835845372516667,0.02881106331165003,0.16691587220306228,0.15371622710732427,0.016296170519977844,nan,nan,nan,0.9962863864641293,-0.07331744746808488,0.0,0.1468982038680157,0.0,0.0,10.0,0.0,1.6278225395937351,1.4333304988932913
6.6000000000000005,4.18286546368063,0.16349109416405663,0.009383921343522344,1.0111526138178273,-0.09255295538582112,4.3065401517749775,0.1440108534541335,0.005199843474296361,1.0150512715339144,-0.09300811625985204,0.029670642767229534,0.16859832209766581,0.15500642702679504,0.015776092584090157,nan,nan,nan,0.9962863864641293,-0.07331744746808488,0.0,0.1468982038680157,0.0,0.0,10.0,0.0,1.6278225395937351,1.4333304988932913
6.65,4.243534226915724,0.16474679690628527,0.003912328023215042,1.011366774744354,-0.08976699914197298,4.425841924952374,0.2251684872187643,0.0012778728985423093,1.0186163178414527,-0.08470890179816006,0.029521341945742685,0.16203548087293593,0.14992123219216288,0.01619175622412183,4.901987777440812,1.0481106571652075,4.07782633941659,0.9970307140039993,-0.07188136829423493,0.0,0.1440108534541335,0.0,0.0,10.0,0.0,1.6158082887498209,1.451645693180204
6.7010000000000005,4.304198640431162,0.16566176907814784,-0.001539159803508288,1.0106244974944862,-0.0932949548307073,4.4662491848092625,0.2320055524652262,0.005984034973679719,1.0169641654206225,-0.07478410484149657,0.027731195242476647,0.16373921244110087,0.15124758711790914,0.015683973603310343,nan,nan,nan,0.9935782360541721,-0.11211215237397161,0.0,0.2251684872187643,0.0,0.0,10.0,0.0,1.6544071340043849,1.3735448261007424
6.752000000000001,4.344606348182671,0.16607939259844956,-0.005397424551764284,1.0098507760133706,-0.09839740509533969,4.527221356392546,0.23226211180995512,0.0004495820053631583,1.0147744208586793,-0.09166480964274465,0.027724683621451012,0.16628283276223232,0.15330410282159393,0.01621734617280109,nan,nan,nan,0.9926315091783431,-0.11548660143079043,0.0,0.2320055524652262,0.0,0.0,10.0,0.0,1.6692013829936925,1.3549426977648054
6.800000000000001,4.384989083927991,0.16634234619511742,-0.00943108108885929,1.0093166895134815,-0.10189818719737942,4.567858418551716,0.23089824441343165,-0.005056537360915048,1.0137804257179843,-0.09544018320128851,0.02805269342571766,0.16796879259446035,0.15459866927317412,0.015664254981590887,nan,nan,nan,0.9932722753841137,-0.11561317595067454,0.0,0.23226211180995512,0.0,0.0,10.0,0.0,1.6602186928409766,1.374527579218824
6.851000000000001,4.445539088706714,0.1664451581172953,-0.015644195704927786,1.0089375773231384,-0.10426862073420154,4.5310912457533385,0.2357519009042895,-0.011205866093761063,1.0063975974711155,-0.10064610891260378,0.028030901772449185,0.16150642204412727,0.1495695816168294,0.016071382652641224,3.6641801171442525,0.2968478125127927,3.2143392370305204,0.9939688555038423,-0.11494026423643139,0.0,0.23089824441343165,0.0,0.0,10.0,0.0,1.6537625517911838,1.3885299929886763
6.904000000000001,4.5060919645394915,0.16619122045474657,-0.021922612636775994,1.0093751264462143,-0.10468787954094856,4.571342250837031,0.23556687409700902,-0.01458940883032689,1.007277061813905,-0.09495527818466912,0.02795535974364181,0.16321469782118267,0.15089918715040054,0.01557475920931856,nan,nan,nan,0.9943736398783246,-0.11733450539486438,0.0,0.2357519009042895,0.0,0.0,10.0,0.0,1.6589662554942417,1.4081024135910143
6.95,4.546480353408783,0.1658206978964382,-0.026108203095947972,1.0097726461874916,-0.1045787997156784,4.631793425680204,0.23457266457824993,-0.020860999634360496,1.0083827930142006,-0.10453414799305757,0.027948126200846357,0.16576632860079676,0.15295815382132358,0.0159846745981795,nan,nan,nan,0.994735718809679,-0.11724325884350682,0.0,0.23556687409700902,0.0,0.0,10.0,0.0,1.6563553154679562,1.4103366383460192
7.0,4.586881836351496,0.1652872498088498,-0.030272607108319055,1.0101363047215626,-0.10356667976030913,4.69218800354785,0.2370488415536721,-0.02141191955066324,1.0093322605346808,-0.0718299440250047,0.027064121092889422,0.1683012410436169,0.15493117538529047,0.015753418130049972,nan,nan,nan,0.995182436768088,-0.1181727821463849,0.0,0.2374519180632777,0.0,0.0,10.0,0.0,1.6583504268428386,1.4052844804694697
7.050000000000001,4.647502947508887,0.1641796994704493,-0.03644790702525157,1.0105316105769728,-0.10311970855916663,4.732555085912905,0.23613704204692326,-0.025318539577873448,1.0097543356842102,-0.08069769991289634,0.02705966542436755,0.16998030906841388,0.1562743780356898,0.01597574523772584,4.237246506407516,-0.4271217642931465,2.4814129207746483,0.995182436768088,-0.1181727821463849,0.0,0.2374519180632777,0.0,0.0,10.0,0.0,1.6583504268428386,1.4052844804694697
7.102,4.7081347779999065,0.16270019247681355,-0.04262863120030905,1.010831399125214,-0.10258893908854656,4.741319331519926,0.17379844544591952,-0.03248341270865528,1.0074094933953768,-0.07839417653323612,0.027500150602605588,0.16350037153949107,0.1511829618123147,0.015616292381281704,nan,nan,nan,0.9984276664258042,-0.08699348254233756,0.0,0.17442720113781796,0.0,0.0,10.0,0.0,1.6023352921538008,1.4921475703109741
7.15,4.748572552047628,0.16150791634763892,-0.046604744431667865,1.0115897538006298,-0.09677866805917926,4.781607866096336,0.17246016356603414,-0.03624909073132043,1.0088498279107845,-0.0882315524150864,0.02749170013387853,0.16520383604214858,0.15255617278983227,0.015884295388234056,nan,nan,nan,0.9984276664258042,-0.08699348254233756,0.0,0.17442720113781796,0.0,0.0,10.0,0.0,1.6023352921538008,1.4921475703109741
7.2,4.789038102644809,0.16015445592850214,-0.05031330333554853,1.0123441440947507,-0.09028527619084502,4.821918924975545,0.17242748196434537,-0.039129695658562724,1.0100246784080569,-0.10028076854666804,0.027143384808220303,0.16690000197768132,0.1538591072321491,0.01552753366094468,nan,nan,nan,0.9987618180071643,-0.08601730534688606,0.0,0.17246016356603414,0.0,0.0,10.0,0.0,1.593908357983396,1.4972461179596432
7.252000000000001,4.849773317065659,0.15782768413683831,-0.05541764826224744,1.0132116052300126,-0.0813452045148731,4.882499070636562,0.16997209756681883,-0.04446365733075508,1.0114055655514214,-0.09935333071839036,0.027136836042407467,0.16942820705158998,0.15588156605341338,0.015877663751889544,4.311013068641829,-0.4426038696395743,2.538899650040138,0.9989017375134552,-0.08600108513066546,0.0,0.17242748196434537,0.0,0.0,10.0,0.0,1.5834967926056618,1.5046956870228416
7.301,4.910536787952193,0.15515963965850327,-0.06000108561525577,1.013830834187957,-0.07283023840734051,4.863763149886868,0.10740183457919071,-0.05413415198446225,1.0085531063956006,-0.05115565633051822,0.028729427930916658,0.16218144881288013,0.15015572448097816,0.015392679159701328,nan,nan,nan,0.9991873126852576,-0.08478232336480726,0.0,0.16997209756681883,0.0,0.0,10.0,0.0,1.5730052438407576,1.5127171716491272
7.3500000000000005,4.951062183139108,0.15320217452232932,-0.06270022163924985,1.0144758277620007,-0.06396965032397703,4.924218611129764,0.10403414151524587,-0.05824227520496228,1.010481882484395,-0.04940140443894493,0.028723650280747335,0.16474440055816694,0.15222350042995775,0.015788134487452296,nan,nan,nan,0.9999998825008405,-0.053649385727704266,0.0,0.10740183457919071,0.0,0.0,10.0,0.0,1.538391218266443,1.5619601510995134
7.401000000000001,5.011880151456934,0.15001952443635272,-0.06608391705560157,1.0152052164123946,-0.05117382519065402,4.964598349758953,0.09595658505546863,-0.0666814300820371,1.011516913352878,-0.04116573209123305,0.029989700696570726,0.16644373050638123,0.15353104049077498,0.015316157827508739,nan,nan,nan,0.9999803307969102,-0.05197023126861306,0.0,0.10403414151524587,0.0,0.0,10.0,0.0,1.5271467329297677,1.566736817727716
7.45,5.052435381918947,0.1477469839810947,-0.0679171815982073,1.0154938664865862,-0.04255833502905643,5.025175202828296,0.091845656742211,-0.07068699831847436,1.0127067778977794,-0.055215307833398834,0.029976431170728093,0.16897627054017303,0.15555820250399996,0.015783243278904173,5.178254977221382,0.5187690636287638,0.7487537896324196,0.999824413197685,-0.04794152928134865,0.0,0.09595658505546863,0.0,0.0,10.0,0.0,1.509177018308683,1.579769534829486
7.500000000000001,5.0929922605995035,0.1453664823829677,-0.06940203053639155,1.0156446695188195,-0.0337065825879613,5.081401584747136,0.1300034273616676,-0.06852762727617458,1.014060389248619,-0.049233630503838235,0.029150999715421195,0.16180030943848905,0.14987876667086317,0.015306860782285627,nan,nan,nan,0.9996925847410237,-0.045890586845929546,0.0,0.091845656742211,0.0,0.0,10.0,0.0,1.4917110381471697,1.591960711392
7.550000000000001,5.15382145529884,0.14161700161741056,-0.07106839867189259,1.0157128699835742,-0.024996023973544085,5.142109768623555,0.12580629485673125,-0.07022451246873417,1.0144741942663522,-0.028471355239957464,0.029154234927865473,0.16436679907237794,0.15195103759521755,0.015816279147704636,nan,nan,nan,0.9999934578266748,-0.06491039616423802,0.0,0.1300034273616676,0.0,0.0,10.0,0.0,1.5246757010338015,1.5566386636442777
7.6000000000000005,5.194368265801581,0.139012453515162,-0.07198288594755878,1.0157140886871707,-0.02166480148601039,5.182695886429605,0.13212520578870177,-0.06033059617621639,1.0146374228680848,-0.009626371330066334,0.027189021796054168,0.16606863247447606,0.1532622774484439,0.015419358572145615,nan,nan,nan,0.9999725895264712,-0.06282037865686034,0.0,0.12580629485673125,0.0,0.0,10.0,0.0,1.5261965162830113,1.5529844081203137
7.651000000000001,5.255178785655323,0.13497245745070516,-0.07318011843606348,1.015698362561068,-0.019725637583507028,5.243466643528721,0.1284520769755139,-0.06145528865493866,1.0148119321217892,-0.04105971650605482,0.027178175139737543,0.16860469238870973,0.1552926631902094,0.015751434425578293,nan,nan,nan,0.9999964016770697,-0.06413794595256239,0.0,0.1284520769755139,0.0,0.0,10.0,0.0,1.535184872661863,1.5416998920842155
7.7,5.295711787895366,0.13220166107289283,-0.07395020385852731,1.0156380026150544,-0.018592556353302144,5.255246059687098,0.14756839591079352,-0.06988449912488459,1.0128484431007594,-0.02715289640333289,0.028437908682793167,0.1613384833266466,0.14953535206034527,0.015274389044430656,4.986225013374545,0.43726767683271506,0.6408631948176118,0.9999964016770697,-0.06413794595256239,0.0,0.1284520769755139,0.0,0.0,10.0,0.0,1.535184872661863,1.5416998920842155
7.751,5.356501986602878,0.12794697167589578,-0.07498430188958542,1.0156578969751073,-0.01654476977108551,5.315877369518235,0.14329202708409716,-0.07102976484885737,1.01342848884535,-0.005097200601560452,0.028443638038126863,0.16390486758576112,0.15161165717799446,0.015656532275036154,nan,nan,nan,0.9999929077335681,-0.0736507372520512,0.0,0.14756839591079352,0.0,0.0,10.0,0.0,1.545001672548613,1.5371028310188868
7.801,5.417288420293246,0.12358898217444605,-0.07593799962286704,1.0156903889367337,-0.015547697595730315,5.376649712033922,0.14355594340153688,-0.0657032679706351,1.01387628580726,-0.011608342825375172,0.027515642855642595,0.1664552594747968,0.1536071853777142,0.015323106340911006,nan,nan,nan,0.9999998779647432,-0.07152379978535076,0.0,0.14329202708409716,0.0,0.0,10.0,0.0,1.547740213243509,1.5320084842950192
7.851000000000001,5.4578082880601615,0.12063311885796958,-0.07657406616831593,1.0156533765207736,-0.01626298771820909,5.4171197134763975,0.1409014132007688,-0.06621499616140536,1.0140817737007846,-0.029702063660107678,0.027510553600277085,0.16814479398787818,0.15496108839354633,0.015576539252490267,nan,nan,nan,0.9999764782057928,-0.07231197694714424,0.0,0.1448765628793205,0.0,0.0,10.0,0.0,1.5607047224759614,1.5172415818107179
7.9,5.498323381922048,0.11764063032084383,-0.07722620382578003,1.015591322065344,-0.015916000299550665,5.485770344466647,0.08712697888447676,-0.06776504235059466,1.0163278715591824,0.00695251993730533,0.027829837172365382,0.16094920125933748,0.1492501189021184,0.01512040544514471,5.711071787191071,-0.425798728334201,1.4294971023123377,0.9999915148707659,-0.07033449643053796,0.0,0.1409014132007688,0.0,0.0,10.0,0.0,1.5416816952334647,1.5346476772680049
7.95,5.559081509593614,0.11309209626138603,-0.07805706760151453,1.0152823562151787,-0.011478757427733225,5.546598249115943,0.0830070331159159,-0.06842287944107461,1.0157558097681505,-0.027699130021627143,0.027817709168571406,0.16351850077233662,0.1513297983378284,0.01549930235779785,nan,nan,nan,0.9997064902121757,-0.04353596284074079,0.0,0.08712697888447676,0.0,0.0,10.0,0.0,1.5087748197267665,1.5577051650154339
8.003,5.619810762272736,0.10848328344304743,-0.07849840085558304,1.0148959085426998,-0.004061526141544129,5.5870075867176565,0.07643116046848057,-0.07381520103938355,1.0154421273340521,-0.03095724312813252,0.028579711945434766,0.1652224107322914,0.15264849032318664,0.01505712897004946,nan,nan,nan,0.9996370547845261,-0.041479710641892674,0.0,0.0830070331159159,0.0,0.0,10.0,0.0,1.4908857376477982,1.5759491024595877
8.05,5.660282463586502,0.10538430670157724,-0.07851498326493793,1.0146429924759581,0.0018909274404634174,5.647760395127571,0.07194472913209245,-0.0727615712221308,1.0149954117825686,0.01864594136416752,0.028592786519035972,0.16776247800142302,0.15468622555142134,0.015434396608068238,nan,nan,nan,0.9993657386796208,-0.038196992785022886,0.0,0.07643116046848057,0.0,0.0,10.0,0.0,1.4753754622545143,1.5894266179995884
8.1,5.720969979035868,0.10070793911303114,-0.07817309858908693,1.0143111388740575,0.007737865788983639,5.651991431111044,0.11184289567971059,-0.07160650595172946,1.0121132992297504,0.007281942564854838,0.028436305811605018,0.16062557161455843,0.1490132378727704,0.014977708276797482,5.314736129091473,0.5507515498803154,1.289240585900694,0.9993227830812087,-0.03595686038984767,0.0,0.07194472913209245,0.0,0.0,10.0,0.0,1.4933594501817649,1.5716556131750894
8.15,5.7614221345200285,0.09757709580066157,-0.07785486842666559,1.0143591089795971,0.007563473461721826,5.71257146942542,0.10753379236100942,-0.07049027869360414,1.0125731797486675,0.00031519655394861426,0.028434693560843965,0.16319803632615462,0.1510953219976772,0.015353447360278582,nan,nan,nan,0.9998735356575887,-0.05513855046704073,0.0,0.11038899402002067,0.0,0.0,10.0,0.0,1.5344107434481378,1.5428792256504578
8.200000000000001,5.801877763717214,0.09444034629425839,-0.07755932543739451,1.014435544598904,0.007561101923326337,5.7532357259174285,0.11109656132220265,-0.06303151869146452,1.012880008236993,0.00961701650226477,0.027177473587180007,0.1649048120770082,0.1524163311942334,0.015055533685917987,nan,nan,nan,0.9998593012418792,-0.05371517466404068,0.0,0.10753379236100942,0.0,0.0,10.0,0.0,1.5210619592506265,1.5542606877182479
8.25,5.862564953382655,0.08973321674855422,-0.07711216531911591,1.0145003255635634,0.006788357485506447,5.81389578008596,0.10726839995944278,-0.06289981267418689,1.0132493808315721,0.01508920178619435,0.027179100753417382,0.16744977236092673,0.1544555734031948,0.015375106542572741,nan,nan,nan,0.9999715723293248,-0.0554912527326312,0.0,0.11109656132220265,0.0,0.0,10.0,0.0,1.5382633547378484,1.5363915156942143
8.3,5.903024220230643,0.08659695341622344,-0.07686839071506132,1.0144960668988996,0.005720050118678648,5.86167301210342,0.018781425843457666,-0.059687006439753006,1.0143186220794091,0.021528121692984365,0.026855418056325474,0.16036254458196844,0.1488141936106147,0.014923136239044413,5.900825272717806,-0.8975300353911033,3.6902191586558257,0.9999565975106387,-0.053582860025637474,0.0,0.10726839995944278,0.0,0.0,10.0,0.0,1.5367943373796107,1.535967979704467
8.35,5.963706433962979,0.08190258438035979,-0.07645556526326712,1.0141919786672395,0.009787728867383159,5.922419359884016,0.015129189732016187,-0.06040310049770924,1.0140008027565472,0.00991347321550129,0.02684924388888735,0.16294001721837464,0.15089770387586293,0.015294152269802831,nan,nan,nan,0.9987353941739079,-0.009390436894796048,0.0,0.018781425843457666,0.0,0.0,10.0,0.0,1.4616172084237606,1.5882366613618897
8.401,6.024361806422069,0.07723216573930357,-0.07557292893439424,1.0137038096802733,0.018210271184358633,5.962787650987582,0.010109912614717513,-0.062247294803316144,1.0136924204655235,0.03408592326580818,0.027351050656096956,0.1646496556637693,0.15222053913474393,0.014853985157039304,nan,nan,nan,0.9986043632920057,-0.007564450581117139,0.0,0.015129189732016187,0.0,0.0,10.0,0.0,1.4616172084237606,1.5965278776039147
8.451,6.064784340711763,0.0741369691866515,-0.07472550151619443,1.0133899052353732,0.022839079254847124,6.023484860309157,0.006361616457282908,-0.06125778601360609,1.0132585083809782,0.012793016549733699,0.027343173193707066,0.1671986465774852,0.15426129551985765,0.015299999637092658,nan,nan,nan,0.9983649614991142,-0.0050549132522882,0.0,0.010109912614717513,0.0,0.0,10.0,0.0,1.463592134424363,1.5927979622830888
8.501000000000001,6.125399199973395,0.0695330130110757,-0.07311893155296745,1.0129789661581305,0.0296967007866748,6.013695591341878,0.003141716435041312,-0.07324147955174444,1.0096316619753647,0.012332005790637084,0.029532266714178877,0.16015075267379852,0.14864679697789204,0.014855003508677845,5.555013181990665,0.1196762065835101,0.9060248337777606,0.998314005678603,-0.003180797501387365,0.0,0.006361616457282908,0.0,0.0,10.0,0.0,1.4535312778567517,1.6030060218570314
8.55,6.165800841942893,0.0664981547277417,-0.0717794524853577,1.0128152633697562,0.03584538898222205,6.074116776241836,-0.0013105996269896674,-0.07292665373409246,1.0100115564381003,0.03011746471320614,0.029533350257807192,0.16273144178223617,0.15073205581059257,0.015221744432025269,nan,nan,nan,0.9974327601322215,-0.001570856925441658,0.0,0.003141716435041312,0.0,0.0,10.0,0.0,1.4342121322893582,1.6255532934654306
8.600000000000001,6.206198957824716,0.06349823955542673,-0.07020664093099993,1.0126449380470262,0.041217892980882076,6.114330666174356,-0.005881997060758319,-0.07441453412636666,1.0101776560810203,0.014379527336137246,0.029834059493321498,0.16444340336563315,0.1520571426020249,0.014790765732816138,nan,nan,nan,0.9972940692878094,0.0006552997196957129,0.0,-0.0013105996269896674,0.0,0.0,10.0,0.0,1.43664959893986,1.6202322049948719
8.65,6.266786555254552,0.059078167585719585,-0.06747865123639178,1.0123024235941256,0.04873634266102016,6.174780383661485,-0.010346351312254183,-0.07136935429259239,1.0103024961905125,0.05566616180706993,0.0298432541788688,0.16699613562885882,0.15409973176297223,0.015156351801590985,nan,nan,nan,0.9970095530914529,0.0029409900510613345,0.0,-0.005881997060758319,0.0,0.0,10.0,0.0,1.422592494169834,1.6308597175391946
8.700000000000001,6.307170770202353,0.05619498589959443,-0.06542610684354488,1.0120609330197774,0.05241589213213439,6.32056232154534,0.012017147247880399,-0.0666961350079416,1.017286893723826,0.03660535808610011,0.029239925233469657,0.1599808149641909,0.1485079553659009,0.014728146982282852,7.2349677510399735,0.25087949536178555,4.141596855369259,0.99707205401466,0.005173129509129796,0.0,-0.010346351312254183,0.0,0.0,10.0,0.0,1.4396756086719313,1.6132398281754456
8.752,6.367732400160887,0.05198121352124791,-0.06218443899944231,1.0114738752486947,0.05456606591633125,6.381439701066477,0.008030427594701598,-0.06259313674677225,1.0157110551077329,0.05492618477605906,0.029245622123977192,0.1625655176139265,0.15059467593293346,0.015092600380125113,nan,nan,nan,0.9982848027488249,-0.00401519221987842,0.0,0.008030427594701598,0.0,0.0,10.0,0.0,1.4615487725901735,1.5830040116761952
8.8,6.40808992142431,0.0492542272948432,-0.05999885362953884,1.0110744337918685,0.054483973705990105,6.421879149226228,0.003608833881738433,-0.06318950757706077,1.0148441877418233,0.028967830309919528,0.029587646930032435,0.16427963407718202,0.15192138253310766,0.01467638005675638,nan,nan,nan,0.9982848027488249,-0.00401519221987842,0.0,0.008030427594701598,0.0,0.0,10.0,0.0,1.4615487725901735,1.5830040116761952
8.850000000000001,6.468611813487868,0.04529874285152532,-0.05671736258929608,1.0106423444831218,0.05539057142547336,6.482630744771298,-0.00015049683951967921,-0.05959765305393461,1.0137570177222255,0.05401408075530455,0.02959309338168772,0.16683496870489703,0.15396473335811015,0.015039692564070584,nan,nan,nan,0.9981165267459685,-0.0018044149825270082,0.0,0.003608833881738433,0.0,0.0,10.0,0.0,1.4468573943217153,1.5981146121095144
8.901,6.529124013347093,0.041516813485374476,-0.053360578769235924,1.010369443129742,0.055934221619968194,6.50926244663398,0.03681029922696346,-0.05354543520489985,1.012123749557365,0.056997400641931845,0.02889904210404847,0.1598446379417125,0.14839106797237533,0.014624634274396118,6.366958323933802,0.4091920842278887,0.6814536880288107,0.99938257069378,-0.018403071790507868,0.0,0.03681029922696346,0.0,0.0,10.0,0.0,1.505393954317845,1.556447480948488
8.951,6.5694709069908415,0.039093997394745325,-0.05120452595497849,1.0105243032518247,0.05234841133315795,6.569900523583381,0.03363396195342639,-0.04901690562170691,1.0120038769039523,0.08159328292962592,0.028909463027370658,0.16243160342851456,0.15047753664348942,0.014986826564521464,nan,nan,nan,0.99938257069378,-0.018403071790507868,0.0,0.03681029922696346,0.0,0.0,10.0,0.0,1.505393954317845,1.556447480948488
9.0,6.609830449343383,0.03675067484283405,-0.04921579775130544,1.0107162148350308,0.04793163598335774,6.61018585076871,0.028931094504774487,-0.049785523593392174,1.0120552570282364,0.04197568140386542,0.029393700039128515,0.16414754220695427,0.15180488533325898,0.014582258821220764,nan,nan,nan,0.9994815761860226,-0.016815395904113094,0.0,0.03363396195342639,0.0,0.0,10.0,0.0,1.519745241204976,1.5426215160122445
9.05,6.670390918988492,0.03338454481791953,-0.04652366380964033,1.0109385099910728,0.04378580251842992,6.6708372094445885,0.02595694752021122,-0.047269288120135304,1.0120790957560548,0.03759472079875168,0.029394031065566047,0.16670595630855617,0.1538479980555361,0.014943322324075158,nan,nan,nan,0.9993810251586897,-0.013962311245728736,0.0,0.02792643723204662,0.0,0.0,10.0,0.0,1.4935208181269028,1.5671826157774498
9.102,6.730971025870588,0.03019501912666406,-0.04395850665091466,1.0110847885259673,0.04193689969462751,6.714163953045516,0.09679974489183092,-0.043889889378528224,1.0107023898318224,0.009395667543881853,0.029451526398072067,0.16060147041184894,0.1489879828506122,0.014659024540143454,6.526016704595868,0.8773903799482147,2.7501989957671062,0.9994121026526718,-0.012977745132323179,0.0,0.02595694752021122,0.0,0.0,10.0,0.0,1.5754877635859306,1.5626786195707134
9.15,6.771370802449184,0.028160330903095034,-0.04246589045380473,1.0113448492184793,0.03388323805417076,6.754556856480078,0.09502603993971155,-0.042082733814461815,1.0110807714369732,0.04874670692997984,0.02946416297634371,0.16232671979888041,0.15037636608835003,0.014898700422533644,nan,nan,nan,0.999988632474134,-0.048797026868614826,0.0,0.09767158960940672,0.0,0.0,10.0,0.0,1.5754877635859306,1.493314192781282
9.200000000000001,6.8117843045421775,0.026193460904360113,-0.04130385294757885,1.011577032293212,0.026509182166957253,6.794898862473581,0.09201793570285408,-0.04279812612468304,1.0113611225771508,0.016433514464734456,0.029688446798338184,0.16404476010729066,0.1517045282141834,0.014503520558223619,nan,nan,nan,0.9999854492823287,-0.04747731497683551,0.0,0.09502603993971155,0.0,0.0,10.0,0.0,1.5649269962000538,1.5018854106951895
9.25,6.872423771292317,0.023361983335462307,-0.0399850688129158,1.0118200835701052,0.01953671045411865,6.855533544128034,0.08945874321504255,-0.040882933414170264,1.0116830957786116,0.025687245545468244,0.029693585553566864,0.16660626131613918,0.15374772384673635,0.01486236370903282,nan,nan,nan,0.999994948831904,-0.045976544708942246,0.0,0.09201793570285408,0.0,0.0,10.0,0.0,1.5480266843979,1.517452356413732
9.3,6.91285964911822,0.021545603659384106,-0.039290940687001855,1.011923442080783,0.01599414000863806,6.861596982008788,0.023780028824412672,-0.03579221135504307,1.0097084609061429,0.016602462898331997,0.02904795910228356,0.15965344938837497,0.14820314838810433,0.014466297170042698,6.5281615372059605,-0.6956135381438884,2.7071270739782545,0.9999927166243332,-0.044699577098887874,0.0,0.08945874321504255,0.0,0.0,10.0,0.0,1.5519204496155066,1.51199029502853
9.353,6.973523749368233,0.01891364220996933,-0.038412742954622506,1.0120750591606416,0.01531355751341332,6.9221527626891595,0.021599942821092743,-0.0363677731815355,1.0103423540198269,-0.002397212451636716,0.029042524971002365,0.16224638771801292,0.1502896438748538,0.014953272688651072,nan,nan,nan,0.9997143427001202,-0.01188945415293488,0.0,0.023780028824412672,0.0,0.0,10.0,0.0,1.4965783867257494,1.5589215084073795
9.401,7.034201855877145,0.016381969772657403,-0.037381020978499074,1.0122027228134123,0.018686038034106185,6.962423579559605,0.017725601585663667,-0.037570400880202914,1.0106542775654541,0.02110835960470873,0.029463481962622724,0.16396624176797042,0.15161857776738122,0.01450170128428019,nan,nan,nan,0.9996731508276415,-0.010799551539264766,0.0,0.021599942821092743,0.0,0.0,10.0,0.0,1.4965783867257494,1.5677651043058651
9.451,7.074658455499072,0.014744369085161066,-0.03659041968474321,1.0122256660687197,0.02029441881356879,7.023027946455341,0.015451769926011107,-0.037218046480484546,1.010995213128253,0.012847001514543262,0.029460481794655657,0.16653032189173547,0.15366189017921517,0.014856687257619941,nan,nan,nan,0.9995879584866224,-0.008862568748351927,0.0,0.017725601585663667,0.0,0.0,10.0,0.0,1.500042410941597,1.5621305806666956
9.5,7.115116057678983,0.013144732042110809,-0.03574277006976249,1.0121967410797623,0.02179107182762004,7.120615044055726,-0.0826421634484022,-0.039786924412577473,1.0152702358868584,-0.003950390645813569,0.029841909709272512,0.15959015754719497,0.14812925243345848,0.014459021519044758,7.603455338999515,-1.0733646331671645,5.449304053406696,0.9995651331930466,-0.007725731250959353,0.0,0.015451769926011107,0.0,0.0,10.0,0.0,1.4945252442969217,1.5658708729394704
9.552000000000001,7.175785252007692,0.010819664842985752,-0.03420299142588588,1.0113758950498375,0.031236668599880744,7.181461103769581,-0.08506217405595666,-0.039370348145536305,1.0137537233173022,0.02806524056215358,0.02984549598433326,0.16218461133715037,0.15021661002754855,0.014810462784172427,nan,nan,nan,0.996714451627658,0.04129758814480804,0.0,-0.0826421634484022,0.0,0.0,10.0,0.0,1.3917440195912258,1.6321149990712154
9.600000000000001,7.216192882033456,0.009324401613014803,-0.03273032313477125,1.0105853855730003,0.03973101314415895,7.2220068973589955,-0.08585509216703564,-0.038385260880890115,1.0126958889867885,0.0027173238067368863,0.02970480395008989,0.1639050447929046,0.1515465932616391,0.014490523037828565,nan,nan,nan,0.9966500472305682,0.04250547009152659,0.0,-0.08506217405595666,0.0,0.0,10.0,0.0,1.4045439211829684,1.6224950709179864
9.65,7.276757605901748,0.007171056237383017,-0.02998161672746734,1.0096783573834647,0.05016415190093052,7.282698864050115,-0.08812019616569698,-0.034541728625411494,1.0114247103217342,0.07022953711683635,0.02971841665929411,0.1664695904446647,0.15359040348110167,0.014842039117741462,nan,nan,nan,0.996698073822671,0.04290120660836717,0.0,-0.08585509216703564,0.0,0.0,10.0,0.0,1.396260941283065,1.6335352368538936
9.703000000000001,7.3372842326966765,0.005141719538337724,-0.02675277448974101,1.0091049306310498,0.05542238162412329,7.3221137188583745,-0.14317895125705343,-0.029985620347833034,1.0093838134872835,0.0674320403599715,0.029420465129550953,0.16040525848380546,0.14876569928132027,0.014561275437736686,7.087796553242867,-0.7245624099744851,1.6433410774646269,0.9947490516458304,0.07114693736523366,0.0,-0.14253445367939213,0.0,0.0,10.0,0.0,1.3651802007053686,1.657007156335357
9.751000000000001,7.3776166867118835,0.003869776463063441,-0.024369922519120988,1.0085581488485436,0.0627396378634053,7.362465441277406,-0.14435903765207414,-0.027770294457997835,1.0087580166634054,0.053801931177509324,0.02941539097251589,0.162133982861522,0.15015439490676089,0.014794780655920568,nan,nan,nan,0.9947490516458304,0.07114693736523366,0.0,-0.14253445367939213,0.0,0.0,10.0,0.0,1.3651802007053686,1.657007156335357
9.8,7.417929609036079,0.0026719387042858644,-0.02168700260548677,1.008064791629396,0.0691292857282716,7.402910738320098,-0.14285861639786793,-0.022269966047177462,1.0083089318195704,0.05445741411657805,0.02899119415112569,0.1638554987757196,0.15148458445983654,0.01440648416410781,nan,nan,nan,0.9950216353687467,0.07205456025791812,0.0,-0.14435903765207414,0.0,0.0,10.0,0.0,1.3856211655430315,1.6404521555098424
9.850000000000001,7.478375400346973,0.0010280182383934934,-0.01731827970392412,1.0075996384136583,0.07493896259404012,7.46338545649001,-0.14412939182156012,-0.018530235764786074,1.0078785162376345,0.05587944337873217,0.028990021617229134,0.1664222459628576,0.15352786340764418,0.014756443778432498,nan,nan,nan,0.9956247578090506,0.07130819781566337,0.0,-0.14285861639786793,0.0,0.0,10.0,0.0,1.3975488754854897,1.63405118818045
9.9,7.518664945960161,4.467066034899372e-05,-0.014254372574465709,1.0074383769466753,0.07745612555559624,7.464015996340003,-0.14763804555924517,-0.008964292591642666,1.0050611764804285,0.08291298533190815,0.028151308001650707,0.1594998930522044,0.14801299922849712,0.014367793629670937,7.087297562519832,-0.2375266917188459,0.6010234270266798,0.9959103288404835,0.07194033151482805,0.0,-0.14412939182156012,0.0,0.0,10.0,0.0,1.4038130147084635,1.6307596199168162
9.951,7.57910077012601,-0.0012451943300741928,-0.009543444763382057,1.0075397787992535,0.07847213058198714,7.52432875305203,-0.14808376012406424,-0.005335906334642981,1.0057347059223496,0.05839734705451562,0.028144333412487586,0.162098232849871,0.15009928569462389,0.014717003014627653,nan,nan,nan,0.9965864601658398,0.07368537342420738,0.0,-0.14763804555924517,0.0,0.0,10.0,0.0,1.4326581289286775,1.615341693443355
10.0,7.61940323241146,-0.0019737018213586387,-0.0064066068098020445,1.0077311292193556,0.07852048387629287,7.56468350598987,-0.14503885476920272,0.0020533628504004753,1.006211806696535,0.08744352451783516,0.02763455865253896,0.1638219384942051,0.1514296404034154,0.014337032172249088,nan,nan,nan,0.9968619220025238,0.07390701925352859,0.0,-0.14808376012406424,0.0,0.0,10.0,0.0,1.4274336984964744,1.6203019816059128
10.05,7.679874828636504,-0.0028583192561350457,-0.001727235149498835,1.0080391665197008,0.07681039321300195,7.6250694564379895,-0.14481340928456257,0.006714332394201606,1.0069039149971193,0.06460740143739907,0.02763082509240353,0.1663919742949963,0.15347243765652555,0.014685441368909669,nan,nan,nan,0.9975272086946082,0.07239269884503238,0.0,-0.14503885476920272,0.0,0.0,10.0,0.0,1.4537805050124715,1.5974044707305812
10.100000000000001,7.720202116747173,-0.0033057746937269566,0.001299412542396686,1.0082493136713915,0.07508191539780648,7.643225002278615,-0.1618861635112028,0.005650795149195531,1.0058303490176905,0.04469534842066809,0.028052251507692725,0.15947607816630033,0.1479651097722151,0.014304311391040015,7.4255665574865555,-0.31778519313790143,0.2831760501449679,0.9978513045003387,0.07228056490647082,0.0,-0.14481340928456257,0.0,0.0,10.0,0.0,1.4515082875464165,1.5997375036069093
10.15,7.780708228157587,-0.0037576694435456355,0.005785788385226683,1.008465207915822,0.07538368725638692,7.7035898286570275,-0.1615189120574551,0.007846813552977228,1.006569036022228,0.0529884030738143,0.028052071170945787,0.16207711418012088,0.15005147387186543,0.014782729961154515,nan,nan,nan,0.9971801042133543,0.08076699960843912,0.0,-0.1618861635112028,0.0,0.0,10.0,0.0,1.4275555540179603,1.6211154903773544
10.201,7.841224438394277,-0.003941887881202154,0.01035148431368669,1.0085725904196798,0.07636506171574602,7.743758191888127,-0.16451694738022377,0.007351907218407394,1.006932926457171,0.06562886105227689,0.028583770609819478,0.1638023861805518,0.1513824802038484,0.014345423716092837,nan,nan,nan,0.9973557757955422,0.08058456643452919,0.0,-0.1615189120574551,0.0,0.0,10.0,0.0,1.4334401289070233,1.6139576443396404
10.25,7.881570509448213,-0.003914802361084298,0.013411766348607712,1.0085708951072077,0.07656206699101568,7.804180916452488,-0.16399640439694224,0.011467158748735162,1.0073248438316058,0.0579411621320557,0.028580834692441277,0.1663743668820331,0.1534255360603574,0.014690612140208179,nan,nan,nan,0.9972096262146993,0.08207369051387856,0.0,-0.16451694738022377,0.0,0.0,10.0,0.0,1.4337739353434225,1.6108783934679816
10.3,7.92191600161867,-0.0037669019707957203,0.016474778319706018,1.0085707279357312,0.07651308228324485,7.823354955080204,-0.14278163048749892,0.017109925943641358,1.0061045116318472,0.09901676519905292,0.02840501546584664,0.15946210040706604,0.14792488045169166,0.014440592322911673,7.615438574870337,0.06225176991585876,0.34344448075937506,0.9975265994537558,0.08181516280954204,0.0,-0.16399640439694224,0.0,0.0,10.0,0.0,1.4373411769165538,1.6081779365139055
10.466000000000001,7.942088652447344,-0.0036474197920201455,0.018003733796848956,1.0085746096242674,0.07642321749046395,7.823354955080204,-0.14278163048749892,0.017109925943641358,1.0061045116318472,0.09901676519905292,0.02840501546584664,0.15946210040706604,0.14792488045169166,0.014440592322911673,nan,nan,nan,0.9985337070726922,0.07126990015545383,0.0,-0.14278163048749892,0.0,0.0,10.0,0.0,1.4834483540118766,1.5734021413507653
10.5,8.12372981841028,-0.001238743255006987,0.030098658109662675,1.0096284583244466,0.05817440358816496,8.083950741363335,-0.08391507709777087,0.03342365761770072,1.0127221440330592,0.046634899300407914,0.028014553648136577,0.1594521115594034,0.14789194123476251,0.014301260384814983,8.593672154179934,0.4599988564978636,2.5285766982038846,0.9995336700034415,0.06619823337839396,0.0,-0.1325902025614863,0.0,0.0,10.0,0.0,1.4986622430703724,1.5586454960257015
10.55,8.184301283550637,7.194449415122035e-05,0.033356130190481476,1.0096595781422166,0.05068954843939903,8.144668978683386,-0.08179760316118816,0.037509441419657286,1.0122067538599797,0.05508061864086841,0.028019823752477153,0.16205372434159293,0.14997962957258348,0.014643102004279504,nan,nan,nan,0.9999464986157183,0.04376791799289173,0.0,-0.08391507709777087,0.0,0.0,10.0,0.0,1.5223675459398507,1.524042559934387
10.600000000000001,8.224675566832634,0.0010725525535120826,0.03523829148526186,1.009587179235394,0.044779753454902024,8.18513571050742,-0.07893905575693064,0.0403506333920336,1.0118615320761302,0.024325840669945503,0.027815622756608035,0.16377865175629144,0.15131230680250493,0.014267358407010466,nan,nan,nan,0.9999785494668892,0.044059343678274125,0.0,-0.08179760316118816,0.0,0.0,10.0,0.0,1.532000202491806,1.5156010656868375
10.65,8.285228572840012,0.0027493319775983194,0.03764970548108587,1.0095360097200632,0.03739577883536136,8.245787149888487,-0.07644641011263573,0.04289173251365952,1.011445389794958,0.047098667904787395,0.027822328117958914,0.1663491359950542,0.15335683984834403,0.014608712775376233,nan,nan,nan,0.9999951396253045,0.04346844628978845,0.0,-0.07893905575693064,0.0,0.0,10.0,0.0,1.5251183693419037,1.5230579649600653
10.700000000000001,8.345773936530918,0.004618348224019511,0.039654772594509245,1.0095272574603675,0.030386424278564743,8.283770367681207,-0.11642857549016192,0.04153228456678093,1.0096044586812816,0.04672296847024115,0.028249868370080717,0.16030764003409384,0.148565237883309,0.014346343838699626,8.040772947190794,-0.5383766814688594,0.9651471282807439,0.9999997825523859,0.04355119839144746,0.0,-0.07644641011263573,0.0,0.0,10.0,0.0,1.5382683683618452,1.5106212557910104
10.751000000000001,8.386136012368905,0.005960767788830904,0.040832012881034906,1.0095961195387315,0.029430332134308523,8.324119752716705,-0.11473633953107838,0.04349417683467127,1.0096789236488242,0.05067600214433914,0.028251912648954658,0.16203917949104968,0.14995464614440743,0.014573250415206221,nan,nan,nan,0.9996567034176038,0.06773595706836534,0.0,-0.11642857549016192,0.0,0.0,10.0,0.0,1.500811264392115,1.550359367965322
10.8,8.426497613944056,0.0073746348657400705,0.04200425936248907,1.0096415013743922,0.02913614694781036,8.364471503668941,-0.11451036305504511,0.04256149819717026,1.0097330573748924,0.006783842548945527,0.028473906717078362,0.1637631959848766,0.15128788762751455,0.014205071126295397,nan,nan,nan,0.9996909443765174,0.06835666038014233,0.0,-0.11473633953107838,0.0,0.0,10.0,0.0,1.5040554934435648,1.5466662280446077
10.851,8.487037504708434,0.009617994933406327,0.043763703431205475,1.0096658074098324,0.030176904701972852,8.425000865502232,-0.11192092326493434,0.04456429669684159,1.0097713787965183,0.05166394490144724,0.028482964478160046,0.16633283403329427,0.153332670105844,0.014545413673558862,nan,nan,nan,0.9996263204234834,0.06990021987809482,0.0,-0.11451036305504511,0.0,0.0,10.0,0.0,1.482055258089846,1.5674818219903746
10.9,8.527394838933494,0.011190356712967024,0.04498970741579521,1.0096728554123662,0.03048122573232669,8.481228113105239,-0.16420991651227532,0.0437357597095871,1.010699409924474,0.02006266162231006,0.028737005106853803,0.159425282616973,0.14784608416734984,0.014175836219647372,8.602441418270699,-0.719781850353537,1.4428565085891072,0.9996521366610546,0.07094169266258857,0.0,-0.11192092326493434,0.0,0.0,10.0,0.0,1.5011101837607201,1.5480124625933716
10.950000000000001,8.58791752518116,0.0136584120677032,0.0469319368728963,1.0092931830019165,0.036017484602983825,8.541802319751495,-0.1615173808468312,0.045578088249615956,1.0101046630713197,0.026993342082291327,0.028737373792739437,0.16202464282173434,0.1499345031042494,0.014515662611786828,nan,nan,nan,0.9979548689982874,0.1077018206419953,0.0,-0.16420991651227532,0.0,0.0,10.0,0.0,1.4232711733801666,1.6088601343454354
11.002,8.648401508699441,0.016259066664935172,0.04939555150057928,1.0087626053720329,0.04431546426762385,8.582189373112238,-0.1625465785030171,0.04382234167330168,1.0096577240353095,0.044339467032311994,0.02916035682367324,0.16374845133454843,0.15126827361148565,0.01415352151189093,nan,nan,nan,0.9979052722333164,0.11031539572430207,0.0,-0.1615173808468312,0.0,0.0,10.0,0.0,1.422016951014033,1.607957372284733
11.053,8.688703881687838,0.018068373714804742,0.051284655099952926,1.0084178059295266,0.04889753255795749,8.642696225703938,-0.15984861073374687,0.046577066852428566,1.009032816245936,0.05286030999197446,0.029160928538095345,0.16631783910049797,0.15331323892964457,0.01449277766387384,nan,nan,nan,0.9975051733246534,0.11722923916250202,0.0,-0.15984861073374687,0.0,0.0,10.0,0.0,1.4251392259441986,1.606605551880294
11.101,8.749128762827546,0.0209033602704717,0.0544152964705433,1.0079930254439011,0.05426732040672978,8.734019080332828,-0.10788194402935133,0.04252706699792341,1.0123419124156368,0.035265756663419315,0.02999413591920318,0.15941243206101147,0.14782956006713907,0.014128634503649892,9.168238471380363,0.48606897180252595,2.4385812646219267,0.9975051733246534,0.11722923916250202,0.0,-0.15984861073374687,0.0,0.0,10.0,0.0,1.4251392259441986,1.606605551880294
11.15,8.789396323283096,0.022878753740928157,0.05659310187528608,1.0077997811217876,0.05406941490441859,8.794680203346008,-0.1052548904371125,0.04482386929340754,1.0112919721812523,0.0385728003931124,0.029994378956382624,0.16201167876615002,0.14991812396730564,0.014600288578567449,nan,nan,nan,0.9990977057354511,0.08501071058844997,0.0,-0.10788194402935133,0.0,0.0,10.0,0.0,1.461211749670579,1.5726729685467835
11.200000000000001,8.829654340673462,0.02492583864524283,0.0587331020946513,1.0076781362621292,0.05316118482321538,8.835205306597391,-0.11039646536228524,0.0381657259575654,1.0107856486559401,0.04352891561791876,0.030994547406007978,0.1637353801861893,0.1512522508303007,0.014177721291850343,nan,nan,nan,0.9991063149192058,0.08710431926018758,0.0,-0.1052548904371125,0.0,0.0,10.0,0.0,1.4639326455413697,1.5725614530622487
11.251000000000001,8.890025811796146,0.028138242706689614,0.06191758003444195,1.007471539082143,0.05373886394770727,8.89579200569233,-0.10804091037667957,0.04020983577396153,1.0100249624929472,0.045754787652056116,0.03099398158091897,0.16630462051413117,0.1532971061523777,0.014514203860668536,nan,nan,nan,0.9984139063305344,0.09449534745607995,0.0,-0.11039646536228524,0.0,0.0,10.0,0.0,1.4422419606214503,1.589616686772673
11.3,8.950373050986203,0.03152802164224299,0.06521612869020513,1.0072493697657054,0.05582649226960893,8.901356541128672,-0.13089815165923765,0.047168258256720996,1.007138592115275,0.049202933796370515,0.030433669246878278,0.1594009133564652,0.1478155970359795,0.014145927179529979,8.571605723572278,-0.43499335937089306,0.8190189456603119,0.9983574056945042,0.09753424922202883,0.0,-0.10804091037667957,0.0,0.0,10.0,0.0,1.4419770196468675,1.5911286681539185
11.350000000000001,8.99059239657268,0.03389032516685523,0.06752099953966514,1.0071406985906317,0.05887809339836696,8.961713460937434,-0.1279996722620121,0.050253529059141044,1.0070638698970849,0.056196802771059436,0.030434115213596492,0.16200008577528704,0.14990391799022706,0.014482032527231226,nan,nan,nan,0.9974508206910291,0.11858622656075915,0.0,-0.13089815165923765,0.0,0.0,10.0,0.0,1.4223236774452157,1.6117116532877682
11.4,9.03080308565611,0.03633795959519496,0.0699502546010922,1.0070473286049961,0.06176259362833188,9.001937069826129,-0.12569239556458767,0.05304447104218824,1.0070082441617911,0.039923824077627214,0.03039598904692179,0.1637239650273291,0.1512383751285009,0.0141214808953501,nan,nan,nan,0.9973797370727311,0.12266082183833914,0.0,-0.1279996722620121,0.0,0.0,10.0,0.0,1.4161468062845073,1.616847625825123
11.450000000000001,9.091101642892566,0.040175410963906304,0.07379660824370704,1.0069041927233282,0.06588557981071286,9.062266727038068,-0.12241581613486435,0.05805615664262076,1.0069324279465646,0.09557760841356419,0.03040793639661769,0.1662937172200405,0.15328352703352455,0.014457149801941674,nan,nan,nan,0.9973923775321943,0.12527682582869704,0.0,-0.12569239556458767,0.0,0.0,10.0,0.0,1.4161468062845073,1.616847625825123
11.5,9.12952796053295,0.04298407595998092,0.07630624043746397,0.8904946903780845,0.05228095582844827,9.167844693436033,-0.11674167498141447,0.054290127744323964,0.7646564155457296,0.025257517161046652,0.031120807929557785,0.15939212945959183,0.1478014944184282,0.014094961114930808,9.755515867819144,-0.026454417856962245,1.6630060176150443,-0.6950338770889434,-0.06113164282757566,1.0,0.12241581613486435,10.0,0.0,0.0,0.0,-3.1790170972046443,-3.5982916458975955
11.55,9.171192322794077,0.045858523020795953,0.07808865442246218,0.5697151310198572,0.01045257366532105,9.207157989455041,-0.11457576559708924,0.0550190334543288,0.45778680887691814,-0.03865644676809334,0.031116265095378497,0.16200976470687248,0.14986497662675533,0.014430239443347143,nan,nan,nan,-0.6955675289794464,-0.05830467985986587,1.0,0.11674167498141447,10.0,0.0,0.0,0.0,-2.891372628328808,-3.235738076497767
11.601,9.196383377172642,0.0472700395434154,0.0782127008800788,0.323199304606436,-0.008735999249197874,9.223772741063737,-0.11092953402842375,0.05785128883987544,0.30103963510646686,-0.00261585127129587,0.030723054865211548,0.16377837211977028,0.1511749302893999,0.014072334262874842,nan,nan,nan,-0.6955950482969083,-0.0572253348550138,1.0,0.11457576559708924,10.0,0.0,0.0,0.0,-2.4855261099068455,-2.7788315127310446
11.65,9.205826052329058,0.047675779907565545,0.07764585276597506,0.18597426014380325,-0.01951787237733924,9.237483702344093,-0.11014161726502088,0.056923683938230336,0.0936068378330799,-0.015564195248745928,0.030725535131759834,0.16649923564683913,0.1531645776642639,0.014487507085205579,nan,nan,nan,-0.695515114365177,-0.055407995598869775,1.0,0.11092953402842375,10.0,0.0,0.0,0.0,-2.2585432444047076,-2.5848584648589394
11.700000000000001,9.210179812096893,0.047742882001953715,0.0766196213533764,0.06548978091992992,-0.029211546858894193,9.212403205546147,-0.082111115150116,0.05780613127050093,-0.021635510449013733,-0.054173469271814975,0.03052484497500014,0.15972911925414562,0.14766879975335626,0.014121147847351235,8.964490593223491,0.20155316762064565,0.6267352978839268,-0.6956189648153764,-0.055015236914730536,1.0,0.11014161726502088,10.0,0.0,0.0,0.0,-1.9740770527270397,-2.2871918964504885
11.75,9.208478697885875,0.047334169069549056,0.07443641266994432,-0.0928747095058074,-0.039299895607011914,9.207905960118957,-0.08236851639213576,0.05530574628744045,-0.1762173189406914,-0.058150771128562435,0.030526668409109572,0.16273414596314567,0.14968601618528352,0.014453881253625294,nan,nan,nan,-0.6965836054028964,-0.04103251369010685,1.0,0.082111115150116,10.0,0.0,0.0,0.0,-1.855959419181023,-2.099874402458563
11.801,9.198138409303299,0.04639989468633413,0.07181205429946066,-0.22626863308127473,-0.04592893152368578,9.200003319691923,-0.08231815891508924,0.054081862509463896,-0.26044491920241003,-0.05728964146956282,0.030439969346844852,0.16483277515592906,0.15098613321922597,0.014094501911285202,nan,nan,nan,-0.6967454836062325,-0.04116099706523357,1.0,0.08236851639213576,10.0,0.0,0.0,0.0,-1.6423156560142378,-1.8768977604161055
11.851,9.18719411497166,0.04553850682114353,0.06986013945485162,-0.3022281088652433,-0.05000531507927784,9.182050640755646,-0.08327409084770651,0.0512371842733872,-0.3728283026940248,-0.061949343046800505,0.03044081328472269,0.1681038921566569,0.15294933259002236,0.014426927557374509,nan,nan,nan,-0.6968291515717238,-0.04113586093512467,1.0,0.08231815891508924,10.0,0.0,0.0,0.0,-1.5282207842976663,-1.7606969099369232
11.905000000000001,9.165653961097087,0.04395401095972865,0.06667530009465969,-0.3979220266115335,-0.05481047766343898,9.142520993448635,-0.0383421729057285,0.04907760735362121,-0.461965497554797,-0.051352011582036824,0.030371004370926383,0.16256996044727776,0.14815463801256967,0.014179654873962635,9.022653511155308,0.45017985445571573,1.1239291441650117,-0.6983336253948221,-0.018952352895396984,1.0,0.03790924479459755,10.0,0.0,0.0,0.0,-1.3181666292564802,-1.4899305705548864
11.950000000000001,9.148426095100568,0.04274624291606776,0.06447155659077201,-0.4511558763687133,-0.05497452706081575,9.123566185245172,-0.039262493111033456,0.04694518457781526,-0.5108796052993563,-0.05274789076303073,0.03037088615485295,0.16488822658240265,0.14948839981061404,0.014400710470103006,nan,nan,nan,-0.6983336253948221,-0.018952352895396984,1.0,0.03790924479459755,10.0,0.0,0.0,0.0,-1.3181666292564802,-1.4899305705548864
12.0,9.11902691719994,0.0407656961559353,0.06122234838664019,-0.5171263481989803,-0.05340511196226938,9.10267484150536,-0.037256748286997626,0.050744594724205346,-0.5504513029172624,-0.047661724771263306,0.029595887008667773,0.16723044265697734,0.15079792244957227,0.014047023686334157,nan,nan,nan,-0.6984493429319638,-0.019628725270335323,1.0,0.039262493111033456,10.0,0.0,0.0,0.0,-1.2174797553759351,-1.3699422238732506
12.053,9.097474574770967,0.03936562001642569,0.0591027032335423,-0.553036543620841,-0.05288456969127121,9.068619410588084,-0.038946382323006595,0.04722142152523112,-0.6010228904792003,-0.04979624748463643,0.029595623274121234,0.1707606262650328,0.15275989580429736,0.014378793214472052,nan,nan,nan,-0.6984438318384402,-0.01947073027643853,1.0,0.038946382323006595,10.0,0.0,0.0,0.0,-1.0863399220698013,-1.2428790607137354
12.100000000000001,9.07460821584971,0.03792074835119577,0.05700548062844394,-0.5835998501699463,-0.05213795177680834,8.982416046375224,0.02220504975268219,0.04612186003904739,-0.6359494984577703,-0.0573478361148814,0.029419916559454123,0.16376656322272912,0.1473288185797211,0.01402663270349065,8.46767252109954,0.6847004015067252,3.160741487607806,-0.6984438318384402,-0.01947073027643853,1.0,0.038946382323006595,10.0,0.0,0.0,0.0,-1.0863399220698013,-1.2428790607137354
12.152000000000001,9.038305469984975,0.03570956637461156,0.054018237618915256,-0.6207996916679258,-0.04646894371032195,8.943644571578304,0.020452041858131743,0.04357413576501035,-0.6664465466681697,-0.035412872376972396,0.029423261006176583,0.1672788546414611,0.14933913413400424,0.014358055055796352,nan,nan,nan,-0.6995708088411543,0.011102068721916769,1.0,-0.02220504975268219,10.0,0.0,0.0,0.0,-1.0897241044387838,-1.1455550886380759
12.200000000000001,9.000076567144244,0.033484110437784355,0.05150272687826584,-0.6494477453718531,-0.03918323604496331,8.916880528076007,0.017974266366688488,0.03768490655999779,-0.6814276805765944,-0.020895166640921135,0.030039762866384045,0.16959903864274622,0.15066130509050965,0.014008792786668806,nan,nan,nan,-0.6996107938848792,0.010225664501299025,1.0,-0.020452041858131743,10.0,0.0,0.0,0.0,-1.0385098069572631,-1.1072082866992616
12.251000000000001,8.97374651341191,0.03200600950283883,0.05003008419436911,-0.6648537779449629,-0.03546117454634313,8.875623133441763,0.016465762949493153,0.03427807154538831,-0.7001977772464003,-0.04556369161289399,0.03003416406140625,0.17303259848165403,0.15263046856469256,0.014339844124622362,nan,nan,nan,-0.6997117681533106,0.008986891235791994,1.0,-0.017974266366688488,10.0,0.0,0.0,0.0,-1.0178635639311249,-1.08451182059669
12.3,8.946856754322297,0.030538060923660713,0.04870562518161576,-0.6778352802180694,-0.03147583087080798,8.836043184774756,0.029955736670090667,0.03956948740419409,-0.7110449016051533,-0.015484457064327488,0.02931274373541081,0.16559598172688772,0.14722617358967757,0.013992238079917885,8.754475290985678,0.17425251447224618,0.1326672808954465,-0.6997625868562917,0.00823269547314931,1.0,-0.016465762949493153,10.0,0.0,0.0,0.0,-1.0035864380305803,-1.0428024107233893
12.351,8.905672751541905,0.028365090882851166,0.04700071559325211,-0.693552807234235,-0.02677265889013302,8.793173532199075,0.028276292248553273,0.03896952475415594,-0.7222190428257825,0.0012832874796524112,0.029315957963648043,0.16893721924969948,0.14924557582471792,0.014322922247736026,nan,nan,nan,-0.6997883296854505,0.014976748458059852,1.0,-0.029955736670090667,10.0,0.0,0.0,0.0,-0.9771461494279193,-1.0363135257707283
12.4,8.877748195220219,0.026937459712436086,0.04597353676197624,-0.702021232605385,-0.025205801317817224,8.764251544395409,0.027195918220579145,0.03896889266960945,-0.7276210375585086,0.0049388866289408724,0.02925876819138487,0.1711304321745179,0.15057776181056037,0.0139743513281867,nan,nan,nan,-0.6997841856404101,0.01413720422587117,1.0,-0.028276292248553273,10.0,0.0,0.0,0.0,-0.9526193463922605,-1.026167986321988
12.451,8.835308655603452,0.024831526469800937,0.04450165978294521,-0.7122405364170227,-0.024168343318215067,8.720484630208132,0.025494396305285227,0.03849426974737912,-0.7342914128141605,-0.01093700743592893,0.02925703834439452,0.17436497245707766,0.15255704438798393,0.014385615049655213,nan,nan,nan,-0.6997747077084603,0.013597121095352271,1.0,-0.027195918220579145,10.0,0.0,0.0,0.0,-0.9413897001725243,-1.0197348902753425
12.502,8.79233366952442,0.022771755427311254,0.04308915535457195,-0.720195529954335,-0.022952735951441226,8.704231762994596,0.08866803422917321,0.043487973686903825,-0.735520972750623,-0.023785372691533527,0.028557571322803017,0.1667755313714851,0.1472811376322531,0.014182931998582131,8.833947764890887,0.7793746469677334,2.124990568045677,-0.6997679812823085,0.012746507784698657,1.0,-0.025494396305285227,10.0,0.0,0.0,0.0,-0.9361558179614025,-1.0031857415972214
12.552000000000001,8.763444442180067,0.021427821068470094,0.04228577070142191,-0.7246270219569547,-0.01795827767200865,8.660050057040912,0.08674447078618092,0.042126946740968396,-0.7399303253884338,-0.03499044210713265,0.028555024194020985,0.1699361738966593,0.14930869232467164,0.014451551612589769,nan,nan,nan,-0.6999997663609114,0.04430500507570523,1.0,-0.08866803422917321,10.0,0.0,0.0,0.0,-0.9766785685672513,-0.9562507656809951
12.600000000000001,8.734392225913853,0.020107558801177434,0.04169725889013144,-0.7283842263797047,-0.01276868699139098,8.630457588167198,0.08549563476015559,0.041363173015486865,-0.742088994146904,-0.008228505965543278,0.028538778177365477,0.1720138673373887,0.1506463675131381,0.014088498112732831,nan,nan,nan,-0.6999994806620146,0.04334506947660355,1.0,-0.08674447078618092,10.0,0.0,0.0,0.0,-0.9766785685672513,-0.9435477388299159
12.65,8.690566344023825,0.01816625490815338,0.041143732635630696,-0.7329489500568844,-0.007308311477705989,8.58591336166498,0.08366363685902446,0.04074132857535861,-0.7447103529803485,0.00045959806592615427,0.028539542357368164,0.17508535660105976,0.15263320977804065,0.014414786941272528,nan,nan,nan,-0.6999993539397832,0.04272180711549112,1.0,-0.08549563476015559,10.0,0.0,0.0,0.0,-0.9619006793293468,-0.9497442780711756
12.701,8.646502616797283,0.016261436940750874,0.040812157451594853,-0.7364597217939742,-0.0044876332988775715,8.580365443465197,0.07083380411257663,0.039722598842415476,-0.7431802271574044,-0.026996739954541576,0.028629605292942974,0.1671119478109081,0.14723969418202046,0.014055843944994042,8.79140433056712,-0.05599754840786163,0.24376967799681135,-0.6999996021896744,0.04180744350252885,1.0,-0.08366363685902446,10.0,0.0,0.0,0.0,-0.9570187047309962,-0.9486040048978158
12.75,8.61701917505714,0.015007682842234948,0.04067271072185139,-0.7385032543207753,-0.002897671846620333,8.535767260454369,0.0690510895004406,0.040756395342879774,-0.7452558751399645,0.020956065151117993,0.02863811001906618,0.17013608324928392,0.14927482313918247,0.014459858909704028,nan,nan,nan,-0.699993466675828,0.03540210471228811,1.0,-0.07083380411257663,10.0,0.0,0.0,0.0,-0.9570187047309962,-0.9469176447640508
12.8,8.587460380755472,0.013763300556372728,0.040566114004295495,-0.740230488055052,-0.0030161608159749716,8.506063865627386,0.06612768213798292,0.049429316932255496,-0.7462519520866047,-0.014225054390034872,0.02764425070343208,0.17213120294149492,0.15061597554580963,0.014094733035057004,nan,nan,nan,-0.6999061240305687,0.03305180030839949,1.0,-0.06612768213798292,10.0,0.0,0.0,0.0,-0.9265164589875283,-0.9630300357105299
12.852,8.54301140176031,0.011909731715793338,0.04032174506990337,-0.742246368724184,-0.004812172733925398,8.461320838433332,0.06391486304075948,0.04911149753882604,-0.7473432196536082,-0.009387378413767617,0.02764539072760572,0.17509128320947526,0.15261046117097415,0.014419242096998441,nan,nan,nan,-0.6999061240305687,0.03305180030839949,1.0,-0.06612768213798292,10.0,0.0,0.0,0.0,-0.9265164589875283,-0.9630300357105299
12.901000000000002,8.498459559349069,0.010070806251839962,0.039969175913942244,-0.7437434567158029,-0.006669362374821396,8.427123531009626,-0.03570540588412657,0.05011823815404704,-0.7474355302478041,0.009186464470275647,0.027613387245109568,0.16804105996792612,0.147905794552064,0.014167029336321748,8.55283039364054,-1.072010929419821,4.753197610257083,-0.6998968802422338,0.03194655904738486,1.0,-0.06391486304075948,10.0,0.0,0.0,0.0,-0.920459944208045,-0.9633775766997303
12.950000000000001,8.468718850466528,0.00885052754916558,0.039522897709817824,-0.7443279590240383,-0.014976228358949956,8.397261784904192,-0.03719771106568389,0.04900804291615879,-0.7475890640346304,-0.0341281233651681,0.02760782919492178,0.16999897998351549,0.14926433528666275,0.014383039971257809,nan,nan,nan,-0.6983836955252887,-0.017850806639458483,1.0,0.03570540588412657,10.0,0.0,0.0,0.0,-0.8299774143868639,-1.040846130539912
13.0,8.438959638552314,0.007635483877949491,0.038715971720296956,-0.744741136692415,-0.022720793959721625,8.367430444201265,-0.03937824400599197,0.05073438159420673,-0.747656365402573,-0.03576957963949501,0.02733414292484816,0.17194528741541398,0.15060725878157108,0.014026730189792377,nan,nan,nan,-0.6984009681743126,-0.018596711421750456,1.0,0.03719771106568389,10.0,0.0,0.0,0.0,-0.8461103298253049,-1.0219105518865883
13.051,8.394294955537525,0.005836012653223661,0.03705229945528612,-0.7451673723800185,-0.03108967046412895,8.322627278759636,-0.041641029946805096,0.04898476243763427,-0.7476535780872577,-0.04650493559608292,0.02733421125896274,0.17484141505027073,0.1526074872264173,0.014485764783325257,nan,nan,nan,-0.6982650281109651,-0.019686578356258977,1.0,0.03937824400599197,10.0,0.0,0.0,0.0,-0.8403930206415393,-1.0240329041205352
13.100000000000001,8.364506411099871,0.00465955528560126,0.03569972861031419,-0.7453487529029991,-0.035228263133630214,8.225793429554038,0.03638500821469577,0.049384155587562255,-0.7539910652533467,-0.04814197412611102,0.02708615173232595,0.1668153446635796,0.14722070991874162,0.01421709625036827,7.690987940313347,0.8998248934704896,4.6106808282856875,-0.6982953674022166,-0.020817507233976684,1.0,0.041641029946805096,10.0,0.0,0.0,0.0,-0.8441394620350381,-1.0180330126089157
13.15,8.319816281482355,0.0029448985892082777,0.03354143714375279,-0.7452964232866597,-0.03432804947494126,8.180632559034155,0.034190853044006826,0.04681077513681675,-0.7526104285713311,-0.03507541633783402,0.02708791483920217,0.1697104217377399,0.14926771302706981,0.014479920137779616,nan,nan,nan,-0.6996594621070761,0.018190497465062627,1.0,-0.03638500821469577,10.0,0.0,0.0,0.0,-0.8963218378425988,-0.9533918595263449
13.200000000000001,8.290028223960043,0.0018438002305668202,0.03224855188495102,-0.7451561067707326,-0.03125497797679385,8.150548925909346,0.033199522166631766,0.04422315323104398,-0.7517494492625006,-0.052820761435813594,0.02720844745150515,0.17162991137923767,0.15061095709108172,0.014110372580934814,nan,nan,nan,-0.6996909374288455,0.01709376141394703,1.0,-0.034190853044006826,10.0,0.0,0.0,0.0,-0.8940165596502121,-0.9574070645029187
13.25,8.245351655111683,0.00025646923180315604,0.03051708437835542,-0.7450158529381942,-0.02692927495980523,8.105509736383791,0.03124409033678919,0.04255996071227974,-0.7506256841213954,-0.021667006705626404,0.027213406215333538,0.17449094327227777,0.15261525209906526,0.014431655310676276,nan,nan,nan,-0.6997329193796394,0.016598236635848362,1.0,-0.033199522166631766,10.0,0.0,0.0,0.0,-0.9042484889591976,-0.9474426755164501
13.301,8.200679770796796,-0.0012554526864884965,0.029012411877792094,-0.7449111407906917,-0.024227438871887365,8.069092546713332,0.10806663245161617,0.03555643116579299,-0.7502648456571325,-0.0059172764837414574,0.027910350446941973,0.16650308460987373,0.14722701750091977,0.014067000563204339,8.024617246062984,0.9135037012279809,2.850383765458688,-0.699746013447177,0.01562077450995325,1.0,-0.03124409033678919,10.0,0.0,0.0,0.0,-0.8931390556769562,-0.9594684467017743
13.350000000000001,8.170900333294723,-0.002222054340144376,0.028187828783351104,-0.7448457433043518,-0.017710957945008442,8.02412273280669,0.10648014698692027,0.03481967985917578,-0.749384681296167,-0.011970612711110022,0.02790883611246916,0.16937451139011714,0.1492767763693343,0.014388520855777883,nan,nan,nan,-0.6998811929865951,0.05398082294071971,1.0,-0.10806663245161617,10.0,0.0,0.0,0.0,-0.9547178789325466,-0.8973720762853639
13.4,8.141122391924215,-0.003155753012888633,0.027654692134628584,-0.7447873698180117,-0.010815535501858858,7.994164225163254,0.10558011752544293,0.03364510013056865,-0.7488716040519904,-0.015568675595126156,0.027941337729151517,0.1712811345283287,0.150619189111312,0.014181329040838866,nan,nan,nan,-0.6998818911443447,0.053189855778872364,1.0,-0.10648014698692027,10.0,0.0,0.0,0.0,-0.957234790878844,-0.8950252650562599
13.451,8.096458351152531,-0.004505208651740615,0.027311341790784874,-0.7446931835150734,-0.0023360932399782122,7.949271499628677,0.10408611791405023,0.032449535732542056,-0.7481615281745648,-0.015014481212848544,0.027939563335132405,0.17412667761990083,0.15262596914883989,0.014443139155874656,nan,nan,nan,-0.6998723738235108,0.05274110232085061,1.0,-0.10558011752544293,10.0,0.0,0.0,0.0,-0.9593705140077365,-0.8919140990442805
13.5,8.051799244234617,-0.005808864496226605,0.027408055636553613,-0.7445892410580693,0.004172279598523921,7.974264637708577,0.01533508185750578,0.033359069988034395,-0.7427129799484848,0.0048783765827400336,0.02778231297929953,0.16618982380869343,0.147235625441714,0.014076003406410298,8.445221344020586,-0.9187370950781131,4.755754419426113,-0.6998662797218775,0.05199614930458196,1.0,-0.10408611791405023,10.0,0.0,0.0,0.0,-0.9597595006472627,-0.8911991409086345
13.551,8.022028799258964,-0.006663231542396929,0.027513366319465635,-0.7446624570005357,0.0007272605144902896,7.929719859429119,0.013832692018670056,0.033410430307480254,-0.7432404715013753,-0.023065393625089376,0.027778534475700625,0.1690532018993018,0.14928773140309654,0.014396103153250931,nan,nan,nan,-0.6997689908720092,0.007667390672783547,1.0,-0.01533508185750578,10.0,0.0,0.0,0.0,-0.8905849358082749,-0.9739106577611423
13.600000000000001,7.992248533793215,-0.007512983158592154,0.02743737274397509,-0.7448727144753646,-0.0031755081611686657,7.900033887647666,0.012126654426605713,0.035229001713705355,-0.7435589872576897,0.004391211896541245,0.027625359971778413,0.17095651322548713,0.15062940836134295,0.01418723519681334,nan,nan,nan,-0.6997543345495338,0.0069162357294216825,1.0,-0.013832692018670056,10.0,0.0,0.0,0.0,-0.8984979847610532,-0.962141178281861
13.65,7.9475684202868075,-0.008777680182284848,0.027064651368971272,-0.745001344510902,-0.008723779890533943,7.85544079711497,0.010540121036828227,0.03616474461960406,-0.7438890429836587,0.008920468145153942,0.02762790748575275,0.17379965912795098,0.1526385431296184,0.01444745387392059,nan,nan,nan,-0.6997022967879807,0.006063252911015393,1.0,-0.012126654426605713,10.0,0.0,0.0,0.0,-0.8816110914616344,-0.9755258895616676
13.700000000000001,7.917779757409946,-0.009613065580451491,0.02661848127524329,-0.7449947424925971,-0.012617569540917778,7.853665812221851,-0.011229520021173986,0.03187138834606662,-0.7413066579036239,-0.024848679418161306,0.028014913222250463,0.1659148517549112,0.1472460702095062,0.014075999421525875,8.099972037699946,-0.25463269462045734,0.4964355472249994,-0.6996659569890591,0.005270011729818336,1.0,-0.010540121036828227,10.0,0.0,0.0,0.0,-0.8753272460694755,-0.9783613487585842
13.755,7.873096528551881,-0.010848979949789412,0.02569229129169607,-0.7450437718482372,-0.017140571332610224,7.809198368181462,-0.012639657791616212,0.031440228387033205,-0.7419150326712448,-0.014739057488012634,0.028017691577301024,0.16877979690256723,0.1493001338688835,0.014475592192341877,nan,nan,nan,-0.6995082351766935,-0.005614701008941125,1.0,0.011229520021173986,10.0,0.0,0.0,0.0,-0.8744120349953363,-0.9798666985726715
13.8,7.843304465020838,-0.011658095483201533,0.02494689520729094,-0.7450710682543806,-0.019572392634093168,7.779596892723034,-0.015154695557300346,0.03422691712614956,-0.7422058208427853,-0.03413538366894637,0.027691867145529694,0.170684835631705,0.1506410020451381,0.014104151753134463,nan,nan,nan,-0.6995010238413533,-0.006319744759334611,1.0,0.012639657791616212,10.0,0.0,0.0,0.0,-0.8744120349953363,-0.9798666985726715
13.850000000000001,7.798619071038374,-0.012843508662381644,0.02365861006167883,-0.7449474302303424,-0.022636736076896487,7.735082701345442,-0.016649685484292746,0.032826342921249196,-0.7424924290591016,-0.011488437999430777,0.02769594508186136,0.173531355052637,0.15265183138126903,0.01442171993749086,nan,nan,nan,-0.699388434517418,-0.00757720276280871,1.0,0.015154695557300346,10.0,0.0,0.0,0.0,-0.8740060291726869,-0.9764941132319361
13.902000000000001,7.7539444805017315,-0.013987505687365563,0.02219670022582356,-0.7447087212027423,-0.02571377971292622,7.712648861549318,-0.05158308541602849,0.02691380971930979,-0.7419572805785706,-0.009256890669973082,0.028240793573172003,0.16569162715025126,0.14725702087193995,0.014055298417048846,7.791517930156378,-0.4446947296261372,0.686711884075857,-0.6994073921450799,-0.00832465043793107,1.0,0.016649685484292746,10.0,0.0,0.0,0.0,-0.8642785805912073,-0.983336351530327
13.952000000000002,7.724169989087532,-0.014724048510405138,0.02108596586823093,-0.7444979143887809,-0.029165460476678572,7.6681457289463335,-0.05275530527449894,0.024571063361633175,-0.7420141686259292,-0.048560585639144026,0.02823544619180605,0.16856079737803634,0.14931242366166356,0.01445143120393667,nan,nan,nan,-0.6990281868794606,-0.025785826113127186,1.0,0.05158308541602849,10.0,0.0,0.0,0.0,-0.8442402904822618,-1.000256223063042
14.0,7.694403907765539,-0.015436522401430827,0.01985419155308526,-0.7442692214045314,-0.03130294833098415,7.638389071430978,-0.05119409679100546,0.01899493630581972,-0.7419995746582475,-0.05208879141380429,0.028674229054540812,0.17046879042513152,0.15065233055214342,0.014082270212344889,nan,nan,nan,-0.6990918944105304,-0.02637153750395882,1.0,0.05275530527449894,10.0,0.0,0.0,0.0,-0.8614007048301049,-0.9812120025436692
14.051,7.649771711805081,-0.016451426158127825,0.017957963661282716,-0.7439047806261038,-0.03139763234656545,7.593877647760392,-0.052024016779946176,0.018111693743411816,-0.7419566437430517,-0.018867401491815566,0.028680404611529643,0.17331989307928486,0.1526638513658155,0.014476803841137104,nan,nan,nan,-0.6993043338958368,-0.025591460121038523,1.0,0.05119409679100546,10.0,0.0,0.0,0.0,-0.8717998252940059,-0.9701658090359094
14.100000000000001,7.605159546516378,-0.017395656441809553,0.01606765520066611,-0.743537658574412,-0.031992629127498465,7.528473269296946,-0.09067365352018783,0.013276231945170469,-0.745492669587127,0.008192517149823475,0.02916564037251631,0.165516464126316,0.1472667058480689,0.014102396892238588,7.254404574468219,-0.5224128373783202,1.1829092950018443,-0.6993188762261344,-0.026006143982503005,1.0,0.052024016779946176,10.0,0.0,0.0,0.0,-0.8580413942741455,-0.9820199922280689
14.15,7.575436806150275,-0.017985825919401212,0.014702779500459342,-0.7429675018948799,-0.035726738160742226,7.483764753792087,-0.0912531731771915,0.01228581097608883,-0.7444489855345259,-0.016526678108625608,0.029163733231830438,0.16838949902081765,0.14932288337296895,0.01441803317276879,nan,nan,nan,-0.6987991942958353,-0.045305802819319396,1.0,0.09067365352018783,10.0,0.0,0.0,0.0,-0.8169909048791364,-1.006595849209741
14.200000000000001,7.530895525130584,-0.018806078276128634,0.012401871753699032,-0.7421401602997013,-0.03972160087324257,7.453940291657111,-0.08985325080025298,0.008044419117431813,-0.7437346229887495,-0.04253262216656908,0.029480789678789053,0.17029961418376682,0.15066193990820576,0.014052303701825364,nan,nan,nan,-0.6988277628633522,-0.045594964490135226,1.0,0.0912531731771915,10.0,0.0,0.0,0.0,-0.8281631288998291,-0.9964677468835393
14.25,7.501225596078758,-0.019304489682882536,0.010801121959311072,-0.7416767200480466,-0.03992102861479209,7.409336515350935,-0.09018586770701352,0.006602144120679387,-0.7428263058817889,-0.02305906647919949,0.029484876192770574,0.1731533524003661,0.1526741928649645,0.014446610643073276,nan,nan,nan,-0.6990192721689892,-0.04489643529458043,1.0,0.08985325080025298,10.0,0.0,0.0,0.0,-0.8463150632067743,-0.9795245713256143
14.301,7.456749648930349,-0.01997379542168943,0.00840105323236002,-0.7411119096711196,-0.04022091040590755,7.370049540717967,-0.09863385641447465,0.00463722815221157,-0.743282950690197,-0.04609827183082839,0.02953107680823321,0.16537770242836583,0.14727515362098845,0.014075178573900782,7.306850669012534,-0.18893054323567693,0.06313472830194121,-0.6990659787239738,-0.045062407507749924,1.0,0.09018586770701352,10.0,0.0,0.0,0.0,-0.8406089526861675,-0.9860850425204388
14.350000000000001,7.427117250434318,-0.020366253534702054,0.0067950921834135,-0.740703137803773,-0.04002621207003563,7.325470388029257,-0.09877635166509896,0.0011003050215103727,-0.7423817168812363,-0.04724470020376123,0.02953073212126938,0.16825301786083555,0.14933189348823742,0.014390212470916916,nan,nan,nan,-0.6989828858509382,-0.04927700424163106,1.0,0.09863385641447465,10.0,0.0,0.0,0.0,-0.8441057200402632,-0.9784386302134097
14.4,7.397500177870184,-0.020714008132116973,0.005206858745666241,-0.7403320565460787,-0.0394042790856121,7.295835270616947,-0.10093492312990246,0.00328921086862044,-0.7418581923250918,-0.03591800643902035,0.029165651904496194,0.17016480066787365,0.15067034296565068,0.014178858122740907,nan,nan,nan,-0.6991094251041609,-0.049348078752547764,1.0,0.09877635166509896,10.0,0.0,0.0,0.0,-0.8502108578826669,-0.9737335633358543
14.450000000000001,7.353098816745592,-0.02115101972686579,0.0028649629610974616,-0.7398381428293734,-0.03913473522848611,7.2513386888978655,-0.10105561359971381,0.0002513329104325556,-0.7411344737826953,-0.08315810896677323,0.02915841472017216,0.17302125335551657,0.152683285346652,0.014434705057570696,nan,nan,nan,-0.6989904290186016,-0.05042468064219996,1.0,0.10093492312990246,10.0,0.0,0.0,0.0,-0.8398225814846477,-0.9827403040750228
14.500000000000002,7.323513146267243,-0.021385624520667924,0.0013189631310750673,-0.7395457836221706,-0.03788554565477163,7.217065127384513,-0.06183222174983953,-0.0058619529240488966,-0.7411492954724415,-0.033643742591456825,0.02965363415132044,0.16526832665311472,0.14728266644484547,0.014201825075833965,7.191652226609815,0.3250276046893625,0.6623589100379175,-0.6990992363660609,-0.05048487238747157,1.0,0.10105561359971381,10.0,0.0,0.0,0.0,-0.8633359047897318,-0.9600358487721348
14.552000000000001,7.279152114831681,-0.021650057168687103,-0.0008106225429407077,-0.7392358750463643,-0.033281954065486584,7.172609221791454,-0.06152668461080226,-0.008883209069517228,-0.7406070470240512,-0.05803236032979277,0.02964903890313146,0.16814670717491773,0.14933998035533322,0.014456801535013908,nan,nan,nan,-0.6998325961120316,-0.030753643175177814,1.0,0.06152668461080226,10.0,0.0,0.0,0.0,-0.8975798867804996,-0.9282522635734325
14.600000000000001,7.249586529882545,-0.021768992683822774,-0.002042098381510414,-0.7390729187219891,-0.02908059579668173,7.142922009220797,-0.05769271408759767,-0.01724666745357828,-0.7403085989868047,-0.05505181829651875,0.030236498762894984,0.17006061343615048,0.15067784176397866,0.014235651108100699,nan,nan,nan,-0.6998325961120316,-0.030753643175177814,1.0,0.06152668461080226,10.0,0.0,0.0,0.0,-0.8975798867804996,-0.9282522635734325
14.65,7.205248439018993,-0.02186622055203482,-0.003547965595189211,-0.7388775816818005,-0.022019432445899798,7.098518522614121,-0.05690576249052114,-0.018660937801614267,-0.739909166001658,-0.017256169067267468,0.030241578239776735,0.17292033580792793,0.15269134039619853,0.014489996631669631,nan,nan,nan,-0.6999529719597706,-0.028838359899822308,1.0,0.05769271408759767,10.0,0.0,0.0,0.0,-0.9115958574441648,-0.9139323598099295
14.702000000000002,7.160922802080218,-0.02187658167627282,-0.0046835754727934205,-0.7386623860959686,-0.01730296244514282,7.075721099018292,-0.03491187502703023,-0.018317813704077594,-0.7390311344860108,-0.00705060104762482,0.030183080311678788,0.16535011254995613,0.1474017708143187,0.01426273243001501,7.160513062825434,0.19895153995007037,0.25318469583381004,-0.6999664940953129,-0.028445206806665624,1.0,0.05690576249052114,10.0,0.0,0.0,0.0,-0.8987863684211423,-0.9260349625367805
14.750000000000002,7.131378928239484,-0.021841870471123886,-0.0052994006927380155,-0.7385511013967792,-0.014178975810971103,7.03139203290576,-0.034070764148576585,-0.019854607155093792,-0.7388120474164722,-0.013739676044864988,0.030181315213481358,0.16823648061017843,0.1494583509069064,0.014515114409808594,nan,nan,nan,-0.6999997389387397,-0.017454164839449504,1.0,0.03491187502703023,10.0,0.0,0.0,0.0,-0.9111346299919904,-0.9145952884256582
14.8,7.101839512551483,-0.02177757629608905,-0.005788775643516337,-0.7384348527609854,-0.011029861300649693,7.001877739064174,-0.03638645289498611,-0.014993279753266366,-0.7386590045673207,0.0023141032193779157,0.029712054305719663,0.1701552464486892,0.15079486056776678,0.014272441275342544,nan,nan,nan,-0.699997214938856,-0.017033734447784,1.0,0.034070764148576585,10.0,0.0,0.0,0.0,-0.9161098783188969,-0.9083193964996544
14.850000000000001,7.057540430784624,-0.021633918876113833,-0.006334572569224551,-0.7382262879515837,-0.008420287687653103,6.957568202584662,-0.03568865975269538,-0.015557866276929122,-0.7384194280864224,0.025835749626778585,0.02971545037807272,0.17302160054543061,0.15280766275170676,0.014524122698156176,nan,nan,nan,-0.6999964206163839,-0.01819121956620684,1.0,0.03638645289498611,10.0,0.0,0.0,0.0,-0.8999044571173636,-0.9230454156683956
14.9,7.028015270891061,-0.021512615661119065,-0.0066666801808114755,-0.7380715544015997,-0.008416760523302131,7.014833159076148,-0.0945045805780732,-0.011882738189463726,-0.7295025566894633,-8.463485404241284e-05,0.02933020941474094,0.16527444323818552,0.14738998541228698,0.014140641885340838,7.747028207806688,-0.7031896630106427,3.928279817784901,-0.6999981732598234,-0.017842436240297133,1.0,0.03568865975269538,10.0,0.0,0.0,0.0,-0.8912592228078471,-0.9305002346357159
14.950000000000001,6.983728939948783,-0.02129926481323129,-0.007271848974012627,-0.738314888774446,-0.012604180700645336,6.971039124031239,-0.09397041612965765,-0.012885097525924927,-0.7310998640725764,-0.018250934954477133,0.029328259666321944,0.16816237028957517,0.14944679364360072,0.01445132769624751,nan,nan,nan,-0.6995630627543025,-0.0472171693545782,1.0,0.0945045805780732,10.0,0.0,0.0,0.0,-0.8630235475808384,-0.9810311797409409
15.002,6.9394149472815885,-0.021054018908482842,-0.008211178435865565,-0.7387093212482585,-0.017388946579518123,6.941751786644845,-0.08686470411445563,-0.02519572799383774,-0.7320546581993989,-0.01660789846221265,0.030393270417698924,0.17008321132196524,0.1507830709488037,0.014075966641389078,nan,nan,nan,-0.6995938769371851,-0.046950678788039824,1.0,0.09397041612965765,10.0,0.0,0.0,0.0,-0.868944146059733,-0.9689528442431102
15.05,6.909863209179058,-0.020869435057517694,-0.008925525344653008,-0.7388501363668729,-0.017739449495819796,6.8978171899443375,-0.0857498295763003,-0.02563488487856702,-0.7332508522612544,-0.008812686825373062,0.030395035756102088,0.172953849416973,0.15279629062881894,0.014531965533062732,nan,nan,nan,-0.6998839501193825,-0.0434050731083353,1.0,0.08686470411445563,10.0,0.0,0.0,0.0,-0.8864328670970348,-0.9437910126953545
15.100000000000001,6.880308272450862,-0.02066573972096454,-0.009628291646547826,-0.7388845396641381,-0.017507319177039585,6.8027931162527295,-0.12095037234223333,-0.028647642393530237,-0.7402924264102577,-0.0025255422752100696,0.030577074469128804,0.16522057096186168,0.14738041728462783,0.01409402962063463,6.276672148524788,-0.515684466324581,1.9888978084247904,-0.6998962924973569,-0.042848672003769295,1.0,0.0857498295763003,10.0,0.0,0.0,0.0,-0.8864328670970348,-0.9437910126953545
15.151000000000002,6.835986729568846,-0.020325263667617877,-0.010713723156590835,-0.7383925912321366,-0.019352303436109775,6.758405620354359,-0.11965585998752525,-0.029743346653744677,-0.7394366249585496,-0.013871983556222201,0.030576180636628095,0.16811218510843753,0.14943856230173816,0.014539344687897863,nan,nan,nan,-0.6996847431714562,-0.059756700582862976,1.0,0.11965585998752525,10.0,0.0,0.0,0.0,-0.8569406310645732,-0.9492677130380408
15.201,6.791714538725545,-0.01994191449369681,-0.011967093170569121,-0.7375609198637765,-0.02169395191350517,6.728843706607919,-0.12191394681864456,-0.026970577147596764,-0.738760194571222,-0.032352910184404636,0.030080767818933027,0.17003440234351494,0.1507753238355073,0.014105297007046767,nan,nan,nan,-0.6996847431714562,-0.059756700582862976,1.0,0.11965585998752525,10.0,0.0,0.0,0.0,-0.8569406310645732,-0.9492677130380408
15.250000000000002,6.762225648270209,-0.01966011842031388,-0.012858394313876859,-0.7370705519275577,-0.022595009231549962,6.684553164727422,-0.12070451136266508,-0.0281184110650865,-0.7378559750337357,-0.028014876851404417,0.03008194052436421,0.17290576076801847,0.15278950782813214,0.014412479325865599,nan,nan,nan,-0.6995975524820419,-0.06088164094392745,1.0,0.12191394681864456,10.0,0.0,0.0,0.0,-0.858056075357936,-0.9476306562684582
15.301,6.7180260865806485,-0.01919524702651346,-0.01424852985392064,-0.7364476671528064,-0.023511567363602305,6.737130398590981,-0.03140640690879583,-0.028513021933779466,-0.7293986495855866,-0.05133866811300823,0.029933800278913868,0.16517981907312107,0.1473745250076828,0.014112645477929217,7.428117010737356,0.920164273665285,6.018435435948505,-0.699638021835463,-0.060279139824960026,1.0,0.12070451136266508,10.0,0.0,0.0,0.0,-0.8593240062777134,-0.9474396160328631
15.352,6.688569871202842,-0.018853232014618523,-0.015098092345238831,-0.7365500201422717,-0.01884343496758939,6.693367733421746,-0.03014679388881701,-0.029566845292173127,-0.7305349318956931,-0.028758511153579854,0.029936879519435466,0.16807201116604711,0.14943264719720836,0.014421946066698355,nan,nan,nan,-0.6999264686907951,-0.015072255504758658,1.0,0.03014679388881701,10.0,0.0,0.0,0.0,-0.9401994187424929,-0.8874764295655555
15.4,6.644369269733247,-0.01829023575842012,-0.01590695557424809,-0.7368213196899506,-0.009790017376199115,6.664146440302438,-0.029994070295144094,-0.028838470294290985,-0.7312888871872434,0.0076669147132136,0.02983075975524713,0.1699956010389928,0.1507692328258139,0.014051894072375266,nan,nan,nan,-0.6999264686907951,-0.015072255504758658,1.0,0.03014679388881701,10.0,0.0,0.0,0.0,-0.9401994187424929,-0.8874764295655555
15.450000000000001,6.614898295889151,-0.01788639578963314,-0.0161859159527035,-0.7368383297297525,-0.005486168931491087,6.620268648627562,-0.02871057349409866,-0.02997593185857728,-0.732157874515744,-0.0036018227195671756,0.029828056667853115,0.17287030903553688,0.1527835121965198,0.014362073670257701,nan,nan,nan,-0.6999279561922318,-0.01478617855755715,1.0,0.029574512449027784,10.0,0.0,0.0,0.0,-0.9305818760878759,-0.8922118185066397
15.500000000000002,6.585428564719163,-0.017464368683335063,-0.01631986536761547,-0.736787391305263,-0.0021724941281752023,6.675793286648831,-0.018719465827439604,-0.03116879477076395,-0.7240540658208227,-0.015643423837850945,0.02991830974788383,0.16515259223206794,0.1473692533690083,0.013997338680476257,7.390391338946899,0.07145566443451173,2.2341315873080134,-0.6999145893618545,-0.014354300783935514,1.0,0.02871057349409866,10.0,0.0,0.0,0.0,-0.9279035346013604,-0.8916250837086097
15.55,6.541221082487664,-0.01680388734975899,-0.016285988518686016,-0.7371097696268027,0.002840449673435244,6.632329682099459,-0.017353203595640937,-0.03204021854723971,-0.7263636903538631,-0.00933168019674296,0.029917938964447697,0.1680498252339839,0.14942751634307389,0.01430833511601851,nan,nan,nan,-0.6998335301135055,-0.009359459609530774,1.0,0.018719465827439604,10.0,0.0,0.0,0.0,-0.9533853964769258,-0.8886924590781614
15.600000000000001,6.496982572438622,-0.016121324276151046,-0.01594428266319575,-0.7375361006332597,0.007532218291640092,6.603285208935685,-0.015698782332492597,-0.032577698055105124,-0.7276819556160022,0.029893449528302956,0.03003208373073174,0.16997719450460125,0.15076415772940527,0.013952208664493974,nan,nan,nan,-0.699808954624242,-0.008676384072906274,1.0,0.017353203595640937,10.0,0.0,0.0,0.0,-0.9490974140923201,-0.884556735322398
15.65,6.467482240340527,-0.01566086339725463,-0.015609969254174016,-0.7376181163816451,0.008664351022103717,6.559612231376372,-0.014300068432270037,-0.03192978864917562,-0.7292796943591379,0.001898080727752797,0.030027674928544582,0.17285800331112197,0.15277860358887085,0.014263892773204402,nan,nan,nan,-0.6997859869090893,-0.007849229964179472,1.0,0.015698782332492597,10.0,0.0,0.0,0.0,-0.9328250769285116,-0.8953233164079404
15.700000000000001,6.437981317038679,-0.015200083796865566,-0.015233101285116435,-0.7375782374965932,0.010084659928036662,6.513338479595286,0.007011083006946271,-0.03338392793019641,-0.7318086277719748,0.006324118597062359,0.030226081642338573,0.1651459909869627,0.14736520539387515,0.013911108613768057,6.38680967182176,0.20892584441472914,0.27070595293828115,-0.6997850962031685,-0.007149912376164025,1.0,0.014300068432270037,10.0,0.0,0.0,0.0,-0.941087235016531,-0.8807871561465318
15.750000000000002,6.39374208055543,-0.014512727734926763,-0.014508814492126904,-0.7372061142578649,0.013938356352823405,6.4694487211900045,0.00848910058384966,-0.03355845630712073,-0.7321046984015119,0.011916831697513208,0.030225619700455553,0.16804800338524803,0.14942410201126302,0.014223420425336392,nan,nan,nan,-0.699523762846751,0.00350552714392105,1.0,-0.007011083006946271,10.0,0.0,0.0,0.0,-0.9521767608098153,-0.8587198812812049
15.8,6.364266292996205,-0.01406037412123632,-0.013882512210879815,-0.7368356026945169,0.01660439135698775,6.440187253274413,0.009923148794973805,-0.033552358638069706,-0.732209788496247,0.02918457857406914,0.030295589637028417,0.16997755112875584,0.150761057651319,0.0138775932850592,nan,nan,nan,-0.699499886678885,0.004244524801967575,1.0,-0.00848910058384966,10.0,0.0,0.0,0.0,-0.9501585976310286,-0.8580572806667753
15.851,6.320080723427453,-0.01339923471867831,-0.012786137704724688,-0.7362661025469498,0.01913398236389367,6.396276710876614,0.011386291423487665,-0.032351742710533316,-0.7322956654405959,0.03184321060424784,0.030295550622834913,0.17286030828765353,0.15277593287261104,0.014190419552730961,nan,nan,nan,-0.699480902204786,0.004961533684697983,1.0,-0.009923148794973805,10.0,0.0,0.0,0.0,-0.9434700500004005,-0.8626650579731263
15.9,6.290642505273584,-0.0129749160334433,-0.011997364204193919,-0.7358828285725934,0.020009515124606636,6.426343860141233,-0.02533244950531062,-0.0327834814115846,-0.7264512301481649,0.030883903220650953,0.03046240495569341,0.16531391162658146,0.1474752010138573,0.013999824587446152,6.94861686792321,-0.442095974174629,1.8419259099096672,-0.6998583488343361,-0.012665547456652604,1.0,0.02533244950531062,10.0,0.0,0.0,0.0,-0.9239232260906717,-0.8990839412754715
15.951,6.2465027381614915,-0.012369307878537811,-0.010822360471587819,-0.735768152881748,0.018356734656073646,6.382748427642087,-0.023911289970564194,-0.030855862960132097,-0.727972387526006,0.0539779723056442,0.030466591882966347,0.16822204956092113,0.1495325349628466,0.014252337265658763,nan,nan,nan,-0.6998583488343361,-0.012665547456652604,1.0,0.02533244950531062,10.0,0.0,0.0,0.0,-0.9239232260906717,-0.8990839412754715
16.0,6.217072813587411,-0.011990360995193242,-0.010152052690214753,-0.7357980599300795,0.015614623448318982,6.353554203165364,-0.02719413833041891,-0.023498269579399714,-0.7287148874419979,0.009332379100108174,0.029838092734373548,0.17015549531299062,0.1508682128147162,0.013902702221551322,nan,nan,nan,-0.6998749698025446,-0.011955075397672488,1.0,0.023911289970564194,10.0,0.0,0.0,0.0,-0.9100267181553364,-0.9071251199099236
16.051000000000002,6.172931378362554,-0.011459020003205964,-0.009352990393579922,-0.7356768640027701,0.01198409734588747,6.309823843138393,-0.026171440134227137,-0.02285980652880681,-0.7296143652708112,0.019649921773384323,0.029839742939927336,0.17304385548448742,0.15288124390896587,0.014214659401687047,nan,nan,nan,-0.6999656826537758,-0.013596231314785712,1.0,0.02719413833041891,10.0,0.0,0.0,0.0,-0.9129122709277282,-0.9011914256287772
16.1,6.128801819705794,-0.01096789813348317,-0.008736448534951797,-0.7354128006547416,0.009050209439192942,6.2359875282242,-0.007681758818795626,-0.0220744801310655,-0.7346068312619467,0.026955575558215,0.029850029116954627,0.16530614818622233,0.14747404723951776,0.014418548904624013,5.883350450592651,0.17946071188893803,0.7591406203461297,-0.6999665586881505,-0.013084973228085772,1.0,0.026171440134227137,10.0,0.0,0.0,0.0,-0.9065558871288104,-0.903372942527152
16.153000000000002,6.099398713924768,-0.010660770744528076,-0.008397762575491848,-0.73488853803404,0.008283242324220733,6.191901462980519,-0.008086718551269875,-0.01966590923141664,-0.7340371292630542,-0.0035126581880888675,0.029644639491993988,0.16821253451751933,0.14951110532918266,0.01424568202871735,nan,nan,nan,-0.6999145790729182,-0.004043337241220968,1.0,0.008086718551269875,10.0,0.0,0.0,0.0,-0.9162297940804247,-0.8766350075251734
16.201,6.055336337668298,-0.010224807290304583,-0.007894890371600124,-0.7340811713367127,0.008694947170585245,6.162550408332245,-0.007516102269683489,-0.018901148652245237,-0.7335614651852116,0.01191483956138208,0.02964679652216754,0.17014414858615742,0.15086858696076189,0.014451211145781158,nan,nan,nan,-0.6999197416553341,-0.003758033443403974,1.0,0.007516102269683489,10.0,0.0,0.0,0.0,-0.909305330338047,-0.8833394811743474
16.25,6.025987111890215,-0.009949801259490656,-0.007545919179203429,-0.7335825598496767,0.008625889941277932,6.118564244488994,-0.006347473009107997,-0.0190878102260994,-0.7329296653470213,-0.009047945471511358,0.02969335343965109,0.1730289456995973,0.15286002104829843,0.014194527539031134,nan,nan,nan,-0.6999197416553341,-0.003758033443403974,1.0,0.007516102269683489,10.0,0.0,0.0,0.0,-0.909305330338047,-0.8833394811743474
16.301000000000002,5.98199589213994,-0.009560028730423699,-0.007010758057162168,-0.7329636816648988,0.00939550556743639,6.084115035497277,0.030930061646623246,-0.01861046949518208,-0.7331864861621659,0.02288735905559961,0.029716356499334927,0.16529115504158134,0.14745547588449776,0.01439815150666954,6.057815942245536,0.4198794361861421,0.6707162549091185,-0.6999113615421741,-0.003173725848688136,1.0,0.006347473009107997,10.0,0.0,0.0,0.0,-0.9190202197187411,-0.8738120941792427
16.35,5.952689405396972,-0.009314400685239962,-0.006589280520659377,-0.732509543059189,0.01138831986079172,6.040066830749784,0.027729312012922544,-0.012483891509552425,-0.7324976992819996,-0.016242631651125255,0.02912438038966372,0.16819402167038758,0.14949238356175185,0.014148122060560486,nan,nan,nan,-0.6995936698175782,0.015463798090942227,1.0,-0.030930061646623246,10.0,0.0,0.0,0.0,-0.9313516978113802,-0.85687052359157
16.400000000000002,5.923400418800344,-0.009079773723898522,-0.006078276743478638,-0.7320996206540459,0.013645061009752973,6.0107732979390365,0.028091534053886372,-0.011871651357311832,-0.7320967389467681,0.012100613827864018,0.029127962796323043,0.17012362845260134,0.150849697293712,0.014354494220356551,nan,nan,nan,-0.6997570443541578,0.01386376771404274,1.0,-0.027729312012922544,10.0,0.0,0.0,0.0,-0.9363155511410469,-0.8534467328512084
16.45,5.879493992164908,-0.008751300539192682,-0.005163760834692533,-0.7315834234932289,0.016048352654128458,5.9668427548500285,0.027590919796411893,-0.00939474260757489,-0.7315735407455919,0.025366648543084562,0.028985414981515547,0.17300599692089802,0.15284089199272613,0.014096484112627282,nan,nan,nan,-0.6997616333628934,0.014130906893397466,1.0,-0.02826369506721532,10.0,0.0,0.0,0.0,-0.9301841021918182,-0.8597605786504632
16.5,5.835615688053949,-0.008456613382026352,-0.004196607841679576,-0.7311367771459374,0.015693035555127285,5.941586972040503,0.10115314970662667,-0.009177476087734338,-0.7310054534076103,0.0203464609795921,0.029021450147176192,0.16527072959244563,0.14743852258917364,0.014300946180570198,5.992034468433711,0.8786785845079175,2.65273396932836,-0.6998117977163719,0.013794584838458412,1.0,-0.027590919796411893,10.0,0.0,0.0,0.0,-0.9151553623116262,-0.8745560939548023
16.55,5.806380663647069,-0.008279548716491373,-0.0034661448188609786,-0.7307224308858754,0.02034554201318603,5.897717898028892,0.10038706530488055,-0.007312309474839295,-0.7304543536875542,-0.00818008734427484,0.028845421294756333,0.16817239879027146,0.14947531273352901,0.014049586631737526,nan,nan,nan,-0.6987524798182971,0.05053351613066592,1.0,-0.10115314970662667,10.0,0.0,0.0,0.0,-0.9686901361569552,-0.8139126135100524
16.601000000000003,5.762558133107494,-0.0080421941463083,-0.001968996006348897,-0.7301554584247719,0.028163618496070502,5.868504354111944,0.10061018421254232,-0.006192346503430812,-0.7300928884609786,0.06392462213173145,0.028854426086532214,0.17010162030155182,0.15083244035492518,0.014256768697727042,nan,nan,nan,-0.6988445889585809,0.05015144388351889,1.0,-0.10038706530488055,10.0,0.0,0.0,0.0,-0.9773665711701263,-0.8059348889106726
16.650000000000002,5.7333604023144344,-0.00790913627561628,-0.0007933494516756254,-0.7298231645534232,0.029692515311953355,5.824741522443777,0.10285502606882149,-0.008137633087848426,-0.7296115532219004,0.017891011175160388,0.02912584130487238,0.17298395897137986,0.1528236706803581,0.014010860145722297,nan,nan,nan,-0.6988847850658284,0.05026272235981777,1.0,-0.10061018421254232,10.0,0.0,0.0,0.0,-0.9471925067306762,-0.8359060948487239
16.7,5.689587275966341,-0.007757253097941941,0.0010888173104139705,-0.7293581500384575,0.033166988256752336,5.828379864028534,0.03364214970423368,-0.007663399407276561,-0.7258937751699485,0.016335294214368704,0.02909033791755682,0.16525246660225426,0.14742331397636055,0.014216037568631639,6.110955575866222,-0.7022234705761167,2.6922205329702282,-0.6987604503775281,0.051382246536347154,1.0,-0.10285502606882149,10.0,0.0,0.0,0.0,-0.9700290467790502,-0.8121261150527581
16.756,5.660412649872461,-0.007691457532230575,0.0023815364848691093,-0.7294134264454332,0.0311011322923734,5.784833335295016,0.03474330572129051,-0.005734438941034092,-0.7264097627637676,0.06721314397088711,0.029217214663863553,0.16815546558799352,0.149459981363468,0.013961686882452648,nan,nan,nan,-0.6997902163470289,0.016819488621770073,1.0,-0.03364214970423368,10.0,0.0,0.0,0.0,-0.9266420505403609,-0.8723606911505918
16.802,5.616642073253545,-0.007656646985857163,0.004040808445760396,-0.7295416262668138,0.024665085260003487,5.755773539561382,0.034891855321666346,-0.003624709720178032,-0.726777567653947,0.04400184006689675,0.029215169768609908,0.1700861599833972,0.1508168820733307,0.01416954904771766,nan,nan,nan,-0.6998446417310945,0.01744415803419086,1.0,-0.034891855321666346,10.0,0.0,0.0,0.0,-0.9081963677029413,-0.8858485736949001
16.855,5.587459923003412,-0.0076750852114131915,0.004932674799053292,-0.729544468137788,0.021036194366343484,5.712203540330289,0.038192301291048336,-0.0065235668105385605,-0.727179365919745,0.04788370768609612,0.029664660487003263,0.17297137275089788,0.15280807782257705,0.013989794497997525,nan,nan,nan,-0.6998446417310945,0.01744415803419086,1.0,-0.034891855321666346,10.0,0.0,0.0,0.0,-0.9081963677029413,-0.8858485736949001
16.900000000000002,5.543688970003648,-0.007758725799363879,0.0060593586810395155,-0.729465347712114,0.017496374774617886,5.7301228278508916,-0.0021195793316376756,-0.005316654620811879,-0.7225338454913528,0.03424512349735733,0.02964349156158556,0.16524387230384874,0.14740948743243978,0.014194658500092987,6.130846744142332,-0.4304191642488636,1.4721376141348947,-0.6997703247052179,0.01909382993360298,1.0,-0.038192301291048336,10.0,0.0,0.0,0.0,-0.91205392842115,-0.8789098675717089
16.95,5.514505809021369,-0.007848771087693067,0.006660220539794929,-0.7296840994437941,0.013348373116622412,5.686660166956555,-0.008644624046373357,0.005932772359038552,-0.7237968890181379,0.007890645283067953,0.028641362176567896,0.1681505106846528,0.1494461430745211,0.013939369643217578,nan,nan,nan,-0.6999936576936593,-0.0010597892690498156,1.0,0.0021195793316376756,10.0,0.0,0.0,0.0,-0.8926539047326655,-0.9126380020558541
17.001,5.470715591109316,-0.008032525090420156,0.007222238904198196,-0.7299165908598055,0.006498803344403031,5.657701455761861,-0.008819772610752275,0.006943019206135493,-0.7245195144025978,0.026125773140776017,0.02864476660632275,0.170083865234621,0.1508027817305898,0.014228796659431902,nan,nan,nan,-0.6999631921513129,-0.0043222851064612655,1.0,0.008644624046373357,10.0,0.0,0.0,0.0,-0.8787825472639277,-0.9213213810421255
17.05,5.4415176197234265,-0.008182211932497782,0.007371560893433211,-0.7299646613035637,0.0020038726380774145,5.614212297426188,-0.0090997242829536,0.005821637514853428,-0.7253845718494455,-0.016205986987447882,0.0286391857001072,0.17297328826144331,0.15281745235880362,0.014535749673978814,nan,nan,nan,-0.6999548897494479,-0.004409857719213761,1.0,0.008819772610752275,10.0,0.0,0.0,0.0,-0.8680587213672009,-0.9285926445803669
17.101000000000003,5.397721835690285,-0.008436370795872531,0.007339150435275082,-0.7298972634811373,-0.001617729929833773,5.5395647015702805,-0.03433986001494028,0.007325874966963131,-0.7304056048986275,-0.011126972548347804,0.028555691322683645,0.16524807589229465,0.14739711916478115,0.014162492421550186,5.177261964501682,-0.2959115747069631,0.9364821687379619,-0.699962351763619,-0.004549830745929739,1.0,0.0090997242829536,10.0,0.0,0.0,0.0,-0.8845039096322553,-0.9083319134317518
17.151,5.36853567671072,-0.00862007548574907,0.007197362651158916,-0.7294777191951678,-0.0049497792748846685,5.495749687621615,-0.034663002247793034,0.007519246820495429,-0.7297873446518803,-0.0009420529888738319,0.02855786653389409,0.1681575819935703,0.14945613242712483,0.01460431624476591,nan,nan,nan,-0.6997900238625784,-0.017168243036888242,1.0,0.03433986001494028,10.0,0.0,0.0,0.0,-0.85228304736137,-0.9227871531213897
17.200000000000003,5.339368828866307,-0.008811144984350799,0.006911756258287963,-0.7290175277548961,-0.008470489407694117,5.466549627479608,-0.03667153474865796,0.010313015898224531,-0.7292915098136957,-0.03271998862139888,0.028301483033396045,0.17009184132401967,0.15079103946074762,0.014172044706547905,nan,nan,nan,-0.6997838954154012,-0.017329766085772746,1.0,0.034663002247793034,10.0,0.0,0.0,0.0,-0.8477089621494434,-0.9276741783933553
17.25,5.295650313463283,-0.009103336556836377,0.006256955983892415,-0.7284081070388263,-0.012233805268576804,5.422807904896604,-0.03709511052957826,0.009501903893778252,-0.7286265600067146,0.00711277929859263,0.028307340181675772,0.17298139873759713,0.15280583947549337,0.014559338275443931,nan,nan,nan,-0.6997127973655587,-0.018333712958167325,1.0,0.03667153474865796,10.0,0.0,0.0,0.0,-0.8543429156937565,-0.9205653985705835
17.3,5.266524098314482,-0.009296379341647355,0.005712618201055174,-0.7280349370684214,-0.014709081375995381,5.303445398384153,-0.08401695334702021,0.009228112876121573,-0.7374477695121626,-0.025279975162934492,0.028253745294886494,0.16525442662068499,0.1473873842452626,0.014168688208429014,4.573322367816735,-0.578864117534875,3.5604257876134757,-0.6997246895427203,-0.018545428844349843,1.0,0.03709511052957826,10.0,0.0,0.0,0.0,-0.8394839707011809,-0.936054952886591
17.35,5.22287389642353,-0.009577859636523025,0.0046417991717661615,-0.7269033974713793,-0.020652155305486482,5.259246818109534,-0.08441656835814688,0.008249738713205446,-0.7347850601358106,-0.027588578802171297,0.028254520082197216,0.16816185411497736,0.14944663620195728,0.014474902766364423,nan,nan,nan,-0.6990822698857841,-0.0419837918493382,1.0,0.08401695334702021,10.0,0.0,0.0,0.0,-0.8010637428314672,-0.9417263564569053
17.400000000000002,5.193822339925012,-0.00975399692143745,0.0037133460708389837,-0.7259802663938604,-0.0246043644591996,5.229873377035825,-0.08465529470851346,0.0073443696456809695,-0.7331292718888033,-0.03345895871711544,0.028254377035524633,0.1700939850307918,0.15080536592883242,0.01467740899769206,nan,nan,nan,-0.699109968601651,-0.042183245699488836,1.0,0.08441656835814688,10.0,0.0,0.0,0.0,-0.8060997121716956,-0.9430830117915746
17.450000000000003,5.1503025819507915,-0.009989846875973101,0.002080286458576145,-0.7249263241833467,-0.028770654138966227,5.185936601554519,-0.0834957820175855,0.0036945484049328847,-0.7310370420319106,-0.023656087548653806,0.028453507029503975,0.17297958343366288,0.152796621558153,0.014525214353503055,nan,nan,nan,-0.69913749671133,-0.042302396002872555,1.0,0.08465529470851346,10.0,0.0,0.0,0.0,-0.8111063937756571,-0.9415312008276442
17.5,5.10683297319269,-0.010179703328800924,0.0002613304309035378,-0.7242355031235197,-0.031237584545404783,5.1877903554632425,0.0032416219034616337,0.00120995350808073,-0.7267687688505351,-0.03561852063348332,0.028495383385261582,0.16525027422698516,0.1474010795853741,0.01466795166451133,5.459920379519699,0.9253171297036795,4.018260732939763,-0.6992781392461562,-0.04172366239650849,1.0,0.0834957820175855,10.0,0.0,0.0,0.0,-0.8978407419615221,-0.8768151080094843
17.55,5.077864778385924,-0.010272104409159363,-0.0008550972193674154,-0.7242172632861118,-0.025335697367009403,5.144196073352271,0.002367147860152983,0.0005776633087561934,-0.7262624253564999,-0.009667903919862192,0.028376414301509934,0.16815490997482954,0.14943781362490982,0.014381446260427366,nan,nan,nan,-0.6999999409190654,0.0016208095324277139,1.0,-0.0032416219034616337,10.0,0.0,0.0,0.0,-0.8978407419615221,-0.8768151080094843
17.6,5.04889502751868,-0.010334615397852515,-0.0017275601577907184,-0.724252905973186,-0.02004451482885349,5.115147223875322,0.002356217347344337,0.00045412649639509084,-0.7261025494336486,0.007235373741035405,0.028378582323360817,0.17008640706252326,0.1507960202673485,0.01458420858096655,nan,nan,nan,-0.6999998715055499,0.0011835733774079316,1.0,-0.002367147860152983,10.0,0.0,0.0,0.0,-0.8878588212817135,-0.8870024594669718
17.651,5.0054382361935374,-0.010377673284877402,-0.0027388702383343514,-0.7242828486316644,-0.015024766176877813,5.071590462608301,0.0039324749395692185,-0.0027164192211825977,-0.7258711240437441,-0.0072111967659020055,0.028592156602408658,0.1729726243279303,0.15278704788973782,0.014294762821492564,nan,nan,nan,-0.6999998165477166,0.001178108128624622,1.0,-0.002356217347344337,10.0,0.0,0.0,0.0,-0.8808652961763949,-0.8931701019833155
17.700000000000003,4.961980992057805,-0.010366295831884706,-0.0034843531008706126,-0.72427873559001,-0.010389352747031828,5.126137434414621,-0.047816988984888294,-0.0018240165385816631,-0.7172536053641126,0.03128125566128749,0.028572167136001407,0.16524557099444792,0.1473922238712762,0.014495766391723041,5.8291187855616755,-0.597168864275055,3.4475138869480224,-0.6999923254765392,0.001966234935906641,1.0,-0.0039324749395692185,10.0,0.0,0.0,0.0,-0.8922800449747832,-0.8811047502600038
17.75,4.932999696191906,-0.010332718531176736,-0.0039349766279664035,-0.7247482941783583,-0.012554549201826281,5.083069689091598,-0.049589956073007375,-0.0005619666575258363,-0.7188661772005369,-0.04113011257040653,0.028295597592371075,0.16815368247832868,0.1494285610092126,0.014203869609515423,nan,nan,nan,-0.6998293738664959,-0.0239039405606718,1.0,0.047816988984888294,10.0,0.0,0.0,0.0,-0.8485654629272664,-0.9486926639319978
17.8,4.903997418465353,-0.010282988289895682,-0.004487032908071993,-0.7252022851168168,-0.01395115893376839,5.054304964639701,-0.049572446384616733,-0.0012218166712232303,-0.7198492801203175,-0.030440679627352238,0.028297372670276856,0.1700885200856505,0.15078620702226067,0.014408012073824361,nan,nan,nan,-0.6997945626081652,-0.024789898667439303,1.0,0.049589956073007375,10.0,0.0,0.0,0.0,-0.8711728652716338,-0.9200572749745791
17.853,4.86046872809067,-0.010174584283068366,-0.00533006638275065,-0.7256321523403158,-0.01424175519917056,5.011084028157561,-0.051070649380576844,0.000129606798310089,-0.7210476307824002,-0.03369459593096709,0.028084581005576474,0.17298089143420342,0.1527771407846377,0.014127207713978166,nan,nan,nan,-0.6998057442330331,-0.024781149200435948,1.0,0.049572446384616733,10.0,0.0,0.0,0.0,-0.8658444649312963,-0.9215102158718748
17.900000000000002,4.831439068985348,-0.010080056102862606,-0.005909893862105123,-0.7257817653666991,-0.01468315032128049,4.962290692906979,-0.037898105243677524,-0.00042428251882853374,-0.7236276205182579,-0.015973909828533354,0.02809352303988665,0.16525669810066018,0.14738330974845715,0.014329565462495801,4.812421584001387,0.10177089426115216,0.2065011254556337,-0.69976957125621,-0.02552977673394885,1.0,0.051070649380576844,10.0,0.0,0.0,0.0,-0.861415207790137,-0.9210345725322849
17.951,4.78789143472617,-0.009905122330087335,-0.006810473063430819,-0.7257410565681641,-0.01509419531634289,4.91887558319731,-0.03418840009319685,-0.007248223016246059,-0.7238485422061076,-0.025590796449607545,0.028618815145100316,0.16817055099948403,0.14942018986360936,0.014055787659411713,nan,nan,nan,-0.6998799243471427,-0.01894678511972714,1.0,0.037898105243677524,10.0,0.0,0.0,0.0,-0.860851127055063,-0.9134216229110859
18.0,4.758865446749531,-0.009765718958326638,-0.007396577379302745,-0.7255988020535786,-0.014038793885448448,4.88992213924733,-0.03397097111359184,-0.008349784386586734,-0.7238799286506493,-0.025615287164558322,0.028618283790005358,0.17010833000709158,0.15077771432051656,0.014342576420229656,nan,nan,nan,-0.6999660816044246,-0.01709253529685384,1.0,0.03418840009319685,10.0,0.0,0.0,0.0,-0.8770304229827628,-0.8959712817038599
18.05,4.715337888252013,-0.009521892762440276,-0.008149836153405378,-0.7253688397017208,-0.01152736045616372,4.846490299134825,-0.033610320868241075,-0.008482575349344934,-0.7238900033435274,-0.015898528106156922,0.028619730874594237,0.17300388571204411,0.1527936663996336,0.014646317615364028,nan,nan,nan,-0.6999739086666437,-0.016983852363924967,1.0,0.03397097111359184,10.0,0.0,0.0,0.0,-0.8781942967591929,-0.8935711706782941
18.1,4.686327633180186,-0.009337943737146524,-0.00857906762669371,-0.7252036970886386,-0.010358388759998446,4.902922300239994,0.029397167754850073,-0.0006216472070046386,-0.7151243911811282,0.003667276100149921,0.02789461566503639,0.16527734005843317,0.14737585521997354,0.01425817231230859,5.621768808372967,0.75727160289668,4.544385555131649,-0.6999757664559526,-0.016803578701205524,1.0,0.033610320868241075,10.0,0.0,0.0,0.0,-0.8741289334859402,-0.8964232308088483
18.150000000000002,4.642812284610726,-0.009031456212165327,-0.009097557485112361,-0.7255134139845686,-0.0065576019718684405,4.8599833131465395,0.029420349559926517,-0.00114238077075024,-0.7169693693089625,-0.019388867810950856,0.02789112859958526,0.16819377552650883,0.14943519637582625,0.014562867004218286,nan,nan,nan,-0.6999178646381619,0.014697525479601126,1.0,-0.029397167754850073,10.0,0.0,0.0,0.0,-0.9144108667830391,-0.8812840876287276
18.202,4.599263957934635,-0.00869216450798345,-0.009296742815390047,-0.7259885084030727,0.0,4.831290722904274,0.02860163644856081,-0.0002099579663354945,-0.7180887349540995,-0.005089766326685642,0.02777408307104128,0.1701339318984137,0.15076946699432378,0.014324193738024365,nan,nan,nan,-0.6999120573825741,0.014709113876510305,1.0,-0.029420349559926517,10.0,0.0,0.0,0.0,-0.9212974210904747,-0.8679702459788456
18.25,4.570221477825715,-0.008451970837430699,-0.00926283421111303,-0.7261279398275136,0.0017192963430632678,4.788175930201984,0.028606304007070003,-7.60628816225406e-05,-0.7194599259222545,-0.006335091625594074,0.027773382626187233,0.17303386577882404,0.15278463025628233,0.014570060705069136,nan,nan,nan,-0.6999263142748878,0.01429984344089652,1.0,-0.02860163644856081,10.0,0.0,0.0,0.0,-0.9115531517886251,-0.8735452395704213
18.302,4.526653696007081,-0.008078484151418515,-0.009055931107205656,-0.7261427995717737,0.004569740148245714,4.735774651311404,0.021764192580190047,-0.00030838744101657767,-0.7225278322737724,0.007026371139704001,0.027854948773175004,0.16530555028501526,0.14736833561939144,0.014177280064339772,4.555562092440339,-0.05762454254555111,0.19710713642676275,-0.6999276444253965,0.014302176742881478,1.0,-0.028606304007070003,10.0,0.0,0.0,0.0,-0.9093852592600374,-0.8706319897546458
18.35,4.497613629635951,-0.007825020371738158,-0.008853855063195403,-0.725926825152956,0.005164383097168091,4.692415356876156,0.021752630871658497,0.0005084267414003918,-0.722767165623951,0.009283559745238115,0.027854737941489842,0.1682256234188163,0.14942757856210884,0.01448220077873696,nan,nan,nan,-0.6999561743976935,0.010881666767927456,1.0,-0.021764192580190047,10.0,0.0,0.0,0.0,-0.8942451939186083,-0.8756337503300459
18.400000000000002,4.4685842409562255,-0.007570658984315017,-0.00864341077231176,-0.7256564954723277,0.005264832989341534,4.663504551441836,0.021730077024419255,0.0015838232418445841,-0.7227801028005798,0.02044643672083392,0.027856679988702837,0.17016724545420622,0.15078632722766233,0.014683833571535796,nan,nan,nan,-0.6999623808586013,0.010875886597785822,1.0,-0.021752630871658497,10.0,0.0,0.0,0.0,-0.8912522460640399,-0.8768106618190165
18.451,4.42506095078378,-0.0071911790104364996,-0.008345028091808426,-0.7252412352707781,0.004560021154501143,4.6201304719542025,0.017428460394270196,0.007091297910033046,-0.7227684430885638,-0.016465625239654415,0.027291392695710535,0.1730680796506308,0.1527771756423597,0.014394796357023738,nan,nan,nan,-0.6999698536588467,0.010864611006621061,1.0,-0.021730077024419255,10.0,0.0,0.0,0.0,-0.8846392360961618,-0.8822951618287943
18.5,4.381561936569522,-0.006817361356217731,-0.008095729041811925,-0.7248450854984905,0.003982046399152136,4.441315909723413,0.053182774269582934,0.006806344313453395,-0.738118427516962,-0.018524658411857676,0.027308455033801672,0.16533427023534483,0.14738453976619076,0.014594556759067661,3.2215837410370773,0.434377437311772,7.470428254911849,-0.699999078382541,0.00871400962733837,1.0,-0.017428460394270196,10.0,0.0,0.0,0.0,-0.8874726789707189,-0.878556956160201
18.55,4.352595969077241,-0.00657277796948499,-0.007888723033672548,-0.7236320196558612,0.006252815197264188,4.397089273071181,0.05173885227273168,0.009106920819184959,-0.7345974249827693,0.011969410317313802,0.027156126684378053,0.16825167841841515,0.1494220096861352,0.014316826891588322,nan,nan,nan,-0.6998630844445886,0.02658512218603004,1.0,-0.053182774269582934,10.0,0.0,0.0,0.0,-0.8911855644984449,-0.8259566289056247
18.6,4.3236830745644665,-0.006329740929006785,-0.007594129423758925,-0.7224342593388247,0.007631884805666298,4.367729328630063,0.05147714719049233,0.00979367295088762,-0.7323794708152481,0.03990051911713059,0.02715988352279041,0.17018980972313882,0.1507808752540843,0.014519707495514194,nan,nan,nan,-0.699901726419767,0.02586365761118037,1.0,-0.05173885227273168,10.0,0.0,0.0,0.0,-0.8790841440345124,-0.8471490192988532
18.650000000000002,4.280386678051285,-0.005974651676700076,-0.007128803410291747,-0.7211488678986966,0.00755888820591686,4.323844602479009,0.05730757361044685,0.0022560997544815997,-0.7296687286692128,0.02397670113000444,0.02799494525526113,0.17308352704097102,0.15277233602417992,0.014237862821205918,nan,nan,nan,-0.6999176687263305,0.02566054135384732,1.0,-0.05133235002658999,10.0,0.0,0.0,0.0,-0.875825322306396,-0.8586725004244135
18.700000000000003,4.237151551557352,-0.005634440987499632,-0.006638780530871747,-0.7202510083980467,0.00902439666964352,4.332719283275257,0.05174911985040264,0.0037523641961927363,-0.7243356006800512,0.03245205165079999,0.027993905582533014,0.165342207350796,0.1473798930387333,0.014438842444655554,4.660534301970626,-0.0063382258146049385,0.455045675786653,-0.6997562657010713,0.02864594870251569,1.0,-0.05730757361044685,10.0,0.0,0.0,0.0,-0.8943043222276347,-0.8426584208640567
18.75,4.208349137512254,-0.005416274598405102,-0.006264456681192631,-0.7200306664251493,0.009392570093000777,4.28928366772005,0.051519898388743594,0.004753434671301182,-0.723363488059805,0.0183724200279018,0.02798409774603423,0.1682532231616363,0.14941668840870606,0.014153557951794241,nan,nan,nan,-0.699828809308007,0.02586878796596137,1.0,-0.05174911985040264,10.0,0.0,0.0,0.0,-0.8922482667336342,-0.8599817570837913
18.801000000000002,4.165153137263232,-0.0051058145698042005,-0.005685828031640373,-0.7199062534799864,0.00992728473620803,4.260353560619626,0.05138301801511031,0.005753663700704514,-0.7229637760757561,0.04078849375981145,0.027987182017478636,0.17018873914376412,0.1507747886079122,0.014357651983835673,nan,nan,nan,-0.6998456436350311,0.025754253575936303,1.0,-0.051519898388743594,10.0,0.0,0.0,0.0,-0.8972391702308828,-0.8568457616890757
18.85,4.136358969945979,-0.004910874352896629,-0.005300699908134515,-0.7198467913036712,0.009341622571465785,4.216989665243003,0.048965538260638694,0.008925581160292406,-0.7224404901647488,0.001359780113240762,0.02769013315942759,0.17308074597762407,0.15276597561307564,0.014082532016419371,nan,nan,nan,-0.6998609522651651,0.02568585865380424,1.0,-0.05138301801511031,10.0,0.0,0.0,0.0,-0.8868435080172307,-0.8673895083660265
18.900000000000002,4.107566767386847,-0.004726035994064166,-0.004933957496562038,-0.7198047092225013,0.009271802534904124,4.220271989622699,-0.01627721417238778,0.01082713636430599,-0.7189122091979119,0.03408148974226652,0.027664569862287203,0.1653399937756367,0.14737377830045192,0.014284730827451995,4.499666285731616,-0.7061182411416815,2.398616321632601,-0.6999153458155017,0.02447787918272759,1.0,-0.048965538260638694,10.0,0.0,0.0,0.0,-0.8965296357309572,-0.8585168329742657
18.950000000000003,4.064376458486214,-0.004468779273274936,-0.004489070639543951,-0.7199538705186723,0.00386916509464118,4.177134185389603,-0.01597561561549346,0.01125854988647612,-0.7192403456297332,0.004076345619184645,0.027775484951568542,0.16825262952885042,0.1494105882436087,0.014018669131875784,nan,nan,nan,-0.6998741113603716,-0.008138427401231496,1.0,0.01627721417238778,10.0,0.0,0.0,0.0,-0.836245611917053,-0.9281534178651555
19.0,4.035574281991834,-0.004312842434184522,-0.004474413530062833,-0.7201167122829972,0.0,4.14836416585265,-0.01629863669926537,0.011456665187467685,-0.7194572605502305,0.0070718261814475755,0.02777651400690334,0.170189976477443,0.150768219350158,0.01422378443789507,nan,nan,nan,-0.6998703584909765,-0.007987637926694546,1.0,0.01597561561549346,10.0,0.0,0.0,0.0,-0.8467412894325973,-0.9156793141032654
19.05,3.992362067246101,-0.004093314433831897,-0.004753594211976884,-0.7202625214104661,-0.006852772953439388,4.105194122400387,-0.016801001562498676,0.010387089351632461,-0.7197012397137016,-0.049912470037156854,0.027769472065755738,0.17308554529856607,0.1527842784051874,0.014528818036988467,nan,nan,nan,-0.6998654686785377,-0.008149137954301722,1.0,0.01629863669926537,10.0,0.0,0.0,0.0,-0.8440738539510106,-0.916683167088703
19.1,3.949144420131495,-0.003879446579565076,-0.005235262447748717,-0.7203182814468427,-0.008128943904651822,4.055885071537449,0.0030803759287772125,0.01091851850067238,-0.7218707629067929,0.0031070417191861794,0.02772381549651787,0.16534651864949795,0.14736780212815784,0.014154980653130941,3.901223980026911,0.22263520368593737,0.338897046116209,-0.699876465492258,-0.008400303186277824,1.0,0.016801001562498676,10.0,0.0,0.0,0.0,-0.867177049609556,-0.8919315678861667
19.150000000000002,3.920333980279187,-0.0037349015378348354,-0.005579915378988937,-0.7202149339157764,-0.009072332193891308,4.012581074383036,0.0025982176751416916,0.0113325896357237,-0.7215152175727644,0.000507611454614205,0.027724186041106574,0.16826278098243885,0.14942778222317962,0.014595013216691396,nan,nan,nan,-0.6999667380576394,0.0014618427687032032,1.0,-0.0029236876200314037,10.0,0.0,0.0,0.0,-0.85244792551322,-0.8998670925058478
19.201,3.8771286269119014,-0.0035108874020920965,-0.006165389053555883,-0.7200153933181945,-0.010071664141575213,3.98370795360614,0.006461576059139349,0.0032524351057916516,-0.7212474724074144,-0.025353580425413774,0.02828738200864759,0.17020218649198285,0.15076224759075882,0.014165349138929717,nan,nan,nan,-0.6999647655325342,0.001299108106743052,1.0,-0.0025982176751416916,10.0,0.0,0.0,0.0,-0.8565354600047496,-0.8955621310948964
19.25,3.8483314013065493,-0.0033534475742204133,-0.006529491296277995,-0.7198957074509538,-0.00819455600225628,3.9404405310569275,0.006365326057709633,0.0018807460964458398,-0.7208935137412477,0.014571814015675477,0.028292019244098264,0.17310027239871995,0.15277773557155197,0.014470218581006404,nan,nan,nan,-0.699999999835821,0.003230776788660794,1.0,-0.006461576059139349,10.0,0.0,0.0,0.0,-0.8679160569977562,-0.8701902541401386
19.3,3.805143924263769,-0.003102612331763667,-0.006957710218571536,-0.7197378080152286,-0.0068220268107909345,3.9146015402525047,-0.019775212693353892,0.00835243034878186,-0.7203987392574588,-0.0026154859627614247,0.02772738988972084,0.1653600850812949,0.14736235498950973,0.014089540079463878,3.9536796284608395,-0.25217760439193926,0.2470452458845636,-0.6999994067641824,0.0031826522828239945,1.0,-0.006365326057709633,10.0,0.0,0.0,0.0,-0.8679160569977562,-0.8841751245119831
19.35,3.7763573717809127,-0.0029272213398407647,-0.00726620695367354,-0.7196381083205663,-0.008499527280914677,3.8713839793236464,-0.020132959303723642,0.008395439053938691,-0.7201587358935837,0.006105809041472177,0.027729079732399874,0.16827805961403206,0.14942167260861355,0.014395264291256033,nan,nan,nan,-0.6998835627134582,-0.009887284145758457,1.0,0.019775212693353892,10.0,0.0,0.0,0.0,-0.8452227734921914,-0.9065392602113697
19.402,3.7331847538816385,-0.0026519639857228135,-0.007883180444906887,-0.7194976405344534,-0.01155523585111259,3.828186824270177,-0.02192222497118415,0.009672219936031734,-0.7199376859656814,-0.006471973180244924,0.02753318154713594,0.1711867799555421,0.15143077972104477,0.014266016207513322,nan,nan,nan,-0.6998506618395621,-0.010890365333674268,1.0,0.021781591773498768,10.0,0.0,0.0,0.0,-0.8417002176213979,-0.908989888214216
19.450000000000003,3.704407962129201,-0.002458254406821792,-0.008387199241371646,-0.7193950329049478,-0.013176206793234054,3.7993920061056623,-0.022181552812812116,0.00819432950809107,-0.7197891068979638,-0.019428217412637838,0.027531397087435457,0.17311830095884687,0.15277139395650555,0.014410481508710016,nan,nan,nan,-0.6998506618395621,-0.010890365333674268,1.0,0.021781591773498768,10.0,0.0,0.0,0.0,-0.8417002176213979,-0.908989888214216
19.5,3.675635259424569,-0.0022542298125560307,-0.008939769742782174,-0.7192964180594703,-0.013998139441873975,3.694426396234201,0.05100755098657561,0.007693153311806532,-0.7274076396317579,0.00382030218362733,0.027569920613818497,0.16537627441638747,0.14737934974300465,0.014609419936415931,3.0812555735279794,0.8313644552802126,4.431308784970924,-0.6998698398136766,-0.011090321698459249,1.0,0.022181552812812116,10.0,0.0,0.0,0.0,-0.8494473860607352,-0.9010325261778493
19.551000000000002,3.6324941941194924,-0.0019245487473821446,-0.009701053690659657,-0.7186676229023343,-0.010157734849262115,3.6508054250194566,0.05291934136435951,0.004353797387772307,-0.7254957222595328,-0.005626461513117502,0.027874961652460277,0.1682948483335065,0.1494163596936243,0.014328774533651783,nan,nan,nan,-0.6998890454415231,0.02549824806991241,1.0,-0.05100755098657561,10.0,0.0,0.0,0.0,-0.883821153191475,-0.8425578201440516
19.6,3.603763400428704,-0.00168547453183448,-0.009988918457137093,-0.7180948671785845,-0.005300908664053819,3.621798272111056,0.052792764439588295,0.0054591881154904,-0.7242866188929459,0.03795262252353414,0.027880640893449563,0.17023494992159952,0.1507749435120229,0.014530846889870393,nan,nan,nan,-0.6998290680832192,0.026453498344627846,1.0,-0.05291934136435951,10.0,0.0,0.0,0.0,-0.8961745700655845,-0.8342490104549476
19.650000000000002,3.560703203488275,-0.0013029835991624984,-0.01010835722590365,-0.7174467491136137,0.0,3.5783644466087186,0.054565009995020626,0.0028269500486746146,-0.7227569597225264,0.01226081036655281,0.028142381152975984,0.1731331145075427,0.15276609283383896,0.014246567485440944,nan,nan,nan,-0.6997908002740721,0.027275738910490954,1.0,-0.054565009995020626,10.0,0.0,0.0,0.0,-0.8955630874694847,-0.8404462830996919
19.700000000000003,3.5320143714507397,-0.0010371326525316139,-0.010069759149431865,-0.7171495276249256,0.0015734960283140067,3.51138717450796,0.07830750465990205,0.0031946044715960298,-0.7258461332825005,0.017724753090884646,0.028154108818317126,0.16538735943060462,0.14737436243641827,0.01444401369005519,3.2123026535513644,0.3317199880255313,0.7220092442663111,-0.6997908002740721,0.027275738910490954,1.0,-0.054565009995020626,10.0,0.0,0.0,0.0,-0.8955630874694847,-0.8404462830996919
19.75,3.4890056772562517,-0.0006272704180157049,-0.009763076147970954,-0.7165369849657267,0.007582846320800185,3.467867883574425,0.07935303119708603,0.0006380508491643511,-0.7239245511900182,0.020366225050389205,0.028315090980835914,0.16830371580230466,0.1494113174457555,0.014226577694972412,nan,nan,nan,-0.6995479805675582,0.03913376293271842,1.0,-0.07830750465990205,10.0,0.0,0.0,0.0,-0.9046761199680764,-0.8190999693952199
19.802,3.4460378142446606,-0.00021098892167997367,-0.009112940985579403,-0.715933709275394,0.01303988607455005,3.43892241721854,0.07932740857684756,0.0015594423761955414,-0.7228032793590267,0.022348502992010116,0.028315131145120513,0.17024253047015425,0.15076942195151533,0.014426146210837924,nan,nan,nan,-0.6994672352453,0.03965571530892964,1.0,-0.07935303119708603,10.0,0.0,0.0,0.0,-0.9104288641656819,-0.8173401965199025
19.85,3.4174091383557963,6.412914743853748e-05,-0.008520340722423081,-0.7156487536549527,0.015776191536718175,3.3955615804900243,0.0848361338197696,-0.006376296017344796,-0.7213852524491253,0.015559164651467079,0.0290530985797559,0.17313910955200548,0.15276063564910933,0.014207574274803608,nan,nan,nan,-0.6994924382958595,0.039642924128516555,1.0,-0.07932740857684756,10.0,0.0,0.0,0.0,-0.9096098972090388,-0.8205287652213659
19.902,3.374483165605659,0.00046464571878113614,-0.007410477939338489,-0.7153351492821642,0.020868882279652824,3.3398019212009413,0.0657526103014524,-0.005721002642326668,-0.7233601363552491,0.016580366449511365,0.029043815941749856,0.16539168127987966,0.14736912887985604,0.014487759298734028,3.1329610771731513,-0.1386601397318618,0.4024409654304517,-0.6991677213248536,0.04239265350479293,1.0,-0.0848361338197696,10.0,0.0,0.0,0.0,-0.9290656784018266,-0.8020089829370477
19.951,3.3458779078491987,0.0007185415207324621,-0.006522539263135316,-0.7150392708533233,0.02274267089254744,3.296440378774064,0.06318269245840089,-0.0004949836381613614,-0.7217973901056352,0.022456441862665877,0.02865551708106487,0.16830739682253792,0.14940612114839102,0.014190535753486465,nan,nan,nan,-0.6994789711574625,0.03286446802569065,1.0,-0.0657526103014524,10.0,0.0,0.0,0.0,-0.9110733799797699,-0.8149982278091075
20.0,3.3172834671876044,0.0009573358562607074,-0.0055942872745872695,-0.7148143529110629,0.02319613758115085,3.2675770555950443,0.06318917546543182,0.0012672363369854445,-0.7209610140929135,0.048681182938047636,0.028659351394339335,0.17024614374886884,0.15076380296498434,0.014472945777655169,nan,nan,nan,-0.699639930344428,0.03158084299151476,1.0,-0.06318269245840089,10.0,0.0,0.0,0.0,-0.90145616518532,-0.8292900471939081
20.052,3.274402692930253,0.001280016479870537,-0.004243537433234281,-0.7146286605185005,0.02159179679937754,3.224340975679141,0.06343359001466765,0.0007494536180505661,-0.719901314649411,0.0025013795835723916,0.02869267336010761,0.17314308427561242,0.15275513915055383,0.01417702029713445,nan,nan,nan,-0.699678335758039,0.031584081262861385,1.0,-0.06318917546543182,10.0,0.0,0.0,0.0,-0.8893324297088122,-0.8431198812398474
20.101000000000003,3.231528995228856,0.001556014616430596,-0.002965133913532561,-0.7145475144666014,0.02170676672498203,3.119139473681317,0.04664251956139047,0.0008954115838708531,-0.7271791973335738,0.004258903229373662,0.02868490010200698,0.16539548140922405,0.14736410688038246,0.014456641600054988,2.5049883152966155,-0.13086991208972637,1.9108113014140113,-0.6996646154662202,0.031706166198114616,1.0,-0.06343359001466765,10.0,0.0,0.0,0.0,-0.9099559278031759,-0.8245703665622659
20.150000000000002,3.2029581228820487,0.0017127065446755291,-0.0021073840787044977,-0.7140598202901454,0.021127343398074643,3.0755530173675147,0.04656648761182157,0.0029524047927091956,-0.7247597990501754,0.03030235577936505,0.028687949260044598,0.16831152089697027,0.14942443259012422,0.014754709288587737,nan,nan,nan,-0.6998240521813928,0.023317033161953216,1.0,-0.04664251956139047,10.0,0.0,0.0,0.0,-0.8855036906011606,-0.826905205067056
20.201,3.1744080177511367,0.001847230278531291,-0.001295048321177469,-0.7136101823994806,0.01954848833342009,3.046596952324683,0.03973946964649558,0.013401129724824212,-0.7233249252807556,-0.011381544518000785,0.027790018247481348,0.17025003002129227,0.1507589130579953,0.014352626794318127,nan,nan,nan,-0.6998553947754483,0.02327903781845242,1.0,-0.04656648761182157,10.0,0.0,0.0,0.0,-0.8751585020088386,-0.8434764778414869
20.25,3.1316074091363144,0.002005734355435196,-0.00023186257220816957,-0.7131953198397479,0.016382705917491063,3.0032397906394217,0.03913434715800223,0.01434027739088384,-0.7215351954754643,0.003219072856312021,0.027791850963089202,0.1731461198379898,0.15277476627471157,0.014784601029113636,nan,nan,nan,-0.6999853668879407,0.019867120543260786,1.0,-0.03973946964649558,10.0,0.0,0.0,0.0,-0.8730841349511573,-0.8495722572596487
20.3,3.1030835207513854,0.0020833123759919367,0.0003669139285863124,-0.7130588083814197,0.014009125445818471,2.886004819261405,0.09394079801709655,0.011846001141383233,-0.7296462519473232,0.07095938242862193,0.028194959004494154,0.16539731353865775,0.14735988238870212,0.014313253193534022,2.1729028760195526,0.6507290699692033,3.743519323174779,-0.6999904469991599,0.019564676896681288,1.0,-0.03913434715800223,10.0,0.0,0.0,0.0,-0.867570871281309,-0.85941201743211
20.351000000000003,3.0603141219609697,0.0021597470998519497,0.0011164706486626816,-0.7124277775213932,0.012167590284471858,2.8422882832228384,0.0934137775830664,0.01231451758164903,-0.7264238482448212,0.012096614154227183,0.028186395271371994,0.16831180263296605,0.1494199004204909,0.014745440785415962,nan,nan,nan,-0.6995690888096464,0.046935902342104985,1.0,-0.09394079801709655,10.0,0.0,0.0,0.0,-0.8710975034633932,-0.827183493175262
20.401,3.017600368084414,0.0021978103134088667,0.0019200873919264709,-0.711585538768109,0.014856286338336896,2.8132530843211567,0.09305209415029987,0.012892713083327845,-0.7245231557663769,0.01640448816064051,0.028186557983879004,0.17024911352503777,0.15077911382488965,0.015015647244312112,nan,nan,nan,-0.6995868645311928,0.046672968965238315,1.0,-0.0934137775830664,10.0,0.0,0.0,0.0,-0.8979403317150021,-0.8087868717449165
20.450000000000003,2.9891460848299203,0.0022033644888911053,0.002563128895241092,-0.7112355918611578,0.01671808317253886,2.769838726719785,0.09202519102872585,0.01488779138246521,-0.7221339472171069,0.02277806533056016,0.028130658595381473,0.17314320634602623,0.15277015393039137,0.01476277633436061,nan,nan,nan,-0.699604905727947,0.046492519383441344,1.0,-0.09305209415029987,10.0,0.0,0.0,0.0,-0.8975366214729618,-0.8137693978954331
20.502000000000002,2.9464822685238747,0.002178820775068363,0.0036232683705272584,-0.7109821262312687,0.018103998909415983,2.79686306679956,0.08194748013405244,0.014800582902146255,-0.7152310008792276,0.0007630087807455645,0.028122555856310225,0.16539360447423557,0.1473783001959426,0.014900185947452483,3.271277860668688,-0.020949324221292413,0.9959453483632917,-0.6996616697699798,0.045980164708367965,1.0,-0.09202519102872585,10.0,0.0,0.0,0.0,-0.8945964650088063,-0.8231394783565866
20.552,2.918037709410223,0.002139468852781995,0.00436394158821769,-0.7112605973607249,0.018770751432202464,2.753970265281727,0.08047289414103401,0.01823084994163704,-0.7149895919476367,0.02551337337507228,0.028019677460734582,0.168308006884971,0.1494148078210332,0.014577600226946508,nan,nan,nan,-0.699760671175168,0.04095083358450946,1.0,-0.08194748013405244,10.0,0.0,0.0,0.0,-0.9064242637696341,-0.8319200973013577
20.6,2.8753420227871143,0.0020422535373987743,0.005481320296138028,-0.7118204091907442,0.017977319605041137,2.7253752826399906,0.07993892246866578,0.01889338943509733,-0.7150244873902049,-0.00013802517709843917,0.028016363785291938,0.17024679888966376,0.15077331381737077,0.014774704345049822,nan,nan,nan,-0.6998308545953704,0.04021475424931786,1.0,-0.08047289414103401,10.0,0.0,0.0,0.0,-0.8906062578155676,-0.8481815831037229
20.650000000000002,2.8468609820262616,0.0019513967236874858,0.006192745231725904,-0.7121397411696351,0.017771424117019437,2.6824487113767077,0.08318125332887105,0.013355702097594513,-0.7150511723493705,0.013566023855541788,0.028532333941937937,0.17314513089963157,0.15276416319123248,0.014452191947464804,nan,nan,nan,-0.6998448490076297,0.03994819710441755,1.0,-0.07993892246866578,10.0,0.0,0.0,0.0,-0.8991941886571688,-0.8388251369419761
20.701,2.8041191909141814,0.0017776803428218653,0.00727367264430609,-0.7125070907884575,0.01833753395816767,2.5383832820926715,0.028119497180081415,0.014417195579942367,-0.7269592050713237,0.020878159703117412,0.028508729813530396,0.16539868643641886,0.14737279156269265,0.014727113457235487,1.603568254009405,-0.5504914374947408,5.509378912402758,-0.6997214679122531,0.041566670641515646,1.0,-0.08318125332887105,10.0,0.0,0.0,0.0,-0.9037451529330703,-0.8325887481347479
20.75,2.775626592378153,0.0016349830958702891,0.007945187865331714,-0.7120746643197501,0.015111724759656529,2.4948151994717884,0.027574459743400618,0.014479456863388583,-0.7243078788474726,-0.015012777002951604,0.028517299172200826,0.16831738422585293,0.14940999760049756,0.014399357760999605,nan,nan,nan,-0.6999999550490008,0.014058822272465132,1.0,-0.028119497180081415,10.0,0.0,0.0,0.0,-0.8403752423017379,-0.8607801554687458
20.8,2.7471581661193474,0.0014716211062083169,0.008461897006206903,-0.711545650593163,0.011980458663063827,2.4658630766529113,0.027149859824200685,0.015687947909253094,-0.7226456017267977,0.02585680441600974,0.02852306453394808,0.1702577680616513,0.15076839498126618,0.014730621699738666,nan,nan,nan,-0.6999998318641072,0.013786356377015974,1.0,-0.027574459743400618,10.0,0.0,0.0,0.0,-0.8575949300459709,-0.8502982063896736
20.851000000000003,2.7044854835028085,0.0011920783587027804,0.009041865591852922,-0.7110357490375943,0.007502027765433171,2.4225662431825183,0.025136532208853174,0.017240139543964972,-0.7205514342297274,-0.0120683147521307,0.02834728410332746,0.17315665679118986,0.15275983503666735,0.014353171196798504,nan,nan,nan,-0.6999984360713374,0.013574096147372927,1.0,-0.027149859824200685,10.0,0.0,0.0,0.0,-0.8410278921529417,-0.8707102259759549
20.900000000000002,2.6760502107451254,0.000984649965743269,0.009269944601667338,-0.7108435864878849,0.004941159901388146,2.331267855218238,0.031021254648744667,0.017856710510367968,-0.7255705567504355,0.01351116525027252,0.028353928506373315,0.16557400180694268,0.14748127675831182,0.014682756423191423,1.8413579978901358,0.10109230438495356,1.2276748057745486,-0.6999923586092692,0.012567604400534726,1.0,-0.025136532208853174,10.0,0.0,0.0,0.0,-0.8549431631121628,-0.8620081770967482
20.952,2.6334142478454448,0.0006481178011726446,0.009474841924568779,-0.7103375254137478,0.0021961684041233763,2.2878446261282064,0.025103115242011073,0.02561382433703274,-0.7228798952706993,0.005180930798473777,0.027672788684792272,0.1684956077554955,0.14951717241413712,0.014310687615791294,nan,nan,nan,-0.699998071520711,0.015509383657255515,1.0,-0.031021254648744667,10.0,0.0,0.0,0.0,-0.8400388748448379,-0.8606153212289235
21.0,2.605011940712351,0.00041045349107220354,0.009504975121497377,-0.7099631515052469,-0.00033497671199154755,2.2589548476631274,0.02435802530018464,0.026320099135507036,-0.7213404537848868,0.01180255707966852,0.02767435620558628,0.170437196994457,0.15087440653248402,0.014509078145031207,nan,nan,nan,-0.6999402768387523,0.012550898552484924,1.0,-0.025103115242011073,10.0,0.0,0.0,0.0,-0.8304982590027642,-0.8766879438775624
21.05,2.562428278163226,3.854035158337829e-05,0.009337974502223508,-0.7096380844179816,-0.004521183555212066,2.2157308371972944,0.023205776412396302,0.02657071510981401,-0.7193986290935758,-0.018303346457821588,0.027671288327452574,0.17333720172134823,0.1528899386779171,0.014804329101604457,nan,nan,nan,-0.6999300055917891,0.012178410539397166,1.0,-0.02435802530018464,10.0,0.0,0.0,0.0,-0.8278997359465404,-0.8827644271669418
21.1,2.534046537104113,-0.00021567091007453513,0.009108105879370724,-0.7095540910896674,-0.0061990237347363635,2.2384680461320983,-0.06197973168909197,0.026592501391952354,-0.7133015945501844,-0.016532767705591114,0.027613217550624142,0.1655601328197122,0.14745925090485895,0.014392273833613998,2.67758835402694,-0.9563694896952681,4.313342757331277,-0.6999215834642065,0.011602367560852755,1.0,-0.023205776412396302,10.0,0.0,0.0,0.0,-0.8410244441069021,-0.8744340728313551
21.152,2.4914712740808165,-0.0006011916503068425,0.008547510890798655,-0.7097363238151126,-0.01366234130345421,2.195737512746982,-0.06627900654677452,0.031832482576477084,-0.7129880153909243,-0.01118203921438108,0.02719881802710533,0.16847908829877487,0.14949530761651514,0.014104190009455831,nan,nan,nan,-0.6988402148594371,-0.030979950959512337,1.0,0.06197973168909197,10.0,0.0,0.0,0.0,-0.7812308961595191,-0.9444450268167814
21.204,2.4488797113185052,-0.0009882102409873078,0.007336146243892258,-0.7099793111159042,-0.024792670798982473,2.1529837907688254,-0.06761989799437806,0.029964354730121826,-0.712767609338713,-0.0393436663600105,0.027196529728132517,0.1713894591030639,0.15152655519003458,0.014484807389625771,nan,nan,nan,-0.6985544812324886,-0.03357859703504751,1.0,0.06718244586753415,10.0,0.0,0.0,0.0,-0.7782904020982837,-0.9453994152782779
21.251,2.4204781479621036,-0.0012372524738750313,0.006213204494478525,-0.7101122549067274,-0.0297966434681181,2.1244868432836275,-0.06846087723876337,0.028420972196391947,-0.7126371090523818,-0.03580297880059435,0.02719744207310906,0.17332263197859102,0.15286720423596922,0.01468214086238675,nan,nan,nan,-0.6985544812324886,-0.03357859703504751,1.0,0.06718244586753415,10.0,0.0,0.0,0.0,-0.7782904020982837,-0.9453994152782779
21.301000000000002,2.377866024578075,-0.0015811659443719214,0.004226953031046327,-0.7102973872501068,-0.03518178766434,2.0492139173432973,-0.12761700468508846,0.022870701334540833,-0.7175217681248445,-0.031860432554784594,0.02754316894711594,0.1655501782949736,0.14743990405539226,0.01427171620518646,1.6817008422973379,-0.7764454232198896,2.484409130089829,-0.698627215047027,-0.034217078480830665,1.0,0.06846087723876337,10.0,0.0,0.0,0.0,-0.7795853497035872,-0.9444988511671073
21.35,2.3494594380757543,-0.0017846330236594183,0.0026924541476755944,-0.7100017299197872,-0.04082584738440777,2.0061975310380338,-0.12858698075048142,0.021258448541055852,-0.7160542198870306,-0.04343013292356683,0.02754345519945572,0.16847299438907679,0.14949880731537904,0.01456974486478133,nan,nan,nan,-0.6973772289959009,-0.06372211398041827,1.0,0.12761700468508846,10.0,0.0,0.0,0.0,-0.7374287603903831,-0.9703654204270773
21.401,2.3068807566448704,-0.002037522028441527,-3.4904931647978195e-05,-0.7094340439317266,-0.048263785120251285,1.9775713791827003,-0.1291843847236007,0.01964165810629037,-0.7151007009808472,-0.046121122357808686,0.027544007147660806,0.1704168253872039,0.1508572500069179,0.014766853732771928,nan,nan,nan,-0.6974451480569424,-0.064205120455183,1.0,0.12858698075048142,10.0,0.0,0.0,0.0,-0.7374287603903831,-0.9664376573556859
21.451,2.2785098546411118,-0.0021623923318892344,-0.0020546508764140055,-0.7091752438497603,-0.05171677033627007,1.9347071390425132,-0.13051431780362371,0.017395378402226488,-0.7138984501718819,-0.06485438618073153,0.02747850411219258,0.17332181705477237,0.15284724672398517,0.014461635076656995,nan,nan,nan,-0.697480270067717,-0.06523208107565104,1.0,0.1291843847236007,10.0,0.0,0.0,0.0,-0.7400745363831773,-0.9660098897500136
21.5,2.250147576081729,-0.002245989358985611,-0.004186294680150917,-0.7089839407470304,-0.054001559155707035,2.0195107536141497,-0.1590529477131314,0.014648239068865362,-0.7016353663455921,-0.07477099823788647,0.027463511423570893,0.16555091648103273,0.14744468372033526,0.01465715132439399,2.965400703951792,-0.4604793262436487,4.292922696653454,-0.6974874417948285,-0.06735741722910049,1.0,0.13051431780362371,10.0,0.0,0.0,0.0,-0.748742942046115,-0.960176381659083
21.551000000000002,2.2076001210222786,-0.0022829143649004567,-0.00752031647823799,-0.7094498529896665,-0.05692882334669138,1.9773381159927008,-0.15639862966698093,0.005659871461558996,-0.7033036560508252,-0.050740386675566476,0.0278798171581706,0.16847788362353427,0.1494796490336089,0.014366134222673499,nan,nan,nan,-0.6969091710878629,-0.07935945318715376,1.0,0.1590529477131314,10.0,0.0,0.0,0.0,-0.7546707941995969,-0.9868757109634776
21.6,2.1650003457709697,-0.0022047051326248637,-0.011023542779683088,-0.7103232907322273,-0.05917790938460643,1.9491939288726814,-0.156536973986212,0.003305588801701731,-0.7045110765704069,-0.048852307520737576,0.027880590861139264,0.17042601107955246,0.15083691748845485,0.014565051452550073,nan,nan,nan,-0.6974970149135739,-0.07893121488772437,1.0,0.15639862966698093,10.0,0.0,0.0,0.0,-0.7581082831351412,-0.9821337822921635
21.650000000000002,2.136575673798854,-0.0020825363128211196,-0.013414005095465276,-0.7107500206316757,-0.06007454195381876,1.906968716848047,-0.16178805439916857,0.009220724107502853,-0.7060174672411481,-0.008247936696764227,0.027241142059096005,0.17333924408587795,0.1528264143705149,0.014272459595071112,nan,nan,nan,-0.6975645049170773,-0.08013658431553239,1.0,0.156536973986212,10.0,0.0,0.0,0.0,-0.7569035480988595,-0.9798271926147695
21.700000000000003,2.0939177250410084,-0.0017887106904813542,-0.017159114739363806,-0.711038148648292,-0.06481685169468933,1.881792052893828,-0.13759764628937884,0.006862146072820431,-0.7062749575905247,-0.08087172888788673,0.027243677065692775,0.1655712860211859,0.1474258802901561,0.014469769959740975,1.9202580796433792,0.12182365896220272,0.29696608010199205,-0.6969189681368692,-0.0846377514218446,1.0,0.16178805439916857,10.0,0.0,0.0,0.0,-0.7198897413580696,-1.0074843745247917
21.751,2.0654702893599,-0.001513250470765375,-0.01973349500118492,-0.7112743232717872,-0.06350999249375522,1.8393730770138559,-0.13617928235753077,0.0020442533075959446,-0.7072600036853984,-0.04556767798902023,0.02747367740754867,0.16850661686892135,0.14946129026213048,0.014173096666820198,nan,nan,nan,-0.6977694221418427,-0.07299063817682949,1.0,0.13759764628937884,10.0,0.0,0.0,0.0,-0.7718366836596843,-0.9601137370769123
21.8,2.0370156973931564,-0.0011702750025635342,-0.022233058613946144,-0.711443374629072,-0.06209569379466808,1.8110769247946368,-0.13622431905735294,0.00023932964280692912,-0.7078244064154028,-0.04790810679084047,0.027473960461556392,0.170459519301768,0.15081822809856718,0.014454841646691911,nan,nan,nan,-0.6979822880427943,-0.0739008777720489,1.0,0.13617928235753077,10.0,0.0,0.0,0.0,-0.7622101451135678,-0.9677669310506701
21.85,1.9943257196889204,-0.0005284678699033563,-0.025913895113462263,-0.7116067020428741,-0.06080294509045235,1.7685716905423798,-0.13455430564876494,-0.005189935103269149,-0.7085205154142127,-0.04084790394587158,0.02768307245197576,0.17337869624222724,0.15280810691590985,0.014159555119456522,nan,nan,nan,-0.6980156023609866,-0.07507593020262604,1.0,0.13622431905735294,10.0,0.0,0.0,0.0,-0.7627358583443209,-0.9652838401357859
21.900000000000002,1.9658630918227433,-1.5087752939298374e-05,-0.028324312472593934,-0.7116715249136929,-0.05987442904422811,1.7683897719830577,-0.12275109570335885,-0.006405329934259907,-0.7059295366168743,-0.029356619031396646,0.027690266436699935,0.16560733419921517,0.1474094319351393,0.014438717368724185,2.013244519125068,-0.0001192607852669392,0.30485680393577486,-0.6982490531886499,-0.07593449076520997,1.0,0.13455430564876494,10.0,0.0,0.0,0.0,-0.7659060214442098,-0.9610974985177928
21.951,1.923163092525354,0.0008842236524899353,-0.031850288944998466,-0.7119549869671973,-0.05781049821541386,1.725991269441893,-0.12029653904164599,-0.01347547349110423,-0.7070845196255706,-0.054611525276815884,0.02797073025451704,0.1685464044456851,0.14944503483193167,0.014147783946621606,nan,nan,nan,-0.6986158205744922,-0.06930288485873248,1.0,0.12275109570335885,10.0,0.0,0.0,0.0,-0.7777150053547575,-0.9591874836967604
22.0,1.8946857032543882,0.0015696844424030513,-0.03410766393337053,-0.7121923253513025,-0.05522455072369089,1.6977034692668629,-0.11989929150476224,-0.016119735296370674,-0.7077918573754745,-0.06772110531508965,0.02796847122989012,0.17050138430073675,0.15080156935356728,0.014347926359416827,nan,nan,nan,-0.6988984092786896,-0.06958454512070134,1.0,0.12029653904164599,10.0,0.0,0.0,0.0,-0.7967421193090802,-0.9382063134864174
22.05,1.8519587882478707,0.002725524544927077,-0.03724689974604391,-0.7124366768245296,-0.05018004042781987,1.6552238582274525,-0.11914531039657512,-0.020074994510965283,-0.7086728166309832,-0.044028891640911255,0.027970835944727046,0.17342311215430112,0.152816038100337,0.014645658197839122,nan,nan,nan,-0.698964951463939,-0.07050733141849719,1.0,0.11989929150476224,10.0,0.0,0.0,0.0,-0.8032406485855434,-0.929596628171071
22.101000000000003,1.8092266838664495,0.004027876284218507,-0.040123571654845126,-0.7125410400158123,-0.0466764609510543,1.7094149986903968,-0.13527583262579554,-0.025610474717677967,-0.7004374729526259,-0.043733699209089316,0.028297692773734583,0.16564588151572254,0.14739489588363608,0.014390020786825108,2.400972720419552,-0.34356417028681585,2.24873772624826,-0.6990617116271882,-0.07185745329667093,1.0,0.11914531039657512,10.0,0.0,0.0,0.0,-0.7961796339328627,-0.9341917970363275
22.151,1.7807274652737495,0.004974203290810999,-0.0419542137864631,-0.7130936013971148,-0.045306656615643516,1.667359733101205,-0.13416406244666826,-0.02760039667484016,-0.702857046875608,-0.016663358504669334,0.028301932054461038,0.16858702935824094,0.14945306205534045,0.01463021147597115,nan,nan,nan,-0.6990036591215895,-0.0789711698338813,1.0,0.13527583262579554,10.0,0.0,0.0,0.0,-0.805547302951606,-0.9490639359431836
22.204,1.7379417651865396,0.006503091999996985,-0.04465147943209408,-0.7137753406428866,-0.04503082142889257,1.6392403610300663,-0.13284196462583694,-0.0298272068697627,-0.7042871056626988,-0.020605047530311237,0.028370865257797057,0.1705437116820521,0.15078711183628488,0.014242243877087462,nan,nan,nan,-0.6990886042611123,-0.08086202914221197,1.0,0.13284196462583694,10.0,0.0,0.0,0.0,-0.7935545452105639,-0.9496337451558601
22.25,1.709403541894176,0.007593013864310728,-0.046450465234603014,-0.7140451508197954,-0.044887318648667955,1.5969672235225383,-0.13154482683496288,-0.03255730751968944,-0.7060237828715427,-0.05767087578597599,0.028366841956346447,0.17346837234932808,0.15280136715204165,0.01454089851261657,nan,nan,nan,-0.6990886042611123,-0.08086202914221197,1.0,0.13284196462583694,10.0,0.0,0.0,0.0,-0.7935545452105639,-0.9496337451558601
22.301000000000002,1.6665872431772175,0.00933247537196694,-0.049079239598283954,-0.7142294819487839,-0.04265492969400172,1.5896577756964472,-0.12090638079069946,-0.03581394301558838,-0.7047268486839612,-0.04792880316727074,0.02849592312809566,0.16568593621934946,0.14738294893507478,0.014148361249759288,1.775177010842366,-0.029013296679416576,0.1692523041732093,-0.6991381207451696,-0.08218610614661159,1.0,0.13154482683496288,10.0,0.0,0.0,0.0,-0.8076328788610123,-0.9303376332514646
22.35,1.6380391289377587,0.010561199135863467,-0.05072333577323029,-0.7144265988058868,-0.04012001280187945,1.5473707407394666,-0.1193473701853548,-0.0380545822247731,-0.7063512654020736,-0.026402375931338044,0.02849881309030606,0.16862933012823667,0.14944145314178944,0.014448299437956778,nan,nan,nan,-0.6994698400100079,-0.07697673621186318,1.0,0.1193473701853548,10.0,0.0,0.0,0.0,-0.8111222312710845,-0.9275120533853786
22.400000000000002,1.609486441501628,0.011842612768721264,-0.05228001416066769,-0.714548865998047,-0.03838939240293512,1.5191283556756674,-0.11826682642860407,-0.03851267433697903,-0.7072230476085729,-0.012849373808081625,0.028501169724406698,0.1705868727361493,0.15079980856544548,0.014646613832446108,nan,nan,nan,-0.6994698400100079,-0.07697673621186318,1.0,0.1193473701853548,10.0,0.0,0.0,0.0,-0.8111222312710845,-0.9275120533853786
22.450000000000003,1.5666580103747005,0.013858016251016967,-0.05453826995971207,-0.7145794376563458,-0.03737306914620827,1.4766869887193124,-0.1193383288509123,-0.03690695203940519,-0.7082978959696865,-0.04493810690535836,0.02815524286669299,0.173512131476418,0.15279089536183843,0.014357144029750286,nan,nan,nan,-0.6994627281800057,-0.07769505240512764,1.0,0.11826682642860407,10.0,0.0,0.0,0.0,-0.8035889284837763,-0.9319936483205324
22.5,1.523838977155433,0.015979976808591406,-0.05674997371662631,-0.7144372080734187,-0.03637416649056828,1.4288154343514514,-0.17195185033465454,-0.02809415445435359,-0.710681989885722,-0.024676710150516704,0.027337764449817413,0.16572281328696037,0.14737462655325684,0.01398442446084269,1.2829655160139621,-0.6748259912700287,1.2451525930625988,-0.6993307141872733,-0.08063966268493772,1.0,0.1193383288509123,10.0,0.0,0.0,0.0,-0.8070951189243534,-0.9239171771218953
22.55,1.4953157026801676,0.017447437645705277,-0.05835070067354138,-0.7137503459919835,-0.04305658465290047,1.3861902165496336,-0.1707329559036625,-0.030409479533692,-0.7104706762084534,-0.0627640942253136,0.027334283010481634,0.16866542909764715,0.1494329972182828,0.01436803254779958,nan,nan,nan,-0.6970605147985793,-0.1197697437840155,1.0,0.17195185033465454,10.0,0.0,0.0,0.0,-0.7149907012065333,-0.9927672687536331
22.6,1.452583295721189,0.019727838738014616,-0.06125430610017779,-0.712831877564577,-0.05142468929898203,1.357788173468544,-0.1698557629290159,-0.03259568519381739,-0.7101543375103369,-0.06512075166057714,0.027334723332335394,0.17062176038403373,0.1507911588751277,0.014566696430211482,nan,nan,nan,-0.6970306558262664,-0.12254983579997614,1.0,0.1707329559036625,10.0,0.0,0.0,0.0,-0.7289474285822445,-0.9785697932420364
22.650000000000002,1.4241264444904371,0.021306351575659153,-0.06341393340764426,-0.7123058553918349,-0.0554611175532798,1.315308270083368,-0.16009304741092192,-0.047874625172247054,-0.7097582765560762,-0.04875149483682447,0.028392497314486585,0.17354386427763566,0.15278303106777458,0.014273538510605985,nan,nan,nan,-0.6970573863648076,-0.12541219588071684,1.0,0.16939191387380756,10.0,0.0,0.0,0.0,-0.7274870976726975,-0.9809523711626933
22.700000000000003,1.3956900063235278,0.022936356042523805,-0.06568985777588297,-0.7119480262254834,-0.057190292453674504,1.2778397350945594,-0.09601394498257769,-0.049936071834230766,-0.7109233853474097,-0.05919195723248226,0.028418509540387396,0.16574704777583105,0.1473892957152895,0.014470649177819338,1.2185588553021756,0.5689097512578295,1.9633958848673825,-0.6981231571677462,-0.12111946179566857,1.0,0.16009304741092192,10.0,0.0,0.0,0.0,-0.755023990820495,-0.96081956837667
22.752000000000002,1.3530581444658791,0.025489150252408766,-0.06898687449065215,-0.7117261824427894,-0.05075769795467068,1.2352619953636068,-0.09266739134081504,-0.05657925045867396,-0.7108868322401325,-0.07462631846956518,0.0285687120757477,0.16868519785259342,0.14942764418202362,0.014176289770418092,nan,nan,nan,-0.6997801978038555,-0.07499678099101104,1.0,0.09601394498257769,10.0,0.0,0.0,0.0,-0.8349552844941068,-0.8880967168253997
22.8,1.324645159283741,0.02726771709769121,-0.07082515053454143,-0.7116763287933995,-0.04290374157436961,1.2068722973401933,-0.09104523065944178,-0.058363863812656465,-0.7109299390251053,-0.043315297392961576,0.028572112511013395,0.17063834287230986,0.15078649834485228,0.01437663000987218,nan,nan,nan,-0.6998828058010856,-0.07487815512337548,1.0,0.09266739134081504,10.0,0.0,0.0,0.0,-0.8513088028157317,-0.8720003217277689
22.85,1.2820362839387245,0.030043788195027597,-0.07304297726187382,-0.7116029968841611,-0.033507012453830566,1.1643473837281881,-0.08570183075695209,-0.06405313651990908,-0.7109718715687527,-0.02174268510460195,0.028932711388237654,0.17355575346704163,0.1527803427856023,0.014245391522467558,nan,nan,nan,-0.6998996539705236,-0.07529637075948692,1.0,0.09104523065944178,10.0,0.0,0.0,0.0,-0.8404661912342731,-0.8822766589234484
22.900000000000002,1.2536373449356217,0.03195945016815276,-0.07426827320020361,-0.7115520340578873,-0.028968550808627636,1.0918179109299264,-0.08466544414916892,-0.06505106078237599,-0.7156000911395517,-0.006863316451692143,0.028933598301741987,0.16575421639805527,0.14738765471905824,0.014384737903745165,0.7444928344745213,-0.09571636638209163,0.5872139828007974,-0.6999689464047208,-0.07347254276192672,1.0,0.08570183075695209,10.0,0.0,0.0,0.0,-0.8429573135716374,-0.879580763039482
22.951,1.2110555919747819,0.03491816131188777,-0.0758304604543381,-0.7111700152393008,-0.024524824400969862,1.0490884688998636,-0.07802472045975424,-0.07327926380963934,-0.7145851820218524,-0.04335778588406983,0.029440617343213408,0.16868740038462432,0.14942816230188088,0.014100840413409203,nan,nan,nan,-0.6999467089500712,-0.07739051274030828,1.0,0.08466544414916892,10.0,0.0,0.0,0.0,-0.8251545308956777,-0.8825650069531735
23.119,1.196870521617832,0.035924778119731,-0.07630470680307752,-0.7109800131487825,-0.023383319673786665,1.0348352679545236,-0.07697270914017251,-0.07275337635315982,-0.714254609266104,0.022417559763798393,0.029449409051840552,0.16966278775586666,0.15010951438482564,0.014201353221251078,0.9468615365439632,-0.001382284175898793,0.01983840404532567,-0.6999996788625629,-0.07423714459804387,1.0,0.07802472045975424,10.0,0.0,0.0,0.0,-0.858157706979184,-0.8522374727900784
23.151,1.0915840848733374,0.043246218650699816,-0.07727691233278601,-0.24306230702699566,0.02343930646058394,0.9290536088368877,-0.06460033695169995,-0.07363801960679206,-0.1417217116557006,0.022953607361143897,0.02926274464011578,0.16870013045138382,0.14943420792473494,0.014513562665847222,nan,nan,nan,0.9943973293916828,0.03305909745150281,0.0,-0.06614229238244494,0.0,0.0,10.0,0.0,3.563177921245797,3.8686523039254035
23.200000000000003,1.0866194911635925,0.04371368277275734,-0.07582017592130591,-0.05893525532966437,0.03766384230510012,0.9251041259183144,-0.065276917703221,-0.07123156201910374,0.030830244959151057,0.02068771004115523,0.029125813309830408,0.17071615413741223,0.15075367368249648,0.014140410284844182,nan,nan,nan,0.9943949832177169,0.0322889425707738,0.0,-0.06460033695169995,0.0,0.0,10.0,0.0,3.1226365509311447,3.3993694356985684
23.25,1.091672573766476,0.04352817832873973,-0.07287287480275235,0.18116133861287276,0.053534956575983395,0.9318442132701567,-0.0657498691954965,-0.06905737162083003,0.2670726078213437,0.023043566031817234,0.029123846489423226,0.17385479098956202,0.15273246052799086,0.01444103086001928,nan,nan,nan,0.9946115585386194,0.032626876674157576,0.0,-0.065276917703221,0.0,0.0,10.0,0.0,2.8904442033252113,3.163822819882646
23.3,1.1023998286260492,0.042856105417332924,-0.07050454919956847,0.3173179824916248,0.06162114154599267,1.0151720784972702,0.036342599702278454,-0.07191777199050975,0.4033133127825223,0.06839451031232285,0.029502202424471467,0.16621023262463872,0.1473028159243679,0.014061856303384423,1.5974866361781703,1.1134264448213425,6.625852594584801,0.9948106033667733,0.03286309895241585,0.0,-0.0657498691954965,0.0,0.0,10.0,0.0,2.55840787499263,2.825107107103221
23.35,1.1275979831026477,0.041164360400223164,-0.06671735006938874,0.4898029273922286,0.061162183721546456,1.0427950228471747,0.03438266274232935,-0.06860104363452679,0.5692438991883767,0.06004555710381146,0.029501316648852555,0.1695515828564524,0.14931606728129188,0.014363505605851336,nan,nan,nan,0.9985558985963542,-0.018169300216274515,0.0,0.036342599702278454,0.0,0.0,10.0,0.0,2.474013852257826,2.560453817264723
23.400000000000002,1.1618764280094005,0.038840355208470824,-0.06329400804843241,0.6261236980120521,0.05473030647030065,1.066378381452447,0.03277945873894096,-0.06635963552519586,0.6541481666697891,0.037095722963908395,0.029498870707351153,0.17180552652545616,0.1506409091258247,0.014562889719262407,nan,nan,nan,0.9986787247536677,-0.0171896380853182,0.0,0.03438266274232935,0.0,0.0,10.0,0.0,2.2362537692832323,2.322875812237351
23.450000000000003,1.1887182787536448,0.037045080843330615,-0.06117851923864091,0.6989294497797953,0.05203507728579669,1.1077797302689278,0.028581457383242054,-0.05844415086816657,0.7612622330809364,0.0431803741751538,0.02915470571664469,0.17518145652491032,0.15259646248195335,0.01428458095635734,nan,nan,nan,0.9987516907157653,-0.016388262051949078,0.0,0.03277945873894096,0.0,0.0,10.0,0.0,2.1105343901090614,2.2116959178819484
23.501,1.2338518876830549,0.03409757862246336,-0.05819894492830437,0.7894266630694641,0.04734587146436654,1.0799697648096203,0.11778198196342238,-0.055916030087074915,0.8074503762245493,0.06418543689475027,0.02917204848188194,0.16737707547710998,0.14719387085333496,0.014483989756932198,0.6026850204391095,1.0811824233359688,5.016866234914979,0.9990058442489703,-0.014722070410594593,0.0,0.02944626824034561,0.0,0.0,10.0,0.0,2.026214493830426,2.088918893399807
23.55,1.266588780050999,0.03202138758980819,-0.05648315156562728,0.8367314149962505,0.03879812776066358,1.1298120848096955,0.11474855762391879,-0.05203912095300688,0.8756817740209522,0.04461296164335769,0.029069061999434015,0.17067494851332946,0.14920215093084757,0.014215638164036886,nan,nan,nan,0.9999957746165373,-0.058823051393599154,0.0,0.11778198196342238,0.0,0.0,10.0,0.0,1.9870804646412585,1.9083519085337004
23.602,1.3186886277424377,0.02881273927065483,-0.054620673205884276,0.8909522880866977,0.025788379605319676,1.1651270564644487,0.11293109381601493,-0.05040182576271146,0.9081397283842325,0.015939750519181152,0.029066839219577922,0.17282732049596913,0.15053013200264556,0.014416262348413297,nan,nan,nan,0.9999861013168588,-0.05731144782770806,0.0,0.11474855762391879,0.0,0.0,10.0,0.0,1.8835476129917397,1.8133283971120173
23.651,1.3549883419376276,0.02664048745216778,-0.05373585535439776,0.9191388075118374,0.019884583549956657,1.220384833697122,0.11087290078669317,-0.055350843347202534,0.9475494317501104,0.005741093803977248,0.029536439417704282,0.17597100294469298,0.15250218499236776,0.014143120532856135,nan,nan,nan,0.9999819770974617,-0.05640565065623589,0.0,0.11293109381601493,0.0,0.0,10.0,0.0,1.8267982226217447,1.7772630433359589
23.700000000000003,1.392291662612312,0.024457419447987804,-0.05304193424706765,0.9421997314064516,0.01588481551351113,1.3461272109460891,0.057125847891763164,-0.05461529735690939,0.9768525125574303,0.014306324833505298,0.029537406686504557,0.16786888279807793,0.14711865650208217,0.014344290485377295,2.0188939375563635,-0.48185014506252405,3.436343249625133,0.9999999995817465,-0.05537976577821207,0.0,0.11087290078669317,0.0,0.0,10.0,0.0,1.756025349613334,1.7325735138629454
23.751,1.4496770444671845,0.021184852493047635,-0.05213878107508474,0.9678160369508193,0.015453668627415184,1.405147072644392,0.05372902369930828,-0.043207821156201476,0.9966305361574016,0.03958128932004348,0.02867052823099031,0.17086722478685204,0.14914410101062453,0.01406678446443535,nan,nan,nan,0.9996604538413331,-0.028555160148038747,0.0,0.057125847891763164,0.0,0.0,10.0,0.0,1.6754450615303382,1.7236688212480569
23.8,1.4886669562118586,0.01901322962621841,-0.0515047976108815,0.9808064211825396,0.015298635867409819,1.445068480355545,0.05201217999404799,-0.04173677783980878,1.0056379666005573,0.044961756339109676,0.028671999070869206,0.17281257551417298,0.15048142546197538,0.014268638437965742,nan,nan,nan,0.9998663455003669,-0.026858051922759394,0.0,0.05372902369930828,0.0,0.0,10.0,0.0,1.671276179483613,1.6703123613781505
23.85,1.5479752912345506,0.015777609098450256,-0.05066629153457933,0.9958341102848463,0.012806927042256045,1.5055202445609976,0.048936929468296614,-0.048942029157380336,1.0163820256602736,-0.01035070105004965,0.02925829468758669,0.17565156343004257,0.15246901547490613,0.014000581674082352,nan,nan,nan,0.9998761830797874,-0.026000229590465784,0.0,0.05201217999404799,0.0,0.0,10.0,0.0,1.660653672558176,1.6537031833676552
23.900000000000002,1.5879516381679644,0.0136393401742757,-0.050145217568760427,1.0035471027475786,0.01375068239375923,1.6143765798379848,0.0733817549742942,-0.04886058591745446,1.0273714953807733,0.00929777014693638,0.029255961211860363,0.16742972664663536,0.1470985399635055,0.014202941919287337,2.142978246327484,0.36463571557354824,1.7231611185374074,0.9997004178048849,-0.024463583350558392,0.0,0.048936929468296614,0.0,0.0,10.0,0.0,1.6080573355705523,1.6718272894218646
23.950000000000003,1.648404679632846,0.010466314960264895,-0.04925389872860296,1.012279099300279,0.014520701786451895,1.6760460383340834,0.07039355894027631,-0.04818582455623055,1.0317103476448437,0.0017832312930140379,0.02925261890741,0.1701766486292975,0.1491372284680143,0.013943045741241701,nan,nan,nan,0.999925749673359,-0.03667442610305234,0.0,0.0733817549742942,0.0,0.0,10.0,0.0,1.618025117252985,1.6293212977675928
24.0,1.688954964496155,0.008374237060830311,-0.04869003632407364,1.016653690899828,0.013883265899446018,1.7172855784388892,0.06841170385077379,-0.04743081666959803,1.033520579602622,0.01861549187098676,0.029254879597507506,0.17197050030984756,0.15048410664375775,0.0141459466979929,nan,nan,nan,0.9999154547961399,-0.035182256184261386,0.0,0.07039355894027631,0.0,0.0,10.0,0.0,1.6063838424417858,1.6262739153959536
24.05,1.7500638092011265,0.005272867551959606,-0.047887908089643376,1.0218264958338936,0.0127506089958168,1.7792706273161512,0.06549440712425832,-0.04722785256767903,1.035548140407363,-0.02075085380391186,0.02925013086025398,0.17460836154726916,0.1524862890158893,0.014447593435313773,nan,nan,nan,0.9999123750375283,-0.03419252054127297,0.0,0.06841170385077379,0.0,0.0,10.0,0.0,1.6091305920028012,1.6163914227249416
24.1,1.8114405091051922,0.002216493054613143,-0.04711647174497259,1.0257439086685713,0.01342169249980621,1.7935888203190382,0.08669926210358404,-0.04967020598464211,1.0343579004671937,0.04186815152982138,0.029534971696682767,0.16645051688960935,0.14711854752277098,0.014082816419729017,1.55686056707733,0.34176594145031736,0.49268658516744945,0.9998949877730262,-0.03273550528001144,0.0,0.06549440712425832,0.0,0.0,10.0,0.0,1.587428299525845,1.6300892837388083
24.150000000000002,1.8524766427397972,0.00020345315454234662,-0.04661671899919145,1.0279358159859289,0.011290916939143022,1.8556096469001329,0.0836616603281161,-0.04828708636223223,1.0360008047011884,0.00446960614920878,0.029531169240887903,0.16905626619486788,0.1491708112686471,0.01438520654178655,nan,nan,nan,0.9999798534299745,-0.0433225075555653,0.0,0.08669926210358404,0.0,0.0,10.0,0.0,1.625926497195513,1.5941218075500072
24.200000000000003,1.8935934343636496,-0.0017914704324333295,-0.04622260728147506,1.0297692133192466,0.009348619708410204,1.896929300639941,0.08030214893675826,-0.051635627309702496,1.0367722587461097,0.014247390639240739,0.02986391287941065,0.17077055990583984,0.15051973862990664,0.014028316249107286,nan,nan,nan,0.9999790007947922,-0.04180645696337981,0.0,0.0836616603281161,0.0,0.0,10.0,0.0,1.6073669674873108,1.6059447133496108
24.25,1.9553872262957934,-0.004749719104292052,-0.04570491694423599,1.0318979969798474,0.008263323961018008,1.959073503888985,0.07712173482432584,-0.05013402950594381,1.0376327689591665,0.021966667902402582,0.029865657953303617,0.17330878809563138,0.15253292282726583,0.014409647745875998,nan,nan,nan,0.9999338054700798,-0.04012951934748886,0.0,0.08030214893675826,0.0,0.0,10.0,0.0,1.6014234131410878,1.6073704281810681
24.301000000000002,2.017289571787837,-0.0076700170365748,-0.04524238111686599,1.0334464873064377,0.0072436919468283276,2.008316623445236,0.09737146426149232,-0.05078535254873406,1.038413230955809,0.04253156137572001,0.03004673793255968,0.1653090360117592,0.14716133161116413,0.014035215239869817,2.054773004552351,0.34701084955476513,0.288639461812037,0.9999328105339133,-0.03854177187386095,0.0,0.07712173482432584,0.0,0.0,10.0,0.0,1.6020866943612138,1.6022326591765936
24.35,2.058603030994009,-0.009598455352309472,-0.04501799692606147,1.0342229428956606,0.004440747293437558,2.070547865520076,0.09422165769533938,-0.05104053340754966,1.0386579657466009,-0.006595665080165625,0.03004081499523765,0.16785200723245736,0.14922296771208013,0.014337473946368258,nan,nan,nan,0.9999977144095791,-0.0486473201394597,0.0,0.09737146426149232,0.0,0.0,10.0,0.0,1.6226118295075507,1.5779645841999432
24.400000000000002,2.0999439550604224,-0.011513988726633301,-0.0448857791752233,1.0348362293024997,0.003136734509323802,2.112040531277291,0.0921028235377943,-0.05138207479018675,1.0386977723553141,-0.015221356902487824,0.030039619482969352,0.1695326431777447,0.15058476484462602,0.014537239546574278,nan,nan,nan,0.9999921413354235,-0.04707602212123845,0.0,0.09422165769533938,0.0,0.0,10.0,0.0,1.5988453580166544,1.5990189756177298
24.454,2.1619949485600176,-0.0143643725387476,-0.044692666569705226,1.0355298879462054,0.0034522099855463506,2.1743210483607514,0.08963856317151976,-0.050301148774780646,1.038695085736473,-0.02539048297752407,0.029920122944206894,0.17203071088417832,0.15259408142344824,0.014262385004229597,nan,nan,nan,0.9999848098396376,-0.04478930719153167,0.0,0.08963856317151976,0.0,0.0,10.0,0.0,1.5869314937747654,1.6068917067594022
24.5,2.2033824993230144,-0.016251203280631656,-0.044539974156721,1.0358694065118967,0.004110730551453062,2.2395172814194457,0.026034431341233864,-0.05135968783152168,1.0403541640898935,-0.0139997251916819,0.029947450732142562,0.16421313019639386,0.1472285327835116,0.01446122855814994,2.410093073372663,-0.6249395150912992,2.025584958484503,0.9999848098396376,-0.04478930719153167,0.0,0.08963856317151976,0.0,0.0,10.0,0.0,1.5869314937747654,1.6068917067594022
24.552000000000003,2.265479658872656,-0.019060406039722644,-0.044126912588020324,1.03596687316563,0.01098793270789528,2.3016877153669935,0.019955417420603045,-0.056551862236693395,1.0395711178957137,0.039685654816715224,0.030394822316458337,0.16673383738679445,0.14928385972739666,0.014195878253484394,nan,nan,nan,0.9989414525672675,-0.011170438592980881,0.0,0.022341806454201432,0.0,0.0,10.0,0.0,1.515547302409995,1.6633266249839513
24.6,2.3068746084918352,-0.020915755160778718,-0.04354054423834136,1.0358600320487266,0.01612455606242275,2.3431998251472113,0.017633572720808864,-0.05524341220998341,1.039007789958816,0.008691983376521084,0.03039070982274195,0.1684036015728595,0.1506502990550879,0.014396746150369764,nan,nan,nan,0.998915604733596,-0.009977377620908508,0.0,0.019955417420603045,0.0,0.0,10.0,0.0,1.5432672664385976,1.6352804027211518
24.650000000000002,2.3689607881161456,-0.02366949241055424,-0.04239546133064565,1.03571324066665,0.02148419639245395,2.4056312789515024,0.01788304839220824,-0.04743145200849685,1.0382898830840577,0.020349428017560837,0.029880927300966965,0.1708904323469808,0.15266079643813088,0.01412613514451507,nan,nan,nan,0.9989224671684224,-0.00881655791130919,0.0,0.017633572720808864,0.0,0.0,10.0,0.0,1.530729402805494,1.6475588538318588
24.700000000000003,2.410349184620374,-0.02548040141059874,-0.04146653843598997,1.0356805413124301,0.02387547724715589,2.3448080371917315,0.02352528233538274,-0.0472365882767929,1.0314908234975646,0.014423277612447948,0.02987839210899723,0.163245652159728,0.14729028588511114,0.014325534504551766,1.4586637393584607,0.09474018466030096,3.3722501608967788,0.9992593450033508,-0.008941285913366551,0.0,0.01788304839220824,0.0,0.0,10.0,0.0,1.5485529578294046,1.632631290193257
24.752000000000002,2.472441674805384,-0.028152028557896204,-0.03996436882210222,1.0360618022076313,0.025760935035533415,2.4067052128728417,0.021645493890137934,-0.04459976242936792,1.0327771238608228,0.023623928884737643,0.029737410819798346,0.16576460801216372,0.14934540376227448,0.01405041537010614,nan,nan,nan,0.9993708462788418,-0.01176209872078115,0.0,0.02352528233538274,0.0,0.0,10.0,0.0,1.5603700823440732,1.6404970503102208
24.801000000000002,2.5345704946103265,-0.03075941538621672,-0.03837991986621775,1.036545450042638,0.026658169885889572,2.4479837067605765,0.019821025162503562,-0.042505316460384364,1.0335247640813814,0.05086965305294575,0.029741473710970363,0.16743559732145358,0.15071442201843632,0.014252416307452371,nan,nan,nan,0.999429596575418,-0.01082232441196805,0.0,0.021645493890137934,0.0,0.0,10.0,0.0,1.5638988249557648,1.631911891668418
24.85,2.5760024686461236,-0.03245744671761378,-0.037329770374871875,1.0367005749748581,0.025875983315631863,2.5101340868035877,0.020622624681955328,-0.03606916606262845,1.034378221733444,0.01907937199761152,0.029308413381190886,0.16992696649926461,0.15272419665625117,0.01398636984765692,nan,nan,nan,0.9994688258357506,-0.009910188135938873,0.0,0.019821025162503562,0.0,0.0,10.0,0.0,1.5745916185611353,1.6175871281436034
24.900000000000002,2.6381602295211954,-0.03493923454204484,-0.03581185026000995,1.036799906998201,0.025009073501306288,2.6399895931067343,0.019308744616763088,-0.03524821925672361,1.0403381113409564,0.024131512154352375,0.029306771603378298,0.16243409407728304,0.14734800702962889,0.014186425509204528,3.3771260946165245,0.030647101523713603,2.5662694996423525,0.9996682754151359,-0.010310946920510827,0.0,0.020622624681955328,0.0,0.0,10.0,0.0,1.5706517698934799,1.6188263589646525
24.950000000000003,2.679594983432244,-0.036547275397552814,-0.034824096371602865,1.0364638249515028,0.0244832871253977,2.7023285521339,0.016587941347299344,-0.034884844118205915,1.0392759674367409,0.03531008875321389,0.029374705902543236,0.16496027591226842,0.14940298987805428,0.013928522266360925,nan,nan,nan,0.9996724877016127,-0.00965407237376849,0.0,0.019308744616763088,0.0,0.0,10.0,0.0,1.5628511349772651,1.6067477366143876
25.0,2.721014687971459,-0.03811748429957484,-0.033860089495472125,1.0360795234033486,0.02382452022609225,2.7438674004179333,0.015156357368180228,-0.032913346345315286,1.0385512238939358,0.04666408050698357,0.029377009441388623,0.16663602400142769,0.1507741618891644,0.014131493464754393,nan,nan,nan,0.999646478499389,-0.008293780500890765,0.0,0.016587941347299344,0.0,0.0,10.0,0.0,1.5661926947343239,1.6044030959316107
25.05,2.783122178712377,-0.040401131271489796,-0.03247843611533285,1.0356237567145774,0.022285207420147068,2.8061284216267817,0.013126200960115209,-0.03219275116261056,1.037648432815987,0.010103982685100826,0.029372397459596116,0.16913442593602757,0.15281220339933305,0.014430462464209334,nan,nan,nan,0.999679078131179,-0.007578033620539023,0.0,0.015156357368180228,0.0,0.0,10.0,0.0,1.5727369294217088,1.5983502376656111
25.101000000000003,2.8452092045770416,-0.042598281269853266,-0.03115035618366129,1.0352741538852344,0.02247643594189107,2.9070605875145663,-0.01855771265824114,-0.030180109419008616,1.039293703434478,0.007064777087103697,0.029264182232571663,0.1626120003716015,0.14809833985714174,0.014248067118909465,3.196421546193675,-0.3411949598270346,0.9487395028660724,0.9996715760664495,-0.006563006248866401,0.0,0.013126200960115209,0.0,0.0,10.0,0.0,1.5579178550956365,1.6139188356130865
25.151,2.8865866895569603,-0.04401355624308348,-0.030203162193344894,1.0348449145622376,0.02457358742072417,2.948603925867812,-0.019786831360990464,-0.02884926973390467,1.0383053804322875,0.010463046061493462,0.02926252537611736,0.16429935219196767,0.14948424003930383,0.01444823118399357,nan,nan,nan,0.9992298411909749,0.008964382709190715,0.0,-0.017929245686622623,0.0,0.0,10.0,0.0,1.534963408196028,1.6252245451462048
25.200000000000003,2.9486242074907136,-0.0460611272919279,-0.028611255214555983,1.034287606864977,0.027900434982071252,2.9900119975287223,-0.023234285423588935,-0.031109801765105246,1.0375034730109858,0.02108844095976081,0.0295167922672804,0.16597980790650393,0.15082828260035633,0.014083199294417769,nan,nan,nan,0.9992496085350074,0.009893092911350597,0.0,-0.019786831360990464,0.0,0.0,10.0,0.0,1.533342121760712,1.6291736223946147
25.25,2.989967745548255,-0.047374338712695224,-0.02744286546056311,1.033972548141645,0.029975210771907707,3.052211317780106,-0.025150016328309974,-0.03007116700485435,1.0364702362255396,0.017516505518162803,0.029515753556614028,0.16848556196896158,0.1528684651508358,0.01438475465337224,nan,nan,nan,0.9990873652861806,0.011616620145307968,0.0,-0.023234285423588935,0.0,0.0,10.0,0.0,1.5309963139710248,1.6307069407008923
25.3,3.031301124983609,-0.04864422615602186,-0.026196376008184814,1.0337076589660692,0.03187217463888032,3.1116681513848787,-0.057949867358948914,-0.026140308436532585,1.0371246274345889,0.03797094657101952,0.029282665863241998,0.16121984592933153,0.14744916714182024,0.01401096983780736,3.244120403835188,-0.4160480443832879,0.6615158323109085,0.9990908179381641,0.012574345394875609,0.0,-0.025150016328309974,0.0,0.0,10.0,0.0,1.5301048505372314,1.6328567522123247
25.35,3.0932838313133724,-0.05046287793092406,-0.02417704971033093,1.0332359767380723,0.035226305469544306,3.173853952315068,-0.05952857182531897,-0.024057733850979094,1.0359790368994786,0.03336001072772652,0.029281912164935125,0.1637607203990588,0.14953350823453912,0.014313381191928687,nan,nan,nan,0.9984819859097739,0.028966829157451,0.0,-0.057949867358948914,0.0,0.0,10.0,0.0,1.514937150268525,1.639261446060034
25.401000000000003,3.155237751268006,-0.052170482705181535,-0.02193579503929619,1.0327460998196487,0.038769795657685416,3.2152742997390638,-0.06052572539653758,-0.023017551589587622,1.0353223223608143,0.048278470515175684,0.02928311825725267,0.1654465406182688,0.1509100728860262,0.014513223622347379,nan,nan,nan,0.9985814261719862,0.03025362911624627,0.0,-0.06052572539653758,0.0,0.0,10.0,0.0,1.5225254118490061,1.6341666619769286
25.451,3.1965282526949497,-0.05324314121253098,-0.020348452218978172,1.0324932101302848,0.04013680470000549,3.277579838248112,-0.05620312094738463,-0.014205111353389643,1.0345016683089308,0.021435528716293277,0.02870203337340196,0.16796046716694804,0.15291691711378524,0.014241201079005644,nan,nan,nan,0.9985814261719862,0.03025362911624627,0.0,-0.06052572539653758,0.0,0.0,10.0,0.0,1.5225254118490061,1.6341666619769286
25.501,3.2584529883679405,-0.05474750192684899,-0.017899072615558356,1.0322965486666422,0.041127967868043784,3.265595677776965,-0.026686918878161634,-0.012430533417356228,1.0307091462021298,0.06027327203888916,0.02868942154738951,0.16077863306886797,0.14752272875357508,0.014437835218565755,2.7797349450407935,0.2884867806542098,1.3995110916832352,0.9991055189179973,0.028094166730768616,0.0,-0.05620312094738463,0.0,0.0,10.0,0.0,1.5304758287433426,1.6310987172261855
25.55,3.2997392558621605,-0.05567883345764927,-0.01631537700194897,1.032492013480765,0.03812001331100149,3.327664038993787,-0.02103933888453566,-0.0017416885626904133,1.031292010026722,0.06492270724123356,0.02802992856699583,0.16332794194525713,0.14957459845666363,0.014175192193136413,nan,nan,nan,0.9996678894392266,0.013342667598649532,0.0,-0.026686918878161634,0.0,0.0,10.0,0.0,1.5778327196965944,1.598064914327063
25.602,3.361690434379069,-0.05696822987509394,-0.01428040031883458,1.032842551082192,0.03055970720841448,3.368920027548854,-0.021079933456335045,0.0001777993920057952,1.0316992264208893,0.026410085425440592,0.028026270144438616,0.16501964697365765,0.1509512515575596,0.014376078583758797,nan,nan,nan,0.999924835249179,0.010519281420410549,0.0,-0.02103933888453566,0.0,0.0,10.0,0.0,1.599268738962772,1.5753673020324814
25.651000000000003,3.403000961592752,-0.05775698307845328,-0.013151336834870977,1.0329617558442972,0.027061461662138298,3.430801587013313,-0.02201774781109258,0.0011247361505746236,1.0321477383060789,0.013496419900446274,0.028124539234047292,0.1675424717686615,0.15295674309420448,0.014107828051688007,nan,nan,nan,0.9999463172683503,0.010539576456055477,0.0,-0.021079933456335045,0.0,0.0,10.0,0.0,1.585341948718428,1.5866566482542588
25.700000000000003,3.4443156419929504,-0.05849086878914302,-0.012133535871827437,1.033012982290115,0.0246172837792215,3.4676636585215497,0.03613765557765425,0.004186897023483294,1.0319898278541808,0.0707598254942782,0.028097150081111754,0.16042843877326118,0.14755785703148244,0.01430531216377725,3.4119083397349392,0.6510755915471967,1.6612853330747626,0.9999511567035023,0.011008429196608141,0.0,-0.02201774781109258,0.0,0.0,10.0,0.0,1.579385864946816,1.5896960817790535
25.75,3.5062865222649355,-0.0594969721900532,-0.010885888747900934,1.0329048628117312,0.01568962409807556,3.5296762435315414,0.03980273752061226,0.010083868196934633,1.0321790008881084,0.013430037168606468,0.027745504255717857,0.1629858046176079,0.14960892071492546,0.014032482236350438,nan,nan,nan,0.9997523953280594,-0.018066861788348623,0.0,0.03613765557765425,0.0,0.0,10.0,0.0,1.6492446170505344,1.5171092162459916
25.8,3.547597346930567,-0.060113715797865515,-0.010462710932836204,1.0328207313812368,0.007910138067255965,3.5709610550123054,0.040230746078513735,0.010886637906306174,1.0321683163444202,0.006616525365736207,0.027745953502680824,0.16468246929545405,0.1509858221801474,0.01423446120212558,nan,nan,nan,0.999550555214411,-0.019898741976090043,0.0,0.03980273752061226,0.0,0.0,10.0,0.0,1.636149201358134,1.5263912510288213
25.85,3.6095551165827096,-0.060970219965792626,-0.010309149443175637,1.0326198669517797,-0.0009739727132387415,3.6327761850287295,0.03596946081735515,0.005427666320261704,1.032108801161975,-0.011326823745133368,0.02822706938841962,0.16721222535697924,0.15299065626312,0.013967563157732236,nan,nan,nan,0.9997259877416848,-0.017982791728055916,0.0,0.03596946081735515,0.0,0.0,10.0,0.0,1.6158413911302287,1.5450612883403312
25.900000000000002,3.6715016318641585,-0.06176427716634256,-0.01056415848956864,1.032438444658328,-0.005967015905445075,3.6966846027125237,0.053025942023756274,0.004811833518653774,1.0335400226162934,-0.021720345748359744,0.028215270652321038,0.16015128401416778,0.14758775560948878,0.014247875280630687,3.8769370155540686,0.23238457635563273,0.32056136524156964,0.9997259877416848,-0.017982791728055916,0.0,0.03596946081735515,0.0,0.0,10.0,0.0,1.6158413911302287,1.5450612883403312
25.950000000000003,3.7127906576267593,-0.06227006074480347,-0.01088049740237838,1.0321808057846162,-0.0091340892785922,3.7586700024366175,0.05242802464437225,0.003598311603420168,1.0330166757287087,-0.006243707304490791,0.02830794357673148,0.16271441866298975,0.14963850434648315,0.013981477435682971,nan,nan,nan,0.9995096128941715,-0.02650676130900241,0.0,0.053025942023756274,0.0,0.0,10.0,0.0,1.6198398540542964,1.5333369725806878
26.0,3.7540689843952704,-0.06276546912084119,-0.011326323420751785,1.0319267727742019,-0.012396594423491104,3.7999868076293986,0.05258647268951561,0.0035301917339380924,1.0326696723276674,-0.023347845718857264,0.028306490672377994,0.16441460191438484,0.15101556673871386,0.014183368904177809,nan,nan,nan,0.999555824474259,-0.02620801026357168,0.0,0.05242802464437225,0.0,0.0,10.0,0.0,1.6240444337829325,1.5293989972175515
26.05,3.8159692906459823,-0.063502632998641,-0.012218954233674188,1.0315957210778317,-0.01631627736680167,3.8619370003639166,0.05278381131693318,0.0025838715188446493,1.0322086722550035,-0.016335845019207654,0.028307744191440935,0.16694924252744084,0.15306239270070243,0.01456091214644416,nan,nan,nan,0.9995554951145081,-0.026287179718334438,0.0,0.05258647268951561,0.0,0.0,10.0,0.0,1.6170597731772935,1.535766324873041
26.101000000000003,3.8778512072503277,-0.0642494664372838,-0.013306715604336718,1.031312875077699,-0.01941729501921968,3.8695217271690097,0.08271710603287326,-0.0009847277282690747,1.0297696943024772,0.0014141926407106793,0.028576194422277837,0.15993005060389145,0.1476133005347011,0.014177552618444732,3.5519657594817917,0.4298654735140475,0.9203702313925632,0.9995804089738295,-0.026385780609743646,0.0,0.05278381131693318,0.0,0.0,10.0,0.0,1.6187132701685583,1.5340636827543523
26.151000000000003,3.919098322387808,-0.06476272641053758,-0.014185393807478245,1.0312084878062981,-0.023657701110155718,3.9313244599826977,0.08361214660942196,2.0647763255166037e-05,1.029914209451635,-0.009662968534903517,0.02848309670763144,0.16249761155072834,0.14966343915570846,0.013916685834269697,nan,nan,nan,0.9991860383912526,-0.04133499550858394,0.0,0.08271710603287326,0.0,0.0,10.0,0.0,1.6444028397265895,1.5110078725514664
26.202,3.9809603222479306,-0.06556989802401855,-0.015809192830823087,1.0310206141209348,-0.02927546446200672,3.9931205955060607,0.08360516415259263,-0.0015488357561816992,1.0299724994550488,-0.054365633513692536,0.028478397570195053,0.16504945403134,0.1517249573794773,0.014304112169539538,nan,nan,nan,0.9991264072734244,-0.04178174332282614,0.0,0.08361214660942196,0.0,0.0,10.0,0.0,1.6411342805516704,1.5118266484888783
26.25,4.022194183773251,-0.06614052987635748,-0.01705500892980063,1.0308693744119377,-0.03217949003691426,4.0343193614546715,0.08353514394458517,-0.0027676936679017494,1.0299670095918692,-0.04773928540552124,0.0284798124715452,0.16674012586881534,0.1530868753187088,0.01450280313895279,nan,nan,nan,0.9991440020518746,-0.04178022234617381,0.0,0.08360909933974398,0.0,0.0,10.0,0.0,1.637836419752858,1.5136041444696924
26.3,4.06342121782427,-0.06674318179496833,-0.018388300418175303,1.0307058055090152,-0.03364221556552875,4.058527851347684,0.015254216578542043,0.005487243112407113,1.0287993094231478,-0.01055297039950182,0.02775861301296011,0.15975471925786122,0.1476342597639996,0.014250551663256485,3.883190956593507,-0.7958261290496776,2.931879001980539,0.9992405468484253,-0.04174330910188712,0.0,0.08353514394458517,0.0,0.0,10.0,0.0,1.6209041149413568,1.5297343149349123
26.351000000000003,4.125252235597416,-0.06771643187424477,-0.020401265322412425,1.0306286882187243,-0.032666671845066136,4.120260708983493,0.015583822283319802,0.0043091130344854464,1.0291678055695734,-0.03480343001288708,0.027755761632948156,0.1623267198447806,0.14972398765627953,0.014490263657008201,nan,nan,nan,0.9999140100655537,-0.007626960397733252,0.0,0.015254216578542043,0.0,0.0,10.0,0.0,1.6007747953383824,1.5573090370635565
26.400000000000002,4.166473054039689,-0.0684157244676353,-0.021652231902815584,1.0306447283355928,-0.030254226456732796,4.161429109405797,0.015757449624534323,0.0039773408707874935,1.0293706511109235,-0.01336744443273676,0.027758470579877136,0.16403279455387437,0.15110420573983493,0.014687300591529442,nan,nan,nan,0.9999267854085151,-0.007791753455020089,0.0,0.015583822283319802,0.0,0.0,10.0,0.0,1.5883824399088122,1.5672360517217028
26.450000000000003,4.2283019992548105,-0.06954550048726812,-0.023352204448729867,1.030605909923068,-0.027388094197660823,4.223165907875921,0.01295653535826829,-0.001487667082184618,1.0295757313425808,-0.025865393565838665,0.028023597583606147,0.1665761875998847,0.15310651898959046,0.01439121738608531,nan,nan,nan,0.999929719609213,-0.007878561796217121,0.0,0.015757449624534323,0.0,0.0,10.0,0.0,1.5956201127026362,1.5579412684922402
26.501,4.290122791964489,-0.07077457236367626,-0.024887559982325207,1.0304692553918002,-0.023994312854369447,4.257952554245414,0.033891258920789834,-0.0024674833776572314,1.029219858658352,-0.03340964873943068,0.02800851932866859,0.1596173571150396,0.1476918843687502,0.01458441202256273,4.181000641212569,0.25572787046331574,0.22956776435153833,0.9999875474309508,-0.006478177054873525,0.0,0.01295653535826829,0.0,0.0,10.0,0.0,1.579531778115193,1.5723975661944984
26.55,4.331331708241297,-0.07164827064360811,-0.025807534111989234,1.0303971148582187,-0.022640781888274966,4.319686480004094,0.03139625125827614,-0.006468388409564874,1.029341773635909,-0.021095075703597546,0.028223593109401014,0.16219283924655306,0.14974049859940636,0.014301454718177392,nan,nan,nan,0.9998952169512166,-0.016944007736015093,0.0,0.033891258920789834,0.0,0.0,10.0,0.0,1.5902468621352004,1.5605452459527893
26.6,4.3725353530400595,-0.0725646410230603,-0.02669000425024952,1.030276019638436,-0.021665840074651936,4.360859386815019,0.03110591654279806,-0.00794830737542318,1.0293674869587939,-0.016510043442213435,0.028223747831188015,0.16390103972285988,0.15112029028733262,0.01450004857216389,nan,nan,nan,0.9999574181768116,-0.01569683631739383,0.0,0.03139625125827614,0.0,0.0,10.0,0.0,1.586678033296571,1.5627767035580018
26.651000000000003,4.434329484571023,-0.07401572579016905,-0.02791794310040095,1.0300800403455803,-0.019331040884141424,4.422556637453599,0.02395542766335474,-0.016049193755887977,1.029364789870555,-0.00022355693068631634,0.02881621203535767,0.1664473176218028,0.1531223479398978,0.014214452932446484,nan,nan,nan,0.9999772637637168,-0.015471329018977666,0.0,0.03094512710675014,0.0,0.0,10.0,0.0,1.5764955901917388,1.5715359099614024
26.700000000000003,4.475517480493037,-0.07503142388191451,-0.028644965133604202,1.0299364327632687,-0.0174689690983083,4.480019287935667,-0.015451761590784045,-0.017456097754856792,1.030399594745914,-0.0379239319883644,0.02883576659153412,0.15950907723970997,0.14770533089985652,0.014409137686504335,4.6037858228261,-0.42414462551888626,0.8253810501682185,0.9999917092049758,-0.011977141084230154,0.0,0.02395542766335474,0.0,0.0,10.0,0.0,1.5737225120616989,1.5729987561621743
26.75,4.537284506799017,-0.07662117947925967,-0.029523526558462788,1.029605605031375,-0.011072558801722523,4.54182844941123,-0.0163618693226258,-0.01751558016035881,1.0299615022341098,-0.021469258253134796,0.02882267904956403,0.16208680578702708,0.14975373761562347,0.01412163660101929,nan,nan,nan,0.9996829546032833,0.007725727083594564,0.0,-0.015451761590784045,0.0,0.0,10.0,0.0,1.5232967533899173,1.6163144322852996
26.8,4.599025447834914,-0.07827810553998678,-0.02989434873125514,1.0292084746884869,-0.003099793923419403,4.5830172912282805,-0.0170916124976795,-0.017343005916172768,1.0296527257129575,0.018424217498162577,0.02882689152973615,0.16379631287547936,0.15113305165690533,0.014321730702243584,nan,nan,nan,0.9996698674188711,0.008180752158283303,0.0,-0.0163618693226258,0.0,0.0,10.0,0.0,1.5288258876315435,1.6104803133025019
26.85,4.640172765458398,-0.07941418200402131,-0.029942370337025143,1.0289712380472562,-0.00027868441183054527,4.644803791565142,-0.01593384060714612,-0.015146806908872712,1.0292468508674713,-0.016556913845195545,0.028623620152659457,0.1663444043823005,0.15313507513823152,0.014045243249667197,nan,nan,nan,0.999664908803906,0.008545598222253429,0.0,-0.0170916124976795,0.0,0.0,10.0,0.0,1.544059065379425,1.594634411950081
26.901000000000003,4.701876667368734,-0.08115371389673189,-0.029810565729859635,1.0286740077225631,0.004165490702945713,4.686849730286138,-0.012082106116415301,-0.013905761160100116,1.0290769391233003,0.01792230578297193,0.028624976427168113,0.15942235412552316,0.14771589289021397,0.014241386404172031,4.674261392373172,0.03537249515038923,0.010022039606290332,0.9997328935948415,0.00796675175168383,0.0,-0.01593384060714612,0.0,0.0,10.0,0.0,1.5342564748254612,1.6047227256238
26.952,4.743002991460567,-0.08232993871131782,-0.029606416609093685,1.0285000981545216,0.005393182874488303,4.7485738203258645,-0.013656470146171431,-0.015027067014315778,1.0287717520146784,-0.01108360473438339,0.028687292687715464,0.16200178672066268,0.14976421684275065,0.01397494636246779,nan,nan,nan,0.9998010703629377,0.006040979571771466,0.0,-0.012082106116415301,0.0,0.0,10.0,0.0,1.5524943020628972,1.5860761907799659
27.001,4.804679510294314,-0.08410833896094876,-0.02919673388886871,1.0282533162012553,0.008232098757384019,4.789718018453337,-0.014274904352345802,-0.015182492565361638,1.0285759360248696,-0.004980680997611486,0.028687484690528026,0.16371246503193204,0.15114291178734948,0.014176311793000485,nan,nan,nan,0.9997611847106477,0.006828128954369317,0.0,-0.013656470146171431,0.0,0.0,10.0,0.0,1.5374929703518048,1.6002235051528861
27.056,4.845788952090998,-0.0852967295718423,-0.02881742737433809,1.0280904396817605,0.010179674669545648,4.851490491907962,-0.009260197007814634,-0.008936506641550766,1.0283046946911667,0.001018589629682467,0.02815840353938654,0.16626236463468066,0.1531448789359268,0.013915118580209591,nan,nan,nan,0.9997509230790629,0.007137330978270103,0.0,-0.014274904352345802,0.0,0.0,10.0,0.0,1.5544445091484749,1.5829862806867474
27.101000000000003,4.907444306347461,-0.0870751581226079,-0.028160064176026702,1.0279357920909253,0.01099983741716019,4.939634276606185,0.06808575459497727,-0.006324903533009962,1.0310105107008125,0.04409386770431228,0.028117125303506567,0.15949882852414426,0.14783766954404529,0.01425978805521198,5.32425402207951,0.8974796576113722,3.8123431675238146,0.9999079754727309,0.004630065417938894,0.0,-0.009260197007814634,0.0,0.0,10.0,0.0,1.5544445091484749,1.5829862806867474
27.150000000000002,4.948537381834616,-0.08825587217096795,-0.027871252981958302,1.027586049490655,0.003973334532710227,5.001475825931889,0.0677199304835136,-0.005407002150632501,1.0299967147767728,-0.0008168738412643733,0.02811300546266801,0.16208259779291573,0.14992852712515678,0.01449703957594243,nan,nan,nan,0.999616245690678,-0.03402973547243037,0.0,0.06808575459497727,0.0,0.0,10.0,0.0,1.6277098895673112,1.4977001783297559
27.200000000000003,4.98961529722384,-0.08943371052617065,-0.027889143970921022,1.027232030767132,-0.0025867068698976698,5.042658401458776,0.06656892315865309,-0.006750251359252335,1.029368537516401,-0.009983548517720937,0.028195307012792412,0.16379541466029818,0.1512615944818574,0.014124973306380625,nan,nan,nan,0.9995956095519322,-0.03384703401699169,0.0,0.0677199304835136,0.0,0.0,10.0,0.0,1.6116687309635402,1.5150976128629665
27.251,5.051210411210614,-0.09119472803222346,-0.02828031546267048,1.0268366989193922,-0.00888789317838989,5.104402684708886,0.06614931841310592,-0.006792974194640866,1.0285949185128933,-0.008090692566321209,0.02819647222997957,0.16634763652751183,0.15330860710907035,0.014424350489081991,nan,nan,nan,0.9996483143117696,-0.033272178286521105,0.0,0.06656892315865309,0.0,0.0,10.0,0.0,1.6056675528199391,1.5219188700085287
27.302000000000003,5.112785657244192,-0.09295707449283717,-0.028981392139378646,1.0265492005928731,-0.01356205094900847,5.128745007244403,0.003650494183980559,-0.01229576027568502,1.0271114040414577,-0.0022128126256490254,0.028600390634948063,0.1594271648193376,0.14782468964526602,0.014040517104404399,4.9573465610224785,-0.6079149712541209,1.7402614494487059,0.9996549730483218,-0.03306260662843629,0.0,0.06614931841310592,0.0,0.0,10.0,0.0,1.6066411617980878,1.5218723813816408
27.35,5.153829627775771,-0.094137299406161,-0.02948504001524304,1.0265021579666,-0.011386633228349739,5.1903649527587,0.0029168777041251883,-0.01246568999448261,1.0269984661460454,-0.027748814696808895,0.02859681572075234,0.16200943987934166,0.14991456981539272,0.01442526824988005,nan,nan,nan,0.9999451846564061,-0.0018252450650410406,0.0,0.003650494183980559,0.0,0.0,10.0,0.0,1.5565365863476333,1.5773906500640729
27.403000000000002,5.194872191810245,-0.09532322932763744,-0.029857279785215882,1.0264608748211899,-0.007899665450300469,5.231440758075707,0.002403051016455649,-0.012280830258675213,1.02690848357607,0.005723496206222149,0.028600668348067806,0.16372183037975743,0.15129483947378708,0.014622710694679398,nan,nan,nan,0.9999394208114113,-0.0014584378180094331,0.0,0.0029168777041251883,0.0,0.0,10.0,0.0,1.5449319198044325,1.5879350685970521
27.451,5.256431702692444,-0.0971164532829565,-0.030179395923519595,1.0263731027292615,-0.004194273544736042,5.293039910981765,0.0009165949490868997,-0.012763922564890784,1.0267674418686776,0.014010336427434251,0.028663111455403855,0.1662740646313442,0.15329394536748067,0.014334678171231045,nan,nan,nan,0.9999386251245401,-0.0012015249300287997,0.0,0.002403051016455649,0.0,0.0,10.0,0.0,1.5576149126539693,1.5741671652339702
27.5,5.317984619271304,-0.0989283891953238,-0.030365837958676287,1.0262653331625218,-0.0024331054694200693,5.295944390698764,0.007212341611783084,-0.012572816996536673,1.0241165612891077,-0.019862653595523583,0.02865481349030868,0.1593647635908313,0.14785541556811754,0.014527882624452542,4.9344962424691605,0.07838567041195463,0.5390706179958178,0.9999597997572254,-0.0036061551739027067,0.0,0.007212341611783084,0.0,0.0,10.0,0.0,1.5534406384516841,1.5843366032244952
27.55,5.359019475314753,-0.10014551436065894,-0.030420510623787596,1.0263485393808207,-0.0006290459154005115,5.357384026586528,0.00544414326025978,-0.013804516614589259,1.0246211293199277,-0.0056809421096308725,0.028745199991698073,0.16194810203598153,0.14990115131183995,0.014251883314395843,nan,nan,nan,0.9999597997572254,-0.0036061551739027067,0.0,0.007212341611783084,0.0,0.0,10.0,0.0,1.5534406384516841,1.5843366032244952
27.6,5.400057380145456,-0.10136823026848296,-0.030408942103248446,1.0263990312150422,0.0,5.398367627085208,0.00487230971685421,-0.01378846354321972,1.024885873970741,0.010488453236345075,0.028746913202546676,0.16366148270766837,0.15128067822342417,0.01445076251957889,nan,nan,nan,0.9999385902606102,-0.002722064906938689,0.0,0.00544414326025978,0.0,0.0,10.0,0.0,1.5544254746059012,1.5804342643621234
27.653000000000002,5.461614511602771,-0.1032104374854579,-0.030312134978485273,1.0263811987673108,0.0005953439973881108,5.45982617185648,0.0010019850172998282,-0.01775963070417985,1.0251689275315807,-0.021784439519502753,0.029002129414152113,0.16621546857858066,0.15328001226184262,0.014171210890949549,nan,nan,nan,0.9999355631810806,-0.002436150039039311,0.0,0.00487230971685421,0.0,0.0,10.0,0.0,1.5361482906126247,1.5938545474035448
27.701,5.523166744570662,-0.10505739419039543,-0.030102823602457796,1.0262603642402737,0.0051255504630808735,5.522946118999446,-0.024123132304290112,-0.018163379356776588,1.0267340723736027,-0.018460633921966164,0.02901714426380078,0.15931593070394454,0.14784271122224987,0.014365896807754856,5.699748414426796,-0.28063154609682905,0.46220053531154126,0.9998510733997633,-0.0005009924667346337,0.0,0.0010019850172998282,0.0,0.0,10.0,0.0,1.5361482906126247,1.5938545474035448
27.75,5.564193979039377,-0.10628726649825754,-0.02983059274826965,1.0260226024604766,0.007830651398676697,5.584502755483463,-0.027773603179635675,-0.019440693108094376,1.0263404796967572,0.03250805497614617,0.02925621088451735,0.16190085892268358,0.149888829270538,0.014083680436558893,nan,nan,nan,0.999547915226844,0.012249524094735245,0.0,-0.02450027363061308,0.0,0.0,10.0,0.0,1.5279685980981628,1.5937564887711233
27.803,5.625714388826567,-0.10812464918681979,-0.02923746120339341,1.0256178622084757,0.011219037249874312,5.625545421439589,-0.02856702071474677,-0.01915405641597845,1.0260252388325168,0.011333709025378402,0.029253273301624576,0.1636150656478064,0.15126778023601173,0.014283970892770708,nan,nan,nan,0.9994447201917063,0.013885909034400451,0.0,-0.027773603179635675,0.0,0.0,10.0,0.0,1.528713508831679,1.5918236332134537
27.85,5.666714918981734,-0.10934051262623207,-0.028725517396463354,1.0253598103133865,0.013841884790733824,5.687012814298489,-0.03538766732664041,-0.024252914556802896,1.0256161131826373,0.027489761237845956,0.029747420671543047,0.16617001351360072,0.1532676162179846,0.01400920700034204,nan,nan,nan,0.9994410491186377,0.014282539108675893,0.0,-0.02856702071474677,0.0,0.0,10.0,0.0,1.519705173752171,1.6004191209962855
27.900000000000002,5.728198101684449,-0.11114223156720696,-0.027744698505870805,1.0249843114330512,0.018216883061096575,5.682051458437644,-0.016722268288955865,-0.021698975762455497,1.0210327204349234,0.040895075718579706,0.029737603562550206,0.160141140778808,0.14853120013501658,0.014520662817369325,5.047573940963946,0.1948205526147422,1.7614730106775278,0.999120441561878,0.017691987530269737,0.0,-0.03538766732664041,0.0,0.0,10.0,0.0,1.5118647379373147,1.6055982121195804
27.950000000000003,5.769182404226309,-0.11232499973485119,-0.026993483508121065,1.02508557412087,0.01882923105770187,5.722814825032984,-0.022896499257838127,-0.026852628378285722,1.0217320280784217,0.002382366205337912,0.03021655547471941,0.1618636335138196,0.14987738015794666,0.014080919493301921,nan,nan,nan,0.999529790110142,0.008130904532853115,0.0,-0.016262167439968254,0.0,0.0,10.0,0.0,1.5425997763314792,1.5912959873356218
28.0,5.810171524982999,-0.11348895845647351,-0.026205795571943857,1.0251254738368978,0.020781993335136462,5.763674349384255,-0.023987677473103205,-0.02631988542587438,1.0221963987509393,0.012390226530924024,0.030217203919826036,0.1635788955984801,0.15125555220989417,0.014280425291093421,nan,nan,nan,0.9992666301823863,0.011447749523146797,0.0,-0.022896499257838127,0.0,0.0,10.0,0.0,1.5122591331438315,1.6158346292370032
28.051000000000002,5.871655897079052,-0.11519089409997922,-0.0248109586136074,1.0250897152153189,0.024748751362116104,5.824990417765248,-0.02600987351884682,-0.025452625819203597,1.022720198156736,0.025000815407983972,0.03025600358464241,0.1661358520787299,0.15325570118455992,0.014005017263058717,nan,nan,nan,0.9992661410787876,0.011993263672951754,0.0,-0.023987677473103205,0.0,0.0,10.0,0.0,1.5147797865851331,1.6107704395010056
28.101000000000003,5.933135744263515,-0.11683119345011059,-0.02323415968451851,1.0249421036052688,0.027174546249629682,5.865523625683752,-0.001585161584481002,-0.022474075053795062,1.022861282535619,0.07867066788939281,0.03024820641926812,0.15924985592088073,0.14782022849716664,0.014282436362482137,5.84243436375869,0.26739172822616986,0.31567517399267564,0.9992606272629545,0.013004203665851581,0.0,-0.02600987351884682,0.0,0.0,10.0,0.0,1.5180219818879441,1.6047397731557067
28.150000000000002,5.974118897529715,-0.11788681580741729,-0.022199033666589058,1.0248837048092971,0.024536879038240336,5.926886998178667,-0.0029170327008295575,-0.021014435478472922,1.0231857897154917,0.00828576378216083,0.030239649216903197,0.16183800366598086,0.1499117149170343,0.01457855049587153,nan,nan,nan,0.9997293435767637,0.0007925806262782903,0.0,-0.001585161584481002,0.0,0.0,10.0,0.0,1.5632433171053763,1.5616873715298667
28.200000000000003,6.035589209914482,-0.11940873138992089,-0.02080588366045805,1.024743595569255,0.023187058404772184,5.967804180322799,-0.003946589099705414,-0.019712342671897254,1.023334623115868,0.03739090165319485,0.03025937375851669,0.1635544716951271,0.15124447074863262,0.014195684584723334,nan,nan,nan,0.9997474938685635,0.001458515316196767,0.0,-0.0029170327008295575,0.0,0.0,10.0,0.0,1.5351674215422797,1.5877630141042913
28.252000000000002,6.076565732201857,-0.12037962217794616,-0.019900156749026652,1.024642111931103,0.022177024087459557,6.029197076511775,-0.005093787191858771,-0.017118062984169846,1.0234856399581187,0.035120364433696594,0.030260008181574406,0.16611297476942335,0.1532920835677413,0.014492947402985058,nan,nan,nan,0.9997648758391587,0.0019732919885938117,0.0,-0.003946589099705414,0.0,0.0,10.0,0.0,1.5471390483425822,1.5743054385518354
28.3,6.117538781348252,-0.12131551257154846,-0.01904262872350996,1.0245294289327105,0.020976658683838564,6.073254870232486,-0.03701867381397688,-0.010881699233736166,1.0237820734596415,0.022393950742472205,0.029781616659018774,0.15923109690286422,0.1478100378749035,0.014102758323612907,6.0789136098106535,-0.4276598759830706,0.6721024315956547,0.9998066510806003,0.002546888089000614,0.0,-0.005093787191858771,0.0,0.0,10.0,0.0,1.5485121171612835,1.5716295358949055
28.352,6.1789894466431186,-0.12265311358177776,-0.017810436799856524,1.0242838177753837,0.020963611121639244,6.134677499823673,-0.0376582740819665,-0.00969288142466862,1.0236850746352821,0.01677006140748423,0.029781037248969574,0.16182023147355157,0.1499003858709994,0.014401260090584917,nan,nan,nan,0.9995681766894029,0.018507223602540514,0.0,-0.03701867381397688,0.0,0.0,10.0,0.0,1.5266849032771903,1.5894492574814731
28.400000000000002,6.240424812214719,-0.12390982536770748,-0.01649291553025147,1.0240036747647019,0.022638899973022025,6.1756218763196635,-0.038054585065941546,-0.008180765644462795,1.023581463065152,0.05644889082611995,0.029786081575198912,0.16353723178945057,0.15128091369829785,0.01459856292825807,nan,nan,nan,0.9995933382479697,0.018826912309381813,0.0,-0.0376582740819665,0.0,0.0,10.0,0.0,1.525240272191397,1.5901815484943314
28.450000000000003,6.281374060296592,-0.12470311810645968,-0.0155982039896451,1.023840335176634,0.0219787996356201,6.236997967955824,-0.04073645608115772,-0.009104129173345134,1.0234353887133165,0.04294187412130748,0.02996952003729319,0.16609633589326364,0.15327986836271698,0.014313146424022665,nan,nan,nan,0.999629946069621,0.01902499683153137,0.0,-0.038054585065941546,0.0,0.0,10.0,0.0,1.5426498543165978,1.5721780309352158
28.5,6.32231699749497,-0.12546093313329468,-0.014732797503261492,1.0236610208559214,0.02163545982522207,6.291920328901357,-0.044661109417748306,-0.0041309252142043285,1.0242559639340365,0.020384960480320794,0.029613811602921918,0.15921720023445107,0.14779999119847173,0.013942147091755508,6.39595637968712,-0.1259592698814928,0.09542493174074168,0.9995658044944863,0.02036541205513383,0.0,-0.04073645608115772,0.0,0.0,10.0,0.0,1.5330698890073726,1.5804897106595799
28.55,6.383718525625793,-0.1265298374279813,-0.013418402055512117,1.0233604134587084,0.022248568371794307,6.353367705102778,-0.04488087570708719,-0.0023140478069283437,1.0238559603364037,0.029793323077557256,0.029615325070443694,0.16180668534972875,0.1498892688067085,0.014324399171280856,nan,nan,nan,0.9996500136389342,0.022326844081288665,0.0,-0.044661109417748306,0.0,0.0,10.0,0.0,1.5269232515580304,1.5836178660170228
28.6,6.424643231752155,-0.127197156270831,-0.012522335278688049,1.023164414708359,0.022359390223099553,6.394319400952645,-0.04496541390693614,-0.0015979989131924555,1.023616481194802,0.015147241520661034,0.02961362031549997,0.1635238625989729,0.15126905484440695,0.014521988447668435,nan,nan,nan,0.9996937165660217,0.02243667218983561,0.0,-0.04488087570708719,0.0,0.0,10.0,0.0,1.5332941492746626,1.5775884329596472
28.651000000000003,6.4860182903026065,-0.12813029399078973,-0.011178023578759964,1.022915438043324,0.02261140458576536,6.455733955321556,-0.04473844896330336,-0.00022260387338013388,1.0233047996459923,0.014367711421798013,0.02958683537320346,0.16608319836270263,0.15326819386888751,0.014229670484568272,nan,nan,nan,0.9997101649902347,0.02247891997480692,0.0,-0.04496541390693614,0.0,0.0,10.0,0.0,1.5281533784195425,1.5823838932126302
28.700000000000003,6.5269278976417775,-0.12870668834731896,-0.01026613845457652,1.0227697755022296,0.02286239048946422,6.496058685896139,0.020071403386246175,0.001227587393797691,1.0230581922493927,0.02495413454184703,0.029548745776006215,0.1592061258112331,0.14783246191985142,0.014503630976462695,6.471642949249334,0.7036318910543681,2.0463579048821945,0.9997448997516255,0.022365494547474635,0.0,-0.04473844896330336,0.0,0.0,10.0,0.0,1.5299793015318321,1.5805928599867853
28.751,6.588283887552047,-0.12950443355410288,-0.008998511209174562,1.0226077501206603,0.01801867008806775,6.557419175278401,0.018561503944549976,0.00047283204035197807,1.022875569458159,-0.0019281625299180658,0.029692993302835587,0.16179587416616525,0.1498782012344552,0.014202490865230972,nan,nan,nan,0.999936573624467,-0.01003536479721728,0.0,0.020071403386246175,0.0,0.0,10.0,0.0,1.585605266526022,1.5260839051274167
28.8,6.629183631678213,-0.12999486945167024,-0.008394424426614857,1.0225137288269732,0.01371951275555488,6.598333073783635,0.01857878786523747,0.0008334023453069327,1.022769918333653,0.014400678702608418,0.029695292664237375,0.16351330401412933,0.15125713920716874,0.014400753023778474,nan,nan,nan,0.99995243677525,-0.009280485528363289,0.0,0.018561503944549976,0.0,0.0,10.0,0.0,1.5724009690639753,1.538816816013994
28.85,6.690527286884166,-0.13067190176135296,-0.007749565233612216,1.0223824052358423,0.008523371363399987,6.659682168605717,0.01729633771799182,0.0007597323028720737,1.0226148050896238,0.016038938912100755,0.029814182275663646,0.16607311110127984,0.1532565645439401,0.014112745551841487,nan,nan,nan,0.9999487676398859,-0.009289126743725513,0.0,0.01857878786523747,0.0,0.0,10.0,0.0,1.57911020722336,1.5312541213355149
28.900000000000002,6.731418858290347,-0.13108895591963426,-0.0074899297792859225,1.0222908827736272,0.005334883816841605,6.700984895253093,0.04081342447313945,0.0011757460036765364,1.0225300896274232,-0.009837127583845692,0.02979764743760071,0.15919785156147961,0.14782156687849318,0.014307051397378296,6.684561525929718,0.28842464926156686,0.26862787264782456,0.9999557480524813,-0.008647953267443605,0.0,0.01729633771799182,0.0,0.0,10.0,0.0,1.57843439888091,1.531318158525919
28.950000000000003,6.792749001668858,-0.13167226531870066,-0.0073298815278274145,1.0221203054963985,0.0005946208199698771,6.762275439505627,0.03461344055095115,-0.006219739031052551,1.02232769811846,-0.020710852672013554,0.030362145024855305,0.16178815570035218,0.14986765596795748,0.014030923561182008,nan,nan,nan,0.9997671689007346,-0.020403880261850655,0.0,0.04081342447313945,0.0,0.0,10.0,0.0,1.5852535172769087,1.5221065117703851
29.000000000000004,6.854067745056722,-0.13221644804094648,-0.0073887159818371365,1.0219437072658124,-0.0014860379229592454,6.803166702921214,0.03437473624721931,-0.0061113998861248575,1.0222167678445193,-0.02721791617119621,0.030361423104688468,0.16350596674847004,0.15124585601671794,0.014230760600569983,nan,nan,nan,0.9999385592050725,-0.01730499266818005,0.0,0.03461344055095115,0.0,0.0,10.0,0.0,1.56564726413984,1.5425715040526784
29.05,6.89494213923165,-0.13256290298650591,-0.0074600347800154185,1.0218472607226627,-0.0019383426369692619,6.864495438112156,0.03400498702145655,-0.005085461901707333,1.0220567872094193,0.017979431349248457,0.030367466721447616,0.16606636970155927,0.1532943249082503,0.014527904224771734,nan,nan,nan,0.9999386808308669,-0.017185676008452874,0.0,0.03437473624721931,0.0,0.0,10.0,0.0,1.562693273572396,1.5447453540677556
29.1,6.956246740524501,-0.13306731062133936,-0.00765832487125725,1.0217047757309854,-0.004815120535015123,7.062985124303228,0.017180384256304474,-0.006451541333690081,1.0325027568329765,0.009901903957484831,0.030542076013061695,0.15919246319237837,0.14781157695771066,0.014146837831003815,8.454469593844275,-0.13444663809178875,8.96677770146295,0.9999290125386875,-0.01700085540745236,0.0,0.03400498702145655,0.0,0.0,10.0,0.0,1.5817415703195714,1.5249932667132666
29.150000000000002,6.997097526551077,-0.13339705452391679,-0.007872048381821995,1.0209619217237003,-0.005431149079032399,7.124881482382283,0.016782078432960947,-0.006680571442423843,1.029580195505195,-0.005772742223005501,0.03054050822910605,0.1617824477451895,0.14990355838565905,0.01444509398065076,nan,nan,nan,0.9999977135391029,-0.00858998084340333,0.0,0.017180384256304474,0.0,0.0,10.0,0.0,1.547649039016354,1.5266722349164588
29.202,7.05831777497547,-0.13388914315310352,-0.008191118825698628,1.0200049785123002,-0.005048739198089309,7.166089740069892,0.021661550880912893,-0.0016999881660448857,1.0278715639992493,-0.020180360156333114,0.03008855476983195,0.1634993758281881,0.1512364157902413,0.014078823303748652,nan,nan,nan,0.9999985374871732,-0.00839084228839842,0.0,0.016782078432960947,0.0,0.0,10.0,0.0,1.5443930752331938,1.5372233913604463
29.250000000000004,7.099106232600815,-0.13421824374586616,-0.008393431449171297,1.0195859641773029,-0.005152277230785473,7.227717572777104,0.021525744394173315,-0.0024529485543771656,1.0257968582208938,-0.0009973005974890734,0.03009062691184329,0.16605772608242095,0.15328417699660682,0.014378010360732246,nan,nan,nan,0.9999583185179977,-0.010830351966375525,0.0,0.021661550880912893,0.0,0.0,10.0,0.0,1.5515100612907906,1.533514889263634
29.3,7.1398810101108765,-0.13455032815957987,-0.008612259124003499,1.0193016678151712,-0.005799221570923397,7.286018732808498,0.05529901300742614,-0.004280919499710657,1.0259334596920076,0.00794047515314033,0.030304350405692265,0.1591835677931413,0.14780319136340295,0.014002084359516614,7.421073797363319,0.4419373884007193,0.7535036009578473,0.9999654762363569,-0.010762456637685646,0.0,0.021525744394173315,0.0,0.0,10.0,0.0,1.5604884535251127,1.5295263059211142
29.35,7.2010262364861966,-0.13505804783376266,-0.009055557951523043,1.0189505564659302,-0.009395028931938922,7.347541972393855,0.055030723853045506,-0.004398198157748556,1.024348567781938,0.002503662542394878,0.030304422603031424,0.16177171389720454,0.14989364336441285,0.014302297902142725,nan,nan,nan,0.9997271315352732,-0.027642463762156864,0.0,0.05529901300742614,0.0,0.0,10.0,0.0,1.5849450598657682,1.5014429676812284
29.400000000000002,7.241778101925893,-0.1354067772521131,-0.009513096011966832,1.018762599533384,-0.012550254663359264,7.38850696470784,0.05484975040145124,-0.005668375006381065,1.023520546954674,-0.0448793925127606,0.030298766995104927,0.16348796969285895,0.1512741590351402,0.014500684425637829,nan,nan,nan,0.9997329706812674,-0.02750842116352631,0.0,0.055030723853045506,0.0,0.0,10.0,0.0,1.584294205420519,1.5056644248645228
29.450000000000003,7.30289615000535,-0.13594996959106556,-0.010358374728067738,1.0186043782342373,-0.014375044573020948,7.449857178842894,0.04934088638044017,-0.011388668664898738,1.0225116871888094,-0.019901345820447246,0.03073706665431706,0.16604601211245207,0.1532730917782462,0.014228021133463343,nan,nan,nan,0.9997634861720047,-0.02741800266825758,0.0,0.05484975040145124,0.0,0.0,10.0,0.0,1.5641789898393264,1.5273199430825402
29.500000000000004,7.343637817921114,-0.1363282650286373,-0.010933925690342707,1.0185676733621414,-0.014346504831931747,7.405305246520474,0.057061825186779304,-0.012151870027871324,1.016324584528724,-0.01931943332480908,0.03073229894380401,0.15917376152533833,0.14783722566975288,0.01442199790938647,6.619281705725489,0.14255140468405456,2.63838843150943,0.9999118649667351,-0.024665439953578602,0.0,0.04934088638044017,0.0,0.0,10.0,0.0,1.5630690689140598,1.531513386210126
29.551000000000002,7.404757828164344,-0.1369260581580221,-0.011799175532294806,1.018927683414278,-0.014661826412826134,7.4662968594209564,0.0566537910330417,-0.011785913232784218,1.0172139312056876,0.005340727475185866,0.030705226531353706,0.16176324053259258,0.14988254341864068,0.01415921341737742,nan,nan,nan,0.9998659931821051,-0.028523174861208752,0.0,0.057061825186779304,0.0,0.0,10.0,0.0,1.5767112030114543,1.535242676628703
29.6,7.465908698741116,-0.13756559530045268,-0.012733715513490654,1.0193946912151512,-0.01649597896832879,7.5069882882299375,0.05617844541041713,-0.011397028058265146,1.0177598847717564,0.004904742271672152,0.030705835825840678,0.16348105492605214,0.15126190447864618,0.014356049221102347,nan,nan,nan,0.999863326301753,-0.028319322539018643,0.0,0.0566537910330417,0.0,0.0,10.0,0.0,1.5851226391497495,1.523274336615249
29.650000000000002,7.50668763742949,-0.13801814892151487,-0.013428067815905142,1.019584835694753,-0.017855192969422,7.568070473094193,0.05629601649350785,-0.011764621698594713,1.018387100350913,-0.017485516914021997,0.03063202705642234,0.16604216687246354,0.15326087588956439,0.014152764024754329,nan,nan,nan,0.9998608117760478,-0.02808183869343397,0.0,0.05617844541041713,0.0,0.0,10.0,0.0,1.5839823065317664,1.5218617400669223
29.701,7.567865587513661,-0.1387399449019046,-0.014535372291252157,1.019738100683862,-0.01856276211287578,7.5594044868348105,0.07473365721104155,-0.012700230819520986,1.0153224913303154,-0.028780300922340237,0.03061939330031643,0.1591725955775935,0.14782566621108598,0.014431477139476968,7.096592345334545,0.2739102617872172,1.0439459863060665,0.9998659170274862,-0.02814057779250986,0.0,0.05629601649350785,0.0,0.0,10.0,0.0,1.5732613674848923,1.5298158124314258
29.750000000000004,7.608657505850877,-0.13925222406534765,-0.015297494787494238,1.019951626546187,-0.019423305148208093,7.620334913050259,0.07332770933116481,-0.014333833285454565,1.0164473932929274,-0.01039346684853612,0.03067752113860844,0.16176543143874128,0.1498711405469989,0.01413977579931676,nan,nan,nan,0.9996962233376607,-0.03734945164407281,0.0,0.07473365721104155,0.0,0.0,10.0,0.0,1.584804153455438,1.5253281392084708
29.8,7.6494570074420425,-0.13979113687398406,-0.01610205116130699,1.0201058585114908,-0.0205918335408186,7.660994592343975,0.07273340189048842,-0.015008035997891245,1.017039797275716,-0.00860971624890222,0.03067793112228446,0.1634853664086658,0.15124963618344422,0.01433874045999052,nan,nan,nan,0.9997510618160202,-0.03664743958454151,0.0,0.07332770933116481,0.0,0.0,10.0,0.0,1.586881595700814,1.5194798217082068
29.85,7.71066248281007,-0.14065294355268412,-0.01739796772190435,1.0202034720398936,-0.022246358841058113,7.721953334309237,0.06434200808438466,-0.024262673400512025,1.0177280353537899,-0.021888419129375277,0.031320900367044546,0.16604936813038507,0.1532490169872056,0.014058786476304048,nan,nan,nan,0.9997722543855506,-0.036350681553299964,0.0,0.07273340189048842,0.0,0.0,10.0,0.0,1.5850098336824576,1.5188805149856237
29.900000000000002,7.751467070667287,-0.14126473656914929,-0.01828088940579388,1.0202113557145918,-0.021438732594704902,7.692548494834568,0.05434683905851991,-0.025677423127436153,1.0133453941686614,-0.02952788203070264,0.031324986116227777,0.1591802497247956,0.14781458445120488,0.0142537518976203,7.043877839218624,-0.04112823298288072,1.795918493999364,0.9999688169716026,-0.03215991221699618,0.0,0.06434200808438466,0.0,0.0,10.0,0.0,1.5588795904878223,1.5436304819239761
29.951,7.812679314623719,-0.1422390708324775,-0.019447076256394042,1.0204838285985574,-0.01769280706262871,7.753398997318021,0.055752615115089284,-0.023903509173075932,1.015100865589445,-0.020936258683398958,0.03105410009040815,0.1617753197115849,0.14986051542886492,0.013984497797646801,nan,nan,nan,0.9999988909763887,-0.02716673425425089,0.0,0.05434683905851991,0.0,0.0,10.0,0.0,1.5525799545943006,1.562651306309256
30.000000000000004,7.8739106051563255,-0.14328087938387396,-0.02039879767520417,1.0207237786198768,-0.014876545171480451,7.794000087017378,0.05478392146394514,-0.024493351170640665,1.0159347361017081,-0.02832052803542185,0.03105307982502415,0.1634966721893323,0.1512383200503931,0.014184885878527877,nan,nan,nan,0.9999958188599437,-0.027385112906999194,0.0,0.05478392146394514,0.0,0.0,10.0,0.0,1.5505283663277,1.5553579095908057
30.05,7.914734581524584,-0.14401184167811426,-0.020951204389428647,1.020750388110173,-0.013144548131943032,7.854957330029965,0.05328394713201143,-0.025017085604923217,1.016871790118246,-0.013595768391772471,0.031054588815829006,0.16606267199829197,0.15328624011060182,0.014560018368042006,nan,nan,nan,0.9999958188599437,-0.027385112906999194,0.0,0.05478392146394514,0.0,0.0,10.0,0.0,1.5505283663277,1.5553579095908057
30.1,7.955557621681575,-0.14477025371619603,-0.02144120543690058,1.0207102203530418,-0.011823696994098947,7.8500266322491985,0.12032580039929233,-0.028088929348780933,1.014128378952255,-0.018331011045234248,0.031232124626493187,0.15919270535748464,0.14780450365132472,0.014174844790552421,7.422810680143342,0.865645832785786,3.1656191744338593,0.9999986900880242,-0.026635672804765458,0.0,0.05328394713201143,0.0,0.0,10.0,0.0,1.5527006776873782,1.5495537509731145
30.150000000000002,8.016787621169753,-0.1459581038197047,-0.02220201516168065,1.0206800809610208,-0.014748315761197945,7.910874369871337,0.1185934719663571,-0.028881171632916924,1.015352090921751,-0.012165316919309598,0.03123313730872726,0.1617892408648379,0.14989518659360151,0.01447233149798006,nan,nan,nan,0.9994879944147117,-0.06009046940155251,0.0,0.12032580039929233,0.0,0.0,10.0,0.0,1.5982476041959528,1.5074199976451428
30.201,8.078014597172563,-0.14720689525795427,-0.02326214894034045,1.0205970254855088,-0.019583959684615827,7.951464300528092,0.11651284734137322,-0.030775646653334654,1.0159646572478913,-0.04122101917089208,0.03130984389674356,0.1635113268329775,0.15122810919958163,0.014102485900410862,nan,nan,nan,0.9995395890186571,-0.059227384424405546,0.0,0.1185934719663571,0.0,0.0,10.0,0.0,1.5963580697608684,1.5052604275652526
30.252000000000002,8.118827314081198,-0.14807325473889948,-0.02408656929161981,1.0204869498282931,-0.020915301957159023,8.01240901408643,0.11463487870761936,-0.031353977867057285,1.0166909293756363,-0.019654307486694996,0.031313149721448184,0.16607819000275323,0.1532750969791297,0.014400969055556843,nan,nan,nan,0.99962423222796,-0.05819065378330622,0.0,0.11651284734137322,0.0,0.0,10.0,0.0,1.57948719734926,1.520153583868161
30.301000000000002,8.180034886543712,-0.14942598760149509,-0.025399487088310812,1.0202555669108255,-0.022731357478118733,8.122732869161489,0.12926537129360358,-0.028018310852473416,1.0216983822334365,-0.0004292586501489235,0.031012968504661686,0.15920638322962918,0.14779566067314265,0.014022086251216091,8.726263809045278,0.26289962066926964,1.8121735890796458,0.9996552920611677,-0.05761146230788417,0.0,0.11463487870761936,0.0,0.0,10.0,0.0,1.5851178032419213,1.5117408136364912
30.351000000000003,8.220823595394577,-0.15036622439355637,-0.026390331218718335,1.0197358958059863,-0.02642066361078224,8.183995322699266,0.12752852363916634,-0.029583180476117302,1.0207371389261723,-0.03983314452213563,0.03100880315867313,0.16180285898883667,0.14988586862798894,0.014321653516060183,nan,nan,nan,0.9991705895604472,-0.06874975125251356,0.0,0.12926537129360358,0.0,0.0,10.0,0.0,1.6047097989090675,1.47212358795276
30.400000000000002,8.281962266498814,-0.1518414566270265,-0.028133096871903178,1.018949519810625,-0.03030038012712824,8.224799412835038,0.12629370446104735,-0.03159006563396094,1.0200881203512726,-0.035078465721309036,0.031009154347567403,0.16352433874188713,0.15126626534095056,0.014519615698837727,nan,nan,nan,0.9991789138401129,-0.07010967917125001,0.0,0.12752852363916634,0.0,0.0,10.0,0.0,1.589779657209599,1.4889261150786524
30.451,8.322697637178031,-0.1528710733001803,-0.029388403293146723,1.0185450217365264,-0.03200905705182412,8.28614568053718,0.13458147256129777,-0.022432721953945748,1.0193126574482279,-0.009826150143761725,0.03014441772881085,0.16608983745925887,0.15326561020190133,0.01438078042259139,nan,nan,nan,0.999222595832062,-0.0710236785810724,0.0,0.12629370446104735,0.0,0.0,10.0,0.0,1.5908659160645577,1.4890929520075418
30.500000000000004,8.383768330390572,-0.1544934407834615,-0.03149500787987911,1.0179078600673561,-0.03821953554344719,8.245267555745706,0.056663177334951166,-0.02409895944717455,1.0133850876148363,3.664180233400264e-05,0.030193596019410147,0.1592152510085882,0.14783049220927375,0.014515405770309625,7.4917426456289355,-0.7568456660758465,5.290822051482934,0.998436208462821,-0.07836481079787576,0.0,0.13458147256129777,0.0,0.0,10.0,0.0,1.6234917913247233,1.4514622262267751
30.551000000000002,8.424470090870615,-0.1556321043023142,-0.03299711105422849,1.0180449559019515,-0.03641577804136794,8.30599003256285,0.05117153872347273,-0.030771875743149213,1.0144017555753313,-0.032473520562254686,0.030540523276190785,0.16181057646806335,0.14987629102137767,0.014239944761583035,nan,nan,nan,0.99996653206538,-0.032280416689676454,0.0,0.056663177334951166,0.0,0.0,10.0,0.0,1.5705266089349503,1.533776890511984
30.602,8.48554037810295,-0.15742625599019375,-0.034960089034869996,1.0183769566047378,-0.029609443872275903,8.34655423201619,0.04992117530114224,-0.031057007060207642,1.0151145909956347,-0.01286617036651798,0.030542734494983157,0.16353192131088592,0.15125561322094427,0.014438232996738694,nan,nan,nan,0.999999835424723,-0.03019815929500928,0.0,0.05117153872347273,0.0,0.0,10.0,0.0,1.5426350772436996,1.5581647469488122
30.650000000000002,8.526260491556105,-0.15868154101604484,-0.03604893100731471,1.0184997383627903,-0.025981820178934068,8.407432492777737,0.04718337639541546,-0.033345977902356605,1.015944821098873,-0.03716575636019912,0.030610493045537084,0.16609777250832888,0.15325518119033585,0.014159301263121099,nan,nan,nan,0.9999996180881539,-0.030183036957249894,0.0,0.04992117530114224,0.0,0.0,10.0,0.0,1.5485752701899527,1.5493285604039588
30.700000000000003,8.58734211453039,-0.16065157555481163,-0.0374071384428579,1.0185371943763113,-0.020077591094799372,8.440897424973157,0.0610966595632103,-0.03519815097382706,1.015790269684628,-0.03755036584541017,0.03060023961454289,0.15922253148588325,0.14782078452998607,0.014353477134554895,8.35698264364012,0.2228742395923962,0.13164052205825288,0.9999930532373313,-0.029618573789147458,0.0,0.04718337639541546,0.0,0.0,10.0,0.0,1.532886249049963,1.5616767841308
30.750000000000004,8.628061492540589,-0.16201974323776422,-0.038141224486939004,1.018536228103779,-0.017526230873613224,8.501732547029324,0.055079618240689625,-0.041720268595229364,1.016332541922514,-0.014518894130609538,0.03094641396798195,0.16181857750100256,0.14986716226141245,0.014071921561528051,nan,nan,nan,0.9999921240172632,-0.03916702816398748,0.0,0.0610966595632103,0.0,0.0,10.0,0.0,1.5441298282100684,1.5500995181970638
30.8,8.66877876282662,-0.16342873709043002,-0.038787519387623204,1.0184998796775133,-0.015279788497966426,8.542352782405287,0.05338050340670801,-0.04246456830706701,1.0165725123497256,-0.022255270030470637,0.03094501055996876,0.163540141151412,0.1512459952703465,0.014271681356508787,nan,nan,nan,0.9999876266578355,-0.03674565952893305,0.0,0.055079618240689625,0.0,0.0,10.0,0.0,1.5386622938808836,1.5530870113560717
30.851000000000003,8.729847313373874,-0.16561118506752506,-0.039582644656662155,1.0183877881039078,-0.011734899113272952,8.603236351206766,0.048379528228577544,-0.04669993582134957,1.0167769881360074,-0.014452250241768202,0.0311504400306263,0.16610597375700975,0.15324643773275348,0.014000416924631045,nan,nan,nan,0.999982830701877,-0.03660464556798137,0.0,0.05338050340670801,0.0,0.0,10.0,0.0,1.5334165920338971,1.556744950474733
30.901000000000003,8.790904637158478,-0.16786584461011486,-0.040154534945307185,1.018225591053145,-0.007845372971581766,8.666056105693412,0.034355179436911784,-0.04778145703828596,1.0184035708536565,-0.02092869272185344,0.03115547077085016,0.15922931511954758,0.14781278474991136,0.014196117375539706,8.844040544443489,-0.09174051437914929,0.24565241885487077,0.999757293010472,-0.025748898950587372,0.0,0.034355179436911784,0.0,0.0,10.0,0.0,1.5049816379521648,1.576107735193498
30.951,8.831599457270462,-0.16940214552652774,-0.04037065509063851,1.0179754012403657,-0.003783202696438218,8.727197555393541,0.035683090926052395,-0.044256937491904395,1.0180621982888614,0.0030648971454224974,0.030767896865218622,0.16182478058851696,0.14986014960353958,0.01393429748713638,nan,nan,nan,0.999757293010472,-0.025748898950587372,0.0,0.034355179436911784,0.0,0.0,10.0,0.0,1.5049816379521648,1.576107735193498
31.000000000000004,8.89262154319582,-0.1717468180585422,-0.04045098444261641,1.0176404409578503,-0.0002485001355398746,8.767878069911319,0.03388618258040481,-0.044003772987158296,1.0178393555301535,0.002811220100220637,0.030767730564353266,0.16354589990028492,0.15123852511821728,0.014135309880297616,nan,nan,nan,0.9998683090925253,-0.028027717055168676,0.0,0.035683090926052395,0.0,0.0,10.0,0.0,1.5237041686546462,1.558387673253637
31.05,8.933292134103546,-0.17333152243628291,-0.040422405827185724,1.017453736655386,0.0012847696074705214,8.828882137434496,0.031172258651367857,-0.044466302437668144,1.0175504672521019,0.016440506695687366,0.030768782405991343,0.1661109763914124,0.15328719914236372,0.014434121697514846,nan,nan,nan,0.9998637393367802,-0.027495365563849745,0.0,0.03388618258040481,0.0,0.0,10.0,0.0,1.5229679712543096,1.5588570625234135
31.102,8.973955204980166,-0.17492884901497976,-0.04033940037907504,1.0172853456830453,0.0024672545819307266,8.826783458628721,0.034766064019313904,-0.03993088485065322,1.0144833733770489,0.02418748776290929,0.03041131947630672,0.1592331395866164,0.14780597927174682,0.014064836127441869,8.422536566584986,0.04617850971429177,0.6560159491060435,0.9998406026302863,-0.0266112412795203,0.0,0.031172258651367857,0.0,0.0,10.0,0.0,1.5262084758005563,1.5554126496093863
31.150000000000002,9.03494150666444,-0.1773419582416955,-0.04016662232131404,1.0172517212520344,0.0026584694377710153,8.887613749706887,0.032353566367769516,-0.03868490781754819,1.0150378872925157,0.018185746906158574,0.030410917711265296,0.1618284390343795,0.14989705694723274,0.014364557033949526,nan,nan,nan,0.9999468891558015,-0.029624448576934203,0.0,0.034766064019313904,0.0,0.0,10.0,0.0,1.5452410255950695,1.5457048042595725
31.200000000000003,9.07560148059309,-0.17895857960109532,-0.04007267931079175,1.017299854707115,0.0022115990591184682,8.928229510821142,0.032160022122147615,-0.03771773176133753,1.0153631238700394,-0.014309164607536002,0.030285379719578915,0.16354969515361906,0.15123056574092103,0.014008271929250513,nan,nan,nan,0.9999701987261069,-0.029997443954059823,0.0,0.032160022122147615,0.0,0.0,10.0,0.0,1.5316466308598848,1.5553225716358152
31.250000000000004,9.136591902700578,-0.18138934314504537,-0.03993053948240963,1.017289596070182,0.002846587500930204,8.989116137358748,0.029861685471452213,-0.03752474682673945,1.0157343740958298,0.005402294433448436,0.030287575535501047,0.16611541879413733,0.15327770398517787,0.014308749291278216,nan,nan,nan,0.9999701987261069,-0.029997443954059823,0.0,0.032160022122147615,0.0,0.0,10.0,0.0,1.5316466308598848,1.5553225716358152
31.3,9.177250659334682,-0.1830110625145522,-0.039803551250168,1.0172408116345757,0.00320452265475737,9.026362021631531,-0.035125588586707654,-0.045399307393561905,1.0158278646820087,-0.013329291856847168,0.030932551962896467,0.15923732678683822,0.14779825024841858,0.013941518052641209,8.97546419164233,-0.6283787495577222,1.5836022865008939,0.9999680548624853,-0.02953158630062959,0.0,0.029861685471452213,0.0,0.0,10.0,0.0,1.5381223309537702,1.5469276542586705
31.35,9.234515426807743,-0.1849442826376629,-0.03948621631540118,0.8341001317621947,0.005048690733122242,9.08469375030984,-0.03777314697603358,-0.044171559274165606,0.7678167444930258,0.029015461856462196,0.03093739768730436,0.16183306570748138,0.14988530950190496,0.014242855841355238,nan,nan,nan,-0.6997287773241195,-0.017560988869300687,1.0,0.035125588586707654,10.0,0.0,0.0,0.0,-3.431256521015798,-3.347652071498964
31.400000000000002,9.273331530565251,-0.1864297353196805,-0.038935398538094246,0.5252276568637455,0.0060603309653209,9.113286396207386,-0.03903032498236352,-0.044648038196666295,0.5638306993040363,-0.020465255365040767,0.030931018491402618,0.16356167959842924,0.15125032072608582,0.014441950827482588,nan,nan,nan,-0.6997762065087225,-0.018884328338184986,1.0,0.03777314697603358,10.0,0.0,0.0,0.0,-3.075452803543739,-3.0331245474530344
31.453000000000003,9.290070269236193,-0.18721343429823037,-0.03841252158610214,0.3578263059221171,0.012199540673898912,9.141667056817978,-0.03858434114298656,-0.04270562729489181,0.3038597977828334,0.005221753752576065,0.030779752716188907,0.16618242007556078,0.15321155718409832,0.014176949368100681,nan,nan,nan,-0.6997788865602684,-0.019512685662103735,1.0,0.03903032498236352,10.0,0.0,0.0,0.0,-2.820763232438892,-2.739054684249894
31.500000000000004,9.303974220834396,-0.18797283488176492,-0.037291121041544785,0.14877633035701665,0.02042489599864781,9.221461854251634,-0.13354880059452537,-0.042750381667518315,0.17374428803684605,0.01952526246408175,0.03083194226471125,0.15937335571891847,0.1477486357353463,0.014372240334687822,9.829157378051473,-1.1277581233662644,6.000851841901464,-0.6998081030635627,-0.019289777668703323,1.0,0.03858434114298656,10.0,0.0,0.0,0.0,-2.4432609229612523,-2.3870263322952074
31.551000000000002,9.306853545729556,-0.18820163693664738,-0.03652252697304355,0.027831906078982283,0.017295577708630848,9.22810341533388,-0.13222911555460842,-0.03908704233424797,-0.010871972527897601,0.02181368814636387,0.030669857243624116,0.1622016308030586,0.1497384899450098,0.014115906183179273,nan,nan,nan,-0.6997461595682364,-0.06601847775859859,1.0,0.13222911555460842,10.0,0.0,0.0,0.0,-1.927601157070354,-2.036190533807941
31.6,9.302894448731028,-0.18818181384776897,-0.03582952457683733,-0.12888441501105902,0.00807768893168506,9.226643051920291,-0.13217003497642402,-0.03914984819767353,-0.11277496498328535,-0.001925162249104767,0.030667767190225646,0.1641737091426019,0.15106802553565055,0.014316047178130176,nan,nan,nan,-0.6997461595682364,-0.06601847775859859,1.0,0.13222911555460842,10.0,0.0,0.0,0.0,-1.927601157070354,-2.036190533807941
31.650000000000002,9.295442011910549,-0.1879567465296329,-0.035655749313059246,-0.2196954393109686,0.0028254812158364545,9.21702000893951,-0.13101995086270862,-0.038005971614806455,-0.2516257289218032,0.010434824816610715,0.030583680436894578,0.16727485125983732,0.1530034864112105,0.014053526765135743,nan,nan,nan,-0.6997478948702581,-0.06598906597494114,1.0,0.13217003497642402,10.0,0.0,0.0,0.0,-1.798926561323278,-1.8885165969810138
31.700000000000003,9.278075514647021,-0.18735949312997097,-0.03576645718501708,-0.3355570653549905,-0.0049359877515142364,9.285792792708335,-0.12786553661618405,-0.038209798705681315,-0.3506665413429081,-0.0028472178009865835,0.03058088254841825,0.1617452480122167,0.14821951207276265,0.014486798287845461,10.053206339698514,-0.09669724223056736,2.5467492945626624,-0.6997370484386403,-0.06541650273764787,1.0,0.13101995086270862,10.0,0.0,0.0,0.0,-1.5958783086221875,-1.6973443792804457
31.750000000000004,9.262996914594568,-0.18681694334175508,-0.036072726720385036,-0.40108705851452225,-0.009109410217965654,9.271185198843632,-0.12531035244910174,-0.03551714176132181,-0.41525837053906073,-0.03483790600257595,0.03029941523500955,0.1640064069924738,0.14953185844213032,0.014051767328864024,nan,nan,nan,-0.6997679880690221,-0.06396557188419116,1.0,0.1281059105871617,10.0,0.0,0.0,0.0,-1.5175959241444337,-1.6063176839258835
31.8,9.245503518791782,-0.1861794903489843,-0.036512281305180305,-0.4576025351534863,-0.011896354243908098,9.254046379691031,-0.12470567007541641,-0.03561978981151448,-0.46822264036335676,-0.019362778182472336,0.030301857288340176,0.16631310592611256,0.15085196109477753,0.014251983697018999,nan,nan,nan,-0.6997438016022945,-0.06257338092746245,1.0,0.12531035244910174,10.0,0.0,0.0,0.0,-1.3855713393859994,-1.450284385764156
31.936000000000003,9.23598114242846,-0.1858286575336808,-0.03676142376776125,-0.4826142780535639,-0.012782256956523014,9.24468794681057,-0.12436995275187493,-0.03662638299683163,-0.49327677256275454,-0.046852872772756,0.030298302775890486,0.16747908858280344,0.15150728311869874,0.014351554816011238,7.829532455752732,-0.6183752663066595,7.764562572119356,-0.6997728062102708,-0.062105006000612306,1.0,0.12436995275187493,10.0,0.0,0.0,0.0,-1.2808497566747583,-1.3314727673797289
31.950000000000003,9.170360204314838,-0.18337898209845932,-0.03853209206890379,-0.593352719888736,-0.018039398344248746,9.033650095322892,-0.1631370014457653,-0.03857596587463474,-0.6216939779514215,-0.05037132745002558,0.030223237620005474,0.16535745497597334,0.14870245800598203,0.01438247202001091,nan,nan,nan,-0.6993144043600021,-0.0818378352596909,1.0,0.1640420542678572,10.0,0.0,0.0,0.0,-1.0920679797081654,-1.2299170128999397
32.001000000000005,9.133477356083384,-0.18197897187374087,-0.03981761717093517,-0.6291351574419465,-0.022907195223556494,8.995676973207402,-0.16227243167584793,-0.040985514499486626,-0.6532372344094951,0.0057471968872707235,0.03037574371590456,0.1688991375496871,0.15068263994397882,0.014124562268290404,nan,nan,nan,-0.6994378979274793,-0.08148108544147625,1.0,0.163323775586158,10.0,0.0,0.0,0.0,-1.0580634602755976,-1.1474225188147928
32.050000000000004,9.094756603697576,-0.18048010120378186,-0.04128369387042014,-0.6567505739899353,-0.026369932128271982,8.956005027680412,-0.1603045954474276,-0.041032507389489936,-0.6777717094010509,-0.019203763486500252,0.03028369147823521,0.1724007305194651,0.15264208883351382,0.013869070023600338,nan,nan,nan,-0.6994408201615306,-0.0809588735723743,1.0,0.16227243167584793,10.0,0.0,0.0,0.0,-1.005814498172006,-1.143500411100858
32.102000000000004,9.054610271702558,-0.1788909451390292,-0.042979495848847256,-0.6779003533137435,-0.029164944659404356,8.986540544887069,-0.11581067571809626,-0.04236733137634818,-0.6813642135188067,-0.04182876000763523,0.030276667856041023,0.1651087272167836,0.14723552607273402,0.014153028853780674,9.481533541376871,0.3500238913431063,1.9892863365213103,-0.6994691138052912,-0.07998131309578937,1.0,0.1603045954474276,10.0,0.0,0.0,0.0,-1.0217544429266263,-1.096014831099617
32.15,9.027217101562167,-0.17777842957049933,-0.04407885392543015,-0.6897222129742837,-0.026058244195404846,8.945338893593389,-0.11407535461136323,-0.04360628766132547,-0.6985198835793631,-0.06836075304012315,0.030273859692428042,0.16852710293519943,0.1492503309422418,0.0144513226018039,nan,nan,nan,-0.6999162023505585,-0.05784074834227759,1.0,0.11581067571809626,10.0,0.0,0.0,0.0,-1.0217544429266263,-1.0484239862454008
32.202000000000005,8.985348139288554,-0.17603114752620144,-0.04542483097115208,-0.7039983241404776,-0.01965848264494563,8.917340256627119,-0.11264480947518699,-0.043850265578408536,-0.7072480264256337,-0.02169952240371238,0.030175455011822703,0.17077378591655082,0.15057845333171938,0.014084335118119636,nan,nan,nan,-0.6999374392306682,-0.05697594426798247,1.0,0.11407535461136323,10.0,0.0,0.0,0.0,-1.0098301684801214,-1.0090965328611552
32.25,8.957020920153488,-0.1748181832232531,-0.0461452591917082,-0.7115374797929614,-0.017342560444163938,8.874716540925862,-0.11073414457567274,-0.04600126455957731,-0.7181098572946149,-0.02422366699033833,0.03017440891321545,0.17408872981326423,0.1525536813188685,0.014383497180910376,nan,nan,nan,-0.6999460744286375,-0.05626296227513983,1.0,0.11264480947518699,10.0,0.0,0.0,0.0,-0.9792936482048444,-1.013142244332197
32.300000000000004,8.92842636072612,-0.17357137700498124,-0.04679431365923977,-0.7177055266018126,-0.015470757927900739,8.845968319065143,-0.10944367242033845,-0.04684556107681548,-0.7234177294132144,6.761508154648347e-05,0.03021898120970222,0.17625967004153295,0.15385753297752067,0.01402473193236464,9.267745210580845,-0.7312197626400526,2.043687875078925,-0.6999696679150527,-0.05531059996716792,1.0,0.11073414457567274,10.0,0.0,0.0,0.0,-0.9682457661240866,-0.9908580560687923
32.35,8.88513972202889,-0.1716430545351659,-0.04764403870162173,-0.7250426551044473,-0.01358210348510219,8.85005309281906,-0.16157579204637007,-0.047966925485754874,-0.7240081199237248,-0.025774487934691132,0.030213946760863388,0.16945472811755588,0.1490787846793875,0.014402809865577666,nan,nan,nan,-0.6999785871780595,-0.054667313001544926,1.0,0.10944367242033845,10.0,0.0,0.0,0.0,-0.9522040580589194,-0.9898648407317966
32.403,8.841472210157447,-0.16965408497499698,-0.04850709467790421,-0.7308931874797322,-0.015747264543378464,8.806543986050727,-0.15943781637047938,-0.050979490555513866,-0.7300907307426617,-0.0328477527564954,0.030348748888667735,0.1726229814233166,0.1510811329643458,0.014141440352709759,nan,nan,nan,-0.6996933299449185,-0.0799144988009779,1.0,0.16017010909553775,10.0,0.0,0.0,0.0,-0.9185103635234011,-1.00472590483148
32.453,8.812187435559634,-0.16829818372217067,-0.04918360293360726,-0.7340269679067946,-0.01752693566313489,8.777345319696675,-0.1579482097472173,-0.05093443781778273,-0.7333074265064522,-0.0028965012285757396,0.030353021618541243,0.17470390884220643,0.1524029297729007,0.014340530249088063,nan,nan,nan,-0.6996933299449185,-0.0799144988009779,1.0,0.16017010909553775,10.0,0.0,0.0,0.0,-0.9185103635234011,-1.00472590483148
32.5,8.78279203831043,-0.16691847053563316,-0.04992597438484008,-0.7365730951067148,-0.01924618195740129,8.748013453231522,-0.15659899589940815,-0.04947091644659851,-0.7357772764083027,-0.020759535364702788,0.030197941883463707,0.1767595265197501,0.15371419424232,0.013973411194150798,nan,nan,nan,-0.6997280407967076,-0.0788105317781973,1.0,0.1579482097472173,10.0,0.0,0.0,0.0,-0.9050103683912132,-1.0013641216196214
32.551,8.738542347543461,-0.16480379260850425,-0.05115639357567007,-0.7394529018019887,-0.02110838528859289,8.676612158169608,-0.1297451740030564,-0.05153380292065846,-0.7419469584173307,-0.02494098367258672,0.030200674539688742,0.16954250085655723,0.1488516655542579,0.01427345898332296,8.494265887979743,0.12437251077256936,0.48919974789351894,-0.6999385724905784,-0.06478181170436415,1.0,0.1297451740030564,10.0,0.0,0.0,0.0,-0.9213653101529531,-0.956618393527793
32.601,8.694158644918264,-0.16263238457776408,-0.05238066492020702,-0.7412694716475988,-0.019212812369615584,8.646949894191119,-0.128434622067959,-0.051144379398486706,-0.7428341690616801,-0.019544502085871145,0.03006180168892813,0.17156322082574535,0.15019559578409097,0.013914443219561826,nan,nan,nan,-0.6999385724905784,-0.06478181170436415,1.0,0.1297451740030564,10.0,0.0,0.0,0.0,-0.9213653101529531,-0.956618393527793
32.651,8.664523183611795,-0.16115248427108084,-0.05310899240390606,-0.7421048288057064,-0.01765903703279031,8.6024163264112,-0.12613387193093545,-0.05240686708653453,-0.7438796500703498,-0.0169547306972989,0.030061844505731503,0.17455983774037695,0.15219244702069612,0.014294287379370493,nan,nan,nan,-0.6999409883870576,-0.06412925434664807,1.0,0.128434622067959,10.0,0.0,0.0,0.0,-0.9171415621705137,-0.9560522780575746
32.7,8.634859312791868,-0.15964810158662607,-0.053781167498966144,-0.7427759930704466,-0.016265139284952483,8.572663285998525,-0.12513552911726747,-0.05053444521441097,-0.7443198540042344,-0.019875906709490482,0.02982847013497855,0.1765341775272446,0.15350866681010633,0.013929572440058179,nan,nan,nan,-0.6999608474096406,-0.06298351999308238,1.0,0.12613387193093545,10.0,0.0,0.0,0.0,-0.917066430560787,-0.9509300639629306
32.752,8.590325365242087,-0.1573484021619999,-0.05469243354772329,-0.7434886935114919,-0.014523086717910874,8.622263634928446,-0.09956945642384335,-0.05064464674752811,-0.73528543942133,-0.020546634190206407,0.029834700192254284,0.16925494639495225,0.14868077582420136,0.014311127173423331,9.398391111330126,0.15448453032216167,2.796044577706055,-0.69995000411503,-0.062486310594390915,1.0,0.12513552911726747,10.0,0.0,0.0,0.0,-0.946696477244194,-0.9500777532120319
32.800000000000004,8.560611517276296,-0.15578712508733994,-0.055233079398850325,-0.7442117576593821,-0.01251962803950506,8.592871163348656,-0.09807372961346238,-0.05140020477056683,-0.7371452915700224,-0.01615929020624111,0.029834779713831028,0.17121569794146882,0.1500313721900741,0.014642334380166148,nan,nan,nan,-0.6999997158770619,-0.04974365846896234,1.0,0.09956945642384335,10.0,0.0,0.0,0.0,-0.946696477244194,-0.943364173067685
32.851,8.515975988735352,-0.15340485439018883,-0.05584525231983311,-0.7454413320594447,-0.008682559485191619,8.54883120060133,-0.09267057788186565,-0.0632490602778586,-0.7394046151508813,-0.043976848728765706,0.030739525709604792,0.1741339298915654,0.1520336958207195,0.014300477836197032,nan,nan,nan,-0.699997979650341,-0.04899761650505852,1.0,0.09807372961346238,10.0,0.0,0.0,0.0,-0.9434815883844687,-0.9391303335516492
32.9,8.48618740025766,-0.15179297346176904,-0.05611426824156225,-0.7459639431142637,-0.004896042580810429,8.519304024323201,-0.0907945978217609,-0.06308944467075284,-0.7404256238762345,0.017868066628837487,0.03074650225848425,0.17606345507591953,0.1533578027609402,0.014497451575977864,nan,nan,nan,-0.699899483443189,-0.04630217160286065,1.0,0.09267057788186565,10.0,0.0,0.0,0.0,-0.9717983061822867,-0.9013906344162287
32.95,8.441480599852309,-0.14934443985795365,-0.0561972029408156,-0.7463664231760786,5.425834539238254e-05,8.498795519880176,-0.03617632339033804,-0.07102223644139549,-0.7395143954108105,0.025711993130730568,0.031439820607042465,0.16863759235460904,0.1484405443206706,0.014222651401229565,8.705673506690003,0.4774703050642237,1.3263715636247855,-0.6998900625763759,-0.04536615076373529,1.0,0.0907945978217609,10.0,0.0,0.0,0.0,-0.9457366332717781,-0.9222984451566737
33.0,8.411667939545236,-0.14769746027995456,-0.056101901126603224,-0.7464753316569825,0.00477462301666384,8.469282198028177,-0.03407210521718045,-0.07090313296933548,-0.7402621535326147,0.023894249643527432,0.03143866495844436,0.17056346645271292,0.14979781588642158,0.014420365717695735,nan,nan,nan,-0.6990194502312973,-0.018086189377815032,1.0,0.03617632339033804,10.0,0.0,0.0,0.0,-0.9930782091281759,-0.8697475422742612
33.050000000000004,8.366948108232577,-0.14521032182300211,-0.055489394547896705,-0.7464485512169305,0.013807462902726941,8.424907619996395,-0.03174935040271941,-0.06686034233848527,-0.7411305649585712,0.035735177377296465,0.03125927472357542,0.1734375685574093,0.15180633566021443,0.014142682816016343,nan,nan,nan,-0.6989846016226822,-0.01703440478754281,1.0,0.03407210521718045,10.0,0.0,0.0,0.0,-0.9932016801475542,-0.8650800878674224
33.1,8.32223632130781,-0.14272023618989893,-0.054437828160625076,-0.7462546085376304,0.01963887915328733,8.395324036862975,-0.02978106666047139,-0.06614731931874918,-0.7415003600688298,0.0047597671029444635,0.03125509452049724,0.17534226651602805,0.15313585510654762,0.014341141921053586,nan,nan,nan,-0.6990903111254541,-0.015873341902123528,1.0,0.03174935040271941,10.0,0.0,0.0,0.0,-0.9824032377627276,-0.8718897009015403
33.15,8.292437012334819,-0.14106828459901785,-0.05358827129960701,-0.7460370638834386,0.022094588199998932,8.350882596710843,-0.027472694591152893,-0.0622451181715702,-0.7418923722500049,0.0444947275858733,0.03114075966344412,0.1781800134995484,0.1551021433255041,0.014073489034902317,8.665404269928414,-0.3949923834744695,0.8428692117781256,-0.6990942100789592,-0.014398269631930916,1.0,0.02879852936735813,10.0,0.0,0.0,0.0,-0.9781159511240783,-0.8724530354967946
33.2,8.247754569549343,-0.1386141289420223,-0.05217593668258719,-0.7456679885370092,0.02431286472477085,8.357292355981924,-0.05828446123662185,-0.0605800526148963,-0.7384751258062505,0.038078634235215875,0.03113023470423427,0.16974689786666086,0.1494991556180292,0.01427178236164169,nan,nan,nan,-0.6991765468653313,-0.01373548343556763,1.0,0.027472694591152893,10.0,0.0,0.0,0.0,-0.972698328497921,-0.8756306566215063
33.251000000000005,8.217972307083837,-0.1369995235283096,-0.051228559089718385,-0.745667682784762,0.023078465696726287,8.313201549317823,-0.05311375910432177,-0.0662124614068631,-0.7394766199274613,-0.008033510648224645,0.03160477627037628,0.1725979338329005,0.15151244828768812,0.014012865033596406,nan,nan,nan,-0.6996539292091651,-0.0291339849493486,1.0,0.05828446123662185,10.0,0.0,0.0,0.0,-0.9556045269804962,-0.9042802209582648
33.301,8.173297161691778,-0.13461637495694456,-0.0498246323007971,-0.7455772224186086,0.024532037313581844,8.283681530712768,-0.05116351083671029,-0.06522624414561129,-0.7399918882470468,0.021451140065624433,0.031607822348357364,0.17449046457312245,0.15284666465362048,0.014212593626081273,nan,nan,nan,-0.6994498273497186,-0.025576177151446444,1.0,0.05116351083671029,10.0,0.0,0.0,0.0,-0.9699749465373495,-0.8799435282991324
33.351,8.143519089276307,-0.1330547959548262,-0.048826277293899406,-0.7453996150805177,0.025083852790207972,8.239430475168392,-0.04722436947630581,-0.06572678938384867,-0.7405375710926771,0.030288564211606046,0.03179690710060527,0.17731419036760504,0.15481741338719665,0.013947960825268712,8.109983985313432,-0.39304000035529274,0.49647954197230115,-0.6994498273497186,-0.025576177151446444,1.0,0.05116351083671029,10.0,0.0,0.0,0.0,-0.9699749465373495,-0.8799435282991324
33.4,8.113747807861774,-0.13151771901926923,-0.04781583248647399,-0.7451710219915657,0.02536507043970352,8.19578260206721,-0.0753820656016976,-0.06467894574040178,-0.7418626768602095,0.024427880070987763,0.03178526148020061,0.169016276985606,0.1492553606773689,0.014284689107075125,nan,nan,nan,-0.6993791884828574,-0.023607797996934465,1.0,0.04722436947630581,10.0,0.0,0.0,0.0,-0.9682663851609911,-0.877476943147442
33.45,8.069109097517405,-0.12926191517244262,-0.046327125973418884,-0.7447249959875142,0.023733770780498736,8.151295779854125,-0.07356905462896328,-0.061174467288541486,-0.7418885494981323,0.03726854349795746,0.031602600784383435,0.17186037832753825,0.15127260394151323,0.013956856720127876,nan,nan,nan,-0.6997447569045442,-0.03767319986290829,1.0,0.0753820656016976,10.0,0.0,0.0,0.0,-0.9462778250081376,-0.8958695147515812
33.5,8.0244957417983,-0.12706998713579018,-0.04502015804842671,-0.7442453843710628,0.02023585634811729,8.121675820240762,-0.07176399239596712,-0.06061394759604478,-0.7418277433427977,0.006018572818793375,0.03159888566791887,0.1737497659423997,0.15261038813818076,0.014239019679968466,nan,nan,nan,-0.6997915230138846,-0.0367679497053679,1.0,0.07356905462896328,10.0,0.0,0.0,0.0,-0.9364324982501686,-0.9038503384423158
33.551,7.994768235670364,-0.12564329592260765,-0.044238792304091994,-0.7439111040186648,0.019306966953291576,8.0772520391793,-0.06903626876423377,-0.05931131685918568,-0.741698199815443,0.045023339983362165,0.03161042042168345,0.17657045193499687,0.15458413982249744,0.013970136462443015,nan,nan,nan,-0.6997856601623138,-0.03586660851556189,1.0,0.07176399239596712,10.0,0.0,0.0,0.0,-0.948587681400262,-0.8897356071663453
33.6,7.965053134771666,-0.12424289848621745,-0.0434982018416166,-0.7435657741923267,0.017746562233135654,8.094791294768076,-0.13838934769292152,-0.05775700269668561,-0.7365583316383626,0.0388946907417064,0.031584412667833614,0.16822458703467774,0.14894136631290772,0.014168277913235118,8.47374764500032,-0.8708694669111555,2.948380605092987,-0.6997846275542298,-0.03450443470390141,1.0,0.06903626876423377,10.0,0.0,0.0,0.0,-0.9323420891181533,-0.9042671305699346
33.65,7.920496080691137,-0.12219147733236115,-0.04263723017243827,-0.7434038274518846,0.010285184377552475,8.050655029081106,-0.13585743718163734,-0.05650236796126107,-0.7374870978809434,0.019451489902510163,0.03158317168234707,0.1710651177246963,0.1509757516409187,0.01446486955544774,nan,nan,nan,-0.699955090755575,-0.0690845575498713,1.0,0.13838934769292152,10.0,0.0,0.0,0.0,-0.8879095072875195,-0.9634482159199179
33.7,7.875936421659372,-0.12019552779826971,-0.04232426179155903,-0.7433708484883922,0.002154050378265629,8.021069786332415,-0.1362771461558299,-0.05211374336542951,-0.738029529975316,0.008570201258688934,0.03126179085154186,0.17295407959138073,0.15230328003314036,0.014095304764523153,nan,nan,nan,-0.699955133541329,-0.06782452549981599,1.0,0.13585743718163734,10.0,0.0,0.0,0.0,-0.8933069698028121,-0.9533881473953468
33.75,7.846233224858709,-0.11888802025310277,-0.04234616765008332,-0.7432423644168356,-0.002095147177586211,7.976930194647153,-0.13237971741268942,-0.0549809773048473,-0.7386462240481483,-0.021633350061200686,0.03149792233937472,0.1757766179655141,0.15428015295691752,0.013841585389724922,nan,nan,nan,-0.6999112993134163,-0.06803341313366928,1.0,0.1362771461558299,10.0,0.0,0.0,0.0,-0.8887679841387752,-0.95409586420299
33.800000000000004,7.816535723743982,-0.11759330660368819,-0.04250195457643969,-0.7430647036690838,-0.004473827770228657,7.947426831124021,-0.13075026005501264,-0.05546300178846497,-0.7388878004331608,-0.008571360489943518,0.031499391014301124,0.17764921808797549,0.15559413150093362,0.014125110229803929,7.742511726067124,-0.3628124057800783,0.34601348883104305,-0.6999567799728214,-0.06609345059786342,1.0,0.13237971741268942,10.0,0.0,0.0,0.0,-0.906266988044106,-0.9331215623596681
33.85,7.772005106808189,-0.11566492310038276,-0.042825176220607365,-0.7427186421004255,-0.006077447439220502,7.880361266242811,-0.14850546790280766,-0.05676562885182968,-0.7409734026068209,-0.03636320989819259,0.03148732746686852,0.17023599123919927,0.15060597179162571,0.01442035800199415,nan,nan,nan,-0.6999662542198655,-0.06528223237739184,1.0,0.13075026005501264,10.0,0.0,0.0,0.0,-0.9016297685966981,-0.9351523987628876
33.901,7.727501821067327,-0.11374504256555712,-0.0432385535800918,-0.7421451797709465,-0.00740648903640302,7.850698584076323,-0.1480786124009858,-0.05507564393134334,-0.7406932052363969,-0.018700147773785158,0.03130549398225271,0.1721252920052429,0.15193636391484944,0.0140559679982019,nan,nan,nan,-0.6998946315131979,-0.07411672024318783,1.0,0.14850546790280766,10.0,0.0,0.0,0.0,-0.8969630819226339,-0.9310213258834313
33.951,7.697854003928447,-0.11246607317917842,-0.04357033592592139,-0.7417275185252914,-0.008908240514449014,7.806333519075693,-0.1456114102098089,-0.05575428378326519,-0.740291125023593,0.0058479332953639135,0.03130853256500004,0.17494932542966274,0.15393452039774522,0.014351019395721767,nan,nan,nan,-0.6998759201633284,-0.07390445942499291,1.0,0.1480786124009858,10.0,0.0,0.0,0.0,-0.8869233764745067,-0.9397335305966409
34.0,7.653412192021694,-0.11054437487955181,-0.04419930554729021,-0.7411520786129946,-0.011699487935974015,7.776778666366482,-0.14382363066189938,-0.056140501285227636,-0.7400292769202648,-0.006478119140072911,0.03132640289786357,0.17682347722402353,0.15523586170934814,0.014143951189066842,nan,nan,nan,-0.6998997643756457,-0.07267747299903249,1.0,0.1456114102098089,10.0,0.0,0.0,0.0,-0.879552368793852,-0.9464533408298164
34.050000000000004,7.623803175314341,-0.10925761195590498,-0.04469399918587277,-0.7407862359711486,-0.012673443731251932,7.808151403099485,-0.21462909898634897,-0.057167865446075876,-0.7323750291784299,-0.009302955726760865,0.03129795926094116,0.1693785717926567,0.15018555678299936,0.014376466882377018,8.424476087339949,-0.9607594861753956,3.990946172397338,-0.6999143036537698,-0.07178823912503951,1.0,0.14382363066189938,10.0,0.0,0.0,0.0,-0.885757056808396,-0.9391273101465428
34.1,7.594204447804036,-0.10796379491037854,-0.0452732532179869,-0.7406829761735654,-0.016586753315487483,7.764428358973686,-0.20912578396061518,-0.06380607655168546,-0.7336984521347144,-0.04315045833677787,0.031711478343453565,0.17221213852951406,0.15219002475824214,0.014103721958959904,nan,nan,nan,-0.6991343401955145,-0.10690541332168202,1.0,0.21462909898634897,10.0,0.0,0.0,0.0,-0.8435028093031465,-0.9973799989580816
34.15,7.549803331485754,-0.10600728545540233,-0.046521401342129405,-0.7407448547184741,-0.022893863593673187,7.73513300599325,-0.2072523723878408,-0.06458152969124686,-0.7344045415270751,-0.036332744179533416,0.031710793279561555,0.17409599505978618,0.1535238563418457,0.014302131556210964,nan,nan,nan,-0.6993917883554792,-0.1046398292313846,1.0,0.21004685424548913,10.0,0.0,0.0,0.0,-0.8596052684614681,-0.978617390889994
34.2,7.520204159315834,-0.10468531787570043,-0.047487719229837654,-0.7406733259184349,-0.024656805801246153,7.7058130019886395,-0.2053516727342553,-0.06497604463688056,-0.7349252837091799,-0.014356468050815675,0.03171399985554654,0.17597407159524023,0.15484755889399024,0.01449916821378304,nan,nan,nan,-0.6994765209498508,-0.10325763189095483,1.0,0.2072523723878408,10.0,0.0,0.0,0.0,-0.8669033251389694,-0.9667760012091081
34.25,7.475816402131636,-0.10266659704211381,-0.049031643084093114,-0.7404519150415422,-0.026663270132034723,7.613852138863909,-0.16568699444936674,-0.06319314066551796,-0.7401227538471578,-0.05095713094118068,0.031372147419250214,0.16867478843435138,0.1498369564686287,0.0142229238030847,7.268376660194451,0.23528293616661103,1.3466354172185313,-0.6995120277580403,-0.10231728751937474,1.0,0.2053516727342553,10.0,0.0,0.0,0.0,-0.8583826400113921,-0.9722051714616886
34.301,7.431455734174917,-0.1005968324183214,-0.05058005767538998,-0.7398290113534655,-0.023943537429542756,7.584311577099164,-0.16381762141956338,-0.06388734175928601,-0.7396093648535231,-0.035578908896571323,0.03137431236162223,0.17056980657516502,0.15119201473999055,0.01442070217701686,nan,nan,nan,-0.6998674401425171,-0.08265475427731772,1.0,0.16568699444936674,10.0,0.0,0.0,0.0,-0.8921506345183661,-0.9232483639804052
34.35,7.401908401291719,-0.09918437015455842,-0.05147339728984971,-0.7393434348269446,-0.021475195841455692,7.540149355486447,-0.1591533505713662,-0.06847534352129747,-0.7389264495684291,-0.03575192380876844,0.03161004423198465,0.17340411799572883,0.15318432179486483,0.014156259336350174,nan,nan,nan,-0.6998886221573933,-0.08172636770234476,1.0,0.16381762141956338,10.0,0.0,0.0,0.0,-0.8881931106804543,-0.9269040450313885
34.401,7.372380344488055,-0.09774630590667513,-0.05227215121057974,-0.738915731511594,-0.018890769216225085,7.5106660400196,-0.1571239491207978,-0.06992718150241606,-0.738539741196753,-0.040471324114008216,0.031608815665729505,0.17528628355746628,0.15451172633644983,0.014354687307891665,nan,nan,nan,-0.6999581571275121,-0.07940933891676494,1.0,0.1591533505713662,10.0,0.0,0.0,0.0,-0.8988517663505666,-0.916818537082924
34.45,7.328119961820595,-0.09554268355861018,-0.053257199431876935,-0.738349809964358,-0.014613531133870556,7.476257283268453,-0.1911418656952452,-0.07502172883615989,-0.7368310517190084,-0.012183109467356266,0.03199732011664672,0.1679353137150386,0.14943547034291563,0.014096579837074592,7.561768953094379,-0.6066093712263388,0.7764487438668892,-0.6999748685301305,-0.0784009427266259,1.0,0.1571239491207978,10.0,0.0,0.0,0.0,-0.9040602673139437,-0.9109555529005786
34.5,7.283892215096441,-0.09328918290248273,-0.054087769315320625,-0.7379153812518957,-0.014260308640125733,7.44686824774351,-0.1889332306391335,-0.07503248205660862,-0.7366998579675169,-0.005955206101494233,0.031998521659596615,0.1698305999661425,0.1507950569585249,0.014292818001489018,nan,nan,nan,-0.6998563439066735,-0.0952815417801709,1.0,0.1911418656952452,10.0,0.0,0.0,0.0,-0.8762003076178986,-0.9412869182106987
34.550000000000004,7.254421391020281,-0.09176303130900423,-0.05467988485708105,-0.7376544002808816,-0.015127622971642704,7.402754660542858,-0.18625602701212854,-0.07442649189836859,-0.7364932200037198,-0.005786504843593793,0.031915438735753913,0.17266707839009274,0.1527933295492005,0.014102188681594859,nan,nan,nan,-0.6998715890658125,-0.09418710555065246,1.0,0.1889332306391335,10.0,0.0,0.0,0.0,-0.8745990706270964,-0.9415439817976249
34.6,7.224962011421085,-0.0902181703170979,-0.05530343508809333,-0.7373927516059733,-0.01583025101500154,7.37337885933056,-0.18405586658257786,-0.0752225560263149,-0.7363327412264702,-0.008678913836292969,0.03191530820400031,0.17455163277786434,0.1541247798457639,0.014300830756652758,nan,nan,nan,-0.6998810730915779,-0.09286017815096947,1.0,0.18625602701212854,10.0,0.0,0.0,0.0,-0.8749477241695736,-0.9400491214846196
34.651,7.180794355635173,-0.08786543507607521,-0.05627364010580657,-0.7370047431624178,-0.016253806562294252,7.3296945927144375,-0.17505223052319585,-0.08530554376315003,-0.7360915349451079,-0.021781367109914965,0.032614377888385185,0.1773649915584542,0.15608130842059975,0.014037974209825292,7.789819800559803,-0.059067031922523425,0.8018294598300096,-0.6999041723336302,-0.09176944635689033,1.0,0.18405586658257786,10.0,0.0,0.0,0.0,-0.8782606836039019,-0.935553234862018
34.7,7.136651706195487,-0.0854683349405559,-0.05716587718166942,-0.7366429719758135,-0.013181412019716723,7.35182799914159,-0.16288767868955015,-0.08638598924037133,-0.7312835513054443,-0.02576711864098781,0.032618757957100515,0.169053110080799,0.15035335945959544,0.014235152192583277,nan,nan,nan,-0.6999986026788338,-0.08730362972650774,1.0,0.17505223052319585,10.0,0.0,0.0,0.0,-0.9050954211424503,-0.9082795775396492
34.754000000000005,7.107230010134085,-0.08384430676889423,-0.057605840116403,-0.7366989812090239,-0.009636697588280962,7.308101410180719,-0.15911494711445165,-0.08827499972543418,-0.7320717990570051,-0.0313456477655548,0.032611336174078596,0.17189159797224263,0.1523588683075778,0.013980560724237045,nan,nan,nan,-0.6999723716592374,-0.07939025798812871,1.0,0.15911494711445165,10.0,0.0,0.0,0.0,-0.9296710213708274,-0.8924152076079915
34.801,7.06309454640445,-0.08137415500310984,-0.0579980795001767,-0.7367375731344711,-0.00428226188982032,7.278928452678738,-0.15652532480552409,-0.08836588345973562,-0.7325313571948887,0.009987959275751917,0.03261587285455471,0.1737787103842109,0.1536952141093282,0.01418043451254027,nan,nan,nan,-0.6999723716592374,-0.07939025798812871,1.0,0.15911494711445165,10.0,0.0,0.0,0.0,-0.9296710213708274,-0.8924152076079915
34.85,7.033673433763935,-0.0797089124308893,-0.05811597087151488,-0.7366710281704825,-0.0024390083436894054,7.235221605576062,-0.15141899574981302,-0.09087043305740039,-0.7330586660186403,4.4385534574460195e-05,0.032765500002716004,0.17659795277148066,0.1556585012130889,0.013919613594585238,7.2808006272299615,-0.35488438870874545,0.15824356325503378,-0.699963139253603,-0.07810345964341892,1.0,0.15652532480552409,10.0,0.0,0.0,0.0,-0.9235655463129712,-0.8919050286633051
34.900000000000006,7.004257274619148,-0.07803265400328253,-0.058169696789949724,-0.7365349525932124,-0.0004954730439011397,7.211394081272634,-0.166793595087508,-0.09115888364428583,-0.7326197745136876,0.015545190802967134,0.032759843052850804,0.16841526528609724,0.1499895096748548,0.014117979476950053,nan,nan,nan,-0.6999180155396965,-0.07556533953557754,1.0,0.15141899574981302,10.0,0.0,0.0,0.0,-0.9235655463129712,-0.8919050286633051
34.95,6.960145491172667,-0.07550243498751359,-0.058130708643388214,-0.7363143926386566,0.0007685851881902598,7.167271769190853,-0.1675498274969198,-0.0839685041662168,-0.7329700520627978,0.0021005628443096593,0.0321414331148799,0.17126165467475948,0.15200079329712357,0.013864964898909756,nan,nan,nan,-0.699977853493045,-0.0832042580835406,1.0,0.166793595087508,10.0,0.0,0.0,0.0,-0.9064250274341152,-0.909137011626789
35.004000000000005,6.916048222362195,-0.07296163624023606,-0.058112606345143404,-0.7360589912479555,-0.0001814284401626531,7.1234449773232384,-0.16385298535919027,-0.0848251263934592,-0.733175531277008,-0.014406444940738122,0.03213929312300989,0.1740988802128776,0.15400626006079984,0.014165960047638529,nan,nan,nan,-0.6999983642214842,-0.08235888820482984,1.0,0.16509121580552724,10.0,0.0,0.0,0.0,-0.9098419760386701,-0.9010829548604574
35.056000000000004,6.886659880313085,-0.0712637746231882,-0.05811542293206547,-0.7358518998051325,0.00015499407859723347,7.0943617355228925,-0.15946256060860994,-0.0882204759788423,-0.7332426153684096,-0.008882505448137332,0.03237475458531205,0.1759824120449715,0.15530834874497557,0.013816594323299852,nan,nan,nan,-0.699973766815515,-0.07956296918847272,1.0,0.15946256060860994,10.0,0.0,0.0,0.0,-0.9138745329872818,-0.8948236352521609
35.1,6.8425941914985735,-0.06871182991871237,-0.058064747166403294,-0.7355090615112884,0.001453872504762457,7.021055907901207,-0.11361843935157805,-0.08768610552365752,-0.7379104577726526,0.016911156857050417,0.03239462134557096,0.16773690163561575,0.14957308180408382,0.01416441432368062,6.691027143670064,0.32287742030346495,1.3784260291171728,-0.699973766815515,-0.07956296918847272,1.0,0.15946256060860994,10.0,0.0,0.0,0.0,-0.9138745329872818,-0.8948236352521609
35.151,6.8132367425085185,-0.06700868802721283,-0.0579383230359409,-0.7349210282746287,0.004419823315961868,6.976968130408678,-0.10976391316299558,-0.08675640266106477,-0.736779874301273,0.0001935767210727913,0.03239250894916674,0.17058626414137912,0.15161099140286496,0.014399887615737517,nan,nan,nan,-0.6996650233514572,-0.0567482245145996,1.0,0.11361843935157805,10.0,0.0,0.0,0.0,-0.9281248030747685,-0.8625583337176422
35.2,6.7692463622685315,-0.0644529534043157,-0.05749682649900505,-0.7340694388670512,0.009512278496681757,6.947426869446768,-0.10973027584520652,-0.08291184955245434,-0.7360108646536275,0.007698265503504524,0.032077536932169,0.17248097983296362,0.15293332031156553,0.014038416514161916,nan,nan,nan,-0.699643208919948,-0.054826953931257805,1.0,0.10976391316299558,10.0,0.0,0.0,0.0,-0.937152138549857,-0.8549176074344035
35.25,6.739944721406116,-0.0627524360999281,-0.05705841470187026,-0.733602383159903,0.011649211699693079,6.903437104033034,-0.10609214618113308,-0.08200510229646385,-0.7350246604767969,0.0032142000896191614,0.032076580094149626,0.17531222697304472,0.15492850098095337,0.01433711959038211,nan,nan,nan,-0.6997236219610715,-0.05481018576309715,1.0,0.10973027584520652,10.0,0.0,0.0,0.0,-0.9290687807740763,-0.8640403388680238
35.302,6.696022900056706,-0.060214072869924334,-0.056270290735338055,-0.7330180217611832,0.014196061981303234,6.874236103479861,-0.10242024999038903,-0.08342241770283375,-0.7344837084072986,0.008933446061485837,0.032228594918377255,0.17719050450135249,0.15622221162772296,0.013983268088813066,6.331888648550319,-0.17091553544568888,1.0628694447457603,-0.6997054940051594,-0.05299640172685116,1.0,0.10609214618113308,10.0,0.0,0.0,0.0,-0.9329027080151759,-0.8612758164315526
35.351,6.666759011298271,-0.058533266960550605,-0.05566157142247081,-0.7326721825813017,0.015833951760279057,6.769586014169795,-0.10393870567584039,-0.08295235226923305,-0.7390098915092534,0.020290593935321857,0.03222524348838595,0.16985957871969184,0.15115430731554022,0.014280545548464247,nan,nan,nan,-0.6996358519262157,-0.05116542951188485,1.0,0.10242024999038903,10.0,0.0,0.0,0.0,-0.9353522204932389,-0.8582332929411908
35.401,6.622896633672272,-0.05603581825587275,-0.05465798031578251,-0.7318112424145131,0.017107819490458604,6.740321442513888,-0.09913237326687709,-0.08645600812943544,-0.737666834554662,-0.023234016396124144,0.03251594386292067,0.17175388969710798,0.15248097041428124,0.013930576760293772,nan,nan,nan,-0.6996630320167126,-0.0519226419967147,1.0,0.10393870567584039,10.0,0.0,0.0,0.0,-0.9214430401284673,-0.8567813675280546
35.45,6.593685527583828,-0.05438880349070139,-0.05391475826222491,-0.7312199930935872,0.019812121356553126,6.696262910066479,-0.09531277986901754,-0.08555967800688923,-0.7359298815953487,0.030480735702003114,0.032521644704024646,0.17458530414999196,0.15448208543079345,0.014315935072753284,nan,nan,nan,-0.6994962733058888,-0.0476203610414494,1.0,0.09531277986901754,10.0,0.0,0.0,0.0,-0.9302944738485848,-0.8523073978802858
35.5,6.564494552028895,-0.05275758045239535,-0.05307410134450568,-0.7307438413592984,0.021277017631770746,6.6669714580275805,-0.09242943552382746,-0.08573840417230505,-0.7350057205513177,0.014871686976211402,0.03256435874670933,0.17646432107383153,0.1557797831415318,0.013951200509398617,nan,nan,nan,-0.6994962733058888,-0.0476203610414494,1.0,0.09531277986901754,10.0,0.0,0.0,0.0,-0.9302944738485848,-0.8523073978802858
35.550000000000004,6.520736629439075,-0.05034693422053621,-0.0517583780944146,-0.73017247482859,0.02265253213721378,6.558643588035074,-0.17052307612968146,-0.0847040252252933,-0.7390490296377945,0.03327960664015384,0.03252969924752005,0.16908380986954638,0.1506602533718519,0.01424558042156589,6.064302105741394,-1.0204453711451822,4.382028057663609,-0.6994524192873732,-0.04618185806051045,1.0,0.09242943552382746,10.0,0.0,0.0,0.0,-0.9395100712645418,-0.8437885034154272
35.602000000000004,6.477013933485366,-0.04798754198194814,-0.05054817971192084,-0.729422595223888,0.01651526923433684,6.528942492704651,-0.17134812417247125,-0.07803046240714862,-0.7375691283442205,0.033794520213112446,0.03211673629619024,0.17097779956687564,0.15199091794475256,0.014051956038572542,nan,nan,nan,-0.6999999566814953,-0.08505583079326584,1.0,0.17052307612968146,10.0,0.0,0.0,0.0,-0.8671027536932316,-0.9058360946702522
35.651,6.44788961640898,-0.04644663581734194,-0.05004308397842755,-0.7289564823882901,0.010269625958059981,6.484861991397158,-0.16790901429511532,-0.07700729706435405,-0.7356828051875334,0.029098529759649133,0.03211712416095452,0.17381050555944344,0.15399699407167766,0.014288025013921636,nan,nan,nan,-0.6999806528762829,-0.08546536327870768,1.0,0.17134812417247125,10.0,0.0,0.0,0.0,-0.8622688465158942,-0.9169961448970335
35.701,6.404229395599348,-0.044175857263190635,-0.049700598993439316,-0.7284674357415559,0.0028322567595275277,6.455531689389616,-0.16564936791463464,-0.07686395846073067,-0.7346988798922677,0.0008096514686824763,0.03211422481868549,0.1756914776902348,0.15532144199916223,0.014619562831919784,nan,nan,nan,-0.6999840494389438,-0.0837580899559569,1.0,0.16790901429511532,10.0,0.0,0.0,0.0,-0.8622688465158942,-0.9169961448970335
35.75,6.375134941492922,-0.04268262767780854,-0.04965760852239448,-0.7282313376611361,0.0,6.4756098950219165,-0.08074119456211253,-0.07822664911781939,-0.7281933665819893,-0.015776213793380678,0.03217402147169712,0.1684403286367631,0.15024513730357641,0.014277747973585225,7.02965956151288,0.7637218995634304,4.379581376356405,-0.6999883389904712,-0.08263606921724076,1.0,0.16564936791463464,10.0,0.0,0.0,0.0,-0.8756462692582432,-0.9048641397088959
35.800000000000004,6.346045335825437,-0.041199453898672,-0.04962321011207387,-0.7282256538748696,0.00280937668530691,6.446569988926528,-0.07845914103452681,-0.0779139577915755,-0.7283587473836848,0.025689177527534055,0.032178120973123565,0.17033854291210665,0.15160046685855455,0.014474749362507065,nan,nan,nan,-0.6994979010285546,-0.04034868690295035,1.0,0.08074119456211253,10.0,0.0,0.0,0.0,-0.9553187608546746,-0.8399389405593908
35.85,6.302399665577658,-0.03898470895929847,-0.049187159609537894,-0.7284429791060177,0.009518217073015568,6.402724902944758,-0.07854849598842407,-0.07312336719403321,-0.7285454992834087,0.0009765773496710367,0.031755230733253384,0.17317988183951702,0.15358865548950612,0.014203087114340979,nan,nan,nan,-0.6996338790043051,-0.04031263239189897,1.0,0.08066896812289302,10.0,0.0,0.0,0.0,-0.9365159168283897,-0.8574995463484439
35.902,6.25874426232265,-0.03678826612520426,-0.04846289249451072,-0.7285390145571049,0.013899355801088458,6.37366030435568,-0.0764216458532492,-0.07293249170730265,-0.728593480875529,0.0050284552593723355,0.03175512689684373,0.1750678853052019,0.15491553511193723,0.014400817863126828,nan,nan,nan,-0.6995985432118778,-0.039254073590587524,1.0,0.07854849598842407,10.0,0.0,0.0,0.0,-0.9413058868574377,-0.8506921697698432
35.952000000000005,6.229638501983965,-0.03533687955032181,-0.04784424244145184,-0.7285451419307655,0.01634484493990971,6.237042465276589,-0.017518127422666677,-0.07633130703088398,-0.7381179234752361,0.018291666964102726,0.03213432510318967,0.16776043742335028,0.14978200812639725,0.01413622662855634,5.517538554505531,0.5043156794988963,3.63367105692022,-0.6995776327592848,-0.038192242414130106,1.0,0.0764216458532492,10.0,0.0,0.0,0.0,-0.9402968235712439,-0.8499643392492982
36.0,6.20053899485374,-0.03389884540040147,-0.047103765441219345,-0.7280851399963078,0.020708244813286307,6.207623103719377,-0.015272203368278786,-0.07542347762014412,-0.7361935697917399,0.032382170421997716,0.032135129864397996,0.1696625331584409,0.1511410998416239,0.014334624971681809,nan,nan,nan,-0.6984024945762347,-0.008758839719693157,1.0,0.017518127422666677,10.0,0.0,0.0,0.0,-0.9653050824380223,-0.7864107887526941
36.050000000000004,6.156952379365549,-0.031768746333310074,-0.04555069556265822,-0.7268111882546906,0.02904311834579813,6.163663080741082,-0.01149871182314998,-0.07504793932977626,-0.7337577647891156,0.03336568604965076,0.03218990548565266,0.1725087755149756,0.1531356434558021,0.014067622957383905,nan,nan,nan,-0.6983923138110099,-0.00763595326884392,1.0,0.015272203368278786,10.0,0.0,0.0,0.0,-0.9622373213920496,-0.7932923841091963
36.1,6.127929566410588,-0.03037282452634459,-0.044283992549946,-0.7261922777688741,0.0331814456519172,6.134407429140127,-0.009311152140850702,-0.07341547531023229,-0.7324926011425212,0.04104330617931992,0.03219041253490718,0.17439977230785175,0.15446620112995313,0.014266687490568844,nan,nan,nan,-0.6983198666819406,-0.005749292564331654,1.0,0.01149871182314998,10.0,0.0,0.0,0.0,-0.9669787700015379,-0.7935942915107194
36.150000000000006,6.084431037933636,-0.028326742908478666,-0.04212079117729269,-0.7255012214296036,0.03776172799902087,6.090424278800388,-0.008509368324449096,-0.06691198993395366,-0.730884320145502,0.05513453899709565,0.031914132450773305,0.17722366807994805,0.15641761383554886,0.014008241837826453,6.24274280604759,-0.05332899795572782,0.08967151124746138,-0.6983458769395647,-0.004655542435274995,1.0,0.009311152140850702,10.0,0.0,0.0,0.0,-0.9645758762941865,-0.7982620362498156
36.335,6.0699391025705065,-0.02765963011345583,-0.04134909463178727,-0.7253098786516141,0.03882696431867912,6.092951750697694,-0.011790469436877688,-0.06572772626005996,-0.7287777996004443,0.05707465652155075,0.031913321689438924,0.16799005228921532,0.1499629268460319,0.014105881347053272,nan,nan,nan,-0.6986263700731017,-0.004254658489260876,1.0,0.008509368324449096,10.0,0.0,0.0,0.0,-0.9526575678127244,-0.8152979449989207
36.352000000000004,5.939550431805822,-0.02207017304313162,-0.034331489293485194,-0.7250151181870534,0.036630449232288594,5.961760588576596,-0.009272840149122089,-0.05107819145871816,-0.7272444375438051,0.05421126840692906,0.03126777608236661,0.17651814447062147,0.15592963258872836,0.013897453851278265,6.873118583219045,0.531203316456118,4.025517251459433,-0.6991442154436217,-0.005533015964937604,1.0,0.01106614485740505,10.0,0.0,0.0,0.0,-0.9337058949271542,-0.8433230031078038
36.400000000000006,5.91057107056386,-0.020939893047557563,-0.03291825520679729,-0.7250288729557515,0.03461196374982956,6.033205360706016,0.03858604911274797,-0.04990242531399281,-0.7179993008329064,0.030340673130499065,0.03128653047019711,0.16835658478338036,0.15022016501394958,0.014095926237347425,nan,nan,nan,-0.6992452412472635,-0.004636386852890695,1.0,0.009272840149122089,10.0,0.0,0.0,0.0,-0.9344249586203841,-0.8429110223668805
36.45,5.867090071344897,-0.019319919019828227,-0.030860655799843616,-0.7254304693903724,0.03542222987273236,5.9901566099820105,0.04078365000495468,-0.04730186064935982,-0.719542699464355,0.034692691575621416,0.031298296451415644,0.17121808773901437,0.152222679473465,0.013845757401167476,nan,nan,nan,-0.6983539636761409,0.01964935502453491,1.0,-0.039303768536985965,10.0,0.0,0.0,0.0,-0.9810929130951144,-0.8158191979236994
36.5,5.838079976835553,-0.01828810441838637,-0.029381792340368525,-0.7258330652977201,0.037918772941232234,5.96139634616785,0.04212382831344047,-0.04523160295368855,-0.7204945303290909,0.0345920694345472,0.03129785463344629,0.17312211178194772,0.1535574281189051,0.014047053908559792,nan,nan,nan,-0.6983968938881719,0.02038899922020887,1.0,-0.04078365000495468,10.0,0.0,0.0,0.0,-0.982428646990978,-0.810189859054188
36.550000000000004,5.794539404127389,-0.01681562003789435,-0.02699572156207488,-0.7262171533589109,0.04089962868250806,5.918001255172296,0.041363839193060796,-0.038552592773745786,-0.721660829345323,0.08172267024379615,0.03097850033394291,0.1759686966744667,0.15551636731808577,0.013802964842222931,nan,nan,nan,-0.6984625169910741,0.021058800600667116,1.0,-0.04212382831344047,10.0,0.0,0.0,0.0,-0.9789440292164698,-0.810163208476916
36.602000000000004,5.750979043537559,-0.015439923320169855,-0.024554321696265848,-0.7264307536181107,0.03966631299678106,5.849131789715014,0.09613392817786218,-0.037616448424553806,-0.7264938080057805,0.004633985755145721,0.030988953570611266,0.16773758350372206,0.14974871530413106,0.014002371582626379,5.553182711474644,0.6395750603342879,1.735606276610424,-0.6987724265895502,0.020678971512611888,1.0,-0.041363839193060796,10.0,0.0,0.0,0.0,-0.9485308649362566,-0.8380387270052324
36.650000000000006,5.72194252142313,-0.01457871162021419,-0.022865685486957166,-0.7260248669617652,0.04454816286637177,5.80557487093081,0.09773777967554628,-0.03455923896240565,-0.7260260566239302,0.05589109621502394,0.03099420079250988,0.17060778283340067,0.15177828668301568,0.014302227880543302,nan,nan,nan,-0.6974342092279407,0.04802999682105158,1.0,-0.09613392817786218,10.0,0.0,0.0,0.0,-1.0068960717530202,-0.7546318789008764
36.7,5.692924189632887,-0.013760239002393536,-0.020976108244793713,-0.7255652885797467,0.04825470628498009,5.776221054501204,0.0934551925077563,-0.02496719256603042,-0.7255738776311508,0.042565517803250116,0.0303469087530044,0.1725171308606148,0.15309380186247032,0.013952979397786834,nan,nan,nan,-0.6975675896984401,0.04883004310673389,1.0,-0.09773777967554628,10.0,0.0,0.0,0.0,-0.983867421551641,-0.7785465137761061
36.751000000000005,5.649423534532925,-0.012623038716086736,-0.017997879911046608,-0.7250563877775931,0.050088330606956236,5.732710488687265,0.0945032588164498,-0.021941705991024296,-0.725087802307073,0.056800814474911386,0.030348206029595703,0.17537115987360644,0.15508003647780244,0.014253532901264587,nan,nan,nan,-0.6982034232349535,0.04669363133195148,1.0,-0.0934551925077563,10.0,0.0,0.0,0.0,-0.9741164220007112,-0.7926038177702504
36.800000000000004,5.60594335693003,-0.011603342510219217,-0.01499921066305833,-0.7247162788833014,0.04960310262902555,5.703488049840372,0.09127345641125945,-0.014988417874108872,-0.724861831507332,0.05613491851177546,0.0298930927141564,0.17726527799575337,0.15636652184562153,0.013910125856991664,5.998608869217566,-0.14221694155707346,0.5073322912872438,-0.6983266665116193,0.047216509946058416,1.0,-0.0945032588164498,10.0,0.0,0.0,0.0,-0.965492866559168,-0.8021847413893628
36.85,5.57696462733987,-0.010991823757433905,-0.01305533470602007,-0.7245574719318514,0.047881875111314184,5.693498841608091,0.07064304734062005,-0.01134149291898856,-0.721567634678056,0.061034509775171934,0.029886357624148194,0.16994613159793662,0.15127059049630912,0.014345516781408862,nan,nan,nan,-0.6987153427234157,0.045605085033685544,1.0,-0.09127345641125945,10.0,0.0,0.0,0.0,-0.9542207663145053,-0.8154681284329783
36.901,5.547987544225823,-0.01043569284897871,-0.011203465498591815,-0.7245912256552122,0.04490477598479298,5.664740669065175,0.0729400931680481,-0.012087581453373185,-0.7220522315640086,0.043349204609795196,0.030130679983781404,0.17185763848059765,0.15258999134489556,0.013940900256847799,nan,nan,nan,-0.6992385144851757,0.03530684549387475,1.0,-0.07064304734062005,10.0,0.0,0.0,0.0,-0.9377372055037614,-0.8442732507336161
36.951,5.504509339418166,-0.009705520067082049,-0.00867652844042246,-0.7247832952321793,0.04068197103763676,5.621407776393726,0.07342341325354246,-0.009832239047550042,-0.7226139273955239,0.03165664572819568,0.030129247648262695,0.17471636500124454,0.15458090340582362,0.014241115192859467,nan,nan,nan,-0.6991754658532607,0.03645389030643065,1.0,-0.0729400931680481,10.0,0.0,0.0,0.0,-0.9463806551252832,-0.832603641464417
37.001000000000005,5.461023019542866,-0.009093256864195692,-0.006318991506430796,-0.7248391684515407,0.038462556246375866,5.592380322246977,0.07124476629227502,-0.004226928472907954,-0.7228573790157453,0.05065198247643184,0.029841076652826874,0.17661438048023903,0.15587133527202632,0.014038633560374528,nan,nan,nan,-0.6992424548850816,0.03669522722388141,1.0,-0.07342341325354246,10.0,0.0,0.0,0.0,-0.9470701339429205,-0.8295158149791776
37.050000000000004,5.4320307245829635,-0.008747944933219546,-0.0048408369903239655,-0.7248433093257087,0.03586404572615991,5.592835441969269,0.1381721404689619,-0.0015097342213863383,-0.7191472322569629,0.041957255071097044,0.029868216021119307,0.1692369608286115,0.15073117962676158,0.014276803927119707,5.976316572729855,0.8252575875988256,2.637657125784917,-0.6994447046679525,0.0356073268838899,1.0,-0.07124476629227502,10.0,0.0,0.0,0.0,-0.9293682435994983,-0.8466914842246771
37.1,5.403037324440918,-0.008450548333613504,-0.003411709424193058,-0.7248763038622795,0.036716367876131265,5.564281133861859,0.14306537792840401,-0.007025192373027789,-0.7197721470798897,0.04991232564802822,0.030482907276703927,0.17115026978810963,0.15205513693338332,0.013916864058575638,nan,nan,nan,-0.6982618130560878,0.06897647063571144,1.0,-0.1381721404689619,10.0,0.0,0.0,0.0,-0.9802004559551256,-0.7979072041065658
37.150000000000006,5.3595456254366365,-0.00808730577314273,-0.0010392346087926422,-0.7248237662259858,0.04169663699260806,5.521080158152308,0.1433339076198251,-0.004179410902310998,-0.7204475002592038,0.05768491503768155,0.03048322793503861,0.17401319843654056,0.15405191681005898,0.01421693919352074,nan,nan,nan,-0.6978478181272758,0.07141105303866935,1.0,-0.14306537792840401,10.0,0.0,0.0,0.0,-0.9864442171601057,-0.7858805376551757
37.2,5.3160621084741,-0.007825733920978859,0.0015986454788758458,-0.7246392864024782,0.04521528690947925,5.492259458906355,0.14344387489407304,-0.002141965623399411,-0.7207420197759691,0.06355123687881115,0.030483606266283915,0.17591492502779646,0.1553702450122557,0.01441520143187106,nan,nan,nan,-0.6979940130311548,0.0715446330814955,1.0,-0.1433339076198251,10.0,0.0,0.0,0.0,-0.9785675873027495,-0.7916013431533762
37.251000000000005,5.28707974353805,-0.007711104607008748,0.0034396529813971186,-0.7244904797145513,0.04639438139700246,5.362201992790124,0.13248253863065682,0.0011204951489065529,-0.7292859438448436,0.047202943873453286,0.030475350118296413,0.16865760543640207,0.15028117617270784,0.01414976795687288,4.699162898982975,0.009954044458502767,2.2215390086054665,-0.6980976394616691,0.07159933554283793,1.0,-0.14344387489407304,10.0,0.0,0.0,0.0,-0.972959686918417,-0.7958973156829924
37.302,5.243632065444155,-0.007633746074554862,0.0062484146703617564,-0.7236816524477686,0.04688009108628325,5.333043146024525,0.13243552024847097,0.0028056721434728256,-0.7280597244684968,0.0398068211247573,0.03047413461909036,0.1705745533596446,0.1516311389790731,0.01434864395147424,nan,nan,nan,-0.6985206726954208,0.06614463678096927,1.0,-0.13248253863065682,10.0,0.0,0.0,0.0,-0.9546002500738233,-0.7899604816203156
37.351,5.214699960932642,-0.007645711204863103,0.008125402622484264,-0.7230651927562541,0.0469570907977584,5.289474565715145,0.13467757400867908,0.002131711299465433,-0.7265141517130165,0.05641658952130036,0.030765132153099534,0.1734416142541939,0.15361175240253683,0.014093839446800937,nan,nan,nan,-0.6985973677088138,0.06612123025904237,1.0,-0.13243552024847097,10.0,0.0,0.0,0.0,-0.956675713848274,-0.7906116421641334
37.401,5.171341252377292,-0.007760887947580348,0.010934900378294104,-0.7223507671090825,0.04662696274728027,5.260422416493657,0.1346077324248074,0.003668319615445448,-0.7256994569763793,0.05163585216679937,0.03076403858952663,0.17534540408069507,0.15493355938366157,0.014290458312195336,nan,nan,nan,-0.6985169666750524,0.06723728018071862,1.0,-0.13467757400867908,10.0,0.0,0.0,0.0,-0.9543876484855698,-0.7955903035328
37.453,5.142456403545019,-0.007903442280880989,0.012792371855844739,-0.7219779181463335,0.04632644944318039,5.238844271586544,0.09834367240399294,0.004750489326532214,-0.7224985880752619,0.04597258966875521,0.030895601603870376,0.16801411994166057,0.14979233220319055,0.014123520552773213,5.423913090128226,-0.2821122115999114,0.7673327758955077,-0.6985876671999894,0.06720251694138435,1.0,-0.1346077324248074,10.0,0.0,0.0,0.0,-0.9550449815224555,-0.7965018193787685
37.5,5.113582460756318,-0.008098954468860036,0.014612305050218497,-0.7218344073650186,0.04445596960307287,5.20994507420031,0.09819181336965972,0.005975527121366397,-0.7224579927323894,0.0206009964742547,0.030892384510349168,0.1699300163183838,0.15114603450203518,0.01432229096142092,nan,nan,nan,-0.6993107035064846,0.04913226323491182,1.0,-0.09834367240399294,10.0,0.0,0.0,0.0,-0.9354819703901344,-0.8294216507616062
37.551,5.070272546182128,-0.00849366419260303,0.017150338187383325,-0.7218433245043226,0.041213395329940714,5.166586126099552,0.09739175958696143,0.008306979254404821,-0.7223849560395704,0.03337524338174898,0.03082983906912045,0.17279764589761282,0.1531326938075281,0.01405718690313642,nan,nan,nan,-0.6993505103837068,0.0490565165806065,1.0,-0.09819181336965972,10.0,0.0,0.0,0.0,-0.9435133319867743,-0.8206272812554718
37.6,5.041400218842198,-0.008821922110893974,0.01875552353011465,-0.7218324645565912,0.03933293104696564,5.137692618397212,0.09713079885485412,0.011299710746431657,-0.7223264424342412,0.06378727704250398,0.030834303303261184,0.1747030539767192,0.15445805544240385,0.014256579227799437,nan,nan,nan,-0.6995149940753855,0.048527271285274676,1.0,-0.09713079885485412,10.0,0.0,0.0,0.0,-0.9174587953202029,-0.845906275553836
37.651,4.998094171291457,-0.009409110848237947,0.02098429298834948,-0.7218051631116591,0.03513800786574188,5.094328218331734,0.09528732738338279,0.015351535159402461,-0.7222391020608929,0.01662688128989324,0.030674184050738344,0.17754841616927705,0.15640237879577493,0.013999711270946482,5.576834159833313,0.20895785298255226,0.8743613833396078,-0.6995149940753855,0.048527271285274676,1.0,-0.09713079885485412,10.0,0.0,0.0,0.0,-0.9174587953202029,-0.845906275553836
37.7,4.969225432310325,-0.009861390148083212,0.022326605456426597,-0.7217851719245353,0.03292517875880989,5.119611602469904,0.104641768079765,0.014934168341776743,-0.7170702740036852,-0.0017658296000512444,0.030675429810469522,0.1692282356170793,0.15062730700178079,0.014197335597245429,nan,nan,nan,-0.6996358713350188,0.04760766362842572,1.0,-0.09528732738338279,10.0,0.0,0.0,0.0,-0.9290038959924292,-0.8343147945487426
37.753,4.9259189629771525,-0.010623130952338517,0.024266935867107462,-0.7220425928332064,0.03251332525149554,5.076599348385826,0.1052319519989027,0.015920338867908338,-0.7180817132736734,0.04741689984194052,0.03083825967135152,0.17209809718071212,0.15262071124565293,0.013947870562476348,nan,nan,nan,-0.6995120850209037,0.0522732199339484,1.0,-0.104641768079765,10.0,0.0,0.0,0.0,-0.9510655796556832,-0.8260401496146742
37.800000000000004,4.882590893480744,-0.011480944576780455,0.02618806605114429,-0.7223863089945436,0.031050778172294253,5.047873473594405,0.10477294513712028,0.01645250550198929,-0.7186869100123009,0.02741450204190321,0.030835204913086337,0.17400640886616223,0.15394997469770066,0.01414834087070216,nan,nan,nan,-0.6995299975135962,0.052567501752349255,1.0,-0.1052319519989027,10.0,0.0,0.0,0.0,-0.9286178241491934,-0.8446477721561256
37.85,4.853698476950653,-0.012104943358219575,0.027406006331805375,-0.7225058941845667,0.03022209302112931,5.004725759160716,0.10289714817710006,0.02043804782268399,-0.7194180177877884,0.03816379405195431,0.030700162708299318,0.17685784844688981,0.155900738985236,0.013891895060157023,4.54269972548481,0.7423099406444268,2.2481678810640764,-0.6995493135143375,0.05233862918189569,1.0,-0.10477294513712028,10.0,0.0,0.0,0.0,-0.9343360766789071,-0.8362883628226139
37.900000000000006,4.824803683500648,-0.012768604124654286,0.028588845742394127,-0.7225640446460417,0.028962364156119108,4.924029317448614,0.15919894142619534,0.021420637149105023,-0.7245786381802547,0.023740288872432413,0.03072028439643356,0.16865486487659503,0.15019514446621104,0.014090633199200217,nan,nan,nan,-0.6996644314597539,0.05140325201267748,1.0,-0.10289714817710006,10.0,0.0,0.0,0.0,-0.9216106158418877,-0.8466154420214744
37.951,4.781470062781144,-0.013835159629716579,0.030343118460709143,-0.7221677054021244,0.031094568163058122,4.880555043312006,0.1563553789515092,0.026196219704680338,-0.7237721385064283,0.027696994913012175,0.03048349856858726,0.1715309489287013,0.15219486430301193,0.013841350195168403,nan,nan,nan,-0.6988224692801214,0.07943199086084407,1.0,-0.15919894142619534,10.0,0.0,0.0,0.0,-0.9569930667152713,-0.7887405266488863
38.0,4.752604446944575,-0.01458874104607144,0.0316584877256995,-0.7217207908891274,0.03366236744874665,4.851620370276067,0.15558809108251292,0.028183138635272883,-0.7231915922844474,0.057912475753371745,0.030487124823627962,0.1734427687841233,0.15352781501841922,0.014042846910792859,nan,nan,nan,-0.6990602500239663,0.07801900345287383,1.0,-0.1563553789515092,10.0,0.0,0.0,0.0,-0.9477865466516341,-0.8007468534708676
38.050000000000004,4.709336204942216,-0.01578699732186782,0.033733753177120365,-0.7211968949020904,0.03463000698024729,4.808259094810707,0.1537915626338245,0.0314233503041752,-0.7224542028179228,0.0353588832054671,0.03042090252669128,0.17629865648576293,0.15548467395434348,0.013953222081216915,nan,nan,nan,-0.6991441614167917,0.07763767866234694,1.0,-0.15558809108251292,10.0,0.0,0.0,0.0,-0.9329500430604958,-0.8166929203151045
38.1,4.680507286883777,-0.01663346871773102,0.035116866992809706,-0.7209310658613526,0.03461124778201592,4.784188181440512,0.11521341287988432,0.03204148793332262,-0.7217055045478252,0.013030240079666312,0.030402970428559953,0.16801999820992164,0.14972229885916635,0.014089307521300934,4.835549144517591,-0.27040325575246993,0.6605527964037862,-0.6992812126065066,0.07674475616936993,1.0,-0.1537915626338245,10.0,0.0,0.0,0.0,-0.9369909035513331,-0.814637095194604
38.150000000000006,4.6372812915479615,-0.01797602369514604,0.03715990226101088,-0.720696068187752,0.03293858078269384,4.740916652530764,0.1138065534091854,0.033892997143781134,-0.721382401218031,0.03726433338005278,0.030405742981890343,0.1708957709642091,0.15175034361622736,0.014468346451110947,nan,nan,nan,-0.6997723958844625,0.0575431097756125,1.0,-0.11521341287988432,10.0,0.0,0.0,0.0,-0.9185644708584366,-0.8375520838513586
38.2,4.608470718774501,-0.018921048360511915,0.03841575841803526,-0.720610054552565,0.030235792212337603,4.712083884594814,0.11568894696651058,0.03068495264502591,-0.7212350518002606,0.020320856535654883,0.030757253560943693,0.1728084820526101,0.15306544339512557,0.014098414962429898,nan,nan,nan,-0.6998156785793193,0.05684197847120531,1.0,-0.1138065534091854,10.0,0.0,0.0,0.0,-0.9052492479346097,-0.8510525672991638
38.25,4.5652637789701265,-0.02041132288767189,0.0401095184336763,-0.7204737313777053,0.0273970652959477,4.668835651295628,0.11432465991646527,0.03251380581591512,-0.7210105356160491,0.021506534208707406,0.03075730915909359,0.17566701919646735,0.1550512663939459,0.014396089901934068,nan,nan,nan,-0.6997430645097249,0.05778008715144756,1.0,-0.11568894696651058,10.0,0.0,0.0,0.0,-0.9178182127626285,-0.8373573397696078
38.300000000000004,4.5364655207628,-0.0214499696774173,0.041178213444778206,-0.7203812849505611,0.026247812183413148,4.640015483657975,0.1119756390624778,0.03630843137117745,-0.7208676910579209,0.019131240886493633,0.030592807794321174,0.1775638510516185,0.15633804137033486,0.01403497213143785,4.700170210171106,-0.7069128414875394,2.456223564931335,-0.6997884390256364,0.05710019182235504,1.0,-0.11432465991646527,10.0,0.0,0.0,0.0,-0.9136642248313229,-0.8414322756166248
38.35,4.493277056060178,-0.023072639064394593,0.04268159223899996,-0.7202563046823545,0.02406115614319629,4.603680088221473,0.03744985931001438,0.0371001369324726,-0.7202891051384199,0.009078857503257626,0.03056277009816408,0.17020087799124342,0.1512485306055805,0.014331271055733742,nan,nan,nan,-0.699881798296674,0.018722741651675978,1.0,-0.03744985931001438,10.0,0.0,0.0,0.0,-0.8545601345997224,-0.901264951860543
38.400000000000006,4.450097890091609,-0.024771841187552227,0.04386953702353188,-0.720171370298921,0.015609334377937753,4.574915088869,0.03188162046230002,0.044079908295063586,-0.7202340863300793,0.016313277250626736,0.030006535117369577,0.17211392918585847,0.15256876414374057,0.013978020671241376,nan,nan,nan,-0.699881798296674,0.018722741651675978,1.0,-0.03744985931001438,10.0,0.0,0.0,0.0,-0.8545601345997224,-0.901264951860543
38.452000000000005,4.421316814111475,-0.02594546238876578,0.044307230954945,-0.7200852016403207,0.008151323429571559,4.531746330314985,0.029946415585760645,0.045393453455842,-0.720115198275574,-0.0040029702924739875,0.030005588053140467,0.17497431649029502,0.15456108679082348,0.014277459747741509,nan,nan,nan,-0.6997228586027541,0.015939460200239175,1.0,-0.03188162046230002,10.0,0.0,0.0,0.0,-0.8359105006349704,-0.917973416616718
38.501000000000005,4.378154402888609,-0.027754229222510883,0.044478279354230627,-0.7199378404290473,-0.00044116229579938655,4.5029978632033485,0.02614376781650637,0.0491807412587959,-0.7200044172616049,-0.003689455963573361,0.029705966097915627,0.17687313392716056,0.15585277595132882,0.013917603306694462,nan,nan,nan,-0.6996761141835464,0.014972088960865104,1.0,-0.029946415585760645,10.0,0.0,0.0,0.0,-0.8399719702783262,-0.9129288510710005
38.550000000000004,4.349386428056717,-0.028983756270398568,0.044334082918307184,-0.7198039906843461,-0.005512208958190497,4.541260082280124,0.04273349438289073,0.0492919149670894,-0.7120545172704749,0.002632784262175031,0.029714475802873452,0.16945544065372126,0.1507183329930112,0.014215579985376349,5.210583987220052,0.23457787852428583,2.0101497289857457,-0.6995436834156181,0.013071139435565815,1.0,-0.02614376781650637,10.0,0.0,0.0,0.0,-0.8303381524319212,-0.9209716526907078
38.6,4.320617164098756,-0.030225265373597734,0.04401451991160037,-0.7200670318292002,-0.009177177053146314,4.512745069572463,0.04519868652023095,0.042998047694506436,-0.7133147489574404,-0.002648474618683178,0.03020338760570516,0.17136965623227216,0.15204361238510966,0.013863178308234872,nan,nan,nan,-0.6997270189491602,0.021363496505307555,1.0,-0.04273349438289073,10.0,0.0,0.0,0.0,-0.8521812589280195,-0.9236082854676779
38.651,4.2774310937687945,-0.032100761861904095,0.04335651106962894,-0.7206711475548974,-0.011620984645897229,4.469952003000199,0.0433653188914399,0.04216699310339012,-0.714884848132639,-0.013036771724747173,0.030202454106259692,0.17423469440237752,0.15404199661068757,0.014161472672810895,nan,nan,nan,-0.6998543126283086,0.022595497048766067,1.0,-0.04519868652023095,10.0,0.0,0.0,0.0,-0.8636864382277801,-0.908514879721085
38.702000000000005,4.234218714045335,-0.03397753901256341,0.04264162703917676,-0.7209900030833634,-0.011958129413386006,4.441372560693642,0.042258529531812694,0.041707103149633884,-0.7156376186704806,-0.006895540880723104,0.030214888226120583,0.17613820976112105,0.15533832122731933,0.013881710069892118,nan,nan,nan,-0.6998530936512924,0.021679262458536463,1.0,-0.0433653188914399,10.0,0.0,0.0,0.0,-0.8648764616282903,-0.9018546827405324
38.75,4.205403255763251,-0.03522376341458943,0.042159975348830904,-0.7210846969027729,-0.012133119855792013,4.293435228021355,-0.050634768046822445,0.04199806069756029,-0.7269336357759522,0.009606009188531047,0.03018324138491422,0.1688483050131172,0.15027656233415693,0.014262855122982032,3.49081777255665,-0.9829359968840576,6.9406003567827925,-0.6998517533473553,0.02112612125053026,1.0,-0.042258529531812694,10.0,0.0,0.0,0.0,-0.8606488284221779,-0.9030255977913803
38.801,4.162205723683323,-0.03708429901667948,0.04118765678870304,-0.7200085855939997,-0.021161661573809634,4.264400517175948,-0.051858035151733574,0.04114151568015201,-0.7252829804705933,-0.04351003209968741,0.03017818465552597,0.1707671115104779,0.15162780430498485,0.014460184651248173,nan,nan,nan,-0.6984148741999523,-0.02531197687543063,1.0,0.050634768046822445,10.0,0.0,0.0,0.0,-0.7610781815437349,-0.9575164583657323
38.851,4.133453906025691,-0.038312603495134,0.040203344954165283,-0.719134224801712,-0.026270737373487268,4.220926007204673,-0.051803647277458835,0.03827370729778856,-0.7232016597372447,-0.019349918086645733,0.03040603960516814,0.17363709065196126,0.1536102984383031,0.01419062502899852,nan,nan,nan,-0.6984264028683086,-0.02592320910532564,1.0,0.051858035151733574,10.0,0.0,0.0,0.0,-0.7842009731908883,-0.938081125867626
38.901,4.104732071536581,-0.03952488442893651,0.03905011018468936,-0.7184472716114636,-0.030383309952065434,4.192029498053848,-0.05290262453151601,0.03745169158570105,-0.7221624662112411,-0.0206223124269837,0.030406688151907522,0.17554284358977362,0.15493322391611872,0.01438863719088461,nan,nan,nan,-0.6985592800112301,-0.02589603341962743,1.0,0.051803647277458835,10.0,0.0,0.0,0.0,-0.781515858343136,-0.9466808474332961
38.95,4.061689910804493,-0.041304639008434625,0.037042339050695046,-0.717672884598852,-0.03541088156848966,4.123511771906069,-0.08192738313424969,0.03501463399821558,-0.7234919216506153,-0.0349868603325741,0.030396516025968445,0.16818260250200867,0.14979429347070686,0.014125833532382672,3.938944109765977,-0.3617489121675327,0.523661178083462,-0.6985715040832484,-0.026445145774111722,1.0,0.05290262453151601,10.0,0.0,0.0,0.0,-0.7831252299360427,-0.947092561854721
39.0,4.033019433085795,-0.042459467998484164,0.03554662114762118,-0.7170966087368364,-0.03876573803552652,4.094602312789703,-0.08292992539832064,0.03355985876686951,-0.7222405939479155,-0.0402025464304107,0.030396514149359326,0.17010016483938284,0.15114904242161428,0.01446012661617892,nan,nan,nan,-0.6979817407104584,-0.04094080192210825,1.0,0.08192738313424969,10.0,0.0,0.0,0.0,-0.765768273697835,-0.9551793173327773
39.050000000000004,3.990056371671515,-0.044133256371453745,0.033059669879780304,-0.716260114590976,-0.043051303680774235,4.051346975293907,-0.0853621289383986,0.03228623250337748,-0.7206973068681095,-0.04548735921817682,0.030270375443429122,0.1729698543955354,0.15313729862771155,0.014127089957730982,nan,nan,nan,-0.6980321159376565,-0.04144122301807229,1.0,0.08292992539832064,10.0,0.0,0.0,0.0,-0.7703539285045077,-0.9534793716728841
39.101,3.9471310742075163,-0.045724590007861964,0.030378351108418997,-0.7156783850767131,-0.04567663272753345,4.0081513629667995,-0.08672784344940852,0.02980300130651692,-0.7195065964001349,-0.05553547195060636,0.030269831220056533,0.17582737153850123,0.15512274730560094,0.014424005179450104,nan,nan,nan,-0.698082763434344,-0.0431138660444077,1.0,0.08628119870209247,10.0,0.0,0.0,0.0,-0.7720701753950742,-0.9569563131326179
39.150000000000006,3.918528574810376,-0.04673419482776034,0.028513659621651356,-0.7153909815350005,-0.04716826505145526,3.979516630814595,-0.09269157236596581,0.03504556908721491,-0.7188506200444796,-0.06598058685767623,0.029666261628257383,0.17772349333729084,0.15640929386412875,0.014059264770693115,3.535063760442079,0.9457714654646446,4.632299963725523,-0.698082763434344,-0.0431138660444077,1.0,0.08628119870209247,10.0,0.0,0.0,0.0,-0.7720701753950742,-0.9569563131326179
39.201,3.87564185349481,-0.048164702273763835,0.025622142340948856,-0.7149995541815307,-0.04882222573490201,3.9012093907192438,-0.001313363062885946,0.03196592149493904,-0.7225535343461854,-0.07331008658967565,0.02970129090337946,0.1693757768016998,0.1506346653035478,0.01425591559723353,nan,nan,nan,-0.6976845718783381,-0.04631264635096244,1.0,0.09269157236596581,10.0,0.0,0.0,0.0,-0.7722418871415303,-0.9561195870755329
39.25,3.8470607033333275,-0.04905644590210109,0.023777995876089083,-0.71478222940645,-0.04331831013835419,3.857843146338095,-0.00018637887607838885,0.02568324267873168,-0.7211579155709733,-0.04541477182381171,0.03000960022732421,0.17224569498896888,0.15262943161852313,0.013998552661688759,nan,nan,nan,-0.6996275510551134,-0.0006566814370501106,1.0,0.001313363062885946,10.0,0.0,0.0,0.0,-0.8485873784559829,-0.8807208671151413
39.304,3.804197867228696,-0.050295510607529195,0.02151886168140538,-0.7146105465421495,-0.03401687392722046,3.8290132446310596,-0.0009125156399783321,0.023204297256055995,-0.7204510461942195,-0.0608410396233123,0.030006479488344194,0.1741534220496568,0.1539593092122101,0.014198124441399652,nan,nan,nan,-0.699804071487925,-0.00045625778832913966,1.0,0.0009125156399783321,10.0,0.0,0.0,0.0,-0.8594985122853108,-0.8752154647263569
39.35,3.7756243201295456,-0.05106037396022195,0.020299692616190274,-0.7145672973569249,-0.028378619536459825,3.785824811809742,-0.0022575010743761835,0.02171339568457808,-0.7195682964592507,-0.03534804550250007,0.02996397218631921,0.1770033752694736,0.15591082806729237,0.013934907279413135,4.371818091776571,-0.6683408070690406,2.839524456315824,-0.699804071487925,-0.00045625778832913966,1.0,0.0009125156399783321,10.0,0.0,0.0,0.0,-0.8594985122853108,-0.8752154647263569
39.402,3.732763382230536,-0.052125388306037745,0.01881989248795817,-0.71456401117807,-0.022555778987378962,3.822243242442645,-0.06161821591815745,0.021469096210605443,-0.713131791758461,-0.01349645060616931,0.029943597052595364,0.16877585114279026,0.15020383713688026,0.014132858305764632,nan,nan,nan,-0.6998173906723749,-0.001128750057816319,1.0,0.0022575010743761835,10.0,0.0,0.0,0.0,-0.8512903500043558,-0.8851748912935034
39.45,3.704182433800759,-0.052788145381634836,0.017890936503322682,-0.714833703855418,-0.024428645599087397,3.779494272798844,-0.0640294212990303,0.021262401991028575,-0.713699879878851,-0.03903324483204671,0.029747925992968507,0.1716522901889343,0.1522033832660246,0.013947408802917805,nan,nan,nan,-0.6990440204426582,-0.030799365493615838,1.0,0.06161821591815745,10.0,0.0,0.0,0.0,-0.8048228803325626,-0.9449903300412974
39.5,3.661287368729648,-0.053721450040190175,0.016300932177945468,-0.7152255104294201,-0.027608563281389453,3.7509488149987686,-0.0646315466637684,0.019957432471109815,-0.7140718626286723,-0.0460513255249169,0.029747429306218442,0.17356561806611762,0.1535360490114137,0.014147174809107875,nan,nan,nan,-0.6990071846383697,-0.032003779633623,1.0,0.0640294212990303,10.0,0.0,0.0,0.0,-0.811930067723395,-0.9351939036289655
39.551,3.6326792759774813,-0.05430221148355071,0.015167650101562253,-0.7154032231185207,-0.028689963646981648,3.7080639568625844,-0.06387873692668934,0.016725208992060203,-0.714522185539697,-0.030149571117533015,0.029944150514773664,0.17642552525844318,0.1554924342579546,0.013889901898054726,nan,nan,nan,-0.6990442580708283,-0.03230453115536491,1.0,0.0646315466637684,10.0,0.0,0.0,0.0,-0.8151746303716498,-0.9303339673646585
39.6,3.604064412381286,-0.054849354588196834,0.013997715148428883,-0.7155400297478429,-0.029589554171188005,3.7325447297466368,-0.04950053639079353,0.015488020489380359,-0.7096432520228826,-0.030630202730168282,0.029949310499539084,0.16829881382201778,0.14984224335543092,0.014226093253903246,4.1845579799785675,0.10172388728123188,0.9073390952547604,-0.6991716487441252,-0.03192851440851818,1.0,0.06387873692668934,10.0,0.0,0.0,0.0,-0.8133566735564889,-0.9308992306317213
39.650000000000006,3.561126677467639,-0.05560595057402431,0.0121946496037038,-0.7159810163223008,-0.03004794269757239,3.6899461298883973,-0.050142923123229106,0.013377836407066468,-0.7110352482565384,-0.044836718541447565,0.02994770809650789,0.1711869023984489,0.15186760865826537,0.01459826568307581,nan,nan,nan,-0.6994366024524664,-0.024855431978735965,1.0,0.04972110348746402,10.0,0.0,0.0,0.0,-0.8291795145536662,-0.9299174682802382
39.701,3.518152195006335,-0.05628504070362851,0.010441187762115705,-0.7165314331910757,-0.02832722022339886,3.6614375015032232,-0.04786750851190229,0.008536265941212928,-0.7118851925719254,-0.031252278229102315,0.03027527975150822,0.1731083043192215,0.15318107762672,0.01416262910445092,nan,nan,nan,-0.699482783048531,-0.025066210417325152,1.0,0.050142923123229106,10.0,0.0,0.0,0.0,-0.8398881695464484,-0.9158376579117644
39.75,3.489486861851417,-0.056694579407797964,0.00934670899057071,-0.7167882348301833,-0.0267718523933761,3.6187030341519213,-0.04820268081520908,0.007110783962712475,-0.7129523806031283,-0.011849361343554927,0.030277641896215114,0.17598047440464304,0.15516405862546812,0.014536199099089231,nan,nan,nan,-0.6996311304542745,-0.02392918587829662,1.0,0.04786750851190229,10.0,0.0,0.0,0.0,-0.842182940374609,-0.9113888504933502
39.801,3.446473429236028,-0.057246377276714874,0.007793084093405995,-0.7170206436129047,-0.025515422635688473,3.6337410759219546,-0.0910913269614629,0.011300499917236364,-0.7079456446825977,-0.009404823025827846,0.02978453289636994,0.16855880549124017,0.14999037321412698,0.014253571427462603,4.105023423409079,-0.48674865490400704,1.628859863056198,-0.6996591607311785,-0.02409667541446403,1.0,0.04820268081520908,10.0,0.0,0.0,0.0,-0.8343148954915398,-0.9155812363854916
39.85,3.4177926411733055,-0.05757422134709214,0.006784893691480222,-0.7170694671805612,-0.025020956033323927,3.6054154975559833,-0.09139993121145518,0.010374176885146635,-0.7088654424865102,-0.009357290329737731,0.029784825176732827,0.17048431105328235,0.15134189236733628,0.014450221924698742,nan,nan,nan,-0.6995094072675542,-0.02622271163934542,1.0,0.052457447612081785,10.0,0.0,0.0,0.0,-0.8332649299957855,-0.9133708300735428
39.900000000000006,3.3747626414508414,-0.05800921758995073,0.005185654502269875,-0.7173436634768914,-0.028906695743450013,3.577052071898206,-0.09171789012422304,0.00877799321442474,-0.7099282067964297,-0.059146211245737414,0.029776101291861173,0.1724072689622874,0.1526601585209225,0.01408163004918518,nan,nan,nan,-0.6989010262360675,-0.04566819082046614,1.0,0.09139993121145518,10.0,0.0,0.0,0.0,-0.7985540724851102,-0.9572536326984596
39.95,3.3460654788820747,-0.05826232100673135,0.003989955436515553,-0.717500786031377,-0.03016886549365815,3.5344294283060482,-0.09204811433051444,0.007192959014314937,-0.7112467115035674,-0.00528756631932732,0.029783287685905328,0.1752833244112099,0.15464898923013584,0.01437825237957503,nan,nan,nan,-0.6989566686301473,-0.04582683779077712,1.0,0.09171789012422304,10.0,0.0,0.0,0.0,-0.8186735517649488,-0.9337754134543177
40.0,3.3173638673542314,-0.058483936118821585,0.0027443873128127705,-0.7175642640257751,-0.03210098352622745,3.5059802860718143,-0.09258616818118534,0.006310178093808183,-0.7118862987440846,-0.02620905766510726,0.02974057606702309,0.17719298114231544,0.15593860008957316,0.014015563457873742,nan,nan,nan,-0.699010224198699,-0.045991602138371945,1.0,0.09204811433051444,10.0,0.0,0.0,0.0,-0.7968928865729308,-0.9513527002574096
40.050000000000004,3.2743105302360958,-0.05875551663378926,0.0007093717600176204,-0.7175397142047588,-0.03476015086426622,3.4167020109343142,-0.17640446323198075,0.005768359237958266,-0.7172244153587661,-0.009470513150918746,0.02971227364816576,0.16973736644378049,0.15078967602623433,0.014395590279460368,3.0840225301618815,-1.0260455993080304,3.7621105680499736,-0.6990329523747473,-0.04626005708832359,1.0,0.09258616818118534,10.0,0.0,0.0,0.0,-0.8047166376946924,-0.9411219827427033
40.102000000000004,3.2312855835738263,-0.05895274366897434,-0.0016355464229164656,-0.7165865879621349,-0.0439259614132219,3.3879308672009483,-0.17141589366078014,-0.0035971733126807237,-0.7164255208280726,-0.029162212940485665,0.03035899448258294,0.17166048266950684,0.15211313553526346,0.014017457734567945,nan,nan,nan,-0.6969265440817113,-0.08797456634959566,1.0,0.17640446323198075,10.0,0.0,0.0,0.0,-0.7201255707028471,-0.994377251834351
40.150000000000006,3.2026374301239517,-0.05903862253067109,-0.0035189742505305076,-0.7159872725968799,-0.04849776128640281,3.344965928281324,-0.17121923118388932,-0.0062683678329911174,-0.7155335472115454,-0.03503746713041405,0.03035975771630854,0.1745367743435794,0.15410847577538642,0.014389817583666939,nan,nan,nan,-0.6976535438075498,-0.08549900102264552,1.0,0.17141589366078014,10.0,0.0,0.0,0.0,-0.7485512894602675,-0.97234533540445
40.201,3.1597018372433543,-0.05908663107428599,-0.00657266562094295,-0.7153186925542971,-0.0522496907079437,3.316349273005388,-0.1710319132543155,-0.0073576129962513726,-0.7151343322400922,-0.03352122441137058,0.03036093923650744,0.17644666604869053,0.15542587722651072,0.014728094748104855,nan,nan,nan,-0.6978094313770564,-0.08540138602715963,1.0,0.17121923118388932,10.0,0.0,0.0,0.0,-0.7572480009278137,-0.9676618525452348
40.251000000000005,3.1310975875528335,-0.059059398040941714,-0.008704901559426152,-0.714957766873922,-0.053879740158440534,3.2230136510779803,-0.17342341129808667,-0.008871807874149871,-0.7194513597807399,-0.06147541868682901,0.030142542805700792,0.16911397295139832,0.15032944693605949,0.014368856043197048,2.8526003975750083,-0.1808947139539531,0.7179847137386284,-0.6978743624248073,-0.08530840775546977,1.0,0.1710319132543155,10.0,0.0,0.0,0.0,-0.7572480009278137,-0.967272576972583
40.300000000000004,3.1025101449203114,-0.058981338717116916,-0.010880126746090438,-0.7144349090766676,-0.05440859050045129,3.194248302169592,-0.17315735295515738,-0.011266510187898147,-0.7183357669490947,-0.07566834289965599,0.030140928160322943,0.1710378757084623,0.15167846381333344,0.014564162743749415,nan,nan,nan,-0.697892163442404,-0.08649535472573966,1.0,0.17342341129808667,10.0,0.0,0.0,0.0,-0.7615783596454333,-0.949034072015466
40.352000000000004,3.0596745867894213,-0.05876163496233786,-0.014121542228983926,-0.7135877866613031,-0.05343257276555343,3.151209297069194,-0.17515618187082047,-0.010903172905521341,-0.716946599082505,-0.07450130320044493,0.02984010836366359,0.1739155905824677,0.15365800411259628,0.014279893488538756,nan,nan,nan,-0.6980270918232084,-0.08636331681444531,1.0,0.17315735295515738,10.0,0.0,0.0,0.0,-0.7722940338907716,-0.9415661542816802
40.401,3.016881701038014,-0.05841435591909944,-0.01728337315568056,-0.7129833083086682,-0.052306817782825366,3.12254083041169,-0.17481334616862962,-0.013997237246123005,-0.716227938505524,-0.05578867171612814,0.02984220274082928,0.17582659819296706,0.1549789248983723,0.014476089181990488,nan,nan,nan,-0.6979552763347466,-0.08735521001824864,1.0,0.17515618187082047,10.0,0.0,0.0,0.0,-0.7707771966948671,-0.9458131606748121
40.451,2.9883704512660523,-0.05811133461558442,-0.01936854370623513,-0.7126984239563023,-0.052066002847598866,3.065935142296728,-0.16349832607120654,-0.017669176505108464,-0.7167216470341106,-0.053373224628961644,0.02982881449207964,0.16842694861536342,0.14983165725295222,0.0142008888007628,2.9720951957440107,-0.05269032519007511,0.10683540054574012,-0.6981260748399638,-0.08718509438856614,1.0,0.17481334616862962,10.0,0.0,0.0,0.0,-0.7690279646630634,-0.9499733724910339
40.5,2.9598700152367643,-0.05775056844888395,-0.021434436141023507,-0.712459087302545,-0.05113469029300338,3.037277337562467,-0.1629780171365737,-0.01951468142900481,-0.7161021876419373,-0.046568095736771654,0.029829796975599288,0.17034951754132718,0.15118469995014008,0.014397910488926222,nan,nan,nan,-0.6985714250549364,-0.08156778191623815,1.0,0.16349832607120654,10.0,0.0,0.0,0.0,-0.7819945720175272,-0.9376435683754019
40.550000000000004,2.917136359106498,-0.05709987276531096,-0.02443047079265325,-0.7121840315380623,-0.04915433956649003,2.9943466222481785,-0.16381932858490625,-0.019792638088236725,-0.7153259269391485,-0.04730516835289791,0.02962111130471208,0.17322700597340612,0.15317075216114223,0.014121845294509088,nan,nan,nan,-0.6986639219103117,-0.08130934904617249,1.0,0.1629780171365737,10.0,0.0,0.0,0.0,-0.7829269198450417,-0.9383261526109539
40.601,2.8744176434441413,-0.05631923945064754,-0.027326753726386002,-0.7120115559008198,-0.047711195907351386,2.965743674494499,-0.16323653452334275,-0.021797458171482376,-0.7149207366434014,-0.04446239476650135,0.02962152912531429,0.17513889877042244,0.15449549915273245,0.014316892540104448,nan,nan,nan,-0.6986578669435161,-0.08172721559639129,1.0,0.16381932858490625,10.0,0.0,0.0,0.0,-0.7834293300511378,-0.9392779801721912
40.744,2.8744176434441413,-0.05631923945064754,-0.027326753726386002,-0.7120115559008198,-0.047711195907351386,2.965743674494499,-0.16323653452334275,-0.021797458171482376,-0.7149207366434014,-0.04446239476650135,0.02962152912531429,0.17513889877042244,0.15449549915273245,0.014316892540104448,nan,nan,nan,-0.6987554312742787,-0.08143775372042583,1.0,0.16323653452334275,10.0,0.0,0.0,0.0,-0.7859705612418086,-0.9378069873098356
40.751000000000005,2.817473528250291,-0.05507976729541069,-0.03105378222557783,-0.7119334917187673,-0.04540840288978781,2.8707645116228067,-0.2117352403647798,-0.027450871323484,-0.7180051791293967,-0.04623656514139279,0.029789531510309032,0.16864645484398183,0.14998227982226522,0.014296337944944736,2.5882180739949288,-0.7370757003023901,1.6078124307008101,-0.6979275516239982,-0.10527974088502567,1.0,0.2113408810444056,10.0,0.0,0.0,0.0,-0.7509760050751932,-0.9570549659694647
40.801,2.732120816286886,-0.05281383142829518,-0.03666985375157298,-0.7110178582186648,-0.04888054545460888,2.784748897654532,-0.21158685186821458,-0.03028974792867434,-0.7156239891229028,-0.04656942595974982,0.02950474709938227,0.1743965642354639,0.15398221369513707,0.014315418532290855,nan,nan,nan,-0.697887577263344,-0.10580962288694629,1.0,0.21241253873505675,10.0,0.0,0.0,0.0,-0.7613978376127539,-0.949225122991987
40.85,2.7036988200168603,-0.05195168156974258,-0.03865704158013225,-0.7107716053926778,-0.05022254053117705,2.741874445771442,-0.20425893352283692,-0.041251870322077444,-0.7146041203645753,-0.03844662136437523,0.030220806403862596,0.17725330818472057,0.1559330774926607,0.014035983477719711,2.911826079763441,0.2878102610077343,0.9852834873189367,-0.6980263138415006,-0.10540136661336952,1.0,0.21158685186821458,10.0,0.0,0.0,0.0,-0.756875448971663,-0.956271782152618
40.900000000000006,2.6752853460055777,-0.05103456308130856,-0.04067648372380291,-0.7106688249635272,-0.05024343491119163,2.732390168869793,-0.15944219484019836,-0.04358146523837947,-0.7124992273921481,-0.06261171343065697,0.030234070993948953,0.16898918830945436,0.15022331665638614,0.01423198851274449,nan,nan,nan,-0.6987182568477016,-0.10177658786697208,1.0,0.20425893352283692,10.0,0.0,0.0,0.0,-0.7786870654545985,-0.9414261860679003
40.95,2.632665198139746,-0.049551124501639114,-0.04354334351519418,-0.7108844688420032,-0.04458477968029577,2.689673643588096,-0.15829754128991,-0.04414998328818909,-0.7126329582603743,-0.01694543010005157,0.030145559750528735,0.17187054671062832,0.15222314985722776,0.013963186309427708,nan,nan,nan,-0.6995471696329144,-0.07955285062056738,1.0,0.15944219484019836,10.0,0.0,0.0,0.0,-0.8306536472724767,-0.900760411598455
41.0,2.6042436354692824,-0.04849017671767162,-0.0452187443873945,-0.7110865341604742,-0.04074029931381717,2.6611964154241203,-0.15702125783731374,-0.04638296705251533,-0.712689359605222,-0.04128898356308579,0.030142524188524134,0.17378664405211275,0.1535560703317717,0.014162187118459364,nan,nan,nan,-0.6995753471462721,-0.07898411254591053,1.0,0.15829754128991,10.0,0.0,0.0,0.0,-0.8134875897205748,-0.9170639536302151
41.050000000000004,2.561601030453813,-0.046798336173695235,-0.04751496211644246,-0.7113612678939967,-0.03618990298451803,2.6184862648476055,-0.15455757509117732,-0.04821358313480406,-0.7127501785979843,-0.003511311471957625,0.03020160320848197,0.17664991756001708,0.15551331260495752,0.01390225235747416,nan,nan,nan,-0.6996423705105711,-0.07834991184088125,1.0,0.15702125783731374,10.0,0.0,0.0,0.0,-0.8271830033486642,-0.9030026405276943
41.1,2.533167000737284,-0.045606850889382586,-0.048899451918866,-0.7115138229738351,-0.033958442294894295,2.6205597891236945,-0.1784618772762661,-0.05014270683389421,-0.7095938777660346,-0.046100714061432145,0.03018722574396509,0.16831890407076963,0.1497473571582584,0.014099686257505779,2.8760149034262987,-0.43796885119880097,0.5563970357122374,-0.699707455754251,-0.07712549984347561,1.0,0.15455757509117732,10.0,0.0,0.0,0.0,-0.8163138679997699,-0.9134796777797061
41.150000000000006,2.4905065069630172,-0.04373147578700012,-0.0508638055160849,-0.7118540245876772,-0.03189448066223063,2.5780280311745747,-0.1762796363038394,-0.05241147537077939,-0.7102676059329002,-0.012192016031803416,0.030191210557553687,0.1712032476306887,0.15177557572027922,0.014396573228290207,nan,nan,nan,-0.6994717346922323,-0.08899523993784797,1.0,0.1784618772762661,10.0,0.0,0.0,0.0,-0.8219245813194326,-0.9152292435446753
41.203,2.447826213200375,-0.04175708978920381,-0.05273922719328021,-0.7122292159239239,-0.031158161805056227,2.5496654735572255,-0.17403881465923438,-0.054366776586358245,-0.7106716428889261,-0.01722928355107268,0.030282075107593783,0.17312222985259318,0.15309147385148358,0.014034922728941001,nan,nan,nan,-0.6995589300263039,-0.08791263435291441,1.0,0.1762796363038394,10.0,0.0,0.0,0.0,-0.8122287279617648,-0.9229612378350756
41.25,2.4193648800016474,-0.040389128934408686,-0.053973586266613555,-0.7124055404463239,-0.03060341920042417,2.507078825132609,-0.1716965085220121,-0.056023174172200374,-0.7111733904285534,-0.017489951234103015,0.03028249571007528,0.1759910307414346,0.15507795740460065,0.014332822055152359,nan,nan,nan,-0.6996318453092628,-0.08680075199076676,1.0,0.17403881465923438,10.0,0.0,0.0,0.0,-0.8180480430427246,-0.9158735279214845
41.300000000000004,2.3908995126730006,-0.038981029743023934,-0.0551780243583862,-0.7125364889821177,-0.02974852492873602,2.478786350876459,-0.16485828709936967,-0.06517089696353162,-0.7114141504585206,-0.05107410462740573,0.030894961488799857,0.17789482382788493,0.15636605702865647,0.013978951226064842,2.636782295908355,-0.17493286707210087,0.08899724119011897,-0.6996930532872446,-0.08563828362798986,1.0,0.1716965085220121,10.0,0.0,0.0,0.0,-0.8214009695571591,-0.9108574735381956
41.35,2.348197323506138,-0.03679518419848468,-0.05685063464856342,-0.7126864661647524,-0.025526441550787243,2.4540513290213912,-0.16300261459644377,-0.06713985838861758,-0.7101109703583438,-0.022723743535243434,0.030897776912280513,0.17048778488719724,0.15127412339714685,0.014275492088980095,nan,nan,nan,-0.6998979901111486,-0.08224321093932829,1.0,0.16485828709936967,10.0,0.0,0.0,0.0,-0.8536111199019616,-0.8787426378681356
41.400000000000006,2.3197261707556365,-0.035290062603674795,-0.057786189039076834,-0.7128267790499737,-0.02234560683191233,2.425657318697786,-0.16300480687977462,-0.06602054937180979,-0.710550929115521,-0.02674173253782352,0.030658676352266344,0.17240824614151773,0.1525956858917001,0.013928579881421868,nan,nan,nan,-0.699929608882712,-0.08132156663348056,1.0,0.16300261459644377,10.0,0.0,0.0,0.0,-0.8483437100058551,-0.8876255167354064
41.453,2.2770112701518523,-0.03296854759507205,-0.059010163281424236,-0.7130321665960268,-0.019154476077427752,2.3831072464384855,-0.16016696062298086,-0.06725977498099223,-0.711081975659053,-0.005907421973524348,0.030660956617298157,0.17528018950558052,0.15458938993577678,0.014228208334967615,nan,nan,nan,-0.6999439648907279,-0.07991293459670779,1.0,0.16016696062298086,10.0,0.0,0.0,0.0,-0.8418182563485898,-0.8902470270979331
41.5,2.2485317199397272,-0.03138246056714459,-0.059738674358060344,-0.7131071565720449,-0.017785542882721536,2.3546663791900473,-0.16024139497087614,-0.06634611164804616,-0.7113283641034638,-0.034519690169119994,0.030415734569783946,0.17718701589367358,0.15588258102031397,0.013873977246247744,nan,nan,nan,-0.6999439648907279,-0.07991293459670779,1.0,0.16016696062298086,10.0,0.0,0.0,0.0,-0.8418182563485898,-0.8902470270979331
41.550000000000004,2.20581210837431,-0.028951734324716698,-0.06074295108004417,-0.7131506765404858,-0.015709228051647713,2.3250106173107232,-0.17876703811046288,-0.06654054482779648,-0.7102473487340242,0.004016841542936207,0.030412794818482348,0.16972858028389357,0.15074543147058025,0.014172177032812611,2.453676292638076,-0.3979893558505616,0.25292539253507507,-0.6999352287907444,-0.07994991449487898,1.0,0.16024139497087614,10.0,0.0,0.0,0.0,-0.8510850670319162,-0.8796119909466033
41.6,2.1773341362081444,-0.027299887112018077,-0.06136353833131668,-0.7131490871162516,-0.016037562688147718,2.2966991313621405,-0.17573192927608738,-0.06871289957239089,-0.7105885648524259,-0.006589900520459805,0.030556901801457443,0.1716496407158968,0.1520724699214271,0.013824707268557878,nan,nan,nan,-0.6998211456049812,-0.08914661303596283,1.0,0.17876703811046288,10.0,0.0,0.0,0.0,-0.823027038901976,-0.9096160449523902
41.650000000000006,2.1346167926514914,-0.02478092170856607,-0.062390868221201254,-0.713204717442285,-0.0174899990363491,2.2541569152383585,-0.17279148385660015,-0.06963089645399512,-0.7109956027118619,-0.015979859734758836,0.03055608964605897,0.17452375038153714,0.15407302199839393,0.014205314734089414,nan,nan,nan,-0.699874609717025,-0.08764088540284476,1.0,0.17573192927608738,10.0,0.0,0.0,0.0,-0.8320943080235405,-0.8993529531484049
41.701,2.0919017713297676,-0.022212621701132255,-0.06343418036855532,-0.7131864044939554,-0.017126809687999185,2.225784568464498,-0.17080487139441847,-0.07097426557913433,-0.711194338064609,-0.033070764591697506,0.03055374999155566,0.17643268906617107,0.1553940146604284,0.014403251399911495,nan,nan,nan,-0.699904126535485,-0.08618174046354454,1.0,0.17279148385660015,10.0,0.0,0.0,0.0,-0.8385457571787677,-0.8913265179095752
41.751000000000005,2.0634280721326776,-0.0204731655824604,-0.0640912955952458,-0.7131499347509793,-0.015877280134325218,2.2104432744482727,-0.28524413874681653,-0.06480237554614421,-0.7080388546007147,-0.03952548488087455,0.02990328026547476,0.16910189202764273,0.15030615248369986,0.01421807967878832,2.4476990592647137,-1.437596365083273,6.009093253960318,-0.699929213875659,-0.08519570988906011,1.0,0.17080487139441847,10.0,0.0,0.0,0.0,-0.8483106730911305,-0.8805727252806155
41.803000000000004,2.0207256296726777,-0.01782919956616681,-0.06524510944585123,-0.7129771036266852,-0.024274569122358335,2.1821778422939353,-0.28340519666548314,-0.06450093947411784,-0.7083833881097242,0.007431998228312937,0.029910633035306153,0.17102681766692787,0.15165813334944095,0.014415573820683347,nan,nan,nan,-0.697933175701579,-0.14166667501232055,1.0,0.28524413874681653,10.0,0.0,0.0,0.0,-0.7542422771585908,-0.9700377615801474
41.852000000000004,1.9922661615944384,-0.016046321530872907,-0.0664397395613717,-0.7128135670603319,-0.03326342196499878,2.139692655298048,-0.2821423740065582,-0.06314112449309972,-0.7088052212781507,-0.015527187575202762,0.029728993008115687,0.17390782588799109,0.15364257402978407,0.0141512868179354,nan,nan,nan,-0.6979255919889664,-0.14014638192807638,1.0,0.2821423740065582,10.0,0.0,0.0,0.0,-0.7419574262255131,-0.978907119763015
41.900000000000006,1.963814967185539,-0.01424209323115698,-0.06796014559383903,-0.7126272067544718,-0.040505208221803084,2.1113960147128172,-0.2803384491177522,-0.06467850890334903,-0.7089888340101113,-0.029872148376889233,0.029728529253540966,0.1758219211339081,0.15496649506649227,0.014349437732143524,nan,nan,nan,-0.6979255919889664,-0.14014638192807638,1.0,0.2821423740065582,10.0,0.0,0.0,0.0,-0.7419574262255131,-0.978907119763015
41.951,1.9211560356043904,-0.011481710427549502,-0.07066159215590698,-0.712344317545042,-0.04759555229618143,2.0112105843531727,-0.26162704689483834,-0.06891215129046202,-0.7148883771771245,-0.05060707549523594,0.029840985305864983,0.16859714030309844,0.14993950954832638,0.014229286493388636,1.5807298467982074,-0.113831953220838,1.0470793180667197,-0.6980539630930571,-0.13926190914126124,1.0,0.2803384491177522,10.0,0.0,0.0,0.0,-0.7508424341146829,-0.9697964214220216
42.0,1.8927319604947785,-0.009596942284883269,-0.0726159741186312,-0.7119699317467744,-0.04894617500224935,1.982691535651147,-0.2596483436033091,-0.07052824353006226,-0.7141144892229901,-0.044254989766980495,0.02984209800661769,0.17052630932395627,0.15129494828435758,0.014503351622222273,nan,nan,nan,-0.6986910984426563,-0.1300749240756005,1.0,0.26162704689483834,10.0,0.0,0.0,0.0,-0.7718714719106557,-0.9345872628928472
42.051,1.8501364750089817,-0.006690476675794001,-0.07554071517195743,-0.7113002191120721,-0.04861492348416731,1.9397860396789086,-0.26059595256300305,-0.06652703636504499,-0.7131445473483983,-0.02596750268877803,0.029351698285600004,0.1734125521620742,0.1532849364038841,0.014163416343670708,nan,nan,nan,-0.6987534300411352,-0.1302164840465707,1.0,0.2596483436033091,10.0,0.0,0.0,0.0,-0.7722325684195751,-0.936203313583646
42.1,1.8217632397495365,-0.004696709897225791,-0.07749885714996492,-0.7109268969501145,-0.049544701740619694,1.9113296288495047,-0.2586916025384604,-0.06841667314605537,-0.7125901639074195,-0.05778724884850899,0.029348351894945616,0.1753295617533509,0.1546120219402742,0.014360868830447824,nan,nan,nan,-0.6984286863807834,-0.13354306504077407,1.0,0.26059595256300305,10.0,0.0,0.0,0.0,-0.7535746141384133,-0.9548288737294653
42.150000000000006,1.7792351059589766,-0.0016177887907434297,-0.08053071083355953,-0.7104545650028854,-0.05065597817808768,1.8685311803889384,-0.2590007577142364,-0.06627389765449543,-0.7118905769463045,-0.052312496814510966,0.02896273505389016,0.17819131907998229,0.1565597023036847,0.014089602488753877,2.9378248445477997,0.7100108250126871,7.4869785238925335,-0.6984707668415425,-0.13452892145237705,1.0,0.2586916025384604,10.0,0.0,0.0,0.0,-0.7679491552438507,-0.9416973992819588
42.2,1.7367403892111428,0.001574168408982875,-0.08358624851557912,-0.7100599889911146,-0.0514547664212473,1.9461539927188363,-0.17069804809560007,-0.07014757972900165,-0.7009145171271847,-0.06605450989248514,0.028997834665273572,0.17073719679938315,0.1514405719125638,0.014384170349333326,nan,nan,nan,-0.6982134533028526,-0.13773431936852276,1.0,0.2590007577142364,10.0,0.0,0.0,0.0,-0.7572131317242111,-0.952100301829775
42.252,1.7084066029849743,0.003772534374835024,-0.0855354242567183,-0.7107978777940224,-0.045948356889964986,1.9180559395678238,-0.17093436868937473,-0.06820011015299876,-0.7027167476160423,-0.030976440668992203,0.028723321743410878,0.17265960654207077,0.15276150395645013,0.014023875434365788,nan,nan,nan,-0.6998796716922224,-0.08735273982591174,1.0,0.1716597531182658,10.0,0.0,0.0,0.0,-0.8562630444406903,-0.8983273264928456
42.301,1.6658556466318877,0.007178803707249805,-0.08797615245165684,-0.7118168105267558,-0.03754390830148587,1.889998218869365,-0.1690107999244199,-0.06953206724970418,-0.7041718408637292,-0.03713293706579316,0.028722306213471778,0.17457805993709738,0.15409243057855154,0.014222791528400662,nan,nan,nan,-0.6998502709431319,-0.08888374032482993,1.0,0.17093436868937473,10.0,0.0,0.0,0.0,-0.8438818144604384,-0.9038997109556063
42.35,1.6374668319448278,0.009517116044719274,-0.08936457139527806,-0.7122667001413087,-0.03308694628916483,1.8479225251707743,-0.1639803399312708,-0.07468781391177791,-0.7059810350240967,-0.03961594015210804,0.028972672781997073,0.17744485325334075,0.1560468619353612,0.013955930818260274,2.6267433241487304,-0.8026255826068728,nan,-0.6998647996367868,-0.08918656259977098,1.0,0.1690107999244199,10.0,0.0,0.0,0.0,-0.8455489202916255,-0.8977507601575603
42.400000000000006,1.6090670535573774,0.011905555356881833,-0.0905837145419134,-0.7125886027965573,-0.028806400495852015,1.9079498300860707,-0.2194320649291676,-0.07572637810391081,-0.6979625986757647,-0.030046377842802365,0.028954245333180462,0.16915539642942057,0.15032293523094165,0.014290717543860219,nan,nan,3.63718154006794,-0.6999331727517415,-0.08850584680781104,1.0,0.1639803399312708,10.0,0.0,0.0,0.0,-0.8525951920229504,-0.8854394223866926
42.451,1.566446384809141,0.015574472893277418,-0.09219384765144031,-0.7133781268276111,-0.027056299811428007,1.866383947914327,-0.21181163885292628,-0.08509708291598939,-0.700931558923248,-0.03703719851696192,0.029506401053767978,0.17204797418992004,0.15232668757315726,0.01411648760484528,nan,nan,nan,-0.6994737084392119,-0.11450625220305,1.0,0.2194320649291676,10.0,0.0,0.0,0.0,-0.8216342320449828,-0.9374074346064789
42.5,1.538004579368145,0.018071850591984195,-0.09328265510209383,-0.7139621565459542,-0.02690188952948559,1.8384311261331658,-0.2094182842971403,-0.08516373776347885,-0.7026606786020767,0.01348918039423425,0.029512955216535828,0.173972067740291,0.1536622287531578,0.014255839685791182,nan,nan,nan,-0.6997274347871401,-0.11300421990481269,1.0,0.21181163885292628,10.0,0.0,0.0,0.0,-0.8369790537124928,-0.914820459773602
42.550000000000004,1.4953158995424431,0.021890468671435147,-0.09488845053522599,-0.7145026696904827,-0.02742727697877743,1.7963389817604232,-0.20671417832372627,-0.0855007970908086,-0.7045339213164707,-0.04109716523586764,0.029396886641423522,0.17684794629684764,0.15562408899474858,0.013984067179677576,nan,nan,nan,-0.6997205231375742,-0.11342251447273455,1.0,0.2094182842971403,10.0,0.0,0.0,0.0,-0.813409069485961,-0.9330090856044169
42.603,1.4526134259388108,0.025790427404550977,-0.09653457274389292,-0.7147301218851154,-0.026847999086726908,1.7278008432753562,-0.08619321811937941,-0.08768761288489559,-0.7107475268086275,-0.024139307044129293,0.029440810781124944,0.1684908651541864,0.1498449649864959,0.014180688055366682,1.4374918715271128,1.1164644821937288,6.786024487642638,-0.6997042377704924,-0.11457130543105265,1.0,0.20671417832372627,10.0,0.0,0.0,0.0,-0.8308946907094794,-0.9095515303002213
42.651,1.424152026555251,0.028435929497205317,-0.09742654721505663,-0.7144402244082324,-0.018182434637886307,1.6853125645331422,-0.08243321309789188,-0.08944343684467171,-0.7109436266505448,-0.020670816104842837,0.029439724267628767,0.1713858444548064,0.1518778275447385,0.014610574796523286,nan,nan,nan,-0.6994988313691367,-0.049844763223863,1.0,0.08619321811937941,10.0,0.0,0.0,0.0,-0.9143709549888726,-0.8054755786325649
42.7,1.3957105335629214,0.031117641750640437,-0.0979027164532976,-0.7140295333921232,-0.008309842195039451,1.656890662484119,-0.08146762442962699,-0.08763864334272808,-0.7108516041656049,0.01731530416273767,0.029245322771830354,0.17331091405421822,0.15319724563156037,0.01417295308468926,nan,nan,nan,-0.6994240145757823,-0.04887376372924379,1.0,0.08243321309789188,10.0,0.0,0.0,0.0,-0.9164402055873906,-0.8017334548881718
42.75,1.3530828279107658,0.035191989845416036,-0.09800946214877426,-0.7134701296694896,0.0017994855992989438,1.614406294396052,-0.07772885648257286,-0.08778543139686379,-0.7107318280328679,0.006515868042755715,0.02924298419076942,0.17618740671063415,0.15518827680543434,0.014602808976407013,nan,nan,nan,-0.699481027886127,-0.04912941427325457,1.0,0.08146762442962699,10.0,0.0,0.0,0.0,-0.8983951897052149,-0.819873575067229
42.800000000000004,1.3104900646370017,0.03930583645771953,-0.0976535196403516,-0.7129807689632833,0.008785776335552319,1.586040657288492,-0.0759460698956892,-0.0869397957811686,-0.7106518309920032,-0.01684880658311809,0.029155773293184705,0.1780957723011111,0.15647943746262863,0.014165459267809006,1.797891752046629,-0.9017380430082633,2.6417766847048023,-0.6994491197252516,-0.048109870568792346,1.0,0.07772885648257286,10.0,0.0,0.0,0.0,-0.9044519824767058,-0.8133950680586598
42.85,1.2821118731163286,0.04206075832343006,-0.0971866022078515,-0.712679351712998,0.013376671214711583,1.5687520635208,-0.14623200878611065,-0.08639646050316284,-0.7076410094771973,0.008614940181420058,0.029131249594475314,0.17065973171522464,0.1513742993522243,0.014458332275161741,nan,nan,nan,-0.6994651958724367,-0.0478475152001554,1.0,0.0759460698956892,10.0,0.0,0.0,0.0,-0.9130133644894881,-0.8046236283061076
42.901,1.2395614160912116,0.046195228388753645,-0.09643258548568269,-0.7125154880758131,0.009699161292663655,1.5405725493600069,-0.1434075510625885,-0.08663103260467242,-0.7081643706239491,0.017443020515539323,0.029180126165349204,0.17258313048781698,0.15269848522738141,0.014088577906527101,nan,nan,nan,-0.6999849821074876,-0.09294691222410734,1.0,0.14623200878611065,10.0,0.0,0.0,0.0,-0.8404228340693529,-0.8893977967206854
42.951,1.211193333624382,0.04894512754826382,-0.09616123037380406,-0.7125237474411192,0.005090481342799055,1.49822704993424,-0.1397445009354881,-0.0861806783585637,-0.7088060461481693,-0.002946028482649002,0.029178563292375725,0.17545910811951193,0.15469533495021207,0.014520185785823033,nan,nan,nan,-0.6999865952092068,-0.09281969356677244,1.0,0.1434075510625885,10.0,0.0,0.0,0.0,-0.8364193431636618,-0.8914332844153775
43.001000000000005,1.1686423178039298,0.053060800819744076,-0.0960382235333764,-0.712454245312537,0.0002752521335718628,1.4700325765095357,-0.1365081119398337,-0.0869572785136814,-0.709105973930363,0.020205774801502468,0.02927785712861493,0.17736811367318067,0.15599097104329973,0.014078879721393822,2.7541656139768955,0.8381526408842511,nan,-0.6999888754237648,-0.092595060676679,1.0,0.1365081119398337,10.0,0.0,0.0,0.0,-0.8342251150265744,-0.8899212359523861
43.050000000000004,1.1402779129087823,0.055800167371768974,-0.09610186214216805,-0.7123749515689073,-0.0027442303560363964,1.5732293305537624,-0.047807663864415276,-0.08779201382069202,-0.6962261315575379,-0.008211486019309013,0.02931005392238776,0.1698809430991665,0.15084016713361653,0.014372685726703211,nan,nan,9.448005182402921,-0.6999888754237648,-0.092595060676679,1.0,0.1365081119398337,10.0,0.0,0.0,0.0,-0.8342251150265744,-0.8899212359523861
43.1,1.1119094453288492,0.05854078370320895,-0.09616314890466503,-0.7127402281007713,0.0008573698947021786,1.5453914547981726,-0.04638130875960854,-0.08572559340815068,-0.6984930499843066,0.022810621860708105,0.029182915105420166,0.17180469178686977,0.15216902901531057,0.014000058702488438,nan,nan,nan,-0.6988466233770824,-0.030378887025808154,1.0,0.047807663864415276,10.0,0.0,0.0,0.0,-0.9559583974755798,-0.7991938516031493
43.150000000000006,1.069312523657703,0.06266271949106533,-0.0956681694418107,-0.7135663651340799,0.012141879332558229,1.5035751692954566,-0.04279374217999921,-0.08581024470342458,-0.7013309220924233,-0.0055350027480061716,0.029178115172877737,0.1746846924054031,0.1541716490678444,0.01429734402243814,nan,nan,nan,-0.6989135540604747,-0.030003653765614757,1.0,0.04638130875960854,10.0,0.0,0.0,0.0,-0.9381289326656942,-0.8106984151578959
43.2,1.026681663366701,0.06678268139774333,-0.09464063824656796,-0.713935798077271,0.020775745825001087,1.4756105765253182,-0.04039288223265615,-0.08450283557332128,-0.7027163063986976,0.03885888780657434,0.02918281817179127,0.17659844365871255,0.1554939757768354,0.014493821711337547,nan,nan,nan,-0.6988488927563172,-0.028453644144301293,1.0,0.04279374217999921,10.0,0.0,0.0,0.0,-0.9476673942402503,-0.7920828282901271
43.25,0.998253667250966,0.06951995351617653,-0.09371969825711056,-0.7140007147751193,0.02405411878339086,1.3820483378348245,0.0310943725166061,-0.08536056831176443,-0.7100061614645158,0.023701852697225283,0.029438264074788008,0.16924536207207988,0.15039426040577986,0.014217092125439187,1.0129391361292346,0.6967659560370062,2.6750831936991477,-0.6988577280795546,-0.02736683944302598,1.0,0.04039288223265615,10.0,0.0,0.0,0.0,-0.9277200902746984,-0.8077410900934207
43.300000000000004,0.9698307227065623,0.07224297722775569,-0.09260327771019082,-0.713506203523802,0.03184092670675084,1.3537575118948908,0.03350902189294457,-0.0852570836779445,-0.7093680089439559,0.003624110921021325,0.029433875820625236,0.17117437188651904,0.15174810490124208,0.014414374004720775,nan,nan,nan,-0.6959324598308092,0.022494963932770062,1.0,-0.0310943725166061,10.0,0.0,0.0,0.0,-0.989184189063603,-0.7038423971296831
43.35,0.9272628366381255,0.07629415723578079,-0.09015019250850374,-0.7120967581790185,0.04712440294320205,1.311360519902177,0.037046219233298136,-0.0824187533311802,-0.708528350442406,0.03979552524198681,0.02943062497667531,0.17406033446189523,0.15373570663446012,0.014149951469873329,nan,nan,nan,-0.6957689125374098,0.024747549358534293,1.0,-0.03350902189294457,10.0,0.0,0.0,0.0,-1.0010515079183897,-0.6921001738573089
43.400000000000006,0.8847650481814352,0.08028129392648438,-0.0869258142269056,-0.710931641646719,0.057562164069946464,1.283117882088311,0.03935045936112318,-0.0796659485480542,-0.7080758394917449,0.04536179029279289,0.029429969482225014,0.17597738203429442,0.15506123920235593,0.01434792733812848,nan,nan,nan,-0.6957182866995083,0.028242705320264072,1.0,-0.037046219233298136,10.0,0.0,0.0,0.0,-0.9888890271832678,-0.7057977331475485
43.452000000000005,0.8564636865293263,0.08288879526846879,-0.08450422771716569,-0.7102759379860861,0.06216871459293175,1.1468331365838773,0.0032085014083454615,-0.07440054882260227,-0.7166961531566816,0.06158762273527563,0.029336476866398994,0.16855919643576464,0.14990728089850305,0.014089745329829385,0.4141404082079847,-0.4105603182222462,3.257305741017568,-0.6957443201757221,0.030658235131449274,1.0,-0.03935045936112318,10.0,0.0,0.0,0.0,-0.9871669996276288,-0.7084373007115817
43.5,0.8281852409003504,0.08544591506913439,-0.08198564835867099,-0.7095084260789161,0.0621860426052547,1.118258640399032,0.005316249117747666,-0.07149042263575911,-0.7151650712086959,0.06562617578474778,0.029337390124235477,0.1704876101033689,0.15126424269484268,0.014288366152517964,nan,nan,nan,-0.6979151864193462,0.0027976982307946763,1.0,-0.0032085014083454615,10.0,0.0,0.0,0.0,-0.9253409391461259,-0.7581977335918507
43.550000000000004,0.7858181111314196,0.0891713659942111,-0.07839647737964311,-0.7083884068583485,0.05816781622611903,1.0755088685872554,0.008506792263436973,-0.06817522231930884,-0.7132478248696873,0.0628073376048441,0.029359673575774823,0.17337297527490003,0.15325649175456846,0.014026889308936441,nan,nan,nan,-0.6979663608995869,0.0047540066989211205,1.0,-0.005316249117747666,10.0,0.0,0.0,0.0,-0.924716451132329,-0.7629030968804348
43.6,0.7434942536994117,0.09276028634910707,-0.07502197742396177,-0.7076134491198596,0.055024805626616144,1.0470535037755726,0.010426772044448402,-0.06617660363631606,-0.7122848091212202,0.0323431424034403,0.029355641431647678,0.17528973356212976,0.15458450475764643,0.014226158252835805,nan,nan,nan,-0.6979748735429924,0.007909386078300606,1.0,-0.008506792263436973,10.0,0.0,0.0,0.0,-0.9285076322027727,-0.7641578241341919
43.650000000000006,0.7152933257582,0.09507704773116857,-0.07283725714916224,-0.7072407140307007,0.05454821102862769,1.0045466358098687,0.014737739139402427,-0.06471302901166176,-0.7110677956553175,0.05541676035277162,0.029541296457951484,0.178151331473435,0.1565337168197494,0.013972534419801834,-0.03306700238981308,-0.44278302779254186,4.590456773702683,-0.6979722192122013,0.009957874518881749,1.0,-0.010426772044448402,10.0,0.0,0.0,0.0,-0.9422264822185349,-0.7525943639345141
43.702000000000005,0.6730067206646798,0.0984388896399363,-0.06958606442995846,-0.7068067516148698,0.0538395193837747,0.8595926172964842,-0.022489178412389545,-0.062271592845108525,-0.7212871996280884,0.06161664004592812,0.0295243637872181,0.16973986514940728,0.150741802183762,0.014170152198040076,nan,nan,nan,-0.6977955760938293,0.014669982826583272,1.0,-0.014737739139402427,10.0,0.0,0.0,0.0,-0.939160626319751,-0.7574479712276709
43.755,0.6487757335700782,0.09999261828984762,-0.06746666263629222,-0.5153935775793095,0.05197218455687428,0.819303413810833,-0.015895293445571536,-0.06556144553582,-0.468792665458605,0.018808371854559715,0.03003465591142133,0.17262060113294214,0.15273795049317698,0.013923567666123881,nan,nan,nan,0.9972989371600327,0.011244115317244868,0.0,-0.022489178412389545,0.0,0.0,10.0,0.0,4.00175932449377,4.161645321885274
43.801,0.6296214622850993,0.1015240578009523,-0.06399614715188423,-0.19048867365014469,0.05443943621293481,0.7976824232099098,-0.014485135503001628,-0.06251846044785614,-0.15256783448484798,0.07740622351943426,0.030035453038718227,0.17551622485651103,0.1547135470380772,0.01422360169546355,nan,nan,nan,0.997299435362374,0.007947479391191413,0.0,-0.015895293445571536,0.0,0.0,10.0,0.0,3.6421911388301624,3.837038490318004
43.85,0.6266834006831152,0.10199934908227769,-0.061594315104326725,-0.006418129537242927,0.05669141527437162,0.7936857049686725,-0.010750200270884686,-0.06576403350061177,0.030135651278276533,0.05639754162249178,0.03049277568113299,0.17748766423366014,0.15598886426163885,0.014010210189450544,0.9434749219915393,0.718687110237768,2.0207067939325825,0.9974428008107126,0.007407539072945685,0.0,-0.014815349127693143,0.0,0.0,10.0,0.0,3.3608422039219086,3.5398415269439454
43.901,0.6348941139936081,0.10189674568386475,-0.057972376346557296,0.23213407829507737,0.059129596228648384,0.8120540626023267,0.053512868267927984,-0.06333748691128971,0.18759192949061088,0.06132362563167274,0.03051555135747461,0.16931018790366112,0.15024726635293337,0.014149571533096277,nan,nan,nan,0.9974706824761645,0.005375048371076855,0.0,-0.010750200270884686,0.0,0.0,10.0,0.0,2.9678466204171583,3.126939800450103
43.95,0.6476524244656067,0.10134102199275116,-0.055674768256789346,0.3691093552927621,0.0551461884640714,0.8277280487139839,0.053171362936653636,-0.060514730459273025,0.3984773265136965,0.059125272569216396,0.030614552248020833,0.17250421873811125,0.15221319221211363,0.014044794901658119,nan,nan,nan,0.999330754458962,-0.026750051837793047,0.0,0.053512868267927984,0.0,0.0,10.0,0.0,2.8130049787221063,2.864868225503865
44.0,0.6758855709000324,0.09992419395703475,-0.052659564217223724,0.5378712281843394,0.047408960518531,0.844769046161315,0.05215075686893908,-0.058345463151921795,0.5097324664123659,0.03872307478403764,0.030612914674379748,0.1746910092352433,0.15351557300755983,0.014185556348080205,nan,nan,nan,0.9994242526266824,-0.026579420550337775,0.0,0.053171362936653636,0.0,0.0,10.0,0.0,2.5150036025789424,2.561008509416072
44.051,0.6997285242790058,0.098678058977952,-0.05088009558757048,0.6302227190486883,0.04348754117439023,0.8784019241806974,0.05121064120495286,-0.057916854756573606,0.6530660779572702,0.0305090084594078,0.030799219940021622,0.17801236709079976,0.15543541658947446,0.013923212736590586,nan,nan,nan,0.999479175383682,-0.026069471073860165,0.0,0.05215075686893908,0.0,0.0,10.0,0.0,2.3547509089283114,2.4124223804217433
44.1,0.7268868698847006,0.09725632475342476,-0.049227069193886544,0.7067195293932398,0.04052696840963799,0.7990682610243476,0.08336393134034492,-0.056364099994191896,0.7098836539438315,0.012802738140487756,0.030802075839389664,0.16973498868584766,0.14964622890926899,0.01412222153175019,-0.03345626257151879,0.41143699224622715,3.5028320250323715,0.9994778470708091,-0.02559972690978732,0.0,0.05121064120495286,0.0,0.0,10.0,0.0,2.1448965581505295,2.209585861288307
44.150000000000006,0.7725783315489596,0.09488858204272684,-0.0469603801218851,0.7990510995962016,0.03541612572387784,0.843494779778463,0.0808787601265198,-0.05486554539990874,0.8017921529646168,0.024923065764881184,0.03080400963330006,0.1730501038622381,0.15162486546843137,0.01441932560076207,nan,nan,nan,0.9998918650776717,-0.041657851577636885,0.0,0.08336393134034492,0.0,0.0,10.0,0.0,2.08783649030166,2.1140052338880455
44.2,0.8057583687504549,0.09320633417635991,-0.04563408319395557,0.847366081000003,0.03163514415508476,0.8760426383461081,0.07964924575362448,-0.05492792782864253,0.8484788941339276,0.018594754442550685,0.030969235219487516,0.1752304882287171,0.15292651698456597,0.014055235617788996,nan,nan,nan,0.9998956267499811,-0.040417357575920125,0.0,0.0808787601265198,0.0,0.0,10.0,0.0,1.9601043555044546,1.975947137091866
44.25,0.8586002218491439,0.09059526286784468,-0.04389162169611072,0.9037592375308364,0.027248002247543857,0.9280324385750004,0.07681974880556178,-0.05311616011152687,0.9041595058676832,0.03018938496029487,0.03097133814264378,0.17843159752696566,0.15486647075359183,0.014488708659407972,nan,nan,nan,0.9998856293666232,-0.039803588930674094,0.0,0.07964924575362448,0.0,0.0,10.0,0.0,1.8901982519503486,1.9132833792065436
44.301,0.91427509358307,0.08793831740460124,-0.042370431990701896,0.9447530912058599,0.023671191137707444,0.964395957787166,0.0744954193745535,-0.0497820003650733,0.931922191972706,0.056255482444613585,0.03077751847281527,0.18050997297943538,0.1561463246545864,0.014066140657450392,1.180293749350513,0.47052209391271604,0.7377787754394222,0.9998915868208075,-0.03839100217335147,0.0,0.07681974880556178,0.0,0.0,10.0,0.0,1.814257462720153,1.8270165942621548
44.351000000000006,0.9525616567049229,0.08616351691022023,-0.04149264056791344,0.9655855116529224,0.02048709489037181,1.0452652053547538,0.1064721969881295,-0.04918944386516832,0.9669169735149863,0.015479495787077673,0.03077391829869453,0.17283799920671594,0.15103998358507392,0.014363524533489038,nan,nan,nan,0.9999212309319344,-0.037230498289094034,0.0,0.0744954193745535,0.0,0.0,10.0,0.0,1.7880561457088975,1.773566946697616
44.404,1.011303735515088,0.08351698819965588,-0.04043782760499107,0.988997680702059,0.015167177408837624,1.1036451363374846,0.10349346114345749,-0.043917294786277594,0.9896465505343625,0.009821812639913035,0.03035348799292817,0.17579822259377992,0.1530131444273022,0.014185160643403933,nan,nan,nan,0.9999697448425521,-0.05213321354415305,0.0,0.10436099082714793,0.0,0.0,10.0,0.0,1.7184820307153374,1.6941309224354157
44.45,1.0511268820235413,0.0817701122177065,-0.039899256036038465,1.0007025032784507,0.012346121526433511,1.1433139529460343,0.10176648269648349,-0.04378644397207942,1.001313667407823,-0.02895162184627894,0.030348893239230835,0.1777170254340214,0.1543170651687802,0.014382687716952782,nan,nan,nan,0.9999697448425521,-0.05213321354415305,0.0,0.10436099082714793,0.0,0.0,10.0,0.0,1.7184820307153374,1.6941309224354157
44.5,1.0913628063343348,0.08004027919589246,-0.03945288524540792,1.0100590723404042,0.010527606097232444,1.1834081307049367,0.10020786626557325,-0.04011468345259362,1.0101028156481697,0.012816566465485724,0.03010730390170086,0.17959288615882885,0.15561173313872254,0.014161319746712963,nan,nan,nan,0.9999751280409296,-0.05083939543561922,0.0,0.10176648269648349,0.0,0.0,10.0,0.0,1.680831077215163,1.6755059184494747
44.550000000000004,1.1522955940245352,0.07747915802637557,-0.03891013396435298,1.0204902464609997,0.0071572960353522164,1.248838863293522,0.14104045550069247,-0.03804458211278661,1.0207770090474462,0.020988199108251074,0.030104715423994153,0.17163125870924262,0.15048150403761507,0.014398575016495472,1.250983521281731,0.5861594158141692,0.8716811495423792,0.9999505251670371,-0.05006206913207657,0.0,0.10020786626557325,0.0,0.0,10.0,0.0,1.6883938015032072,1.6408713155834829
44.601000000000006,1.2137420524381628,0.07495318676499836,-0.03873470018705913,1.0276979489086497,-0.0011899891321962223,1.2896958597624462,0.14069351990631357,-0.030634567348521102,1.0254903992535318,-0.012789400953271085,0.029452054663249405,0.17344475919637448,0.1518122096236905,0.01402305828309089,nan,nan,nan,0.9994764902730322,-0.07040367389292893,0.0,0.14104045550069247,0.0,0.0,10.0,0.0,1.695777268334574,1.5853836368868677
44.650000000000006,1.254903207492449,0.07328368920368107,-0.03892730886003994,1.0310845050775548,-0.006927618880280923,1.3513107659706194,0.1388024897609844,-0.03132807973202656,1.0308847182078458,-0.03008100122738443,0.029450985864605643,0.17610801672503826,0.15379147891658151,0.01432043795019281,nan,nan,nan,0.9992161612117476,-0.0702310624005559,0.0,0.14069351990631357,0.0,0.0,10.0,0.0,1.695777268334574,1.5790726723638777
44.701,1.3168570503417887,0.07079160961734637,-0.03957019244926249,1.0348344158631115,-0.01303185837034146,1.3925520384693753,0.13750461684840354,-0.03229545152860469,1.03342735322152,-0.03429867129432963,0.02945074432898673,0.177847265993577,0.1550997811536141,0.01451697986820685,1.009071388111672,0.7393745176762518,nan,0.9992795274697883,-0.06929014132729461,0.0,0.1388024897609844,0.0,0.0,10.0,0.0,1.6779705498574158,1.5796229138603586
44.75,1.3582645442170869,0.06913131907327104,-0.04016561383319461,1.0366641489178452,-0.015921037838563776,1.4077538805644434,0.18983066818012093,-0.03171557413065828,1.0330172445409456,-0.00779070619713686,0.029312745141883544,0.17001613257884865,0.15005148739009067,0.014239525549611819,nan,nan,1.8983003285099478,0.9993394538255304,-0.06864428665409021,0.0,0.13750461684840354,0.0,0.0,10.0,0.0,1.6696188589597305,1.5791215500743216
44.800000000000004,1.3997365603276626,0.06746491523447685,-0.040909290909426715,1.0381346112508596,-0.021258746060661464,1.4490719871707463,0.18851707103713589,-0.03175369756403912,1.0347852877606194,-0.003668064175018351,0.029314589390736362,0.17173411615136655,0.1513954135956119,0.014436853640771448,nan,nan,nan,0.9980214247575466,-0.09463183668529174,0.0,0.18983066818012093,0.0,0.0,10.0,0.0,1.714859397148186,1.5228242712720323
44.85,1.462027277039259,0.06493696162435576,-0.04257307008240804,1.03956657281717,-0.03205602817423161,1.5111515856985833,0.1856819378517123,-0.0361832515434557,1.0368482565282124,-0.020185054015506278,0.029494138543368874,0.17427606940582066,0.15338680006330432,0.01416995129683528,nan,nan,nan,0.9980645146635801,-0.09398086220212117,0.0,0.18851707103713589,0.0,0.0,10.0,0.0,1.712388049716091,1.5184998323255168
44.900000000000006,1.5035921634508012,0.06322325091091205,-0.04399106146008531,1.0402150279411724,-0.037076878505919265,1.5526078651280033,0.18416715734178846,-0.037586721001169554,1.0378169504561254,-0.036646908659815826,0.029492675482419295,0.17594798231805533,0.1547062433709109,0.014367975645350103,nan,nan,nan,0.9984103731802718,-0.09257559411908789,0.0,0.1856819378517123,0.0,0.0,10.0,0.0,1.6946377970407163,1.5309037142841255
44.951,1.5659753745821916,0.0605927553999777,-0.04639319824713426,1.0408747718826752,-0.04169202462299322,1.5209458654944323,0.13553262496731114,-0.038322383646984814,1.0328629066361696,-0.03466725112314512,0.029355959766470607,0.16819753321975284,0.14960591650196514,0.01424674674942205,0.7502907279899191,-0.36009998376679614,3.6107459084755233,0.9995695989966875,-0.067662863569002,0.0,0.13553262496731114,0.0,0.0,10.0,0.0,1.6574830832523746,1.5856545623120766
45.0,1.607586659833713,0.05878863054877619,-0.048069292634423,1.0415461053675468,-0.041308814524324625,1.5622489340831616,0.13392311850156458,-0.04042142418340911,1.0347877815170348,-0.04518365018257364,0.029354048080824733,0.1698715608440041,0.15096040144280592,0.014520272465630235,nan,nan,nan,0.9995695989966875,-0.067662863569002,0.0,0.13553262496731114,0.0,0.0,10.0,0.0,1.6574830832523746,1.5856545623120766
45.052,1.6700550786579547,0.0559945500391603,-0.050452568294766645,1.0425118341139055,-0.038430169534645384,1.624281072473485,0.12968418306957402,-0.0457890471206186,1.0370466267529574,-0.0397076224028102,0.029642219681238598,0.17236150438184147,0.15296215231944876,0.014178396620533868,nan,nan,nan,0.999650475060353,-0.06686174577092314,0.0,0.13392311850156458,0.0,0.0,10.0,0.0,1.6330444783585385,1.5906368540242726
45.101000000000006,1.7325587845661532,0.0530841140419063,-0.052637794560279116,1.042998503638649,-0.034870706324646464,1.6657290544437602,0.12776206617498428,-0.04715817084872186,1.0380758261612033,-0.017158500856101728,0.029644532557920086,0.1740067731083612,0.15429135625929163,0.014375753668027812,nan,nan,nan,0.9998202191398164,-0.06475144397868884,0.0,0.12968418306957402,0.0,0.0,10.0,0.0,1.6330444783585385,1.595928476449358
45.151,1.7742352117948275,0.05107602800705986,-0.0539900255557445,1.043132703765801,-0.0332829610750869,1.7279631359621346,0.12461611919144991,-0.04855032918602076,1.0392583290126876,-0.046616865961076226,0.029671000526164493,0.17645192462540682,0.15625286560995733,0.014102680290553787,1.6580392817104632,0.1466916729604403,0.019152338864978302,0.9998616219585128,-0.0637943502790307,0.0,0.12776206617498428,0.0,0.0,10.0,0.0,1.6363244256174057,1.587981416959839
45.2,1.8159114206582254,0.04901316629973748,-0.0552726698400421,1.0431431772840198,-0.03102940000023201,1.7616981232548306,0.12463565950938212,-0.04919267925422188,1.039298996010382,-0.007695731691356408,0.029674807687174554,0.16805157633607454,0.15050269608273786,0.014299354489245967,nan,nan,nan,0.9999064673959767,-0.062227614159120904,0.0,0.12461611919144991,0.0,0.0,10.0,0.0,1.6175929448465454,1.6015565387948534
45.25,1.8784173819802275,0.045817887444442186,-0.05703149213923896,1.043055343652863,-0.02869884290808199,1.823808977819611,0.11662041938854008,-0.05895450595249008,1.039960201523206,-0.009195415457249997,0.030370038872156713,0.1705249551191974,0.15251369368655623,0.014036001354682252,nan,nan,nan,0.9999149195343301,-0.062237346528240964,0.0,0.12463565950938212,0.0,0.0,10.0,0.0,1.6312658999774898,1.5858599929345254
45.300000000000004,1.920080190249091,0.04362153017047369,-0.05813833522199808,1.0429378350493852,-0.02663067807409338,1.865337357200669,0.11416045406557215,-0.06014079959045703,1.040232030134913,-0.029894803456394156,0.030367021323289115,0.17216312749990229,0.1538518106336464,0.014234849154537892,nan,nan,nan,0.9999997477737328,-0.058244257717261265,0.0,0.11662041938854008,0.0,0.0,10.0,0.0,1.6083785880721004,1.605444277051947
45.351000000000006,1.9825575279173862,0.040234018591771566,-0.059567685084891187,1.0426714344384875,-0.021414112528065594,1.9277747172583881,0.11356693723272357,-0.056469465130187135,1.0404930115824809,-0.028222232154870013,0.029956151219768374,0.1746026194394288,0.1558212950737981,0.013966540695508654,2.0081299262068177,0.2207443124308752,0.06497793207931682,0.9999899519876618,-0.05639543559935903,0.0,0.11291059857556576,0.0,0.0,10.0,0.0,1.591404725020279,1.619138837186376
45.401,2.045011278105089,0.03674269024520391,-0.060691140954531604,1.0423620669993874,-0.017213122182079706,1.9779629632219913,0.1206014245050338,-0.05696405623651657,1.0410195467548853,0.0033364541992191967,0.029955319880348594,0.16649794466709097,0.15013522064735713,0.014161348797603052,nan,nan,nan,0.9999999679724411,-0.056722556256475584,0.0,0.11356693723272357,0.0,0.0,10.0,0.0,1.5993719490171603,1.6088113709866707
45.45,2.086631936791856,0.03436169413636516,-0.06136151904726852,1.04209041629507,-0.016705759160424043,2.040281560215357,0.11613746515226353,-0.05906171492507051,1.040917097739097,-0.016918905516422052,0.030067284066677535,0.16897401043060087,0.15215287364328717,0.013973379828986977,nan,nan,nan,0.9999946740475644,-0.06022778329718045,0.0,0.1206014245050338,0.0,0.0,10.0,0.0,1.6146910958482306,1.5898190236607375
45.503,2.1490379362940226,0.030717529810417053,-0.062309635567148025,1.041680554010404,-0.01474178258584458,2.0818434767689156,0.11366495825521575,-0.05924770067241659,1.0407884643027379,0.016553639242014206,0.030071144346628133,0.1706157465643318,0.15349779124732843,0.014172584994452826,nan,nan,nan,0.9999994401916786,-0.05800359548609325,0.0,0.11613746515226353,0.0,0.0,10.0,0.0,1.5992506882487192,1.6035590245270523
45.550000000000004,2.1906255917018203,0.028244134255979603,-0.06288021060000815,1.0414055984349235,-0.014141561071954361,2.1440253986910687,0.10668906789014723,-0.06443094922975545,1.0405839398422279,-0.011305088744163333,0.030448905220813862,0.17306260194866052,0.1554729625017316,0.013911758233743812,nan,nan,nan,0.9999969339916217,-0.0567714091124185,0.0,0.11366495825521575,0.0,0.0,10.0,0.0,1.6096632036183824,1.5914727833686286
45.6,2.252982925867652,0.02447479358870678,-0.06363450896720142,1.040996198090736,-0.010814179401926508,2.197938154260004,0.06170547490785794,-0.06458487118669831,1.041304275739225,0.000908966824976724,0.0304698931847102,0.1650563708161573,0.14972359899659013,0.01410915302147007,2.2747140536336508,-0.36943294406552096,0.8642326954397832,0.9999379850490581,-0.05329402039562697,0.0,0.10668906789014723,0.0,0.0,10.0,0.0,1.5845279177556806,1.6147177610056007
45.650000000000006,2.2945354980654704,0.021928602055815635,-0.06393972305699516,1.040580730125941,-0.005492568163087736,2.260276134342999,0.05767823334955101,-0.06473797679150817,1.040706528984962,-0.007600201376197236,0.030468100088981823,0.1675394939473389,0.1517730130704005,0.01440633195592722,nan,nan,nan,0.9994307955044595,-0.030842953556010366,0.0,0.06170547490785794,0.0,0.0,10.0,0.0,1.5511815683184882,1.639752552679082
45.7,2.336069887257497,0.019360539603692935,-0.06402248932459563,1.040175548230604,3.129046930267419e-05,2.301627755421694,0.05129848812668099,-0.06990213085429753,1.0402848363423844,-0.009798957070152159,0.030879263530893823,0.16918692555109063,0.15309937867084958,0.014043760621002838,nan,nan,nan,0.9993554182764322,-0.028831125549080558,0.0,0.05767823334955101,0.0,0.0,10.0,0.0,1.5439123913076098,1.6461445795767855
45.751000000000005,2.398339131372304,0.015478193275414115,-0.06372817033593006,1.0395575399968437,0.008636073066779468,2.3638791971566055,0.046921447735609446,-0.06944785225606641,1.0396655850476608,0.037824524096991934,0.03088366053226562,0.17164389394849705,0.15510899208159148,0.014341928935996838,nan,nan,nan,0.9990207520395916,-0.025643621542510715,0.0,0.05129848812668099,0.0,0.0,10.0,0.0,1.5285469247293342,1.6580356768548692
45.801,2.460571564203152,0.011576871984309511,-0.06297003683846558,1.0390032838126733,0.014789920510246978,2.4055629749509553,0.047852089529684186,-0.06422854612556206,1.039271701446586,0.012763803674488334,0.030484439007357665,0.173271331655314,0.15640594497120408,0.013987207387739283,2.952949543967247,0.29054182568419457,1.2857103613420977,0.9991877802163807,-0.02392148079942539,0.0,0.047852089529684186,0.0,0.0,10.0,0.0,1.5432350452043255,1.643682241743177
45.85,2.5020431054504235,0.00897499296651391,-0.06230038458951313,1.0387067289791496,0.017891928308925394,2.526431037628758,0.06493688132278583,-0.06241562420035106,1.0418330197917534,0.035629309367851865,0.030474565233685066,0.16621044449349395,0.15133081382486788,0.01428331634295492,nan,nan,nan,0.9991877802163807,-0.02392148079942539,0.0,0.047852089529684186,0.0,0.0,10.0,0.0,1.5643086741284469,1.6157176131930977
45.901,2.564226272709482,0.0050852097126021295,-0.06116426697317401,1.0381493046216483,0.019008098855079016,2.5676094196355814,0.054885215300005584,-0.07154494004309787,1.0410131758960999,0.019829153844373035,0.0312612285004632,0.16786455993073907,0.15266051875439626,0.013935700730866016,nan,nan,nan,0.9995512751334309,-0.03245703846649713,0.0,0.06493688132278583,0.0,0.0,10.0,0.0,1.5643086741284469,1.6157176131930977
45.952000000000005,2.6056621245783442,0.002508679942750036,-0.06034492021492616,1.037717682495951,0.02168544091689293,2.62988551946075,0.05041732039205156,-0.07206537301074878,1.0398396473613152,-0.006061111692525577,0.031256771258901285,0.17033258213718913,0.1546787160249632,0.014235574915528527,nan,nan,nan,0.9989021750347485,-0.025203322393645887,0.0,0.05041732039205156,0.0,0.0,10.0,0.0,1.5201440315997665,1.6565254148512483
46.001000000000005,2.6677882373919823,-0.001316935091041454,-0.05884733184007568,1.0371581584397407,0.027584769432735246,2.6714103366402067,0.04822930506387597,-0.0705213460702865,1.0391944307737826,0.01874341782020225,0.03117924672063803,0.17196773017406977,0.15597874648591376,0.014033809420867887,nan,nan,nan,0.9989021750347485,-0.025203322393645887,0.0,0.05041732039205156,0.0,0.0,10.0,0.0,1.5201440315997665,1.6565254148512483
46.052,2.7091908881674813,-0.0038343786438287,-0.05766803531729449,1.0368471510481616,0.030427061231049473,2.7337117771145993,-0.01538774290946894,-0.06948429844587967,1.038605028285331,0.011641329593304273,0.031208603313707037,0.1651215502632648,0.15096696810907606,0.01434693662655461,2.666136275171264,-0.6198890264960578,1.62727842650999,0.9989231858510548,-0.024109979806344137,0.0,0.04822930506387597,0.0,0.0,10.0,0.0,1.5305548544357914,1.6462046746802486
46.1,2.771266084071147,-0.007546035176183095,-0.055575120081127506,1.036031866057963,0.03934070771122925,2.77496164512749,-0.021438070553268528,-0.07192427444677564,1.0377326135211808,0.04999986709207981,0.03153911279316027,0.16678431004090966,0.1522990915186679,0.013975126329194223,nan,nan,nan,0.997023254770534,0.007693719645531953,0.0,-0.01538774290946894,0.0,0.0,10.0,0.0,1.4734306878695458,1.6878339143588428
46.151,2.812622677968704,-0.009967463968515416,-0.05384830127519807,1.0354373740299234,0.04524385546131547,2.8370435366727196,-0.025873672717177783,-0.0696372291098668,1.036557834978396,0.05963106211420681,0.03153901537042973,0.16926582836106308,0.1543239579313368,0.014355311257989422,nan,nan,nan,0.9965870187798608,0.010718624774038532,0.0,-0.021438070553268528,0.0,0.0,10.0,0.0,1.478701392422495,1.6796388612931876
46.2,2.8746217995629175,-0.013504998162850263,-0.05088642547456436,1.0346757834225966,0.051991743757159314,2.8784003139496264,-0.02873532560172742,-0.06747083354833183,1.0359163737420334,0.05566783263912991,0.03153827163133982,0.17091039890407336,0.1556621647672996,0.014684827509655995,nan,nan,nan,0.9965927580871952,0.012936114720592928,0.0,-0.025873672717177783,0.0,0.0,10.0,0.0,1.4830312957756033,1.6768808758958358
46.25,2.9159364012190143,-0.01579020093334864,-0.04871188106825669,1.0342652334809663,0.05573729043162753,2.8676653969233667,-0.08828081609931238,-0.0644168610046778,1.0311518696480981,0.04774037905751516,0.031560222038779576,0.16409121588009917,0.1505506969338389,0.014333725768027945,2.2054361186097413,-0.6615781088836832,3.1783122338958445,0.9966531796914012,0.01436667428569106,0.0,-0.02873532560172742,0.0,0.0,10.0,0.0,1.4823624607698855,1.6779934915592096
46.300000000000004,2.957235026205769,-0.018007452665334808,-0.04635300735150211,1.0336911242234996,0.06176089121343829,2.908826792443505,-0.09090123924574936,-0.061954029413434863,1.031022585545332,0.04778630541843587,0.03155918824793109,0.16576205085192547,0.15191988127659192,0.014529725480381148,nan,nan,nan,0.9941165459161491,0.044111774150956094,0.0,-0.08828081609931238,0.0,0.0,10.0,0.0,1.4347098969514192,1.7178415589224247
46.35,3.0191517354343405,-0.02118762504078377,-0.042271550528223706,1.0329779617637806,0.07211060791373325,2.9709703292177183,-0.0880370733812686,-0.05054739440521149,1.0308480486758458,0.0712508594850234,0.030940941858012116,0.16825716853036146,0.15391547957230528,0.014386622779840074,nan,nan,nan,0.9942410136009363,0.04541936168370688,0.0,-0.09090123924574936,0.0,0.0,10.0,0.0,1.4684023030829128,1.7163979977328794
46.401,3.0810482176980742,-0.024172080453965065,-0.03774408651348917,1.0326522135699552,0.07692077027214173,3.012153535791001,-0.09010763281488135,-0.048237380180413236,1.0309743574177006,0.07410661921522255,0.030940831105814127,0.16991159515013762,0.15525690578637458,0.01452551601150887,nan,nan,nan,0.9955346545578015,0.04399013912891735,0.0,-0.0880370733812686,0.0,0.0,10.0,0.0,1.4684023030829128,1.6927713850937085
46.451,3.122309811631193,-0.026040843654876997,-0.034621280710440475,1.0324729910817256,0.07871081223986098,3.1341166094520956,-0.050145431272222415,-0.04219138890916607,1.0346993891064402,0.08252970658135951,0.030878139099279875,0.1631115904833903,0.15008640171720483,0.0142425053330963,3.628048322957688,0.389417779774563,2.026993292807303,0.9956543673694062,0.045023369371923784,0.0,-0.09010763281488135,0.0,0.0,10.0,0.0,1.470398812795389,1.6895855425721735
46.5,3.163570027326041,-0.027805381826700892,-0.0314687958879665,1.0323530816336537,0.07796606601710811,3.1754657601992258,-0.05186006444034741,-0.03823317797098814,1.0343907071219232,0.10499902140188859,0.030882576554877555,0.16479017604386348,0.15145948314863197,0.014436293180490861,nan,nan,nan,0.9977389759249934,0.025067463703993906,0.0,-0.050145431272222415,0.0,0.0,10.0,0.0,1.5142477029541548,1.6493628605466302
46.553000000000004,3.2254641933332775,-0.030248824931571532,-0.026959250573213862,1.0322788548497779,0.07291008277196004,3.237272115993381,-0.05780563370204517,-0.03741328240442022,1.034018952587558,0.07325180164021158,0.03122196406692654,0.16729684508868167,0.15346009176497405,0.014229278125969077,nan,nan,nan,0.9979426198021479,0.02592422306790549,0.0,-0.05186006444034741,0.0,0.0,10.0,0.0,1.5279323361243817,1.6364092611480234
46.601000000000006,3.287363609093008,-0.03243874985431162,-0.022704301760469833,1.032187482379269,0.07016738145863496,3.2992659753925624,-0.06002223420366528,-0.03193385803186777,1.0336589872732276,0.08161756510659135,0.031224493822061317,0.16978690200660604,0.15547441071568782,0.014523500401748289,nan,nan,nan,0.9978024262762943,0.028894772673345462,0.0,-0.05780563370204517,0.0,0.0,10.0,0.0,1.5107679679433583,1.6517577114437358
46.650000000000006,3.3286319761703096,-0.033755815132581315,-0.019957253829287626,1.032144781328912,0.06757551445500556,3.3405891416278175,-0.06133708098309625,-0.02907399770496344,1.0334702517156527,0.08890313516244801,0.03122717943217153,0.1714360818569269,0.15676243638906404,0.014145778874457199,3.081311187494071,-0.03499506416565039,0.24309141284904237,0.9979979261397894,0.029656733029211027,0.0,-0.05933086134067987,0.0,0.0,10.0,0.0,1.5307866885985442,1.632257175762691
46.701,3.3905380801759035,-0.03551863757794894,-0.016021165305549007,1.0321041650541096,0.06443183710259699,3.354540212745628,-0.05992277000791282,-0.026956847771455905,1.0317208178429909,0.05892009641770899,0.03122281023216125,0.16385133119643197,0.1509592697562695,0.014339086193326321,nan,nan,nan,0.998216519017252,0.03065893071966744,0.0,-0.06133708098309625,0.0,0.0,10.0,0.0,1.5269781908999254,1.6369517058813567
46.751000000000005,3.4318133207155417,-0.03655304175893617,-0.013468891700254051,1.0321754918496797,0.06356412614635823,3.4162154330043193,-0.06566002431776609,-0.028293360728528064,1.031964559532275,0.050121464067909294,0.03160029302088316,0.16636650520935103,0.15296555326943986,0.014070203734079344,nan,nan,nan,0.9981332681188121,0.032818224945401125,0.0,-0.06566002431776609,0.0,0.0,10.0,0.0,1.5090539957405165,1.6553690279253122
46.803000000000004,3.49373514740414,-0.03789540913361969,-0.009653211646840913,1.0322000553358424,0.06389306330278754,3.4574786953322385,-0.06680789245844976,-0.0261881795364598,1.0320287575847833,0.05465327351860802,0.03160094801700268,0.16803484827966245,0.15431468395454428,0.014268365040409084,nan,nan,nan,0.9981332681188121,0.032818224945401125,0.0,-0.06566002431776609,0.0,0.0,10.0,0.0,1.5090539957405165,1.6553690279253122
46.85,3.5350179014079672,-0.038652472006343704,-0.007094177749453517,1.0321621638024725,0.06396769032641839,3.5193612182538714,-0.06879532486616577,-0.023206545501939235,1.0320811668923269,0.054399555413801745,0.031639843378114825,0.1705220302965421,0.15627724635890775,0.013995352508332984,3.9765958399334984,0.4335872112222928,1.6703368834796444,0.9982256540573559,0.03339153023649131,0.0,-0.06680789245844976,0.0,0.0,10.0,0.0,1.5122944675262338,1.6509842215452648
46.901,3.596941796157188,-0.03958391944743619,-0.003266388667716659,1.0320841531336713,0.06360200783240874,3.607982476762587,-0.02537691477224057,-0.02070057464238451,1.0347809814675788,0.04040305294707234,0.03161241654339488,0.16308390233850184,0.15054146042247482,0.014190212398446917,nan,nan,nan,0.9983421167500306,0.03438410562735166,0.0,-0.06879532486616577,0.0,0.0,10.0,0.0,1.5144319758233276,1.6479334349065162
46.95,3.6382231798587297,-0.040070674196617334,-0.0007785205218621622,1.0320167398393874,0.06086292011487056,3.6701640523202372,-0.023984067347661012,-0.013806561508372893,1.034245639207438,0.053082951407521985,0.031377400104624614,0.16560907658015234,0.15255286712949698,0.013927109462001267,nan,nan,nan,0.9994426607822727,0.01268777651757306,0.0,-0.02537691477224057,0.0,0.0,10.0,0.0,1.544436441333927,1.616862085994099
47.002,3.7001435048552995,-0.04060553392085559,0.00264877785743735,1.0319715679302786,0.05425462898601409,3.7115273944462523,-0.024534409500099597,-0.01142300773279814,1.0339794535187838,0.059211336288860196,0.031379280763963256,0.16728390267921864,0.15390529346315507,0.014126788620411059,nan,nan,nan,0.9996672495277337,0.011991458869816432,0.0,-0.023984067347661012,0.0,0.0,10.0,0.0,1.5616016155148038,1.6013703292650934
47.050000000000004,3.7414234693523984,-0.04083570341571183,0.004707933795484366,1.031948497323863,0.0498226954161282,3.7734834704593676,-0.026927079760266343,-0.010746866681879297,1.0336307249134031,0.03800528603778737,0.031528966225593154,0.1697805160176197,0.15587266878488723,0.013871714233617652,nan,nan,nan,0.9997194146146451,0.01226658946497942,0.0,-0.024534409500099597,0.0,0.0,10.0,0.0,1.566848562165273,1.5956261944412342
47.1,3.7827026633075547,-0.04096873132647882,0.0066111611053304665,1.031918044852206,0.046504345711912934,3.8594526410741112,-0.018833954053812888,-0.008527298018010221,1.0362305815700803,0.05987947038668788,0.03152671137842549,0.16231308296864128,0.15007730726530463,0.014067729431525192,4.222209193652433,0.07181083663438083,0.6924108763451043,0.9997069621126833,0.013462726470524789,0.0,-0.026927079760266343,0.0,0.0,10.0,0.0,1.5570902961403927,1.604634852412616
47.150000000000006,3.844614969271246,-0.040995010103366536,0.009237113966445316,1.0316926621159506,0.04129882127222457,3.9216058765438553,-0.01929381043394008,-0.0062507606406856375,1.035212506392853,0.015877129189349685,0.031522314315274864,0.16484397420763516,0.15213525006348386,0.014365540066204207,nan,nan,nan,0.9998390108110662,0.00941669867758229,0.0,-0.018833954053812888,0.0,0.0,10.0,0.0,1.5708672051675483,1.5822950645571725
47.2,3.885879419981147,-0.04090455329736091,0.010811796740941399,1.0315055537702789,0.038566926451539564,3.9630402404157676,-0.01865438099666259,-0.004551298624175803,1.0346144656048781,0.03164504849595507,0.031444605536701475,0.16652285283912163,0.1534506757814348,0.014007959714841416,nan,nan,nan,0.9998736395285508,0.009646605977738532,0.0,-0.01929381043394008,0.0,0.0,10.0,0.0,1.557038872984895,1.5976876887670692
47.25,3.947764225750416,-0.040617290458263865,0.013014006837982256,1.0313051604343333,0.03511410533485167,4.025100776217714,-0.018894560180662177,-0.001894287908737802,1.033866561916506,0.053051388972288276,0.031448396093270575,0.16902612897161276,0.15546689415363438,0.01430670212843726,nan,nan,nan,0.9999036990691106,0.009326920034860171,0.0,-0.01865438099666259,0.0,0.0,10.0,0.0,1.5664548950410324,1.5885707136863474
47.301,4.009637367036154,-0.04016296588533135,0.014958569590550296,1.0311561325231682,0.030225668700449782,4.066390106626784,-0.020814884173514545,-0.002103067525145441,1.0334700313000782,0.06125470866107181,0.031606407529530714,0.17068367613763546,0.1567527627306856,0.0139562725560813,3.8247535249324978,-1.0729360875794038,4.2420339544941505,0.9999356882944571,0.00944699904533091,0.0,-0.018894560180662177,0.0,0.0,10.0,0.0,1.579167657809765,1.576661021828653
47.351000000000006,4.05086894913781,-0.03977250070402191,0.0162320227434829,1.0306831669414895,0.03381313833963542,4.103730036939904,-0.11494605328361826,-0.0012496343656622775,1.0314231139674521,0.024294348667572456,0.03165475208201187,0.16406578266156224,0.1516378343436919,0.014251437947990903,nan,nan,nan,0.9982432329216756,0.057374325993346194,0.0,-0.1148747283762145,0.0,0.0,10.0,0.0,1.4977986821629847,1.6490958809503078
47.401,4.11269536173271,-0.039059345582512256,0.01852238204255837,1.0303387657913365,0.04117304174272825,4.145036872862337,-0.11319805116442787,0.0018588300186497264,1.03110886299316,0.03217152193116959,0.031496686755434114,0.16574836058196496,0.15295764938441603,0.013907693512499646,nan,nan,nan,0.9982800244876252,0.05740987110908129,0.0,-0.11494605328361826,0.0,0.0,10.0,0.0,1.5008805050272898,1.6551094918543305
47.45,4.153902234058034,-0.03850063524531119,0.02025510176713305,1.0301735773348637,0.04441822470122184,4.206895713206356,-0.11302725321398333,0.004062308664154912,1.030752633461786,0.03597967929632857,0.03149643423854402,0.16825838962806078,0.15497929146536846,0.014208050603186941,nan,nan,nan,0.9985054281242581,0.05653870410481244,0.0,-0.11319805116442787,0.0,0.0,10.0,0.0,1.5008805050272898,1.6468197554020274
47.501000000000005,4.215699381598144,-0.0375360434692049,0.023040181711896836,1.0299632356983537,0.04758697864400195,4.248168730472818,-0.11112127338715372,0.007607025923532795,1.0305638199887979,0.05688759915198067,0.03135008448469964,0.16992111681173344,0.1562692470666556,0.013856507411260743,nan,nan,nan,0.998627891374421,0.0564535774173977,0.0,-0.11302725321398333,0.0,0.0,10.0,0.0,1.5057954473114836,1.6423462684828671
47.550000000000004,4.2568902002225375,-0.03680658281907986,0.024952660023784337,1.0298625874681309,0.04778066360855447,4.498870296194615,-0.07412513347968072,0.010694680883881702,1.0415311433716727,0.03180625077340557,0.031323980577278754,0.16327806142558007,0.15110806817822947,0.0141531185493542,6.074519610205618,0.30570093691708466,12.31585671575467,0.9988531797634395,0.05550357074804174,0.0,-0.11112127338715372,0.0,0.0,10.0,0.0,1.52105225869722,1.6278715376461246
47.6,4.298068712635033,-0.03600628080446063,0.026837063993405238,1.0293504867307568,0.04626366708232902,4.540583786793565,-0.07015471400153533,0.016157818624053192,1.0392515621263727,0.03641513982991675,0.031008848480484255,0.16496363553569196,0.15243320356963577,0.013808173801379482,nan,nan,nan,0.9996528343412553,0.03704561058045885,0.0,-0.07412513347968072,0.0,0.0,10.0,0.0,1.528905868227735,1.59141688979267
47.651,4.359782770087471,-0.03467518529977477,0.02947227042251034,1.0284346858866724,0.04194081509820738,4.602870867912676,-0.06907510671200162,0.01922535787659152,1.0365304795338721,0.03621882459895615,0.03101000852521215,0.16747799927522872,0.15446141595026305,0.014110074239493528,nan,nan,nan,0.9998213027406364,0.03506298097382463,0.0,-0.07015471400153533,0.0,0.0,10.0,0.0,1.5449309494483456,1.5816066093511534
47.7,4.400900316842614,-0.03370083435001705,0.031071189878799078,1.028084476255027,0.03874456354384739,4.644310626870162,-0.06827142674600556,0.02117517883388453,1.0352259686873577,0.06332785328252793,0.03101413981649966,0.16914358554935763,0.15580171922326913,0.014309505845642065,nan,nan,nan,0.9998829806491861,0.034523830554594494,0.0,-0.06907510671200162,0.0,0.0,10.0,0.0,1.5535980953118746,1.579763723110925
47.75,4.46255570777368,-0.032111622088163316,0.03321250476606239,1.027790237135393,0.03317146732061185,4.636219874690606,-0.09096851330135344,0.013861322817091182,1.0294862030994791,0.0591212175657102,0.031895175634998586,0.16262313102660317,0.15066721132997515,0.01405539317398239,3.9904215079312877,-0.2319529020374787,1.7175319670129285,0.9999161850769803,0.034122463790149535,0.0,-0.06827142674600556,0.0,0.0,10.0,0.0,1.5691105846652311,1.5666648992017724
47.800000000000004,4.503651763233675,-0.030970496524734045,0.03447367840293359,1.0278106287043367,0.031250613152932025,4.677395160118469,-0.09038774756954154,0.014205101978535417,1.0294612126988638,0.009464544307426189,0.03188862684306902,0.16431282995472674,0.1520379795160443,0.014255344068067131,nan,nan,nan,0.9995010267006083,0.045452929317541496,0.0,-0.09096851330135344,0.0,0.0,10.0,0.0,1.5455031174454934,1.6026716212530498
47.85,4.565302702970088,-0.029138797369252466,0.03638053910142147,1.0280139948073521,0.032780137699355075,4.739150302750144,-0.08975902448949297,0.01696708300679317,1.0293979429251412,0.04967954723991301,0.0319208009466393,0.16683491379601462,0.15402854390852902,0.014012441212172901,nan,nan,nan,0.9995208381453031,0.04516314214909412,0.0,-0.09038774756954154,0.0,0.0,10.0,0.0,1.5258042100737572,1.621106933899972
47.900000000000006,4.626959209236092,-0.027169848870978525,0.038358422130119224,1.0281546492313267,0.03253271932892189,4.800974725688381,-0.08212636660042817,0.025457715572411832,1.0293103135666852,0.03444076163262682,0.03135566286964493,0.16933893250193124,0.15599361736780912,0.013772935007989918,nan,nan,nan,0.9996113129093922,0.04484941694163715,0.0,-0.08975902448949297,0.0,0.0,10.0,0.0,1.5460764183787679,1.6002588444911976
47.951,4.668065340733815,-0.0257849082829535,0.0396177683449656,1.0282421913244644,0.03073199601583811,4.817044145515791,-0.03548990487973333,0.026056010262037965,1.0277390388620102,0.012900922162182905,0.031327561274695256,0.16194350708969604,0.15018290369262033,0.013970642952866916,4.581602314736861,0.42751248983219725,1.1502132246215493,0.9998785966901214,0.041040126580903884,0.0,-0.08212636660042817,0.0,0.0,10.0,0.0,1.5588175263701352,1.5884470362994219
48.004000000000005,4.729730165947016,-0.02360446365926825,0.04127890139407587,1.0284684871015242,0.024915426327129377,4.878695198991975,-0.033855267432462206,0.02744286944105845,1.0281416262266678,0.013854927557734674,0.03132862613475471,0.16448215286501525,0.15224087655269078,0.014271291525293857,nan,nan,nan,0.9999507679403289,0.017205762716622212,0.0,-0.034414921544889954,0.0,0.0,10.0,0.0,1.59714633610599,1.5517849357838616
48.051,4.770844811052374,-0.022086357281271823,0.042156089049814244,1.0285761102610702,0.020086395978961367,4.919837470411614,-0.027106117348544814,0.033945824855134976,1.0283073338001552,0.01383628043296218,0.03083775869818334,0.16616648385346916,0.15355444508175214,0.013925981336271688,nan,nan,nan,0.9999507679403289,0.017205762716622212,0.0,-0.034414921544889954,0.0,0.0,10.0,0.0,1.59714633610599,1.5517849357838616
48.102000000000004,4.832516938550706,-0.019722259661367866,0.043104719557728995,1.0285985492859826,0.012744384486975199,4.960945517289554,-0.02567980986264834,0.03599285463630996,1.0283631882368083,0.02128369786082159,0.030839704937618135,0.167843057359381,0.1549011107928185,0.014127199286545334,nan,nan,nan,0.9997920578297339,0.013552228932718647,0.0,-0.027106117348544814,0.0,0.0,10.0,0.0,1.6037823684406134,1.5415811478824257
48.150000000000006,4.873628470650663,-0.018095572091008996,0.04348962715767292,1.0285521025986197,0.007754894041468986,5.022600276589546,-0.028777007802893592,0.03147550862569393,1.0283822042305257,-0.02080368217969163,0.031286990185052564,0.17034150590096814,0.15685523308565602,0.013887203975913287,4.32073059011091,-0.2919392910377214,2.018012206926373,0.9997319660989655,0.012839199392018757,0.0,-0.02567980986264834,0.0,0.0,10.0,0.0,1.6099772921415174,1.533306423122975
48.2,4.914735994468829,-0.01643442634229704,0.0437136322925542,1.0284825119830947,0.0049214987051246755,4.99057321924213,-0.050950721993066266,0.031435585463946314,1.0239514798138982,-0.008201668160559734,0.031301839648576545,0.1629379551016834,0.15104185452218977,0.01408136326062048,nan,nan,nan,0.9998540037225407,0.01438751107869816,0.0,-0.028777007802893592,0.0,0.0,10.0,0.0,1.5838756645308703,1.558900792661154
48.25,4.976397227477149,-0.013887414104422994,0.04396581674967328,1.028692008149927,0.004094837425518536,5.051991603049427,-0.04536074567756209,0.036116703378368246,1.025077180135926,0.006529947831214098,0.03098254533994276,0.1654729690509814,0.1530458354283865,0.013919042199815672,nan,nan,nan,0.9999822050650302,0.025469852022585195,0.0,-0.050950721993066266,0.0,0.0,10.0,0.0,1.578822541775202,1.5770731936726705
48.300000000000004,5.017513866757407,-0.012158595745405511,0.04410445011809217,1.0288526437168433,0.0027473516927608924,5.092973967630161,-0.043871979284272944,0.03610100080597611,1.025680823937114,-0.014158487045774219,0.030980398215193668,0.1671542318633424,0.15439614714982777,0.014119980785820727,nan,nan,nan,0.9999096816261293,0.022676485115886852,0.0,-0.04536074567756209,0.0,0.0,10.0,0.0,1.593386292634263,1.5572937950923265
48.35,5.0791933704834324,-0.009530912481934758,0.04418602499590032,1.028923270861166,0.0006671623689501719,5.154500404033394,-0.04352713209969188,0.03484937053241177,1.0263647873950001,0.02605795586194134,0.031147021055680128,0.16966048051038854,0.15635676292061315,0.013867327355071474,5.661549908191464,0.3150968326527065,1.3909239458681637,0.9998996280779187,0.02193247221523218,0.0,-0.043871979284272944,0.0,0.0,10.0,0.0,1.5846840189448246,1.5628156530337844
48.400000000000006,5.120312127588228,-0.007761269761423908,0.04417104253554458,1.0288822258001178,-0.0012797475764866125,5.248006203051868,-0.01016744077978571,0.03446461367644549,1.0298627788486951,-0.019648184451465295,0.031124326825808124,0.1623653298017687,0.15061237558052323,0.014064286927426776,nan,nan,nan,0.9999143371259891,0.021760130901315646,0.0,-0.04352713209969188,0.0,0.0,10.0,0.0,1.5975887358789276,1.5466541901243467
48.45,5.181978766691147,-0.005089868624002581,0.0439615851146173,1.028506734533216,-0.005199961619617224,5.309726937911931,-0.005186721151604321,0.037541884911520995,1.0292414347084444,-0.005939132610853994,0.03087091727304184,0.1649077913566675,0.1526225852515355,0.013818525976459453,nan,nan,nan,0.9995684113164994,0.005083676595654415,0.0,-0.01016744077978571,0.0,0.0,10.0,0.0,1.5965028599373685,1.532964324713621
48.5,5.2436112972889735,-0.002410880363745577,0.043472238889114515,1.0279313466048234,-0.010533957876187858,5.350862454154128,-0.003641523924737865,0.037920844526687425,1.0287515004493208,0.008450151960904692,0.03087341013988313,0.1665936269777857,0.15397621130458577,0.01402043580719296,nan,nan,nan,0.999389362276718,0.002593354761926947,0.0,-0.005186721151604321,0.0,0.0,10.0,0.0,1.6099823177776602,1.5184242765735187
48.552,5.284682218841386,-0.0006277485920086612,0.04294906313888404,1.0276037666271696,-0.014631943389773628,5.412460134555334,0.004570460933071667,0.043549002017954315,1.0281229978133257,-0.016668184505406438,0.030365574562688985,0.16910617465878194,0.15594270541604774,0.013780092433581855,nan,nan,nan,0.999348462709225,0.0018207599503252871,0.0,-0.003641523924737865,0.0,0.0,10.0,0.0,1.6174821424670205,1.510597009479404
48.6,5.325740620935777,0.0011480048511531354,0.0422656858280315,1.027279470365264,-0.018593459704205995,5.553699218234126,0.10300533186373169,0.044086846742016565,1.0344078965220482,0.01396350491338141,0.030317499674831033,0.16175072387641598,0.15013986971971213,0.013977815157324927,6.398360434273492,1.086721509781241,7.599988204433286,0.9989497956216453,-0.0022852264885118174,0.0,0.004570460933071667,0.0,0.0,10.0,0.0,1.6208846288954621,1.504433391005517
48.650000000000006,5.3872838743787375,0.0037847072888515195,0.04080899309011957,1.0258540834176006,-0.03065725459779996,5.6156542302345205,0.10572994973334487,0.04403897243913413,1.031441712760007,-0.009963739247892425,0.030317068864395644,0.16429546161729205,0.15219979976031836,0.014278496182450147,nan,nan,nan,0.9954359943683513,-0.05191372448240767,0.0,0.1039208224864227,0.0,0.0,10.0,0.0,1.6703487862633475,1.4080394344566773
48.7,5.428250729475498,0.005509236633038613,0.03931734445307095,1.0246274642347917,-0.041207343918183204,5.656655074280748,0.119277186026633,0.055451775684301374,1.0295161981441827,-0.0365517839657405,0.029287348810135422,0.16598278811427739,0.15351456015457177,0.013932405982288792,nan,nan,nan,0.9953132410995221,-0.0528158099347529,0.0,0.10572994973334487,0.0,0.0,10.0,0.0,1.6796943977374892,1.4028936242061283
48.751000000000005,5.4896187677214705,0.008026263280944152,0.03632770406156999,1.0228922626667107,-0.056138205389999474,5.7182801275838075,0.12265130088911069,0.05158812999241702,1.0267999468851816,-0.09435011343758269,0.02928143316984113,0.16849813907125508,0.1555328519201984,0.01423370300692766,nan,nan,nan,0.9933925107060396,-0.05956803676726428,0.0,0.119277186026633,0.0,0.0,10.0,0.0,1.6912057753987573,1.380030149284123
48.800000000000004,5.550895051071672,0.010429043780394344,0.03257260372331272,1.021506901228266,-0.06614358419260924,5.759273764581791,0.12524506956993034,0.050179635950412305,1.0254003271749053,-0.04970936065074333,0.0292458442987114,0.17016361234158506,0.15681805529363477,0.013892944623785325,4.539777720410081,0.20250637991507017,5.353064667517629,0.9936406489431396,-0.06124894489737631,0.0,0.12265130088911069,0.0,0.0,10.0,0.0,1.669611252461256,1.410094131860515
48.851000000000006,5.591711252671656,0.01195060832643617,0.02976445974794475,1.0208366595502447,-0.07274100516586438,5.693627434491102,0.13497226871671456,0.04752406978612633,1.0166086293227115,-0.043276449095306806,0.029242975859660014,0.16363675219051194,0.15169597931466292,0.014190190675044097,nan,nan,nan,0.9936537679269957,-0.06254086706014228,0.0,0.12524506956993034,0.0,0.0,10.0,0.0,1.6892143731074873,1.3932071608848857
48.900000000000006,5.652910764426253,0.014083803021262716,0.02506518162339307,1.020548638965237,-0.08222810512980122,5.734356701793143,0.1324642129305472,0.039315756226251164,1.0171636751293822,-0.09027745439252015,0.029627395992096173,0.16532777070412963,0.15301495032454074,0.013854602636217824,nan,nan,nan,0.9934053332811362,-0.06738396095253056,0.0,0.13497226871671456,0.0,0.0,10.0,0.0,1.7072603102369308,1.3983951052782866
48.951,5.69371621375741,0.015392894201647883,0.021700864221845015,1.0206573237785599,-0.08479577713034273,5.795359950738418,0.13474420925161337,0.03326500728581383,1.018003263044952,-0.09558775693580115,0.029626095150724487,0.16785130233992937,0.1550372052702381,0.014156978970887,nan,nan,nan,0.9944451651383727,-0.06613551395547614,0.0,0.1324642129305472,0.0,0.0,10.0,0.0,1.677548186163931,1.433599554412029
49.0,5.73452998403621,0.01660143433575625,0.018273720381447544,1.02077359298317,-0.08601528155999374,5.836255638665813,0.12826947763649302,0.022133863100522344,1.0185278538626026,-0.10180646564768868,0.030297779124382057,0.1695235773884594,0.15632620155840987,0.013812304842768972,nan,nan,nan,0.9949505663770952,-0.06727044733091261,0.0,0.13474420925161337,0.0,0.0,10.0,0.0,1.668733565326612,1.4427752677581702
49.050000000000004,5.795768395229155,0.01820766028033687,0.013117513741293255,1.0210827099149853,-0.08511354149870817,5.922145877185083,0.08618068870634792,0.016223876726625616,1.0207707134470012,-0.08679048622770962,0.030322957378043882,0.16295512560800443,0.1511571317446152,0.014110595128262642,6.095338263968686,-0.35459774509989717,1.054987846138395,0.9962887254914607,-0.06404702081487523,0.0,0.12826947763649302,0.0,0.0,10.0,0.0,1.649143179009714,1.470361751675615
49.1,5.83661289796664,0.019132883962532203,0.009787589674369693,1.0214562043753452,-0.08150017707895126,5.9629516207544215,0.08790234258491482,0.01328094580904615,1.0213368058138155,-0.09657851802898318,0.030220512566952292,0.1646512461968884,0.15248087841985866,0.013771406601257235,nan,nan,nan,0.99824300611412,-0.043063704294424875,0.0,0.08618068870634792,0.0,0.0,10.0,0.0,1.6189850082410453,1.5082778302437927
49.151,5.897914358648678,0.020295413916552332,0.0051345731677560486,1.0220053290319335,-0.07477544425380037,6.024242173903556,0.08861581813971108,0.008739812389260582,1.022006449473816,-0.06378030577599984,0.03022323702417701,0.16718257308834825,0.15450809955857467,0.014074908911393756,nan,nan,nan,0.9983643059049188,-0.04392290380874645,0.0,0.08790234258491482,0.0,0.0,10.0,0.0,1.6112915542466462,1.514093957404009
49.2,5.938800219262379,0.020917871600321443,0.0022339375973934937,1.02228018682814,-0.07140184648476297,6.065124497365096,0.0889376291452878,0.005457139688832324,1.0223341607500662,-0.0695864332559215,0.030221399608089474,0.16885992782174086,0.15584768031176346,0.014275360782059711,nan,nan,nan,0.9985948347169014,-0.044278948215710476,0.0,0.08861581813971108,0.0,0.0,10.0,0.0,1.6177299578149398,1.5063188706023298
49.251000000000005,6.000148878069814,0.0216233318991241,-0.001908679843344778,1.0225869631751099,-0.06726063668941666,6.094855660267597,0.10683020423860903,0.0046650005829285135,1.020837563918043,-0.07607856367210576,0.02985410724667136,0.16239869399300877,0.15070602612157044,0.014026408766803625,5.780720050894714,0.24355788823775998,0.41560376409159616,0.9987554190618115,-0.044439537305189944,0.0,0.0889376291452878,0.0,0.0,10.0,0.0,1.6105347412068152,1.5126358400410498
49.302,6.061516810611276,0.022060315104410706,-0.005843050108111053,1.022853041801755,-0.06474508754080635,6.1356935648253135,0.10699134796433536,0.0023069377426732096,1.021288945569543,-0.051353270847984724,0.02985679861746779,0.1640995268617284,0.15207621939180524,0.0142272666970263,nan,nan,nan,0.9983167674506828,-0.053364388063845206,0.0,0.10683020423860903,0.0,0.0,10.0,0.0,1.620355656644642,1.5026720309671016
49.35,6.102436444227331,0.022205606736490264,-0.00841765353134333,1.0229640402208688,-0.064232452429587,6.197114915632406,0.10017994940848125,-0.010025899020733588,1.0218240740471882,-0.11204936424986735,0.030442487291101182,0.16663779381390031,0.15406548182389504,0.013988724935985406,nan,nan,nan,0.9984462782610826,-0.053444730350308285,0.0,0.10699134796433536,0.0,0.0,10.0,0.0,1.6263774361451317,1.4951892211887405
49.513000000000005,6.122897619726233,0.022235270382047277,-0.009695271840209492,1.0229931240341126,-0.0636085645119965,6.217550574410772,0.09996693971369829,-0.011076415576270815,1.0220159838471479,-0.04994153015775781,0.03045057131401025,0.16747986427086045,0.15473783541307873,0.014089497292685013,5.519682822550761,0.017521529094341924,2.0909653002522632,0.9991992167859328,-0.05004814564736709,0.0,0.10017994940848125,0.0,0.0,10.0,0.0,1.5803466449719052,1.5445033466697988
49.551,6.307133561045907,0.021298192065692587,-0.01956645370959035,1.024147554315696,-0.049555145731471,6.3224198611944065,0.08730367169489786,-0.022809491948070804,1.0202547226178307,-0.04957327276821967,0.03066375882235771,0.16604405544345,0.15358233825092713,0.013910394121067978,nan,nan,nan,0.9995957185168979,-0.04550136561349686,0.0,0.09106558651892445,0.0,0.0,10.0,0.0,1.5976533202088412,1.5365592355491586
49.606,6.368591543067605,0.020538718023614917,-0.022375841120085983,1.0244233594116536,-0.04456375756799536,6.36322617136514,0.08634573073913025,-0.024651662379728823,1.0209607816503339,-0.029013392235562884,0.03066550020055058,0.16772944008163404,0.15492807034574727,0.014112238752574639,nan,nan,nan,0.9998289832796119,-0.04314607207906917,0.0,0.08634573073913025,0.0,0.0,10.0,0.0,1.5832219810963095,1.544173028938801
49.651,6.409567893518659,0.019920332567893183,-0.024086141992246343,1.024502213014783,-0.04178734554577144,6.424393014993979,0.09483298613581517,-0.016975814617623982,1.0217839870593481,-0.05432859462364897,0.02981016466558408,0.1702406708291695,0.15688088054994223,0.013874736750257171,6.647115250214603,0.21904087940870381,0.23395348275635708,0.9998289832796119,-0.04314607207906917,0.0,0.08634573073913025,0.0,0.0,10.0,0.0,1.588158576843951,1.544173028938801
49.7,6.471029836340579,0.01883442910902499,-0.02649711230799622,1.0244331685653651,-0.03932529937327191,6.488479910986658,0.10528543195288104,-0.018918699229340863,1.0234778921226586,-0.04482661316851247,0.029804593038683647,0.16286011398000558,0.1510635932031407,0.014072275107604792,nan,nan,nan,0.9995377978068617,-0.04738100505189104,0.0,0.09483298613581517,0.0,0.0,10.0,0.0,1.588158576843951,1.5333253924877883
49.75,6.511996166488514,0.01801047565892782,-0.028056686318470244,1.0242343440512014,-0.03890228257564256,6.5498778643761995,0.10391394888637862,-0.021576472724230022,1.0234080465269446,-0.05640797383782255,0.029817185369642337,0.1654055636653675,0.1530667363803506,0.013839617228562693,nan,nan,nan,0.9994330349889637,-0.052594167868247624,0.0,0.10528543195288104,0.0,0.0,10.0,0.0,1.5934722415997167,1.5208898827791357
49.801,6.573425210369963,0.016633049867258224,-0.030351967678822474,1.023907349652272,-0.03748913727038668,6.590802888234158,0.10299028900819372,-0.023538102695059848,1.0233100316844417,-0.013587807261168879,0.02982216818837306,0.16709309878055517,0.15441637703162925,0.014042061228630777,nan,nan,nan,0.9995399648307394,-0.05191029693575308,0.0,0.10391394888637862,0.0,0.0,10.0,0.0,1.5839145757132762,1.5303189004681794
49.85,6.614365661089339,0.015624844164435712,-0.03184477764570019,1.0237172001364543,-0.03743716363543492,6.65218347418271,0.10064770218998789,-0.02694087571830206,1.0231777509733044,-0.054388405567257166,0.029891390823930813,0.16960783424857076,0.15637604973579367,0.013800043825927219,5.35536733082535,1.358405983880264,11.797888809537419,0.99961049667355,-0.05144969937279568,0.0,0.10299028900819372,0.0,0.0,10.0,0.0,1.597385460366854,1.5165212184950194
49.900000000000006,6.655297250152195,0.014547385555027504,-0.03332391135052053,1.0235511256253864,-0.036209772521266635,6.559013202303608,0.21152309026601168,-0.027569652729781513,1.0148283561845866,-0.027406462283050624,0.02983332723473917,0.1623256818405276,0.1506278674814962,0.013998333512801789,nan,nan,nan,0.9997276215359373,-0.05028143397921384,0.0,0.10064770218998789,0.0,0.0,10.0,0.0,1.5744059559679948,1.5396619024088933
49.951,6.716678766684771,0.012804888975622916,-0.035576154612149795,1.0233317173097904,-0.041696343677557784,6.619908903846636,0.21795487408266076,-0.021807681774272503,1.016323102548911,-0.051551576752478914,0.029089104960677514,0.16487654517106695,0.15263643312245753,0.013761606634192286,nan,nan,nan,0.9969750917841339,-0.10536983857559018,0.0,0.21152309026601168,0.0,0.0,10.0,0.0,1.6683538930337907,1.4478674002341747
50.001000000000005,6.778039630331927,0.010904862748918907,-0.03846221485077729,1.0229374526549553,-0.05239779537889446,6.660557760600663,0.21705640497424167,-0.023895230731046713,1.0168937281353532,-0.07074533883896716,0.029087409104250648,0.16656855550014002,0.1539887988865746,0.013964703320133531,nan,nan,nan,0.9962403234077305,-0.10854907694883204,0.0,0.21795487408266076,0.0,0.0,10.0,0.0,1.6668630907827526,1.4380016476206814
50.050000000000004,6.818927722730795,0.00954847343194899,-0.040686781667025315,1.022611619729159,-0.05727469170105942,6.7215641444493315,0.21400516908181,-0.02780089842355693,1.017590960012161,-0.0462867683219197,0.029226643471974876,0.16909096186208988,0.1559537745969998,0.013732031271979183,nan,nan,nan,0.9964564442862339,-0.10810509347237139,0.0,0.21705640497424167,0.0,0.0,10.0,0.0,1.6553053712691517,1.4485514364485632
50.1,6.859801419789953,0.008116322822317166,-0.04307908354119757,1.022331198032838,-0.06129292558362846,6.760918860662763,0.13060888160016806,-0.030713785625239073,1.018032932649108,-0.05612802297926076,0.029270365729770372,0.16174399211670992,0.15014818482803163,0.013930828793863686,6.729075338891926,-0.7068566343016907,3.085682351396003,0.9968971938739963,-0.10659698998418077,0.0,0.21400516908181,0.0,0.0,10.0,0.0,1.6575590001638651,1.446691561556135
50.150000000000006,6.921095456841497,0.005816802957537089,-0.04680928939154292,1.022327842557021,-0.06025354097276468,6.821983983522993,0.1286464446768253,-0.03545484257325971,1.018969435613498,-0.08591643675473144,0.029265171303506594,0.16429929046652333,0.15220589346783667,0.014233004913884432,nan,nan,nan,0.9994050010092566,-0.0652118436596755,0.0,0.13060888160016806,0.0,0.0,10.0,0.0,1.5962412362143878,1.5257959213307475
50.202000000000005,6.9823957953895,0.0033311428009469195,-0.0501603050918121,1.0225440295904276,-0.052445061533570356,6.86270902022368,0.12515841003304187,-0.03966809745718348,1.019575458427636,-0.040306400039695704,0.02944879785618189,0.16599433903042624,0.15351968245997957,0.01389286465483276,nan,nan,nan,0.9995858876254883,-0.06423472996630451,0.0,0.1286464446768253,0.0,0.0,10.0,0.0,1.574726534962979,1.5449786641499597
50.25,7.023263429591738,0.00156815264252679,-0.05215883701577478,1.022619813295914,-0.04868330511191725,6.9238484073734465,0.12266906000495466,-0.042974756051124,1.0203033673335289,-0.052098252857063994,0.02944589723255249,0.16852139531522428,0.15553596856302465,0.014195486853998938,nan,nan,nan,0.9997394157951571,-0.06249770643254645,0.0,0.12515841003304187,0.0,0.0,10.0,0.0,1.5833683538740724,1.5347549928523172
50.300000000000004,7.064129210934584,-0.00027906183850183897,-0.054017016168058256,1.022644419670613,-0.044949200610757314,6.937771658367755,0.008572886925534406,-0.04326813275593854,1.0191384723280816,-0.06498629480409,0.029265460399267595,0.16126318672744677,0.14974939586619246,0.013852456924481974,6.682514747719004,-1.1710183156747553,6.363293463455037,0.999832869968834,-0.061257791181063996,0.0,0.12266906000495466,0.0,0.0,10.0,0.0,1.5706933180847111,1.5449703305018192
50.353,7.125413540230306,-0.003198340933107584,-0.05633578531774081,1.0224405207004899,-0.03126873899589894,6.998873400705719,0.005848071520078763,-0.046133445578065306,1.0197834394488874,-0.014550724939600298,0.029268912098406392,0.16382310950751003,0.15181197629864127,0.014238190180025343,nan,nan,nan,0.9992403091344305,-0.0042864172105942285,0.0,0.008572886925534406,0.0,0.0,10.0,0.0,1.4783262610037264,1.6350977761597625
50.400000000000006,7.166260670936671,-0.005233598977991997,-0.05730298221664238,1.0223664350290618,-0.0204516963147097,7.039688998222574,0.008703816149389722,-0.04168265508026403,1.0200193999085994,-0.005915337755002585,0.02884548277697763,0.16552138927401042,0.15312997597119252,0.014036934472796594,nan,nan,nan,0.9990666183278815,-0.002924027426594713,0.0,0.005848071520078763,0.0,0.0,10.0,0.0,1.4897630475852808,1.6193013088496178
50.45,7.22751662603587,-0.00840464223488325,-0.05810775960877839,1.0222046046718352,-0.009164227497588159,7.100842013290224,0.006125694908003227,-0.04308928370203757,1.0203207587124792,-0.01650463693837016,0.02884225677837661,0.16805338208855697,0.15515064548085392,0.014277686550391515,nan,nan,nan,0.9993032875548048,-0.004351880601260673,0.0,0.008703816149389722,0.0,0.0,10.0,0.0,1.5019229617115915,1.6072902899556392
50.5,7.268344756631734,-0.010584785977651683,-0.058318596067606684,1.0220776280165658,-0.0028465685521318574,7.141625327450516,0.004807730154161469,-0.04298284073122627,1.0204210157969211,-0.009256682827146525,0.02880388749168581,0.16972980100936955,0.15643906869497456,0.013915372230570402,nan,nan,nan,0.9991990487606115,-0.003062837876496283,0.0,0.006125694908003227,0.0,0.0,10.0,0.0,1.4920467227725764,1.6143727688611877
50.550000000000004,7.329571383203439,-0.013929631605420118,-0.05818101199161755,1.0218451277852183,0.005683404412179735,7.2156077794793925,-0.026680822365929762,-0.04288063571376233,1.0213638276339296,0.010190326813156615,0.02882060730095148,0.16313382383910813,0.15125444519542433,0.014293315990814967,7.284031625645526,-0.3169052180039304,0.4280375397001792,0.9991767861511792,-0.002403860446798072,0.0,0.004807730154161469,0.0,0.0,10.0,0.0,1.493143702179931,1.611734778159068
50.6,7.370376295870145,-0.01619496527724189,-0.05781172300083451,1.0215364078065539,0.011610419867914775,7.256349594500783,-0.03212466268477151,-0.04620172698846492,1.0210396510626163,0.01596203730414264,0.02915635988242047,0.16483158321865593,0.15257798174923357,0.013931585931926435,nan,nan,nan,0.998420057641884,0.01333961988504868,0.0,-0.026680822365929762,0.0,0.0,10.0,0.0,1.4721665842808032,1.6226860810468346
50.650000000000006,7.431553503511277,-0.019621039213244713,-0.05679096221821497,1.0209581328484543,0.020880835136176328,7.317537908364437,-0.03490648892938358,-0.0441279793147169,1.0205196927153337,0.030643781505377457,0.029157256202027047,0.1673642261451014,0.154604909748095,0.014310836252756183,nan,nan,nan,0.9980623056145678,0.016060950203777607,0.0,-0.03212466268477151,0.0,0.0,10.0,0.0,1.46358240425427,1.6282344241797284
50.7,7.47231927530669,-0.021910141925512345,-0.05582074491948458,1.0206131942034264,0.026053800092087277,7.358317058275187,-0.03668482663883786,-0.04304464115489282,1.0202472567838423,0.012367711688842993,0.02915440219464257,0.16904196356074336,0.15594440784288519,0.014508083078167398,nan,nan,nan,0.9981045846196784,0.017451472610848295,0.0,-0.03490648892938358,0.0,0.0,10.0,0.0,1.4705605563540596,1.6220332996377542
50.751000000000005,7.5334450666582615,-0.025328663681732668,-0.05402065917182202,1.0201589927008679,0.032922906189599754,7.3902849103140635,0.036598622885069855,-0.04556181424953554,1.0179043149569238,0.008763031665002741,0.029470880417345694,0.16255317552160967,0.1507900323656265,0.014228477337051534,7.100559140557187,0.8559010759929863,3.2121273402057033,0.9981165325598261,0.018340356668830122,0.0,-0.03668482663883786,0.0,0.0,10.0,0.0,1.4631380169934518,1.6292621038030854
50.800000000000004,7.574187422836695,-0.0275857083910894,-0.0526447410385806,1.0201622687803806,0.034176248668438027,7.430964849705054,0.03475846422767945,-0.043984614562122104,1.0184177406786865,0.03462591622254103,0.029474129269618725,0.16425378197658083,0.15216028297508338,0.014426435440993337,nan,nan,nan,0.9996283453165871,-0.01829726925441571,0.0,0.036598622885069855,0.0,0.0,10.0,0.0,1.5218418567058634,1.5887609744987108
50.852000000000004,7.63531643210969,-0.030923570869382435,-0.05067509170305891,1.0204006707924314,0.031607071210084554,7.492171819359634,0.037809210766369256,-0.03699852474140864,1.0190099754876416,0.030493190617957935,0.028979881911941043,0.16679182049566255,0.1541495214208084,0.014158766403209365,nan,nan,nan,0.9996460511490527,-0.01737748270304509,0.0,0.03475846422767945,0.0,0.0,10.0,0.0,1.531871474235211,1.5763941162924893
50.901,7.696459426789411,-0.034187755953097664,-0.04889655965092455,1.0205267162665084,0.02803387362995302,7.553249685254168,0.03441855293242727,-0.037198004428272924,1.019420958135868,0.012658739171518921,0.029076272519829593,0.16931108785258187,0.15611344589526097,0.014123850595407385,nan,nan,nan,0.999802560343445,-0.01758921153730844,0.0,0.035182051361386864,0.0,0.0,10.0,0.0,1.5315424458559883,1.5734156162933244
50.95,7.737226362488044,-0.036317315989517346,-0.04781208676989778,1.0205457961288817,0.026720343125021945,7.6744183561059165,-0.020236420729478316,-0.036792938583898316,1.0249945069063704,0.027629116603491183,0.029105578226991256,0.1619286697658148,0.15028654952093806,0.01425767674471125,8.345621820277339,-0.5571638358003665,3.4066814705898603,0.999802560343445,-0.01758921153730844,0.0,0.035182051361386864,0.0,0.0,10.0,0.0,1.5315424458559883,1.5734156162933244
51.0,7.7983633511719175,-0.03943358551632412,-0.04614315784714958,1.0198906209166023,0.029558367577374907,7.715378177201074,-0.021745023640364257,-0.03639869443194632,1.0238168647989763,0.024846056290067788,0.02910450634287959,0.1636312455916929,0.15166072614359083,0.014454701556902629,nan,nan,nan,0.9988998900154645,0.010117865091290664,0.0,-0.020236420729478316,0.0,0.0,10.0,0.0,1.4837251706679178,1.5956050565893807
51.050000000000004,7.839096876409848,-0.041455937827162434,-0.044891725357363445,1.0193957388047132,0.032294264608683676,7.776603965213438,-0.02873831350588762,-0.04076637387295934,1.0224046088117524,-0.010195593848710733,0.029513289976271898,0.1661721871367197,0.15365697895659386,0.014264652514194372,nan,nan,nan,0.9988829448107629,0.010872083431874164,0.0,-0.021745023640364257,0.0,0.0,10.0,0.0,1.482911003283179,1.5985699677999137
51.101000000000006,7.900168976390418,-0.04440073309741554,-0.042746925883955934,1.0187817567958968,0.03877760517193245,7.817458603754826,-0.030389683770383497,-0.03879541347996884,1.021607859918348,0.04892719224298851,0.029519963328378487,0.16785608012441558,0.15500324280232028,0.014461308270269358,nan,nan,nan,0.998480476131596,0.014368167929406624,0.0,-0.02873831350588762,0.0,0.0,10.0,0.0,1.4567344916984928,1.6245694135599098
51.150000000000006,7.940868795636514,-0.04630056868448397,-0.04113676233659728,1.0184676316309367,0.04078194018744956,7.878739415815145,-0.031041618203573942,-0.034135998070437,1.0206432165871466,0.057212156762821986,0.02938180310964182,0.17036478797311283,0.15695602452245377,0.014177452693025118,8.461741043880934,0.6628379885274005,2.9723956896592645,0.9985429432634598,0.015193672635823321,0.0,-0.030389683770383497,0.0,0.0,10.0,0.0,1.4827000272471906,1.6003402440366852
51.2,7.981560688564979,-0.04814703224712929,-0.039483431933610286,1.01824950154785,0.0414492140376264,7.980086599276406,0.02961462505600774,-0.03249829405781535,1.0237153050316656,0.049796017734370424,0.029345596812159536,0.16296366360908662,0.15112911070977883,0.014370356276759656,nan,nan,nan,0.9987674159220238,0.015519562984124342,0.0,-0.031041618203573942,0.0,0.0,10.0,0.0,1.494063379705303,1.5925716053057841
51.25,8.042590345292558,-0.050811533349337024,-0.037062187381281676,1.0179892003194353,0.03803696803531757,8.041408181982236,0.02615421527230936,-0.031733717908307035,1.0224648635011486,0.012090381117425827,0.029476033850098234,0.1655066281308124,0.15313206019730477,0.014098078919353826,nan,nan,nan,0.9998434995252478,-0.014806230470488194,0.0,0.02961462505600774,0.0,0.0,10.0,0.0,1.5380516218141833,1.546779186871596
51.300000000000004,8.083271534038177,-0.05251687932209109,-0.03563113095444334,1.0178522140660906,0.03486205398484601,8.0822796160842,0.0248624881675052,-0.03069950845301106,1.0218122929582392,0.03024047337638079,0.02947838967781612,0.16719263361847536,0.15448188144406452,0.014296334544094761,nan,nan,nan,0.9998310754595148,-0.013352787756857026,0.0,0.02615421527230936,0.0,0.0,10.0,0.0,1.5231042880453685,1.5642467713902204
51.35,8.144290987923021,-0.05496626798786427,-0.03364812814929435,1.017742308993548,0.03157132523851344,8.143517332300688,0.022137825680472262,-0.029674879598324377,1.0210102583588414,0.023890638396505178,0.029552860607580594,0.16970532959076878,0.15644106472776967,0.014020248301411466,8.331945846186917,-0.4204946908999136,0.8409229999102221,0.999842727849548,-0.012963879169194501,0.0,0.0248624881675052,0.0,0.0,10.0,0.0,1.5317198205497902,1.5565836837774158
51.403000000000006,8.205311185901792,-0.057288980768245894,-0.031858589719853135,1.0177021562182067,0.028753991384894234,8.22445399049414,-0.019214674363731553,-0.02893189006619057,1.0216140313105966,-0.0016536493271429534,0.029570231500366678,0.16325819886909426,0.15137154809828732,0.01431377147580439,nan,nan,nan,0.9998424580110279,-0.011924041549060706,0.0,0.022137825680472262,0.0,0.0,10.0,0.0,1.529741096840693,1.5599079627290526
51.45,8.245989810495686,-0.058768678508512424,-0.030710990986018635,1.017529377712674,0.02898381367478587,8.265247536004248,-0.021963477068720483,-0.029544190912211835,1.020910733158468,0.026565607203317916,0.029713285502649386,0.16495545320364605,0.1526933265790183,0.014088464762824502,nan,nan,nan,0.9992310585986002,0.010373846234201097,0.0,-0.018631840919000456,0.0,0.0,10.0,0.0,1.5049734183641332,1.576034203087513
51.5,8.286662047339297,-0.06019431421176765,-0.02951778772719033,1.017338439965659,0.030643636697183414,8.30606106306863,-0.02313324298829582,-0.026972107511251675,1.0203188546258524,0.04752177729924574,0.029716389449892258,0.16664537892046358,0.15404604990302498,0.014228271499896505,nan,nan,nan,0.9991748069478432,0.013655630986791631,0.0,-0.02313324298829582,0.0,0.0,10.0,0.0,1.5009951723520292,1.582108333325698
51.550000000000004,8.34766220602141,-0.062232802765683506,-0.027593387401900423,1.0171374703244571,0.03263594717309294,8.367322375948532,-0.022097557049358885,-0.02234817828071778,1.0196149579804146,0.02125642699711829,0.02948786177227022,0.1691644101361898,0.1560106309422183,0.013960338238738578,nan,nan,nan,0.9991748069478432,0.013655630986791631,0.0,-0.02313324298829582,0.0,0.0,10.0,0.0,1.5009951723520292,1.582108333325698
51.6,8.388326076218348,-0.06352593137619741,-0.0262687418309012,1.0170687274304746,0.03346615429748566,8.389840699989817,-0.04234310415992818,-0.022012928541148558,1.0181347580130582,0.02602971863621757,0.029498599888936543,0.16180418746755384,0.15019748263824442,0.014155083417210614,8.210977975149152,-0.23953596921812492,0.2836026577271612,0.9993563136215483,0.013533723722003607,0.0,-0.022097557049358885,0.0,0.0,10.0,0.0,1.4987035164067335,1.5869502671561653
51.651,8.449321985709588,-0.06536491163380777,-0.024178897110046622,1.0170076060567588,0.0363263666553984,8.450909472060737,-0.04368783913115786,-0.02136789117465954,1.0179101033111095,0.0341928679696056,0.029498570601765983,0.16435652730689504,0.15225515570332274,0.014451446421266943,nan,nan,nan,0.9987720223640583,0.028194777030040245,0.0,-0.04368783913115786,0.0,0.0,10.0,0.0,1.482127837405055,1.6020464039815911
51.702000000000005,8.510317071422499,-0.06707912795439598,-0.021882851508297836,1.0169241721070832,0.03951122794035703,8.511961898214958,-0.045110004235881636,-0.019745259968006135,1.0176907406416138,0.023798990953087202,0.029510946434358663,0.16689373103139796,0.1542421810490588,0.014319882794528066,nan,nan,nan,0.9987720223640583,0.028194777030040245,0.0,-0.04368783913115786,0.0,0.0,10.0,0.0,1.4763438933800956,1.6020464039815911
51.75,8.550979397447684,-0.06815020370548135,-0.020247891439212296,1.0168592546266155,0.04171789119487619,8.552660491263257,-0.04589647495424897,-0.01837551979294805,1.0175525766974882,0.031069238871625174,0.02951155727125801,0.16857507109191036,0.1555836698594787,0.014458691335740617,nan,nan,nan,0.9987596940067621,0.029625026367290443,0.0,-0.04469914523978257,0.0,0.0,10.0,0.0,1.4763438933800956,1.6072353152423018
51.800000000000004,8.591640669268422,-0.0691615287188576,-0.018531814480226637,1.0167927376840402,0.043513693112138756,8.593366807655304,-0.04618650093754106,-0.016446106298328104,1.0174212944879304,0.04527257628290856,0.02947594741492472,0.17024729957804302,0.15686699174141008,0.014089304018118738,8.45254468355617,-0.4972375488253924,0.812143467967683,0.998746467997569,0.03170030232557956,0.0,-0.04589647495424897,0.0,0.0,10.0,0.0,1.4790982233719614,1.6040540221076056
51.851000000000006,8.652626414757368,-0.07056061172883107,-0.015791620123336375,1.0164883525873887,0.04832394995921318,8.639888212701115,-0.08751330779476607,-0.01412446961273739,1.0161893248875633,0.04214958109055414,0.02949698545256722,0.16371699560976458,0.1517366691078894,0.014381604709361437,nan,nan,nan,0.9969844092649358,0.06195238763131091,0.0,-0.08689182612503257,0.0,0.0,10.0,0.0,1.439137556453495,1.6321706535485978
51.900000000000006,8.713587922440203,-0.07180684612900212,-0.01264380049120138,1.0160131149165597,0.055316974001442844,8.680491383258943,-0.08952332840812385,-0.015008911577838902,1.015920970155014,0.02231969440537573,0.029619098309646506,0.1654135661942994,0.15305437067103123,0.014021648198415945,nan,nan,nan,0.9969299674332037,0.06425415890392372,0.0,-0.08751330779476607,0.0,0.0,10.0,0.0,1.4341136663927139,1.6366741989422415
51.95,8.754214741528122,-0.07254595951743634,-0.01029765116120814,1.0156760793734252,0.06068712319992595,8.74143226321886,-0.0904114545169722,-0.012997840116191206,1.0155063922951886,0.04803536579748629,0.029620700733279628,0.1679444661997502,0.15507521131548974,0.014455230729491926,nan,nan,nan,0.9965780845812605,0.06774214624900779,0.0,-0.08952332840812385,0.0,0.0,10.0,0.0,1.4177230254211086,1.6500922658276045
52.0,8.79482995879695,-0.0732059883261644,-0.007755305357411228,1.0153550610728885,0.065040244677817,8.782097263565806,-0.08886201450377786,-0.00798762469422254,1.0152245989020512,0.059038157509776056,0.029449659756296303,0.16962103349693836,0.1563631265119384,0.014022793895159572,nan,nan,nan,0.9964141319189924,0.07171359013534849,0.0,-0.0904114545169722,0.0,0.0,10.0,0.0,1.4241350767656782,1.6426600116350796
52.053000000000004,8.85573386509653,-0.07403699274071941,-0.003693312288852684,1.0149743330124719,0.0691195993703134,8.863011620612726,-0.12010457802841147,-0.0034091079206479686,1.0161803040771624,0.07606178690039901,0.029468449055906724,0.16304289113510229,0.15118816716436576,0.014312817512630686,8.992854133765144,-0.43188049765740466,0.5577740703177126,0.9967357033967202,0.07283408141917487,0.0,-0.08886201450377786,0.0,0.0,10.0,0.0,1.4352112219226445,1.6340729680689212
52.1,8.896321662357796,-0.07447629157501097,-0.0008498899430666676,1.014427910401647,0.07298704598914582,8.923861181304225,-0.12438389160504312,-0.003936625492691804,1.0148270555442238,0.05797967323517388,0.02982869100878872,0.16558954088497738,0.15318893646826406,0.01411913628148977,nan,nan,nan,0.994103093051207,0.10524365702319612,0.0,-0.12010457802841147,0.0,0.0,10.0,0.0,1.368206883647138,1.6570615568419411
52.151,8.957147044276237,-0.07494717833562048,0.0038329594104596653,1.0132140888444536,0.08192484806596631,8.96444439120329,-0.12452075975956489,-0.0010929923974964948,1.0138999131943922,0.08169743579479391,0.029828625101344354,0.16727838165317438,0.15453736541082297,0.014316796831425664,nan,nan,nan,0.9930596558168943,0.11287053866049473,0.0,-0.1242844112657141,0.0,0.0,10.0,0.0,1.368206883647138,1.6694608210140967
52.2,9.017904021278785,-0.07517400645594195,0.009042453867907871,1.0121216964364153,0.09008965571380458,9.004992148463678,-0.12451960925331974,0.00206574374115176,1.0130968870201904,0.06026309871683408,0.029825119416454524,0.16895894602477238,0.15587635088027998,0.014513090715898855,nan,nan,nan,0.9927169111645231,0.1196707986109806,0.0,-0.12452075975956489,0.0,0.0,10.0,0.0,1.3551399379177882,1.6709769261072385
52.251000000000005,9.05837597327447,-0.07517787608263793,0.012783054563438886,1.011495780697547,0.09562228875690329,9.053284220396254,-0.14585779417014047,0.007083802704377361,1.0113187915972583,0.09227635310369658,0.02991261381837884,0.16248740049790888,0.15072975955528023,0.014228799240797578,8.904400445141665,-0.3574533595486646,0.24870658552843727,0.9925146362214725,0.12449711969591419,0.0,-0.12451960925331974,0.0,0.0,10.0,0.0,1.3551399379177882,1.682548065744668
52.305,9.112935429930536,-0.07465950713275334,0.01799529975421528,0.7713213569409753,0.06613943871698333,9.091189025113534,-0.1455554020662474,0.011441693021682742,0.7645824511696196,0.0875562448694522,0.029917473394949424,0.16419167985663652,0.15209623151758192,0.014507371843674495,nan,nan,nan,-0.6975264861856693,-0.07264961652844093,1.0,0.1455554020662474,10.0,0.0,0.0,0.0,-2.881557878262803,-3.1971920751385037
52.352000000000004,9.138607564650124,-0.07460024092641364,0.020176756700179502,0.5686166347297384,0.04017068655451349,9.131046049530793,-0.1375207603094909,0.02258350129110953,0.4672348982210165,0.02901969372040468,0.029262270385026188,0.16675305480694888,0.1540597727089287,0.014309684694961267,nan,nan,nan,-0.6975264861856693,-0.07264961652844093,1.0,0.1455554020662474,10.0,0.0,0.0,0.0,-2.881557878262803,-3.1971920751385037
52.401,9.163837875529,-0.07481507276465847,0.021910640275685466,0.32355739026322883,0.015844538061551675,9.148134714033368,-0.13713353281551788,0.023399200341018393,0.31041204122583094,0.014497897035171391,0.02926308515701246,0.16848257815055884,0.15537264066352863,0.0145054761496054,nan,nan,nan,-0.697088629049518,-0.06865232040559732,1.0,0.1375207603094909,10.0,0.0,0.0,0.0,-2.4753999537002285,-2.7665508043134084
52.45,9.1732981304825,-0.07503962412093787,0.022296221278440467,0.1862985859702671,0.004026171841961917,9.166788773548763,-0.12233537484109941,0.021443710399808413,0.10352274018686189,-0.006442543820380722,0.029503094441591805,0.16207378591549798,0.15013585924511647,0.01430355109834799,9.201744558478465,0.05320448372047874,0.14200908377039637,-0.6970487614011176,-0.06845961520377486,1.0,0.13713353281551788,10.0,0.0,0.0,0.0,-2.269631805821259,-2.551952788785959
52.501000000000005,9.17815513464173,-0.07542874213029671,0.022042060382788366,0.010453083143842013,-0.009093320004903222,9.169793955884442,-0.1222709801530664,0.021896779846815487,-0.009019716679545112,-0.014834634730883083,0.029503941109614955,0.16394864335037548,0.1514654112980975,0.014499137483618611,nan,nan,nan,-0.6976171276465206,-0.0610915722029759,1.0,0.12233537484109941,10.0,0.0,0.0,0.0,-2.0032045638066163,-2.2416279480868755
52.550000000000004,9.175978225113846,-0.07570823852072521,0.021460781691443085,-0.09226420492567011,-0.016724495510087648,9.16623052157703,-0.12061748974631374,0.02261285172342964,-0.15984006650991683,-0.051587693042600316,0.029319797125458534,0.16689834991969793,0.15339963128969708,0.014301457418743868,nan,nan,nan,-0.6975927707427693,-0.06105949481290196,1.0,0.1222709801530664,10.0,0.0,0.0,0.0,-1.853833074963378,-2.087635325432632
52.605000000000004,9.16562487013459,-0.07616199168119575,0.020045293973238208,-0.2260064471922855,-0.026799165494964333,9.158980292582177,-0.12078588651667184,0.022290717911862767,-0.2447225389951374,-0.026742439959855206,0.02932442668256363,0.1689598781816139,0.15469136058400812,0.014496835802507144,nan,nan,nan,-0.697599009899667,-0.06023578681175579,1.0,0.12061748974631374,10.0,0.0,0.0,0.0,-1.6555161412555908,-1.860421523087227
52.650000000000006,9.154633462760694,-0.07648448852065008,0.018806623310810636,-0.30273531014067195,-0.03303524998116851,9.141843332508252,-0.12633195530551905,0.012313133550941213,-0.3582305265458101,-0.047926169525725176,0.02993537516909787,0.17217667652682686,0.1565795259980689,0.014207156052303747,9.824312682135226,-0.12742192342930414,1.6655609482715716,-0.6976127908603809,-0.060319679640381096,1.0,0.12078588651667184,10.0,0.0,0.0,0.0,-1.5295676863583854,-1.7544606516829155
52.7,9.140807331740445,-0.07682345540836763,0.01733974161211418,-0.36947920319533917,-0.03805005885302881,9.199670866775211,-0.12668307088363243,0.011149997622372787,-0.40829685627972356,-0.03195136570064488,0.029937782924989477,0.16502208162569978,0.15074527318338782,0.014401283245472032,nan,nan,nan,-0.6980113842233963,-0.06308216869473426,1.0,0.12633195530551905,10.0,0.0,0.0,0.0,-1.3880728580087713,-1.5751275067833568
52.75,9.115658250816038,-0.07734341364200935,0.014867729815324091,-0.4525191954243235,-0.04339628550850025,9.173487973880576,-0.1275564464188592,0.008019667794860297,-0.48836696601995333,-0.03581745473440491,0.03002835860350288,0.16844875114767174,0.15268793570408712,0.014123910223356349,nan,nan,nan,-0.6980631519925926,-0.06325702686919676,1.0,0.12668307088363243,10.0,0.0,0.0,0.0,-1.3151137879821562,-1.512727516799404
52.800000000000004,9.086100698795557,-0.07786451133595904,0.012118344225658556,-0.5188454919532796,-0.04727669944768984,9.153529538925937,-0.12770328351850246,0.005711580737136401,-0.5299748897879745,-0.05805407426826215,0.03002581029085043,0.17077029492527906,0.15397920648607846,0.014456740537656635,nan,nan,nan,-0.6982008761819395,-0.0636919575716206,1.0,0.1275564464188592,10.0,0.0,0.0,0.0,-1.2059531950102542,-1.3931049714788926
52.85,9.064427798718704,-0.07819951451280376,0.010209030742434975,-0.5550016582495093,-0.04795118951313341,9.120721667122567,-0.12212954199874144,0.015719864568524144,-0.5833705402930122,-0.027979680388872934,0.028991901843320626,0.17427548512810837,0.15588502673788518,0.01410915377241068,8.68847992691911,0.18137923623033653,1.002178337856475,-0.6983112273184731,-0.06376507834833589,1.0,0.12770328351850246,10.0,0.0,0.0,0.0,-1.1600242407069845,-1.323376589296366
52.902,9.029530284289121,-0.07866907635240496,0.007240171161508144,-0.5989071899774645,-0.051153175583770596,9.049979530323174,-0.09559703608677918,0.014031319388231099,-0.6174537129480119,-0.04146283732652693,0.028985626630983457,0.16690712267139945,0.15014610151229407,0.014305304821482802,nan,nan,nan,-0.6979415201345521,-0.06098903876411832,1.0,0.12212954199874144,10.0,0.0,0.0,0.0,-1.0582777519671478,-1.2681534374348777
52.95,9.004969373402332,-0.07895033938494365,0.005179625094684429,-0.6224796140933859,-0.05122408673014328,9.01225999004315,-0.09511304074467546,0.015066172530213695,-0.6503084842861969,-0.034429259780657286,0.028737940238281155,0.17040908726087917,0.15210884720200704,0.014026677687593843,nan,nan,nan,-0.6986639730104366,-0.047762166130880246,1.0,0.09559703608677918,10.0,0.0,0.0,0.0,-1.0390945589607392,-1.1940554002929435
53.0,8.97956465917137,-0.07919853646322712,0.0031491310557777326,-0.6420248666461694,-0.05060568653104116,8.98608403345562,-0.09549446484784509,0.013324349972480666,-0.666557982805561,-0.04026115013023391,0.028737537689523283,0.17272449727572775,0.15340837652087128,0.014221855430224523,nan,nan,nan,-0.6986294558967121,-0.047520717309380345,1.0,0.09511304074467546,10.0,0.0,0.0,0.0,-0.9865866895318134,-1.1501804747605577
53.050000000000004,8.94018913179815,-0.07949735496123679,0.00014526687937663346,-0.6655909992342233,-0.049540575185844975,8.945656161640219,-0.09607183780261416,0.008813323676151175,-0.6869658429964013,-0.06934796967167337,0.028765623147795603,0.17615317607813247,0.1553358358254988,0.014022122334927006,nan,nan,nan,-0.6986965449581505,-0.04771099729138584,1.0,0.09549446484784509,10.0,0.0,0.0,0.0,-0.9675987224864824,-1.1224827211810213
53.1,8.913240345111253,-0.07964299082596804,-0.0017961138211633305,-0.6781499614140276,-0.04756498748368661,8.882470458168882,-0.11395773943805448,0.007580650209519924,-0.702344247235339,-0.01832341058541457,0.028773619470652195,0.16821433060228744,0.14956475455369886,0.01430203711689105,8.61421820870514,-0.2950001118293966,0.5026841514086376,-0.6988706288530896,-0.04799902314980997,1.0,0.09607183780261416,10.0,0.0,0.0,0.0,-0.9555611803128773,-1.0750748455288084
53.150000000000006,8.872010415509441,-0.07977445964627311,-0.004588796935424117,-0.6928960187619744,-0.04699738845880695,8.840081547698883,-0.11424735296353045,0.005502445666520472,-0.7137783163429947,-0.03627996310455608,0.02877224179977393,0.1715510012245634,0.1515489681706539,0.014727744734911076,nan,nan,nan,-0.6985445084933042,-0.05691732718354281,1.0,0.11395773943805448,10.0,0.0,0.0,0.0,-0.899029854866867,-1.0830650388270404
53.201,8.830033328378548,-0.07979885933575893,-0.007435171307472613,-0.703945569216957,-0.04741478581147178,8.811441331950475,-0.11479256185850342,-0.001281010288512796,-0.7192183017232557,-0.04383352101545888,0.0291216052058449,0.1737415032900181,0.15285823166689963,0.014275098284837785,nan,nan,nan,-0.6986304530755197,-0.05706166415117586,1.0,0.11424735296353045,10.0,0.0,0.0,0.0,-0.8915626252280993,-1.0560566055450373
53.25,8.80172289271679,-0.07975154701208619,-0.00930542336073028,-0.7099079255190871,-0.046201429593863357,8.768143815323974,-0.1147037312391484,-0.0028500029617855027,-0.7260038588941711,-0.022847176641571577,0.029125273841976957,0.17697210064539617,0.15480452265390662,0.014567624213387061,nan,nan,nan,-0.6989006341202919,-0.05733337772829472,1.0,0.11479256185850342,10.0,0.0,0.0,0.0,-0.8963214288604521,-1.0357978593893225
53.301,8.758865188484418,-0.07958287898515856,-0.012033584674508744,-0.717122534093828,-0.04514327787692672,8.739042284967061,-0.1146481057271399,-0.009925878517995647,-0.7293107354215478,-0.04134169121147995,0.029449138034819664,0.17908783251488522,0.1560899082977284,0.014183772629499939,7.763495723154942,-0.30113251118727835,3.500540692512911,-0.6989629904855507,-0.0572891081445448,1.0,0.1147037312391484,10.0,0.0,0.0,0.0,-0.8794321099292041,-1.031402220237944
53.35,8.730079214102863,-0.07940433728532569,-0.01379753393835347,-0.7210639740652527,-0.043223713268454894,8.583411834507507,-0.13085059213669012,-0.01146509275594898,-0.7461072431019747,-0.05465137733988887,0.029447792196484746,0.1717421481716643,0.15099880813037858,0.014477747306922027,nan,nan,nan,-0.6992159188092436,-0.05726138652728352,1.0,0.1146481057271399,10.0,0.0,0.0,0.0,-0.8923954444660921,-1.008732506678584
53.400000000000006,8.701161210311163,-0.07917383237356795,-0.01548051006290536,-0.7237909937549446,-0.041512357149924836,8.553563064101835,-0.13036455877194855,-0.01532898404124694,-0.7457866941019868,-0.04534256551800266,0.029616518138340313,0.1738074573569556,0.15231924420032947,0.014102261675065151,nan,nan,nan,-0.6989846632889878,-0.06533218476248592,1.0,0.13085059213669012,10.0,0.0,0.0,0.0,-0.8604939288020375,-0.9863166650236148
53.45,8.657637881941046,-0.07873020576922937,-0.017905779833997718,-0.7265097519659875,-0.039628665366630754,8.508830539150829,-0.12964138666992922,-0.01837181411222133,-0.7453570697341242,-0.0651652777377929,0.029613774050335533,0.1768597901068286,0.15428102295460308,0.014478583781203334,nan,nan,nan,-0.6991335163031245,-0.06509020004560462,1.0,0.13036455877194855,10.0,0.0,0.0,0.0,-0.8625007261849653,-0.9839504960175574
53.503,8.61396666252731,-0.0781714999954174,-0.020191714499096187,-0.7288388678151114,-0.036704847320295775,8.479023638891128,-0.12906905265118107,-0.019442080382997325,-0.7450974680521405,-0.02697471031636173,0.029629605698375937,0.17886444587227332,0.15557576578161195,0.01409239770031497,nan,nan,nan,-0.6992479518181409,-0.06473013534140115,1.0,0.12964138666992922,10.0,0.0,0.0,0.0,-0.8611060601747983,-0.9838893203365432
53.551,8.584781793952178,-0.0777376809329518,-0.021638081193635066,-0.7301767233710541,-0.03601789701729462,8.42866114961615,-0.1167474276694971,-0.02140159087633764,-0.7452865057417881,-0.029895717781833732,0.029631187341937395,0.17141205640515197,0.1505652253211168,0.014465587924920293,8.429299001147387,0.0003334296574571405,0.0698385081045505,-0.6992912726011495,-0.06444516043901771,1.0,0.12906905265118107,10.0,0.0,0.0,0.0,-0.8611060601747983,-0.9838893203365432
53.601000000000006,8.540914592371553,-0.07699888678071269,-0.023749562631427048,-0.7319014770967834,-0.03422625337949903,8.398858541042612,-0.115803695113776,-0.02469590554625478,-0.7449706669523598,-0.045668953324585274,0.02975521165406144,0.17339156096151037,0.1518930438215638,0.014080813371906331,nan,nan,nan,-0.6995233367623962,-0.05830754643655567,1.0,0.1167474276694971,10.0,0.0,0.0,0.0,-0.8850407424172761,-0.9579839336729534
53.651,8.511618214795714,-0.07644840429785231,-0.02505975216156878,-0.73288596192632,-0.03177719065905153,8.354183563176514,-0.1146652909474004,-0.026666634298529775,-0.7445383540787854,-0.027122172500453342,0.029757282896861057,0.17632985607849275,0.15386751115820635,0.01451105792323579,nan,nan,nan,-0.6996156126782155,-0.05783726970338776,1.0,0.115803695113776,10.0,0.0,0.0,0.0,-0.8850407424172761,-0.9579839336729534
53.718,8.511618214795714,-0.07644840429785231,-0.02505975216156878,-0.73288596192632,-0.03177719065905153,8.354183563176514,-0.1146652909474004,-0.026666634298529775,-0.7445383540787854,-0.027122172500453342,0.029757282896861057,0.17632985607849275,0.15386751115820635,0.01451105792323579,nan,nan,nan,-0.6996722285353693,-0.057269950989967455,1.0,0.1146652909474004,10.0,0.0,0.0,0.0,-0.880995354469328,-0.9614678611541393
53.75,8.438229866572781,-0.07488182241945199,-0.027986310621203967,-0.7348844741861718,-0.027530943171179257,8.272458734195943,-0.14668168866836825,-0.03083317481381931,-0.7445393893153842,-0.025116411184464043,0.029942008911110533,0.1706573165867874,0.15010872051420143,0.014351655118141977,8.245271537224918,-0.5051118218056387,0.5756207484716753,-0.6996845916097675,-0.056880155130503596,1.0,0.11388315412496407,10.0,0.0,0.0,0.0,-0.8829905733244888,-0.9581436220293184
53.800000000000004,8.408827993182289,-0.07418498262052022,-0.029077022816939278,-0.7354280869269865,-0.027590788389901998,8.242695760391928,-0.1457654664335341,-0.031628427689940786,-0.7441019374572505,-0.0423491012335249,0.029940605394072454,0.17258672423282415,0.15144655975589452,0.014546639210694235,nan,nan,nan,-0.6993715725172225,-0.07320976990822103,1.0,0.14668168866836825,10.0,0.0,0.0,0.0,-0.8589039113326491,-0.9770248339116643
53.85,8.364692056035441,-0.07307088989435742,-0.03077331916394016,-0.7360871542171591,-0.028411581467457155,8.198084758414137,-0.14433908586997254,-0.032949400701296046,-0.7435098404522207,-0.01702058050422869,0.029940641058234862,0.175460897328295,0.15342833432031291,0.014400393668811674,nan,nan,nan,-0.6994081212627181,-0.07275409453551163,1.0,0.1457654664335341,10.0,0.0,0.0,0.0,-0.8671308049076528,-0.9681240473693823
53.900000000000006,8.33524915128794,-0.07228282327648482,-0.031920899202560186,-0.7364659674408477,-0.0289929855842375,8.168381665265663,-0.1422629484454137,-0.03799843214908627,-0.7431577171586934,-0.03846056237011248,0.030191251806833,0.1773626749153882,0.15473398417410242,0.013969633841478297,nan,nan,nan,-0.6994651150335781,-0.07204463606361244,1.0,0.14433908586997254,10.0,0.0,0.0,0.0,-0.8598303096384947,-0.9753860265875209
53.95,8.291059263962666,-0.07103354311450825,-0.03366615104389251,-0.7369956400931152,-0.02852064096022089,8.16573711867795,-0.08859334915800704,-0.04076595386069704,-0.7388863169030141,-0.042090563912283684,0.03020404474689844,0.16986094631953025,0.14974050351570062,0.014481500263150527,8.524175093385749,0.448630381504857,1.7589401325549676,-0.6996185741795218,-0.07101186945462423,1.0,0.1422629484454137,10.0,0.0,0.0,0.0,-0.8773252591292374,-0.9578137307882767
54.002,8.246833690257377,-0.06969998342999827,-0.0351649345850018,-0.7377879206543008,-0.02145637218597144,8.121428629378432,-0.0867495312043267,-0.04234094345543982,-0.7395440824591313,0.000525933427115348,0.03020821329226252,0.17271833870967715,0.15175324936554696,0.014713451303161902,nan,nan,nan,-0.6999957081376909,-0.04426773573152332,1.0,0.08859334915800704,10.0,0.0,0.0,0.0,-0.9297441791437436,-0.9188287010836192
54.051,8.217324319130482,-0.06876570785026583,-0.03589641268531567,-0.7382656535236456,-0.01648584450607928,8.091814265957428,-0.08797753290114192,-0.03796526538479483,-0.7398452266419311,-0.06708991004191639,0.029701756138731814,0.1746146004163248,0.15307349454139316,0.014311092991132637,nan,nan,nan,-0.699999412256294,-0.043661203319715014,1.0,0.08737793657009514,10.0,0.0,0.0,0.0,-0.9295143039220664,-0.9157670115996848
54.1,8.173033087756833,-0.06730582916677456,-0.03665571765057057,-0.7387749363493029,-0.010046212888733246,8.062240211261566,-0.08684613293367295,-0.039068126216117875,-0.7400247211708296,-0.030249183633380722,0.029705803914856593,0.17650250993544342,0.1543909048341159,0.014505876789478334,nan,nan,nan,-0.6999874203531256,-0.043960426422204435,1.0,0.08797753290114192,10.0,0.0,0.0,0.0,-0.9325209837611312,-0.9091590765646327
54.150000000000006,8.143493158566113,-0.06629991944811885,-0.036993623917803316,-0.7390001802752487,-0.0077096677523443135,8.017820878570381,-0.08701676687094023,-0.0352690701052385,-0.7401977343443353,-0.01038665338715301,0.0293657130044791,0.1793169530444614,0.15633824841848007,0.014214387407585306,7.570426866876083,0.05630923622499974,0.7841138640206817,-0.6999934449289592,-0.043395804997285126,1.0,0.08684613293367295,10.0,0.0,0.0,0.0,-0.919014737931336,-0.9201662418807506
54.203,8.099171696917619,-0.06475317760422174,-0.037414566735825584,-0.739213155951898,-0.006987571413324277,7.937001196501453,-0.0730798789711326,-0.03528759509198487,-0.7449519358919464,-0.009325595661305674,0.029369705787191686,0.17068308228952944,0.15056562936111545,0.014409265187977109,nan,nan,nan,-0.6999763978289338,-0.04348096108309463,1.0,0.08701676687094023,10.0,0.0,0.0,0.0,-0.903879335283786,-0.9326556189300279
54.252,8.069625992151842,-0.06370164581047003,-0.03767713176098016,-0.7389952188430331,-0.006186362533312879,7.89238434703927,-0.07021658215675039,-0.03890732904044114,-0.7438603440519036,-0.008940094213110625,0.02959151361906661,0.17351345412450137,0.1525620804997768,0.014127474349149124,nan,nan,nan,-0.6999949101604129,-0.035093877002776,1.0,0.07021658215675039,10.0,0.0,0.0,0.0,-0.9137001921426803,-0.907531920512212
54.304,8.025329079832517,-0.06209685490270065,-0.037981287588866985,-0.738616062289045,-0.004133108600147682,7.847809104343288,-0.06847613261743374,-0.03893163727246974,-0.7427772585948273,0.006512209762637369,0.029593191573787727,0.17632939724782576,0.15454420587330422,0.01450257046316075,nan,nan,nan,-0.6999927103162262,-0.03451492564073533,1.0,0.06905727564544703,10.0,0.0,0.0,0.0,-0.9120940944005357,-0.9091897538227246
54.35,7.995809585113449,-0.061011593147423715,-0.03811772178473509,-0.7384071199200698,-0.0030261849353158668,7.818094748219809,-0.06846099660982978,-0.03692854272424473,-0.742146517699909,-0.006626354362427583,0.02940922131849356,0.17819697658813619,0.15584047032541617,0.014264362394136663,7.774442786735791,-0.0500897452573873,0.007991112076095794,-0.6999927103162262,-0.03451492564073533,1.0,0.06905727564544703,10.0,0.0,0.0,0.0,-0.9120940944005357,-0.9091897538227246
54.400000000000006,7.951544845797269,-0.05936587120258945,-0.03825765039948468,-0.73815416815431,-0.0019167525088822739,7.768657644709137,-0.06517676456841762,-0.03709060279821053,-0.7417794581273107,-0.007832811218745357,0.02940950597114599,0.17068733933830327,0.1508127012774259,0.014497421297755195,nan,nan,nan,-0.6999942188600923,-0.03285026054723339,1.0,0.06572416464547629,10.0,0.0,0.0,0.0,-0.9114679447972869,-0.9088085658163125
54.452000000000005,7.922043945260815,-0.05825940650037443,-0.03831900010290917,-0.7379693051669249,-0.001314831671694929,7.739043671211881,-0.06301252334854088,-0.03830929858600163,-0.7412232303163999,0.029502872030622716,0.029586400035312602,0.1725712244555742,0.1521407286375566,0.014108596500390827,nan,nan,nan,-0.6999942188600923,-0.03285026054723339,1.0,0.06572416464547629,10.0,0.0,0.0,0.0,-0.9114679447972869,-0.9088085658163125
54.503,7.8778059202626824,-0.05658942421708487,-0.038401362050114136,-0.7377273202280579,-0.0016830209208461519,7.7094215606666685,-0.06187762457680738,-0.039100023222470526,-0.7407320986556939,-0.025234691390850265,0.029579614559941625,0.17445005684599552,0.1534697787882601,0.014302319753010651,nan,nan,nan,-0.6999837519510873,-0.03149584303938546,1.0,0.06301252334854088,10.0,0.0,0.0,0.0,-0.9262830230431821,-0.8937429604764463
54.553000000000004,7.848321786481608,-0.05547028193874667,-0.03843532126338435,-0.7375754256528322,-4.2031427803746805e-05,7.665004278141536,-0.06082146013839161,-0.03789160583346041,-0.7400707305530404,-0.017003717349473004,0.02947946835974617,0.17725614805272166,0.15542971240361478,0.01409393649474918,nan,nan,nan,-0.6999803637706405,-0.030401360526553844,1.0,0.06082146013839161,10.0,0.0,0.0,0.0,-0.9220093185736772,-0.8980216276152234
54.603,7.804106641941225,-0.05378379941750292,-0.03835419239175721,-0.7373703406469918,0.002133072936700741,7.6818305915522345,-0.03905214542992508,-0.03853247042899178,-0.7353261119541527,-0.009904922096217307,0.029487620545976454,0.16879113968457157,0.14967121594568625,0.014370328775415987,8.06212342687482,0.17435685456391573,0.8031804508591609,-0.6998735356938066,-0.019523591730077783,1.0,0.03905214542992508,10.0,0.0,0.0,0.0,-0.9424102085921074,-0.8893555648732469
54.651,7.774631114025092,-0.05265578230196558,-0.038213822371155656,-0.7374908898955348,0.004464900243446412,7.637732001815497,-0.037358800376762195,-0.03803934169035861,-0.7358822544828582,0.00875147140060686,0.02948944886953918,0.17161973173346767,0.151694387872322,0.014737440260990746,nan,nan,nan,-0.6998735356938066,-0.019523591730077783,1.0,0.03905214542992508,10.0,0.0,0.0,0.0,-0.9424102085921074,-0.8893555648732469
54.7,7.745149849713518,-0.051526831940122204,-0.03798653660576237,-0.7375990229759697,0.006217067581362141,7.608202704848608,-0.039818423151951846,-0.030489138090100013,-0.7361188770429438,0.01979908759417847,0.02897427647620724,0.1735015251903532,0.15301363412772961,0.014467619384075737,nan,nan,nan,-0.6998687920942561,-0.018677228104374777,1.0,0.037358800376762195,10.0,0.0,0.0,0.0,-0.9338236367229614,-0.8944407820044907
54.752,7.700923854021731,-0.04983708510802437,-0.03759241554876768,-0.73764619031458,0.006162996276692369,7.564050277572084,-0.038467913296197434,-0.03083128313962469,-0.7363819135334869,-0.0058876143492046455,0.02897094431337609,0.17631448140696726,0.15499500702495592,0.01483196735207897,nan,nan,nan,-0.6999608036907835,-0.019906581685505742,1.0,0.039818423151951846,10.0,0.0,0.0,0.0,-0.9153421053305681,-0.9110301895470776
54.80200000000001,7.656698363676505,-0.04815653031997545,-0.037229412622951354,-0.737588001479189,0.006318202499723573,7.475888167524298,-0.002880287884145749,-0.02641990977120079,-0.7408293144693683,-0.007464532789423753,0.02859061905042481,0.16878699181763993,0.1498477918669871,0.01446043671657005,7.147607744387235,0.37530217324895426,1.1605946100871318,-0.6999529069818686,-0.019231585338499002,1.0,0.038467913296197434,10.0,0.0,0.0,0.0,-0.9258683686632101,-0.8978396701574074
54.85,7.62721808197706,-0.0470419187796119,-0.03697222122969791,-0.7374962774204044,0.006455009469949033,7.446269643555341,-0.002097251219301934,-0.027131009946982143,-0.7404098626682453,-0.025004892535345147,0.02858807290733365,0.17067522058210602,0.1511988320576469,0.014653400027344781,nan,nan,nan,-0.6999880658834291,-0.02023545270629512,1.0,0.04047643023922183,10.0,0.0,0.0,0.0,-0.9220203452360863,-0.8998896775406838
54.900000000000006,7.597744281595489,-0.045932739145785356,-0.03667884195510052,-0.737212324229141,0.008540403622864902,7.416666349475005,-0.0014810425231776192,-0.027948564752905195,-0.7396417520165403,-0.019960783418198395,0.028560306062733853,0.172560280807871,0.15252190755303355,0.014258008778548926,nan,nan,nan,-0.6997619117204281,-0.001048625225289257,1.0,0.002097251219301934,10.0,0.0,0.0,0.0,-0.9467798387503663,-0.8596900399597367
54.951,7.5535654034249164,-0.044278701788224684,-0.035996458625043345,-0.7365703870350213,0.013199642434672074,7.372325297927426,-0.0002686327990109334,-0.026873759124389714,-0.7386356262064631,-0.004901682873667584,0.02856162909750173,0.17537865977693226,0.154510489629253,0.014549654006597591,nan,nan,nan,-0.6997409188099623,-0.0007405211262287992,1.0,0.0014810425231776192,10.0,0.0,0.0,0.0,-0.9466700033679595,-0.85996643471983
55.0,7.524131916680005,-0.043185982934383534,-0.035413960592817116,-0.7362146393319644,0.015182156044747513,7.342915475537592,0.004508925121596618,-0.03317285417912963,-0.7380779055091881,0.01581398286764997,0.029086685445676955,0.17724951824073923,0.15580472034457002,0.014154073547632089,nan,nan,nan,-0.6997497656812337,-0.00013431639869665446,1.0,0.0002686327990109334,10.0,0.0,0.0,0.0,-0.9406442760707598,-0.8671263961339482
55.05200000000001,7.480005328624576,-0.041568588972812105,-0.034425704433287886,-0.7357315481014176,0.017474554225463297,7.3148522844930515,0.012086527571472936,-0.0337304348982741,-0.7358557960681489,-0.015339325900208055,0.02908447236354963,0.1697317027838133,0.15067331796761602,0.01444558703990858,7.471543934269368,0.07438545254830084,0.0905525834598628,-0.6995607628679589,0.0022544587412984818,1.0,-0.004508925121596618,10.0,0.0,0.0,0.0,-0.9660119717453522,-0.8442894208334081
55.102000000000004,7.435902504150189,-0.03998168908095342,-0.03324098276677703,-0.7354008051945857,0.02174760542584647,7.285458979155055,0.013805409111313052,-0.03423453946134236,-0.7356400769625653,0.018677950608269284,0.02918689903712243,0.17161874174818198,0.15200069946089853,0.014063037704086219,nan,nan,nan,-0.6994463935476187,0.006043190218594674,1.0,-0.012086527571472936,10.0,0.0,0.0,0.0,-0.9660119717453522,-0.8442894208334081
55.150000000000006,7.4065094440388055,-0.03894414780505322,-0.032320708399200496,-0.7352048797945325,0.023521904830888164,7.241352844526564,0.015299791314513589,-0.03210069424794337,-0.7353034400537948,0.05151578327539027,0.029190838454410426,0.17444210292400644,0.1539966742891261,0.014357920539145575,nan,nan,nan,-0.6994077911825413,0.006902594926976313,1.0,-0.013805409111313052,10.0,0.0,0.0,0.0,-0.9539425784248685,-0.8549319495614733
55.2,7.377123520629076,-0.03792681561389659,-0.03136751735741181,-0.7350109524291157,0.023671786089785714,7.211957763505413,0.016235753900368854,-0.03138738227730231,-0.7350936935602845,0.019019641002694654,0.029186644426398584,0.1763175489146605,0.15531454874819256,0.014686530045669971,nan,nan,nan,-0.6994470386797159,0.007649746436227289,1.0,-0.015299791314513589,10.0,0.0,0.0,0.0,-0.938668098879355,-0.8696903128552589
55.25,7.33305744933204,-0.036443440340085134,-0.02995420991562957,-0.7347245080157695,0.023932759912619516,7.178095153342353,0.02759410711985106,-0.032440235640243564,-0.7338890978371652,0.022617459587884668,0.029326619997498356,0.16895996902836904,0.15023610790836006,0.01433462075688455,7.28865151888349,0.11808153362129918,0.06637491044178953,-0.6994538430393425,0.008117698634737547,1.0,-0.016235753900368854,10.0,0.0,0.0,0.0,-0.9509427923559736,-0.8563091210209929
55.300000000000004,7.303688358448883,-0.03548360335348585,-0.028967101589959757,-0.734552029157755,0.025278507346853857,7.148755684183647,0.02853974320068507,-0.03117604073153224,-0.7338052105849779,0.03729660762144517,0.029328217162814058,0.17085332814616538,0.15158560944944582,0.014529592356892104,nan,nan,nan,-0.6992519012008378,0.013796178196903153,1.0,-0.02759410711985106,10.0,0.0,0.0,0.0,-0.9600864691609858,-0.8476746897804652
55.354000000000006,7.2596452527795,-0.03409031298891497,-0.027385503414445053,-0.7343081638749649,0.02680586109614553,7.104901197467603,0.03462124454944381,-0.03812179858349384,-0.7335741557135306,-0.024063123977651396,0.02991338166912009,0.17368659106235865,0.153569075417601,0.014248846620429698,nan,nan,nan,-0.6992772893709956,0.01426890313098328,1.0,-0.02853974320068507,10.0,0.0,0.0,0.0,-0.9906862012837807,-0.8123383639560136
55.401,7.215616089100448,-0.03275652368525648,-0.02563873851350853,-0.7340095845136929,0.03182461510475065,7.075581119436518,0.03573490677521888,-0.037277964289485155,-0.7334017487679169,0.020565268494898932,0.029917841733034387,0.17556895145883533,0.1548909050712092,0.014444770045458027,nan,nan,nan,-0.6989248787550009,0.01730889349877618,1.0,-0.03462124454944381,10.0,0.0,0.0,0.0,-0.9906862012837807,-0.8123383639560136
55.45,7.18627381410525,-0.03190226624273752,-0.02430329171794208,-0.7337698232282339,0.034030314918345086,7.082755629447993,0.1012367906438197,-0.028595650774685396,-0.728416107198919,0.05468650094829493,0.02941134950622738,0.1681750640162143,0.14975793847184835,0.014172991270316094,7.5079772735810115,0.8049140566618934,2.934352442610921,-0.6989359870617454,0.017865552381372662,1.0,-0.03573490677521888,10.0,0.0,0.0,0.0,-0.9721145096175359,-0.8297794773353369
55.502,7.142271827253204,-0.030680583259996553,-0.022120661506200776,-0.7335916908335941,0.03859248329930325,7.053625892982823,0.10205905155429532,-0.027393032155105242,-0.7288731955911457,0.03351695118437127,0.02940792331168394,0.17007274301186248,0.15111151454482247,0.014369782108086164,nan,nan,nan,-0.6978073357495592,0.05057522980784235,1.0,-0.1012367906438197,10.0,0.0,0.0,0.0,-0.9977824211654069,-0.8098705743050898
55.550000000000004,7.112940562727262,-0.029908995650545993,-0.020483935489085968,-0.7334772138802161,0.04232661075739963,7.0099234969738,0.10407091385844325,-0.025451285144523883,-0.7294088055405271,0.045381179425312466,0.029516524963831035,0.17291446105663025,0.15310036924156492,0.01409662229661732,nan,nan,nan,-0.6978509933909529,0.050985301012699935,1.0,-0.10205905155429532,10.0,0.0,0.0,0.0,-1.0041403704050158,-0.8008867426460493
55.6,7.08361386774843,-0.029175568699038385,-0.018715956114800696,-0.7333170113286168,0.045121130102034245,6.980753874026314,0.10479456682422057,-0.02279443031147466,-0.7296292578501198,0.06305444613623333,0.029518747345121936,0.17480347065417384,0.15442566428584845,0.014294263229504613,nan,nan,nan,-0.6979021229275442,0.05198856780811045,1.0,-0.10407091385844325,10.0,0.0,0.0,0.0,-0.9969566993444653,-0.805235496294238
55.650000000000006,7.039636032752733,-0.02815550440573527,-0.015926474626228208,-0.7330218712032123,0.04699886695917519,6.9369374837074345,0.10430311037865163,-0.0167649832611465,-0.7298839792918108,0.07432637641639106,0.02934659660638297,0.1776254608823856,0.1563718951819497,0.014030801193175417,7.42845742447895,-0.3994124161853448,1.7813367248750844,-0.6980246208960165,0.05234941043189689,1.0,-0.10479456682422057,10.0,0.0,0.0,0.0,-0.986114293288877,-0.8146683018277411
55.7,6.995672802447496,-0.02724140955124099,-0.013130845471982252,-0.7327540472362393,0.04596887300942924,6.963365446582887,0.05958081290757638,-0.013819868464411744,-0.7247605712823796,0.07264429279026649,0.0293296550329325,0.16927871173011677,0.15060068449076142,0.014227075649406899,nan,nan,nan,-0.6983406111649157,0.05210435186103757,1.0,-0.10430311037865163,10.0,0.0,0.0,0.0,-0.9458568405740985,-0.8755851398642426
55.75,6.966361210673517,-0.026694600047192353,-0.01139289522543949,-0.7330368392331643,0.04161414770080665,6.919784068002931,0.057488467095018904,-0.007288170141793948,-0.7262241211828305,0.03713993051625607,0.028991880713384256,0.17212820441015064,0.15259528954640036,0.013972207410512683,nan,nan,nan,-0.6993347246342281,0.029781598462777392,1.0,-0.05958081290757638,10.0,0.0,0.0,0.0,-0.9458568405740985,-0.8755851398642426
55.800000000000004,6.922369222947399,-0.025971352702206265,-0.009107174980949023,-0.7334183423223755,0.03592138575759197,6.890726415119294,0.05768762111270398,-0.005577482256388322,-0.727138645055389,0.039253346270189206,0.02899252964547202,0.1740233683004528,0.15392419456800202,0.014171311681895223,nan,nan,nan,-0.6995458317331325,0.02873632101110779,1.0,-0.057488467095018904,10.0,0.0,0.0,0.0,-0.9467284900048946,-0.8704239818871634
55.85,6.893032217874419,-0.025550293982086216,-0.007750284618970235,-0.7335191011329825,0.03277911530498066,6.847114936742969,0.05946540624503441,-0.005324656671636507,-0.7282461109223217,0.03856938919781572,0.02918452002838038,0.17685556903147667,0.15587593374067713,0.013907658126202035,5.916196221414141,-0.34400933189085287,3.6761808782561807,-0.6995855446322794,0.02883581552939063,1.0,-0.05768762111270398,10.0,0.0,0.0,0.0,-0.9417127761836872,-0.8715884477926132
55.900000000000006,6.863692597970208,-0.025175223820133746,-0.0065038914702792265,-0.7335254461877462,0.030283486087297844,6.714279769874542,0.024396385155057664,-0.003254096393213057,-0.7383109865048696,0.043609643480798654,0.029170901760566668,0.16864094280168815,0.15017331336401385,0.01425271277364355,nan,nan,nan,-0.6995701024129837,0.029723946197024897,1.0,-0.05946540624503441,10.0,0.0,0.0,0.0,-0.9406839701312493,-0.8677560748049424
55.95,6.819699744578542,-0.024695156160653663,-0.004858605662282126,-0.7328249826393747,0.02447860141737107,6.6699181808913055,0.020827623715097218,0.002516884592070223,-0.736814903089925,0.011425624689369782,0.028693074215287773,0.17149850042718578,0.15217381126179105,0.013927686631020564,nan,nan,nan,-0.6999781756831,0.01041343543149953,1.0,-0.020827623715097218,10.0,0.0,0.0,0.0,-0.8975834336879459,-0.8841632004940737
56.0,6.775765821837202,-0.02430593702767065,-0.0036100285057323687,-0.7318822278703541,0.01848397184990368,6.640456342478387,0.020752848737446525,0.0034032027276103,-0.7357807828666327,0.03224749570289395,0.028695843296908736,0.17339762342716478,0.15350641540621773,0.01412707145866348,nan,nan,nan,-0.6999781756831,0.01041343543149953,1.0,-0.020827623715097218,10.0,0.0,0.0,0.0,-0.8975834336879459,-0.8841632004940737
56.051,6.746503852833326,-0.024090819499904728,-0.0029679714385702285,-0.731379161977925,0.014564768876447084,6.596420835942091,0.024692610698822687,-0.0022452601581708365,-0.7344540400140527,-0.004265523956516281,0.02918962264875739,0.1762340307068085,0.1554636387836236,0.01387158405727082,nan,nan,nan,-0.6999829828495939,0.010376051982277534,1.0,-0.020752848737446525,10.0,0.0,0.0,0.0,-0.8885765766655412,-0.8945152165442279
56.1,6.717258490346907,-0.023906446414932708,-0.0024419871226511493,-0.7310070267556572,0.01291738277100185,6.573967223221809,0.02565214632022726,-0.0020508542254256135,-0.7330601074392437,0.005259507634899642,0.029190882096308865,0.16795401722164874,0.14970347973264622,0.01406660192896114,6.643655426226742,0.035143635061407635,0.014025138962902806,-0.6999254879043605,0.012345678085836198,1.0,-0.024692610698822687,10.0,0.0,0.0,0.0,-0.915613295629338,-0.8693413434300371
56.150000000000006,6.673416345152345,-0.023678001503961293,-0.0016811891165607752,-0.7305231388168835,0.012426868564199025,6.530000589191389,0.025718851676798694,0.00013198677146641913,-0.7322775700933601,0.039074035621994116,0.029195474819854975,0.1708108099891798,0.15173080791275637,0.014444763874593487,nan,nan,nan,-0.699922545712952,0.012825369898326944,1.0,-0.02565214632022726,10.0,0.0,0.0,0.0,-0.9135580497483903,-0.873901502941748
56.2,6.644201851786121,-0.023554813144489994,-0.0012100398550358297,-0.7302764221994099,0.011053377921457816,6.500748735497365,0.02770779836570301,-0.002147062309438841,-0.7318624977157067,0.04047895185632024,0.029440239536451834,0.1727106243460407,0.1530462541671675,0.014076996168337056,nan,nan,nan,-0.6999433113826696,0.012858717076452031,1.0,-0.025718851676798694,10.0,0.0,0.0,0.0,-0.8973076815194576,-0.891023971255742
56.25,6.600396727876859,-0.023409789787309496,-0.0006373240908537525,-0.7299514526712906,0.008738099683643771,6.456848523723851,0.027793977764259462,-0.0012511434810589253,-0.7313010749113706,0.027883121729723126,0.02943888345651654,0.17554974253311129,0.15503134960305995,0.0143739471986962,nan,nan,nan,-0.6999104010685091,0.013853012956202448,1.0,-0.02770779836570301,10.0,0.0,0.0,0.0,-0.9014476487395626,-0.8863078358286844
56.304,6.556609765345971,-0.02330466518394592,-0.00015051491614018469,-0.7296676161387181,0.007828192726680477,6.42756030285213,0.025340072929859094,0.0023663919817189516,-0.7309726072281976,0.0033834059892117623,0.029142577031566013,0.17743369427196423,0.15631819249157053,0.01401489126023517,6.498054762766836,0.3861028722329518,0.491978816364758,-0.6999196979503984,0.013896094361099287,1.0,-0.027793977764259462,10.0,0.0,0.0,0.0,-0.9053716684455418,-0.8825622313254134
56.352000000000004,6.527426770435015,-0.02325294890361818,0.00017788407603847462,-0.7295229664934462,0.008691298346688052,6.391489083382023,0.05730828219891192,0.004266138641150885,-0.7298907815513849,0.0322456117539908,0.02915928185742985,0.17007377010867103,0.1512301684694405,0.014446440377307381,nan,nan,nan,-0.699766809067559,0.02869333942419372,1.0,-0.057402433001995115,10.0,0.0,0.0,0.0,-0.9207650255409331,-0.8683147164993118
56.400000000000006,6.4836622240829715,-0.023199361817180943,0.0007539139817773798,-0.7293226957752996,0.010121101329679982,6.362311289104591,0.05834087310455765,0.001649577679719627,-0.729711341631007,-0.014649406736200635,0.02929447802257125,0.17197504167349115,0.1525500404809587,0.014028438894952583,nan,nan,nan,-0.6997919729645051,0.028646302706093696,1.0,-0.05730828219891192,10.0,0.0,0.0,0.0,-0.9178982481911601,-0.8703780955255968
56.452000000000005,6.4544927773932494,-0.023178923237463105,0.0012100500222042628,-0.7291763577993806,0.012586821158176562,6.318533918611552,0.0582842743301546,0.0014771442506962273,-0.7294406476060388,0.016062956968280792,0.029297083928942657,0.17481797407293917,0.15454097307741507,0.014325882189697004,nan,nan,nan,-0.6997350868125085,0.029162166926047117,1.0,-0.05834087310455765,10.0,0.0,0.0,0.0,-0.9408188238026105,-0.8461102549082768
56.5,6.425329412371694,-0.023170262024587565,0.0017730664861922442,-0.7290231256021384,0.014659118949443928,6.289298412525989,0.053288120821176455,0.009664744768897558,-0.7292535566278253,0.00956115392339883,0.028704462081955488,0.1767053615114614,0.15583197274636917,0.013959391178349243,nan,nan,nan,-0.699732303578568,0.029133891575413795,1.0,-0.0582842743301546,10.0,0.0,0.0,0.0,-0.9285422700987717,-0.8576945504596057
56.550000000000004,6.381595320716932,-0.02318371407151803,0.00268518467136038,-0.728816006421213,0.015079457800957874,6.246616724761929,-0.010144039829334461,0.012039538997168364,-0.7289376916247923,0.04450574977301623,0.02868422507298242,0.16929961857249057,0.15069879497285452,0.014255655972142916,6.282067538230689,-0.6528013812348812,1.8157965967716647,-0.6998991733062158,0.026637758169051118,1.0,-0.053288120821176455,10.0,0.0,0.0,0.0,-0.9153163279598098,-0.8711486375244286
56.6,6.352445717982937,-0.02321346930394985,0.0032074906771404925,-0.7286895215518575,0.010502406132172721,6.217476119734213,-0.009116904064876422,0.010880758680724245,-0.7287939432407933,0.030376394800417733,0.02885702761685203,0.17120243665106735,0.15202344980986174,0.01389774785925722,nan,nan,nan,-0.6998975211145747,-0.005071976422115654,1.0,0.010144039829334461,10.0,0.0,0.0,0.0,-0.8498683149398243,-0.9360810027966426
56.652,6.308730906708703,-0.02329230734687973,0.003499702767431748,-0.7284968847065725,0.00020412422233651956,6.173755364986021,-0.009608661936342421,0.011342660819551043,-0.7285818623157124,-0.003741924548178792,0.02885408204679397,0.1740491337943917,0.15402068436021676,0.01419442857973188,nan,nan,nan,-0.6999165727688449,-0.004558420458735668,1.0,0.009116904064876422,10.0,0.0,0.0,0.0,-0.8575098258498017,-0.9275564126804636
56.702000000000005,6.265025938944223,-0.023399402561730082,0.0033998762816848478,-0.7283409157274828,-0.0033212742261982697,6.144615518067446,-0.009938089272377467,0.011161241489701544,-0.7284292375298473,-0.006121853406082159,0.02885404296434014,0.1759398497136858,0.15533936724337005,0.014470109733168413,nan,nan,nan,-0.6999087485301126,-0.004804294004808085,1.0,0.009608661936342421,10.0,0.0,0.0,0.0,-0.8695894477857893,-0.9146261757405152
56.751000000000005,6.235896004273553,-0.023479751313652413,0.0032154547065723145,-0.7281934696197248,-0.005317882775858509,6.074637371035645,-0.0008614502570453156,0.006572163341454828,-0.7306441780248566,-0.027715979052513877,0.029210015942437252,0.16866446652349357,0.15025591694977888,0.014279378583812867,5.894735147612314,0.06514002724312438,0.21588859652109993,-0.6999089372905526,-0.00496900373923026,1.0,0.009938089272377467,10.0,0.0,0.0,0.0,-0.8700024039198443,-0.913246362454255
56.80200000000001,6.1922167141296836,-0.023605326373240476,0.0028786978913470872,-0.727798073174815,-0.005089946168812047,6.04541814601402,-0.0010474402471254746,0.006713041248656904,-0.7300682518120223,0.014193508109042565,0.02921500800717833,0.17057158413431706,0.15160608253827218,0.014475943640660202,nan,nan,nan,-0.6999828359138522,-0.00043072510188579827,1.0,0.0008614502570453156,10.0,0.0,0.0,0.0,-0.8884583779407057,-0.8871149944856308
56.852000000000004,6.163112075246255,-0.02368876805563207,0.0026636301857661305,-0.7275133471350024,-0.00575176305214413,6.0016289859954295,-0.0016619104074637884,0.0068310980760646345,-0.7293151317940463,-0.003794056888322738,0.02917425088350297,0.17342485754120118,0.15358722148578666,0.014203556218116191,nan,nan,nan,-0.6999816703299321,-0.0005237200756802451,1.0,0.0010474402471254746,10.0,0.0,0.0,0.0,-0.8714153517862083,-0.9043735443166115
56.901,6.119474226883977,-0.023811352905791467,0.0022924897613916012,-0.7271586346488726,-0.006249352996825973,5.972461272142464,-0.0018523436403005509,0.0052567127211506914,-0.7288961980594681,-0.035267847883224054,0.029169943348210377,0.17532002570247854,0.15490930040445122,0.014400916264042319,nan,nan,nan,-0.6999794526303871,-0.000830955012476764,1.0,0.0016619104074637884,10.0,0.0,0.0,0.0,-0.8783228778290425,-0.8982435141850517
56.95,6.090393089338833,-0.023888826778233216,0.0020689311894095393,-0.7269538662126169,-0.004985684962814138,5.878725256906785,-0.09730849748908384,-0.0005955621325322014,-0.7333470478799525,0.010625729041966115,0.029708182245443804,0.16798292884585206,0.1497725310688244,0.014135846967386127,5.494132787954718,-1.125012846259347,5.35393469587876,-0.6999866202223319,-0.0009261715553279259,1.0,0.0018523436403005509,10.0,0.0,0.0,0.0,-0.8930302637490902,-0.8833961897157546
57.0,6.061325024524558,-0.02396382585115721,0.0018104069851908927,-0.7264601851678713,-0.009025974209320093,5.849405153549245,-0.09727639098414528,-0.001746944682302409,-0.7320062954098167,-0.010254374715870464,0.02970665367854457,0.1698911422310513,0.15112672032927188,0.014331161021802874,nan,nan,nan,-0.6991930712075521,-0.04861591115385622,1.0,0.09730849748908384,10.0,0.0,0.0,0.0,-0.8014489942739091,-0.9545223795054751
57.050000000000004,6.017769938132443,-0.024072438991484542,0.0009340731658654124,-0.7255723005429373,-0.01787556940071599,5.805515349908233,-0.09853285924845065,0.0009165541942497414,-0.7303077287771118,0.00979088669639444,0.029549468015341265,0.17274671272101688,0.15311412721714368,0.014134788269501597,nan,nan,nan,-0.6992318208809442,-0.04859989580099899,1.0,0.09727639098414528,10.0,0.0,0.0,0.0,-0.8126413225719892,-0.9459769606005907
57.1,5.9742597639195525,-0.024163464820276273,-0.0003882478691408554,-0.7249151937881531,-0.025173684013585794,5.776312294868026,-0.09856290173346849,0.0001391089122968481,-0.7294063195235148,-0.039258055741004425,0.029544607787802706,0.1746438141561378,0.15443990235167013,0.014332625233886667,nan,nan,nan,-0.6991201658191066,-0.04922662805611644,1.0,0.09853285924845065,10.0,0.0,0.0,0.0,-0.8008258730722134,-0.9605698454481392
57.150000000000006,5.945271529699302,-0.024207011595707834,-0.0014614394315020634,-0.7245830117835843,-0.02752363460147202,5.732575388922578,-0.09762865505497113,-0.003285289629808119,-0.7282538505067745,-0.03752996095896552,0.029651406441206757,0.17747658343066783,0.15638479013789472,0.01406509693316342,6.611112376459755,-0.31431849572791065,2.912734755158789,-0.6991467139219145,-0.04924161291656581,1.0,0.09856290173346849,10.0,0.0,0.0,0.0,-0.8220280783491315,-0.9407393227289164
57.2,5.916294926720571,-0.024231142091621173,-0.0025971476288218355,-0.7243247456422576,-0.028764057638829266,5.802180875116402,-0.11695274999068479,-0.004864237005140382,-0.7184816767595292,-0.041261639847440315,0.02964329182145872,0.16916068161750955,0.1506126110607026,0.01439760231892016,nan,nan,nan,-0.6992758456343595,-0.04877561064524549,1.0,0.09762865505497113,10.0,0.0,0.0,0.0,-0.828388087579404,-0.9372655085546985
57.25000000000001,5.8728330996572256,-0.024223424855073408,-0.004382683430209493,-0.7245894408030404,-0.03077561016882175,5.759059920811663,-0.11528276748687825,-0.00931283854848397,-0.7196973561986594,-0.03485019560533162,0.029818235264173928,0.1720194868490489,0.15260617844971858,0.014071445186979,nan,nan,nan,-0.6989967429922778,-0.05840985835677337,1.0,0.11695274999068479,10.0,0.0,0.0,0.0,-0.8307527509424292,-0.961346186029047
57.301,5.829337442783907,-0.024157534215166587,-0.00628983726686488,-0.7251235756004821,-0.03227382370761014,5.730264797613665,-0.11500111904546145,-0.010305233510600866,-0.720534898074929,-0.013550634106887473,0.02982120732825971,0.1739209427514837,0.1539355599329216,0.014269717394565878,nan,nan,nan,-0.6991848352994694,-0.057577672313144035,1.0,0.11528276748687825,10.0,0.0,0.0,0.0,-0.8341708700893637,-0.9545337461463963
57.352000000000004,5.800326989378851,-0.02407710679137151,-0.007608703138059518,-0.7253298030275953,-0.03346087787372,5.6870004796860565,-0.11841215373158752,-0.006120029294515828,-0.7214528847717443,-0.017130906500831322,0.029360418442523108,0.17676291183709342,0.15588643160961468,0.013996714680691488,5.368772473751748,0.1850298582752919,0.6956576063896873,-0.6992226423890924,-0.057437313300928494,1.0,0.11500111904546145,10.0,0.0,0.0,0.0,-0.8254538807420673,-0.959929464872761
57.401,5.756800973937183,-0.023896889990638145,-0.009696882767122954,-0.7254643296502353,-0.03589070270918972,5.622602702431578,-0.09130006294089725,-0.007558020044861723,-0.7252363895431769,-0.033520601860822744,0.029369271717622988,0.16857014300307013,0.15018294521321449,0.014190722382701823,nan,nan,nan,-0.6990164491228478,-0.059137042473203394,1.0,0.11841215373158752,10.0,0.0,0.0,0.0,-0.8151549195970071,-0.9649512561094125
57.45,5.727786074936854,-0.0237332901627302,-0.011106222244061336,-0.7253025981627531,-0.03458349778022771,5.579093015530236,-0.09035805917846526,-0.010593851234515393,-0.7251071404740229,-0.011378496068289319,0.029443131309645137,0.17143906034936465,0.1521825558665848,0.013996078107926316,nan,nan,nan,-0.6994930548665088,-0.04561836064119085,1.0,0.09130006294089725,10.0,0.0,0.0,0.0,-0.839256413536982,-0.9314515794202822
57.502,5.684277744006027,-0.023417385227070854,-0.01311506011308716,-0.7250419276668592,-0.03286546888270882,5.550092113279037,-0.09004053860429118,-0.012345012669395583,-0.72494909680529,-0.04217968054271896,0.029439353446089576,0.17334666185558137,0.1535154344244066,0.014341341217539966,nan,nan,nan,-0.6995821374227751,-0.045148328200903975,1.0,0.09035805917846526,10.0,0.0,0.0,0.0,-0.8353441411145677,-0.935080945511737
57.550000000000004,5.655280550482196,-0.023159498429797396,-0.014379721619945322,-0.7248881752571162,-0.030711646037463364,5.506639538305518,-0.08305311054273877,-0.025019440162856732,-0.7247288862133346,-0.05981103512332819,0.030202408664082612,0.17619684241781597,0.15547199635411657,0.014143949339205812,nan,nan,nan,-0.6996270423135992,-0.04498989017366917,1.0,0.09004053860429118,10.0,0.0,0.0,0.0,-0.8501224449679021,-0.9198159521742255
57.602000000000004,5.611794460991186,-0.02270078141337857,-0.016030383032231556,-0.7247380695845418,-0.024414695310202454,5.4070463108360585,-0.02678479546301993,-0.026246189107212103,-0.7316800575720734,-0.05074253327560119,0.030224977318734574,0.1679316615713605,0.149711388812594,0.0142811380454444,4.861060521379269,0.5415368219837529,2.8351743047791147,-0.6999049077917492,-0.04150270971643977,1.0,0.08305311054273877,10.0,0.0,0.0,0.0,-0.9113394458373039,-0.8377205492406554
57.651,5.5828173201046525,-0.022348353661719698,-0.01682933522017172,-0.724234404116765,-0.01675954994546324,5.363191050231676,-0.02560021373012997,-0.027547686348427195,-0.7299658396962485,0.0017968621022969875,0.03023009844470253,0.170801750474895,0.15173971050290905,0.014574688698858267,nan,nan,nan,-0.6999421666093152,-0.013391597147284884,1.0,0.02678479546301993,10.0,0.0,0.0,0.0,-0.9113394458373039,-0.8377205492406554
57.705000000000005,5.539396440556526,-0.021756191853983853,-0.01749025456996321,-0.7234361624259281,-0.007911112202857375,5.319429800010389,-0.025812413372778762,-0.026546224340848745,-0.7283709500118438,-0.04143876368006051,0.030056483179810165,0.17366205230618692,0.1537193796281938,0.014289335294563435,nan,nan,nan,-0.6999238722785318,-0.01279940786560374,1.0,0.02560021373012997,10.0,0.0,0.0,0.0,-0.8949960382172629,-0.8575801155694162
57.75000000000001,5.510472240294777,-0.021328464476435192,-0.01771240667823979,-0.7230380887655002,-0.004287457511589963,5.290314183529673,-0.02503906881689499,-0.025782038695359333,-0.7274882248213618,0.019701593832873093,0.030064198804923926,0.1755611486429151,0.15504086583406435,0.014485631719488646,nan,nan,nan,-0.6999454270129196,-0.013090037593855186,1.0,0.026181570600840164,10.0,0.0,0.0,0.0,-0.8928207028659274,-0.8617278690302015
57.800000000000004,5.467111516025054,-0.020650286595968993,-0.017840215370386815,-0.7225969728385808,-0.0009341766831241369,5.261286441620305,-0.019149168806328817,-0.032968227095373066,-0.72676223623908,-0.016038695672306147,0.030657682862674528,0.17745258492530722,0.15632754517052144,0.014112694416807254,6.343790345128156,0.27156897823344167,4.471380462735114,-0.6999384319234961,-0.012518880371263919,1.0,0.02503906881689499,10.0,0.0,0.0,0.0,-0.8880891534189567,-0.8691948751777422
57.851000000000006,5.43821744393957,-0.020179048537249823,-0.017779582246692884,-0.7223573156442811,0.0032647618394066936,5.339479181123824,0.00793959248292388,-0.032509905083002,-0.7150339516425841,0.012079780882708389,0.0306709736549718,0.17010053874883554,0.15123894151852885,0.014406583764431062,nan,nan,nan,-0.6998084620632838,-0.009574291843360783,1.0,0.019149168806328817,10.0,0.0,0.0,0.0,-0.9176716781796229,-0.8395588981979943
57.901,5.394878785985775,-0.019449960427684692,-0.0173582556524349,-0.7227071185086518,0.009744994998556755,5.310914430641321,0.011367136358271503,-0.03660097040982979,-0.7162604610175805,-0.002877281823049854,0.030972571408957487,0.17200992122473616,0.15255859495144247,0.014043405591474926,nan,nan,nan,-0.699534283169614,0.003969775387945962,1.0,-0.00793959248292388,10.0,0.0,0.0,0.0,-0.9425082109382023,-0.8472681797390688
57.95,5.365962844589407,-0.01895613857420903,-0.016846147001252934,-0.7231537700696217,0.014745423098883024,5.267932030591945,0.012921035173011625,-0.03652752036853224,-0.7178760748371801,-0.016972411055886483,0.030969490783951,0.1748663482882589,0.15455033495622042,0.014340748726919946,nan,nan,nan,-0.6993743012763523,0.005683506981653874,1.0,-0.011367136358271503,10.0,0.0,0.0,0.0,-0.9546039719018782,-0.8295610550026162
58.00000000000001,5.337033141561885,-0.018461388183959267,-0.01613466948319391,-0.7234308662032334,0.01963678873544119,5.239111385985622,0.006440153570805048,-0.024251479746502103,-0.7186278845145829,0.044407388497773,0.030082332621080392,0.17676358370280762,0.15584128664158772,0.013972520209322785,nan,nan,nan,-0.6993533123092956,0.006460427705109684,1.0,-0.012921035173011625,10.0,0.0,0.0,0.0,-0.9585543437841059,-0.8196950319713633
58.147000000000006,5.322565084085158,-0.01821514799519693,-0.015707931765395807,-0.7235302221750893,0.02188341850566545,5.224743055450217,0.006788733228605666,-0.0233492793090635,-0.7189755392963905,0.04522581451639951,0.03008241689225214,0.17770967177984223,0.1564941665246808,0.014072366214490881,4.442139771680893,-0.1937492052438955,2.3219780735154667,-0.6997358765790974,0.003220065655926252,1.0,-0.006440153570805048,10.0,0.0,0.0,0.0,-0.9105655330418807,-0.8670845534316822
58.152,5.279151090380903,-0.01749253993250372,-0.014414019464018076,-0.7236811661546642,0.02056921290808329,5.093360364468556,-0.009892687717735781,-0.021613010530320498,-0.7273555784823375,0.023086678775341814,0.030072765238493036,0.17031915161910222,0.15138255633282316,0.014367454848941018,nan,nan,nan,-0.6999601801846032,-0.0056194091804382396,1.0,0.011238936661273161,10.0,0.0,0.0,0.0,-0.8863578161391797,-0.8676211934519432
58.2,5.1779714691881225,-0.015945691937013055,-0.012004901028728861,-0.7221909448524712,0.01417633327714645,5.006179237366981,-0.010771492849486726,-0.015370047007288615,-0.7250518433694462,0.0226050929684356,0.029773033116265668,0.17603422715595304,0.15534922818315444,0.014406669211585616,nan,nan,nan,-0.6999601801846032,-0.0056194091804382396,1.0,0.011238936661273161,10.0,0.0,0.0,0.0,-0.8863578161391797,-0.8676211934519432
58.25000000000001,5.149093373654052,-0.01554264127053683,-0.011488412735277393,-0.7219224997669825,0.012112981958215367,4.9865767796916245,-0.015650015074646396,-0.016279806272230687,-0.7219756291905327,0.025478648966807602,0.030017485378745542,0.16875432781822752,0.15026435351006268,0.014141737189195194,5.2047447781905145,-0.09419535188212064,0.1880543774586945,-0.6999651097355649,-0.005385694352188608,1.0,0.010771492849486726,10.0,0.0,0.0,0.0,-0.8818043072641931,-0.8728477252203589
58.303000000000004,5.105788503713591,-0.014969405053220884,-0.010868599820591308,-0.7217852059132913,0.009069886294069626,4.957702011341395,-0.015179419323950026,-0.01573187531361731,-0.7219344745862681,0.02535045913451557,0.030017595290536277,0.17066904077049685,0.1516145373954267,0.01434033421244113,nan,nan,nan,-0.6999749799362758,-0.007824847832848647,1.0,0.015650015074646396,10.0,0.0,0.0,0.0,-0.8825009314615679,-0.8803468272791914
58.35,5.076920176018121,-0.01460678121064333,-0.010549725982574499,-0.7217449435716747,0.007349079637494056,4.914369276907299,-0.015954752716725692,-0.012668786218964277,-0.7218559977585525,-0.00027813639999865443,0.029844150852395734,0.173534036339932,0.15359541386784503,0.014165837861612548,nan,nan,nan,-0.6999767960960928,-0.00758956393524457,1.0,0.015179419323950026,10.0,0.0,0.0,0.0,-0.8816429131598005,-0.8802427751808346
58.401,5.033621330919604,-0.01408806039206928,-0.010165857074013039,-0.7216591558119418,0.005931263561285619,4.885498003821927,-0.015597756619003835,-0.01131492683176871,-0.7217832115555528,0.027452122415497708,0.02984791759776304,0.17543717540014858,0.15491741702156106,0.014363927325597157,nan,nan,nan,-0.6999922961941482,-0.007977207141980358,1.0,0.015954752716725692,10.0,0.0,0.0,0.0,-0.8731039231474609,-0.8871813521745195
58.45,5.004758897247145,-0.013757230917307618,-0.00997131458418161,-0.7215779537798599,0.004132337662090773,4.856544836264128,-0.046977440506497756,-0.008269270446848775,-0.720180533874562,-0.01632030287705855,0.029516813713373256,0.16809149811986174,0.14977913103582255,0.014104002547749083,4.984122960426695,-0.34519734700066057,0.4479558088669693,-0.6999956727062802,-0.007798720199506448,1.0,0.015597756619003835,10.0,0.0,0.0,0.0,-0.8731039231474609,-0.8871813521745195
58.501000000000005,4.961467957282392,-0.01328087690665574,-0.009844159836387928,-0.7215647749346742,0.0,4.82773696117887,-0.04674727849781677,-0.008143494193864509,-0.7203339235836459,-0.019247726210062648,0.029516712639571764,0.1700077833199123,0.15113296892815561,0.014302737405515518,nan,nan,nan,-0.6999189764837618,-0.02348440195057222,1.0,0.046977440506497756,10.0,0.0,0.0,0.0,-0.8640765273792246,-0.8994821818952325
58.550000000000004,4.9326070967434985,-0.01297416598735514,-0.009878310035111894,-0.7215522073602894,-0.0015980224855007726,4.784521088529329,-0.045940771705767915,-0.009400726948914251,-0.7204986668867858,0.008621015947371118,0.02957292580739824,0.17287648408840034,0.15311990277176687,0.014039813344694152,nan,nan,nan,-0.6999188618643916,-0.023369384093482992,1.0,0.04674727849781677,10.0,0.0,0.0,0.0,-0.8644143788752064,-0.8976626288114925
58.6,4.889318366335921,-0.012524845435696246,-0.010090880090234894,-0.7214829228818055,-0.005042589096759008,4.7557019462715475,-0.045665255768620766,-0.01019063694336708,-0.7205476106405092,-0.01696269279796955,0.029569927048739845,0.17478285288128562,0.1544453953506985,0.014239209096622298,nan,nan,nan,-0.6999355918701117,-0.02296634711045975,1.0,0.045940771705767915,10.0,0.0,0.0,0.0,-0.8549851462728666,-0.9056832369224961
58.650000000000006,4.8604622060721,-0.01222892184431564,-0.010323338022461812,-0.7214120529157855,-0.006061343277868591,4.712509341954051,-0.042483661617646454,-0.014183311337587766,-0.7205836851741019,0.03166356085016224,0.02989458796033699,0.17762994139583865,0.15639003479999836,0.01398431270190262,4.3902811387909795,0.0527328162253183,0.40173290591792243,-0.6999440988626848,-0.0228286613553923,1.0,0.045665255768620766,10.0,0.0,0.0,0.0,-0.865987252599471,-0.8935619692483874
58.7,4.817183955501259,-0.011784620670784972,-0.010749551046805752,-0.7212865854632687,-0.008095261105453248,4.647398302501713,-0.03349184997364362,-0.01353415206367492,-0.7240089227780033,0.001032840456519024,0.02989475177172709,0.16929776168895094,0.15061736432846284,0.014181970489283716,nan,nan,nan,-0.6999825779062193,-0.021238636793265542,1.0,0.042483661617646454,10.0,0.0,0.0,0.0,-0.8544372093919845,-0.9042353853449208
58.75000000000001,4.788341098976183,-0.011485726116938103,-0.011072037052316911,-0.7209735086183088,-0.007808299387818652,4.603950300999956,-0.0346509162752791,-0.01186495728863779,-0.7232130704601788,-0.012700731955611489,0.029675940341418867,0.17216785632795634,0.1526113488646155,0.013934280138533482,nan,nan,nan,-0.699996393101031,-0.016744359919204754,1.0,0.03349184997364362,10.0,0.0,0.0,0.0,-0.8667499246344497,-0.880540273550583
58.80200000000001,4.745101569875095,-0.011027462769824612,-0.011502187674860217,-0.7205190374487641,-0.006680775813020198,4.575029272628863,-0.03430351094441824,-0.012299594199666865,-0.7226860308595946,-0.00770970130615332,0.029676359862069932,0.17407554808990452,0.15394088714138648,0.014134809045038365,nan,nan,nan,-0.6999895706755039,-0.01732372491353651,1.0,0.0346509162752791,10.0,0.0,0.0,0.0,-0.8694332149382131,-0.8790369729089975
58.853,4.716288743766139,-0.010714703364542739,-0.011754046557677061,-0.7202713457043577,-0.006093719480543146,4.539233058205307,-0.05442168979525676,-0.011063264693771393,-0.7212221862495233,0.0039025479721814986,0.029594926369633467,0.16695759975363242,0.14894033407155363,0.013874927935639698,4.613878921606981,-0.2619706258091897,0.20496270424420016,-0.699908817320906,-0.027204131970293588,1.0,0.05442168979525676,10.0,0.0,0.0,0.0,-0.8482753790139859,-0.9034179733511674
58.900000000000006,4.687484656525049,-0.010396281162056719,-0.012004616016542681,-0.7200842403062934,-0.0068395168658635045,4.510388488574014,-0.054102885365678706,-0.011320359410321057,-0.720972752254308,-0.011331865937410002,0.02959345307474277,0.16888027119095608,0.15030094967294177,0.014152158054132289,nan,nan,nan,-0.6999134609546115,-0.027044847005337047,1.0,0.054102885365678706,10.0,0.0,0.0,0.0,-0.8547785479017612,-0.8966417169427009
58.951,4.6442891402952835,-0.009908798381170076,-0.012493353127431042,-0.7198875360411501,-0.008758104217590403,4.467133112969548,-0.05409943480701752,-0.010550054644502982,-0.7206369214831982,0.009976318467437278,0.029534447287957257,0.17175923614012342,0.1522989373271075,0.013964232038213089,nan,nan,nan,-0.6999047947020064,-0.027043122987528534,1.0,0.05409943480701752,10.0,0.0,0.0,0.0,-0.8449759169794129,-0.9063563064716893
59.00000000000001,4.615498662478517,-0.009575481349686039,-0.012871078633836958,-0.7197617413676328,-0.010043222781636997,4.438311272500865,-0.05379821328448314,-0.010215210229282956,-0.7204358908413128,0.004297432696594388,0.029534419810759445,0.17367283792632088,0.15363071947585327,0.014245738216478501,nan,nan,nan,-0.6999047947020064,-0.027043122987528534,1.0,0.05409943480701752,10.0,0.0,0.0,0.0,-0.8449759169794129,-0.9063563064716893
59.051,4.572322112208578,-0.00906090706457918,-0.013550762925373435,-0.7195842871635016,-0.012089151250677384,4.395130589539659,-0.050542712313167225,-0.01516034441679004,-0.7201596605661296,-0.009106065164398746,0.02986945025180038,0.17653127946408326,0.15558568691570324,0.01397571356055704,nan,nan,nan,-0.6999026546372272,-0.026892621734102562,1.0,0.05379821328448314,10.0,0.0,0.0,0.0,-0.8466685087370825,-0.904225593213115
59.1,4.529155838558703,-0.00852391343850807,-0.014291082961672636,-0.719429946793059,-0.011966974440404673,4.442862315764192,-0.07430053470196339,-0.015022775416169145,-0.7123147494195544,-0.012889352129982408,0.029860415628472532,0.16821613776041597,0.14980889603253286,0.014172662900187672,5.0624812353172395,-0.3198010363943753,1.915282417578589,-0.6999642569605419,-0.02526597843864664,1.0,0.050542712313167225,10.0,0.0,0.0,0.0,-0.8619559459591651,-0.8891759560377327
59.150000000000006,4.50037279733072,-0.008150735174156952,-0.01478653835307228,-0.7198064342029323,-0.012810622056157558,4.4001041530483125,-0.07365643501130133,-0.015067888560847285,-0.713761926155611,0.003508459472078692,0.029862891019716575,0.1710949732444718,0.15183473824059285,0.014468931418941034,nan,nan,nan,-0.6998289023096347,-0.0371331906038197,1.0,0.07430053470196339,10.0,0.0,0.0,0.0,-0.8563465796466544,-0.9167754078020135
59.201,4.457169593669761,-0.0075698070966780575,-0.015624095386995315,-0.7202913144871572,-0.014884704443466526,4.3715885840175925,-0.07025582477697354,-0.019591017232357455,-0.7146596142774312,-0.007880569400044233,0.030226368762270493,0.17301031563514455,0.15314854089164764,0.014098715484518251,nan,nan,nan,-0.6998345306663813,-0.03681158078910585,1.0,0.07365643501130133,10.0,0.0,0.0,0.0,-0.8477290055110807,-0.9203933509921951
59.251000000000005,4.428355697662152,-0.007166102086162802,-0.01622401484598318,-0.7204792202037285,-0.014883755933393014,4.328693587854099,-0.06941093726261242,-0.021034911975561954,-0.7157715015719031,-0.04643655144800033,0.0302216790577956,0.17587370227391988,0.15513235505428505,0.014396099591126746,nan,nan,nan,-0.6999156703592639,-0.0351134741441026,1.0,0.07025582477697354,10.0,0.0,0.0,0.0,-0.8600995816566454,-0.9051442226596388
59.300000000000004,4.399536202972661,-0.006747336335531616,-0.016807495297839932,-0.7205932810234364,-0.01432500770511183,4.363760335476891,-0.05724947728761842,-0.02246643361823431,-0.7099395243079143,-0.013537709729762032,0.03030325342931681,0.16766962461438273,0.14939793749930627,0.014029750302736094,4.886455878759859,0.05718329262601745,1.221295688029418,-0.6999232167750499,-0.03483324510724373,1.0,0.06969468062381604,10.0,0.0,0.0,0.0,-0.862842977972531,-0.8993588880490221
59.351000000000006,4.356294206332282,-0.006088788518945857,-0.017608168892167656,-0.7210388393510911,-0.012277744008557119,4.3211362052863524,-0.05630839473283851,-0.022222875756975125,-0.711994033382921,-0.0288690614733591,0.030301521029849437,0.170556438214245,0.1514287186763116,0.014409186129412273,nan,nan,nan,-0.6999867600540652,-0.028616924347094397,1.0,0.05724947728761842,10.0,0.0,0.0,0.0,-0.8830008653368662,-0.8956135168259411
59.400000000000006,4.327446630742994,-0.005629723121933901,-0.01805074104070124,-0.7213835618078629,-0.010238235995321756,4.292669111462986,-0.05453303130669144,-0.024451401421927255,-0.7131587660327018,-0.02687578044884417,0.030442870100214414,0.17247763596672572,0.1527464305540143,0.01404603658180349,nan,nan,nan,-0.6999877176859942,-0.02814676201127675,1.0,0.05630839473283851,10.0,0.0,0.0,0.0,-0.8860650277340557,-0.8857920232671205
59.451,4.284158832548602,-0.004912804590575555,-0.018553258751179184,-0.7216468206051525,-0.0070273896052687555,4.249861529979234,-0.05348957914783581,-0.023957869063607973,-0.714592827790267,0.011036844017268536,0.03044758245667041,0.1753502761228075,0.15473491469651854,0.014343845009746626,nan,nan,nan,-0.6999972395916938,-0.027259761451940534,1.0,0.05453303130669144,10.0,0.0,0.0,0.0,-0.887883200060979,-0.8798863253410908
59.501000000000005,4.240864316101059,-0.004166734561114486,-0.01892785446926314,-0.7216716684248331,-0.006166230105114277,4.221249218828448,-0.054637769183603635,-0.02265483280071923,-0.7152729967005507,-0.028569531688009558,0.030221156635265665,0.17725723431468962,0.15602404962375663,0.013975540748920701,nan,nan,nan,-0.6999972939980702,-0.026738415604580013,1.0,0.05348957914783581,10.0,0.0,0.0,0.0,-0.8702301717756205,-0.8925077616269086
59.550000000000004,4.2120036403473025,-0.003655669095053092,-0.019146663028794947,-0.7215957517777711,-0.004934345496621325,4.276213812860959,-0.0554257870648484,-0.022837850191111727,-0.7067512654376301,-0.003930874353675047,0.030224001866849533,0.16978720313025963,0.15086324716222574,0.01427211236440813,5.071775603753327,-0.07053165764764076,2.6554219637561807,-0.6999924084935071,-0.027312091410244932,1.0,0.054637769183603635,10.0,0.0,0.0,0.0,-0.8818154889260458,-0.8780846870048676
59.6,4.183139833990733,-0.003133739096944486,-0.019324627774763823,-0.7218968776782134,-0.004398805028152269,4.247929126230958,-0.054862838444591305,-0.023045002215803745,-0.7087617363896336,-0.008885193310731766,0.03021278676025159,0.1717086099401376,0.1521861167190654,0.01392270003006365,nan,nan,nan,-0.6999917060813151,-0.02770580225779895,1.0,0.0554257870648484,10.0,0.0,0.0,0.0,-0.8842308657664147,-0.9008917496048555
59.652,4.139808831991107,-0.002335509727710624,-0.019584672322432172,-0.7225272649242243,-0.00419835881102467,4.205361597451612,-0.05387664111939048,-0.023320185363959748,-0.7112537845683666,-0.0037337733580683724,0.03021337842068291,0.1745839754364839,0.1541809356776521,0.014442515116848024,nan,nan,nan,-0.6999932868823813,-0.02742454177043996,1.0,0.054862838444591305,10.0,0.0,0.0,0.0,-0.8836937714537562,-0.8949697579859449
59.704,4.096454852286786,-0.001520811729854713,-0.019827828896207583,-0.7227501075880607,-0.003988725985768949,4.176906971706979,-0.053206545605036695,-0.023990270970842605,-0.7124598110737025,-0.012583954544607576,0.030212110999356716,0.17649406070977325,0.15549809023974423,0.014576680265247485,5.124537100938773,-0.8158945533328401,nan,-0.6999976217396664,-0.02659699945156646,1.0,0.053206545605036695,10.0,0.0,0.0,0.0,-0.8816760137747649,-0.8847367416018542
59.75000000000001,4.067549870479743,-0.0009691430798579304,-0.019976531911682294,-0.7227428204171356,-0.003487826735159618,4.24006930971977,-0.11981793489917775,-0.024378621604730366,-0.704110351779214,-0.027988975663991035,0.030184589791108617,0.16932686292586452,0.1505048042807101,0.014374100250668565,nan,nan,5.313450675729747,-0.6999976217396664,-0.02659699945156646,1.0,0.053206545605036695,10.0,0.0,0.0,0.0,-0.8816760137747649,-0.8847367416018542
59.800000000000004,4.038641810776685,-0.00041113531113352555,-0.020147744529427934,-0.722995514977605,-0.005677825704356968,4.211889284404201,-0.1191275647167002,-0.02453951802223742,-0.7064560277769433,-0.005815541443042342,0.03018782449387572,0.1712569920431715,0.15185229523553773,0.014569804211493165,nan,nan,nan,-0.6995599811622838,-0.059837448619019185,1.0,0.11981793489917775,10.0,0.0,0.0,0.0,-0.8493052256112295,-0.9389528204136497
59.85,3.9952478932487145,0.0004329963518843558,-0.020708000731310072,-0.7235599741364442,-0.012012771025015802,4.1693584476865455,-0.12318363361109519,-0.018117873134066986,-0.7093708200454355,-0.01576193467846786,0.029570870963361636,0.17414556921905286,0.1538295534860857,0.014285440865006762,nan,nan,nan,-0.6995724204591697,-0.0594934909216569,1.0,0.1191275647167002,10.0,0.0,0.0,0.0,-0.837370041868217,-0.9435913614317822
59.900000000000006,3.951836895831702,0.0012907033341734671,-0.021649068524971646,-0.7236478632621367,-0.018327516813652356,4.1409743444978835,-0.12265907398221608,-0.01925050834188724,-0.7107475065153687,-0.02234070891824646,0.029570486269343506,0.1760643466745651,0.15514911730812983,0.014482014208303378,nan,nan,nan,-0.6993409717637615,-0.06151410968277915,1.0,0.12318363361109519,10.0,0.0,0.0,0.0,-0.8230586138254891,-0.9470835721140792
59.95,3.922899390108981,0.0018751808551474092,-0.022464004073055866,-0.7235324582224514,-0.021460989961736697,4.019857848381543,-0.18023575128154734,-0.02546612506277768,-0.7202946914947324,-0.035959107268992235,0.03001029213754533,0.16863583860178452,0.14997814915260013,0.01420668910134007,3.4133015067389496,-0.8213314028943677,3.539101927205458,-0.699382622899499,-0.06125281688111173,1.0,0.12265907398221608,10.0,0.0,0.0,0.0,-0.825363412895415,-0.9403635908491115
60.001000000000005,3.8795306915400247,0.0027762956247899245,-0.023976567146828092,-0.7223692334625215,-0.0283907685601553,3.991062836769814,-0.1794920686838904,-0.026935103899555113,-0.719595520906824,-0.039856805382884435,0.030010306890949967,0.17056505760895652,0.1513304028423794,0.014404074431476762,nan,nan,nan,-0.6985485212093487,-0.0898751014786896,1.0,0.18023575128154734,10.0,0.0,0.0,0.0,-0.779180073702107,-0.9511496263694282
60.053000000000004,3.850664028031366,0.00339904468444718,-0.02521551449516449,-0.7215204789522811,-0.03235116669582164,3.9479080342100015,-0.1790226392954378,-0.027551770527666438,-0.7187140173975576,-0.039622943330649266,0.029924256773041218,0.17345090382716,0.1533153515194215,0.014265424161506187,nan,nan,nan,-0.6986670774271204,-0.08927339923210909,1.0,0.1790226392954378,10.0,0.0,0.0,0.0,-0.7858036301438729,-0.9480229985096911
60.1,3.821828982309032,0.0040444570753853755,-0.0265878991928963,-0.7207871518529935,-0.03538243892064114,3.919175366403067,-0.17821909416286622,-0.02864502532746549,-0.7182585747130136,-0.022666619150542848,0.029926953175883775,0.17536724952850868,0.15463940131884032,0.014404551186501649,nan,nan,nan,-0.6986670774271204,-0.08927339923210909,1.0,0.1790226392954378,10.0,0.0,0.0,0.0,-0.7858036301438729,-0.9480229985096911
60.150000000000006,3.7786266367315706,0.005063334156766316,-0.028845546045257204,-0.7198604100312973,-0.03923017377687641,3.8761265433047956,-0.17618046755537312,-0.031216559546141553,-0.7176785726056849,-0.002008792850275317,0.030020911147022638,0.17822730233241932,0.1565822502150135,0.014127834503366332,3.6289885848403545,0.2069822597151884,0.75123358319573,-0.6987307145098142,-0.08887480599160824,1.0,0.17821909416286622,10.0,0.0,0.0,0.0,-0.7813688916349244,-0.9532800730305695
60.201,3.73547523876658,0.0061535643750904295,-0.031320624694576214,-0.7191159941034534,-0.04263126026446475,3.819284604787386,-0.14093417114553367,-0.03325547657055905,-0.7201663570573421,-0.0492712455572136,0.030028422595791776,0.16980398455390516,0.15078310109504822,0.014320689979844172,nan,nan,nan,-0.6988771964367084,-0.08786343199845525,1.0,0.17618046755537312,10.0,0.0,0.0,0.0,-0.7790945459806946,-0.9573497325055897
60.25000000000001,3.7067332539185442,0.006927211461410523,-0.0329706988168792,-0.7186038429799332,-0.03993400061681541,3.7760687799155233,-0.14177067698093018,-0.03246550406147496,-0.719235592375574,-0.05049389366889062,0.029746518666904368,0.17268300762052308,0.1527756002262532,0.014153819467040907,nan,nan,nan,-0.699518433311869,-0.07035079449191173,1.0,0.14093417114553367,10.0,0.0,0.0,0.0,-0.8250726840933614,-0.9072341980390365
60.301,3.663657969342622,0.008165510294419533,-0.03521226220626187,-0.7179460234697023,-0.03572627288562399,3.7473200662007216,-0.14082541638940516,-0.03406327647913354,-0.7187307106964357,-0.04017816888028676,0.029747548771875115,0.17459588232241868,0.15410412049233083,0.014351254721186188,nan,nan,nan,-0.6994866120023875,-0.07076696856135456,1.0,0.14177067698093018,10.0,0.0,0.0,0.0,-0.8243552778695887,-0.9095401277065017
60.35,3.6349621994193724,0.009042332623331427,-0.03658780461303927,-0.7175875076634164,-0.03365513061848976,3.704220631368207,-0.13998366956362815,-0.034466849515989655,-0.71808810427134,-0.026352658030031922,0.029671866720731157,0.17745228327672555,0.15605400497861935,0.01406781800068581,3.1990622195472875,0.827859933344215,4.318956093213093,-0.6995405492919666,-0.07029668559027513,1.0,0.14082541638940516,10.0,0.0,0.0,0.0,-0.8236108067875804,-0.9112064043802738
60.400000000000006,3.59194462292853,0.010432342509780286,-0.038533278577134664,-0.7171499093701662,-0.03176571320284307,3.6182935652551653,-0.05281771452098141,-0.03531220772566578,-0.7234404929256243,-0.022113775823058884,0.029704406075782824,0.16915462155784486,0.1503278651473885,0.014263899015479415,nan,nan,nan,-0.699561166574366,-0.06987787622631281,1.0,0.13998366956362815,10.0,0.0,0.0,0.0,-0.8197079373503537,-0.916250906687899
60.451,3.5632869461887777,0.011408705727121077,-0.03966575534177116,-0.7166221640069491,-0.025371941679082903,3.574955498434235,-0.05084024748726397,-0.03890554937871027,-0.7218082112226487,-0.049739040256141634,0.029750592356634648,0.1720324179811514,0.1523267997543559,0.013991612191438052,nan,nan,nan,-0.6999722175462686,-0.026402720405066304,1.0,0.05281771452098141,10.0,0.0,0.0,0.0,-0.8773197945861992,-0.8442032327233491
60.50000000000001,3.5203427081217535,0.012948144556193352,-0.0407757078945338,-0.7159144980030568,-0.01351792151075409,3.546115888399986,-0.049696008423461516,-0.04036347486182512,-0.7208273607750426,-0.005667994645639718,0.029754792049042144,0.17394478406757688,0.15365919889420696,0.014190711370434416,nan,nan,nan,-0.6999362994429279,-0.02541465051750791,1.0,0.05084024748726397,10.0,0.0,0.0,0.0,-0.8970889786591509,-0.8279930616394138
60.550000000000004,3.4917351416988307,0.014016821635841668,-0.041170990017233844,-0.7155527279711452,-0.00806711512709332,3.502924938449352,-0.04806786552985287,-0.04092565055130226,-0.7195784154129912,-0.01964246125175494,0.02973696764900102,0.1768009211290496,0.1556153232412467,0.013927731798583963,nan,nan,nan,-0.6999156907222153,-0.02484289219300173,1.0,0.049696008423461516,10.0,0.0,0.0,0.0,-0.8834611063596848,-0.8433777685787979
60.601000000000006,3.4488483342683796,0.01566823036362431,-0.04141933280579718,-0.7151559169682572,-0.0013693504930348884,3.4753296626250756,-0.018722438611464446,-0.04194172481755043,-0.7189156952249188,-0.0063642578002483345,0.02974819497195275,0.16844000763327094,0.14983521305450223,0.014125263748087265,3.5003986221306786,0.2689912940043073,0.3654822625850044,-0.6999000821258197,-0.024029306795160466,1.0,0.04806786552985287,10.0,0.0,0.0,0.0,-0.8925274097105692,-0.8369682519452736
60.650000000000006,3.4202699409266777,0.01679467678787357,-0.04134258495274366,-0.7149256366430303,0.003995243907157147,3.4322491318211465,-0.016948260029416733,-0.04004030198986053,-0.7180394086531983,0.019100615310983077,0.029751132787820694,0.17131517930867027,0.15186239472619256,0.014422354639313881,nan,nan,nan,-0.6996285053589024,-0.00936094587131997,1.0,0.018722438611464446,10.0,0.0,0.0,0.0,-0.910494352562457,-0.8181786441986384
60.7,3.391700558705419,0.017935827987417052,-0.04107329773354631,-0.714739254931783,0.00800847225408361,3.40357724537688,-0.015022714358519285,-0.04123154270050566,-0.7175667561829177,0.002745418915280169,0.029844053584222072,0.17322738024789908,0.15317717179233867,0.014057931386636741,nan,nan,nan,-0.6996512763516213,-0.008473927178538787,1.0,0.016948260029416733,10.0,0.0,0.0,0.0,-0.899876760514858,-0.8306604992966374
60.752,3.348858547579852,0.019662389540170366,-0.04043335121992703,-0.7145260751889027,0.012720990113173628,3.3605726112680347,-0.013249909144232342,-0.04073399295335411,-0.7169479977080444,0.012681405996232487,0.029844537950522127,0.17608532864126056,0.15516218100317633,0.014356054573500051,nan,nan,nan,-0.6996020665549593,-0.007511215919231873,1.0,0.015022714358519285,10.0,0.0,0.0,0.0,-0.9099109535608885,-0.8208114760484366
60.800000000000004,3.320303679314215,0.020816871000186848,-0.03985504875081171,-0.7144156217140883,0.015354263798609028,3.3319392073988428,-0.011493855917776309,-0.0403788818291635,-0.7166104517565018,0.03556647490379458,0.029917294948316943,0.1779819788325704,0.15644857402724416,0.013996885575498084,3.50889451593823,0.49828843222775254,1.0584280380808726,-0.6995928378889232,-0.006624857651532423,1.0,0.013249909144232342,10.0,0.0,0.0,0.0,-0.9071532058681059,-0.824495001105754
60.85,3.2774784539642035,0.022542176893225095,-0.038847717966481676,-0.7142745606951548,0.0173994758260418,3.30867825921876,0.035584589892088174,-0.03994410441110485,-0.7145666956341019,0.015159428723148575,0.029931459700806965,0.17055033053753396,0.15134319230489088,0.014375144033936905,nan,nan,nan,-0.6995802601408474,-0.005746864691865028,1.0,0.011493855917776309,10.0,0.0,0.0,0.0,-0.8989944713380121,-0.8327293560239065
60.900000000000006,3.2489312211023593,0.023683218657097587,-0.03808407692500718,-0.714229763515126,0.020942422483540845,3.2800758834685535,0.035303070529826425,-0.037072133019834475,-0.7144710590770471,0.027409804513562293,0.02975616619225601,0.17246410257910974,0.15266265843487103,0.014016229427055299,nan,nan,nan,-0.6988336777564795,0.017790417825449545,1.0,-0.035584589892088174,10.0,0.0,0.0,0.0,-0.9422348328261722,-0.7897592200474165
60.954,3.2061139580380287,0.025375586770052565,-0.036601839225104175,-0.7141405193257903,0.026791817041085447,3.2372390407918616,0.03687623231510989,-0.03600913222779445,-0.7143525805729721,0.016395747298110094,0.029753773793643842,0.17532642180917282,0.15465330270119634,0.014311830559250385,nan,nan,nan,-0.6989521937659102,0.017649702338539797,1.0,-0.035303070529826425,10.0,0.0,0.0,0.0,-0.933247436594725,-0.7990629667292568
61.00000000000001,3.1633000522091694,0.027030614262208395,-0.03484935925461424,-0.7140592929868974,0.030880589464148366,3.208583299164276,0.03465767377310324,-0.030062328723529763,-0.7142773101262868,0.03257196975238108,0.029364304462949593,0.17722717203652838,0.1559438897388901,0.014095943894642346,nan,nan,nan,-0.6989627598771709,0.018436027150960488,1.0,-0.03687623231510989,10.0,0.0,0.0,0.0,-0.9373391462945425,-0.7946290070017831
61.05200000000001,3.1347584346371407,0.028106179711307223,-0.033593379941890156,-0.7140335967864072,0.03149446684148417,3.205809813605244,0.04608468576034867,-0.028076976893005593,-0.7104492764586893,0.042260819355098164,0.029369338581632834,0.16975440023526014,0.1507949834287691,0.014329237757018816,3.5491079848578826,0.1514633133201004,0.49636038171591923,-0.6992141317170154,0.017327102648351467,1.0,-0.03465767377310324,10.0,0.0,0.0,0.0,-0.9211125446465362,-0.812036673024096
61.1,3.106214311630919,0.029155375288231134,-0.03232709370995979,-0.7141530617320268,0.031783584380498484,3.163293460205998,0.05090210083686739,-0.03205754846273301,-0.7113108580473563,0.03089427790899373,0.029818812391406404,0.17262792633785004,0.15278720109170402,0.01420074363873057,nan,nan,nan,-0.6988280594650059,0.025213522892742812,1.0,-0.05043773435985171,10.0,0.0,0.0,0.0,-0.941322343015588,-0.7977421136011834
61.150000000000006,3.0633822548220784,0.030675265354507996,-0.030371625895638864,-0.7143827176325701,0.033640152024037584,3.134850979465909,0.05179665135057274,-0.030783298080637067,-0.7117116916105023,0.017155304519708148,0.029816689514274408,0.17453899322711572,0.1541155450101217,0.0143400693456702,nan,nan,nan,-0.6988280594650059,0.025213522892742812,1.0,-0.05043773435985171,10.0,0.0,0.0,0.0,-0.941322343015588,-0.7977421136011834
61.202000000000005,3.0205401127704237,0.03212594479788508,-0.028259792079042126,-0.7144568608296564,0.03630476284767524,3.1063923179228516,0.05265349812270346,-0.028405148305457928,-0.7120143063475342,0.04496324241328148,0.02981980758368871,0.17644467495388344,0.15543364311559607,0.014536434489084663,nan,nan,nan,-0.6988760482763094,0.025892537801092796,1.0,-0.05179665135057274,10.0,0.0,0.0,0.0,-0.9438264997062787,-0.7929014370756248
61.25000000000001,2.9919761988141977,0.03305065002862013,-0.026797737213332454,-0.7144624091153994,0.036510299814545975,3.062515151976561,0.07498241107300306,-0.021889375725796963,-0.7125705059306378,0.03928291354890297,0.029493739713423752,0.1691079480626554,0.15033650838277784,0.01425463303268386,3.084157854041434,0.3210303006891855,0.2673910258555913,-0.6989520412971802,0.026320669252942963,1.0,-0.05265349812270346,10.0,0.0,0.0,0.0,-0.9295296586407678,-0.8061537431193753
61.300000000000004,2.963411768059772,0.03393864668485584,-0.025332201974157774,-0.7144178706588749,0.03691715679644962,3.034017758161384,0.07558798342014095,-0.019285621399051767,-0.7126713749585568,0.05882922709973898,0.02949650814466611,0.1710303184218963,0.151685753680202,0.014451831352982012,nan,nan,nan,-0.6987669728813483,0.03747365457511842,1.0,-0.07498241107300306,10.0,0.0,0.0,0.0,-0.9372462262755116,-0.7948207791320637
61.35,2.920569175769797,0.035199708580336816,-0.023096383812128033,-0.7142869081463186,0.03708518410396015,2.99116691835502,0.07311010478021905,-0.011593349468701941,-0.7127957706030366,0.05400596266810752,0.029101119919325888,0.17390755661607893,0.15366549644220834,0.01418306802954326,nan,nan,nan,-0.6988606986688338,0.037776012315984264,1.0,-0.07558798342014095,10.0,0.0,0.0,0.0,-0.9260827890249104,-0.8056279661426191
61.401,2.877730664157596,0.03637097195922146,-0.020928767566466937,-0.7142002702759449,0.03516131977583337,2.962655794018626,0.07342671973994166,-0.01002811834567652,-0.7128955270954033,0.034708754383445575,0.02909885999497304,0.17581922514888096,0.15498638379361857,0.014380996949010438,nan,nan,nan,-0.699236010154869,0.036696878241821995,1.0,-0.07342671973994166,10.0,0.0,0.0,0.0,-0.9209577751659344,-0.8112679142032941
61.45,2.849172924248932,0.037101040272291566,-0.019544162706838248,-0.7141434940608229,0.03436317122205793,2.797890610791656,0.059332798498304716,-0.011038880426125885,-0.7252670558112798,0.04482207925418354,0.029355826776433593,0.16842228570434659,0.1498381597713072,0.014119002631565111,1.8472691618151948,-0.12042599386464611,4.337206086775107,-0.699236010154869,0.036696878241821995,1.0,-0.07342671973994166,10.0,0.0,0.0,0.0,-0.9209577751659344,-0.8112679142032941
61.50000000000001,2.820624818787694,0.0377898119620811,-0.0181975912541983,-0.7135772256559061,0.03299198632881373,2.7689028809785,0.059638033394530936,-0.009402237632757604,-0.7231855523697459,0.03322151450069934,0.029354682848703417,0.17034596691725523,0.15119146794446126,0.014317603647681329,nan,nan,nan,-0.6994204058988568,0.029657700756358985,1.0,-0.059332798498304716,10.0,0.0,0.0,0.0,-0.8894965434728027,-0.805575622809969
61.550000000000004,2.7778661311437345,0.038747921628616795,-0.01630322332557662,-0.7123385386351846,0.03074444649754902,2.7254656138915996,0.05594177820488436,-0.0026625194262561713,-0.7205768961360789,0.005328690500686862,0.028846424335464384,0.17322401535916432,0.15317776851813739,0.014052823276356072,nan,nan,nan,-0.6994619040691825,0.029810183313734306,1.0,-0.059638033394530936,10.0,0.0,0.0,0.0,-0.8947768024767423,-0.8056357865096352
61.6,2.749392981047408,0.039338502264499677,-0.015101987155746182,-0.7117970454363703,0.02959533777318976,2.6966558072306883,0.0560140810822602,-0.0011493398956634593,-0.7193003098739451,0.04661610820863654,0.028851430337514368,0.1751356314834686,0.15450245816538863,0.01425209959070959,nan,nan,nan,-0.6996717399852631,0.02796359799063719,1.0,-0.05594177820488436,10.0,0.0,0.0,0.0,-0.8973112231382445,-0.8113085973857541
61.650000000000006,2.7067122228616163,0.040153292593385605,-0.013419593442151939,-0.7112642073568867,0.0263827356292561,2.6536378730521597,0.060694609135338994,-0.006069140302275677,-0.7176939805528372,0.04642879417665618,0.02940112539747659,0.17798946961143158,0.15644624524632142,0.013995593401745826,2.114939044766241,0.03997702775843531,1.0318500029515667,-0.6997026373402903,0.027999721131097832,1.0,-0.0560140810822602,10.0,0.0,0.0,0.0,-0.8802563860318662,-0.831423373005864
61.701,2.6640548763223277,0.04088622711179393,-0.011926334707856014,-0.7109241777785249,0.02422788530740985,2.564115010200722,0.059318845212972905,-0.004562181774970142,-0.7226219965935922,0.017449803558551663,0.029396673789703585,0.16960181132252902,0.15066526047064832,0.014190272504899062,nan,nan,nan,-0.6995361334532907,0.030337993505502592,1.0,-0.060694609135338994,10.0,0.0,0.0,0.0,-0.8927900178212191,-0.8216688638885039
61.751000000000005,2.635632784661218,0.041332702122209186,-0.010961130036062859,-0.7104191507485328,0.024190217389997555,2.5208450655652963,0.06151464989805111,-0.006073686821403078,-0.7202830369239227,0.016659723399331795,0.02964796633012754,0.1724763486804881,0.15265846815752881,0.014015996785992453,nan,nan,nan,-0.6995903567882602,0.02965073024696263,1.0,-0.059318845212972905,10.0,0.0,0.0,0.0,-0.8934778428678208,-0.8054140326779392
61.801,2.6072308528761883,0.04174828732340411,-0.009985291648177533,-0.7099685284669897,0.024611383944875387,2.492048155608269,0.06168721478677566,-0.00538607205302588,-0.7189292394096957,0.0252421466963189,0.02964860500490289,0.17438663921649183,0.15398722915746832,0.014215371056714164,nan,nan,nan,-0.6995255202931028,0.030747631507032303,1.0,-0.06151464989805111,10.0,0.0,0.0,0.0,-0.9006597058115346,-0.8037703993914849
61.851000000000006,2.564652411166875,0.04231491252417624,-0.008486608489273465,-0.7095363682650009,0.025072494267586388,2.4490058544486386,0.06479270706642656,-0.007535650601791844,-0.7172246185604685,0.025373424738200874,0.030000109275953462,0.17723990591086597,0.15593747644738118,0.013949963518324598,2.3378368176222906,-0.12282714911488002,0.17232483234612195,-0.6995408916827875,0.030833832175463982,1.0,-0.06168721478677566,10.0,0.0,0.0,0.0,-0.8981039508165145,-0.8095226262916062
61.900000000000006,2.536277382158206,0.042655076356983755,-0.0074752828611124025,-0.7093683652227544,0.02552440321737736,2.407963009063213,0.04842818323832996,-0.006353366699400454,-0.7175023594565311,0.03697882039358866,0.029995112744289586,0.16897555484613566,0.1502263236375681,0.014147792918337414,nan,nan,nan,-0.6994422928947978,0.03238502708426827,1.0,-0.06479270706642656,10.0,0.0,0.0,0.0,-0.9055794406843495,-0.8056016114433754
61.95,2.4937228809828182,0.043109395965416436,-0.005938823270863773,-0.7092221083557483,0.025139456022834933,2.364943398764449,0.048822238181000975,-0.005071077895498988,-0.7162049807451172,0.02256650319062644,0.030011513297237367,0.17185315883425653,0.15222505199484843,0.013888040181644046,nan,nan,nan,-0.6996823648521022,0.024254439455102084,1.0,-0.04851839338179837,10.0,0.0,0.0,0.0,-0.8917269504013725,-0.8207855691070391
62.00000000000001,2.4511732979275074,0.0434959340332566,-0.004476408541751451,-0.7091656302275171,0.02388648148749829,2.336302779819717,0.04895999581046631,-0.003648514597866637,-0.715500180966667,0.03842254804090378,0.030013637392808133,0.17376655260093712,0.15355702376246788,0.014171187740071844,nan,nan,nan,-0.6996959020668923,0.024406271939228397,1.0,-0.048822238181000975,10.0,0.0,0.0,0.0,-0.8928801876185269,-0.8213907675836057
62.050000000000004,2.422807139116688,0.04371681002886738,-0.003554730029211255,-0.7091746640645635,0.022476120133640774,2.2934212753408856,0.05085322928435396,-0.0052994567222559566,-0.71460849861517,0.003845828933903704,0.030223226633019584,0.1766257759705282,0.1555125867548365,0.013910964673139568,nan,nan,nan,-0.6997231898620451,0.024475109617547286,1.0,-0.04895999581046631,10.0,0.0,0.0,0.0,-0.8854033369124017,-0.8303786933734885
62.1,2.394440163073705,0.0439092397959254,-0.002671290425258726,-0.7091984444153545,0.0222626014221965,2.1830247891932535,0.08479740130647219,-0.004580623705099818,-0.7223528761535529,0.03285071759282576,0.03023840105567598,0.16829625236213439,0.14974556305657538,0.014108894976469277,1.5516946698716465,0.42744573956392806,2.395247966952919,-0.6996697117648234,0.025421137223385237,1.0,-0.05085322928435396,10.0,0.0,0.0,0.0,-0.9040653429121701,-0.8132812089575185
62.150000000000006,2.3518988816715733,0.04414743763004336,-0.0012702820276342993,-0.7086930911115283,0.02452562807920463,2.139728304203698,0.08497636302347177,-0.003756873402795957,-0.719860137532271,0.010112163114541356,0.03023492677682535,0.17117584098677935,0.15177218456100816,0.014406519463086761,nan,nan,nan,-0.6992285062000407,0.042373322015268666,1.0,-0.08479740130647219,10.0,0.0,0.0,0.0,-0.9033538964749857,-0.7866040786660864
62.2,2.309402826062479,0.044328032165662036,0.00031972181658685854,-0.7080216898636044,0.028018591224858926,2.1109383519584455,0.08432513973356669,-0.0022009150858601774,-0.7183487236189672,-0.006531548375774276,0.030139586372290864,0.17309084832989952,0.153086664800748,0.01404421194857813,nan,nan,nan,-0.6992524478332663,0.042462641968664006,1.0,-0.08497636302347177,10.0,0.0,0.0,0.0,-0.9148840511937675,-0.7816844856952516
62.25000000000001,2.2810888801500537,0.04441488426703591,0.0015012612317446552,-0.7077535393188141,0.03044118781737958,2.0678777486699884,0.0844115090300353,-0.0011729331289878073,-0.7164560940445415,0.029576040252332535,0.030142787230915756,0.17595285607726702,0.15507079311245794,0.014342807587532584,nan,nan,nan,-0.6993120459524808,0.042137612596345075,1.0,-0.08432513973356669,10.0,0.0,0.0,0.0,-0.9209354988745747,-0.7796205419747483
62.411,2.2669353223300632,0.0444475720819381,0.002124751865626151,-0.7076496834808752,0.03135386640085751,2.0535293362343325,0.0830314017932822,0.0012427646906925105,-0.7159690652744435,0.02046867262594535,0.029972091282958004,0.1769034827241486,0.15570374795315425,0.013887708638498817,2.8859822691283883,-0.06279277116231914,2.6230506559254123,-0.6993422642796218,0.042180720533845584,1.0,-0.0844115090300353,10.0,0.0,0.0,0.0,-0.9077457209278896,-0.797837920452036
62.454,2.139403940556348,0.04437578411573601,0.007444842356477494,-0.7096352389863737,0.027701221642268636,2.021348120665409,0.07346103383985518,-0.0005951948316087474,-0.7082938547149741,0.043273602526438366,0.030453936464708703,0.1752334554934658,0.1545703342006237,0.014238113272729593,nan,nan,nan,-0.699481034709491,0.03667942315273054,1.0,-0.07339176252974684,10.0,0.0,0.0,0.0,-0.9154111103557326,-0.8174904230606758
62.50000000000001,2.111009262954787,0.04426942355620759,0.008548660310552994,-0.70998170399311,0.02736338445409974,1.9930221606865302,0.0744251146753422,-0.0005356516475600871,-0.7087525695957483,0.031730775503919936,0.030569621753239143,0.17713946916735282,0.1558604488235138,0.013883158328452709,nan,nan,nan,-0.6995128645857888,0.03671401218664094,1.0,-0.07346103383985518,10.0,0.0,0.0,0.0,-0.9059881645042291,-0.8237735737623626
62.551,2.068396688032182,0.04405017421968795,0.010164859651967202,-0.710352572039131,0.026863036609626734,2.0128587137244005,0.0075796096705974545,0.0012201630494308446,-0.7033574923147903,0.03128374133245193,0.030544579282579698,0.16968923119115917,0.15072190368845295,0.01418194898449815,2.5284940950945716,-0.6726113121731297,3.104442006206386,-0.6994983465487272,0.03732549997877932,1.0,-0.0744251146753422,10.0,0.0,0.0,0.0,-0.9106537431154301,-0.8171704454150163
62.6,2.0399734584286704,0.04386461856944622,0.011185929980393942,-0.7108195585149124,0.02361469036846627,1.9846911353131764,0.005573210413638617,0.004844792460688473,-0.7047365663326899,0.0036375777179097016,0.03029004333790108,0.17161177595116503,0.1520456303070016,0.013833757738699059,nan,nan,nan,-0.6999976889632897,0.003789786691611674,1.0,-0.0075796096705974545,10.0,0.0,0.0,0.0,-0.8676142463223081,-0.8796222090007738
62.650000000000006,1.9972938205948336,0.043523423742692316,0.012338078974151706,-0.7116639972462012,0.016495378073541157,1.9423710430522012,0.005345932947017409,0.007159178480782735,-0.7064489824556817,0.037957123722651843,0.03029528496450596,0.17448995243754717,0.15404105977435234,0.014135592542801454,nan,nan,nan,-0.6999985481487677,0.002808092234355186,1.0,-0.005573210413638617,10.0,0.0,0.0,0.0,-0.8695689022101668,-0.8732992726048044
62.7,1.9688176291218609,0.0432587428803625,0.012898406504536743,-0.7120600337494737,0.012257253722380363,1.9141053069069107,0.005136917439062559,0.007605197646843642,-0.7072793169399152,0.00522379166457917,0.030291850594205607,0.17640263116227198,0.155358505986916,0.01433498860089066,nan,nan,nan,-0.6999932027001315,0.0027522647991076177,1.0,-0.005345932947017409,10.0,0.0,0.0,0.0,-0.849515535897205,-0.8878562525984784
62.752,1.926082867096642,0.04281422258077929,0.013418373030742753,-0.7124073984637896,0.006783410706568982,1.7972747508911333,0.05297279282672397,0.005729751172594444,-0.7154346716676475,0.018855386258362288,0.030506437190545806,0.16908263282442354,0.15027154600369802,0.01408025212816974,1.2383122668156874,0.5289200044114556,2.5491537149504517,-0.6999915226556762,0.0026837108115076447,1.0,-0.005136917439062559,10.0,0.0,0.0,0.0,-0.8603789928468237,-0.8741259782309752
62.801,1.883350214465879,0.042326681449395685,0.013821539384741541,-0.7119719750533163,0.007841888672428451,1.7686659311806807,0.052807733413267804,0.0062083947843034615,-0.714645765191008,0.019895281073961553,0.03050631025550148,0.17101101334787971,0.1516207042245537,0.014280169548520051,nan,nan,nan,-0.6998028255104682,0.029465423352502018,1.0,-0.05297279282672397,10.0,0.0,0.0,0.0,-0.8847654121597541,-0.8232088394514023
62.851000000000006,1.8548838454386725,0.04198503183354601,0.014179974893533252,-0.7115605926452581,0.009587598503973425,1.7258027885143257,0.05134924367654983,0.009829319088768607,-0.7136458245506353,0.005501914761280809,0.030363511357991847,0.17389604178375773,0.15360094943648683,0.014034468880399232,nan,nan,nan,-0.6998044097768936,0.029848513967346335,1.0,-0.052807733413267804,10.0,0.0,0.0,0.0,-0.8851420370473414,-0.8244676379902326
62.900000000000006,1.826432054884196,0.04163044421179491,0.014601237186253576,-0.7112367847493577,0.011070659236662051,1.6972635070471154,0.05107113887101549,0.010367065068275672,-0.7131413638879395,0.02813308409868071,0.030365929821710325,0.17581220891383822,0.15492198642085314,0.014234830106607407,nan,nan,nan,-0.6998611818016854,0.029745054918195013,1.0,-0.05134924367654983,10.0,0.0,0.0,0.0,-0.8867606880122205,-0.8255455886075223
62.957,1.783774674725779,0.04107325547011364,0.015313395049426163,-0.7108698527333371,0.012055981346383086,1.673829971465777,0.052166863417038786,0.014003520035316352,-0.7105329060404543,0.003804354098292952,0.030034117290115552,0.16842187309121345,0.14978276760792164,0.013992525385070485,1.840951932429566,0.09693466089432495,0.11405223067142041,-0.6998970288981459,0.03115608140075654,1.0,-0.052166863417038786,10.0,0.0,0.0,0.0,-0.8876727017397197,-0.8330204101715553
63.001000000000005,1.7411320150717597,0.040484599745820256,0.016058745828705416,-0.710762118485324,0.012842516794464215,1.6454114810953797,0.05176030361886809,0.015315559679106805,-0.7105442063911706,0.028138171861164324,0.03003715336398305,0.1703497421319053,0.15113577316028198,0.014193297424627974,nan,nan,nan,-0.6998970288981459,0.03115608140075654,1.0,-0.052166863417038786,10.0,0.0,0.0,0.0,-0.8876727017397197,-0.8330204101715553
63.050000000000004,1.7127054341782284,0.0400741334459303,0.01656536003910602,-0.7107264635401567,0.012424945647701243,1.6027884823580285,0.053469755579112786,0.01260165048707451,-0.7105472198665614,0.015646329886022256,0.030334111555282633,0.1732357231992859,0.15312226301697485,0.013945384895415868,nan,nan,nan,-0.6999089238961698,0.03144699118626848,1.0,-0.05176030361886809,10.0,0.0,0.0,0.0,-0.8762457451013298,-0.8439625830032266
63.1,1.6842798101851773,0.03964907266218843,0.017057650216564597,-0.7107082155791125,0.012505610837748515,1.5743689840850073,0.05312356401087282,0.012433786726131489,-0.7105208167646351,0.027879766663259264,0.03033531825208335,0.17515355469716015,0.15444691363333543,0.014146594504528875,nan,nan,nan,-0.6998493602543924,0.033348089000987624,1.0,-0.053469755579112786,10.0,0.0,0.0,0.0,-0.8877942559061259,-0.8314651348225156
63.151,1.6416449194335214,0.038985531571587795,0.017838029645424455,-0.7106315349773245,0.013193923396217371,1.531741022661639,0.05086142166299278,0.014650297385861322,-0.7104728529930193,-0.0032141378272519247,0.030122099126024315,0.1780177741428869,0.15639111215514112,0.013904453006725393,0.7485953572872849,-0.33547583328631664,2.7213199875662335,-0.6998412714254197,0.03372996838894693,1.0,-0.05312356401087282,10.0,0.0,0.0,0.0,-0.8835770933302284,-0.8351725304050724
63.2,1.5990152291773037,0.03829051362570693,0.018668671307185324,-0.7105552223979449,0.014492130859128627,1.4148880348028638,0.016077897573536185,0.015197712426569863,-0.7189671556906038,0.01492831302897832,0.030111167651907928,0.16963268919995536,0.15061776359508453,0.01410097560390389,nan,nan,nan,-0.6998796651793113,0.03319277900259632,1.0,-0.05086142166299278,10.0,0.0,0.0,0.0,-0.8919144614764168,-0.826710450280926
63.251000000000005,1.5706103433803222,0.037807536427422454,0.019190667457646114,-0.7099659606875974,0.011702748452722579,1.3717861847615713,0.017075389878493014,0.01390431520015367,-0.7170525803950283,0.021362772445790486,0.03032379027833672,0.17251771046496536,0.1526115676955419,0.01393644328938834,nan,nan,nan,-0.6999948529324231,0.011362881871746389,1.0,-0.016077897573536185,10.0,0.0,0.0,0.0,-0.8382482010150851,-0.8547284353248021
63.300000000000004,1.5280482128284996,0.037054753077684556,0.01973234378231584,-0.7091796399527382,0.007317647470880104,1.3431191216357308,0.016680063101419833,0.013509513272117246,-0.715850205728546,-0.0024976441293203615,0.030320844177984807,0.17443488771805696,0.15394045804015025,0.014137376788827441,nan,nan,nan,-0.6999992565962664,0.012446916475257197,1.0,-0.017075389878493014,10.0,0.0,0.0,0.0,-0.8416937802791479,-0.8562038606197825
63.35,1.4996950880198519,0.036536385957480315,0.01998825138556764,-0.7088146028053713,0.005993518772923695,1.3002034253191521,0.016277174868866054,0.012307715619671809,-0.714334932963954,-0.0041383479443208625,0.030339189430760242,0.17729822272046286,0.15589131902546288,0.01388278498437389,2.1499361866997946,-0.5581227155183075,3.7683181287587195,-0.6999995832100651,0.012418262382736245,1.0,-0.016680063101419833,10.0,0.0,0.0,0.0,-0.8531901193313165,-0.8475243354142099
63.400000000000006,1.4713545962261871,0.036006921966523636,0.020207294046988112,-0.7085473190907783,0.005244259783301452,1.366954580078101,-0.03499037988067602,0.012919215544813678,-0.7045146359493364,0.000981129373839984,0.030320965353245927,0.16903092519694105,0.15018615935853674,0.014082039073471017,nan,nan,nan,-0.6999999844803293,0.012518290823317901,1.0,-0.016277174868866054,10.0,0.0,0.0,0.0,-0.8577160926263979,-0.8468301616261732
63.45,1.4288489644766351,0.03519308753698159,0.020382408121651076,-0.7087657640450281,-0.0007741013930010088,1.3246798766933985,-0.03699686170362191,0.015865923794200935,-0.7054372503501452,0.022293843395024285,0.030134834568955778,0.17191941402368544,0.15218500438471638,0.01383429926545687,nan,nan,nan,-0.6994809814651429,-0.025591735984544783,1.0,0.03499037988067602,10.0,0.0,0.0,0.0,-0.8102337201304073,-0.9199930606990183
63.50000000000001,1.3863127080852362,0.03435344287924704,0.019960914310562825,-0.7092576666439764,-0.011525313071211251,1.2964594242428298,-0.03745000080479173,0.016456858774121397,-0.7060806144681242,0.0060951030608015384,0.030134314320081564,0.17384084431105543,0.1535168572417379,0.014174761336587925,nan,nan,nan,-0.699329034176861,-0.027921649128579418,1.0,0.03699686170362191,10.0,0.0,0.0,0.0,-0.7915216975963791,-0.9345989492914312
63.554,1.3579424197310896,0.03378687661821263,0.019352669088214196,-0.7094692371994753,-0.017208619181716907,1.2540938121324694,-0.04035716941290409,0.019332084411246342,-0.706864645202295,0.0034047280486425354,0.02985823430428924,0.17671297770598696,0.15547281361419601,0.013863533278012046,nan,nan,nan,-0.699280775266622,-0.028878335061618188,1.0,0.03745000080479173,10.0,0.0,0.0,0.0,-0.783642676087992,-0.935718260639669
63.601000000000006,1.315376451298443,0.03294142360209109,0.018057767251132614,-0.7096144269924165,-0.024641480416585086,1.370758626483945,-0.022220869216631852,0.01831872699063508,-0.6924468628385367,-0.029377774087357266,0.029861602540929635,0.16837733086260903,0.14971076465185146,0.014062595222210518,2.5299523486028304,0.16888186672472283,6.069992059777478,-0.6990718698625273,-0.03216924182254566,1.0,0.04035716941290409,10.0,0.0,0.0,0.0,-0.783642676087992,-0.935718260639669
63.651,1.2869729318429597,0.03239118620081248,0.01704870324748875,-0.7106797748121836,-0.025113613786358048,1.3291412625609669,-0.020883450092978515,0.013487958065435015,-0.6961599377747933,-0.01751241504262739,0.029859559025091475,0.1712729151432254,0.15171554059606188,0.013813910668295671,nan,nan,nan,-0.6995827788486042,-0.016209216312201846,1.0,0.022220869216631852,10.0,0.0,0.0,0.0,-0.8455845862687978,-0.9208592997518381
63.7,1.2442876672842325,0.03159346294863311,0.015569658230325809,-0.7120594900208939,-0.02423225197302018,1.3012737902292193,-0.02125808150214139,0.013449252001188407,-0.6984617126186293,-0.0041616885396551975,0.03013676399284453,0.17320106217324116,0.1530507625385952,0.014164317286348779,nan,nan,nan,-0.6997016247473642,-0.015710694160734562,1.0,0.020883450092978515,10.0,0.0,0.0,0.0,-0.8436093067847916,-0.9126804207958754
63.751000000000005,1.2157950501268595,0.031084827900076096,0.014620378867299492,-0.7126025729387362,-0.02340766011030731,1.2593092424462213,-0.021797860464255456,0.012233107101636165,-0.7012498577330605,-0.01539325591215622,0.030135631428773228,0.17608547285128676,0.1550341407514572,0.014399783566520996,nan,nan,nan,-0.6996972551284385,-0.016656996876806218,1.0,0.02144463197043152,10.0,0.0,0.0,0.0,-0.8407774282535482,-0.9053858235425373
63.801,1.173025514669615,0.030361822857003267,0.013244818445754918,-0.7131060762173208,-0.022719744067922175,1.23125290241295,-0.02300910857093684,0.012865063456887427,-0.7026721607495171,0.0005397907931121476,0.030030729886252626,0.17800098443108572,0.1563203125251454,0.014038529481149658,0.6688875755035261,-0.42525323836081363,1.7121120155236427,-0.6996945924908041,-0.0173076502063374,1.0,0.021797860464255456,10.0,0.0,0.0,0.0,-0.8223597577468538,-0.9066425601523597
63.85,1.144500436288676,0.029907429379440503,0.01232175750825067,-0.7132648365204183,-0.0233640659226964,1.1253690389329047,-0.059414450118042625,0.011357946917540218,-0.710297400213719,-0.03142393933355433,0.030014365612699195,0.17059371688286906,0.1512310088844825,0.014335350152777579,nan,nan,nan,-0.6996516281892672,-0.018685381887545205,1.0,0.02300910857093684,10.0,0.0,0.0,0.0,-0.8223597577468538,-0.9138330447411327
63.902,1.1017248432857945,0.02926684483654706,0.010772326352967574,-0.7126263368233354,-0.028479959433154473,1.082787447628025,-0.06281008388489927,0.014561344756915062,-0.7097776958806714,-0.003749689190183028,0.029652529989926745,0.1734890274401762,0.15321646406082587,0.014082216987026778,nan,nan,nan,-0.6982107661458895,-0.05701082819651759,1.0,0.06260785869797496,10.0,0.0,0.0,0.0,-0.7640284169695408,-0.939389857039064
63.951,1.0732376528454968,0.028869909956007696,0.00952666276058094,-0.7120149599025982,-0.03270321909942457,1.0544028778233259,-0.0632176543548633,0.01333995645383901,-0.7094249427796916,-0.036073799274002595,0.02964945742691696,0.17541260856765284,0.1545403631969284,0.01428174900315848,nan,nan,nan,-0.6982107661458895,-0.05701082819651759,1.0,0.06260785869797496,10.0,0.0,0.0,0.0,-0.7640284169695408,-0.939389857039064
64.0,1.0447734509378999,0.02850037687140912,0.008119816795040676,-0.7114531105738843,-0.03670170848188252,1.0260010086565297,-0.059980579828840745,0.0074192986969010555,-0.7091169393298747,-0.02869490884019483,0.030099335912432874,0.17732933978431928,0.15583110761862673,0.013921656794455518,nan,nan,nan,-0.6981242166224857,-0.05988419510125631,1.0,0.0632176543548633,10.0,0.0,0.0,0.0,-0.7572622664623888,-0.9465542282259353
64.051,1.0021134322169711,0.028004648969055194,0.00574547001706354,-0.7107804654181036,-0.04112807008870588,1.0005413402009153,-0.07338441968327511,0.004712696511045778,-0.7071500544431815,-0.048239460350824125,0.030092535367234555,0.1698605674551821,0.1506967403373716,0.014220112976426138,1.1627934158985458,-0.20742979953716828,0.16000805217773334,-0.6984845566511472,-0.0583940839365944,1.0,0.059980579828840745,10.0,0.0,0.0,0.0,-0.7665179264685683,-0.9401388276406965
64.10000000000001,0.9736921308963474,0.02771836477332816,0.004043112911539166,-0.7104343483282686,-0.043591865576652136,0.9722612490700043,-0.07422673120172438,0.003865648579667092,-0.7071673213781384,-0.07316914382335374,0.0299972371070832,0.17179029189659853,0.15202101353613626,0.01386744163355638,nan,nan,nan,-0.697875696527064,-0.07321362010359778,1.0,0.07338441968327511,10.0,0.0,0.0,0.0,-0.7564272745749805,-0.951530599648196
64.15100000000001,0.9350624623342474,0.027039499528760075,0.0015977361899386965,-0.5191386053178033,-0.03245563054865939,0.9323884858692174,-0.07434869058960693,0.00033164728289003515,-0.45737002780549085,-0.07418585476327255,0.029994755559100705,0.1746771744124955,0.15401445018908438,0.0141689120791081,nan,nan,nan,0.9994479113928559,0.037096339662742846,0.0,-0.07422673120172438,0.0,0.0,10.0,0.0,3.9899642994862403,4.148608051195037
64.2,0.9199723720356149,0.02681961203261062,0.0008732652470599939,-0.2975137317145018,-0.015758082231535016,0.9162911120065277,-0.07851860997924211,0.0050187134694255064,-0.24450463863649785,-0.023385642382193827,0.029466326550102884,0.17660565565041547,0.15530003638860174,0.013822375135832511,nan,nan,nan,0.99932201465663,0.03715723534096871,0.0,-0.07434869058960693,0.0,0.0,10.0,0.0,3.6451990703274513,3.8158091375937726
64.251,0.9123633010934552,0.026825249488936418,0.0008501112991782622,-0.012074769262413002,0.0027855485959299786,0.8971649680951368,-0.05522492186290233,0.003324513494403103,0.03795931736584325,-0.010968483431487252,0.02947362525648923,0.1693378245226292,0.15021396255014394,0.014260167908191403,0.8189852548910987,0.18482559161848583,0.2832237726657156,0.9994145378755188,0.03923915359084225,0.0,-0.07851860997924211,0.0,0.0,10.0,0.0,3.381425646620909,3.503922304573595
64.3,0.9161048029197658,0.026908863099738105,0.0012456082779143068,0.15243939374964893,0.01048570810216442,0.9002807292445687,-0.0586799771255593,0.009276206765546302,0.19370326710983532,-0.018320399198248946,0.02895789345481946,0.171400712181813,0.15152127695243015,0.01385106349540801,nan,nan,nan,0.999705232629804,0.027605446451551986,0.0,-0.05522492186290233,0.0,0.0,10.0,0.0,3.0026906032999383,3.0856778219288286
64.35000000000001,0.9328429001740309,0.027036730515962882,0.0021472446106960866,0.3637675729841749,0.017031416256472195,0.9160699992866137,-0.05852440798830516,0.011092589030288202,0.39840958161102946,0.06416951053435392,0.02896764614722831,0.17461038929370418,0.15347780107108197,0.014152290344192514,nan,nan,nan,0.9997988978643312,0.029331573946187347,0.0,-0.0586799771255593,0.0,0.0,10.0,0.0,2.792898989467342,2.869291597051924
64.4,0.950434901101049,0.027112864213056913,0.0028540867725967466,0.4816373283500613,0.01749313363870758,0.9331222081990634,-0.05618411546832783,0.006751351194290489,0.5097308882431316,-0.004697959360079775,0.02932360139614384,0.17680529158823535,0.15475237009232976,0.01380744519082958,nan,nan,nan,0.9998350887219853,0.02925385610258372,0.0,-0.05852440798830516,0.0,0.0,10.0,0.0,2.5367662132978,2.5416662054419854
64.45,0.9845743040425666,0.027211832670173478,0.003857557011968742,0.6263984644067908,0.017717706578481495,0.9244178295243184,-0.05029284555080383,0.008355144589857753,0.6473319564968956,0.01721733149799551,0.029327607240411016,0.16985120070948462,0.14971952519886422,0.014108290711383743,0.5688648401808556,0.008608946658811817,0.5131376759567774,0.9997724533527458,0.028084671487076985,0.0,-0.05618411546832783,0.0,0.0,10.0,0.0,2.349373041192202,2.4190965021163353
64.5,1.026255520205608,0.027323637186946133,0.004983430349274788,0.7382825978950925,0.01877672240975149,0.9510631994266449,-0.05043710118939959,0.010845476110510344,0.7205747139692972,0.032130759770629236,0.02924269419360642,0.17209100737374178,0.15102960300471235,0.01376871873764358,nan,nan,nan,0.9998591187489373,0.025141124400884264,0.0,-0.05029284555080383,0.0,0.0,10.0,0.0,2.1676344446894884,2.2063515112799923
64.552,1.057297157825026,0.027415660735976646,0.005707829098112881,0.7970635999112953,0.017473327215592603,0.9962442450431697,-0.04992934765905502,0.011388980165177198,0.8120702963960822,-0.004619509786128988,0.029238380970048113,0.17542618231328913,0.15298448346131027,0.014071264772608637,nan,nan,nan,0.9998967859371747,0.02521320650873189,0.0,-0.05043710118939959,0.0,0.0,10.0,0.0,2.074424926614918,2.0941001796528824
64.60000000000001,1.090433734040885,0.027529907299091074,0.006393939926386911,0.8451022186023843,0.017055586335628002,1.0291855448565779,-0.04959783449634592,0.012677278188800045,0.8568262837272468,0.02695351849283569,0.029225146300265525,0.17761371510755847,0.15427107448079314,0.013736121565699536,nan,nan,nan,0.9999079220515288,0.02495948948236869,0.0,-0.04992934765905502,0.0,0.0,10.0,0.0,1.9283499071510046,1.9751694176844576
64.65,1.143180438988698,0.02774841753695653,0.007416505392597346,0.900894134969597,0.016248412942827865,1.0693571707516285,-0.08029206358227375,0.013721616425955043,0.9099726854252126,-0.0029786697763795446,0.02921944785814857,0.17022331165122137,0.14919758384031748,0.014038979913096383,0.9563968802827162,-0.40460254911206756,0.501638347808845,0.9999265954180224,0.024793835458419792,0.0,-0.04959783449634592,0.0,0.0,10.0,0.0,1.8796176809189815,1.8969380782592429
64.70100000000001,1.198732336291644,0.028034192197532816,0.008454611928566202,0.9415508576397306,0.018699133848507833,1.106025882708982,-0.07962065104280353,0.012608879194795808,0.9365026039386671,0.02605602177254475,0.029327374659290695,0.17231893830754472,0.1505235909953917,0.013707690628806357,nan,nan,nan,0.99965146451924,0.04012448478548892,0.0,-0.08029206358227375,0.0,0.0,10.0,0.0,1.7675052840586472,1.8518943939676196
64.751,1.2369283675973128,0.028265384761874675,0.009250020610812416,0.9622898581315141,0.020169809730526407,1.162900014634278,-0.07887142109948167,0.013824741793840635,0.9685609842419893,0.005040780437576031,0.029324728760945065,0.175380284079562,0.1524961619076582,0.014011273331686093,nan,nan,nan,0.9996306347169696,0.03978931420685711,0.0,-0.07962065104280353,0.0,0.0,10.0,0.0,1.7395169272682902,1.8032827882458258
64.8,1.2955438321508759,0.02867661497707756,0.01053828896526907,0.9860494971981403,0.022336247911535583,1.2017920084500116,-0.07843750197486357,0.018743389424295653,0.9837445304752702,0.028262836934946172,0.029045892422040698,0.177363414813068,0.1537993420439142,0.013683284807595175,nan,nan,nan,0.999672579880805,0.03941528645696056,0.0,-0.07887142109948167,0.0,0.0,10.0,0.0,1.686225684398951,1.7622899728442676
64.85000000000001,1.3352886418579244,0.028995013598321264,0.01143836389006009,0.9978804482525424,0.022236429636670066,1.261197469707085,-0.07727349619395982,0.020373683611258468,1.0019652312250669,0.011588967561427212,0.029044022308342184,0.18025085153194398,0.1557375952337837,0.013987298407243016,1.8909999266315114,0.6005726393686868,3.078696238597005,0.9997907982079213,0.03919866193371632,0.0,-0.07843750197486357,0.0,0.0,10.0,0.0,1.6812137860792162,1.7234991655906329
64.903,1.3956510049926032,0.029540546906831163,0.012770077885155894,1.0112318043116026,0.022145498660689576,1.3742337733960344,-0.016061451092265547,0.025229523963379744,1.0172370217192737,-0.011475043382837953,0.028646748054281006,0.1714645862086703,0.15003298416637742,0.01366216522373256,nan,nan,nan,0.999852101343202,0.008030552912149127,0.0,-0.016061451092265547,0.0,0.0,10.0,0.0,1.671313314498576,1.632436716432388
64.95,1.4362645429814576,0.029949382881092924,0.013585014562397694,1.0176022228671857,0.01855199783837279,1.4354365925056072,-0.014491733474349608,0.026101367148069432,1.0256723385711846,-0.0039234106868308045,0.02864806487745723,0.17424065697495664,0.15202674489076853,0.013966565707577955,nan,nan,nan,0.999852101343202,0.008030552912149127,0.0,-0.016061451092265547,0.0,0.0,10.0,0.0,1.671313314498576,1.632436716432388
65.00200000000001,1.4975751286726904,0.030624433809024867,0.014465924017339529,1.024602368198526,0.011885229584376284,1.4765254781809254,-0.014595300187701379,0.019186494328331083,1.0293695981255622,0.019692532192957496,0.029279652056527532,0.17604778494036416,0.15334302634279398,0.013643907276160607,nan,nan,nan,0.9999293269837206,0.007297520550842865,0.0,-0.014595300187701379,0.0,0.0,10.0,0.0,1.6566968336019245,1.6085087208863942
65.051,1.5386469960012652,0.031113006344307546,0.014847271810905028,1.0281328698780783,0.008151815912935872,1.538364626145366,-0.013382429713204426,0.02016497925852168,1.0336181247005218,0.012650063852866433,0.02927980088531021,0.17869694669214725,0.1553013661394491,0.013948649088597132,1.261595688787336,0.6878228211731345,2.0658098071017115,0.9999293269837206,0.007297520550842865,0.0,-0.014595300187701379,0.0,0.0,10.0,0.0,1.6566968336019245,1.6085087208863942
65.10000000000001,1.6004792221201436,0.03189630158548888,0.0151716651036132,1.0321728132899781,0.0035474556690613343,1.5484457033858448,0.0495212419449532,0.023484431170357922,1.0334320299397781,0.046005189759799656,0.029111394048684274,0.17003709346470705,0.14966340529595504,0.013627928775338085,nan,nan,nan,0.9999092288642217,0.006691114998799603,0.0,-0.013382429713204426,0.0,0.0,10.0,0.0,1.6490286498189182,1.601585101686163
65.15,1.641812834129104,0.032444071914915336,0.01510242565622372,1.0341251664210345,-0.005389951244876457,1.6104891929323437,0.05096907632035094,0.023295735749982782,1.036034909446484,-0.0015984193231939154,0.029107316032288992,0.17264144938878132,0.1516748024934418,0.014007155968194946,nan,nan,nan,0.9988366771198349,-0.024755562683626272,0.0,0.0495212419449532,0.0,0.0,10.0,0.0,1.7098864909661489,1.5309780533865205
65.20100000000001,1.7039352917891313,0.03328768345978271,0.014388612109564356,1.0362935662892458,-0.015707241909706203,1.6518730174156058,0.05423030162318964,0.030475711604691202,1.0372455834915315,-0.010712070846234566,0.028496819699227325,0.17435070353909113,0.15299914755366434,0.013753663206918417,nan,nan,nan,0.9988107472382624,-0.025479023232023064,0.0,0.05096907632035094,0.0,0.0,10.0,0.0,1.6869524869803476,1.5440348936932284
65.25,1.745408193245269,0.0338556375045664,0.013603181917097437,1.0372307460612895,-0.022107738877761497,1.7141078770884268,0.056129427915725796,0.029853477737534995,1.0384943485551223,-0.033359707920857205,0.02849570654462163,0.17687596012508147,0.1549739304105351,0.014053016136136643,nan,nan,nan,0.998321249566588,-0.027424083678854315,0.0,0.05486192157202001,0.0,0.0,10.0,0.0,1.6809041751153526,1.5348287798644982
65.3,1.786911894849922,0.03441833855774018,0.01258502694976101,1.0379193565326086,-0.02713983650314038,1.7860877904648444,0.06416193336164795,0.028340757330993945,1.041071806837263,-0.027690404685024924,0.0285321139675737,0.16829326118956747,0.1492709797891714,0.013792062795162421,2.0057681351390615,0.13473286205491913,0.2827533323308551,0.998323636633898,-0.028057349251512112,0.0,0.056129427915725796,0.0,0.0,10.0,0.0,1.6809041751153526,1.5348287798644982
65.351,1.8492075538008572,0.0352359422249697,0.010738230038651469,1.0385315866925982,-0.03346133524611986,1.8485305028576913,0.06589522982768596,0.026399830441240724,1.0410490517542488,-0.04011097251935536,0.028531310742251313,0.1708149762821728,0.1512981769249797,0.014093257920174504,nan,nan,nan,0.9981758270226052,-0.032069967685544605,0.0,0.06416193336164795,0.0,0.0,10.0,0.0,1.6816944891251726,1.5229798499530132
65.4,1.8907510870390911,0.03575128155633225,0.009306800590186718,1.038718360248575,-0.03699332521912198,1.890148977897338,0.06727752012978666,0.02503665109128539,1.0409110243178512,-0.050997950307034245,0.028472638099338553,0.1724797014887967,0.15262815216627254,0.01375488119169167,nan,nan,nan,0.9982401637892093,-0.032935700629826224,0.0,0.06589522982768596,0.0,0.0,10.0,0.0,1.6746311756368377,1.5284852172578463
65.45,1.9530780913344348,0.03646155886174466,0.006946614369616774,1.0388994630176902,-0.0407453789741732,1.9525809320115277,0.06880515253686416,0.02297066233859413,1.0407016217862628,-0.04136173028063371,0.028474364708998313,0.17495189653688314,0.15461717087088148,0.014056734112220415,nan,nan,nan,0.9982798353478723,-0.03362608051137206,0.0,0.06727752012978666,0.0,0.0,10.0,0.0,1.668860308585106,1.5328557035254593
65.5,1.9946346911065178,0.036883471333740425,0.00526435418982425,1.0389713320551839,-0.04286492693458913,1.9940562651274256,0.07510166845339417,0.03201262542318162,1.0405513582289043,-0.042160176112581715,0.027609961337237584,0.17658334117593558,0.15591944744806965,0.013722761145218665,1.734925852097733,-0.8685180325602915,3.484229643767863,0.9983553847759844,-0.03438901365469731,0.0,0.06880515253686416,0.0,0.0,10.0,0.0,1.670604402938962,1.5302263919263603
65.551,2.0569716379383265,0.03742305288828603,0.0025547300537951466,1.0388952281081416,-0.047366783032033205,2.027310611471425,-0.0066772706083681735,0.029881525587309277,1.038450552805764,-0.026439708137495844,0.027643007629454087,0.16899410415018487,0.1508908301592652,0.014104241606164192,nan,nan,nan,0.9975826636697521,-0.03753319943643689,0.0,0.07510166845339417,0.0,0.0,10.0,0.0,1.6849754093327998,1.5079822501381788
65.60000000000001,2.0985279194164828,0.037711856043473886,0.000631279347575632,1.0390129067746656,-0.04724161988864151,2.068896518788225,-0.0077302594866201614,0.024254093711001627,1.0389179449554882,-0.022569070542911143,0.02799277801807054,0.1706436829657235,0.15222501511450778,0.013764396226977083,nan,nan,nan,0.9996477578394876,0.0033386228995834957,0.0,-0.0066772706083681735,0.0,0.0,10.0,0.0,1.6373277232775354,1.5765015271916465
65.65,2.160887392468293,0.03803308886132291,-0.0020471005341113836,1.0394850073113329,-0.042709980446142756,2.110445638569257,-0.006739773022443485,0.022365132119223752,1.0392962783098363,-0.044311500180820584,0.027989557743395926,0.1722842714101778,0.1535616875430171,0.013965728054759423,nan,nan,nan,0.999792151882271,0.003865110496131194,0.0,-0.0077302594866201614,0.0,0.0,10.0,0.0,1.6286453062681778,1.5829804686930389
65.7,2.20247328177004,0.038168404955147124,-0.0036758854040585876,1.0396833511114856,-0.039369998029689095,2.1729338989694167,-0.010695757264513675,0.009845854193920367,1.0396626354679124,-0.0541528425929573,0.02870715152723253,0.1747269501429782,0.15553190718308194,0.013801357259158783,2.1167558898108325,-0.01368846649733424,0.01128228837936309,0.9998195955043964,0.0033698737550131638,0.0,-0.006739773022443485,0.0,0.0,10.0,0.0,1.616508070160631,1.5922283982641565
65.75500000000001,2.26486122915788,0.03825194948343221,-0.0058185447392841904,1.0398137815457051,-0.032402485538745536,2.2291789079781377,-0.0104048889333646,0.008133197492967703,1.0395573314294178,-0.013564916934723673,0.02871133477445375,0.16743306879335898,0.15056412744824366,0.014100238026684713,nan,nan,nan,0.9999957052088686,0.0052023975319816914,0.0,-0.0104048889333646,0.0,0.0,10.0,0.0,1.6030791271531148,1.602321275604392
65.802,2.3272555496054035,0.038196917927320724,-0.0075427677226263656,1.0399042293448482,-0.02676576822250412,2.2707191724014093,-0.008233034911287376,0.01030774585628613,1.0396699252957122,0.0032467133531426024,0.028465145953962837,0.16908381110982132,0.151900807031351,0.013760707037628635,nan,nan,nan,0.9999957052088686,0.0052023975319816914,0.0,-0.0104048889333646,0.0,0.0,10.0,0.0,1.6030791271531148,1.602321275604392
65.85000000000001,2.368852873853407,0.03808664878088787,-0.00856544655885777,1.039900592666301,-0.025080392578673682,2.3330988022959938,-0.007634139812053433,0.00868233355568071,1.039750759465604,-0.011818705735869059,0.028462887786684866,0.17154577713796007,0.15391210030115265,0.014061975437605033,nan,nan,nan,0.9999808342627068,0.0041164942034349165,0.0,-0.008233034911287376,0.0,0.0,10.0,0.0,1.61350481155329,1.5894543881821497
65.9,2.410448695439863,0.03792101878241383,-0.009531306601574283,1.0398525994716707,-0.023429396466881823,2.374731063492852,-0.009412507983652481,0.004766755218199581,1.0397224559325926,-0.03425337030389553,0.028720472643747875,0.1731764339914366,0.15521942651516848,0.013727082996942511,nan,nan,nan,0.9999881645379631,0.0038170513679237584,0.0,-0.007634139812053433,0.0,0.0,10.0,0.0,1.6044280208767319,1.5963591883502066
65.953,2.4728362901256076,0.03757713154130615,-0.010809144802705069,1.0397241312712393,-0.01928901525242573,2.489816708518301,0.08088440817190987,0.005523690338074871,1.0427136098621923,-0.008688442780366838,0.028682665578274494,0.1659843967515036,0.15018703224255248,0.014026810441892683,2.879494778365614,1.0046311038078413,4.582660083346154,0.999999998167698,0.0047062192462867265,0.0,-0.009412507983652481,0.0,0.0,10.0,0.0,1.587344066639871,1.6116365990555794
66.0,2.5352020176872045,0.03712675564034197,-0.012035415848225792,1.0391040049362934,-0.023629822082924277,2.5314901616701055,0.0824570667442828,0.005960263299913393,1.041763843208163,-0.049732634874192855,0.028513809825473874,0.16763982251461448,0.15152658152266452,0.013696161270705975,nan,nan,nan,0.9989447661662293,-0.04042017698758674,0.0,0.08088440817190987,0.0,0.0,10.0,0.0,1.6568239875423045,1.522555145204687
66.05,2.5767536131024014,0.03676760778656889,-0.013084639907093009,1.0386441905539123,-0.02745712651998347,2.593970569347843,0.08277786550841004,0.0036828596848264006,1.0406114724035256,-0.035622197970839084,0.02851558714791894,0.17011039229425637,0.1535472676188142,0.01399575954328656,nan,nan,nan,0.9989244269957381,-0.041266824947825596,0.0,0.08258053208064046,0.0,0.0,10.0,0.0,1.6450827392153544,1.5361454075379506
66.102,2.639050563205622,0.036143872985850166,-0.014879928611249734,1.0380949551188672,-0.03156442452620238,2.635658299344744,0.07861830464230027,-0.0035895144823263614,1.0399951911689116,-0.03463101123796039,0.02899813558426188,0.17174766322858911,0.15485688535649805,0.013739158350530216,nan,nan,nan,0.9989855021841836,-0.04136532333158899,0.0,0.08277786550841004,0.0,0.0,10.0,0.0,1.6463792453154065,1.5354301321607908
66.152,2.6805655572464944,0.035670278383525406,-0.016177746039411474,1.0378325832831372,-0.03271656623051297,2.628465783498689,0.06274501869678804,-0.006003169614249515,1.0350366766593282,-0.02932434319174543,0.029005836396769197,0.16464004568675425,0.14976456985005301,0.014122251552977999,2.030281628218531,-0.09511542594153724,1.6041424985634154,0.9993628437488227,-0.03928892411397036,0.0,0.07861830464230027,0.0,0.0,10.0,0.0,1.6343484131668042,1.5502956766838836
66.2,2.7220751196147073,0.03514917973935009,-0.01748768797383709,1.03785125332864,-0.03248378720596189,2.669812834352955,0.06696624849111242,0.00010810979923947528,1.0356052889973641,-0.0050122853734279795,0.028499920647096305,0.16630148524359004,0.15110695647156905,0.013779835661043167,nan,nan,nan,0.9996784764420932,-0.03136222278863531,0.0,0.06274501869678804,0.0,0.0,10.0,0.0,1.628903385906611,1.5713727938267492
66.253,2.7843486578112646,0.03427633048950295,-0.01944242257157435,1.0380036668368482,-0.033446315975409494,2.7319627157525495,0.06694017790860576,-0.0016051169650954657,1.0361863504450644,-0.025896223403534386,0.028497634959932943,0.16878321363389964,0.15313622641046482,0.014080400925552376,nan,nan,nan,0.9994362874294094,-0.03347061979348081,0.0,0.06696624849111242,0.0,0.0,10.0,0.0,1.6483999321068796,1.5464248772214324
66.303,2.8466215308533367,0.03328889123397466,-0.021501050036009262,1.0379531919490155,-0.03454003321917169,2.773376174071192,0.06998444578383543,0.0015504005176487645,1.036391020035513,-0.026575691920559513,0.02816759627051567,0.17042903944972312,0.1544483906442819,0.013743070331508423,nan,nan,nan,0.9994927525802298,-0.03345759909430633,0.0,0.06694017790860576,0.0,0.0,10.0,0.0,1.6360531161234124,1.5556454292312865
66.351,2.888131723653158,0.03256541119032429,-0.022900164950708967,1.037833912815794,-0.03535117628140212,2.8355639921789177,0.07003190812699382,-0.0013603467384002421,1.0365553521435693,-0.059371291357489094,0.028163064482318236,0.17288251426792317,0.15643829293025524,0.014044368821194404,3.5081250343432284,0.058796252448691494,1.6166113223066254,0.999434184610179,-0.03500165336331848,0.0,0.07003190812699382,0.0,0.0,10.0,0.0,1.6230549805556909,1.5633591779558451
66.402,2.9503842731339245,0.031379722567782035,-0.025014319645142256,1.037607992319559,-0.03466616834321536,2.9490276579907313,0.0690923595433475,-0.002598667254170461,1.0407011019217696,-0.019767156815827094,0.028168734161775445,0.1650596017519554,0.15064731993996955,0.013708608203273014,nan,nan,nan,0.999434184610179,-0.03500165336331848,0.0,0.07003190812699382,0.0,0.0,10.0,0.0,1.629469956400813,1.5633591779558451
66.45,2.9918709148743776,0.03052168188702364,-0.026408327953721736,1.0371824424679554,-0.035100874348107006,3.011450215461132,0.06889817066315844,-0.004314267443054742,1.0396055149208105,-0.023741654998448228,0.028168379420186334,0.16755237388871638,0.15268547271415364,0.014010599774677196,nan,nan,nan,0.999490160194134,-0.03453244669000687,0.0,0.0690923595433475,0.0,0.0,10.0,0.0,1.629469956400813,1.5428940899405248
66.584,2.9918709148743776,0.03052168188702364,-0.026408327953721736,1.0371824424679554,-0.035100874348107006,3.011450215461132,0.06889817066315844,-0.004314267443054742,1.0396055149208105,-0.023741654998448228,0.028168379420186334,0.16755237388871638,0.15268547271415364,0.014010599774677196,nan,nan,nan,0.999490160194134,-0.03453244669000687,0.0,0.0690923595433475,0.0,0.0,10.0,0.0,1.6261786655410446,1.5479189232710235
66.60000000000001,3.1576547883594466,0.02652746006058962,-0.03217323519308106,1.0358732086928277,-0.036168330875086314,3.1021520087066485,0.000966591470956102,-0.012934114146332387,1.0344339749899534,-0.056126001112011874,0.028462105582366073,0.16404348814576042,0.1502678999001705,0.013655608674148802,2.5989100664793203,-0.6600573587864826,2.9039162516369195,0.9995124583411991,-0.035677997391863135,0.0,0.07138628702000166,0.0,0.0,10.0,0.0,1.6196012094671821,1.5550116968929628
66.65400000000001,3.1990760815707944,0.02538830135637383,-0.033447011625324055,1.0359334342406261,-0.02874181080451237,3.1642156189127983,0.00012508517056743966,-0.015224185216546449,1.0347474099558915,-0.03719768655332665,0.028462986893851204,0.1665487698455303,0.15231276948449526,0.013958739403664922,nan,nan,nan,0.9998850644981221,-6.254258520217315e-05,0.0,0.00012508517056743966,0.0,0.0,10.0,0.0,1.5580178847994808,1.6259920622917492
66.702,3.2612098941482435,0.023582045718624368,-0.03480718265469805,1.0359831496235654,-0.01877488411875864,3.2055959841305297,0.001046186567089097,-0.01416742624582401,1.0349447860012928,-0.028772554430457096,0.028311769185030745,0.16821098114029176,0.1536307535045311,0.013645941108183995,nan,nan,nan,0.9998850644981221,-6.254258520217315e-05,0.0,0.00012508517056743966,0.0,0.0,10.0,0.0,1.5580178847994808,1.6259920622917492
66.751,3.302630289754439,0.0223168143236529,-0.03543241419580701,1.035952741669629,-0.013914281839070699,3.2676902640217373,0.00010981867589667551,-0.016174603545351825,1.0351395596750756,-0.0062029061356493834,0.028312791928991148,0.17068969727247413,0.1556351816732353,0.01403626028766219,nan,nan,nan,0.9998700805426041,-5.4909337893153214e-05,0.0,0.00010981867589667551,0.0,0.0,10.0,0.0,1.566424059044307,1.6127742072029523
66.804,3.364753414460619,0.020338941125079436,-0.03607110914373086,1.035829646410506,-0.008597845427913338,3.162161305744799,0.07595169854985329,-0.01828235865464034,1.025374347929796,-0.010016513251097765,0.028474524367779967,0.1639131890413684,0.15052512709995416,0.013802167358043764,1.6992399458257204,0.8878679260385363,11.913449069195106,0.9998700805426041,-5.4909337893153214e-05,0.0,0.00010981867589667551,0.0,0.0,10.0,0.0,1.566424059044307,1.6127742072029523
66.85000000000001,3.4061720892378515,0.018972490914812415,-0.03641546555159739,1.0362412363566667,-0.009598018148513049,3.2031900471099832,0.07518426660175231,-0.019275713934482127,1.0273995317617344,-0.009916898131628408,0.028474599601245904,0.1655894960171847,0.15189032964152524,0.014003290418049616,nan,nan,nan,0.9997977477728729,-0.038142094202430005,0.0,0.07632120318273584,0.0,0.0,10.0,0.0,1.6329275704053263,1.5758739570955524
66.9,3.4683356560692644,0.016859363899403068,-0.03711827206416793,1.0368472405896743,-0.013031401920148275,3.2442958522924004,0.0800629823620995,-0.01291965446284937,1.028931701379378,0.000890243921963092,0.027924840766914753,0.16725997147682203,0.15321117866501338,0.013675378703932192,nan,nan,nan,0.9998325829784219,-0.037574440294339095,0.0,0.07518426660175231,0.0,0.0,10.0,0.0,1.626907370419788,1.5725893368587591
66.95,3.509788702300812,0.015412379716109119,-0.0377234385428968,1.0369724653962686,-0.01646667494120081,3.3060647940701546,0.07924272786563412,-0.014077727015201267,1.0306761284352,-0.024381946353674123,0.027922280311621486,0.16975213191484245,0.1552218719795941,0.013975346442902152,nan,nan,nan,0.9996330755639862,-0.04001012795938729,0.0,0.0800629823620995,0.0,0.0,10.0,0.0,1.6407246571892182,1.551114763840308
67.00200000000001,3.571967432960323,0.013186669464613535,-0.038830015281128165,1.0369122144329916,-0.019401302855009732,3.3473015185209363,0.08218806646122839,-0.01054224064416065,1.0314326742201447,-0.008065577886517919,0.027598292455311774,0.17140309615411511,0.15651345155536162,0.013724225164107224,3.337916492135988,0.2731512847391856,0.13316645780144204,0.999534035921341,-0.041070924541220084,0.0,0.08218806646122839,0.0,0.0,10.0,0.0,1.6368598552878713,1.543539472113286
67.05,3.6134128495864952,0.011665931871854945,-0.03966522507139545,1.0367448941118151,-0.021917590321822118,3.408222300804689,0.09857172306292977,-0.010860611911172045,1.0321954680911734,-0.005038270609738666,0.027590316592295997,0.16466656125365708,0.1514256622794446,0.014022405973210934,nan,nan,nan,0.999534035921341,-0.041070924541220084,0.0,0.08218806646122839,0.0,0.0,10.0,0.0,1.6368598552878713,1.543539472113286
67.10000000000001,3.675561389421712,0.009325236186184175,-0.041149739765034846,1.036340450048134,-0.02698433488310368,3.449519404089957,0.10151679586577705,-0.007856968713819246,1.0324782083045145,-0.020384691155961653,0.027262976579478015,0.1663435362466143,0.15275038721395315,0.013692123138889987,nan,nan,nan,0.9992633709505114,-0.0492460128942836,0.0,0.09857172306292977,0.0,0.0,10.0,0.0,1.646997953214033,1.5273017189500366
67.152,3.7169762540976294,0.007721942324591566,-0.04231090381546482,1.0359949872871748,-0.03020352656744394,3.511472454831938,0.10100973271275128,-0.008915435859200738,1.0327354204948405,-0.026954527567861486,0.02726303822197355,0.16884534287318448,0.1547679831647886,0.013994501689235168,nan,nan,nan,0.9990817405609271,-0.050714873629830855,0.0,0.10151679586577705,0.0,0.0,10.0,0.0,1.645797187425576,1.5245319987506973
67.2,3.7583757212318774,0.006081403724857683,-0.043585521038248164,1.0356460885338963,-0.032717942048930394,3.5528037772459524,0.10789174661047923,-0.0022707580376759573,1.0327985655418341,-0.04200225149302729,0.02659951997986951,0.17050268769137278,0.15606302279567252,0.013667608809922582,4.348707059600568,0.5849364406708998,3.0992999321390946,0.9991370660432604,-0.05046199033670328,0.0,0.10100973271275128,0.0,0.0,10.0,0.0,1.6404053862126107,1.5279146524380045
67.25,3.8204441573770245,0.0035441371112021323,-0.04567163825080451,1.0350524196477442,-0.03646770323416581,3.6980068895573943,0.15011064397989296,-0.004036516112989386,1.03728466926868,-0.04658985169434917,0.02657684542831306,0.16391284682367313,0.15104042154959965,0.01396686449866148,nan,nan,nan,0.9986678352124748,-0.05389363416470676,0.0,0.10789174661047923,0.0,0.0,10.0,0.0,1.646935014353613,1.5157372660092836
67.301,3.882452236392222,0.0009038982628831515,-0.04808934925162438,1.0337917676821786,-0.04352560475722418,3.73946720338731,0.14436569724836298,-0.012512380814853952,1.0359938468329912,-0.06719989774135594,0.027101716473552917,0.1655954318051986,0.15236840063688595,0.013643309540963567,nan,nan,nan,0.9974891815875082,-0.07491486002811812,0.0,0.15011064397989296,0.0,0.0,10.0,0.0,1.6619034399387218,1.475900584952005
67.351,3.92374653018044,-0.0009209637922601554,-0.04989843413420829,1.0331035220322196,-0.045850329013943134,3.801592985571601,0.14352111546170573,-0.01588374588998409,1.034651138155324,-0.0585105400419895,0.027102439315580845,0.168105113451315,0.15439188765436948,0.014027580039758108,nan,nan,nan,0.998446147639083,-0.07163775807331614,0.0,0.14352111546170573,0.0,0.0,10.0,0.0,1.6409501569872873,1.5087038528324155
67.40100000000001,3.9856427383790702,-0.0037645612435531187,-0.05272245182725677,1.0323908757013638,-0.04784597315641806,3.8429558952534695,0.14043368250595917,-0.02049318899668906,1.0339981593608285,-0.05191003893059833,0.027320835039041796,0.1697674553763918,0.15568990474252098,0.013693779660334419,nan,nan,nan,0.998446147639083,-0.07163775807331614,0.0,0.14352111546170573,0.0,0.0,10.0,0.0,1.6409501569872873,1.5087038528324155
67.452,4.026883904957481,-0.005737465022062509,-0.05465391135077382,1.0320622419265313,-0.04845158665628631,3.793944895533466,0.14471459948141385,-0.02333231128840385,1.026676935988644,-0.07071010840929633,0.027315764979251582,0.16314757814260206,0.15060580275580107,0.014075621105067259,2.8017142799500903,0.20263996622417696,4.054622634436067,0.9987697460729488,-0.07010178228376567,0.0,0.14043368250595917,0.0,0.0,10.0,0.0,1.6360125227164706,1.5164259884283817
67.50200000000001,4.0887331643791365,-0.008822282086795976,-0.05755824492905052,1.0322056354577007,-0.048160211474809644,3.8350306732298582,0.14690182783298839,-0.021988653936796165,1.027643474361901,-0.05343161841527982,0.027018967727993632,0.1648339171928296,0.15193711071154883,0.013735912752921062,nan,nan,nan,0.9986828742062065,-0.073319249727555,0.0,0.14690182783298839,0.0,0.0,10.0,0.0,1.64625198303443,1.5217144078030571
67.551,4.129970202721331,-0.010966528027865664,-0.05949830430660073,1.0323112082887644,-0.04884180606753783,3.896697084156795,0.1454814823748568,-0.025030501602455676,1.0287318412696729,-0.04855135735986986,0.02701915988039845,0.16735103388700973,0.153966316184614,0.01425710339607987,nan,nan,nan,0.9986828742062065,-0.073319249727555,0.0,0.14690182783298839,0.0,0.0,10.0,0.0,1.64625198303443,1.5217144078030571
67.60000000000001,4.191821389669687,-0.014320476455919887,-0.06246095775363127,1.0323220755765758,-0.04964886059528697,3.9378342807000775,0.14398800077175558,-0.027392421819000923,1.0292184622279164,-0.04548758994061391,0.027059149016365268,0.16901924262229032,0.15526761974290385,0.013846318972790542,nan,nan,nan,0.999011035531837,-0.07187000088124615,0.0,0.14398800077175558,0.0,0.0,10.0,0.0,1.6370579983493037,1.5258036512359987
67.65,4.233048931339851,-0.016650458098073927,-0.06445072569405838,1.0322724564524488,-0.049758971013854,4.013065203153739,0.12892329429848312,-0.031181434407563383,1.0306448251340792,-0.08281502899033782,0.02706109988793887,0.1623739163163693,0.15012875155889688,0.014220618641162482,4.10799654608665,-0.0062016667554313076,0.1405424504420868,0.999011035531837,-0.07187000088124615,0.0,0.14398800077175558,0.0,0.0,10.0,0.0,1.6370579983493037,1.5258036512359987
67.702,4.294876509840524,-0.020288203025771563,-0.06734339118512897,1.0321395392266894,-0.046257685742836174,4.054270709112017,0.12754028421279526,-0.034005225601439815,1.030781030982001,-0.06215122341074045,0.027068796091931538,0.16406427258200115,0.15146451685387075,0.013865797885000556,nan,nan,nan,0.9994492243878295,-0.0643725831843117,0.0,0.12892329429848312,0.0,0.0,10.0,0.0,1.6041959793941774,1.5563309628893751
67.75,4.3360840005631855,-0.022808180664110014,-0.06912807359922275,1.0320294997716155,-0.04373389359558916,4.1160830634234,0.12537599447745176,-0.03665787207283433,1.0309259238065716,-0.03045138764818189,0.027071931100013526,0.1665878040909049,0.1535006684178812,0.014164079566160854,nan,nan,nan,0.9995596201960462,-0.06368390920248307,0.0,0.12754028421279526,0.0,0.0,10.0,0.0,1.6067978270523962,1.55264237477502
67.8,4.3772822965165545,-0.025403860688378396,-0.07083143986746022,1.0319150121071414,-0.04208964012174561,4.157249509106279,0.12070966945089329,-0.042223560087669476,1.0309691830989527,-0.06078248591008141,0.027347311100776376,0.16826043305248786,0.15480615451755023,0.013816175058045119,nan,nan,nan,0.9996633643094264,-0.06260607353397606,0.0,0.12537599447745176,0.0,0.0,10.0,0.0,1.6134277717733254,1.5448444152909966
67.851,4.439061959452365,-0.029436372365764053,-0.07325603540860162,1.0317451120782901,-0.0384456706794658,4.219050215563928,0.11801869837762019,-0.0453009655981198,1.0310166381506676,-0.029942962106414783,0.027349754486537484,0.17075251387797158,0.15680236275533518,0.014115430382601496,3.8134537326927704,0.15832823451058542,0.5952063697611868,0.9998369560504883,-0.06028170950887163,0.0,0.12070966945089329,0.0,0.0,10.0,0.0,1.5894016307649677,1.5685727275177654
67.9,4.480236889317139,-0.032213659146502795,-0.07472151618268166,1.0316309960508232,-0.03572983702129343,4.217722313169908,0.11712842417275195,-0.05066151437745469,1.0284817123295682,-0.05052299215667698,0.02759332354448274,0.16328197907649655,0.15095813251386558,0.013769685712926454,nan,nan,nan,0.9999069761769102,-0.058940999715688086,0.0,0.11801869837762019,0.0,0.0,10.0,0.0,1.5946096059504453,1.5622270292300346
67.95100000000001,4.541983028036971,-0.0365074815106061,-0.07672827636424273,1.0315556387923441,-0.03132048753676579,4.279361106098703,0.1139542569166542,-0.05260931955876914,1.029115914451371,-0.02129866834941654,0.02759589139903182,0.16580984813681174,0.15300154943012448,0.014069865456182244,nan,nan,nan,0.9999692996393079,-0.05849739566531786,0.0,0.11712842417275195,0.0,0.0,10.0,0.0,1.581049408645286,1.5824649556413222
68.0,4.583142357433713,-0.03945051947666435,-0.07790375902446728,1.0315762798756327,-0.02841816072521556,4.320404441520703,0.10858078649329979,-0.057728087625674274,1.029443387881011,-0.03909113949634187,0.027877241203736358,0.16748604828666291,0.15431173641859672,0.013733459900959031,nan,nan,nan,0.9999907280250646,-0.05691559155753963,0.0,0.1139542569166542,0.0,0.0,10.0,0.0,1.5858725354376668,1.5744543885351856
68.05,4.644871214498742,-0.043977092425251885,-0.07945911959435091,1.0315094463933783,-0.023576826302388394,4.382075833245323,0.10500949707533438,-0.05841371749205671,1.0297968003306923,-0.02082590849198372,0.02787907689686186,0.16998432070877487,0.15631493232635993,0.01403442078318446,5.000238575055257,-0.5817861886080624,3.088178397420898,0.9999939066765537,-0.054237148028852065,0.0,0.10858078649329979,0.0,0.0,10.0,0.0,1.5658275422700683,1.5920699164678733
68.10000000000001,4.706583265772261,-0.048624689646267594,-0.08069314445422665,1.031345910333062,-0.018656407136034232,4.487758252991706,0.04899277143705742,-0.04975633729394735,1.0339229205571483,0.010692002550375463,0.02719798769208283,0.16263500287815566,0.15053897539041797,0.013698543682737556,nan,nan,nan,0.999982256313214,-0.052456580720199084,0.0,0.10500949707533438,0.0,0.0,10.0,0.0,1.5680824697747904,1.5871708220619343
68.15,4.747706977810986,-0.05178188849386583,-0.08133809566194647,1.03090501950104,-0.014466437073195351,4.549698496756375,0.04588086913938451,-0.05073580261786725,1.0329017299585281,0.00842894395350559,0.027197142064367033,0.16516969995611608,0.15258866454147865,0.013997401897937436,nan,nan,nan,0.9996808606616403,-0.024491487609427123,0.0,0.04899277143705742,0.0,0.0,10.0,0.0,1.543351027666031,1.595400838354119
68.20100000000001,4.788808396566331,-0.05497993213815343,-0.08181125871326933,1.0304608208671069,-0.01020904273068955,4.590705704609062,0.03481077539930815,-0.06089565032213162,1.0322211965183592,-0.009175504036260744,0.027993572062746996,0.16685017964541862,0.1539028187017384,0.013742912740492792,nan,nan,nan,0.9996136218134827,-0.022936411601812142,0.0,0.04588086913938451,0.0,0.0,10.0,0.0,1.5389356705147592,1.6006775459851088
68.25,4.8504245156972035,-0.059841036047002034,-0.08215775323611252,1.0298387399696198,-0.0017065108642056435,4.6525044146867165,0.031030334112235138,-0.06143638564412024,1.0312600343630598,-0.0014072396167786796,0.02799305227830396,0.1693545479183814,0.1559118175888421,0.014182274796908942,nan,nan,nan,0.9990543711738893,-0.017403630379383434,0.0,0.03481077539930815,0.0,0.0,10.0,0.0,1.5060928597231413,1.6294311005648106
68.301,4.911999474382558,-0.06475847636479595,-0.08192970351177377,1.0292767866423231,0.007495250501248263,4.736985106591499,-0.06776237486285923,-0.06497111658799072,1.0338113116611156,0.02352617028495697,0.028293052625778976,0.1619564523089434,0.15007654868940015,0.013776432399312184,5.087300935399528,-1.016882316489867,4.604483392001653,0.9989457489730224,-0.015513922296777335,0.0,0.031030334112235138,0.0,0.0,10.0,0.0,1.505524502593387,1.6303986867467282
68.35000000000001,4.953014171012294,-0.06805223367163771,-0.08136431069322343,1.0281721870142793,0.01889839598494691,4.798825414070818,-0.07178409206088511,-0.06512669702158512,1.031058763483349,0.005501122657138386,0.028287986543706525,0.1644936581536118,0.15213305386528178,0.014155906186527662,nan,nan,nan,0.9951193668682454,0.03386823188812802,0.0,-0.06776237486285923,0.0,0.0,10.0,0.0,1.4155513082670619,1.6802178133701045
68.4,4.993981188893795,-0.07134584508277952,-0.08030923707243857,1.0270841793748473,0.03088168799543122,4.839950392373351,-0.07490782410759396,-0.06468543963062245,1.029634287903613,0.032350206438406914,0.02832937119157832,0.16617654917703892,0.15345158618065188,0.013808888350073493,nan,nan,nan,0.9949034973573077,0.0358766454217075,0.0,-0.07178409206088511,0.0,0.0,10.0,0.0,1.4069538978821254,1.693542456413377
68.45100000000001,5.055363670035383,-0.07626378566569107,-0.07790210006655436,1.0257972164873743,0.04593715452474716,4.901564908286877,-0.07885341213545204,-0.06281983850942963,1.0278743630364722,0.02437341809102096,0.028326179012643633,0.16868577896026501,0.1554665699028068,0.014108100528125072,nan,nan,nan,0.9947794573947906,0.039406295953561994,0.0,-0.07885341213545204,0.0,0.0,10.0,0.0,1.4142301311391934,1.6914327092572343
68.5,5.096250298223751,-0.07951065572196607,-0.07586019869189775,1.0251363232928723,0.054058108724895436,4.942497207300276,-0.0838651967115276,-0.06290767418945721,1.026988608759036,0.0658411367663997,0.02853693822314535,0.1703472958820909,0.15675579952677204,0.01392084232424971,5.272981109056911,-0.19727334105483227,0.43815743110700023,0.9947794573947906,0.039406295953561994,0.0,-0.07885341213545204,0.0,0.0,10.0,0.0,1.4142301311391934,1.6914327092572343
68.55000000000001,5.157543785618645,-0.08430213587442388,-0.07226008945894401,1.024319072591556,0.06353602425878349,5.038529809038154,-0.09793017301947374,-0.05829753686814154,1.0277975225403868,0.07696387233306419,0.028542647062290035,0.16378664826657086,0.15163987356142453,0.014153157973894414,nan,nan,nan,0.9945118596073397,0.0419080469582246,0.0,-0.0838651967115276,0.0,0.0,10.0,0.0,1.425857947134006,1.678703267577291
68.60000000000001,5.218798414677853,-0.08896303387186874,-0.06819775551104909,1.0234626605371315,0.07050480634931414,5.079593829514005,-0.0995265331357067,-0.05528556053733435,1.0267402262282177,0.04968284185443846,0.028469678317857204,0.16547311795019756,0.15296250702588315,0.013879398113274358,nan,nan,nan,0.994257060808849,0.048926010141818924,0.0,-0.09793017301947374,0.0,0.0,10.0,0.0,1.423090969088511,1.6753338141353993
68.65,5.259614883609952,-0.09197871993704239,-0.06525978889717443,1.022991139193123,0.07524767870907927,5.141082219748291,-0.1028347446973113,-0.050887041456322724,1.0254890123310307,0.07080643441680803,0.028471758175511862,0.16798909749393745,0.15498307369061864,0.014314092183672782,nan,nan,nan,0.9944917441321485,0.049722249863661305,0.0,-0.0995265331357067,0.0,0.0,10.0,0.0,1.416692947999705,1.68516348570661
68.70100000000001,5.320825628749336,-0.0963401316853333,-0.06055563453109035,1.02255418304915,0.08018203501643925,5.181965834664921,-0.10676606469064308,-0.04949998021779578,1.0249262292804049,0.08022191654608099,0.02863418814501505,0.16965585926746035,0.15627576891983014,0.01389729040893027,5.5365383058234965,-0.12747532324446775,0.45250051784590306,0.9947760852220042,0.051372132594561165,0.0,-0.1028347446973113,0.0,0.0,10.0,0.0,1.4309973541099457,1.675345700457129
68.75,5.361628944004858,-0.0991268053108953,-0.05728865598574518,1.0223124109544723,0.08250846438267731,5.280135478766397,-0.11173081474151651,-0.04407239252663819,1.0262664958625516,0.09645678751929015,0.028636980081968504,0.1632081634846003,0.1512272519664849,0.014327152469687033,nan,nan,nan,0.9947174073420958,0.05333240947554256,0.0,-0.10676606469064308,0.0,0.0,10.0,0.0,1.4332444205569357,1.6728083520249966
68.80000000000001,5.422828726082812,-0.10310584012072728,-0.052263914363855905,1.0219110823931334,0.0843208436781868,5.320971756790222,-0.11747466857524134,-0.04577239625051499,1.0255160398765124,0.06307056660280745,0.028986841007555973,0.16490043070248112,0.15255303962803335,0.013909178158052295,nan,nan,nan,0.9950161589754787,0.05580739835997237,0.0,-0.11173081474151651,0.0,0.0,10.0,0.0,1.442068149326181,1.6607851855043574
68.85000000000001,5.463621910298904,-0.10561415363436029,-0.04882630978577764,1.021563601863531,0.08710894701141556,5.382420994705553,-0.12021505383576571,-0.041162912679596264,1.0244920374909419,0.10395065991457132,0.028991777193883978,0.16742523051120428,0.1545780826155356,0.014205990945173596,nan,nan,nan,0.9945508568943434,0.05866992438232733,0.0,-0.11747466857524134,0.0,0.0,10.0,0.0,1.4198428553062679,1.6800008806626539
68.9,5.524806490789397,-0.10914597285973293,-0.04350874093992905,1.0212547855931373,0.08897916079174004,5.42347956802824,-0.1191019397948379,-0.03422661443792796,1.0240008710406696,0.09535032141569517,0.028758992695225014,0.1690979926435402,0.15587376077722168,0.014005446746784053,nan,nan,nan,0.9948838298108548,0.06003529564157658,0.0,-0.12021505383576571,0.0,0.0,10.0,0.0,1.442679242146089,1.6614128380012678
68.95,5.56560016718403,-0.11134095079629559,-0.03995430485685355,1.0212321958207369,0.08871938014929706,5.402052426106639,-0.12257685023435623,-0.029139750261806263,1.0185477435994483,0.10831284508562253,0.028763919806983746,0.16259441948225617,0.15076619220546658,0.014239388244500653,4.646110683242653,-0.14079002185363407,2.2842036364862905,0.9956126792410165,0.059480723746929386,0.0,-0.1191019397948379,0.0,0.0,10.0,0.0,1.4529423912471895,1.657020720874371
69.0,5.6064050288987355,-0.11340428773727132,-0.03642215799784642,1.0214778724772962,0.08787141224128239,5.442718834598624,-0.12538344518692848,-0.02672976734760457,1.0194072684916216,0.09625440055237015,0.02891280009443158,0.16429118801497572,0.15209519909995559,0.013881822331912147,nan,nan,nan,0.9959210693216115,0.06121185895946211,0.0,-0.12257685023435623,0.0,0.0,10.0,0.0,1.4715542098337409,1.6560988497264257
69.05000000000001,5.667653121303117,-0.11624662285485879,-0.031198541451669122,1.0220025154499424,0.08668800354361704,5.503886977830998,-0.12687497185163704,-0.02055078740430627,1.0204197835340976,0.07310632312941688,0.028911266297493833,0.16682411739471592,0.15412463689944467,0.014179158138433371,nan,nan,nan,0.9960118759336258,0.06260978430531426,0.0,-0.12538344518692848,0.0,0.0,10.0,0.0,1.4662905423686365,1.6583391606994042
69.10000000000001,5.728939989380581,-0.11877993123773072,-0.026012661763570148,1.022371855708116,0.08631326503160833,5.544583865767145,-0.13067959946941166,-0.020215554912915934,1.0209525092639025,0.08403854403993744,0.029170714494944464,0.16850284564787243,0.1554234087650845,0.013829022480514286,nan,nan,nan,0.9964821758009383,0.06335259334504106,0.0,-0.12687497185163704,0.0,0.0,10.0,0.0,1.4645265075167992,1.6596241088827093
69.15,5.769813953865106,-0.12029532023066464,-0.022567025026583146,1.0224952179107816,0.08602794983120349,5.636092254240329,-0.12467529634502904,-0.015688808272218857,1.0234742770065617,0.08582038228315046,0.0291668605065727,0.16194982167693395,0.15026360251192492,0.014123119994454635,5.8768128417296985,-0.04977041689341248,0.328797573101917,0.9963502936017883,0.06524705235949699,0.0,-0.13067959946941166,0.0,0.0,10.0,0.0,1.4641925155468842,1.6560766458262985
69.2,5.810696161888852,-0.12167142139693303,-0.019142103737659216,1.0225431417447708,0.08513617585078012,5.676854424737739,-0.12994182727380504,-0.017259055723497955,1.0234190244014676,0.07186300073801914,0.02958651500191668,0.1636502276049378,0.15159706761089314,0.013779854028646479,nan,nan,nan,0.9969637563151812,0.06225708825445124,0.0,-0.12467529634502904,0.0,0.0,10.0,0.0,1.4737949221213693,1.6424829085342507
69.253,5.872025904563483,-0.12347434026089348,-0.01408099669781698,1.0224560082752656,0.08427776771742007,5.738249355895916,-0.13091346289364186,-0.012690436224073842,1.0232525405890927,0.07325255687133277,0.029587168429119987,0.1661887715904679,0.15363242526168372,0.014079299570247276,nan,nan,nan,0.9969553388547289,0.06536348609219145,0.0,-0.13091346289364186,0.0,0.0,10.0,0.0,1.466776582733012,1.6474448338810177
69.301,5.933357627073955,-0.12496346830147924,-0.009035719940996393,1.0223786248116913,0.08376534892724659,5.799806022141556,-0.12662532264431975,-0.0025454182434869743,1.0231388155120247,0.08519402206252931,0.029175299169470592,0.16870936552209914,0.1556026438500012,0.01393640556507318,nan,nan,nan,0.9969553388547289,0.06536348609219145,0.0,-0.13091346289364186,0.0,0.0,10.0,0.0,1.466776582733012,1.6474448338810177
69.35000000000001,5.974249882785772,-0.12578349745217152,-0.005735721663461913,1.0224622509642787,0.08140550460182609,5.840732544571877,-0.12668644387982814,0.000528743012845112,1.0232287846598334,0.05591862015858229,0.029172229990739026,0.17037836900305656,0.15693015365991442,0.014135005703912658,6.0555241378669695,-0.020945763078845853,0.20614220477240572,0.9978376908067655,0.06322826808152429,0.0,-0.12662532264431975,0.0,0.0,10.0,0.0,1.4927075272904213,1.6276396351749578
69.40100000000001,6.015149222268015,-0.1264666716626018,-0.002539013389708383,1.0225738532221038,0.07923634839963534,5.903976808415122,-0.11859684986207204,0.001698807154146831,1.0246486237510568,0.07338295883055655,0.029290712258677108,0.16297405185751423,0.15106655192700616,0.013786451091749176,nan,nan,nan,0.9980331209397101,0.06325870662767258,0.0,-0.12668644387982814,0.0,0.0,10.0,0.0,1.4852653690252966,1.635113929938588
69.45100000000001,6.07650823920985,-0.1272373950045353,0.0021108912082770247,1.0226611900661375,0.07584103085714086,5.965451436137374,-0.11839232722461157,0.0064253392299100645,1.0244227141063293,0.06010242704833755,0.02929007255929035,0.16551571561634137,0.15310821345652154,0.014085889457500753,nan,nan,nan,0.9983455909544701,0.05922906745438787,0.0,-0.11859684986207204,0.0,0.0,10.0,0.0,1.4982244222228065,1.6190777048577623
69.5,6.117417447356953,-0.12758553428346953,0.005079888990396794,1.0226981914147393,0.07326658455907345,6.0063235946207385,-0.1219120668259857,0.005686867288840158,1.0243100990924499,0.0890324307229415,0.02962621680695366,0.1672008486313283,0.15441568693301697,0.013747291435545886,nan,nan,nan,0.9986115802451844,0.059127163842072714,0.0,-0.11839232722461157,0.0,0.0,10.0,0.0,1.500648087842522,1.6181675070851378
69.55000000000001,6.178785548405403,-0.1278655036678542,0.00934519858926708,1.022734698547659,0.06937285057599182,6.067777165568061,-0.12146743657066456,0.009666429988005818,1.0241164407036731,0.05070160093431558,0.029622405614115003,0.16971225458662295,0.15641651268372914,0.014044764268372577,6.030501869892519,-0.5206052868258245,0.5854704938880464,0.9984772068111626,0.06088070442740817,0.0,-0.1219120668259857,0.0,0.0,10.0,0.0,1.5071920990044427,1.6095954912579775
69.60000000000001,6.219698360634607,-0.12789507893595536,0.01206684041331566,1.0227506004402962,0.06747163416193093,6.105031680586276,-0.15681193546243818,0.012383406249525386,1.0238012749359013,0.08443803018668031,0.029663938966300266,0.16241209359826966,0.15062439202946942,0.013780597819193913,nan,nan,nan,0.9987001499284981,0.06065920929752691,0.0,-0.12146743657066456,0.0,0.0,10.0,0.0,1.4984526134302547,1.6194274238206459
69.65,6.2810660415042925,-0.1277102107946572,0.01606606505909455,1.0226497848164393,0.06641880150571225,6.1664503553174805,-0.15597016851836001,0.016796903136714558,1.023535774493457,0.07625755275914378,0.029663798232653065,0.16495902337018814,0.1526714793228216,0.014080183553104619,nan,nan,nan,0.9978318504848989,0.07824589097525467,0.0,-0.15681193546243818,0.0,0.0,10.0,0.0,1.4856666411113573,1.6249200491957383
69.7,6.321970911358957,-0.12743823506343532,0.018714625852283978,1.0225386256501172,0.06600304946597149,6.20743213832177,-0.1526936795266707,0.02308455565697143,1.0233791858315575,0.0837732070736472,0.029442343857114327,0.16664788487469243,0.1539828593561462,0.013742282169182503,nan,nan,nan,0.9981382071323045,0.07782756537795797,0.0,-0.15597016851836001,0.0,0.0,10.0,0.0,1.490324534025488,1.6222371632208525
69.751,6.383321604473304,-0.12681386497716265,0.022613896786021936,1.0224903018390021,0.06378733640023793,6.26881334836978,-0.15120055764973073,0.02706052528592906,1.0232527275890746,0.06754225440375995,0.029441207610740136,0.16916507530866107,0.1559888824354853,0.014042701073761335,nan,nan,nan,0.9985897585035194,0.0761990185593067,0.0,-0.1526936795266707,0.0,0.0,10.0,0.0,1.5063593977480434,1.6090420501041047
69.80000000000001,6.424220376824345,-0.12625692771181507,0.025117186683345543,1.0225074926086444,0.06188419700192532,6.299899200272937,-0.15108605312876566,0.029886311522521858,1.02259201987778,0.06647351064216754,0.02944245461079692,0.16180347192800834,0.15014088656350516,0.013705362911355504,6.194520824836036,-0.16240555446055135,0.03269549462924712,0.9988291316610813,0.07545674206089517,0.0,-0.15120055764973073,0.0,0.0,10.0,0.0,1.5072383770346287,1.609235015312242
69.851,6.4855680635015585,-0.12521606503087518,0.028736749931982913,1.0225862360052624,0.05915795676037905,6.361227892858031,-0.14919222326917847,0.03306615969465554,1.0227301338841028,0.053987306711645006,0.02944153030085672,0.16435331602612527,0.1521941874889533,0.01414529036955994,nan,nan,nan,0.9989644392848159,0.07539981491560652,0.0,-0.15108605312876566,0.0,0.0,10.0,0.0,1.5118486860862324,1.6065073142614055
69.90400000000001,6.546916790431803,-0.12393628021196165,0.03219521971192219,1.0226778643310392,0.05660170675821138,6.42254062351896,-0.14925612407664374,0.03352642113947191,1.022858345670077,0.02682905493900979,0.029625354162265163,0.16688755543032008,0.1541831087271232,0.013848950258838033,nan,nan,nan,0.9991434715348475,0.07445820643289404,0.0,-0.14919222326917847,0.0,0.0,10.0,0.0,1.5016087736938342,1.6151566887531625
69.95,6.587815062582286,-0.12295431642514003,0.03444318748893155,1.0227003058496922,0.056091010914555164,6.46343159445698,-0.14787155692078952,0.03626919932166529,1.0228942293791758,0.08231992017602556,0.029632839642039,0.16856661215635646,0.15552207785736633,0.014048807646902781,nan,nan,nan,0.9991611107400438,0.07448997995458846,0.0,-0.14925612407664374,0.0,0.0,10.0,0.0,1.5016087736938342,1.6151566887531625
70.0,6.628711279638808,-0.12187242220417847,0.036650034344876875,1.0227118817378242,0.054054374978867406,6.504330589296324,-0.14403819905617368,0.040653852033708755,1.0229199985972381,0.0408157293151675,0.02943114035255181,0.17023630184267324,0.15680886985781428,0.013714801309994406,6.321983441549868,-0.9039073485345258,2.2221627465192078,0.9992957460560974,0.07380149532656581,0.0,-0.14787155692078952,0.0,0.0,10.0,0.0,1.528658898379856,1.5878956557789734
70.051,6.69005135050977,-0.12006943203534785,0.039751639482683225,1.0227362834739004,0.05039650302716101,6.546761313487119,-0.209547924133444,0.04263420969886367,1.021705166281698,0.05536592485057691,0.02946754417011796,0.1637036572445234,0.15168331698244247,0.014011816765780349,nan,nan,nan,0.9995120359466879,0.07189497055710199,0.0,-0.14403819905617368,0.0,0.0,10.0,0.0,1.5215788314694614,1.5954578202979774
70.10000000000001,6.730940157209725,-0.11874979960377267,0.04176326612234528,1.0226407743737242,0.05110448296410186,6.587590124153487,-0.2056538333016725,0.047063670386854994,1.0216718460577596,0.051290496323021684,0.029277366109669828,0.16539720385222392,0.15300419036823462,0.013682334751112458,nan,nan,nan,0.9980935270911981,0.10439307934720046,0.0,-0.209547924133444,0.0,0.0,10.0,0.0,1.4768748072495919,1.6312844817210934
70.15,6.79225483313406,-0.11659738125093566,0.04494831680178285,1.0224107209691962,0.05407919271886609,6.648819469624797,-0.2027115971389402,0.049725012996904905,1.0216783979736186,0.03823278299340544,0.029275587093136934,0.16792302131366038,0.15502275068706037,0.013984198659946425,nan,nan,nan,0.9984656397401525,0.10246678938522875,0.0,-0.2056538333016725,0.0,0.0,10.0,0.0,1.485458241614762,1.624615038148403
70.20100000000001,6.853551767771492,-0.11424175346051695,0.048252264614436546,1.0222678268181435,0.055681917593867356,6.689618431640672,-0.19758720619753345,0.05451254109742898,1.0217113158767657,0.041140274652455365,0.02901217927932051,0.16959586853308228,0.15631435404611851,0.013658123660084419,6.328657945879851,-0.275418599181323,0.4894801596484934,0.9986851698802544,0.10101084633360846,0.0,-0.2027115971389402,0.0,0.0,10.0,0.0,1.4864474921098592,1.6242114606555496
70.25,6.894408404603121,-0.11255907244145814,0.05047801024662121,1.0222205130615907,0.05545312496315817,6.713440656017014,-0.2010955193860212,0.057636541054747255,1.019661037066056,0.04070394667073451,0.02901576906790883,0.16316533218056398,0.15125958296659958,0.014037449112426563,nan,nan,nan,0.9990338481311091,0.09847405799326311,0.0,-0.19758720619753345,0.0,0.0,10.0,0.0,1.499154759976551,1.613059401041351
70.30000000000001,6.935260902017344,-0.11078680068188342,0.05268335377063403,1.022256005107296,0.05491482341597977,6.75418069966682,-0.20034737031051134,0.05812452712043648,1.0201320956258648,0.04427309621927139,0.029162978075123032,0.1648627155780882,0.15258481378734776,0.013702046136199297,nan,nan,nan,0.9990938463386249,0.10021095935643759,0.0,-0.2010955193860212,0.0,0.0,10.0,0.0,1.503649123526536,1.6141672753772984
70.35000000000001,6.996538154453015,-0.10795987595251408,0.05594547189419669,1.0223564091985198,0.0539201985007269,6.815295104788764,-0.19675420485077016,0.05954403030275124,1.0206732192007157,0.021552000179085335,0.029159759577871806,0.16739470477193658,0.15460914009850443,0.014086833728255352,nan,nan,nan,0.9991300101809756,0.09984061503255764,0.0,-0.20034737031051134,0.0,0.0,10.0,0.0,1.5050686496521384,1.610573651574485
70.402,7.057807780719624,-0.10493189294403789,0.05916097818962511,1.0223541120100066,0.053502235194996396,6.856022364583484,-0.1925329018370134,0.06374821890851436,1.0209179052382584,0.07283515021219023,0.029012708466969545,0.16907182584899066,0.15590488530132005,0.013748304015516225,nan,nan,nan,0.9992582914147292,0.09806156636139335,0.0,-0.19675420485077016,0.0,0.0,10.0,0.0,1.4997513109634182,1.614222709518063
70.45,7.098648158836879,-0.10280328474169043,0.061238868414376264,1.0223458317178151,0.0506918670749284,6.91147945459976,-0.1790802495054239,0.06710099006932202,1.020915705525204,0.054125259695026934,0.029006462841040744,0.162577456153631,0.15079402504943115,0.014044697338385547,6.821607848439544,-0.08503485266598679,0.051852084018734944,0.9994809001570456,0.0959707191202214,0.0,-0.1925329018370134,0.0,0.0,10.0,0.0,1.5295332123649468,1.5844152083544198
70.501,7.159900470870924,-0.09944996757824119,0.06410272428747657,1.0223689965101281,0.04559058792679966,6.952289271138869,-0.17925883935064646,0.06537123256379118,1.021158291025387,0.05022525497591992,0.029271080639685067,0.1642769461830506,0.15212411139645174,0.01370841373069855,nan,nan,nan,0.999753568249404,0.08930197530402932,0.0,-0.1790802495054239,0.0,0.0,10.0,0.0,1.5375352334684884,1.5775426067930398
70.55000000000001,7.2007296448527,-0.09710999960269634,0.06585722874282282,1.0223493465082325,0.042927478113907624,7.013430311861886,-0.17520335079615817,0.06754183168933324,1.0214099082648749,0.027407321257163036,0.02926901359089782,0.1668126909132671,0.15415486160953773,0.014093120826996687,nan,nan,nan,0.9997501814224862,0.0887287678722284,0.0,-0.17792470251835044,0.0,0.0,10.0,0.0,1.5331476679957485,1.5797725467239254
70.602,7.261961465174304,-0.09344965650795371,0.06833156760675169,1.0222805220839406,0.040220169615356086,7.0541117891932155,-0.16936222126365236,0.07270491920055333,1.0215065470543847,0.03313708860814218,0.029004683133314745,0.1684925274450086,0.15545520709740498,0.013753832369119414,nan,nan,nan,0.9999306796697147,0.08447956409412025,0.0,-0.16936222126365236,0.0,0.0,10.0,0.0,1.5427142906601512,1.568772824414109
70.65,7.302774253267837,-0.0909137087620392,0.0698784739823826,1.0222304589654136,0.03756716189675373,7.141487481416201,-0.169226605702804,0.07545439280638089,1.0233076047184348,0.03651332165591497,0.02900855655001616,0.16194171162852813,0.15029326239385946,0.014049997048294701,7.347511301078709,-0.2158758845341109,0.2377629493935381,0.9999306796697147,0.08447956409412025,0.0,-0.16936222126365236,0.0,0.0,10.0,0.0,1.5427142906601512,1.568772824414109
70.795,7.302774253267837,-0.0909137087620392,0.0698784739823826,1.0222304589654136,0.03756716189675373,7.141487481416201,-0.169226605702804,0.07545439280638089,1.0233076047184348,0.03651332165591497,0.02900855655001616,0.16194171162852813,0.15029326239385946,0.014049997048294701,nan,nan,nan,0.9999306796697147,0.08447956409412025,0.0,-0.16936222126365236,0.0,0.0,10.0,0.0,1.5427142906601512,1.568772824414109
70.806,7.363977246789119,-0.08697509959498934,0.07197850593361096,1.022010105520991,0.03312448753499005,7.202745911451151,-0.16602073435178943,0.07676183421654459,1.0228534667779534,0.05423328177243937,0.029141406842128244,0.1644897233057642,0.15231045081726666,0.013910850080970582,nan,nan,nan,0.9999895547412411,0.08126246066552736,0.0,-0.1628836180152089,0.0,0.0,10.0,0.0,1.540031475275976,1.5652150563097809
70.851,7.506688774837432,-0.0772195672998341,0.0759982542266596,1.0215039653975215,0.023928963265130047,7.345268175539952,-0.14991630303606213,0.08444442251651996,1.0220887800553975,0.009679825002403664,0.028725429553395913,0.17036602060723816,0.15697009372257387,0.014069094824261639,7.937904498182805,1.194588263819556,7.838316248478761,0.9999747172966617,0.07652339922655642,0.0,-0.15334623857094845,0.0,0.0,10.0,0.0,1.5693496903943402,1.5356219184520281
70.9,7.567816890143659,-0.07282826137344608,0.07723849273744327,1.0213299375432559,0.018713189848841086,7.448165289650968,-0.02057111915152904,0.09236277653066116,1.0262554798557202,0.006398103033370415,0.02820750475386209,0.16296178239640316,0.15110436512379824,0.013726027869938082,nan,nan,nan,0.9999536685971991,0.07481823317994506,0.0,-0.14991630303606213,0.0,0.0,10.0,0.0,1.5617903995813687,1.5424631094295873
70.95,7.608543302679644,-0.06984480253718346,0.07769699596267779,1.020458126855176,0.006037148310253683,7.509445646612715,-0.01489062832899268,0.09289238127378939,1.0242030167304035,0.007669542726787874,0.028209689547982697,0.16549985048094143,0.15315038974925466,0.014109810026287506,nan,nan,nan,0.9966335260152239,0.01028519688629065,0.0,-0.02057111915152904,0.0,0.0,10.0,0.0,1.6493053462797649,1.414428486983379
71.0,7.649226551084412,-0.06683098521346553,0.07760622168930113,1.0195113061723728,-0.0071379637533946685,7.550507644291524,-0.017115920384429016,0.08632450067272268,1.022799494152886,-0.016165356543345628,0.028739450804098777,0.1671823557288127,0.15446122223418024,0.013765670554052948,nan,nan,nan,0.9963516082278326,0.007445176597775434,0.0,-0.01489062832899268,0.0,0.0,10.0,0.0,1.6565523116692553,1.4096949534764458
71.05000000000001,7.710189214379516,-0.06226982141190676,0.0766060270959502,1.0185018565802342,-0.022253625317459013,7.611615093413227,-0.0118630393703061,0.08480384436079724,1.0212203734001732,-0.021202086267623117,0.02874059760005827,0.16969004115552322,0.15646617219691877,0.014148526678447721,7.817719715785462,-0.2704234509413284,0.39616120519545595,0.9969776899653531,0.008557751276817953,0.0,-0.017115920384429016,0.0,0.0,10.0,0.0,1.63984639209511,1.434320651664775
71.102,7.771105161426772,-0.05768866442450896,0.07488543999764957,1.0178806618127714,-0.03297735745818519,7.694037551488126,-0.03281752611544625,0.07887997149008186,1.0212072815756175,-0.05565533240825242,0.029039342221714604,0.16324042882111434,0.15135650342726992,0.013898866845176164,nan,nan,nan,0.9968911848389935,0.005931450123882524,0.0,-0.0118630393703061,0.0,0.0,10.0,0.0,1.6412994907214595,1.435697475605148
71.15,7.811700630429573,-0.054641718007947405,0.0734518806521702,1.017665880107155,-0.03721556307282743,7.734754900170041,-0.029626479035157853,0.07708167148990121,1.0206240441303143,-0.03281584985704283,0.02903778258538628,0.16493484783243012,0.15272109479438067,0.014098199303946865,nan,nan,nan,0.9980309987343666,0.017225289974559566,0.0,-0.0344539876378099,0.0,0.0,10.0,0.0,1.6238706563769378,1.4598439461147432
71.2,7.852291087164129,-0.0516120409460121,0.0718845198683053,1.0175240778667183,-0.04015535230395598,7.775589494876683,-0.028991530531591893,0.0738435225871843,1.0201690409064563,-0.06108135956777954,0.029258601625030974,0.16662195356484807,0.1540351473829914,0.013758322870010347,nan,nan,nan,0.9980618801055274,0.014812156160297086,0.0,-0.029626479035157853,0.0,0.0,10.0,0.0,1.616792331039787,1.469039630288619
71.253,7.913174568542235,-0.047120437126466214,0.06938686320054194,1.0174369162686066,-0.042122198444482416,7.83662375129302,-0.024499874895057883,0.07258344747955858,1.0196536930919509,-0.02721059556877234,0.02926367210581624,0.16913720528247575,0.15604426359150775,0.01405591056197416,nan,nan,nan,0.9981804488799164,0.012249324756870966,0.0,-0.024499874895057883,0.0,0.0,10.0,0.0,1.6175740417674527,1.4699464864540743
71.30000000000001,7.953765628345734,-0.044172950601586124,0.06767195540295795,1.0174207399954234,-0.043659724521006193,7.826179389652977,-0.015819452358166886,0.07126236713898759,1.016080119757588,-0.034105930432453906,0.029271601093314854,0.161778590514311,0.15019077143017598,0.013790179306781902,7.363638620976501,0.046245453135847665,0.8902851284465586,0.9981804488799164,0.012249324756870966,0.0,-0.024499874895057883,0.0,0.0,10.0,0.0,1.6175740417674527,1.4699464864540743
71.351,8.014659756670593,-0.03984094034937031,0.06493112326232761,1.0175236010413675,-0.047126241750714545,7.887000770493278,-0.011535959076354345,0.06735443060276758,1.0165299496986686,-0.09308753823211788,0.029264060063212135,0.16432783626302935,0.15224630861686295,0.014089885401571854,nan,nan,nan,0.9979938821023672,0.007909561231183448,0.0,-0.015819452358166886,0.0,0.0,10.0,0.0,1.6238233473219013,1.4720224822850407
71.4,8.075574656437569,-0.035631235572168476,0.06207384744076409,1.0177107705247521,-0.047236485754265,7.927580869886737,-0.008936409436436695,0.06450644947389472,1.0168128207986769,-0.06346579421202403,0.029276442771250147,0.16601936924405183,0.15356403366063945,0.01390499847985485,nan,nan,nan,0.9981041499275514,0.005767915573353168,0.0,-0.011535959076354345,0.0,0.0,10.0,0.0,1.597194451592914,1.4972618802806597
71.45,8.116194576705675,-0.03290016070162923,0.060177643881197965,1.0177847847550066,-0.047623712280498616,7.988471605276602,-0.005036940597674072,0.06255644078107281,1.017133594224456,-0.035984240068767714,0.02928022590742677,0.16854225393019961,0.15557774713677416,0.014222214559595036,nan,nan,nan,0.9981982441122279,0.004468174982890486,0.0,-0.008936409436436695,0.0,0.0,10.0,0.0,1.6065073375141057,1.4869217098560967
71.5,8.177136103720178,-0.028927807761808897,0.05725263133483687,1.0178220122902806,-0.04982671470787865,8.029639079309044,-0.01213461414789578,0.05045641119937017,1.0172671273999019,-0.009207453295148889,0.030105476398433514,0.1702131730711162,0.1568656437233587,0.01386709582665626,7.924335992634012,-0.9924558958871691,3.538815817898735,0.9981982620338937,0.002518464974229619,0.0,-0.005036940597674072,0.0,0.0,10.0,0.0,1.616845229202851,1.4746748745246516
71.55000000000001,8.21777236255086,-0.0263670393139214,0.055245079270191816,1.0179374278286482,-0.05024172729781148,8.078895816190544,-0.09705692137491333,0.04745088213266513,1.0165321036570925,-0.03627895721490379,0.03014548612181794,0.1636864164990569,0.151732637011385,0.014161182070302118,nan,nan,nan,0.9990190078073933,0.006158496451045138,0.0,-0.01213461414789578,0.0,0.0,10.0,0.0,1.6067915383252627,1.4899769582562399
71.601,8.27875184477883,-0.022656896449988403,0.05251266500356676,1.0183728888533754,-0.040401036885299293,8.119479411639407,-0.09446750929390069,0.04573494543065416,1.0171034371237422,-0.05970181652200238,0.030079937281085423,0.16538213925223266,0.1530538949507996,0.013813541588036247,nan,nan,nan,0.9999954167471409,0.050478507063252145,0.0,-0.09705692137491333,0.0,0.0,10.0,0.0,1.5295532809901196,1.5764027993429428
71.65,8.319424529291963,-0.020267977742511666,0.05110223663216579,1.0186174957504275,-0.03220879907918713,8.180458619285863,-0.09172827632865016,0.043772342750576065,1.017761533735562,-0.020714376908578143,0.03008294257508808,0.16791195164652012,0.15507226285339257,0.014112732432294562,nan,nan,nan,0.9999900647980642,0.05019257224035219,0.0,-0.09446750929390069,0.0,0.0,10.0,0.0,1.5167106040878442,1.5866329917917754
71.7,8.360108769673177,-0.01794479798675125,0.04998138720698154,1.0187789962038254,-0.025903636096279204,8.221124108474296,-0.08979266828326925,0.042125937801241964,1.0180364879807606,-0.040862826227209,0.030064646218954855,0.1695876321499012,0.1563638021416257,0.013771044658366462,8.417170120518419,-0.6072783313917531,1.1142011375380616,0.9999782341333805,0.0503702129491837,0.0,-0.09172827632865016,0.0,0.0,10.0,0.0,1.527583175807382,1.5728023206892892
71.75,8.42114947679403,-0.014574527994015036,0.04870526078928275,1.0189086825842564,-0.01781485369085912,8.302081371699733,-0.13323203242518547,0.03986637015770134,1.0193185797939655,-0.033526628216994474,0.030086940006021884,0.16316230273994078,0.15130146165876784,0.014067132045349382,nan,nan,nan,0.9999654850009269,0.05043439104146788,0.0,-0.08979266828326925,0.0,0.0,10.0,0.0,1.5160011769967252,1.582553914990794
71.805,8.482196004103377,-0.011321555313866834,0.048005367292809895,1.0187518385921286,-0.006155466518447141,8.363227377082419,-0.1315942728930678,0.037351331121791904,1.0189808924968868,-0.03545490164955584,0.030157529163043047,0.16570988455938354,0.15330311613724726,0.01392532895912646,nan,nan,nan,0.9991583871569965,0.07971432008458801,0.0,-0.1323782333672666,0.0,0.0,10.0,0.0,1.4768520581865814,1.6101002105736995
71.85000000000001,8.522887033503313,-0.009205395365570333,0.0479492219702402,1.018556177138639,0.0011807904016870718,8.403955816059376,-0.13006799990770018,0.03727468877691331,1.018763051016013,-0.01065154542318213,0.030154425176416588,0.16739864723221373,0.15464943146644222,0.014121546642649762,nan,nan,nan,0.9991583871569965,0.07971432008458801,0.0,-0.1323782333672666,0.0,0.0,10.0,0.0,1.4768520581865814,1.6101002105736995
71.90100000000001,8.583912099870956,-0.006089689110953362,0.04836972265634954,1.0182758213852932,0.011183517763105432,8.444588976548346,-0.12688757556518937,0.038905403140113475,1.018546738878758,0.004462275181870312,0.030010947088099805,0.16907843880407633,0.15594428989931655,0.01385119869222772,nan,nan,nan,0.9990304133930484,0.0813142921018072,0.0,-0.13006799990770018,0.0,0.0,10.0,0.0,1.467549281699693,1.6183615517475736
71.95,8.624587876991539,-0.004038134667377553,0.0489538135882099,1.0181142670813947,0.01644670729675222,8.436576959659412,-0.07411128573040368,0.03915788378700303,1.0142048715737493,0.005451941067473421,0.029982385452852135,0.16258660384504514,0.15082593046087825,0.014145555716818813,7.795586823850304,0.4433252644378601,2.789874055667405,0.99909732902271,0.08139791571517833,0.0,-0.12688757556518937,0.0,0.0,10.0,0.0,1.4758087536984144,1.6103136201385169
72.0,8.665263605904542,-0.0019978668181397197,0.04966003244286037,1.0182718873842609,0.01729858123923586,8.477212315554878,-0.07428441742066576,0.0367172778131195,1.015057945233861,-0.022127876123383634,0.030138923124468087,0.16428908005817067,0.15215462404774863,0.013799858292262523,nan,nan,nan,0.9999662991443664,0.04736776136545743,0.0,-0.07411128573040368,0.0,0.0,10.0,0.0,1.5372194266139376,1.5681667541315105
72.054,8.726298681286842,0.0010583682095206088,0.050674223229259706,1.0186443083412369,0.017305127137398006,8.53809500738894,-0.0720100644569421,0.03791008500812198,1.0160475620762655,-0.00286100916265667,0.030141173900845517,0.16682993843957822,0.15418298949815684,0.014099368786655143,nan,nan,nan,0.9999276892116844,0.04874322141912303,0.0,-0.07428441742066576,0.0,0.0,10.0,0.0,1.5185909684498933,1.5831706072388596
72.10000000000001,8.766997254628377,0.003103197401396923,0.0513831662771779,1.0187684060767768,0.017786104601995496,8.578935531547781,-0.07499491436541769,0.03387399986237761,1.0164821800309485,0.025617073507062046,0.03053828331695577,0.1685135254800498,0.15548166828722096,0.013759342477124082,nan,nan,nan,0.9999360672211242,0.04921791062765031,0.0,-0.0720100644569421,0.0,0.0,10.0,0.0,1.5254646513471235,1.5725895208642775
72.15,8.828048057296224,0.006192095175194126,0.05245414825495309,1.0187992873514102,0.017930427020755656,8.579438915173709,-0.12129496279426885,0.03495645864479701,1.0131325451840527,0.029293120772056088,0.030561391124669903,0.162112923248235,0.150428361186271,0.014193980666698185,8.016977971506861,-0.6141291924019971,2.276951854491423,0.9998223280189731,0.052724848251686614,0.0,-0.07499491436541769,0.0,0.0,10.0,0.0,1.5239237434573976,1.571083723632012
72.20100000000001,8.889096536259148,0.009320278433773694,0.053686491856856464,1.01879670691457,0.023612979097733366,8.619856959135218,-0.11798303554506773,0.03807075473297239,1.0138778981017431,0.012103316815724782,0.030387875325621344,0.16381982137501738,0.15176053132068304,0.013791081683917284,nan,nan,nan,0.9987391308922409,0.08517864820351959,0.0,-0.12129496279426885,0.0,0.0,10.0,0.0,1.4784194262911745,1.6172548140576222
72.251,8.929793189610585,0.01143574289836487,0.05475021736356212,1.0187586830995743,0.028328264932897647,8.680664349345943,-0.11565456875905201,0.03945711009926667,1.014776633758318,0.032881885680026625,0.030389324776271924,0.16636743068111978,0.15379351815974307,0.014090754268838232,nan,nan,nan,0.9988859090338471,0.08527876028457146,0.0,-0.11798303554506773,0.0,0.0,10.0,0.0,1.4749226755625355,1.618939434528193
72.30000000000001,8.990829870334471,0.014663975763662698,0.056644202207314906,1.0186070570054822,0.03351244084964354,8.721288909940661,-0.11535375499341219,0.039267159651716906,1.0151723947511326,0.013209540333297281,0.030502265534405788,0.16805556376642838,0.15509559816853621,0.013751763240314671,nan,nan,nan,0.9988491521733964,0.08743770276253841,0.0,-0.11565456875905201,0.0,0.0,10.0,0.0,1.4799420847631821,1.6101335558990488
72.351,9.031511579885981,0.016859867853876588,0.05807541385507092,1.0184352914784944,0.03726434742275901,8.782161661601089,-0.11295473907486327,0.039572300045264346,1.0155963513738322,0.009811325184427021,0.03050043341097896,0.17057043921533996,0.1570883565675008,0.014052300301736861,8.484001493378571,-0.08952100751695605,0.32056532891163375,0.9986004183773676,0.0924855916833126,0.0,-0.11295473907486327,0.0,0.0,10.0,0.0,1.4597365342518167,1.6242186863803247
72.402,9.092514660247415,0.020232935693166445,0.06051418509843378,1.0181079870135774,0.043026315549697706,8.791525659090702,-0.10772277186555683,0.042691858447001074,1.0138313603031313,0.02485170437605748,0.030342479033299265,0.1631413023973424,0.15120304393746922,0.01371412173370949,nan,nan,nan,0.9986004183773676,0.0924855916833126,0.0,-0.11295473907486327,0.0,0.0,10.0,0.0,1.4597365342518167,1.6242186863803247
72.45,9.133172473711868,0.022541591703432003,0.06228868653889562,1.0180503939115262,0.04493570934844391,8.852310281645154,-0.105064183043253,0.04598678468944995,1.0145379184512604,0.05575902577590633,0.030346399408923162,0.1656898299327249,0.15324292465735118,0.01401547745200934,nan,nan,nan,0.9989323858554379,0.0889045009882773,0.0,-0.10772277186555683,0.0,0.0,10.0,0.0,1.4791746594893038,1.6119846873996047
72.5,9.173825747481295,0.02490396631029321,0.06410631820265286,1.0179904509679951,0.045455408974367104,8.89287336910824,-0.10364369562543808,0.04734653477827333,1.0149268181794695,0.05271316383353462,0.03038690317761745,0.167379443624656,0.15455009228012712,0.013685710704833277,nan,nan,nan,0.9989740019954753,0.09128962119799164,0.0,-0.105064183043253,0.0,0.0,10.0,0.0,1.4913932252143076,1.5972010062716104
72.55000000000001,9.234792501847679,0.028556603452440404,0.06683751187850077,1.0178314068472263,0.04568369265641816,8.953709075749636,-0.10073238750815909,0.048974221370124756,1.0153637705328464,0.03924070093149642,0.030384769335986023,0.16989753566678428,0.15654948690527995,0.01398775391822284,9.959812011505031,-0.303550962320671,3.7807833219044564,0.9989423496370061,0.09334298796710779,0.0,-0.10364369562543808,0.0,0.0,10.0,0.0,1.4877949683636083,1.5985802535475762
72.60000000000001,9.275425930762703,0.03106959819790046,0.06868019941615772,1.0176841574262716,0.04645030632520397,9.098768432717346,-0.12057887419796247,0.046180840149194324,1.021866204011087,0.0552034112821846,0.030803312017127934,0.16257320405853165,0.15073991916374624,0.013812480363043186,nan,nan,nan,0.9988954374392762,0.09597987983195025,0.0,-0.10073238750815909,0.0,0.0,10.0,0.0,1.4794024627868338,1.6044633906960228
72.65,9.332926422542359,0.035059976509350436,0.07144967471177736,0.843671309079763,0.03469982582069244,9.157436679368402,-0.11781219773016795,0.04946674306273291,0.7730896231672222,0.0265536365887315,0.030803654435299307,0.16512542340202793,0.15278338553859916,0.014053652630148093,nan,nan,nan,-0.6960415947984051,-0.06021654898593809,1.0,0.12057887419796247,10.0,0.0,0.0,0.0,-3.20841730102125,-3.557399658074836
72.7,9.361103757608763,0.036931321570341576,0.07235212681114307,0.6295778628698306,0.009531870202845896,9.185840346390188,-0.10793672321467444,0.05903440664182957,0.5690080054016521,-0.013194156445646366,0.03003779114799685,0.16682418934493887,0.1540821643343664,0.013719390218094448,nan,nan,nan,-0.6958985323216442,-0.05883810704832371,1.0,0.11781219773016795,10.0,0.0,0.0,0.0,-2.8795490684500034,-3.2124170371777105
72.751,9.389270024182618,0.03852440546885479,0.07232236791567227,0.3650741437969506,-0.013235953359934665,9.214454818175179,-0.10623823575895178,0.05899683548488488,0.30916741977440143,-0.02792648695533429,0.03003942482233123,0.1693989653110668,0.1560506208384465,0.014020927002102543,nan,nan,nan,-0.6955395126487994,-0.05391605718508252,1.0,0.10793672321467444,10.0,0.0,0.0,0.0,-2.6121886810963644,-2.9283247611824046
72.80000000000001,9.403614990384975,0.03913117267348429,0.07111122750184032,0.1559782543769883,-0.026930178082664354,9.135740855653706,-0.04585552215617161,0.06385572247052718,0.16600366338934014,-0.0335327803268769,0.029499303385917067,0.16208035600799503,0.1501679153988812,0.01368716416897231,8.357272743807734,0.5124620136089395,4.067129820784382,-0.6956090164003884,-0.05306924127123125,1.0,0.10623823575895178,10.0,0.0,0.0,0.0,-2.254442093531111,-2.5572598087645737
72.85000000000001,9.406829528745149,0.03914657501515826,0.06990832667936321,0.03628228623505233,-0.03125106417792689,9.141890202566003,-0.04546387496456138,0.06281107496304104,-0.01676520871221099,-0.04411502076242004,0.02950041685127505,0.1648612497776978,0.15216196945411095,0.01398941861657744,nan,nan,nan,-0.6973659170807628,-0.02292374477261383,1.0,0.04585552215617161,10.0,0.0,0.0,0.0,-2.1069803527162616,-2.3303209993859966
72.9,9.403414918279948,0.03869533107891777,0.06780993006619812,-0.1198781193467419,-0.03668548177184295,9.140139637267696,-0.044110366617779395,0.06389117642403618,-0.11745529589817758,-0.020453186029388955,0.029345461763783744,0.1668011580782095,0.15344456813405039,0.013660108448366409,nan,nan,nan,-0.6974406330723383,-0.02272802318791811,1.0,0.04546387496456138,10.0,0.0,0.0,0.0,-1.855763330832275,-2.0677724688585397
72.95,9.39635661164671,0.03812759480879239,0.06620470159752766,-0.21011635346673607,-0.04155908758882631,9.130258609500052,-0.044732903861628696,0.061535627650409534,-0.2545587299088997,-0.04734286718100447,0.029343560397521236,0.1698519274072435,0.1553834177726192,0.014046202598605593,nan,nan,nan,-0.697416434024518,-0.022051608243140564,1.0,0.044110366617779395,10.0,0.0,0.0,0.0,-1.7086450986070993,-1.9416541918151136
73.001,9.37959316672025,0.036936506814653845,0.06347706944982835,-0.3259853220671634,-0.047271241017311894,9.119344503804792,-0.045300567335094494,0.05973072081042475,-0.32829097474879826,-0.045820626402572125,0.029332387505987226,0.17197017980730564,0.15663746485493601,0.013712920797954964,8.267607258405267,-0.71911592021555,4.244910092109466,-0.6975378181124692,-0.022362723383107408,1.0,0.044732903861628696,10.0,0.0,0.0,0.0,-1.5278795493776052,-1.7340825802736828
73.052,9.364932103147707,0.03595914890701879,0.061486539233621164,-0.39087406909583877,-0.05076721950106842,9.006218057877145,-0.10753163912316284,0.05685312259887931,-0.43779269234748747,-0.03198008658789622,0.029353304677981834,0.16592635397803998,0.15145608594182067,0.014012618152197974,nan,nan,nan,-0.6976262456434907,-0.022646411394040555,1.0,0.045300567335094494,10.0,0.0,0.0,0.0,-1.428075836136878,-1.6317567744905912
73.10900000000001,9.338639339942583,0.03427792792191912,0.05818138142307528,-0.47003530273806626,-0.05941627717139218,8.978525862622671,-0.10913756406033515,0.053295368728869086,-0.5095118391493899,-0.04466993638334724,0.029364147309101068,0.16932997200618863,0.15339666844960076,0.01378463645110972,nan,nan,nan,-0.6958983631046611,-0.05425166416937088,1.0,0.10860990436839157,10.0,0.0,0.0,0.0,-1.1653051468107727,-1.431521136754944
73.15,9.318774803510033,0.03305532288380709,0.055682825686767586,-0.5131106088215285,-0.06399690466981563,8.957767280330973,-0.11023881658525098,0.05160118497823118,-0.5494276850826045,-0.059775041877502946,0.02936344485074002,0.17163052336461285,0.1546858463996243,0.013985889467670199,nan,nan,nan,-0.6958983631046611,-0.05425166416937088,1.0,0.10860990436839157,10.0,0.0,0.0,0.0,-1.1653051468107727,-1.431521136754944
73.2,9.286138539864428,0.031125066571072946,0.05167857160183935,-0.5654932492859261,-0.06861105462464528,8.935461902133497,-0.11073043030462504,0.050068818885087296,-0.5815462888148958,-0.082629479301137,0.0292439387539888,0.1739415337854065,0.15595438480998614,0.01365998423611247,9.33029702381803,-0.45870729895659484,0.9987680878539731,-0.6960216856448355,-0.05506368949842333,1.0,0.11023881658525098,10.0,0.0,0.0,0.0,-1.0737958943958847,-1.3424319190332328
73.25,9.262834828164388,0.029805605679915075,0.04890211371051877,-0.5938080661650049,-0.06982545497388482,8.942402595379285,-0.14290745150451564,0.04594503245872117,-0.6166433036964806,-0.0778347490769256,0.029251441858355823,0.16776240579583807,0.1508689665350662,0.013962086154279804,nan,nan,nan,-0.6961170440658088,-0.055308748507128414,1.0,0.11073043030462504,10.0,0.0,0.0,0.0,-1.039351574430859,-1.2868959035499057
73.301,9.225999615081633,0.027818013146952453,0.04460959276746089,-0.6284662299743099,-0.07318541761423569,8.917604840645135,-0.14538418145849366,0.03830770257194338,-0.6380040032834474,-0.07563044094233136,0.029595660428024164,0.1700781002227504,0.15217569282073756,0.013639097146413138,nan,nan,nan,-0.6951916088578532,-0.07133249137731212,1.0,0.14290745150451564,10.0,0.0,0.0,0.0,-0.9651771089344653,-1.2534298668026942
73.35000000000001,9.200414509850711,0.026508852135932123,0.04164547531338267,-0.6472406363553784,-0.07450072270559219,8.878807673384042,-0.1468264924719049,0.0348070034774155,-0.6643536082133555,-0.06639757232813959,0.02959805000799301,0.17352576367283862,0.15412397268476838,0.013942639747895334,nan,nan,nan,-0.6957019830376528,-0.07256445675092849,1.0,0.14538418145849366,10.0,0.0,0.0,0.0,-0.9444810963029118,-1.2163899287325604
73.40100000000001,9.160791213232745,0.024600604800156668,0.0371343269733779,-0.6700380144853916,-0.07556427874287606,8.852127569254513,-0.14811640242345217,0.0297950915227414,-0.6779882586027756,-0.09199842162404913,0.02972610415510499,0.1757977758817641,0.15540697576344606,0.013622052133918289,nan,nan,nan,-0.6962382509340304,-0.07392325139575462,1.0,0.14811640242345217,10.0,0.0,0.0,0.0,-0.9037878644204318,-1.1432589343962574
73.45100000000001,9.133704787460045,0.02338217203712955,0.03412782089885221,-0.6821937037598138,-0.07462216382214384,8.7843427613461,-0.17923497040556005,0.02633715524749292,-0.6984269929647714,-0.06951164015834867,0.029731863017853376,0.16921920359937334,0.15040310816286004,0.01400671687897256,8.614384477436085,-0.4848892540207862,0.614201041264042,-0.6962382509340304,-0.07392325139575462,1.0,0.14811640242345217,10.0,0.0,0.0,0.0,-0.9037878644204318,-1.1432589343962574
73.5,9.10618264607995,0.022215980150603686,0.031146705189601415,-0.6920516272448556,-0.07502667419954227,8.75631456678401,-0.17959058343380777,0.02606501613386447,-0.7061615282321712,-0.07502248529760464,0.02951274859546613,0.17144061175372616,0.15172206985365363,0.013678423330195108,nan,nan,nan,-0.6953186698286495,-0.08937871992739765,1.0,0.17923497040556005,10.0,0.0,0.0,0.0,-0.8423636527901317,-1.1369739034594502
73.551,9.064270878708543,0.020580704432718006,0.026561171491902184,-0.7035791934677812,-0.07719589477405867,8.71375211941994,-0.18061861779219676,0.02112970554267246,-0.7157822654765041,-0.061866835560275085,0.029515080177657367,0.1747228975618524,0.1536826301274311,0.013981214389575418,nan,nan,nan,-0.6953264053645029,-0.0895551070125471,1.0,0.17959058343380777,10.0,0.0,0.0,0.0,-0.8322870657565742,-1.123357585460515
73.60300000000001,9.021756043005183,0.01909959287071178,0.02188355482407509,-0.7124321820805765,-0.07835346931033485,8.6850785947488,-0.18120946036419264,0.017960079413196883,-0.7205347254206611,-0.08364880370305355,0.029520409074062594,0.17687530191375272,0.15497672630172224,0.013656020748772715,nan,nan,nan,-0.6956769659558922,-0.09006498933262819,1.0,0.18061861779219676,10.0,0.0,0.0,0.0,-0.8193619885866709,-1.1087926902158955
73.65100000000001,8.993150828136068,0.018206387539175757,0.01875854615181987,-0.7171315443678262,-0.07776442085606913,8.612906754689561,-0.13064099634170123,0.01299056133298171,-0.729751432336036,-0.09967075061765553,0.029521408727886084,0.16976305503032665,0.1499281223642367,0.013956385629641936,8.409774863662884,0.40257514687383067,1.4869471621037678,-0.6958975302814091,-0.09035801295883594,1.0,0.18120946036419264,10.0,0.0,0.0,0.0,-0.8248515296833099,-1.0893100302122287
73.70100000000001,8.949930931304221,0.017019844177118153,0.014308430522136595,-0.7227919028132339,-0.07044182220120254,8.583707008856656,-0.13091341980056592,0.006893059098243892,-0.7323690515768638,-0.03912077232112216,0.029854018013802937,0.1718639690364335,0.15125684110740015,0.013711646119715955,nan,nan,nan,-0.6978597505106771,-0.06522783282516009,1.0,0.13064099634170123,10.0,0.0,0.0,0.0,-0.8680557105700959,-1.0301797428672415
73.75,8.920947322268939,0.016333152554226748,0.011588674415366412,-0.7258668723371576,-0.0667951872238156,8.539696119514183,-0.13115102269018364,0.0033808040953289265,-0.7356274723785037,-0.04252938716280558,0.029853901896113037,0.17497146068357267,0.15323003039961625,0.014013786530522758,nan,nan,nan,-0.6981734430849321,-0.0653634646375778,1.0,0.13091341980056592,10.0,0.0,0.0,0.0,-0.8487012335874982,-1.0421022024922684
73.802,8.877263954492895,0.015455186666533328,0.00773346496530265,-0.7296414703625471,-0.06239270525566143,8.510254730060657,-0.13123912980025826,-0.00022901764097760238,-0.7372061989935429,-0.1108618531377816,0.029838948048834975,0.17701319295885357,0.15453237611898243,0.013684661076521078,nan,nan,nan,-0.6983409373929857,-0.06548175832307734,1.0,0.13115102269018364,10.0,0.0,0.0,0.0,-0.8791486597333074,-0.9956186009120966
73.851,8.84802995748667,0.014970455536320907,0.005372201023098333,-0.7316385576533642,-0.056827849386008454,8.465983691581183,-0.1311546361693666,-0.004222077898869969,-0.7390787600251817,-0.043399671485219476,0.029846895536975674,0.18003070137748933,0.1564676753743985,0.014068399161040758,8.900070871332831,0.12837602715516813,0.9117086581706171,-0.6985082537954769,-0.065525623126236,1.0,0.13123912980025826,10.0,0.0,0.0,0.0,-0.8791486597333074,-0.9956186009120966
73.9,8.804045016639085,0.014387715266181031,0.002147319536282468,-0.7340749360770603,-0.05233318513474281,8.486728488880104,-0.10730653795686089,-0.0067662039092155615,-0.7345868766260572,-0.0434103101660886,0.029920114138127934,0.1713884037229723,0.1506631737758198,0.01373255675935819,nan,nan,nan,-0.6986868716529769,-0.06548355732647515,1.0,0.1311546361693666,10.0,0.0,0.0,0.0,-0.8546983297196783,-1.0136452528418338
73.95,8.774639797435206,0.014090968002025394,0.00014302446542653342,-0.7357912718192405,-0.04862093308218452,8.442608856930267,-0.10696347395406557,-0.009384229569741276,-0.7369943519489237,-0.040619973443655116,0.029920595873583075,0.1743656383829333,0.15265034480796952,0.014034227637615472,nan,nan,nan,-0.6992323873261174,-0.05360187430789232,1.0,0.10730653795686089,10.0,0.0,0.0,0.0,-0.8838147014614522,-0.9999440432561139
74.001,8.730413449658277,0.01377479874763763,-0.002592722227794349,-0.7379243732949047,-0.04356251857133547,8.413110639950258,-0.10710837073217759,-0.008516237411130945,-0.7383087223288906,-0.03395378843282828,0.02975372656831747,0.17633046516843662,0.15396019671496042,0.013699715333832647,nan,nan,nan,-0.6993210736271848,-0.053430833105768016,1.0,0.10696347395406557,10.0,0.0,0.0,0.0,-0.882410294241862,-0.9928451708618807
74.05000000000001,8.700868540462478,0.01364485014324532,-0.004276068336259006,-0.738984231292207,-0.04130878851037397,8.368779743492102,-0.10670256185814112,-0.009895186000357546,-0.7398838954957213,-0.011919670696937817,0.029756917511744623,0.17924665794358116,0.15590875571859888,0.014085220422179079,8.458387394624095,-0.18980499346933988,0.05368632790645454,-0.6992917840220804,-0.05350307458276582,1.0,0.10710837073217759,10.0,0.0,0.0,0.0,-0.8750620125421373,-0.9941004064493582
74.10000000000001,8.671286616329159,0.013575340040879236,-0.005893043338042022,-0.7398146283233021,-0.04006739117600052,8.34935435942442,-0.11397291768117422,-0.01050575185491942,-0.7395830924588643,-0.043856004978724814,0.029658257292775738,0.1706800661425149,0.15018382320364734,0.01390130101644799,nan,nan,nan,-0.6993406885325737,-0.053300748232206985,1.0,0.10670256185814112,10.0,0.0,0.0,0.0,-0.8651931185793921,-0.9975490374782875
74.15,8.626861081269713,0.013578243363079253,-0.008243908277470222,-0.740793536030562,-0.03833568207534439,8.304960564436175,-0.11344990177788757,-0.01352996097456316,-0.7406184947022344,-0.02859576465570352,0.029659921571626797,0.1735849303277316,0.15218290781325677,0.014141278200713436,nan,nan,nan,-0.6992459776161115,-0.05692489174279736,1.0,0.11397291768117422,10.0,0.0,0.0,0.0,-0.8723360835350144,-0.9886478593754445
74.202,8.582386954649362,0.013702986952722405,-0.010486808978963542,-0.7414831700402232,-0.03681215380028517,8.275319791361191,-0.11423134450399235,-0.011156555059811167,-0.7410955776590543,-0.064444801865607,0.02933725989849513,0.17550781561487752,0.15349816873460964,0.013796598044170971,nan,nan,nan,-0.6993489032608492,-0.05666422641185598,1.0,0.11344990177788757,10.0,0.0,0.0,0.0,-0.8687085871727237,-0.9878052745741884
74.25,8.552719049841969,0.013850357074031656,-0.011923468584010825,-0.7417920010290501,-0.035258948184415786,8.230845324002054,-0.11369801861615018,-0.01394220224701792,-0.7416194435644013,-0.04814375911840112,0.02933906675744191,0.17836969238783418,0.15545775606251525,0.014096927617413824,nan,nan,nan,-0.6992628381006913,-0.05705368595153715,1.0,0.11423134450399235,10.0,0.0,0.0,0.0,-0.8766204732325531,-0.9757854985383119
74.301,8.508201390039424,0.014163090917145888,-0.013968866162448737,-0.7420646534568471,-0.0334004936598455,8.327301416468181,-0.12885226061246854,-0.013472020613260138,-0.7292082657645731,0.005710761067111309,0.029261626119702136,0.1697478503353163,0.14968244364165564,0.01375711821211975,9.321439078674564,-0.2934212084613921,4.4498685195038625,-0.6990946514864168,-0.06433721323323738,1.0,0.12885226061246854,10.0,0.0,0.0,0.0,-0.8560876238620203,-1.0272183934630172
74.35000000000001,8.478501393314884,0.01442976256259527,-0.015346684150511564,-0.7428835072372177,-0.03551781790403764,8.283500838801864,-0.12825257863386677,-0.014983452058455972,-0.7321647427603245,-0.047160046853229866,0.02925631829499215,0.17261274656016568,0.15169230103402304,0.01405825654004387,nan,nan,nan,-0.6990946514864168,-0.06433721323323738,1.0,0.12885226061246854,10.0,0.0,0.0,0.0,-0.8560876238620203,-1.0272183934630172
74.4,8.448766194350624,0.014739371905278227,-0.01681096576730806,-0.7436599412928051,-0.036697573641164855,8.254225444461921,-0.1255654470582824,-0.02238532743438038,-0.7339095885766408,-0.029076916655814567,0.029744249078933967,0.17451471587253248,0.1530121501645709,0.013723696230301969,nan,nan,nan,-0.6991579260425964,-0.06403860592168442,1.0,0.12825257863386677,10.0,0.0,0.0,0.0,-0.8746608664080229,-0.9985554249411328
74.45,8.4041212766767,0.01528790237027204,-0.0189870440206872,-0.7443991579489467,-0.035785272763196894,8.210156636916956,-0.1245390905890922,-0.025100734061098248,-0.7360768578658329,-0.03711216099477211,0.029743194796423407,0.1773525993210621,0.1549817647414956,0.014025538469774942,nan,nan,nan,-0.6994312194631873,-0.06270042846920276,1.0,0.1255654470582824,10.0,0.0,0.0,0.0,-0.8777857021669395,-0.9903297573831116
74.501,8.374340155592447,0.01570968948904859,-0.020390483965393585,-0.7446630460033211,-0.03452256542072761,8.18070170252345,-0.12458469657003177,-0.024211401860430914,-0.7371064448791784,-0.02265800402191883,0.029591578342589457,0.17923301336735925,0.1562740086829754,0.013694969893206864,8.100152926921426,-0.41615795447358844,0.332706182289678,-0.699518609913808,-0.06218924871184939,1.0,0.1245390905890922,10.0,0.0,0.0,0.0,-0.881786412530013,-0.9785933982693129
74.55000000000001,8.32965936361449,0.016424928308247037,-0.022403705425265888,-0.7447903366023265,-0.03319323777134452,8.127102124699508,-0.14946680943549412,-0.026634273060371694,-0.7391054769748356,-0.04143581287764611,0.02958118718539343,0.17156744883491448,0.1511787641391184,0.013996630447499506,nan,nan,nan,-0.6994946458749334,-0.06221196359319414,1.0,0.12458469657003177,10.0,0.0,0.0,0.0,-0.8718805467282684,-0.9833670049092147
74.60300000000001,8.28498442072748,0.01723454380443992,-0.024401923915091155,-0.7445595635691552,-0.033607700247968,8.097559542086218,-0.14769748323447865,-0.030316180862369094,-0.7394487069056961,-0.03128778622305423,0.029766168263847977,0.1734598506173837,0.15250339927902518,0.013669582288075969,nan,nan,nan,-0.6993408954253676,-0.07371493112970029,1.0,0.14769748323447865,10.0,0.0,0.0,0.0,-0.8607419600384831,-0.9824327502180348
74.65,8.255213494284344,0.017825498869236466,-0.025753283641508553,-0.7443139873280742,-0.03384578094200867,8.053206466686323,-0.14631425901040232,-0.033333306284434976,-0.7398244485338507,-0.05620487559324254,0.029762814122981526,0.1762862095951086,0.15448304388182713,0.014046968225022416,nan,nan,nan,-0.6993408954253676,-0.07371493112970029,1.0,0.14769748323447865,10.0,0.0,0.0,0.0,-0.8607419600384831,-0.9824327502180348
74.7,8.22545360279627,0.01845750677791578,-0.027094173343779837,-0.7440488196938108,-0.033006967934776935,8.023635020009062,-0.14495774917042992,-0.03624273148892909,-0.7399827858030206,-0.05031801955786224,0.029823895767779916,0.17816056044503828,0.15577958632159936,0.013788356538612592,8.320587671929635,0.9675228795144624,4.8246601081453635,-0.6994486151528044,-0.0730270355253726,1.0,0.14631425901040232,10.0,0.0,0.0,0.0,-0.8748609670828806,-0.9658999599795102
74.75200000000001,8.180836536119054,0.019482608294205953,-0.028995944059597486,-0.7436218443297158,-0.030749733585818062,8.01321864133495,-0.044778679897757113,-0.0385316724580811,-0.7374341204021463,-0.004248923681698152,0.0298624848235871,0.1706663531139021,0.15075773370237605,0.014087777754577023,nan,nan,nan,-0.6995436827896581,-0.07235235808182239,1.0,0.14495774917042992,10.0,0.0,0.0,0.0,-0.9409390434404324,-0.9621337472409206
74.801,8.13623909073238,0.020600493480877016,-0.030587771374396673,-0.7434821702820338,-0.022018224241577,7.98381087861042,-0.039968816109412005,-0.04753121498838154,-0.7379937084602495,-0.03183348764911167,0.03048780278849183,0.1725564407281647,0.1520862690909757,0.013749576177498555,nan,nan,nan,-0.6997343762097384,-0.01998174825728327,1.0,0.039968816109412005,10.0,0.0,0.0,0.0,-0.9668270047321639,-0.8755576609414804
74.851,8.106513729088519,0.02139621679994236,-0.03124372458681638,-0.7433298288760384,-0.012970266037022121,7.939568326315205,-0.03784323567341004,-0.04916103284493901,-0.7386089708356144,-0.031732941163886474,0.03048621218803873,0.1753812525376317,0.1540746113451058,0.014050798925635145,nan,nan,nan,-0.6997343762097384,-0.01998174825728327,1.0,0.039968816109412005,10.0,0.0,0.0,0.0,-0.9668270047321639,-0.8755576609414804
74.9,8.076796483706273,0.0222268381727948,-0.03155805921360304,-0.7431282716855416,-0.004895597935674689,7.9100341831354575,-0.0373767473999062,-0.04883599995385968,-0.7388247541490285,-0.02924964720335598,0.0303269793208921,0.17725583067423334,0.15537483587813636,0.013717105225059527,nan,nan,nan,-0.699679928826563,-0.01891936016772533,1.0,0.03784323567341004,10.0,0.0,0.0,0.0,-0.968895094594121,-0.8693271534264995
74.95,8.03224088922518,0.02352281218512649,-0.031497273901784154,-0.7427305977045957,0.004792008801579583,7.855874132495995,0.0045418252831439555,-0.048970054807244257,-0.740103886090019,-0.016363062354115374,0.030341501971972287,0.16974140130896725,0.15030005658462042,0.014017740344695837,7.807730936021659,0.4114044943546086,0.7589913642139815,-0.6996818704146659,-0.018686198484498817,1.0,0.0373767473999062,10.0,0.0,0.0,0.0,-0.9666190723024228,-0.8690118819120904
75.108,8.017394974325518,0.023964481236446216,-0.03135987020075312,-0.7425794256973088,0.007614145394407058,7.841089816350545,0.0052674829278320425,-0.04898518977507749,-0.739974640786834,0.0037425791058572546,0.03034329696915499,0.17068638878586131,0.15097422277617736,0.014117641260100379,nan,nan,nan,-0.6990812283356568,0.002270908737851407,1.0,-0.0045418252831439555,10.0,0.0,0.0,0.0,-0.9883716818050168,-0.8372878634314214
75.15400000000001,7.883991073601803,0.027997463269021545,-0.02769679727576464,-0.7405385304003067,0.02867811581776719,7.815096568192217,0.013181587569055924,-0.0464923829214805,-0.7285996584326309,0.03253591763891814,0.03037348192806924,0.16880234136122146,0.149808749908495,0.013965877615012048,8.66998858385065,0.02751632288189283,3.1844874251212874,-0.6990139968324623,0.00659069835547843,1.0,-0.013181587569055924,10.0,0.0,0.0,0.0,-0.9858767992861726,-0.8662869655850571
75.2,7.854385180691838,0.028872967674129276,-0.02648961835611447,-0.7405725682015597,0.03073786545336619,7.785876682135811,0.011591928042118725,-0.04017266184214208,-0.7301657470422481,0.022198428900634247,0.029922198614927856,0.17069179378223379,0.15114537198292477,0.013642542935741464,nan,nan,nan,-0.6990139968324623,0.00659069835547843,1.0,-0.013181587569055924,10.0,0.0,0.0,0.0,-0.9858767992861726,-0.8662869655850571
75.251,7.80995154642118,0.030146727910227086,-0.024605240236755536,-0.7410151044621366,0.03158503403986335,7.742060899337647,0.013302537767544542,-0.03619083773573939,-0.7320586552524511,0.06874611971107496,0.02992886829970866,0.17352112165938993,0.1531490711224296,0.01402706709693309,nan,nan,nan,-0.6992605422176934,0.00579589912070988,1.0,-0.011591928042118725,10.0,0.0,0.0,0.0,-0.9772859229854511,-0.8703099736264008
75.30000000000001,7.765501142731141,0.031360537987643725,-0.022781162831281305,-0.7411304035324517,0.028940698493197636,7.712630200892582,0.009368551693096937,-0.026515791691515304,-0.7329973356801078,0.04344579702483371,0.02920801698932569,0.1754018086908588,0.15445598794907386,0.013696343233506226,nan,nan,nan,-0.6993576950580821,0.006651170803710027,1.0,-0.013302537767544542,10.0,0.0,0.0,0.0,-0.950864527163853,-0.8900779676379684
75.35000000000001,7.735866138568858,0.03213216606318842,-0.021691076218226107,-0.741105278941199,0.026197098157771832,7.668641353952071,0.01050548776406379,-0.025280637577389076,-0.7341423550861144,0.006973651506519024,0.02920376842015954,0.17821118082433832,0.1564185758568164,0.014079090420322543,7.234413618046528,0.12500513132786556,0.7168559579254183,-0.6996593229103588,0.004684241585518389,1.0,-0.009368551693096937,10.0,0.0,0.0,0.0,-0.942461460753364,-0.8960485685329632
75.40400000000001,7.691418521948006,0.03323305643319552,-0.02020141075321856,-0.7409204728515741,0.02432367547931311,7.590073070181459,0.020458900829077642,-0.021913966515376245,-0.7392153916050096,0.021000097079294094,0.029045016043045834,0.16976014165056683,0.15062453212501775,0.013740490450404888,nan,nan,nan,-0.6996384194225976,0.010229093628062902,1.0,-0.020458900829077642,10.0,0.0,0.0,0.0,-0.9419183818947843,-0.8740930851857993
75.452,7.6618001601024766,0.03392975402476849,-0.019249626012079902,-0.7404451080920615,0.023452359208399203,7.545734000861486,0.02141717331131603,-0.02031538229787344,-0.738824229033162,0.04271364663619387,0.02904764348370863,0.1725947635468556,0.15263531933105767,0.014041961342062979,nan,nan,nan,-0.6996384194225976,0.010229093628062902,1.0,-0.020458900829077642,10.0,0.0,0.0,0.0,-0.9419183818947843,-0.8740930851857993
75.5,7.617411898410166,0.03491981161258351,-0.01791721397732166,-0.7396644275406693,0.02111110481692198,7.516231071878152,0.023390658409360977,-0.021332875633466756,-0.7384406330977112,0.03913384018571957,0.02923980179690998,0.1744787667636781,0.1539459636455271,0.013709378986758166,nan,nan,nan,-0.6996631655784618,0.01070817735227747,1.0,-0.02141717331131603,10.0,0.0,0.0,0.0,-0.9314006660485982,-0.8839944748684964
75.551,7.587843499018183,0.03554371522858619,-0.01710285529288326,-0.739190169432868,0.02000786999468927,7.471944622399834,0.024295674394349098,-0.01870384585250218,-0.7379084897046445,0.043048139642993546,0.029241119426401223,0.1772928177338127,0.15591563500366887,0.014011516330500327,6.8074161284430215,-1.2468452517011006,7.461784685974407,-0.6996182452211462,0.011694796016567643,1.0,-0.023390658409360977,10.0,0.0,0.0,0.0,-0.9354560322575364,-0.8788433832009043
75.602,7.543523502609963,0.03642796591287535,-0.015958542468240397,-0.7385482390665754,0.018337744357616557,7.368389142589841,-0.0866735853967773,-0.018229405769309537,-0.7439909944783358,0.03504599252424034,0.02932726846201778,0.16899510403983564,0.15019070077207833,0.013835865754167747,nan,nan,nan,-0.6997798542525635,-0.04330969327550349,1.0,0.0866735853967773,10.0,0.0,0.0,0.0,-0.8401205996956547,-0.9545038419980794
75.65,7.514004909816106,0.03698104296731683,-0.015412312060439307,-0.7377681136718215,0.00999896292531407,7.323790319652236,-0.08586040529760884,-0.01807739047477952,-0.7421346168296636,0.00030912244633504986,0.029323856460026186,0.1718341081772461,0.1522079958545765,0.014076842093631445,nan,nan,nan,-0.6997798542525635,-0.04330969327550349,1.0,0.0866735853967773,10.0,0.0,0.0,0.0,-0.8401205996956547,-0.9545038419980794
75.70100000000001,7.469783114780139,0.03776153666364711,-0.01520965298327148,-0.7367311728719386,-0.0004829730138767883,7.294135617706523,-0.0847974336867116,-0.01879483318352371,-0.7409817869563481,-0.009887605263187552,0.02939564245451522,0.17372085168913257,0.15352190103767321,0.013737192543947724,nan,nan,nan,-0.6997842873535359,-0.04290385828690546,1.0,0.08586040529760884,10.0,0.0,0.0,0.0,-0.8560128237760654,-0.9420933756120831
75.75,7.4403324256762655,0.038258428340342675,-0.015346279429858488,-0.7361643345593627,-0.0049770199257146855,7.249714718691697,-0.0839651672356275,-0.01845544922656961,-0.7395228711002677,0.0011442869735637635,0.029397896622489005,0.17653888997653835,0.15549767490978159,0.014121429799901797,nan,nan,nan,-0.6998054279503513,-0.04237333817633626,1.0,0.0847974336867116,10.0,0.0,0.0,0.0,-0.8626172717542127,-0.9370323380146002
75.80000000000001,7.4109020226297275,0.03874316191317445,-0.015639963037341272,-0.7356916132410798,-0.008761634060127869,7.31199852380422,-0.09752320875956329,-0.024131233531885066,-0.7298398487577873,-0.03165729751979,0.029776193825504244,0.16819848067951906,0.14971560048619226,0.01377741247704473,8.052908673310132,-0.26989323852702063,2.5028189095880222,-0.6998066803514319,-0.04195794437887734,1.0,0.0839651672356275,10.0,0.0,0.0,0.0,-0.8594007438377855,-0.9426483193175828
75.85000000000001,7.366776064221755,0.03945932018786889,-0.016316151379391762,-0.7356364922311639,-0.012463193354276335,7.268208460111674,-0.09646746783496264,-0.02401216130313744,-0.7307884901534485,0.0029123372101924013,0.02978118758127196,0.17103920197056854,0.15173928144425333,0.014078120033954686,nan,nan,nan,-0.6997883462060541,-0.04872301269464785,1.0,0.09752320875956329,10.0,0.0,0.0,0.0,-0.8844754100041156,-0.9449954877122225
75.90100000000001,7.3226318165511595,0.04017483535559558,-0.017172857176045758,-0.7359351993278183,-0.01582047881006147,7.238981081133012,-0.09566495015922262,-0.025541907243164186,-0.7314524393456231,-0.037243492106720864,0.029789130941810304,0.17292931564590963,0.15305677487590325,0.01374113434409454,nan,nan,nan,-0.6997953032101087,-0.048196380895046076,1.0,0.09646746783496264,10.0,0.0,0.0,0.0,-0.8689638335206018,-0.9561587824960514
75.95,7.293195646831994,0.040657842786356334,-0.017823855040825093,-0.7360229764982504,-0.01624175140172333,7.1950921634884,-0.0945002813076691,-0.02751770563781797,-0.7322417014286446,-0.008845723457084433,0.02979220441533028,0.17575514849243903,0.15503874936924258,0.0140425894335219,nan,nan,nan,-0.6998266708159927,-0.04779604570748752,1.0,0.09566495015922262,10.0,0.0,0.0,0.0,-0.8861300862471566,-0.9356326697709629
76.001,7.249040397645947,0.04140045127032257,-0.01881440633273679,-0.7359980338657917,-0.01688748332573812,7.165899859597344,-0.09017518499612055,-0.03293595580800802,-0.7325816443695297,-0.012978517879808589,0.030240991067780457,0.17763088932926177,0.1563279579423676,0.013709935341739369,7.351813732161326,-0.030754976339230626,0.13566476878456415,-0.6998642098607185,-0.047215024508126646,1.0,0.0945002813076691,10.0,0.0,0.0,0.0,-0.8766420123182656,-0.9413893251684401
76.051,7.219606798523173,0.04191091973314939,-0.01947417299483431,-0.7359144832102082,-0.01614326843423826,7.142891296059652,-0.08349957727786644,-0.032682006578467426,-0.7311701916568536,0.017967950142706923,0.030247750232347714,0.17022781659990646,0.15123627812534327,0.014010188517282416,nan,nan,nan,-0.6999485780770396,-0.04505707698995032,1.0,0.09017518499612055,10.0,0.0,0.0,0.0,-0.8885599160860992,-0.9273936115448148
76.10000000000001,7.1901762341207665,0.042435982641896124,-0.020106032379066066,-0.7358710348128181,-0.01577014332102638,7.11369696727277,-0.08096069142172949,-0.0351474594043264,-0.7316357243397467,0.020172279286416517,0.030457478337510308,0.17212225683994115,0.15255828745425867,0.013681472622859507,nan,nan,nan,-0.6999713751653549,-0.04172555672489864,1.0,0.08349957727786644,10.0,0.0,0.0,0.0,-0.8821671846117932,-0.9366157768834521
76.15,7.146032524686862,0.04325193114516118,-0.02104680206457208,-0.7358138788175808,-0.015444636902513808,7.069814493225444,-0.07940519142152266,-0.03633169911849655,-0.7321766060369512,-0.03350503079428021,0.030451230359675577,0.1749554633170649,0.15454734280940263,0.013984225583464592,nan,nan,nan,-0.6999901284260213,-0.04045825627233235,1.0,0.08096069142172949,10.0,0.0,0.0,0.0,-0.885432350329757,-0.9304992540497878
76.20100000000001,7.101896287721079,0.04410548901564335,-0.021874467817150984,-0.7356548379434603,-0.012003215280950238,7.040551652659233,-0.07808462987319617,-0.03692421797913469,-0.7323891816003669,0.013894846204753277,0.030487720996904093,0.1768365963679056,0.15584078435669965,0.013658678646138192,7.4766302837939715,-0.16473221511511071,0.703323319970815,-0.6999960719990309,-0.03968175440278188,1.0,0.07940519142152266,10.0,0.0,0.0,0.0,-0.9082320086306542,-0.9045083400878088
76.251,7.072480279063285,0.044695602287685945,-0.02232418001405033,-0.7354752194353631,-0.011031603811714322,7.04544051458698,-0.0843534138877912,-0.03633848012057373,-0.7283239265040385,0.008992387966355597,0.030485033746201887,0.16957152094143252,0.15081858052296832,0.01404020805552163,nan,nan,nan,-0.6999984590313818,-0.039022495628938,1.0,0.07808462987319617,10.0,0.0,0.0,0.0,-0.8917326979388143,-0.92947564714625
76.30000000000001,7.0283626666079915,0.0456093024933823,-0.022972801867219467,-0.7355020617809263,-0.010782680280054226,7.016238111955023,-0.08614773893216182,-0.032203805280215374,-0.7291333932066331,-0.0251871409270159,0.030105312721786796,0.1714723870889471,0.1521441698411407,0.013707873467576065,nan,nan,nan,-0.6999881721994144,-0.04215172457842442,1.0,0.0843534138877912,10.0,0.0,0.0,0.0,-0.8917326979388143,-0.92947564714625
76.35000000000001,6.998948961830893,0.04623632287420742,-0.02338983108293829,-0.7355023676846728,-0.01017761954629044,6.972493096971669,-0.08469878266851096,-0.03389741555466319,-0.730096051523824,-0.009830625456242942,0.030106733186282722,0.1743158731505904,0.15413868858255922,0.014010070536948757,nan,nan,nan,-0.6999588472251792,-0.04304725992919067,1.0,0.08614773893216182,10.0,0.0,0.0,0.0,-0.895761709874057,-0.9213601010866591
76.40100000000001,6.9548329901913695,0.04720291512528927,-0.023979575739632133,-0.7353707316766116,-0.009677218653358122,6.9287820340372335,-0.08036220023350875,-0.038084943432552976,-0.7307126567658373,-0.019370822545687796,0.030458779912205834,0.17714549042332522,0.15608943858880206,0.01378271279084019,nan,nan,nan,-0.6999751469869631,-0.042324101075436715,1.0,0.08469878266851096,10.0,0.0,0.0,0.0,-0.8910605319754253,-0.9217780950352482
76.45100000000001,6.9254290053495815,0.04786380735662428,-0.024363818250206917,-0.7352207363089416,-0.009589097314537961,6.874862624554746,-0.051661188392065405,-0.03844039773524388,-0.7333889836469387,-0.006450994415941919,0.030471035562694548,0.1688815115302198,0.15035750326448435,0.01412139188622304,6.709583750449302,0.22891015807282658,0.5190986055149112,-0.6999973099098348,-0.04043270151489331,1.0,0.08090949820876316,10.0,0.0,0.0,0.0,-0.8885469516420386,-0.9216512941218677
76.501,6.8813419041484805,0.0488798445799009,-0.024840478219630424,-0.7347353514092705,-0.0059351896069366,6.84531327657391,-0.05859098580899919,-0.02566240480156168,-0.7331475884475661,-0.01276727558088741,0.0294104970939982,0.170785505769407,0.15168722945953148,0.013727181920966896,nan,nan,nan,-0.6999442975372844,-0.025824851601921495,1.0,0.051661188392065405,10.0,0.0,0.0,0.0,-0.9146778312325318,-0.8848739722953004
76.55000000000001,6.851970199641149,0.04957288033169434,-0.02504848837061288,-0.7343537469328478,-0.005066013595816433,6.801346260639108,-0.05743898859576096,-0.025941376629432075,-0.7328142700801412,0.022498458852290567,0.029414453094225308,0.17363379943307503,0.15368768470681374,0.014028949815090064,nan,nan,nan,-0.6999954015178198,-0.02928711650042004,1.0,0.05859098580899919,10.0,0.0,0.0,0.0,-0.892532871969762,-0.906433008714105
76.60000000000001,6.822613287844245,0.0502753323869974,-0.025259052750531693,-0.7339984609156243,-0.005652362239382207,6.771954729488505,-0.05982410560192709,-0.020660920473533743,-0.7325990063185175,0.00959429834855795,0.02901887814032898,0.17552531869458735,0.15498791018957506,0.013697962210302091,nan,nan,nan,-0.6999973140493818,-0.028711602167380335,1.0,0.05743898859576096,10.0,0.0,0.0,0.0,-0.8793805125539137,-0.9189574806174482
76.65100000000001,6.778603953090281,0.051343952507008746,-0.025661483825369102,-0.7334930341513414,-0.0075644764577409655,6.827203604308375,-0.10561401539543452,-0.020300915963304522,-0.722432939369675,0.01353757691128646,0.029002246115458593,0.16814934002268547,0.14985828951533858,0.013998255712988576,7.62528792781873,-0.5783123629000917,3.74756474392203,-0.6999701037177809,-0.02990313650774823,1.0,0.05982410560192709,10.0,0.0,0.0,0.0,-0.8742026387673837,-0.9229646720770729
76.70100000000001,6.734606701476869,0.05243031496207223,-0.026283149027916848,-0.7337121493503868,-0.01335892572013576,6.798242316704961,-0.10699649846487842,-0.017600576430536922,-0.7239007095355106,-0.009777035807258371,0.02874046836689833,0.1700543441492757,0.1511916540983447,0.01367099861931527,nan,nan,nan,-0.6996313204670522,-0.05275800413889975,1.0,0.10561401539543452,10.0,0.0,0.0,0.0,-0.8511680656183742,-0.9730539090841446
76.75200000000001,6.705261717733678,0.05316427337425824,-0.026918531243475496,-0.7339187317084026,-0.017264019009384044,6.7547768658534295,-0.10621495562068785,-0.018649328863087348,-0.7256791225150672,-0.027031687432977493,0.028739421628944096,0.1729068272612999,0.1531976899625524,0.013973997255973352,nan,nan,nan,-0.6995503025448699,-0.05344729825143979,1.0,0.10699649846487842,10.0,0.0,0.0,0.0,-0.8521444165729901,-0.9659059380180566
76.802,6.6612359966336445,0.054287920571422434,-0.028094345727233568,-0.7340047250411944,-0.020805429368946395,6.711128515856961,-0.10880175197376743,-0.014564267767095185,-0.7268916483165805,-0.0364714626261224,0.02831967942217266,0.17574847381516126,0.15515907361361214,0.01375126347405933,nan,nan,nan,-0.6994222022267791,-0.05444641585163623,1.0,0.10900056052569432,10.0,0.0,0.0,0.0,-0.8401033469921463,-0.96659427747242
76.85000000000001,6.631887816904066,0.055056091560507316,-0.02899763115837665,-0.7339049153646439,-0.023735285641817597,6.682050020445274,-0.1083733279561654,-0.01557025168071613,-0.7274754860139732,-0.035234307036233425,0.028320296771074734,0.17763464591053257,0.15646662487334098,0.013950253721708565,7.13598552257128,-0.4053030005260332,nan,-0.6994222022267791,-0.05444641585163623,1.0,0.10900056052569432,10.0,0.0,0.0,0.0,-0.8401033469921463,-0.96659427747242
76.9,6.602545622667842,0.055842304905524054,-0.030009913505118595,-0.7337457154454551,-0.02609468513906839,6.704267281619925,-0.13174424618968433,-0.02070033151431616,-0.7230935163128429,-0.011564318608665218,0.02869804212470562,0.16929226260940738,0.15066357697087532,0.013703648389132819,nan,nan,1.0524839353916189,-0.6994577648375956,-0.054240908693389045,1.0,0.10858832999263181,10.0,0.0,0.0,0.0,-0.842617697791908,-0.9608865574284957
76.95,6.558543641826004,0.05706253538950634,-0.03165834380499791,-0.7336447419931418,-0.028222066225368693,6.660862822435299,-0.13081232585141392,-0.02153186658850137,-0.7246008130496084,0.011533100332844772,0.028701706945334457,0.1721497558773221,0.15267633154742136,0.014005974027595026,nan,nan,nan,-0.6993233591101705,-0.06562944379223801,1.0,0.13144766664218435,10.0,0.0,0.0,0.0,-0.8506561327288156,-0.9616651601950654
77.0,6.529209751785004,0.057906286988091665,-0.032840096956696346,-0.7336245082704899,-0.030740523370450756,6.631866896888769,-0.13058670866923064,-0.022160935486475353,-0.7254421638017197,-0.04566051338313408,0.02864503181897632,0.17404981443984724,0.15398471786564652,0.013677807844529601,nan,nan,nan,-0.6993292273994954,-0.06531313314586207,1.0,0.13081232585141392,10.0,0.0,0.0,0.0,-0.8256460606485658,-0.9822809091272515
77.054,6.485215667252576,0.059222480074809285,-0.03478617264410219,-0.7334782202342008,-0.03266718194013058,6.588329860680356,-0.12958707340434153,-0.024266633263270165,-0.7264579309850694,-0.028064702513762953,0.0286474410365625,0.1768887896895246,0.15595628023700078,0.013980692658326863,6.906299158887532,-0.445485970129262,0.722783293907044,-0.6994277904485666,-0.06470309228840776,1.0,0.12958707340434153,10.0,0.0,0.0,0.0,-0.8423063125264215,-0.9580632594091941
77.10000000000001,6.441238128810648,0.06060871552506737,-0.036749666762092285,-0.7331788665439924,-0.03284635329882023,6.594987582624191,-0.15591695393932814,-0.02632034143109463,-0.7235290344938351,-0.002839123506416871,0.02879171100920442,0.16867297532735812,0.1502239177892807,0.013653679848066095,nan,nan,nan,-0.6994277904485666,-0.06470309228840776,1.0,0.12958707340434153,10.0,0.0,0.0,0.0,-0.8423063125264215,-0.9580632594091941
77.15,6.411929391885459,0.06157362147843451,-0.03811855790624528,-0.7330802351258082,-0.0353710714653593,6.551568013108458,-0.15472517612265962,-0.029149830489801243,-0.7247646268680891,-0.033179772181403146,0.028788732003818002,0.17153847067891462,0.15224258359282195,0.013957106893937497,nan,nan,nan,-0.6990726101905349,-0.07780111887258023,1.0,0.15591695393932814,10.0,0.0,0.0,0.0,-0.8179670532918027,-0.987552226403911
77.202,6.367976545959706,0.06308539877514845,-0.040319712013306065,-0.7328706911722932,-0.037066583026745425,6.522648819895274,-0.151276400004271,-0.03475465864574767,-0.7254231909339983,-0.03346530039177429,0.029117656682273275,0.17344383487800305,0.153554945295422,0.013634890138655317,nan,nan,nan,-0.6991917729078784,-0.07720880233615368,1.0,0.15472517612265962,10.0,0.0,0.0,0.0,-0.8429321531508451,-0.9684357899082039
77.25,6.338684596030176,0.06414036157796119,-0.04178951358278951,-0.7326919634428921,-0.036446737235727236,6.479132854524784,-0.14974527477840313,-0.03653982412381529,-0.7262472408447602,-0.0407187135212089,0.029117214929253926,0.1762906817814062,0.15553232280339416,0.013938777284848875,nan,nan,nan,-0.6994191746989189,-0.07549444762757318,1.0,0.151276400004271,10.0,0.0,0.0,0.0,-0.8429321531508451,-0.9566814069839691
77.30000000000001,6.29476498897762,0.06579696010227845,-0.0439198667469004,-0.7323519298933051,-0.0346924202311363,6.466427145079058,-0.11308152721555983,-0.03915696171153371,-0.7251124995194982,-0.05117327960489372,0.029215616859102685,0.1680080045283118,0.1497446831437096,0.013616801068647839,6.612408260281063,0.2449378186104836,0.644045802091969,-0.6994895052733474,-0.07473319630500797,1.0,0.14974527477840313,10.0,0.0,0.0,0.0,-0.8477962056871265,-0.9484854123366163
77.352,6.265496712662182,0.06695280426119316,-0.04520777570702896,-0.7322301384189018,-0.030347005129877168,6.422938464654741,-0.11135244888860182,-0.041025350949551516,-0.7259618806688182,-0.03888937125198116,0.02921680467565022,0.17087575675393532,0.15177022656885553,0.013921121355987928,nan,nan,nan,-0.6999254622376999,-0.05561880204102643,1.0,0.11135244888860182,10.0,0.0,0.0,0.0,-0.882933454880464,-0.9146055432498107
77.402,6.221607011496235,0.06876231384142113,-0.04680992968953126,-0.7320005229805038,-0.02436888161073955,6.393931652619508,-0.10974324083714429,-0.043164264741348386,-0.7264058095970352,-0.041552315784210155,0.029268261045549644,0.1727830273306402,0.1530871620148219,0.013603308879873353,nan,nan,nan,-0.6999254622376999,-0.05561880204102643,1.0,0.11135244888860182,10.0,0.0,0.0,0.0,-0.8871165956805999,-0.9146055432498107
77.45,6.1923584036343815,0.07001522910300743,-0.047696120160913555,-0.7317969531132092,-0.020829694474883576,6.350376221511479,-0.10781862228055021,-0.04555862888503359,-0.726977187506123,-0.021923105934282185,0.029269559119144015,0.17563320651189374,0.15507104738589728,0.013907987646912465,nan,nan,nan,-0.6999524782187022,-0.05481664880183601,1.0,0.10974324083714429,10.0,0.0,0.0,0.0,-0.8871165956805999,-0.9079516511718063
77.50200000000001,6.148505596696439,0.07195707857342008,-0.04879801218622346,-0.7314301096080376,-0.016860545793430236,6.329509281237852,-0.07049205593358432,-0.043457483316267094,-0.7251656786216591,-0.006221625362175532,0.029007487824920342,0.1682485129475365,0.149912911308535,0.013691795072622805,6.52666475950614,0.3150451108862583,0.8047014003582347,-0.699956281198339,-0.05431997565263025,1.0,0.10874693074837304,10.0,0.0,0.0,0.0,-0.8706859074465964,-0.9193602669349409
77.551,6.119285133614009,0.0732883470866418,-0.049441321958992666,-0.7311584409815033,-0.015834097357049916,6.30052715150961,-0.06922074750844644,-0.045143015527899344,-0.7254985845340136,-0.03603071887686342,0.029003577799311658,0.17015931048107608,0.15126525993914844,0.013894750104684255,nan,nan,nan,-0.699956281198339,-0.05431997565263025,1.0,0.10874693074837304,10.0,0.0,0.0,0.0,-0.9175574402498882,-0.9193602669349409
77.60000000000001,6.090075667687597,0.0746466018116939,-0.05000884821332847,-0.7309580827259297,-0.012309028564565836,6.271592047279361,-0.06600708061365305,-0.048961667029528755,-0.7258950695156415,-0.030910111194510103,0.029248405186309282,0.17206683916650803,0.15258699578888107,0.013580188517799682,nan,nan,nan,-0.6999610706869713,-0.034596564010197284,1.0,0.06922074750844644,10.0,0.0,0.0,0.0,-0.9175574402498882,-0.8763025516182704
77.652,6.046275970695529,0.0767320243107087,-0.05048704797679789,-0.7306995842825762,-0.00494124168947066,6.228080867777055,-0.06386717316779589,-0.050062140221478035,-0.7263460229252926,-0.03219569555106125,0.029247267979863958,0.17491860866030398,0.15457764208396518,0.013885506900984496,nan,nan,nan,-0.6999107364446991,-0.032991565276208945,1.0,0.06600708061365305,10.0,0.0,0.0,0.0,-0.92230905726869,-0.8687200030585686
77.7,6.017087477529629,0.07814831455630097,-0.050574876200402866,-0.7304773955883693,-0.0005706357728383994,6.199033983159698,-0.06325145650330363,-0.04862797510984107,-0.7265150026769056,0.014675710625520075,0.02914815055670283,0.17681151421554456,0.1558709319088524,0.013572102908352571,5.769159869164752,0.7042270665121468,2.8026527721794405,-0.6998848398935242,-0.031922738420224306,1.0,0.06386717316779589,10.0,0.0,0.0,0.0,-0.9247419354218199,-0.8634351195646431
77.75,5.973324701990331,0.0802999537089998,-0.05045045838105733,-0.7300958394792717,0.0030351400073076146,6.106892673432983,0.00713302216445789,-0.047128661785863724,-0.7312758028406532,0.01709173959741649,0.029173977645150288,0.16956566062186454,0.15084641397698048,0.01387563418893964,nan,nan,nan,-0.6998987002516266,-0.03161519069718288,1.0,0.06325145650330363,10.0,0.0,0.0,0.0,-0.9035167558196429,-0.8829167892253913
77.80000000000001,5.944168328465058,0.08174539615873044,-0.05024926189154538,-0.7295324738921859,0.00721112785680546,6.077869846707853,0.013888876382027054,-0.05443193040145778,-0.7303719829336128,0.025571079084516186,0.02987210067673413,0.17147511258500123,0.1521723809795035,0.013563450860627303,nan,nan,nan,-0.699100692969648,0.003566495960335647,1.0,-0.00713302216445789,10.0,0.0,0.0,0.0,-0.9426693757602993,-0.8224481607654792
77.851,5.900488869633864,0.08392503303007481,-0.04950228471389472,-0.7284500904185567,0.01629846971434231,6.034137063342267,0.01626302096105646,-0.054184519046681874,-0.7291389060556076,-0.005301658453500223,0.02986687623382096,0.17432929628290061,0.15416905799506778,0.013869270445590378,nan,nan,nan,-0.6986819481197407,0.00694432656188626,1.0,-0.013888876382027054,10.0,0.0,0.0,0.0,-0.9547468450841461,-0.8086520414579383
77.9,5.871403192215863,0.0853786600748002,-0.04870095039669554,-0.7278235117571733,0.022435313660199848,6.004899790278401,0.01453860168600781,-0.04830587975461676,-0.7284523899093379,0.03274655222034394,0.029460287905091743,0.17622375800382206,0.15546618059640427,0.01355789838583539,nan,nan,nan,-0.6986412969490413,0.008131331265182506,1.0,-0.01626302096105646,10.0,0.0,0.0,0.0,-0.9697659792958798,-0.7955310470905793
77.95,5.827814867205201,0.08754513392608239,-0.04710304759468739,-0.7270750988235244,0.028411617556969852,5.94337476959958,0.09237906355053628,-0.04714294689861732,-0.7296364191992797,0.018129880088538053,0.029486287551421343,0.16890552370680528,0.15038525847363315,0.013861796746823822,5.836518888175125,0.8665623393094022,2.7247727128263297,-0.6989192729394702,0.0072691728038178915,1.0,-0.01453860168600781,10.0,0.0,0.0,0.0,-0.9459492602186045,-0.8218195392870843
78.0,5.798780675515104,0.08897011934215347,-0.04586677910257275,-0.726430429682377,0.03369163974211199,5.914086314577242,0.08985630765678163,-0.04004654773252892,-0.7284945790204298,0.04193563085678499,0.02897985446938995,0.1708144529869323,0.15171515539286962,0.013551355264121516,nan,nan,nan,-0.6969555193162666,0.04615672572226881,1.0,-0.09237906355053628,10.0,0.0,0.0,0.0,-0.9995876296688827,-0.7496577141183544
78.05000000000001,5.755285221981711,0.0910706186763263,-0.04349021955399307,-0.7253533246103462,0.042627473567339015,5.870437273325549,0.09156984527998523,-0.037933353451456764,-0.7271898259244066,0.032865542496617974,0.028977575146459097,0.17366986642128948,0.15371672870815142,0.013857568063690625,nan,nan,nan,-0.6974760688549055,0.044897960643972556,1.0,-0.08985630765678163,10.0,0.0,0.0,0.0,-0.98066157284819,-0.7739923055616482
78.101,5.711839193812994,0.09310500789418379,-0.040743742207401734,-0.7245864345274865,0.04784311462936717,5.841413645100921,0.09362464966906021,-0.037459699921988054,-0.7265009114734713,0.03591182156724866,0.029098722786237898,0.17556607464762464,0.15501710042785777,0.013547674039553636,nan,nan,nan,-0.6975502399380711,0.045752970464195464,1.0,-0.09156984527998523,10.0,0.0,0.0,0.0,-0.9842887158936361,-0.7733010680623519
78.15100000000001,5.682895558419388,0.094414896228113,-0.03876158185459761,-0.7241649877036395,0.050501896631263345,5.736037760125637,0.10327117277724417,-0.034611330105502436,-0.7317330860703976,0.03736401413372082,0.029100104884541456,0.16818944904062658,0.1498845026529848,0.013851849064265127,5.261415907575814,0.1802004724416626,1.1047427603268578,-0.697517861447466,0.04677817497930992,1.0,-0.09362464966906021,10.0,0.0,0.0,0.0,-0.9845175883634874,-0.7734699320827576
78.202,5.639518456976914,0.09629704976263753,-0.03561405987404472,-0.7231254963541831,0.05377942653231889,5.706889546724197,0.10660680352096019,-0.036750732266848996,-0.7301426888959838,0.02787080595770281,0.029405864646440776,0.17009811678389514,0.15121853253400946,0.013542672159393825,nan,nan,nan,-0.6974008897076749,0.05158976881428101,1.0,-0.10327117277724417,10.0,0.0,0.0,0.0,-0.9782088765019963,-0.7615712912297898
78.25,5.610635265509779,0.09749151548437468,-0.03339966548162366,-0.7224237396188682,0.05636129230250767,5.663152086421718,0.10817614532757888,-0.03410075370884646,-0.7280873600785016,0.04268574635162865,0.029406425481089928,0.17295417501271051,0.1532260507152062,0.013849197422512073,nan,nan,nan,-0.6971666779837256,0.053253004836547824,1.0,-0.10660680352096019,10.0,0.0,0.0,0.0,-0.9889262837000633,-0.7523861799651684
78.30000000000001,5.581774717653351,0.09863364623366563,-0.03109631297447814,-0.7218713446888503,0.058077263742864205,5.633948382636225,0.10626834269991801,-0.026673950387617218,-0.7270350001440731,0.06507665520381604,0.02904648409212644,0.17485160941695302,0.1545302999227136,0.013540376203945777,nan,nan,nan,-0.6972829647281907,0.05403541981611504,1.0,-0.10817614532757888,10.0,0.0,0.0,0.0,-0.9833472558831322,-0.7633804334634342
78.35000000000001,5.538511925988133,0.10023952446085495,-0.02760839419609225,-0.721322111026262,0.057401602840766106,5.590367769038586,0.10737544007292286,-0.022637137480471914,-0.7257754635541256,0.07135836779376004,0.029047441612874914,0.17768509650422032,0.15649609423716784,0.013847011091080011,4.615556834613596,0.3050272572185497,3.5159025179376266,-0.6977747002207104,0.053084252373772234,1.0,-0.10626834269991801,10.0,0.0,0.0,0.0,-0.9647392299672712,-0.7870214648924254
78.4,5.495267643475463,0.10170795846098983,-0.024253327586274465,-0.7210240417777934,0.05470923214468627,5.451343022771776,0.12369219003988327,-0.01655066902101021,-0.7354733607815445,0.0439463341451529,0.028683153754742282,0.1693346593618993,0.15068920936782035,0.013536492699790448,nan,nan,nan,-0.6979648178338795,0.05363622641392274,1.0,-0.10737544007292286,10.0,0.0,0.0,0.0,-0.9592202820843051,-0.7962196700434551
78.45100000000001,5.466456935005867,0.10260817205544988,-0.022080794745738264,-0.7202462446274079,0.05429856225442686,5.407275693183951,0.1243827044187164,-0.013504678270033212,-0.7323808749531432,0.05648500913671434,0.028684310904254186,0.17219054436236597,0.1527025031159713,0.013843261141272295,nan,nan,nan,-0.6978542938640165,0.06176742296738791,1.0,-0.12369219003988327,10.0,0.0,0.0,0.0,-0.9577811362214671,-0.7659335320598369
78.501,5.423297452918686,0.1038436310700014,-0.01884928502632667,-0.7192111891351879,0.05329516301709084,5.378032098884333,0.1256674190367106,-0.0130265155058642,-0.7305360265679834,0.048219436634371685,0.028797693355454356,0.1740882148561764,0.15401071266577745,0.013535219205954411,nan,nan,nan,-0.6979997286751133,0.06211135727133321,1.0,-0.1243827044187164,10.0,0.0,0.0,0.0,-0.9533637372059331,-0.7788970820232335
78.55000000000001,5.394550003447969,0.10458979012073759,-0.01673193929492417,-0.7187388987318246,0.05279874451797787,5.334252336342643,0.126187254257762,-0.009594265125461021,-0.728203988812719,0.055325763457608014,0.02879847432908722,0.17692245087902175,0.15598219347287515,0.013842072442664215,4.267892165096898,0.7829439865809338,5.61046264405289,-0.6979911690386162,0.06275121411552842,1.0,-0.1256674190367106,10.0,0.0,0.0,0.0,-0.9592159786668901,-0.7768940059460239
78.60300000000001,5.351453036010137,0.10559322944465525,-0.013597524438630455,-0.7183069120984464,0.05163780755830087,5.185602213018949,0.188810686916366,-0.012640744073447507,-0.738298514033354,0.0650048274890272,0.029261447197324587,0.16869725420331422,0.1502462155828665,0.013532226900413077,nan,nan,nan,-0.6981558222140374,0.06301010537003915,1.0,-0.126187254257762,10.0,0.0,0.0,0.0,-0.9552824699554708,-0.787439592365916
78.65,5.322750842115478,0.10618450059377453,-0.01146351828899895,-0.7171738760206268,0.05499390998398168,5.141385305392659,0.18934788376627817,-0.012154111361679652,-0.7339382728339124,0.003624254922875634,0.02925149682541682,0.1715547982667106,0.15226505835169118,0.013920310790915309,nan,nan,nan,-0.6960140623179476,0.09412637529110679,1.0,-0.188810686916366,10.0,0.0,0.0,0.0,-0.9797204071802632,-0.7160648630150357
78.70100000000001,5.279783427115496,0.10696263050223141,-0.007888417663899538,-0.7156379548063756,0.06325576777325707,5.112046569861454,0.1893379631615884,-0.008881079185110163,-0.7313012255197252,0.09049703024825552,0.029215207509006098,0.1734537532192533,0.15357694652406198,0.013603076806720448,nan,nan,nan,-0.6960304871860638,0.09439259431700808,1.0,-0.18934788376627817,10.0,0.0,0.0,0.0,-1.010123130248653,-0.6969589020313173
78.75,5.251178017475423,0.10740406577410384,-0.0052980313284615955,-0.7149598891133886,0.06494571590215745,5.068239572374781,0.1896681653027297,-0.004729619373658789,-0.7280259954145764,0.07655861191236767,0.029212724662524586,0.17629032677926168,0.15555360594624956,0.013908456447889081,nan,nan,nan,-0.6962707632725929,0.09438767807737358,1.0,-0.1893379631615884,10.0,0.0,0.0,0.0,-0.9748683395643981,-0.7400034892833532
78.80000000000001,5.222592862126344,0.10777764795104967,-0.0026925533132282943,-0.7145332344289806,0.06524034556447458,5.097565218522282,0.16538397503416907,-0.004791004457277203,-0.7206683137395199,0.042508729298973084,0.029388613602621835,0.16800150466646663,0.149762047317413,0.013587669690186543,5.573982773623451,-0.09662134583874654,1.2600199157389615,-0.6965529867109151,0.09455131008351492,1.0,-0.1896681653027297,10.0,0.0,0.0,0.0,-0.9800419241625477,-0.7449970133341509
78.851,5.179724348691511,0.10820764477000165,0.0012252177352905778,-0.7146510032755834,0.06518092750005126,5.054344979293482,0.16553807967896478,-0.0007088741462699666,-0.7200598017757528,0.07090562574698739,0.029391754397999938,0.1708608087887431,0.1517860440905963,0.013977267200203538,nan,nan,nan,-0.6973345302604944,0.08250427542525163,1.0,-0.16538397503416907,10.0,0.0,0.0,0.0,-0.9892255280678466,-0.7620247070738435
78.902,5.136824275219821,0.10847573925870506,0.005072637013602343,-0.7152251523852875,0.06292231945192255,5.025541422939786,0.16544601700374006,0.002623256664216811,-0.7199722205429268,0.0678754321980207,0.02938069722706558,0.17276362325121825,0.1531015104865991,0.013653103906436663,nan,nan,nan,-0.6975733936341899,0.08258080396045919,1.0,-0.16553807967896478,10.0,0.0,0.0,0.0,-0.9734363421176736,-0.7801369468284137
78.95400000000001,5.108205070991766,0.10856327422513863,0.007540069563326498,-0.715585456605846,0.06093713843789774,4.982345678962177,0.1652828808136449,0.0061792523345456365,-0.719868401466767,0.06665021281903376,0.02938037374831465,0.1756091741639057,0.1550832437880111,0.013957327722198558,nan,nan,nan,-0.6977661240112197,0.08253508565174927,1.0,-0.16544601700374006,10.0,0.0,0.0,0.0,-0.9702118095047293,-0.7838226884440108
79.004,5.065250144300235,0.1085597620613022,0.01109407109615182,-0.7160904645040881,0.05799244593800629,4.985642141405656,0.189591278820441,0.007803955731781276,-0.7166622300248366,0.05141940874780874,0.029411375744761728,0.16743787369533883,0.14935627870137155,0.013630641432432396,5.258214482907448,0.44217240343834396,0.579372924381319,-0.6979647402149735,0.08245407139855487,1.0,-0.1652828808136449,10.0,0.0,0.0,0.0,-0.965910340722526,-0.7886893257385477
79.05000000000001,5.036596384718056,0.10846970316501639,0.013400748507520583,-0.7164682846926922,0.05793352929597893,4.942634972296137,0.18918381876235996,0.012397901876457949,-0.7171764568132645,0.056112800914227906,0.029411815260023795,0.17030979638974061,0.15138517382005137,0.014019058641121572,nan,nan,nan,-0.6973701751804348,0.09451320936244256,1.0,-0.189591278820441,10.0,0.0,0.0,0.0,-0.9903960688396904,-0.7688200143624693
79.10000000000001,5.007927324755628,0.10831144132139256,0.015729562027747765,-0.71684216968972,0.05819280924878523,4.913941652082392,0.18849391545235625,0.015762464854791602,-0.7174994165404943,0.06053187841052784,0.029372385969684476,0.1722215144110389,0.15270406772966322,0.013689755807780122,nan,nan,nan,-0.6976528817324963,0.09431128992765814,1.0,-0.18918381876235996,10.0,0.0,0.0,0.0,-0.9814348462471153,-0.7771819683609008
79.16000000000001,4.964899418068153,0.10794563395158888,0.01919862998380428,-0.7173175509827885,0.057326777025702255,4.885242581951454,0.18801855109802962,0.018096518027786335,-0.7177837418922407,0.044736073162874056,0.02937015106040395,0.17412900929965625,0.15403099141322898,0.013892346895564957,nan,nan,nan,-0.6978603779853626,0.09396938635632823,1.0,-0.18849391545235625,10.0,0.0,0.0,0.0,-0.974227690754834,-0.7838474052996347
79.20100000000001,4.92184810714415,0.10742629201000764,0.022587491915257888,-0.7176945022200525,0.0558057145732296,4.842209349184653,0.18955271116748157,0.017723821444250998,-0.7181279981080484,0.03276971277327446,0.029661214135965577,0.1769793266256489,0.15598096539406098,0.013666880968113464,4.917962323718622,0.4890773658855596,0.3475120287161074,-0.6980647243543143,0.09360550950780366,1.0,-0.18775972263728305,10.0,0.0,0.0,0.0,-0.9698660589382434,-0.7873672689006425
79.25,4.893137682900152,0.1069960966628251,0.0248156005929459,-0.7178703345662587,0.055910272996418556,4.807476575217952,0.21529398678504016,0.02080533648405281,-0.7175779993151968,0.08038749123439684,0.029676174397709427,0.16971576707602815,0.15093823509471024,0.013968606196430637,nan,nan,nan,-0.6979382265806847,0.09449409724657665,1.0,-0.18955271116748157,10.0,0.0,0.0,0.0,-0.9822538872088039,-0.7724623355627703
79.301,4.850065556141724,0.10622769813896506,0.028187060353385963,-0.7179924233391107,0.05625268666918047,4.778826040509588,0.21911535144566296,0.016764949626677073,-0.7176853854886391,0.06838292515998887,0.0302428268536469,0.17163289058497663,0.15226129520275355,0.013800336080444267,nan,nan,nan,-0.6973871535620078,0.10723406064604912,1.0,-0.21529398678504016,10.0,0.0,0.0,0.0,-0.9765757468234928,-0.7750387856257253
79.47800000000001,4.850065556141724,0.10622769813896506,0.028187060353385963,-0.7179924233391107,0.05625268666918047,4.778826040509588,0.21911535144566296,0.016764949626677073,-0.7176853854886391,0.06838292515998887,0.0302428268536469,0.17163289058497663,0.15226129520275355,0.013800336080444267,nan,nan,nan,-0.6973871535620078,0.10723406064604912,1.0,-0.21529398678504016,10.0,0.0,0.0,0.0,-0.9765757468234928,-0.7750387856257253
79.50200000000001,4.706533130983813,0.10260209565065916,0.03989242689328855,-0.7174125602403614,0.05730245213062122,4.551221138358825,0.17320564255271226,0.027311837300201702,-0.7241715990927502,0.05074733131713086,0.03031197095122254,0.17116310890908681,0.15189358824574645,0.013757032254175874,3.953174413181341,-0.2781618155900429,2.9261739011062646,-0.6985812429063478,0.08724623405440735,1.0,-0.17493656036402894,10.0,0.0,0.0,0.0,-0.9440055555495752,-0.7880651429237437
79.55000000000001,4.677858639002106,0.101675822107078,0.04210943417668808,-0.717101877917637,0.05429690124934231,4.507818582505639,0.17198236882943638,0.030308811635979094,-0.7227447348071232,0.07101343281634702,0.03031402094685644,0.17403525573115908,0.15389111497120897,0.014058708779608449,nan,nan,nan,-0.698778887337779,0.08638728192384182,1.0,-0.17320564255271226,10.0,0.0,0.0,0.0,-0.9413595364175487,-0.7942361366102515
79.60000000000001,4.649196042530988,0.10068267659850834,0.044198993801193916,-0.7169082364967575,0.050809720402328895,4.478927799748029,0.16861916985715017,0.03606516708807072,-0.7220404637541132,0.07067392414816534,0.030005478001612088,0.17594168237247368,0.1551888639449444,0.013724412674153062,nan,nan,nan,-0.698923301213584,0.08578016637491315,1.0,-0.17198236882943638,10.0,0.0,0.0,0.0,-0.9301597536949796,-0.8095067911937842
79.65,4.606216394607093,0.09907061100603118,0.04705046808363259,-0.7167595104289999,0.04502748791512697,4.532264458502442,0.1684830923823652,0.038861737449702005,-0.7115230631497524,0.06909301877287631,0.03000567430788669,0.16851622571667949,0.15003119329148693,0.014024533307417021,5.3085723102402715,0.18509618113502713,2.6181546714547834,-0.6991922257121195,0.08411067208612755,1.0,-0.16861916985715017,10.0,0.0,0.0,0.0,-0.9207960472184358,-0.8216685719553463
79.70400000000001,4.563225373460973,0.09731947673552595,0.04956178604456154,-0.7175181695007047,0.039714698203283334,4.489555488908053,0.17000351180595957,0.03604457026702024,-0.7133759528812557,0.014536936335589891,0.03041036160554226,0.17139175691123704,0.1520334411058753,0.013795694783890677,nan,nan,nan,-0.6991516360026796,0.08505324695438654,1.0,-0.1705178708864836,10.0,0.0,0.0,0.0,-0.9396194688030313,-0.8290265562558703
79.75,4.534536761936889,0.09607821203169277,0.051098593090512685,-0.7180572623902003,0.03779190473017099,4.461029831776215,0.16895924217714134,0.037411527887214024,-0.7143245760844806,0.017258312800226494,0.03041030404795204,0.1733047608132692,0.1533669482247007,0.013997225240694793,nan,nan,nan,-0.6991516360026796,0.08505324695438654,1.0,-0.1705178708864836,10.0,0.0,0.0,0.0,-0.9396194688030313,-0.8290265562558703
79.801,4.505832290556475,0.09478289218887981,0.05259020643697673,-0.7184561526768772,0.037333793784294696,4.432463695140401,0.16878216441357338,0.037311247267439285,-0.7150588163173642,0.0191680380738078,0.030523522415086164,0.17521273136406676,0.1546693580594909,0.013670336559934375,nan,nan,nan,-0.6992313281496143,0.08427950573665965,1.0,-0.16895924217714134,10.0,0.0,0.0,0.0,-0.9517849279300117,-0.81204467086336
79.85000000000001,4.462757255756862,0.09274582521080958,0.054846770984312815,-0.7188479792079624,0.03778309112823553,4.3895739628735075,0.16713910605110877,0.04020492601974323,-0.7159165025846432,0.04905409180920937,0.030526914886705888,0.17806237992546892,0.15663300355178816,0.013973705169751001,4.231426516118394,-0.2564322025157187,0.742284894586154,-0.6992309224643082,0.08419159360937556,1.0,-0.16878216441357338,10.0,0.0,0.0,0.0,-0.9497755558891745,-0.8110571701004965
79.902,4.419669878619369,0.09059961164751247,0.05708287629780273,-0.719081218696672,0.03636255460153346,4.343082114347219,0.12652390071476222,0.04397193680515076,-0.7181821365320853,0.021054423988562856,0.030299595244043912,0.16966094003417284,0.15080763120961352,0.01364767830654942,nan,nan,nan,-0.6998709017005926,0.06317775941825055,1.0,-0.12652390071476222,10.0,0.0,0.0,0.0,-0.9044394752653442,-0.8496300022501557
79.95,4.3909437713196215,0.0891086128210161,0.05845057605677067,-0.7191094987058708,0.032700276618021495,4.300031579284354,0.12458546206892478,0.04706792989301345,-0.7183419834964795,0.038772949736924224,0.030302669613024424,0.1725333230480617,0.15281968493267706,0.013951509581026512,nan,nan,nan,-0.6998709017005926,0.06317775941825055,1.0,-0.12652390071476222,10.0,0.0,0.0,0.0,-0.9044394752653442,-0.8496300022501557
80.00200000000001,4.347859208196007,0.08678586786948221,0.06019264347985466,-0.7190986677072352,0.026300544979355734,4.27138616725684,0.11918701477629287,0.054539925880991554,-0.7184073581730653,0.037480949640832775,0.029792279863844914,0.1744424778060789,0.1541276262825252,0.013630130150083564,nan,nan,nan,-0.6999197278775646,0.062212344863176394,1.0,-0.12458546206892478,10.0,0.0,0.0,0.0,-0.8908013475183286,-0.8621994738809381
80.05000000000001,4.3191409999052235,0.08518406200172728,0.06112522086655491,-0.7190486060536521,0.02140701656522191,4.228345151788976,0.11681772811323653,0.05589556668381946,-0.7184793637141036,0.008604321791215125,0.02978885333633896,0.17729405749541316,0.15609913655205007,0.013934350740798084,5.604988445315856,0.6310308059172124,7.696547509624616,-0.6999913087717645,0.05952311081224515,1.0,-0.11918701477629287,10.0,0.0,0.0,0.0,-0.8757861238453497,-0.8765845083985013
80.101,4.276070439052803,0.08271118786055652,0.06220772123150799,-0.7189884095243937,0.01609475415775424,4.354189142261243,0.15895204194429982,0.05949987896364384,-0.703616664904982,0.008336219955879116,0.029507585267422733,0.16902019019701003,0.1503480669118958,0.01361310422682516,nan,nan,nan,-0.6999979042498491,0.058342577219475444,1.0,-0.11681772811323653,10.0,0.0,0.0,0.0,-0.8829971282006571,-0.8682782635555509
80.15,4.247346497380886,0.08102341985148803,0.06282728536616312,-0.7197074664886329,0.01563890783509392,4.311993574295117,0.15640679818688927,0.061759963551971,-0.7068492747058104,0.03612803383781806,0.02951138679715207,0.17189857991418742,0.15236665482650635,0.013917697468267334,nan,nan,nan,-0.6998626596463534,0.07930931718476142,1.0,-0.15895204194429982,10.0,0.0,0.0,0.0,-0.9309874429424014,-0.8637687193904307
80.2,4.204196752589144,0.07843537613897647,0.0637473042743059,-0.7208810944733316,0.014634078146002987,4.283691986904834,0.1573432907299472,0.0583450187011163,-0.7088483765344011,0.010928791909618995,0.02985236589826549,0.17381373161486674,0.15367911428792277,0.013597487595508734,nan,nan,nan,-0.6999071862585862,0.07804455684323575,1.0,-0.15640679818688927,10.0,0.0,0.0,0.0,-0.9097937862824889,-0.875220202692715
80.25,4.175402471712368,0.07667635959980068,0.06432813812797562,-0.721332996197527,0.01475307580241097,4.241182231543909,0.15484654714226384,0.05916193001333569,-0.7112459207366127,0.009509994338517711,0.029852019524947284,0.1766768626496697,0.15565652399893745,0.013982905057211822,nan,nan,nan,-0.6998664313011762,0.07809912603606195,1.0,-0.15651660450669094,10.0,0.0,0.0,0.0,-0.9200367406794844,-0.8554321408051148
80.302,4.132191711479076,0.07399543494926361,0.06524278527529984,-0.7216830797440705,0.015531003907347763,4.255518086690934,0.1251737574009594,0.06456950722296595,-0.708296878808671,0.014665991221076997,0.029449817355587507,0.1683415289912517,0.1498531252472425,0.013728985904562181,4.607972444182449,-0.12931709334513924,0.8017389633820344,-0.699885248437437,0.07726912652421447,1.0,-0.15484654714226384,10.0,0.0,0.0,0.0,-0.9161618742461127,-0.8544496221179801
80.351,4.103372743744454,0.07218065366297131,0.06580931643108925,-0.7220475824210526,0.012982600033763763,4.213059740744149,0.12245326648776776,0.06384032914238569,-0.7107140232265555,0.01269755632688054,0.02944898312873096,0.17122650920901045,0.15187902966879663,0.014031006295657306,nan,nan,nan,-0.6999985087400233,0.06250535017872494,1.0,-0.1251737574009594,10.0,0.0,0.0,0.0,-0.8884332998784806,-0.8913805474921973
80.40100000000001,4.060124099677254,0.06941704363500191,0.06644617507838106,-0.7223828416334476,0.009079533364942181,4.184721128652917,0.11918149414213106,0.06743058822738092,-0.7120070275049623,0.01256780653432151,0.02926382846732194,0.17314598205051454,0.15319659029600874,0.013699923666722834,nan,nan,nan,-0.6999974673080598,0.061150298092409905,1.0,-0.12245326648776776,10.0,0.0,0.0,0.0,-0.8843712412830326,-0.8876482633090962
80.45400000000001,4.031287385451991,0.06755118474872542,0.06674177740478345,-0.7224329045427793,0.006342881916413074,4.142063297891807,0.11630755566511912,0.06718209805623321,-0.7135981892547176,0.016065345877066095,0.029264615127068322,0.17601521536732867,0.15518119384550033,0.014002507534245843,nan,nan,nan,-0.6999710565394226,0.05808835451817096,1.0,-0.11630755566511912,10.0,0.0,0.0,0.0,-0.8682760905439331,-0.8936285213894293
80.5,4.002451971227436,0.06566960224385268,0.06693073302030547,-0.7223800684684512,0.003745837993459595,4.113635036577488,0.11268749711263697,0.06928814627760627,-0.7143539553735435,-0.021751697427472263,0.029050089413796623,0.17791933499012857,0.15647086632849916,0.013674871013067346,5.477606530580092,-1.0448178581781913,11.49406709187425,-0.6999710565394226,0.05808835451817096,1.0,-0.11630755566511912,10.0,0.0,0.0,0.0,-0.8682760905439331,-0.8936285213894293
80.55000000000001,3.959209420487222,0.06282449771916213,0.06705578610562124,-0.722162532550871,0.0013459016328878524,4.224348423920428,0.007326617788830249,0.06972512403944009,-0.7019672941378733,0.0027205745515723077,0.029014577888298403,0.17050884436413316,0.15136235067271503,0.013975964889076087,nan,nan,nan,-0.6999408152685911,0.05628423857532239,1.0,-0.11268749711263697,10.0,0.0,0.0,0.0,-0.8758758467443233,-0.8828351745158765
80.601,3.91596375548058,0.059955795453078255,0.06681077729498956,-0.7226419924960513,-0.010238930037754028,4.196387886100162,0.0034007081503883933,0.07298533661046402,-0.704454940986903,0.00635149197583779,0.02876039161384673,0.17243062569649656,0.1526849494631292,0.013651528026131416,nan,nan,nan,-0.6984730974709438,0.0036632925075501532,1.0,-0.007326617788830249,10.0,0.0,0.0,0.0,-0.7996744674039691,-0.986046002562895
80.65,3.8871143670714914,0.05802975536207839,0.06616189970810837,-0.7229201468242542,-0.01972819295180283,4.154167479669833,0.0003166709987351315,0.07213272395728465,-0.7075039431975101,-0.03138059182646134,0.028757820281238706,0.17530562996108295,0.15467648719010088,0.01403531928750791,nan,nan,nan,-0.6982222108791492,0.0017003524365066802,1.0,-0.0034007081503883933,10.0,0.0,0.0,0.0,-0.7940666135583843,-0.9909500495810567
80.702,3.8438320969959157,0.055141064433465045,0.06460502714598099,-0.7229463526009241,-0.029545114618986602,4.125925515168881,-0.0017167408383655242,0.07174019415921018,-0.7089670416460281,-0.01041968250917294,0.028761500693948804,0.17721499587701553,0.1559709245789825,0.01370366923280625,4.702385218304654,-0.19083267349325692,1.3119178611370712,-0.6981876731630535,0.00015833549804433744,1.0,-0.0003166709987351315,10.0,0.0,0.0,0.0,-0.7940666135583843,-0.9723274801232662
80.75,3.814980842782791,0.05322772980995196,0.06328757875528637,-0.7227962719754063,-0.03497527010114397,4.148028630172681,-0.021032730406228578,0.06937955081951407,-0.704982879553152,-0.03378126873612079,0.028753281498821146,0.16992830526134783,0.1509337063843883,0.014142980372069108,nan,nan,nan,-0.6981561170282702,-0.0008583702083662104,1.0,0.0017167408383655242,10.0,0.0,0.0,0.0,-0.7818108968764921,-0.979439004263889
80.80000000000001,3.7861329455298014,0.05133247343934508,0.061768461861285213,-0.7227617777646229,-0.039694119779668066,4.1200215348891005,-0.026159196794614984,0.07356358144219444,-0.7067853191979504,-0.04381544100518309,0.028338934507625476,0.17185600898891779,0.15226061146005487,0.013746664003890439,nan,nan,nan,-0.697767034777074,-0.010515977546759814,1.0,0.021032730406228578,10.0,0.0,0.0,0.0,-0.7842851613225122,-0.985913847008106
80.851,3.742857670313989,0.048535604611789226,0.05917275115746608,-0.7226763945333474,-0.045764859654332656,4.077685084332922,-0.029261056455676882,0.0702729635599595,-0.7088521818737014,-0.09563933784162877,0.028333293935786492,0.1747396397538594,0.15425791218893792,0.014048052864914947,nan,nan,nan,-0.6973742242566647,-0.013078852605861613,1.0,0.026159196794614984,10.0,0.0,0.0,0.0,-0.7734726754916699,-0.9881811647478407
80.9,3.714012499454576,0.046711125845339485,0.057273576133340144,-0.7224632565974636,-0.047926717463046685,4.0494778413333865,-0.03308398418206412,0.07129861217855593,-0.709910242722123,-0.0520654116139393,0.028108027295025696,0.17665458527725567,0.15555619780963026,0.013711849272496399,nan,nan,nan,-0.6974785661886928,-0.014629484462208353,1.0,0.029261056455676882,10.0,0.0,0.0,0.0,-0.7933572921183237,-0.9622357303078951
80.95,3.670762496932106,0.04404962758212115,0.05433466744353521,-0.7219549669307439,-0.050424129582486724,3.915742418721619,-0.06736449107523623,0.06896097947265556,-0.7202127935464102,-0.02417667334605968,0.028102885382877252,0.16929396327422266,0.15046439404612869,0.014095212650812563,3.227510371716408,-0.3771206622759713,2.744482020580785,-0.6973012385517828,-0.0165404835022418,1.0,0.03308398418206412,10.0,0.0,0.0,0.0,-0.7685792500034039,-0.9820051631078246
81.004,3.6275661636826655,0.04148709940378038,0.051088540807446195,-0.720414687852337,-0.05742918906618309,3.887016926108446,-0.06940467972016655,0.06740025841711182,-0.7190524612417913,-0.05730989332724862,0.028091941415131036,0.17122174357449813,0.1517958702263201,0.013756094046326786,nan,nan,nan,-0.6963166781792612,-0.033669516769530006,1.0,0.06736449107523623,10.0,0.0,0.0,0.0,-0.7153310505320573,-0.996468460897367
81.05000000000001,3.5988243328261538,0.03984329631177034,0.048696344488816753,-0.719295993273269,-0.06087329402015836,3.844000321982836,-0.0722736350204492,0.06366414461902492,-0.7175880857877849,-0.09131307242389804,0.028088622899300093,0.17410421876038432,0.15379906671742785,0.01405713881591068,nan,nan,nan,-0.6963554326103363,-0.03468841979140613,1.0,0.06940467972016655,10.0,0.0,0.0,0.0,-0.7301911760026113,-0.9842174430640523
81.10000000000001,3.555777647026912,0.037486976201086354,0.044977307894984234,-0.7179756232759635,-0.062203229336932155,3.81524594473783,-0.07186275454694208,0.05844993929559727,-0.7168644879124031,-0.06362115067335437,0.028372914311336272,0.17601778160472584,0.15510091823285668,0.013719742732348333,nan,nan,nan,-0.6965179074792125,-0.03612109983329681,1.0,0.0722736350204492,10.0,0.0,0.0,0.0,-0.748969737427644,-0.9698810123876999
81.15,3.527113804535709,0.035993665119684576,0.04247802247161905,-0.7172981895437702,-0.06266869275556594,3.757434758389176,-0.09591644357478668,0.05421119064304004,-0.7176646023160719,-0.06823704212242636,0.028364850625439964,0.16858864354799027,0.14995769021364108,0.014099922296512217,3.656755546352472,-0.3143144469649982,0.27087352293938194,-0.6968855913714846,-0.035915926006484966,1.0,0.07186275454694208,10.0,0.0,0.0,0.0,-0.7473838323323323,-0.9751341658951256
81.2,3.498473082693193,0.03456435684854723,0.03995156399406453,-0.7166035533259414,-0.06365820874240621,3.7289891731991247,-0.1014909331156343,0.058565396117920436,-0.716844748831061,-0.055582299995045416,0.027835712183207895,0.17051234810417426,0.1512927316618253,0.013833315405802122,nan,nan,nan,-0.6963522918469535,-0.0479215046168342,1.0,0.09591644357478668,10.0,0.0,0.0,0.0,-0.733526688982001,-0.9819061262115113
81.253,3.455560629509465,0.03254459962523049,0.036039216437575586,-0.7155199740267647,-0.06678013985860927,3.686071958025626,-0.1039528115716497,0.05455489853384244,-0.7157104471162635,-0.07518010059299009,0.02783405580400603,0.17339062425174337,0.15330102688909275,0.014132544906422467,nan,nan,nan,-0.6958253805305338,-0.05070197547728661,1.0,0.1014909331156343,10.0,0.0,0.0,0.0,-0.7161333599871946,-0.9971332936405604
81.30000000000001,3.426982494208914,0.03128388040983544,0.033314135726815665,-0.7148984288380233,-0.06862639997044384,3.6574935792757373,-0.10554180272984762,0.052963322356634375,-0.7151258690286483,-0.04635543477364557,0.027833411958015603,0.175302587564773,0.15460637731359678,0.013785796602871759,nan,nan,nan,-0.6960351109923705,-0.05192967594465969,1.0,0.1039528115716497,10.0,0.0,0.0,0.0,-0.729535198665509,-0.9875733462351892
81.35000000000001,3.3841485928840096,0.02952770118932002,0.029132704678856723,-0.7141759365954967,-0.07074884070638551,3.614659420587551,-0.10776628809737156,0.049416727908627056,-0.7143848994042052,-0.06689675825007686,0.027832001892710366,0.1781573686139306,0.15657310901150148,0.014304905786655754,2.5192644977705947,-0.21829733139230478,4.302267836732589,-0.6960943518998306,-0.05272199814307221,1.0,0.10554180272984762,10.0,0.0,0.0,0.0,-0.7192778187342723,-0.9990347902280385
81.4,3.34134523284116,0.027939001368131315,0.0248413544443503,-0.7136336240411294,-0.0716582922419045,3.4619039280965094,-0.11692291612325287,0.04036691815149584,-0.7258961908103747,-0.06989887144030932,0.02827291681126454,0.16974200461262826,0.150756509780539,0.013886630374285013,nan,nan,nan,-0.6962722743343935,-0.05383108671947667,1.0,0.10776628809737156,10.0,0.0,0.0,0.0,-0.7318965847980976,-0.9889404580421912
81.45,3.312836040561394,0.026975758146039457,0.021985993523840633,-0.712672880346841,-0.07110022459187945,3.418437071599785,-0.1186156494455302,0.03579862597983529,-0.7228583346665839,-0.08034984609242275,0.028271741305525833,0.17261693187711516,0.15277020200291028,0.014264229186028474,nan,nan,nan,-0.6965889037505024,-0.05839499224456013,1.0,0.11692291612325287,10.0,0.0,0.0,0.0,-0.7224071372382863,-0.9645792263380113
81.5,3.284365283237457,0.026093161550008445,0.01917003440396297,-0.7117669260582707,-0.06980654454979937,3.389395049794715,-0.11639694018975064,0.027534551495385976,-0.721051393528667,-0.07561432495608214,0.02867773547385544,0.17452702237899415,0.1540788727746779,0.013903896260976017,nan,nan,nan,-0.6968411636465978,-0.05923843430421094,1.0,0.1186156494455302,10.0,0.0,0.0,0.0,-0.7364619982221211,-0.9600491278669666
81.55000000000001,3.2417076032759784,0.024919851571063856,0.015077140046598174,-0.7108657791047464,-0.06676411883776487,3.3461942657110324,-0.1175433129110011,0.024827340725939617,-0.718876824215164,-0.047380856980174905,0.02868221161638021,0.17737954713530735,0.15604997659107214,0.014201220547982236,2.266011353284898,0.4899027971909387,5.496225202581542,-0.6974329514734121,-0.05813289603144689,1.0,0.11639694018975064,10.0,0.0,0.0,0.0,-0.7523225124234639,-0.9524458951810101
81.601,3.1990831352549645,0.023924132111361896,0.011158343416068615,-0.7103994943487644,-0.06463985031933961,3.1970318546180208,-0.06828099640185037,0.02706122962965463,-0.7289975597932666,-0.06573162359377192,0.028340678066959845,0.16909047662576637,0.1503046582154652,0.013846734966687707,nan,nan,nan,-0.6975592924449101,-0.058704128474573736,1.0,0.1175433129110011,10.0,0.0,0.0,0.0,-0.7469732776709006,-0.9641108145222193
81.65100000000001,3.170688020012455,0.02335696836782702,0.008674696542010609,-0.7096721586955409,-0.060149134639376475,3.153374497222632,-0.06940204292900913,0.0241160855273197,-0.7253946350417252,-0.027552862023283196,0.028345660163642972,0.17196418310399242,0.15232302053346222,0.014145152958449066,nan,nan,nan,-0.698689998584123,-0.034127243048274636,1.0,0.06828099640185037,10.0,0.0,0.0,0.0,-0.775423504263107,-0.911463322982575
81.7,3.1281437395903007,0.02265062701396079,0.005256290271518661,-0.7088346219696002,-0.05527476902213455,3.124340959329992,-0.06905811591234313,0.02053590554233642,-0.7233506036743422,-0.05275293846290614,0.02847209876071628,0.17387368878031453,0.1536348827942469,0.013799422024039883,nan,nan,nan,-0.6987901134480204,-0.03468710298153965,1.0,0.06940204292900913,10.0,0.0,0.0,0.0,-0.7685153222924522,-0.9285303296461901
81.75,3.0998000100443863,0.02227073316145349,0.003128116860919469,-0.708523999264295,-0.05181361796350444,3.081002547174294,-0.06990847489950622,0.017053095637059815,-0.7208060387459427,-0.07057960988058705,0.02846947302858682,0.17672568583126877,0.15561089309713605,0.014098798890497973,nan,nan,nan,-0.6989395437866086,-0.03451534527387956,1.0,0.06905811591234313,10.0,0.0,0.0,0.0,-0.8020316020168634,-0.9082654126430327
81.80000000000001,3.071464075430641,0.021960631225848026,0.001149211341537124,-0.7083817137820573,-0.04791956372580642,3.119380219252283,-0.004620399796052998,0.016360139031948325,-0.712648532094125,-0.016904054479959088,0.02844579649719853,0.16837410923525262,0.14981114640621823,0.01375675799856325,3.657637587236532,0.6665755492159033,3.2149530997127007,-0.6990540639814838,-0.03494001219572773,1.0,0.06990847489950622,10.0,0.0,0.0,0.0,-0.8020316020168634,-0.9082654126430327
81.85000000000001,3.0289502052291524,0.021620634445905854,-0.0014791393865440081,-0.7089183794797953,-0.040152244691142834,3.0766327983022372,-0.005285129681757524,0.013471309564143663,-0.7127239100138648,-0.05207398061681441,0.028440804118289236,0.1712468981620097,0.1518343784429247,0.014057020874306533,nan,nan,nan,-0.6998780000531677,-0.0023101957881763724,1.0,0.004620399796052998,10.0,0.0,0.0,0.0,-0.8451696871109695,-0.8945623263678539
81.9,3.0005772935768666,0.02147186426185145,-0.0029270528352911755,-0.7095358872282909,-0.03361846032662661,3.0480136203545,-0.0028814503993908292,0.007876190114027626,-0.7129873002283507,-0.028167976453860242,0.028793404916250542,0.17315853423470928,0.15314961799853347,0.013719173056836127,nan,nan,nan,-0.6999091221039105,-0.0026425586897627085,1.0,0.005285129681757524,10.0,0.0,0.0,0.0,-0.8626641598437417,-0.8764125971750258
81.953,2.9579760098283012,0.02135348368923307,-0.004628890812564007,-0.7103198080035938,-0.024968246433067505,3.0052287146404684,-0.003206095650715056,0.0065949227770434335,-0.7133089840921951,-0.033895566303058754,0.02879230272919409,0.17601704263114004,0.1551304247970248,0.014103186900883692,nan,nan,nan,-0.6999696185074369,-0.0014407242028635636,1.0,0.0028814503993908292,10.0,0.0,0.0,0.0,-0.8627357575839792,-0.8753113055777503
82.0,2.92955150699145,0.02133591164093668,-0.005510266877477682,-0.7107548804138618,-0.02031021057015362,2.976653866928452,-0.002239792842401503,0.004454932715997729,-0.7134491068158101,-0.011449358705056227,0.02893427629225172,0.17791485663356582,0.15641714702155446,0.013762589770658591,3.275614535866361,0.030138135042116022,0.3210788387432385,-0.6999764777869186,-0.0016030464522085452,1.0,0.003206095650715056,10.0,0.0,0.0,0.0,-0.8658717040360701,-0.8705903245798571
82.05000000000001,2.8868865671384087,0.021387486812116666,-0.006530878004671256,-0.7112821048090989,-0.015081971263148036,2.9676749495543477,0.0007396929089119089,0.004052354254217683,-0.7105638879129788,-0.006170637994561487,0.02893548768418075,0.1704965226068685,0.15131138968512006,0.014060726340284966,nan,nan,nan,-0.6999891224780306,-0.0011198959530211994,1.0,0.002239792842401503,10.0,0.0,0.0,0.0,-0.8602963655148133,-0.8751582787429932
82.10000000000001,2.844187497034988,0.021516843490501567,-0.007309239257429973,-0.7119463985648745,-0.011614280653710852,2.9392907457965953,-0.0007230529932001918,0.006075657168601367,-0.7111530841562751,-0.0025266961663599884,0.028764437008535038,0.17241271673777134,0.15263100607095217,0.013725316462997387,nan,nan,nan,-0.6999952537030267,0.0003698464375925248,1.0,-0.0007396929089119089,10.0,0.0,0.0,0.0,-0.8650894045383148,-0.8785341568558755
82.15100000000001,2.8156994971757956,0.021638275527857947,-0.007740562703142826,-0.7123410828197285,-0.010391799076146704,2.896608078587364,-0.0009773713484291634,0.005869335961176336,-0.7118421991274503,-0.009976559530612338,0.0287637889713433,0.1752794181879267,0.1546179538096288,0.014023423032232996,nan,nan,nan,-0.6999854969834127,-0.00036152648084986083,1.0,0.0007230529932001918,10.0,0.0,0.0,0.0,-0.8582714714364044,-0.8829597765514992
82.202,2.772943142368368,0.021864181373589458,-0.00831134747067989,-0.7127775558244649,-0.008865280137843306,2.849470916012524,0.03642166501434314,0.008242532788841128,-0.7127504516436648,-0.037941206210034065,0.028533526287525816,0.16796942697659112,0.14952148714015812,0.013863933098235503,2.8249195527987814,0.4449376344851364,0.7386365600556518,-0.6999586030468508,-0.0015564732868540432,1.0,0.003112949087529891,10.0,0.0,0.0,0.0,-0.8417301492433871,-0.8950365879721507
82.251,2.7444272144727395,0.022039455745045917,-0.0086775307188649,-0.7129787817314032,-0.009568625950231599,2.820959791160015,0.03618562797694953,0.0075557892632343035,-0.7129527908283603,-0.035966425556387085,0.028534088771973918,0.1698941422505543,0.15087550490924928,0.0140636288592966,nan,nan,nan,-0.6999586030468508,-0.0015564732868540432,1.0,0.003112949087529891,10.0,0.0,0.0,0.0,-0.8417301492433871,-0.8950365879721507
82.30000000000001,2.7016423696622467,0.02233578811321497,-0.00913588333356409,-0.7131551519735116,-0.004838732437113626,2.7924664457010038,0.03507040377094061,0.008137972238936529,-0.7130607893177897,-0.01808085361074086,0.028419329636281555,0.1718165750016011,0.15219908525644413,0.013727856088316647,nan,nan,nan,-0.6999611548052702,0.01809084014908313,1.0,-0.03618562797694953,10.0,0.0,0.0,0.0,-0.8933631902145519,-0.8404499936887028
82.351,2.673115166372899,0.022554346384372405,-0.009243755941593521,-0.7132213801888312,-0.001618311597377119,2.7496815513597697,0.03471432588621741,0.008501950210079825,-0.7131796638081169,0.0008554560201524347,0.028421311563249507,0.17469228459681865,0.15419146745234383,0.014028743095525405,nan,nan,nan,-0.6999691042726938,0.017533404956363352,1.0,-0.03507040377094061,10.0,0.0,0.0,0.0,-0.8840842491218128,-0.8488044103305725
82.4,2.6445859843204893,0.02278502867503286,-0.009254439789144456,-0.7132634420750014,0.00030578825708463584,2.721000394639223,0.04051858187284732,-0.00046723413548788173,-0.7132158774629852,0.02064497049589777,0.029166259317475567,0.1766020303837367,0.1554861210158781,0.013697245771939752,nan,nan,nan,-0.6999725658034759,0.017355420187567194,1.0,-0.03471432588621741,10.0,0.0,0.0,0.0,-0.8752443283265753,-0.856650890760093
82.452,2.6017909552225524,0.023146754984774944,-0.009155237152584778,-0.713269098212709,0.002872806051709987,2.691333191955915,0.042305423994871354,0.000249222474702826,-0.7119674498970286,0.007940208326822174,0.02916532584828348,0.16924389323789113,0.15039877236373633,0.013996781419965854,2.823352638588452,0.0596458110697352,0.049626363638581174,-0.6998496894864032,0.020256519885311963,1.0,-0.04051858187284732,10.0,0.0,0.0,0.0,-0.8844313345522012,-0.8458514188961699
82.5,2.5589951858933357,0.023521018437211483,-0.008876831840860518,-0.7133247860677071,0.005955542536542349,2.6628852483637404,0.040860766937432486,0.0027510367537528784,-0.712161349690376,-0.003823966423446456,0.028978873937386317,0.17116863194040005,0.15172651670342482,0.013669189567956076,nan,nan,nan,-0.6998471171564832,0.02114955800720164,1.0,-0.042305423994871354,10.0,0.0,0.0,0.0,-0.8914435012536487,-0.8419610279719351
82.55000000000001,2.5304621535181444,0.023773325376581146,-0.008593188748835561,-0.7133653648457499,0.007725325126252217,2.6201507645453344,0.04073321000217583,0.002241654577457286,-0.7123940304885383,-0.03624666546401084,0.028974329882165323,0.1740486839887546,0.15372463384143117,0.013971432323040227,nan,nan,nan,-0.6998906422589134,0.02042754162916749,1.0,-0.040860766937432486,10.0,0.0,0.0,0.0,-0.8909521642509137,-0.8415530780914835
82.601,2.487660960085014,0.024150263939365688,-0.008018537714518143,-0.7133788946543631,0.011221053085068957,2.5916136518487436,0.04262725082844698,-0.000833689271086957,-0.7124883739956543,-0.0001491772881154962,0.029217158282427994,0.17596182295042012,0.15502328437720608,0.01380231254400195,nan,nan,nan,-0.69988505902237,0.020363789688651934,1.0,-0.04073321000217583,10.0,0.0,0.0,0.0,-0.9039995726605331,-0.8271442152101994
82.65,2.459127625076594,0.024397265215665705,-0.007526416140318519,-0.713344694652604,0.012785238601502328,2.5859602261802537,0.05366847573694364,0.0004567448654211325,-0.70901893242893,0.01296171335742283,0.029222164213900458,0.16871343557298749,0.15000125592019425,0.01417908778775372,2.908760891368951,0.1653391523349138,0.44513286232411,-0.6998283807886505,0.02131039890893227,1.0,-0.04262725082844698,10.0,0.0,0.0,0.0,-0.8950535225905419,-0.8347888555926505
82.7,2.4305932950819633,0.02463780987850693,-0.0069862659355278064,-0.7134484476287029,0.013928567444167575,2.557537375559623,0.05668150366300654,-0.004575680033965579,-0.7096478346414116,-0.005075223935236319,0.029613391669144465,0.17064255763658842,0.15133245592163658,0.01377769447438818,nan,nan,nan,-0.6997566127179388,0.026827799750035464,1.0,-0.05366847573694364,10.0,0.0,0.0,0.0,-0.9010100943647494,-0.8382895292206574
82.75,2.387779056806865,0.024981747340877696,-0.0060659951873101225,-0.713661598484564,0.016860171338044086,2.514942544537191,0.056873499309879796,-0.003635687538081189,-0.7103958487138453,0.03022823523771651,0.02961697917337822,0.1735298336661362,0.15333539762440612,0.01407775858233379,nan,nan,nan,-0.6996209869159282,0.0283331677389973,1.0,-0.05668150366300654,10.0,0.0,0.0,0.0,-0.9165410350280544,-0.8194484529070597
82.80300000000001,2.3449576704898805,0.02529993367068028,-0.004982644970039973,-0.7137202237619042,0.01837461271306701,2.4865629890837067,0.05448359746274375,0.0016685088337009544,-0.710741216176043,0.03926244261022013,0.02930848429291696,0.17544814056074276,0.15463728263646342,0.013740416092384284,nan,nan,nan,-0.6996401783843983,0.028429088257983626,1.0,-0.056873499309879796,10.0,0.0,0.0,0.0,-0.8999881912190951,-0.8333499446091962
82.85000000000001,2.316409263873921,0.02549315212008606,-0.004264806967046892,-0.7137232447941204,0.017513563911635815,2.4439093529268283,0.054405874479015064,0.002811156991550323,-0.7111790073525988,0.03769204204890626,0.029308169043523073,0.178312549882304,0.1565993889035836,0.014041269257185535,2.855835989950889,0.08161539784016733,0.6048064725621652,-0.6997712354214237,0.02723506287580113,1.0,-0.05448359746274375,10.0,0.0,0.0,0.0,-0.886408224484719,-0.8462363434942958
82.903,2.273587826646754,0.02575085191391576,-0.0032711757221173124,-0.7136745569708673,0.01590723762798614,2.4621573230742255,0.05610000418739317,0.004073833457432397,-0.7069027131263027,-0.006086702846243262,0.029192029648587126,0.1698788471350723,0.15077722505025923,0.013706462182643249,nan,nan,nan,-0.6997918891850274,0.0271962301612092,1.0,-0.054405874479015064,10.0,0.0,0.0,0.0,-0.8845149378205395,-0.8463873282666925
82.952,2.2450362049982635,0.025901884760908652,-0.00262401311251019,-0.7138999169731214,0.016552036560510967,2.419721506044998,0.05591205945695437,0.003979243429652612,-0.7081305701642415,-0.023517480663728475,0.02918930612894004,0.17276551080618943,0.15278702419300133,0.014008052878347877,nan,nan,nan,-0.6997989331856166,0.02804264895964126,1.0,-0.05610000418739317,10.0,0.0,0.0,0.0,-0.9077826869156178,-0.8356411662929792
83.003,2.202192376157662,0.026096624881500285,-0.0015624239469016173,-0.7141553450579894,0.01863257440042704,2.3914135260455653,0.05399883183072829,0.007784977787127278,-0.7088475954587782,0.028160586966916753,0.028968895322090942,0.17468480076095746,0.15409364327158864,0.013679222196087188,nan,nan,nan,-0.6998708740354725,0.026992858209130333,1.0,-0.05399883183072829,10.0,0.0,0.0,0.0,-0.8840527976925984,-0.8531601402889121
83.051,2.1736240000593656,0.02620352857261351,-0.0008371773411993038,-0.7142362640286531,0.017456447190061945,2.348866182232637,0.05364659948623862,0.008245204029757593,-0.7097159312837218,-0.009855717847597522,0.028964387394308073,0.17755237322375014,0.15606220901836107,0.013981442327441243,2.6883250558368066,0.008696451560064714,nan,-0.6998708740354725,0.026992858209130333,1.0,-0.05399883183072829,10.0,0.0,0.0,0.0,-0.8840527976925984,-0.8531601402889121
83.10000000000001,2.1450534057574977,0.026290548902592727,-0.00016447874399871525,-0.7142654230987856,0.016770116043848208,2.358573861091973,0.05363374106217283,0.0019029077158752017,-0.7064755346084649,-0.0027337266101375023,0.029504517389788616,0.1692464252054558,0.15031450205206365,0.013653972951454589,nan,nan,0.41672816967286735,-0.6998792861043306,0.026816869492095385,1.0,-0.05364659948623862,10.0,0.0,0.0,0.0,-0.8968780345717648,-0.8372952615408396
83.15,2.102194612491565,0.026386237038469415,0.000859579861391513,-0.7144128735626202,0.017504763188498605,2.3161605027347827,0.05356784065564235,0.0022191491297323123,-0.7077891939645241,0.027317970422499782,0.029507652866200725,0.17213876180637033,0.15233011321671547,0.013956784380059256,nan,nan,nan,-0.6997828763323513,0.026810444901379515,1.0,-0.05363374106217283,10.0,0.0,0.0,0.0,-0.9080231012495534,-0.8348812306672415
83.2,2.073614165055186,0.026426255543149736,0.0015656119528260775,-0.7145422453404974,0.01746030303039616,2.287882524123569,0.05002925429076926,0.007266444789587823,-0.7085214253899373,0.007705307116241424,0.02906210700868828,0.17406226191006488,0.15364073475032283,0.0136342289190098,nan,nan,nan,-0.699788920884511,0.02677751834798281,1.0,-0.05356784065564235,10.0,0.0,0.0,0.0,-0.8934515153596686,-0.8451529226130455
83.25,2.030738744552905,0.02644877748793591,0.0025749793373158313,-0.7146015991556945,0.016326576968774306,2.24535286740246,0.0497218559635422,0.008622931020081825,-0.7094384866890157,0.03956552601327654,0.029066165999996285,0.17693662114955305,0.15561475946119588,0.013937541013174784,nan,nan,nan,-0.6998898183853802,0.02500941162270598,1.0,-0.05002925429076926,10.0,0.0,0.0,0.0,-0.890191073713956,-0.8464711278093922
83.30000000000001,2.002155020829793,0.02643874976884192,0.0031914095493039024,-0.7145682009480975,0.014584711382854157,2.232818422910664,0.12291687762176629,0.011153401065668424,-0.7082642123751806,0.02604895915575587,0.02895610010791701,0.16856502875329177,0.1498148724189721,0.013615394910326806,2.3692562189964934,0.8858543346383716,2.622349758463685,-0.6999077748220979,0.024855807984383027,1.0,-0.0497218559635422,10.0,0.0,0.0,0.0,-0.8737102042417829,-0.859846374291655
83.352,1.9592848283218915,0.026388576365230842,0.004073741144100055,-0.7144358095759519,0.01682291062330783,2.190310060661659,0.1224469778690291,0.010224995858783004,-0.7089944243761515,-0.016118529084203033,0.02894928486581642,0.17145904690791688,0.15183695729619168,0.01391918409559751,nan,nan,nan,-0.6991171932775584,0.061381234665605966,1.0,-0.12291687762176629,10.0,0.0,0.0,0.0,-0.9292059346903491,-0.8020417030112962
83.4,1.9307105302713392,0.02633553585372925,0.00486327673689552,-0.714294101366576,0.02177862037845843,2.1619273919092437,0.1239786703193909,0.008612289449895005,-0.7093500781862931,0.03856699467136773,0.029189666616624036,0.17338420169099447,0.15315199637046614,0.013598337505217193,nan,nan,nan,-0.69909262252242,0.06114716552549293,1.0,-0.1224469778690291,10.0,0.0,0.0,0.0,-0.9459426853057321,-0.7824522331377278
83.45,1.88786209335198,0.026222661303177262,0.006392667564019712,-0.7140156051217796,0.027239756192868336,2.11935905985487,0.12358437803279458,0.010949410961058613,-0.7097652208788542,0.050105271157465874,0.029190762132451524,0.17626172070215876,0.15513204691330956,0.013986359156853803,nan,nan,nan,-0.6990060049213657,0.06191011604967134,1.0,-0.1239786703193909,10.0,0.0,0.0,0.0,-0.9268120326380114,-0.7994100504092667
83.5,1.8593064212278148,0.026119476465120035,0.007525245326713889,-0.7138131554002076,0.0287328612966573,2.117175913597358,0.12676226725866138,0.009900298970975996,-0.7072909248505086,0.0317798663149039,0.02939856539061312,0.16800266748306988,0.14939870013422907,0.013655521777384806,2.3395849403509903,0.1446899862687077,0.19670032954120753,-0.6990982383264348,0.06171372218709781,1.0,-0.12358437803279458,10.0,0.0,0.0,0.0,-0.9180743006615792,-0.806995842630664
83.683,1.8450316895572934,0.02605836357331995,0.00810614270037402,-0.7137123161510004,0.02914442820029888,2.117175913597358,0.12676226725866138,0.009900298970975996,-0.7072909248505086,0.0317798663149039,0.02939856539061312,0.16800266748306988,0.14939870013422907,0.013655521777384806,nan,nan,nan,-0.6990023343194977,0.06329646671916933,1.0,-0.12676226725866138,10.0,0.0,0.0,0.0,-0.9327975660389272,-0.7986292528900181
83.703,1.7879404220305228,0.025746313421592892,0.010588966552820746,-0.7135945899491285,0.03247634511598169,2.0605606179788993,0.12612839854352645,0.013331950173224971,-0.7083976071901024,0.05026883034433097,0.029400431321469533,0.17186608466218914,0.15209648605798617,0.014141539152714176,2.505904251669657,0.9307929075662341,3.362599284585744,-0.6992341435452568,0.0633936646472284,1.0,-0.12540195995231843,10.0,0.0,0.0,0.0,-0.9125494118121819,-0.8119777058463783
83.751,1.6738043025371523,0.024745665287485077,0.015932921184088573,-0.7131040978250687,0.033095972528690176,1.992977073152132,0.19628223836141628,0.01933374459628423,-0.70423447004876,0.029984646083380896,0.029494967565985755,0.17027732851395583,0.1509708374645005,0.013982477989327183,nan,nan,nan,-0.6992341435452568,0.0633936646472284,1.0,-0.12540195995231843,10.0,0.0,0.0,0.0,-0.9125494118121819,-0.8119777058463783
83.801,1.6310228074301392,0.02422914042625934,0.018041491631885852,-0.713071756568648,0.03826436820465905,1.9647953617898024,0.19644713600639088,0.019673084887061876,-0.7051013571884394,0.017921450024793784,0.029587409789853438,0.17220750211007238,0.15229355526368576,0.013656949763612262,nan,nan,nan,-0.6978258021378352,0.09817036233866139,1.0,-0.19628223836141628,10.0,0.0,0.0,0.0,-0.9724819614599529,-0.7578707646980609
83.851,1.6025031242000083,0.023841912542588543,0.01970119110149957,-0.7130161799856262,0.043410456739787884,1.922475190286093,0.19558948276136323,0.022065182478802292,-0.7061609834808624,0.06610734088993393,0.029591559590192808,0.175094514740442,0.1542842814572243,0.013959972205640108,nan,nan,nan,-0.6977988325476179,0.10138950814837822,1.0,-0.19558948276136323,10.0,0.0,0.0,0.0,-0.9561870856916755,-0.7674178853317989
83.903,1.5597328749292325,0.02318776705855932,0.02247014764646519,-0.7128119385778448,0.047323491655907116,1.894163616409788,0.20001093387168578,0.016463311538903454,-0.7066702543245015,0.046779556984954285,0.030222736674018476,0.1770116205262549,0.1555782849475249,0.013637193773414399,nan,nan,nan,-0.6972456255882649,0.10520342386827153,1.0,-0.20001093387168578,10.0,0.0,0.0,0.0,-0.9756078955995844,-0.7422417070130538
83.95,1.5312300767256632,0.022697301720300524,0.024441316992114052,-0.712554141879848,0.05068452620557419,1.8570233338849582,0.14764434706323884,0.01921723671206932,-0.7067618214275746,0.031043303882474872,0.030201468874896154,0.16959636849195553,0.15047798962352898,0.013938667697714102,1.928321788933547,-0.3807463250208106,1.2364757560321733,-0.6972456255882649,0.10520342386827153,1.0,-0.20001093387168578,10.0,0.0,0.0,0.0,-0.9756078955995844,-0.7422417070130538
84.0,1.4884917350102875,0.021873340340429842,0.027551491116286547,-0.712399100996078,0.051368066095659935,1.8287077369162643,0.1503772189268834,0.015662829867873818,-0.7073064059527764,0.033219062919317886,0.030634299921011795,0.1715274504463091,0.15180522375022998,0.013618490204483531,nan,nan,nan,-0.6987352606221107,0.07933902763838718,1.0,-0.14764434706323884,10.0,0.0,0.0,0.0,-0.9439962811182557,-0.7832948363496292
84.05000000000001,1.460003553085029,0.021258737994189373,0.029596558348533898,-0.712310031476246,0.0511229147044117,1.7862617132519398,0.14965275464165345,0.01940743591736993,-0.7079257506968867,0.053836011527309,0.030636699015622295,0.17441663248616443,0.153802095862503,0.013919579607849657,nan,nan,nan,-0.6984581748327232,0.08204681041994988,1.0,-0.1503772189268834,10.0,0.0,0.0,0.0,-0.9508717852543475,-0.7724605390323999
84.101,1.4172825839081127,0.02023638143338435,0.03262746124699797,-0.7121151230905057,0.049785630810435445,1.7579895696130268,0.14610807318132363,0.02664141943938869,-0.7082157399890573,0.06913559401376719,0.03026275645168068,0.17633549336545762,0.15510038253920383,0.013675826861624845,nan,nan,nan,-0.6985589440000166,0.08358466174581691,1.0,-0.14965275464165345,10.0,0.0,0.0,0.0,-0.9388148871576085,-0.7828756917346567
84.15100000000001,1.3888098392326695,0.0194859542507169,0.03455870952193586,-0.7120083339800336,0.047185627595386546,1.7334361860133678,0.14308928046570454,0.029307440281573616,-0.7067997515877519,0.041733276533256064,0.030258506131208115,0.16886257876996533,0.1499536686549091,0.013976485797474576,1.8884194923094473,0.12402726759658776,0.09110416113600221,-0.6988917325959526,0.08292031600780003,1.0,-0.14610807318132363,10.0,0.0,0.0,0.0,-0.9215915034731565,-0.8010241728537939
84.20100000000001,1.3603414461197698,0.018680156349242475,0.036387580997200866,-0.7119787911741211,0.04504063832506485,1.7051786046606923,0.14176992531516563,0.03204736244822426,-0.707341304255127,0.06917525754288414,0.0301973191521346,0.170792489167434,0.15128588316960226,0.013651764313245449,nan,nan,nan,-0.6990151344300922,0.082359883324723,1.0,-0.14308928046570454,10.0,0.0,0.0,0.0,-0.930326687505327,-0.79698633904691
84.251,1.3176412217355493,0.01736982838190949,0.03898684731472292,-0.7119806516829389,0.04171594943994312,1.6627480721639527,0.14035517421206567,0.0356345951367949,-0.7080009816517832,0.05270858886619697,0.030196146742097592,0.17368118238765837,0.15328978990017644,0.014035925565258137,nan,nan,nan,-0.6990933172412311,0.08295003030473991,1.0,-0.14176992531516563,10.0,0.0,0.0,0.0,-0.9156268906557042,-0.8101804258863258
84.30000000000001,1.2891774433643926,0.016429893146998453,0.04059916436903098,-0.7119461069689207,0.03959207813846317,1.6344741244624659,0.137585255184479,0.04033637601730122,-0.7083404866092707,0.04067287882977173,0.02997318078412493,0.17560047804461162,0.15459292922631565,0.013704003140944549,nan,nan,nan,-0.6991742470899103,0.08421193584717424,1.0,-0.14035517421206567,10.0,0.0,0.0,0.0,-0.918033290931448,-0.8059036992520249
84.351,1.246489173702898,0.01492524422095717,0.042876128324565284,-0.7118576027026674,0.03653804331397904,1.5920011202596012,0.13582403082226055,0.04323016558857962,-0.7087712251902095,0.037194700199233904,0.0299732417432763,0.17846634053560412,0.1565564134553761,0.014006106714829126,1.148609107014753,0.17548026695030292,0.7033070459666929,-0.6993862047035249,0.08511043774509819,1.0,-0.13582403082226055,10.0,0.0,0.0,0.0,-0.9137187329199743,-0.8084219715890375
84.4,1.2180359226465074,0.013861319648460907,0.04429165508824874,-0.7117823896976521,0.034885027901543894,1.5134059759357041,0.13653749083320563,0.04673472243231336,-0.7138225656122327,0.028622526270249787,0.02978591174477052,0.17000796486438013,0.1507416779510559,0.013675911526482797,nan,nan,nan,-0.6993862047035249,0.08511043774509819,1.0,-0.13582403082226055,10.0,0.0,0.0,0.0,-0.9137187329199743,-0.8084219715890375
84.45,1.1753712654186577,0.012179777229730678,0.04633988358389862,-0.7113730781092962,0.0338708034683045,1.4706372985358573,0.13450639784276713,0.04915304479975858,-0.7130146516797404,0.038559237496752365,0.029787078853727684,0.17289381909432466,0.15275370592175277,0.013978621193847416,nan,nan,nan,-0.6993456965570639,0.0899750937805468,1.0,-0.13653749083320563,10.0,0.0,0.0,0.0,-0.9113273444468297,-0.7946601426840787
84.5,1.1469509490063108,0.011005350551246003,0.04768546033621612,-0.7109536008274466,0.03338841749245799,1.4420983770708893,0.1356115210569861,0.046583818237214906,-0.7124621292134011,0.042119429539991975,0.03010909846447316,0.17481161769208958,0.15406223325210142,0.01365364842566129,nan,nan,nan,-0.699381087973633,0.09120754178221624,1.0,-0.13450639784276713,10.0,0.0,0.0,0.0,-0.9067754384539987,-0.8011946837999525
84.552,1.104350953470981,0.009166153009221852,0.04966564665013286,-0.7104417602486238,0.032994226992929095,1.399414972066325,0.1335613392386747,0.04950362488925464,-0.7117301263941443,0.031966878552099225,0.030107561567618544,0.17767584970971767,0.15603318438743322,0.013956867284032145,0.8605307393768588,-0.41345722180192773,2.120886181016206,-0.6992211244046626,0.09376190267776963,1.0,-0.1356115210569861,10.0,0.0,0.0,0.0,-0.9132267392859389,-0.7946515950477878
84.60000000000001,1.075968663645359,0.00788996722732867,0.05099099241429537,-0.7101674854161815,0.03325685751925617,1.3101054401529102,0.08067468352566645,0.05556445095467755,-0.7173871666272462,0.01924250991515414,0.029734908457503012,0.1693465591403838,0.15029148135472503,0.013632674603267551,nan,nan,nan,-0.6992707857518468,0.0951526239799323,1.0,-0.1335613392386747,10.0,0.0,0.0,0.0,-0.9161776710512145,-0.7936112520814737
84.65,1.0334222351735771,0.005900139624412839,0.05289424617762715,-0.7095664201766493,0.028777930595981112,1.2671616863729829,0.07826064275958734,0.05789419480755198,-0.7156926369123642,0.033893421127079396,0.029737043131369708,0.17223176033459844,0.1523104385566462,0.013933526290692215,nan,nan,nan,-0.699987664648815,0.06150111365688504,1.0,-0.08067468352566645,10.0,0.0,0.0,0.0,-0.855244905986118,-0.8415766346452094
84.70100000000001,0.9909214750041802,0.003820403481085307,0.05434156739671748,-0.7089554365317479,0.02082755255544377,1.2385890850570254,0.07671727817802639,0.05956204522517705,-0.7147062183299394,0.044700510778851024,0.029755306552194456,0.1741491665454102,0.15362365263678096,0.01368779954946722,nan,nan,nan,-0.6999949777691414,0.06168223495816205,1.0,-0.07826064275958734,10.0,0.0,0.0,0.0,-0.8429313417683569,-0.8604840673039419
84.751,0.9626062787385122,0.002388800449137508,0.05504772503044868,-0.7086780973406337,0.015800301684740316,1.1958097672017587,0.07415218376404516,0.05971822131376614,-0.713461199791329,-0.008333212697529341,0.02974917251988224,0.177012988557798,0.1556013855982486,0.01399032715516409,nan,nan,nan,-0.6999981514353487,0.061860221809755256,1.0,-0.07671727817802639,10.0,0.0,0.0,0.0,-0.8429313417683569,-0.8604840673039419
84.80000000000001,0.9343021196268817,0.0009260942257973163,0.05559315322282494,-0.7084777464310971,0.01288805689211699,1.0573876241939828,0.06753263419987299,0.05378793293843387,-0.7239392390404378,-0.020914716235882275,0.030231673673442587,0.16862198831700498,0.14980553108996075,0.01366203266007059,0.20739435171704257,-0.01521690061213841,3.397336976948641,-0.6999982867003637,0.06193071850355025,1.0,-0.07415218376404516,10.0,0.0,0.0,0.0,-0.8655587894338774,-0.8409194494008425
84.851,0.8918705633545644,-0.0013160675181202925,0.056321183916299054,-0.7077059942928733,0.012271295841637692,1.0140728121958755,0.06520212241260273,0.05486943071062456,-0.7206771375024595,0.03164678072430613,0.030237819193999108,0.17150350382477575,0.15183146362868774,0.014104315569305493,nan,nan,nan,-0.6999650501591478,0.06378080635435168,1.0,-0.06753263419987299,10.0,0.0,0.0,0.0,-0.8658825029382253,-0.8077369026619476
84.9,0.8636256283041429,-0.002835656095615213,0.056812572877538534,-0.7068527966644873,0.011820421214953365,0.9853234670622028,0.06320964682826656,0.05596234060873728,-0.7187267508049958,0.01699742328446793,0.030182813449074166,0.17341887522699792,0.15314917334218867,0.013709518796301431,nan,nan,nan,-0.6999694712749707,0.06420889336531088,1.0,-0.06520212241260273,10.0,0.0,0.0,0.0,-0.8483149774811659,-0.8340854124301865
84.95,0.8250766342997379,-0.00527122745908203,0.05719008847603273,-0.5214549446861779,-0.0026184534342416762,0.944869821231807,0.06093749878049472,0.05594244793199143,-0.46684259786329985,-0.017083098511624942,0.03018076180254689,0.17628030868858025,0.1551310676699227,0.014094412436324972,nan,nan,nan,0.9961693648819374,-0.03159430673372269,0.0,0.06320964682826656,0.0,0.0,10.0,0.0,4.206142387181369,3.9405275417193555
85.0,0.8099111226438371,-0.006178252627452455,0.05695208161377192,-0.300147908487407,-0.014211856625679259,0.9284096999041168,0.05962534311498809,0.056731737317741615,-0.25323969455597645,-0.004089624238242792,0.03013454722892195,0.17818964576759655,0.15641116117268478,0.013755331942836924,0.40345302856806375,-0.2295589091657466,1.2818794282581645,0.9962696882328952,-0.030459326137943395,0.0,0.06093749878049472,0.0,0.0,10.0,0.0,3.566979722465378,3.319568340114662
85.051,0.8021995921019481,-0.006449199707536981,0.05587654265074873,-0.013335911423782761,-0.027260039339260182,0.8593794342091688,0.03290789606648779,0.0548473991844789,0.024674735984834745,-0.04409295753845314,0.030123547511167508,0.17080596494235292,0.15128438371269562,0.01405442711536059,nan,nan,nan,0.9962581325261736,-0.029803843809684122,0.0,0.05962534311498809,0.0,0.0,10.0,0.0,3.566979722465378,3.319568340114662
85.101,0.8100612890204292,-0.005805915605726818,0.054103548870334195,0.22758834871444492,-0.03287392872780382,0.8618606064953975,0.035280164158292174,0.05075729432279186,0.18143987831294806,-0.02620811175582276,0.03045526019438729,0.1728493414115271,0.1525865709409504,0.013717305417590427,nan,nan,nan,0.9974592414361443,-0.01645246340208667,0.0,0.03290789606648779,0.0,0.0,10.0,0.0,3.140726166993774,2.9703116082799412
85.15,0.8225960664405241,-0.005015591338311046,0.052732198160821295,0.363928035055659,-0.035567791821522796,0.8771487073296366,0.03604596311592614,0.04887060741458482,0.3931345203410719,-0.037016297893103886,0.03045490920420349,0.17602988964958388,0.15453444695600926,0.014238973039591773,nan,nan,nan,0.9976619362313442,-0.017638252717893432,0.0,0.035280164158292174,0.0,0.0,10.0,0.0,2.9299332379479055,2.7532397937752022
85.2,0.8402286434254411,-0.003997662135712832,0.05123031684558295,0.4843275360825333,-0.038220380346359016,0.8940017386073446,0.03657176673839786,0.04770521235430891,0.5048370141624583,-0.0344142231931413,0.03040722188439483,0.17820550908746086,0.15580437639180258,0.013830118567350287,1.365652642191377,-0.30535537549328057,1.2169214096025425,0.9977635884766188,-0.018021030482671563,0.0,0.03604596311592614,0.0,0.0,10.0,0.0,2.6216684656039524,2.4574643813923887
85.251,0.8744683334684676,-0.0021542848080838336,0.04878408093945974,0.628754117665798,-0.04202356087722956,0.9805141124797457,0.0083082297342974,0.045443495489845276,0.6536228479397763,-0.05163780358286624,0.03039746203797257,0.17118477766248916,0.15073911297596224,0.014128302668591037,nan,nan,nan,0.9978235120855037,-0.018283845672866957,0.0,0.03657176673839786,0.0,0.0,10.0,0.0,2.4666957226836295,2.302457827742064
85.30000000000001,0.916225727604998,-3.803919550698704e-05,0.04620703478778636,0.74000041304171,-0.042380713428018746,1.0073795068979805,0.009225749236527041,0.043944725930105115,0.7256112323522087,-0.053436374188713755,0.0303302590906454,0.1734100179184097,0.15204392973991213,0.013782049350474317,nan,nan,nan,0.9987702918216262,-0.004154090971999185,0.0,0.0083082297342974,0.0,0.0,10.0,0.0,2.224700900570172,2.122920308771764
85.35000000000001,0.9472729528178294,0.0014719607516258384,0.04454803920574352,0.7978369826901192,-0.041155086827425615,1.0527896995564723,0.011165920484545094,0.0403626882309136,0.8154749085417491,-0.0551361909671243,0.030329085856345833,0.17672176923516816,0.15399030656611368,0.014165134818792443,nan,nan,nan,0.9988213129265486,-0.004612841900157793,0.0,0.009225749236527041,0.0,0.0,10.0,0.0,2.121715869156025,2.024008614058736
85.402,0.997614382354014,0.0038282159497241273,0.042122085564364926,0.8662753886193373,-0.03994954976899713,1.0858735801436317,0.01127859616902015,0.04419853100503789,0.8594270850899313,-0.016169752879937844,0.029939532754877,0.17889304655892294,0.1552718038352439,0.013817178008873766,1.2616242337910988,-0.22381210543572017,nan,0.9987583554070465,-0.005639238305927579,0.0,0.01127859616902015,0.0,0.0,10.0,0.0,1.9461163061129738,1.8137973159287644
85.45,1.033122776168615,0.0054297553823991485,0.04050182615486761,0.9010067556349834,-0.04122421703602258,1.1565795170852229,-0.007194689736537345,0.04097002284950157,0.9152092898305587,-0.044306019484000383,0.029934172125798728,0.1714517287861638,0.15017293744877194,0.014116296380528378,nan,nan,0.2921377535033753,0.9987583554070465,-0.005639238305927579,0.0,0.01127859616902015,0.0,0.0,10.0,0.0,1.9461163061129738,1.8137973159287644
85.5,1.0698643500550342,0.007037985567967371,0.03884669425000008,0.929149225044072,-0.04092486519046681,1.1934182361826795,-0.005625173195474506,0.03830833423227942,0.9406619236812863,-0.03868156150632552,0.029987542195657493,0.17353492420101424,0.15149313823017152,0.01377430859929474,nan,nan,nan,0.9993017221707818,0.0035973293507742927,0.0,-0.007194689736537345,0.0,0.0,10.0,0.0,1.8369524658836234,1.7641639894843903
85.551,1.1267468312665385,0.009434081841397539,0.03647670770839263,0.9614684142813452,-0.03863972359714522,1.2504789769622071,-0.0034948498580893617,0.0361246115464633,0.9714151314913297,-0.020495508329362023,0.02998939445476944,0.17657675621105084,0.15345669596717998,0.014074540036084012,nan,nan,nan,0.999370091828509,0.002812579181315947,0.0,-0.005625173195474506,0.0,0.0,10.0,0.0,1.8001264614291779,1.7281142764405868
85.60300000000001,1.1852488784868949,0.011782832645039458,0.034200527664837985,0.9847826677813725,-0.03768499604379195,1.289460588659758,-0.0021169998425509392,0.03518079048160993,0.98597517978339,-0.05695346401836655,0.029914187666837597,0.17854666386126367,0.1547539831508532,0.013737656527853801,nan,nan,nan,0.999409162649624,0.0017474231504641623,0.0,-0.0034948498580893617,0.0,0.0,10.0,0.0,1.760621193312319,1.6770720938630896
85.653,1.2249174215415375,0.01330911129270689,0.03272144437389793,0.9966451124725936,-0.03628446680668323,1.3862898919403885,-0.007915543041040772,0.03410049900911982,1.0070786848755082,-0.014583376990410915,0.02992013182875964,0.17070720200886763,0.14962702952586288,0.014038664871075825,1.6530568776700625,-0.09325208565832557,0.40307132132833334,0.9994178911138629,0.0010584995259535063,0.0,-0.0021169998425509392,0.0,0.0,10.0,0.0,1.7243571752950893,1.6703979098085358
85.7,1.2650025077727927,0.014798288766802817,0.03130488959779317,1.006041261779984,-0.03511720043461699,1.4266262745538087,-0.006535307604187967,0.03332239188952535,1.0145305873569255,-0.022640194925952723,0.02990323638854132,0.17259370535864493,0.15096166135357605,0.013706162943655684,nan,nan,nan,0.999545741762811,0.003957750855929061,0.0,-0.007915543041040772,0.0,0.0,10.0,0.0,1.7041542985229268,1.6279361643398742
85.75,1.3257039303901184,0.016950126122212722,0.029209044000576334,1.0163288965877793,-0.03464796245257882,1.4876571296011716,-0.004547174228510618,0.031041145834504125,1.0233925391446075,-0.029566839882547612,0.02990208371858028,0.17535578580151043,0.15294557101653122,0.014007867207366178,nan,nan,nan,0.9995483900057331,0.003267642171977156,0.0,-0.006535307604187967,0.0,0.0,10.0,0.0,1.6894080293606581,1.6195987973357906
85.802,1.3869223854433739,0.0189955018823026,0.027160101356402247,1.0237181087251384,-0.03363923894617295,1.5285767570526112,-0.0022691390454651337,0.035402711131025555,1.0274984106387481,-0.035828704747294084,0.029410980021728574,0.17715373621788777,0.15425527872830666,0.013679126016506959,nan,nan,nan,0.9995862422056747,0.002273583196726527,0.0,-0.004547174228510618,0.0,0.0,10.0,0.0,1.6711137195102483,1.6104196890635913
85.851,1.4279455040560107,0.020296504592325317,0.025817675708691243,1.0273939598685438,-0.033539197139548005,1.590293879724214,-0.00011866724088324383,0.033348701369114504,1.032311338845434,-0.043158284002896605,0.029409754967636738,0.1797893860566951,0.1562043437021774,0.013981451871397686,0.81922500373793,-0.15834981012632676,2.1961654239273947,0.9994129046744902,0.001134569035908826,0.0,-0.0022691390454651337,0.0,0.0,10.0,0.0,1.6573346730124567,1.596948103583359
85.9,1.4897152900953627,0.022150472854587155,0.023814310056433693,1.0315471418969644,-0.03312048468546675,1.542922049889466,-0.015346621228018702,0.024168593625537582,1.0280205748713493,-0.03765786125053947,0.029998765883632036,0.17093913625340712,0.15044212193066167,0.013655720407020018,nan,nan,nan,0.9994459601650275,5.933362037199434e-05,0.0,-0.00011866724088324383,0.0,0.0,10.0,0.0,1.6573346730124567,1.5932728074307454
85.95100000000001,1.5310238979319313,0.023320653917678378,0.022538336733981066,1.034061018345411,-0.03081696048808317,1.60467331170227,-0.013905986428724574,0.0215780250156703,1.0323608094600678,-0.04425155787283623,0.029996901407110352,0.17353205299392077,0.1524444345831331,0.013958601190650854,nan,nan,nan,0.99986395341995,0.007673160018598,0.0,-0.015346621228018702,0.0,0.0,10.0,0.0,1.6418303330617952,1.6235849773675373
86.00200000000001,1.5931545193684682,0.024980788330567435,0.020835681936366854,1.0369735357161411,-0.02659627667353743,1.6459351888003153,-0.011601690711574218,0.02461632180773865,1.0345479819652426,-0.025352536706637653,0.029637897646606202,0.17523432064772124,0.15376252700433415,0.013635891485614428,nan,nan,nan,0.9998930544900566,0.006952881172178537,0.0,-0.013905986428724574,0.0,0.0,10.0,0.0,1.6292548969386906,1.6217491163941784
86.05000000000001,1.6346568098994108,0.026024429210614833,0.019808130294359155,1.0383491729513372,-0.02535856308150633,1.7080451227220057,-0.010087951292326147,0.023188042222236138,1.0370888324552319,-0.04739522096085662,0.029635034260491515,0.17774981268521153,0.1557284446301499,0.013939272756529677,1.5326025373884606,0.4996379364075736,1.0573378947457486,0.9998229929208863,0.0058007802913255,0.0,-0.011601690711574218,0.0,0.0,10.0,0.0,1.6387650697557459,1.6033807238443472
86.104,1.6969955300957968,0.027497947928776693,0.018353277699410833,1.039786951455246,-0.023180136669667405,1.7302224656227718,0.03692960755133818,0.026626613202681334,1.0370739546630534,0.011897617284555876,0.029378065167632486,0.16917466656417146,0.15003507929953244,0.013618338922712385,nan,nan,nan,0.9998354001636421,0.005043932871060579,0.0,-0.010087951292326147,0.0,0.0,10.0,0.0,1.6243385815433076,1.6084212384374847
86.15100000000001,1.7385930345742242,0.028420181840454035,0.01735516956486374,1.0403650019498158,-0.026995897071950166,1.7924567979263855,0.03857915427450802,0.02608238987147704,1.0384817725679643,-0.022276246312972352,0.02937499008328194,0.17169110510012142,0.1520527362452242,0.013919305401915261,nan,nan,nan,0.9989836488693478,-0.01846270568619557,0.0,0.03692960755133818,0.0,0.0,10.0,0.0,1.6843630374852314,1.5397249019810852
86.2,1.7802091913961005,0.029293034314998738,0.016164073331691387,1.0407260118541426,-0.031051155986123437,1.8339791833065933,0.03995212110184273,0.025894011570688935,1.0390445493675575,-0.023334530250266036,0.029320588158673427,0.17335206860819263,0.15337628329864364,0.013675154940135804,nan,nan,nan,0.9989709773586618,-0.019287185199220375,0.0,0.03857915427450802,0.0,0.0,10.0,0.0,1.6681905673319368,1.5495970584096457
86.25,1.8426535580258367,0.030510565964909225,0.014153418488373802,1.0410127498581372,-0.03513476194715373,1.896315983545096,0.041520356875341974,0.023996503402046617,1.0396578524986073,-0.027743338932637085,0.029320396808968183,0.1758182563844715,0.1553562060121491,0.013977787778812208,nan,nan,nan,0.9989482744966975,-0.01997340408457453,0.0,0.03995212110184273,0.0,0.0,10.0,0.0,1.6668060154320643,1.5471069377493571
86.30000000000001,1.8842905150527531,0.03125881202665374,0.012693248150182097,1.0410851985384446,-0.03720512728994882,1.982287291040583,0.027414477053314953,0.016842043729530243,1.0426559579367511,-0.03089350950617858,0.029803662357392475,0.1673790711268103,0.14960148561562844,0.013651712546173516,2.3170321176482016,-0.10052745776869793,0.6432307363304854,0.9989987202987362,-0.020757196766770993,0.0,0.041520356875341974,0.0,0.0,10.0,0.0,1.6618609338713801,1.548582512592219
86.35000000000001,1.9467471214742729,0.03228154663782652,0.010414663966114816,1.04098574360261,-0.03768012919720695,2.044828349904186,0.0284209766448728,0.014280253103312823,1.0421699802378181,-0.04314685724073737,0.02980128888656241,0.16986559758904743,0.15163262303946182,0.013954864308366299,nan,nan,nan,0.9995334331846272,-0.013706380146439514,0.0,0.027414477053314953,0.0,0.0,10.0,0.0,1.6360085387131702,1.5675605985326257
86.40100000000001,2.009193556982634,0.03318089819960616,0.008223626275410765,1.0407716358949717,-0.03554760363962173,2.08655539170426,0.027180680377015185,0.009709684117715335,1.041893283940327,-0.014509751109368826,0.03007792707272309,0.1715120396170636,0.15296022753146615,0.013632718002372061,nan,nan,nan,0.9995941935248976,-0.01420953189255631,0.0,0.0284209766448728,0.0,0.0,10.0,0.0,1.628069250460135,1.5753150072575812
86.45,2.050819115470128,0.03371010349811287,0.006828332840109528,1.0406516552994245,-0.0345628746517234,2.149059108259616,0.02773227566307402,0.0067175494259008595,1.041538977290595,-0.05481554011780861,0.030072198265723066,0.17396327048045188,0.15495236034575632,0.013936337502599067,nan,nan,nan,0.9997285862047466,-0.013589503581293773,0.0,0.027180680377015185,0.0,0.0,10.0,0.0,1.6317530996146834,1.5714279715206252
86.5,2.0924403719530735,0.03418287172608673,0.0054885664421448115,1.0405244302277916,-0.03246600872198771,2.190703367842772,0.028613517777356802,0.006023111037959605,1.0413252876924093,-0.028664033174152535,0.02999022643894876,0.1755844458713385,0.15625157771277723,0.013616463176066788,2.3030121266276598,-0.402519756141571,0.7225452187159791,0.9997881816775013,-0.013865249254293483,0.0,0.02773227566307402,0.0,0.0,10.0,0.0,1.61138515765333,1.5912479998356648
86.551,2.1548644370581087,0.03478832538932592,0.003654291402849926,1.0403438793367157,-0.029688066481223192,2.2652401634359554,-0.00933637927888972,0.004234643292248652,1.0416310452723256,-0.011937168709352328,0.030007366906527572,0.16814561962033367,0.1511816288517025,0.013918815435780644,nan,nan,nan,0.9997933751518611,-0.014305782890092813,0.0,0.028613517777356802,0.0,0.0,10.0,0.0,1.6208695560802497,1.5803696180248052
86.60000000000001,2.1964747001220144,0.03512403923942949,0.002514874059893806,1.0402111911648584,-0.02725881421969577,2.3068718509890305,-0.00769314000082459,0.004631630430137257,1.0413366533889812,-0.024799904295767686,0.029806650140035588,0.1697907020097852,0.15251288929772774,0.013601085602123886,nan,nan,nan,0.9999999060334845,0.0046681557301672325,0.0,-0.00933637927888972,0.0,0.0,10.0,0.0,1.595741190736853,1.6041513153318603
86.65,2.258879992600704,0.03553213323107385,0.0010634894725305378,1.0399918820651473,-0.022048412312064277,2.3693427551971067,-0.007408941016081798,0.004506076456299191,1.0409218572224004,-0.0018953096729863077,0.02980912293019815,0.1722438178996836,0.15451625803668048,0.013905517014710536,nan,nan,nan,0.9999996918251829,0.003846551029168269,0.0,-0.00769314000082459,0.0,0.0,10.0,0.0,1.5918352166104242,1.6068719033638919
86.7,2.3004766041872236,0.03574391497464314,0.0002507961135003684,1.039850648971731,-0.01952908820746827,2.4109940727135672,-0.008192872361403702,0.0022727949184977447,1.0406694757371726,-0.0487637898592633,0.02992230983380402,0.17386843121925774,0.1558185119581063,0.013589438898416087,1.1765392387424742,-0.3490509605633627,5.859526251983722,0.9999996787003853,0.003704453562571862,0.0,-0.007408941016081798,0.0,0.0,10.0,0.0,1.6006249651007813,1.5972803294488118
86.75,2.3628610006590307,0.03597860835326683,-0.0007854671565067634,1.0396309102803527,-0.014957087518750661,2.3395655563178903,-0.03898850504165441,0.0013365113247751916,1.033243503729855,-0.02495851045765857,0.029937039485808413,0.16671041299527814,0.15081450627767273,0.013892102863182498,nan,nan,nan,0.99999833720852,0.004096413267121633,0.0,-0.008192872361403702,0.0,0.0,10.0,0.0,1.5772870208708267,1.6193311292784183
86.80000000000001,2.4252462778280024,0.03612650796357344,-0.0014472890757838194,1.0399337344442976,-0.00798482365208387,2.3808637663423684,-0.03616209421794911,0.005496226709898799,1.034436082916323,0.004986625768249702,0.02960325754740138,0.1683628835874527,0.15214820824932196,0.013574745837332569,nan,nan,nan,0.9998351975703541,0.01949178364357998,0.0,-0.03898850504165441,0.0,0.0,10.0,0.0,1.5718720942760038,1.6440484937960433
86.85000000000001,2.466849632974037,0.0361843662554468,-0.0017017015650945592,1.040132381953623,-0.005616942361253728,2.4429592895311467,-0.03581691280521069,0.005758366210402155,1.0358267021351117,0.007322186071506518,0.029603169890809213,0.1708292437888315,0.15416035854537846,0.013963351428401355,nan,nan,nan,0.9999208369822933,0.018079077117706708,0.0,-0.03616209421794911,0.0,0.0,10.0,0.0,1.5898366542074707,1.6214655075178699
86.90400000000001,2.5292633415773405,0.03621989586229207,-0.001946492037101216,1.0402217231857647,-0.003082067234209695,2.484412561323852,-0.03660347856343479,0.004501277022315175,1.0364211356250488,0.02519897126315817,0.029719184422962033,0.17246378927152717,0.15546467922562612,0.013640365816484179,nan,nan,nan,0.9999048033234236,0.018299696280764652,0.0,-0.03660347856343479,0.0,0.0,10.0,0.0,1.591116374684381,1.610481524104063
86.95,2.570871352258675,0.03621560834316003,-0.002041164448994508,1.0401511280060673,-0.002018928423022151,2.476043720005203,0.060928431986136386,0.005692950521108297,1.0330175210854873,0.03984356078855474,0.029674028575300774,0.1653900755507914,0.15040057146551256,0.013941521051128298,1.8435012930173,1.0618762498726004,5.9633121877689055,0.9999048033234236,0.018299696280764652,0.0,-0.03660347856343479,0.0,0.0,10.0,0.0,1.591116374684381,1.610481524104063
87.0,2.6124771088775294,0.03619138339550288,-0.0022014862719206075,1.0401348028809765,-0.0068042989681364185,2.5173627200691566,0.06198756514944231,0.006847600752171612,1.03398156719346,-0.02170778470869994,0.02957542781453203,0.16705102882373843,0.15173729666288743,0.013621173239206653,nan,nan,nan,0.9993467413134487,-0.030454796944791064,0.0,0.060928431986136386,0.0,0.0,10.0,0.0,1.6496377416907169,1.5315555214296979
87.05300000000001,2.6748848235078686,0.036117318267234216,-0.00294124743447604,1.0400603468044665,-0.015159719100031924,2.579412092824718,0.062402851667540914,0.0060775323060568995,1.0347941335702902,-0.019520642707876974,0.029576490549830328,0.1695310056848557,0.1537581135304721,0.013925334637492409,nan,nan,nan,0.9992844754854584,-0.030983863931303895,0.0,0.06198756514944231,0.0,0.0,10.0,0.0,1.6496377416907169,1.5508988519406175
87.10000000000001,2.73728193165041,0.03599970146068616,-0.004034302361093981,1.0398277402870701,-0.020240873614353127,2.6208146901239306,0.06214461392827833,0.004812864163020513,1.0352988050555392,-0.02588742685107176,0.029630274912528544,0.17117507298070986,0.15506501639105974,0.0136069693325624,nan,nan,nan,0.9993055972048043,-0.031191306579918178,0.0,0.062402851667540914,0.0,0.0,10.0,0.0,1.6478333981121374,1.5486599837650212
87.15,2.7788700218768514,0.03589359870118457,-0.004906456681249577,1.0396035059294357,-0.022638645263729665,2.6745166770118485,0.13427208928163295,0.0035179321514431368,1.0353521623526798,-0.027501693721660753,0.029593870989168214,0.1641661768493546,0.1499455940893694,0.013908465631463899,2.5801278664498137,0.8690359112400919,2.39540378014581,0.9993565548554444,-0.03106231277053751,0.0,0.06214461392827833,0.0,0.0,10.0,0.0,1.6419237663569983,1.5516660134123537
87.2,2.8204458607284466,0.035761594156443505,-0.00591158653401502,1.0391774786320251,-0.02768866227879422,2.7159254211064656,0.13479400521829274,0.0033774703615980783,1.0352902627246598,-0.019000892777751698,0.02955385797485949,0.16583441338406882,0.1512858256423309,0.01359214400316816,nan,nan,nan,0.997512142372339,-0.06703545026470452,0.0,0.13427208928163295,0.0,0.0,10.0,0.0,1.685250223781008,1.4915437340609043
87.25,2.882766647495721,0.03550162306137334,-0.007945510660285184,1.038319492526814,-0.038124642923062245,2.778040475279708,0.13497027991527938,0.0015387200701808545,1.0351675701478604,-0.037928737256768194,0.02955286818418977,0.16832594631018077,0.15331511640844847,0.014036912550102185,nan,nan,nan,0.9975037237736615,-0.0672952327715444,0.0,0.13479400521829274,0.0,0.0,10.0,0.0,1.6882974422826975,1.4867256226251504
87.302,2.9450395496996085,0.035152526099487116,-0.010507650865623594,1.0375780762031916,-0.04546276409602532,2.8194680137872448,0.13288772734969756,-0.003747557454296668,1.0350715402718689,-0.041931761440592095,0.029767674912493748,0.16997804661309418,0.15462507834747496,0.01365325245350146,nan,nan,nan,0.9976258402801561,-0.06738297106009122,0.0,0.13497027991527938,0.0,0.0,10.0,0.0,1.678177761826299,1.4963120368492733
87.351,2.9865325680997077,0.034860679410231084,-0.012404227574895817,1.0371882634838625,-0.04837296161798042,2.881569460928467,0.1325922672834758,-0.007211151832845708,1.034994455370575,-0.06230102347311333,0.029765098406200896,0.17244055012582254,0.15661474890876462,0.013956783818124211,2.796452244759943,0.0987987879396175,0.030050488040357978,0.9980413357299411,-0.06634634336135217,0.0,0.13288772734969756,0.0,0.0,10.0,0.0,1.6682836594784063,1.5079630816590193
87.4,3.028011310851841,0.03451463828499237,-0.01438385419489441,1.0368564957307396,-0.04985620835185163,2.91388560544896,0.12911214590996287,-0.009167703035490415,1.0344442416563537,-0.04344253149357106,0.029780691090996306,0.16469193259662468,0.1507985057293211,0.013631640652527404,nan,nan,nan,0.9982607058999936,-0.06619926122190456,0.0,0.1325922672834758,0.0,0.0,10.0,0.0,1.6550888335089782,1.521305813775707
87.45,3.0902069440586355,0.03388197057929811,-0.017421866987244804,1.0364672182484167,-0.051267696090757785,2.9759507787964603,0.1284814767575495,-0.012356125758469894,1.0345483894398846,-0.052822832699927165,0.029779292673155915,0.1671933247275062,0.1528360508230474,0.013935631241223729,nan,nan,nan,0.9984714046126157,-0.06446661767550707,0.0,0.12911214590996287,0.0,0.0,10.0,0.0,1.658143038706051,1.5197878204898723
87.501,3.1523808571382994,0.03309853028538301,-0.020520869554482124,1.0361493053777733,-0.051702131372181284,3.0173194785560784,0.1296375501734448,-0.012155107676278476,1.0346035386113142,-0.05148406250936901,0.029611663105949218,0.16885256143058594,0.15414951312607744,0.013616056370994526,nan,nan,nan,0.9986588632640019,-0.06415258544209738,0.0,0.1284814767575495,0.0,0.0,10.0,0.0,1.649911126781014,1.5282304779283178
87.551,3.1938180320163516,0.0324863415850722,-0.02259645381052502,1.0359163805913025,-0.05202591202629384,3.079391280283613,0.12883222824163132,-0.015098976363614458,1.0346156397040984,-0.06513580187658266,0.029609840895796376,0.1713263741045374,0.1561469469302037,0.013920421523096993,3.6483717866889918,-0.3080986321183328,1.8552075956035643,0.9986183519370052,-0.06472822511914557,0.0,0.1296375501734448,0.0,0.0,10.0,0.0,1.649911126781014,1.5251228291976573
87.602,3.2559550285494296,0.03142595410959302,-0.02570682963142764,1.0355980659052706,-0.05143255319036345,3.2013480132102172,0.08995740487210785,-0.01724364570365511,1.0378504584672765,-0.046924697719935675,0.029550975388209628,0.16459631646804854,0.15107934585860894,0.013843327836522278,nan,nan,nan,0.9987885337937206,-0.0643272384440028,0.0,0.12883222824163132,0.0,0.0,10.0,0.0,1.6127787678404053,1.5351211235167836
87.65,3.297365669396239,0.030622503904507197,-0.027704903766484042,1.0352979708597976,-0.04879143757799529,3.242849624842823,0.08923414796994815,-0.018552388723867438,1.0372592152241626,-0.03906881552508623,0.02955166931103831,0.16626981586813172,0.1524399971825359,0.013985301414272762,nan,nan,nan,0.9995842317893076,-0.045117055906802726,0.0,0.09029538701623305,0.0,0.0,10.0,0.0,1.6127787678404053,1.555788288130098
87.7,3.3387628437698176,0.02974113771814961,-0.029587650189493036,1.0350267248050045,-0.04608886469242328,3.284326435572703,0.08919676944104335,-0.019250550542478262,1.0367756266589419,-0.03633112550108231,0.02947949803507899,0.16793626163710998,0.1537566119516335,0.013814761497416807,nan,nan,nan,0.9996611055519193,-0.044587503142098354,0.0,0.08923414796994815,0.0,0.0,10.0,0.0,1.6129780372754183,1.556830543689228
87.751,3.4008377647808667,0.028273025551026083,-0.03223501812946204,1.0346970771807193,-0.042840273984035324,3.3465086992532758,0.08800513464481038,-0.02086143646736272,1.0361583362919822,-0.038768246504464136,0.029479554183909004,0.17042058626714965,0.15576082539187006,0.014053480813076486,nan,nan,nan,0.9996795089517068,-0.04456885099261713,0.0,0.08919676944104335,0.0,0.0,10.0,0.0,1.612996065204498,1.5565556784988785
87.801,3.462890717610594,0.026633054351901192,-0.03470119543193035,1.034435066644042,-0.03983265008173788,3.4032008220872436,0.052726194587586726,-0.030305585874703226,1.036743315621417,-0.025560228320842187,0.030146893221772414,0.16299645950976374,0.1500621250347135,0.013729144643069683,3.4933630418027564,-0.2272994677698152,0.4398465371402242,0.9997329119565093,-0.043974200632419684,0.0,0.08800513464481038,0.0,0.0,10.0,0.0,1.6090573567791207,1.5609521480898028
87.85000000000001,3.504248468268252,0.02544840558818726,-0.03618560634992411,1.0342645969320272,-0.035024073699409235,3.465362086499495,0.050779768163104304,-0.032448327530280714,1.03610772641532,-0.004274392424676763,0.030148569362114894,0.16551882575589372,0.15211298436998014,0.014117600494415256,nan,nan,nan,0.9999922043144218,-0.026356992275206312,0.0,0.052726194587586726,0.0,0.0,10.0,0.0,1.5729696358173144,1.595521571810755
87.9,3.545597528722311,0.024194867170949985,-0.03746532238797824,1.0341087194528433,-0.03034790118741997,3.5067843346714223,0.05025137037931893,-0.033015000934734744,1.035738926169224,-0.03687501007746788,0.030064923964228822,0.16719179009807472,0.15343197117708574,0.013775969707127338,nan,nan,nan,0.9999750507821281,-0.025384430359949785,0.0,0.050779768163104304,0.0,0.0,10.0,0.0,1.5767571486845093,1.5916969656452231
87.95,3.607606323089884,0.022193214164074368,-0.03905454105238105,1.0338983871745628,-0.023417361993305456,3.568882513938462,0.04814028343572609,-0.03506050906023139,1.0352463184994773,-0.012068401364713703,0.030066310095756547,0.16968579968382624,0.15544195896058194,0.0141569421644037,nan,nan,nan,0.9999688377991732,-0.025120399909315885,0.0,0.05025137037931893,0.0,0.0,10.0,0.0,1.5620654694123262,1.605656838070791
88.001,3.6695984311421355,0.020060962509154266,-0.040241076455346206,1.0337056411147887,-0.017499616144788475,3.6101991367988115,0.03895260586513913,-0.044979383028008524,1.034956818080674,-0.029355915555470943,0.030764904841281145,0.1713369750969842,0.15673173438567356,0.013807531234192372,2.799647255540697,0.8231599922875925,4.592053093678941,0.999939555439789,-0.024065494813306002,0.0,0.04814028343572609,0.0,0.0,10.0,0.0,1.5670216336669869,1.6001789051622364
88.054,3.7109167798146325,0.01857662034955146,-0.04079906059178087,1.0335325399796766,-0.011599798185957282,3.5867787295066083,0.10626855395081417,-0.045314866663547004,1.029718712499041,0.010228660300690692,0.030731478937746665,0.16461002710387782,0.15161465293436308,0.014186465165064428,nan,nan,nan,0.9999698176563331,-0.05308435770185344,0.0,0.10626855395081417,0.0,0.0,10.0,0.0,1.6107852170888672,1.569988683907317
88.10000000000001,3.772889854313064,0.016268052552489618,-0.041403064980089097,1.0337215417070698,-0.010996463402275058,3.627912582520259,0.10279258107309928,-0.04736949254022482,1.030482228584211,0.0065100151701597804,0.030882320539646325,0.16628650089675304,0.15293782811635917,0.013836169125045554,nan,nan,nan,0.9999698176563331,-0.05308435770185344,0.0,0.10626855395081417,0.0,0.0,10.0,0.0,1.6107852170888672,1.569988683907317
88.15100000000001,3.814213122985953,0.014679960113888661,-0.04186936091763187,1.0338721444217693,-0.011906268053904375,3.6896902687648994,0.09984213479313178,-0.04835186203310338,1.0313563633731961,-0.0119396442735596,0.030880056883425076,0.16878754754118772,0.15495514346184255,0.014135565433250183,nan,nan,nan,0.9999920733862159,-0.05135110634772615,0.0,0.10279258107309928,0.0,0.0,10.0,0.0,1.6018173453231679,1.5753195438003833
88.2,3.876201703937149,0.01223622370865337,-0.042579069005776335,1.0339349444803523,-0.011386454482629949,3.7308499581021266,0.0948808677692926,-0.052992782121439756,1.031714010141492,-0.014911976923757866,0.031143597734318473,0.17044435715612502,0.15624897341989197,0.013791471929755375,3.6718709129679854,-0.22932160961727852,0.39549520196028715,0.9999988329174508,-0.04987965964811418,0.0,0.09984213479313178,0.0,0.0,10.0,0.0,1.5886962938636189,1.5843043904971315
88.251,3.917524838255455,0.010571193939078466,-0.04299158656590223,1.0338751896107892,-0.009537806368678067,3.7865176095170416,0.06271770219861615,-0.05391766579818036,1.0316794307821622,0.006918528359867644,0.031160935105293604,0.16386280836676903,0.15120202070983954,0.014087982031477255,nan,nan,nan,0.9999843877833768,-0.04740489213560961,0.0,0.0948808677692926,0.0,0.0,10.0,0.0,1.5754183989470356,1.5948073034030876
88.301,3.9795010968626445,0.008027876981806301,-0.04341885544892705,1.0337108562215838,-0.0049719728486044105,3.8276913333267175,0.05879535838531113,-0.055221540523346935,1.0318402625534286,0.022065809150544072,0.03132134423618244,0.16554537012797388,0.15252909141057716,0.013749667018740279,nan,nan,nan,0.9997453289474448,-0.031348577963409084,0.0,0.06271770219861615,0.0,0.0,10.0,0.0,1.5568633046109026,1.6099570892652255
88.35000000000001,4.020810049314847,0.006306860447311147,-0.04354009345993293,1.0335366198607805,-0.00193026468582198,3.8895101753273797,0.05536761575598564,-0.05602054843577119,1.0319755602130274,-0.011757916165693647,0.031316408599963826,0.16805549534438755,0.15455287753131888,0.0140507373681097,nan,nan,nan,0.9996663640291996,-0.029389214859122735,0.0,0.05879535838531113,0.0,0.0,10.0,0.0,1.5565367902173022,1.6075607869840853
88.4,4.0827579899732,0.0036965811865785326,-0.043464428912819215,1.0332370741468981,0.003916106769825687,3.930732502048558,0.05338349022721655,-0.05528359276381512,1.0319657014249872,0.013335107766806013,0.031289790630427104,0.16971832363963904,0.1558502682444729,0.01371695256480278,nan,nan,nan,0.9995983411217103,-0.027676738900736818,0.0,0.05536761575598564,0.0,0.0,10.0,0.0,1.537813936657172,1.6237148033847262
88.45200000000001,4.124045415173418,0.0019435919853782147,-0.04322870315919482,1.0330186263489738,0.006895079645158395,3.9976420236417134,0.09318671523049328,-0.05430356285355265,1.0320714994143008,0.006771722124885586,0.03126512151348948,0.16310670237036326,0.15074593549645368,0.014014721452721922,4.000799493844902,0.536383563397743,0.8626975853960938,0.9995910998118447,-0.02668540898389709,0.0,0.05338349022721655,0.0,0.0,10.0,0.0,1.5465030577157255,1.6133786098697298
88.504,4.185961421880186,-0.0006964837181610093,-0.042772121549551845,1.0327572200359414,0.0072229710596580735,4.038836834767697,0.08997536866064004,-0.05425033957819502,1.0320355411238586,0.03848356357475449,0.03135983215169108,0.16479316683020653,0.15207712225142206,0.013685296250320795,nan,nan,nan,0.9999568206788493,-0.044957371064681596,0.0,0.08997536866064004,0.0,0.0,10.0,0.0,1.5851885321996722,1.5742000423785443
88.55000000000001,4.22723043738554,-0.002459311268432575,-0.042518302960051435,1.0325869885684509,0.005701166525716216,4.100667903658312,0.08664505857050812,-0.053171745591623853,1.0319501584298654,0.00814360328713637,0.03135676076709545,0.16730984478004843,0.15410716645091715,0.013987704747311897,nan,nan,nan,0.9999568206788493,-0.044957371064681596,0.0,0.08997536866064004,0.0,0.0,10.0,0.0,1.5851885321996722,1.5742000423785443
88.602,4.289120986914174,-0.005100840494400469,-0.04221433212830872,1.0323231092790421,0.0050741794768115935,4.142059846998953,0.09011048778192735,-0.0453527946429646,1.0318556335737772,0.04967513505180884,0.03085997950699438,0.16897746939098102,0.15540819061353048,0.0136615687862398,nan,nan,nan,0.9999512298542161,-0.04329545659116872,0.0,0.08664505857050812,0.0,0.0,10.0,0.0,1.571433923951349,1.5865661267111464
88.65,4.330372713818537,-0.006857888077469233,-0.042054881901621426,1.032148317377914,0.002798887856074425,4.192809002310033,0.048519080883327736,-0.045470664787270465,1.0311452756103263,0.01033464879765611,0.030876870486535823,0.16233754010888496,0.15025106467934496,0.013957465708068205,4.0759437525123765,-0.3455334362582052,0.7267059984141591,0.9999999462077777,-0.0450247939636528,0.0,0.09011048778192735,0.0,0.0,10.0,0.0,1.601907587271241,1.555172979662663
88.7,4.392237512925325,-0.009486012406279689,-0.04190035474831217,1.0318860479288767,0.0039042489752612575,4.23385808431876,0.04184484618304193,-0.05039852913914177,1.0310985280253468,0.014666251298127172,0.03132477603883742,0.16402708509930788,0.1515864337149208,0.013708326705584124,nan,nan,nan,0.9997749516217078,-0.024254783003682653,0.0,0.048519080883327736,0.0,0.0,10.0,0.0,1.5541148428521994,1.601728426377607
88.75,4.433471415619146,-0.01122999659046127,-0.04166975905960231,1.0316698973852088,0.0069864390398713715,4.2956429760123,0.038719593609896304,-0.05021700700196341,1.030962713145044,0.018589653581031516,0.03132457216791027,0.16654938499368863,0.15362264149912666,0.01409007831214814,nan,nan,nan,0.9995655210826981,-0.020919370978304905,0.0,0.04184484618304193,0.0,0.0,10.0,0.0,1.5417493856687312,1.6109823079071173
88.802,4.495305955874521,-0.013831082700500132,-0.04109771489094376,1.0313321981223482,0.011235797849431208,4.3368547219787335,0.037428127721469195,-0.048527508236860584,1.0308247873790035,0.026783983164206392,0.03125670238889242,0.16822126262090287,0.15492768916748328,0.013751447931387342,nan,nan,nan,0.9995238794556934,-0.019357378653594576,0.0,0.038719593609896304,0.0,0.0,10.0,0.0,1.5403449660478974,1.6108891733060404
88.85000000000001,4.5365189645178585,-0.01555267066831669,-0.040594145110737445,1.0311321940464144,0.013268364856341761,4.327396996981428,0.078416996543951,-0.04686838064555898,1.0259289729352958,0.02155457302251996,0.031233438061288747,0.16170228232725878,0.1498386755251141,0.014045364679769074,3.69233606171238,0.5267865868555062,2.564964358462979,0.9995555470733624,-0.0187118796636565,0.0,0.037428127721469195,0.0,0.0,10.0,0.0,1.5445914183607752,1.6057463189126164
88.9,4.57772811109909,-0.017262705575552803,-0.04005481324591147,1.0311635971659492,0.012933307040331372,4.368381451231594,0.07601345184408775,-0.047538789961625305,1.026834389800904,-0.010458623546363979,0.031274901753682284,0.1633969633819231,0.15117745109547187,0.013785078532361078,nan,nan,nan,0.9999705092852834,-0.03918842495974055,0.0,0.078416996543951,0.0,0.0,10.0,0.0,1.584019176110044,1.583027385669935
88.95100000000001,4.639555518018185,-0.019803189681160363,-0.03933593878389327,1.0313767568641743,0.011928727320987185,4.429945748580148,0.07310561408353303,-0.04718126538947942,1.0278744512497042,-0.011922390763582293,0.031274734248245485,0.16592776856729358,0.15321865713511498,0.014085197936749762,nan,nan,nan,0.999954395767672,-0.03798844138614268,0.0,0.07601345184408775,0.0,0.0,10.0,0.0,1.5662659783954715,1.5965914273652173
89.0,4.680778162800543,-0.021477173283999656,-0.038851363396580275,1.0313921318297141,0.012272975365551792,4.47101588402875,0.07106729371401978,-0.04767097738837434,1.0283095280527879,-0.025942260662114316,0.03128209133131174,0.16760563535220718,0.1545269132566526,0.013747067563319821,nan,nan,nan,0.9999433454518758,-0.03653654058433964,0.0,0.07310561408353303,0.0,0.0,10.0,0.0,1.5616831135887344,1.5965691522692769
89.051,4.74260947343287,-0.023955793587657218,-0.03807480116013465,1.031274390177344,0.01366814815032684,4.53265586767559,0.06814185476371121,-0.04667250751614028,1.0287878313839751,0.008461755693085602,0.03128591285846238,0.17010617019692686,0.1565276037996616,0.014047955844861485,4.402412744050764,-0.4353724270646782,0.9846164957513002,0.9999261620195504,-0.035518702774787844,0.0,0.07106729371401978,0.0,0.0,10.0,0.0,1.5523221487011347,1.6030682554719795
89.10000000000001,4.8044322409628295,-0.026392596036953465,-0.03723077480142973,1.0310701165795257,0.013910240368684896,4.5810197656307015,0.021684907375597876,-0.044410220076246176,1.0284248671766232,0.04033580711111521,0.03119386367082987,0.16358661852874182,0.15140650812229775,0.013811456715727881,nan,nan,nan,0.9999204350401247,-0.034057753059963496,0.0,0.06814185476371121,0.0,0.0,10.0,0.0,1.5311211203199784,1.5886013955215215
89.15,4.845639270965958,-0.027991633171076277,-0.03661725582627384,1.030849125057321,0.016490352089334772,4.62211730575305,0.019855967830967824,-0.0441499488298942,1.0285441649529885,0.024594157303577217,0.03119122852106949,0.16527610841101464,0.15276870691657093,0.014012168503713838,nan,nan,nan,0.9994223144392749,-0.011309246726389919,0.0,0.022619457796810537,0.0,0.0,10.0,0.0,1.5311211203199784,1.6173698712222466
89.2,4.90743396276749,-0.030347067550439488,-0.035500792256837437,1.0304915644808972,0.019877580774941315,4.663384945847545,0.02234295222992617,-0.03948588175843781,1.0285922762080306,0.012108649674641574,0.03080596832472218,0.1669581932621981,0.15408072857378563,0.013682923039784082,nan,nan,nan,0.9994144745455995,-0.009927657751309145,0.0,0.019855967830967824,0.0,0.0,10.0,0.0,1.534457219823377,1.6117925359427225
89.25,4.948619936767625,-0.031886486924966005,-0.034668352240302784,1.0302718172923,0.02129362708828509,4.72505552585961,0.019956044209731384,-0.03774993944052562,1.0286495735325052,0.011080313934004177,0.030805824139240573,0.16946550673521973,0.15608657514044927,0.013985186638004195,nan,nan,nan,0.9995991608400921,-0.011171011409358356,0.0,0.02234295222992617,0.0,0.0,10.0,0.0,1.5381241417574987,1.6080087504949672
89.301,5.01038513288885,-0.03414424552552769,-0.0333304979529074,1.0299579980112354,0.022962703882579042,4.761747654346513,0.014177532395081011,-0.040711534401288496,1.0283691291367538,0.04755658524432004,0.031201503831796335,0.16205233441172334,0.1502260930271933,0.013655225978127739,4.704636472872453,0.0182664513230461,0.0060215394425524125,0.9996143758947162,-0.00997769098427491,0.0,0.019956044209731384,0.0,0.0,10.0,0.0,1.5376369013829636,1.6069940355190184
89.352,5.05155235031433,-0.035612213588895165,-0.03239754632414643,1.0297287234260584,0.023441172729157418,4.802849187570692,0.01251686525295405,-0.03970903774115752,1.0283721379121054,0.023158288339740696,0.031198597688686255,0.16374752876051252,0.15159736185903566,0.013854649579235703,nan,nan,nan,0.9994348039860775,-0.007088647462854159,0.0,0.014177532395081011,0.0,0.0,10.0,0.0,1.5422625293200112,1.6003267907237488
89.40100000000001,5.113287984603114,-0.03775361386659154,-0.03094710828763331,1.029384068078874,0.024968919287665953,4.864430553245105,0.008220223774852221,-0.04065344906379309,1.0283045047871522,0.02640116097172377,0.0313653962808605,0.16627807992898133,0.153595431927167,0.01370308932080373,nan,nan,nan,0.9994405779421632,-0.006258350918344785,0.0,0.01251686525295405,0.0,0.0,10.0,0.0,1.5318895444660698,1.6092903499148334
89.45,5.154434726345827,-0.039137739792696004,-0.029911455268464168,1.0291375721210057,0.02646769876380703,4.926077311963639,0.00574997550049956,-0.038717446891209484,1.0281806349167317,0.033230920303129304,0.031366352277468215,0.16879073773705913,0.1556071221578683,0.014089276907750714,nan,nan,nan,0.9993323657107404,-0.004110088743593626,0.0,0.008220223774852221,0.0,0.0,10.0,0.0,1.5273093965385152,1.6117593579770548
89.501,5.216139130085791,-0.0411444199607555,-0.02826226847809365,1.0287870407304478,0.028058930240518865,4.9672948051426,0.007317797999061508,-0.03363882801298823,1.0280730616971065,0.04290248038888124,0.031098283057283287,0.17045445516147167,0.15689397966673982,0.013750631712495671,4.560115990675251,0.08638362603409669,0.6167709660275315,0.9993577275415495,-0.0028749798291663564,0.0,0.00574997550049956,0.0,0.0,10.0,0.0,1.5304800740458564,1.6077219729154226
89.551,5.257266212556898,-0.04243381842647931,-0.02714221562120347,1.0285915625917679,0.027783015391403737,4.986346337725881,0.012591957094504964,-0.03135855703948476,1.0255542380694558,0.026425711133450314,0.031093873046895586,0.16388038175397346,0.1517562766730494,0.0141858043029337,nan,nan,nan,0.9996859479342568,-0.006295895359740569,0.0,0.012591957094504964,0.0,0.0,10.0,0.0,1.5475448804544905,1.5984419565831125
89.60000000000001,5.298389219851349,-0.04368331014887666,-0.02604433400902468,1.0285277025899011,0.027248237212399405,5.027328418637178,0.010665558023518429,-0.030822291908330964,1.0259788652299,0.03287626941315133,0.031153411869004,0.16556875392212161,0.15307679067505256,0.013783950060025581,nan,nan,nan,0.9996859479342568,-0.006295895359740569,0.0,0.012591957094504964,0.0,0.0,10.0,0.0,1.5475448804544905,1.5984419565831125
89.65100000000001,5.3600759169053775,-0.04548004175279539,-0.024435992168984653,1.0285037612195553,0.026457690323454564,5.088870924020904,0.008851269495189358,-0.027792850337322598,1.026448833578818,0.01895051770161382,0.031152667034123838,0.16808734561574548,0.1550942487954228,0.014083936617682492,nan,nan,nan,0.9996751586661248,-0.00533272846048627,0.0,0.010665558023518429,0.0,0.0,10.0,0.0,1.548019619712884,1.5952918501565259
89.70400000000001,5.421759808414647,-0.04718195887461744,-0.022865642083452764,1.0283749071450945,0.026056117358992187,5.189856284467003,0.01416149760564972,-0.02477794270938727,1.0304865737881204,0.03185273988210867,0.031040273129284833,0.16088978614781074,0.14937046832744344,0.013739078572497478,5.693546904393793,0.07086074835199117,1.2387666537758228,0.9997269983651834,-0.004425605854081815,0.0,0.008851269495189358,0.0,0.0,10.0,0.0,1.5515704849968601,1.5966298380171682
89.75,5.462874456775168,-0.048263458816746665,-0.02185014751569066,1.0280540759482868,0.024783250752371512,5.251653686787731,0.012656395335243164,-0.023082166934649265,1.029682410937876,0.03921811697636535,0.031041623130756636,0.163443721543406,0.1514341249502963,0.014122840011579095,nan,nan,nan,0.9998434066568436,-0.007080630470541776,0.0,0.01416149760564972,0.0,0.0,10.0,0.0,1.5515704849968601,1.5766954310055594
89.80000000000001,5.524521690402804,-0.049808131570020606,-0.020451827508838345,1.0275640045793912,0.022212685789937743,5.292685442216734,0.007776362652438355,-0.025978302012864773,1.0291586158470942,0.0416535974412296,0.03139605512907952,0.16513810965549808,0.1527574005545635,0.013779972561419948,nan,nan,nan,0.9998596541246194,-0.0063281131964691316,0.0,0.012656395335243164,0.0,0.0,10.0,0.0,1.556373413718498,1.572943823087178
89.85300000000001,5.565606223513312,-0.05078690137148427,-0.019589388273477504,1.0272800352654459,0.02130130746633484,5.354399979127908,0.0061670697012736215,-0.026322905706596345,1.0284781831782133,0.011656772876119893,0.03139216712742389,0.16766462969097085,0.1547789698147603,0.014079959860919176,nan,nan,nan,0.9997560227726595,-0.0038881617326147287,0.0,0.007776362652438355,0.0,0.0,10.0,0.0,1.5488691676193325,1.5797203536451327
89.9,5.627215410640538,-0.05217977594085989,-0.018298410468386962,1.0269221665075146,0.022043029431449528,5.395664421243821,0.009254640842339812,-0.02126898130267474,1.0281008513911531,0.030381825177971222,0.03103546596025925,0.1693376158670497,0.15607243084156747,0.013742337931295617,nan,nan,nan,0.9997299777468718,-0.0030835250777503905,0.0,0.0061670697012736215,0.0,0.0,10.0,0.0,1.5352281575187672,1.5937569180487314
89.95,5.66827909352769,-0.05305964721286575,-0.01743381616941768,1.0267440664602943,0.021177835051748053,5.446485487687985,-0.04957547677938667,-0.019529661225806464,1.0270891637566064,0.04106967322484938,0.031067965657048016,0.1627968863393081,0.15093634660597988,0.014036077298258039,5.30915300009672,-0.634794271588986,1.550047161941582,0.9998615302077022,-0.004627287394720497,0.0,0.009254640842339812,0.0,0.0,10.0,0.0,1.5529176708074974,1.5768397462723849
90.001,5.729860132468891,-0.0543073751028545,-0.01611424232346409,1.0263764655518977,0.023732075112428655,5.487531184864818,-0.051189856076561464,-0.018987059551407004,1.0267811031482934,0.03490657005358542,0.031141987176357296,0.16449208897010892,0.15226388418727438,0.013776998793665575,nan,nan,nan,0.9990183695819052,0.02478266346746483,0.0,-0.04957547677938667,0.0,0.0,10.0,0.0,1.5129093657434651,1.6117361783737347
90.05000000000001,5.770902306904423,-0.05508981640937101,-0.0150899157908498,1.0261311328033151,0.0266981285108837,5.549119397137067,-0.05231471948607797,-0.015904037208101407,1.0263774379430544,0.07122225793331628,0.031146955425557763,0.1670213946651171,0.1542910926871788,0.014076996107329336,nan,nan,nan,0.9990066367554968,0.025589341152068002,0.0,-0.051189856076561464,0.0,0.0,10.0,0.0,1.5095459495754109,1.6145412367803371
90.10000000000001,5.832450767241277,-0.05618895283448892,-0.013414938215718318,1.0258354722867895,0.028214154505449934,5.590266225645892,-0.049781634854971286,-0.012902499062980688,1.0261646700657512,-0.003494754077985381,0.03086550091787383,0.16869711720246583,0.15558859513248693,0.013894159362003743,nan,nan,nan,0.999115800579814,0.026151396503937146,0.0,-0.05231471948607797,0.0,0.0,10.0,0.0,1.5280038052550229,1.5968041955189756
90.15,5.873476018182832,-0.05687010688369925,-0.012233502423711125,1.0256992983549371,0.030634845889681423,5.6431735592382255,0.023577338895254936,-0.00985302792038212,1.0252593175343596,0.027297262753554048,0.03082985382643599,0.16211006450726903,0.15040531129220852,0.014128499542276875,5.551695319056248,0.7754524129312776,2.505293297963334,0.9992861117569707,0.024885678945674373,0.0,-0.049781634854971286,0.0,0.0,10.0,0.0,1.5046571035102059,1.620807218053135
90.2,5.914498285349198,-0.0575086568362891,-0.011020306708865384,1.0256708329352047,0.028607594503004798,5.684221638972292,0.02452314514617121,-0.006526664858669039,1.0253858021452664,0.034120356397392665,0.03071119749564896,0.16380698225951795,0.15173739949370227,0.01378492948725398,nan,nan,nan,0.9999981277033422,-0.011788123391977214,0.0,0.023577338895254936,0.0,0.0,10.0,0.0,1.5801425491444343,1.552469878826666
90.25,5.976035261413499,-0.05839026571652096,-0.009578834451394834,1.025705070451128,0.020730985355838043,5.745745878427988,0.024178190813268483,-0.005124719711823378,1.0254815730186186,-0.00043906486439580783,0.030708163612606552,0.1663402623936119,0.1537708268799199,0.014084801935538292,nan,nan,nan,0.9999835589853616,-0.01226095813505302,0.0,0.02452314514617121,0.0,0.0,10.0,0.0,1.5877161971750564,1.5431301155950867
90.302,6.037571491021718,-0.05918182355357944,-0.00853604299799833,1.0256430473520404,0.015495552758125614,5.786839186117061,0.026817282371903943,-0.0014011347127871334,1.0254943888705834,0.012943695748558724,0.030463160767659266,0.1680193454366939,0.1550725875504668,0.013743693853264455,nan,nan,nan,0.9999757529345417,-0.012088506533040172,0.0,0.024178190813268483,0.0,0.0,10.0,0.0,1.5749589622238997,1.55426229915065
90.35000000000001,6.078593808521914,-0.059663247191437924,-0.008002556468722428,1.0255832599565116,0.011875788437342577,5.84836868690555,0.026752445791584305,-0.0003231611049008265,1.0254680846294943,0.013571878202667486,0.030464224690728417,0.17052119567212004,0.1570656717724495,0.014263866739586503,6.3066010977551175,-1.0674939573050362,5.110196450638979,0.9999279204077922,-0.013407837685349004,0.0,0.026817282371903943,0.0,0.0,10.0,0.0,1.5870867632219943,1.5404350761746204
90.402,6.11961352847204,-0.06011210070864939,-0.007618958618613388,1.0255029729002028,0.008241386067541764,5.937593710193166,-0.075370165208916,-0.005735468433506252,1.0283593282145407,-0.019456931036392122,0.030843510048591476,0.16309198230163555,0.15118348010386304,0.013847529492784363,nan,nan,nan,0.9999148204101714,-0.01337542520860426,0.0,0.026752445791584305,0.0,0.0,10.0,0.0,1.5883198660466311,1.5378984270015086
90.45100000000001,6.181130084745256,-0.060728972335772624,-0.00710732220689064,1.025047355184285,0.012221242626228042,5.999276662910106,-0.07573747834022101,-0.006286861884570171,1.0273065466766444,-0.00785285996970729,0.030843735413224157,0.1656287073968564,0.15322389650049092,0.014145954438312645,nan,nan,nan,0.9990582495172575,0.03766725810612691,0.0,-0.075370165208916,0.0,0.0,10.0,0.0,1.4817140464750558,1.6275146540165875
90.501,6.222119962832026,-0.06110231823723409,-0.006446893755545016,1.0246239899439065,0.0188576446499585,6.040238987856921,-0.08161115081230533,-0.01166463693973707,1.0266211830039604,0.01649882491557251,0.031336423407611336,0.16731055771894562,0.1545305752287899,0.013800138822092224,nan,nan,nan,0.9990260980140543,0.0378506529494037,0.0,-0.07573747834022101,0.0,0.0,10.0,0.0,1.4857764215546225,1.6249395122741672
90.551,6.283576859827664,-0.061607143551994537,-0.005028732606456404,1.0240629950488924,0.026877175555141925,6.101813223382606,-0.08233192686217694,-0.010549970451402936,1.0256897000606626,0.03199820135167755,0.0313372909134306,0.16981712258737572,0.15653024312327066,0.014099528442623632,6.041017853615932,-0.5434947133682458,0.788083216330073,0.998624940579036,0.04078294961999219,0.0,-0.08161115081230533,0.0,0.0,10.0,0.0,1.481514201998965,1.6266506358531496
90.601,6.324530611577078,-0.0619037839672386,-0.003846240933116726,1.023741526187632,0.03093494436448458,6.136611941626031,-0.12735938873568395,-0.013032224005467441,1.0248398846965505,0.05231584154413666,0.031678117640227724,0.1624982100567537,0.15072252054851418,0.013755494462713222,nan,nan,nan,0.9986642296776355,0.04114273326451503,0.0,-0.08233192686217694,0.0,0.0,10.0,0.0,1.489466450864256,1.6204556620752826
90.795,6.365472192481593,-0.0621642724802521,-0.0025139135633800405,1.0233764219096684,0.0352493238432829,6.157107065164486,-0.1276232821885914,-0.01260627158065608,1.024638438194057,0.02422583513419673,0.03167437220237385,0.16334737069403787,0.1514070397742757,0.01385596991277411,5.718060769752789,-0.0672040632143803,1.3171950319098022,0.9970656603148268,0.0635938272745545,0.0,-0.12735938873568395,0.0,0.0,10.0,0.0,1.454003271391108,1.6443046736532794
90.80000000000001,6.385935844838241,-0.06227912944863956,-0.0017633654420621744,1.0231150837031249,0.03826564545157883,6.177598192452854,-0.1278822540290675,-0.011992001386073259,1.0242994986400735,0.03373340323874401,0.03167511433828699,0.16419501224500727,0.15208903208652896,0.01395607082347661,nan,nan,nan,0.9971404067328309,0.06397562744533053,0.0,-0.12812610423398055,0.0,0.0,10.0,0.0,1.4435630419479637,1.6565705366090773
90.851,6.590376970113584,-0.06269996076609752,0.008497312082634358,1.0218142227095093,0.05890664793404212,6.3397829189182495,-0.126532822287748,-0.00574405864573313,1.0191189597986638,0.05515641291842505,0.03188609226358136,0.1644142992052692,0.15227435924413393,0.013989199943699333,nan,nan,nan,0.9974862278973308,0.06295591285404367,0.0,-0.12607843813796682,0.0,0.0,10.0,0.0,1.4659986380385965,1.6499301925731156
90.90100000000001,6.651691911349655,-0.062499572222596,0.012129780256910928,1.0219143244245363,0.061428430488265184,6.380576166672632,-0.125335378663022,-0.0021289053860855662,1.0195599922936223,0.044143353615662614,0.03176023739785418,0.16610501868450478,0.1535891849160073,0.013662551962531262,nan,nan,nan,0.9976255255512037,0.06318220242225724,0.0,-0.126532822287748,0.0,0.0,10.0,0.0,1.4726551413367222,1.641233541463104
90.95,6.692570475905587,-0.062265035226842236,0.014616095828192243,1.0219510098487872,0.06256417969995248,6.441761260935962,-0.12536729960039641,0.0028297023886234562,1.0201145156480884,0.07585727463778583,0.03176514857149129,0.16862645392648853,0.15559946132192642,0.013964979437568116,nan,nan,nan,0.997906731238736,0.0625858450944301,0.0,-0.125335378663022,0.0,0.0,10.0,0.0,1.4741642958709449,1.6395657591819182
91.001,6.753889552769052,-0.06175197374592207,0.018361227695038392,1.0219870910806703,0.061784638387191296,6.482566866195503,-0.12534217987532761,0.005462019890723813,1.0204171052867541,0.06497170220585455,0.031774495549408546,0.1702963213379151,0.15688518302384336,0.013796338437598789,7.206810240491455,0.11880450619652637,2.097453461321697,0.9982141833506716,0.06260174311189595,0.0,-0.12536729960039641,0.0,0.0,10.0,0.0,1.493814391187648,1.6196143088164265
91.05000000000001,6.794768595768175,-0.06129813171751305,0.020811784242187725,1.021989029894981,0.06098634082805573,6.619309844961037,-0.1032329536782959,0.008873895136809473,1.0250387691661882,0.04370941343563159,0.03176069794491511,0.1637550355903364,0.15174823701616114,0.014033812069088632,nan,nan,nan,0.9983686845203692,0.0625892323971129,0.0,-0.12534217987532761,0.0,0.0,10.0,0.0,1.4927541502283899,1.6198993132771276
91.101,6.856078689486086,-0.06044426717961274,0.024401278013903408,1.0217494235367732,0.05869377471357845,6.660336679382274,-0.10027778840605125,0.014070244141593413,1.0244558893224514,0.06176993773162611,0.03153351765287024,0.16544878528510917,0.15306803007104652,0.013701891428714336,nan,nan,nan,0.9990886294640231,0.05157071006109505,0.0,-0.1032329536782959,0.0,0.0,10.0,0.0,1.5009780468878047,1.6022688163556529
91.15100000000001,6.8969410085523775,-0.05975936419707847,0.02667849207268114,1.0216007967246508,0.05567624535622575,6.721782181346084,-0.0993513964532007,0.017890137348472997,1.023783882102256,0.08996056731648903,0.03153782545166387,0.1679747431502181,0.15508491593938784,0.014003679969021002,nan,nan,nan,0.999351108688085,0.05009694259472985,0.0,-0.10027778840605125,0.0,0.0,10.0,0.0,1.5193235054303353,1.5865157730324713
91.2,6.937797307669377,-0.05898251168526665,0.02881202912792999,1.021515138477928,0.05163788378434573,6.763690825140747,-0.01791684909924656,0.025652138212259423,1.0235699512270653,0.039826444307761534,0.031087600570395533,0.16079828202721055,0.14936188065578004,0.01366858732508511,6.752979674016612,0.7643623169694168,2.689134674368364,0.9994961774146166,0.049634897459957916,0.0,-0.0993513964532007,0.0,0.0,10.0,0.0,1.5378448668726914,1.5699562633830981
91.25200000000001,6.999074850122423,-0.05765006712393094,0.0316025747943307,1.021483393591168,0.04124255148666552,6.825075908266889,-0.01630161047545314,0.02738244554350011,1.0232228515708222,0.0203435037758457,0.03108665151653873,0.16335852880331628,0.15142489843292214,0.014054477541407004,nan,nan,nan,0.9998606591977218,0.008958184913240923,0.0,-0.01791684909924656,0.0,0.0,10.0,0.0,1.5917186142745858,1.5184542294274734
91.30000000000001,7.060348068991692,-0.056131164995207435,0.033654107082384976,1.0214917691538306,0.0296574066331092,6.866048617838838,-0.0039460937420280895,0.040743576077572285,1.023033002157777,0.021036982539890073,0.030079973433285556,0.165057113039339,0.15274770583368705,0.013720061091078033,nan,nan,nan,0.9998150742342319,0.008150624743638403,0.0,-0.01630161047545314,0.0,0.0,10.0,0.0,1.5875815283957537,1.5220975752636454
91.351,7.101191890805746,-0.05502498280655791,0.03461513182564308,1.0213868812991094,0.02053186581887975,6.927369787909402,-0.0014250324019842932,0.04211130680274122,1.022606708740489,0.021809535749318418,0.030082167192457664,0.16758972812005052,0.15476892451760013,0.014101340343448572,nan,nan,nan,0.9992485170732219,0.0019730443107194577,0.0,-0.0039460937420280895,0.0,0.0,10.0,0.0,1.618875429655094,1.4897427285261715
91.4,7.142029056047922,-0.053854138107845305,0.035220522367747795,1.021272032926263,0.011953156532857256,6.968233204616856,-0.003153245809435446,0.039966470640082186,1.022349141701717,0.032733901192514896,0.03038352997997151,0.1692668196280568,0.15606223699949953,0.013761200027113007,nan,nan,nan,0.9991431924445257,0.0007125160804155993,0.0,-0.0014250324019842932,0.0,0.0,10.0,0.0,1.618875429655094,1.484916047951925
91.45100000000001,7.203273430791228,-0.05199644422910713,0.03553782575491901,1.0211282788180598,0.0008300174439895122,7.004489277157712,-0.03833364746500209,0.04123580850930786,1.020451002781403,0.008357796783199561,0.030402091571142282,0.16274255566502766,0.15092762845769667,0.014057516046471735,6.747693752152162,-0.42359495301830896,0.8545745132468214,0.9992632002420391,0.0015766215983615793,0.0,-0.003153245809435446,0.0,0.0,10.0,0.0,1.61921275452309,1.4851568070167616
91.501,7.264513367142271,-0.05004477748877787,0.03536117881323776,1.0212457980267697,-0.004475944271546487,7.045274212025182,-0.03641394500663187,0.041318784761613,1.0206991836237573,-0.011269005940904516,0.030379019681926828,0.16444167765601758,0.15225524494275064,0.013722700018631746,nan,nan,nan,0.9997564380540064,0.01916447716268956,0.0,-0.03833364746500209,0.0,0.0,10.0,0.0,1.5893972048321365,1.5235769806251014
91.55000000000001,7.305344166751789,-0.048705076533272273,0.035141270761746626,1.0213307592803016,-0.00603124806035951,7.106468040601345,-0.03383918083403949,0.04238592163263366,1.0209636323520013,-0.01395715073042591,0.030379718107776208,0.16697681744662665,0.15428270079790699,0.014024020877912777,nan,nan,nan,0.9997328874695466,0.01820496107024381,0.0,-0.03641394500663187,0.0,0.0,10.0,0.0,1.5822351723995354,1.5287577751006158
91.60000000000001,7.3665925676946955,-0.04665847915443777,0.03469741915092861,1.0213674378996853,-0.00843951847853885,7.147303632243133,-0.036172740936845596,0.037941194162753884,1.0210389482062812,0.008965687885493854,0.030734382767489393,0.1686564502122397,0.15558046667378464,0.013693300291561811,nan,nan,nan,0.9996757094055199,0.016917976156240983,0.0,-0.03383918083403949,0.0,0.0,10.0,0.0,1.5836608872817948,1.5250169610046584
91.65,7.407424505406509,-0.04527961911087186,0.0343179442980559,1.0213660244580047,-0.010116501393501108,7.152909039693934,-0.04526905814037654,0.035793457808109164,1.0174828440071204,-0.03030530114966429,0.030735013373071496,0.16208085561301888,0.15039859958324733,0.013988099432386105,6.6540074759359555,-0.1613735463969248,1.080920450664453,0.9998028603153905,0.018084398736876256,0.0,-0.036172740936845596,0.0,0.0,10.0,0.0,1.5843772429899752,1.5240299280173897
91.7,7.448258730676707,-0.0438956287871793,0.03390121286549281,1.0215158588137445,-0.010051399392570015,7.193578679570614,-0.04272590911054913,0.03614740890692225,1.0182626723272978,-0.016945984557623955,0.03063597711868118,0.16378154996638183,0.15173105791080377,0.013735130645552256,nan,nan,nan,0.9999133716918016,0.022630664869587553,0.0,-0.04526905814037654,0.0,0.0,10.0,0.0,1.5640305912464816,1.555050447034706
91.75200000000001,7.509526296442252,-0.041817243234690014,0.0333404358199057,1.0217959543825537,-0.009205329526676357,7.254655445605718,-0.04054893249146872,0.034364438561802935,1.0191640895069358,-0.02693502617857543,0.030634068814726457,0.16632062935097736,0.1537646237348586,0.01403620175013384,nan,nan,nan,0.999890663907901,0.021359705599521966,0.0,-0.04272590911054913,0.0,0.0,10.0,0.0,1.5701657525767172,1.545475546951598
91.801,7.570803690354415,-0.039747507814124824,0.032800707802454296,1.021877603867499,-0.008731332142729201,7.295456538929755,-0.04317594321010776,0.029835087403521587,1.0195539726976373,-0.015361994622971572,0.030988083146557807,0.1680037128941646,0.15506685930300343,0.013701098395040509,nan,nan,nan,0.9999006988478831,0.020271688963978466,0.0,-0.04054893249146872,0.0,0.0,10.0,0.0,1.5634045962422947,1.548649557546686
91.85000000000001,7.611656225826479,-0.03837646040685045,0.032467537184884966,1.0218682953960356,-0.00804516366553529,7.3566124569603355,-0.041378808238208935,0.02825266244285096,1.0199874326160971,-0.025820898940192676,0.030986084881836604,0.17051162416991106,0.15705999506921509,0.014085777522238739,7.5408502570727025,-0.3207975173037928,0.4059256354139228,0.9999659650779602,0.02158461891933977,0.0,-0.04317594321010776,0.0,0.0,10.0,0.0,1.5584981707779149,1.5519290454939092
91.9,7.652507897790636,-0.03701414371605038,0.032167027786050614,1.0218225318434164,-0.0071010732276149,7.41655326356268,-0.06151664453889413,0.03195298610769548,1.0212801767312492,-0.014637550626789463,0.03065130081968507,0.1630878249967579,0.1511790132915739,0.013743613127053534,nan,nan,nan,0.9999713763726301,0.020686452833953883,0.0,-0.041378808238208935,0.0,0.0,10.0,0.0,1.5521971053419827,1.5559722180415196
91.95,7.713779385401365,-0.03498851576528763,0.031803779978103,1.021640519622132,-0.00518800333579156,7.477798527968784,-0.0595683954784443,0.03120463740249235,1.0211930928197668,-0.013350306820252917,0.030650993576074616,0.16563041251511898,0.15321936649058715,0.014044474602966983,nan,nan,nan,0.9999992747607231,0.03074862788483691,0.0,-0.06151664453889413,0.0,0.0,10.0,0.0,1.5447741433909952,1.5586760880156965
92.0,7.775037219384919,-0.03298481173434211,0.031557644867021215,1.021394367604892,-0.003415095093156012,7.518604282669587,-0.057069999245727414,0.032845680820755334,1.0210870688614504,-0.007197105247784679,0.030544709124602505,0.1673162287524413,0.1545265049032616,0.013711251146158412,nan,nan,nan,0.9999989786336118,0.02977539525221709,0.0,-0.0595683954784443,0.0,0.0,10.0,0.0,1.5452331015201277,1.5574163068958466
92.051,7.815868056929137,-0.03166076379961164,0.031433388649875854,1.0212337484877225,-0.0030413479850291037,7.579833606413887,-0.05506301651672735,0.03259884825538473,1.0209329505356048,-0.0005372324059264078,0.030545342575703946,0.1698286855518315,0.15652614006624316,0.01401283323119594,7.689639116164858,0.5555703841925015,1.4015092107746758,0.9999906756291056,0.028527258566017902,0.0,-0.057069999245727414,0.0,0.0,10.0,0.0,1.551648158591624,1.5501980781734348
92.10000000000001,7.856692924274666,-0.030345623167471178,0.0313116511245805,1.0210798570265673,-0.003125440891145373,7.632051466365368,0.005774471403959225,0.03807977525937911,1.021641962392191,-0.006178231231549632,0.030054798279352264,0.16251168162289845,0.1507196125823806,0.013679602145022307,nan,nan,nan,0.9999871258029894,0.027524555273141897,0.0,-0.05506301651672735,0.0,0.0,10.0,0.0,1.5551646179293261,1.546068284125311
92.15,7.9179106825689765,-0.028390191125351932,0.03100638156339447,1.0205523716551295,-0.008219532290893323,7.693296824594114,0.008111037537629295,0.038204573377254906,1.0211059363791768,-0.005595325629381495,0.03005576909986838,0.16505944716152873,0.15276585127041548,0.013981881011953854,nan,nan,nan,0.9991609696900159,-0.0028872276792290233,0.0,0.005774471403959225,0.0,0.0,10.0,0.0,1.6020226551001058,1.4893513204581075
92.20100000000001,7.979097768344883,-0.02646223458387076,0.03023628902134777,1.020094396042311,-0.01593806127946282,7.734014973193578,0.014084374237151061,0.042696803482402235,1.0207294182676965,0.0052645338276653434,0.0296649467804139,0.1667488377696028,0.1540771990581483,0.013656300655089338,nan,nan,nan,0.9991071761328882,-0.0040554965350140465,0.0,0.008111037537629295,0.0,0.0,10.0,0.0,1.604445707098476,1.487006246354638
