t,gt_x,gt_y,gt_psi,gt_u,gt_r,kf_x,kf_y,kf_psi,kf_u,kf_r,kf_bias,kf_sx,kf_sy,kf_spsi,gps_x,gps_y,gps_nis,u_ref,psi_ref,wp,xte,seg_ax,seg_ay,seg_bx,seg_by,thrust_l,thrust_r
1.55,-3.705150379086507e-05,-7.047142640422349e-19,3.4072830982565955e-19,0.0,0.0,nan,nan,nan,nan,nan,nan,nan,nan,nan,0.165183505825723,-0.6515786158021805,nan,nan,nan,nan,nan,nan,nan,nan,nan,nan,nan
1.6,-3.705150379086507e-05,-7.047142640422349e-19,3.4072830982565955e-19,0.0,0.0,0.165183505825723,-0.6515786158021805,0.0167803768026209,0.0,0.021540334208776702,0.003090433320967343,1.0004762081891407,1.0002999980162453,0.05025920481273532,0.01982400223703863,-0.1462283754825443,0.22109621271331098,nan,nan,nan,nan,nan,nan,nan,nan,nan,nan
1.6500000000000001,0.0016179552461506297,-9.649697858939838e-05,0.0027365391717950245,0.07434861063182537,0.1222558553589443,0.04972017461352622,-0.24722958655394917,0.02571405016751971,0.08713410403098355,0.15297725589158157,-0.0006668472515485994,0.4484533653120724,0.4479109664160172,0.036402361665286376,nan,nan,nan,0.6386155054779458,0.8948789365038212,0.0,-0.6337735021571488,0.0,0.0,5.0,3.3333333333333335,0.38810396376289624,3.0139483610964883
1.703,0.01110578981753248,6.911621814875892e-05,0.015223170991921008,0.2210784737045069,0.2518960807140458,0.05806171695492829,-0.2468911982719805,0.048120277848051174,0.2410422875151595,0.30719412883598923,-0.004616281689221036,0.4503342156771271,0.4485813138224554,0.030510927509731642,nan,nan,nan,0.7822615937285832,0.7053097627680629,0.0,-0.23569644879833593,0.0,0.0,5.0,3.3333333333333335,1.0160748204683385,2.8604926694801103
1.75,0.022247011085692908,0.00036148247328905903,0.026663414277569242,0.3118689146575352,0.3028357469139492,0.06860361079078219,-0.24634932983573352,0.05948188187122838,0.33123311321084364,0.33043621229301107,-0.00867873606193153,0.45190585601701444,0.44902899051530176,0.03180552714284632,nan,nan,nan,0.7822615937285832,0.7053097627680629,0.0,-0.23569644879833593,0.0,0.0,5.0,3.3333333333333335,0.933564447659196,2.646327879515434
1.8,0.03676367569454285,0.0008054096705188574,0.03972704252522968,0.3917825136014298,0.3373310614134547,0.0826120286134942,-0.24546935548838839,0.07304984163361361,0.4086863242568295,0.36320332007345807,-0.007712143417195646,0.45367630237330253,0.4494779561921802,0.033355422064211535,0.14542464120582466,1.059724787196043,3.777164379281093,0.7964209991672242,0.7089244927806502,0.0,-0.24302946876715875,0.0,0.0,5.0,3.3333333333333335,0.933564447659196,2.646327879515434
1.85,0.06393457913854583,0.0018276574888143537,0.061178701082784795,0.49405883887601015,0.3691175457544459,0.13804897568053007,0.3393045192372688,0.07807208636487982,0.5144889810474416,0.40991036373761713,0.019538331458893332,0.3386994764439865,0.33517136802034353,0.029775878683780732,nan,nan,nan,0.8024890674103488,0.7123909557238419,0.0,-0.2500677579675038,0.0,0.0,5.0,3.3333333333333335,0.8741305143244338,2.536769180639636
1.9000000000000001,0.08535715270679098,0.002816012586160523,0.07587471251786697,0.5630925971483521,0.35925031665761353,0.15931792124100572,0.34105065479686214,0.0937193456287817,0.5890548738062275,0.3740281208524021,0.020031514274090785,0.3407258310208125,0.3357765034178282,0.03147896237202202,nan,nan,nan,0.9181462631741086,0.48549187994529996,0.0,0.20574263120284814,0.0,0.0,5.0,3.3333333333333335,1.5203639092491246,2.4539471770393786
1.9500000000000002,0.12260424291995675,0.004992283979488793,0.09642166952429537,0.6601309573900254,0.33238161091045043,0.19651856924414246,0.3444802478087291,0.11060647596498097,0.6848060616227614,0.3335606310791713,0.025700713216743973,0.3439421733714388,0.3366871186119933,0.028555195461542504,nan,nan,nan,0.922266264705545,0.4906128744957306,0.0,0.19539761553326201,0.0,0.0,5.0,3.3333333333333335,1.4321198926514258,2.366799095898108
2.0,0.15030077957086244,0.006977219261372892,0.10942513056770185,0.712191886131853,0.3212694197768423,0.22422861258363305,0.34766375394499116,0.1234155400302459,0.7335694887322961,0.3093734429609065,0.02487672822347799,0.34613076852697183,0.33729959877963517,0.03031616599696906,-0.32207503195952625,-0.04215776466473574,1.223455904329525,0.9253568487098448,0.4994269757093626,0.0,0.17761600266119928,0.0,0.0,5.0,3.3333333333333335,1.3003767283285343,2.247099041023544
2.0500000000000003,0.1951706062255819,0.010801680285686956,0.12833339090035506,0.7748671475616226,0.31137617738646967,0.09082037405312351,0.2297631954802443,0.13030906069432288,0.7767600625930862,0.29492088811123385,0.04454900009469128,0.28766880134656375,0.2807193378670468,0.027886164078939298,nan,nan,nan,0.9277993332534725,0.5057416202390941,0.0,0.16489407340107745,0.0,0.0,5.0,3.3333333333333335,1.2396537318508405,2.1900657972359503
2.1,0.2268921993921397,0.013942620962011947,0.1407148804469566,0.8081870039145848,0.30850850098370486,0.12195645839590405,0.23390135020619957,0.1422795746397432,0.8098563301565319,0.30506829893309245,0.04596080630660767,0.2897255410253167,0.28145647847043886,0.02962255984644519,nan,nan,nan,0.925890166098517,0.517720327167139,0.0,0.14079645511882447,0.0,0.0,5.0,3.3333333333333335,1.155892928561547,2.136996709283026
2.1500000000000004,0.2765556882663412,0.019560356521350176,0.1591771668524857,0.8481488000482769,0.30644065054667424,0.17102723911458337,0.2400095898136475,0.15230630956693011,0.8510105689875253,0.28954882540228843,0.05719464366914587,0.2927503251461539,0.2825570865390328,0.027413899679482472,nan,nan,nan,0.9278001462862684,0.5246034755952317,0.0,0.12696841588194543,0.0,0.0,5.0,3.3333333333333335,1.1263359878659633,2.0878829823875273
2.202,0.32813574485124875,0.02628436184757684,0.1775836235516102,0.8776500516227319,0.30667675945488504,0.2048525662068245,0.2453675581890038,0.16388916769521125,0.8709968830480646,0.26150256025051327,0.055846826436877335,0.2947020203523587,0.28329917020511935,0.0290769703149389,0.3007404714851595,-0.6004534921243416,2.1944233965256545,0.9274248422334957,0.5356349233287531,0.0,0.10483120675163196,0.0,0.0,5.0,3.3333333333333335,1.0554366031974487,2.0362466011002773
2.2520000000000002,0.36328992474069377,0.03138002552683543,0.18990742954637593,0.8927958913060682,0.30822845485306277,0.2803100350379699,0.04988066866071593,0.18656730590533854,0.8960085060118085,0.2874627755940676,0.04831199912572273,0.25662601015535674,0.24773813296825775,0.0269849020452856,nan,nan,nan,0.9290790719714196,0.5427702815290435,0.0,0.0905263903399513,0.0,0.0,5.0,3.3333333333333335,1.0268470685511275,2.0205403899297436
2.3000000000000003,0.398859705290101,0.036966142760329515,0.20241184197732537,0.9016526849775754,0.31662278851886533,0.3155580072080894,0.056690201295722255,0.1977756389463119,0.9016420099977862,0.2781165874103703,0.04731080234996567,0.2583980232924394,0.24858519383423605,0.028553725926707154,nan,nan,nan,0.8967766615349811,0.6449334204054898,0.0,-0.11398480639854562,0.0,0.0,5.0,3.3333333333333335,0.7546292303847082,1.9705930426324394
2.35,0.4524430026994208,0.046186152710037134,0.2220515383821476,0.9078930296456047,0.3331812150816336,0.3686997560756356,0.06757779548300641,0.21552028641993368,0.9088227711177725,0.31510524472795837,0.04848644296404971,0.26096010360432037,0.2498627702685217,0.030963793908655113,nan,nan,nan,0.8986669029527451,0.6518511941295526,0.0,-0.12787098984459216,0.0,0.0,5.0,3.3333333333333335,0.7537058872799667,1.968815727675756
2.4000000000000004,0.4882591014046102,0.05290600085652261,0.23558298923866297,0.9114931846929327,0.33983985177789955,0.40514368393603484,0.07012419396664867,0.20636647848527104,0.9129774243553032,0.29797240517299073,0.07692866264530017,0.26260528798471866,0.2506835907658153,0.027766138032923195,nan,nan,nan,0.9019675278135245,0.6620120317421289,0.0,-0.1482897024210111,0.0,0.0,5.0,3.3333333333333335,0.7792465519982954,1.946478954410099
2.45,0.5420241124474914,0.06387356421655285,0.2563189352060075,0.9144905203076357,0.34978269538161955,0.3892787467437229,0.15330291380985284,0.22484769798143403,0.9123331138572249,0.30746336866982815,0.07669836005532185,0.234624736347887,0.22533553240782003,0.029975516377380454,0.1007788798243131,0.432565029387451,0.7380082399790336,0.8939837461451949,0.6710046792156179,0.0,-0.16638642474857668,0.0,0.0,5.0,3.3333333333333335,0.7058376740539762,1.9458620963415132
2.5,0.5778537240908025,0.07178280421347207,0.2703875906511267,0.9182641189341073,0.35045725473044526,0.42470319756962877,0.1625747815464547,0.24106248766437632,0.9189188473337341,0.2836119079342295,0.07130640162176446,0.23617053350428974,0.22624606824486412,0.02703841661592812,nan,nan,nan,0.9181878573316175,0.6321625070955968,0.0,-0.08837726264671725,0.0,0.0,5.0,3.3333333333333335,0.8869656325176691,1.951500257250325
2.5500000000000003,0.6317722819831824,0.08463764053508113,0.2912855803118499,0.9259622546485866,0.3465228919951534,0.47836177149710685,0.17598944763540073,0.25901474097387656,0.9276555194162422,0.31514069976161924,0.07237795464911542,0.23842936061821057,0.2276549307299545,0.029075164013488607,nan,nan,nan,0.9222040684454453,0.6381168844331377,0.0,-0.10031255219171706,0.0,0.0,5.0,3.3333333333333335,0.8964577498044772,1.9532628500570965
2.6,0.6677999650694446,0.09387595790039382,0.3050790788067244,0.9304231152228905,0.343155660976374,0.5150147801398723,0.18194787788652952,0.25813073985180607,0.9326954869158238,0.26757211769596223,0.08626515817597089,0.23989578034310197,0.2285554008640261,0.026363819261257956,nan,nan,nan,0.9255254196173934,0.6473903350659207,0.0,-0.1189152968107037,0.0,0.0,5.0,3.3333333333333335,0.9197669928058329,1.9291964075073076
2.6510000000000002,0.7218714047001261,0.10872669244495364,0.3255789837147251,0.9352855745164768,0.3416126079117645,0.537438869918738,0.18079093047878805,0.27564935758058473,0.936221082155881,0.293100171409447,0.08693179009803172,0.21827490153741153,0.20923485365549688,0.028240600351641682,0.36570532609132245,0.09817039882487989,0.11659755789777254,0.9222576792401502,0.6550464783217352,0.0,-0.1342890142528475,0.0,0.0,5.0,3.3333333333333335,0.8655503120841176,1.942624182956473
2.7,0.7578757952054666,0.11927527344319046,0.33924869699340426,0.9379162182569113,0.3409549109201959,0.5719358756079472,0.19782270008077552,0.31093949540327254,0.9397421810809797,0.30995520539459925,0.062068819603734504,0.21971153988560616,0.2102189605245786,0.025728351241445742,nan,nan,nan,0.9263980854790925,0.6617139623833245,0.0,-0.14769029968450115,0.0,0.0,5.0,3.3333333333333335,0.9005089416090613,1.9284676145570878
2.75,0.8118311996977836,0.13608075796870062,0.3595281645074826,0.9433934668301284,0.33398037388872065,0.6256368370399265,0.21537129686569814,0.3293679974524508,0.9462831576900551,0.31494959524562355,0.06252817812583208,0.22183474472602346,0.2117478425605897,0.027462574879952198,nan,nan,nan,0.938255877291286,0.6641821491188825,0.0,-0.15265450659906032,0.0,0.0,5.0,3.3333333333333335,0.9952251246995482,1.91476634373522
2.8000000000000003,0.8478010011877544,0.1479577011191627,0.3727375336461924,0.9474486607220935,0.3275620008793493,0.6609765566726765,0.22960457452754116,0.3462614446988126,0.9508577343240088,0.29561058842469506,0.05669087933735261,0.22322400487417343,0.21272433006184469,0.025129095270242048,nan,nan,nan,0.9419653507268101,0.671726986500366,0.0,-0.16784112532275167,0.0,0.0,5.0,3.3333333333333335,1.016310750177856,1.9026290532201027
2.85,0.9017235205223741,0.16677411684934654,0.3920846633818306,0.9532402609796398,0.3186443010232246,0.8182008418161778,0.2284016869697607,0.363212556338778,0.9621496358203685,0.2767746504019633,0.05683648790070374,0.2055770865797941,0.19708107853222517,0.026735687991456644,1.3149772526260102,0.09757302530944748,1.3449101902624303,0.9462633744899547,0.6755786603794582,0.0,-0.17560127186965396,0.0,0.0,5.0,3.3333333333333335,1.036226196932727,1.902183557486714
2.9000000000000004,0.9376075935479726,0.1799708592525244,0.40477066084157093,0.9552459034240742,0.3170702007670948,0.8531259868878519,0.24569920075156712,0.38651691356107326,0.9626592651708301,0.3153199460871055,0.04677413849876942,0.2069734316378348,0.19813477169942872,0.024436977796067707,nan,nan,nan,0.9373192931371598,0.7191526898784651,0.0,-0.26381447663663204,0.0,0.0,5.0,3.3333333333333335,0.9346840541361924,1.8991383200208873
2.95,0.9911839824802187,0.2006686666848888,0.42375688222077634,0.9573721411567693,0.31411570522529547,0.9065420095076502,0.2677372724430996,0.4040920385678924,0.9646257422610149,0.31932047249141804,0.04701857345485215,0.2090521388578724,0.19977613364683242,0.02592675493131645,nan,nan,nan,0.9443831223747762,0.7215995978030014,0.0,-0.2687950600276193,0.0,0.0,5.0,3.3333333333333335,1.0059112683545037,1.880307776640227
3.0,1.0267618364223081,0.2150764633760686,0.43622685804853695,0.9594653493901717,0.30974432170956545,0.9419664630229726,0.28309872247270074,0.4159084168122398,0.9667423472419352,0.27586756095641185,0.04664013237311484,0.2104250628716562,0.2008746678134192,0.02692828005648796,nan,nan,nan,0.948271660240048,0.7271417745732042,0.0,-0.28008815421881467,0.0,0.0,5.0,3.3333333333333335,1.0357238204239547,1.8740515602364323
3.0500000000000003,1.079928139681573,0.23760361737031582,0.454616556448558,0.9628222587491206,0.30437020557079236,0.9946277794783389,0.30780232922839196,0.43606783157110174,0.9697815604521354,0.28471059269025567,0.04482882515135965,0.21245657761503034,0.20246197973443922,0.025086439903438253,0.7226382791650909,0.4723876667440625,0.3447211700044411,0.9509202524808907,0.7305083423368927,0.0,-0.28695660651634974,0.0,0.0,5.0,3.3333333333333335,1.0362012815085002,1.8870879183622518
3.101,1.1328502222708097,0.26121918183811527,0.47268442453044585,0.9665394438759559,0.2980922063729782,0.9885378364063238,0.34675806297746803,0.4474983611742505,0.9708454402915887,0.26263137801413644,0.04460435890893496,0.19692739134377749,0.18882206935809928,0.026009974723288032,nan,nan,nan,0.9557260668483717,0.7347467323593062,0.0,-0.2956132058153411,0.0,0.0,5.0,3.3333333333333335,1.0759910466574738,1.875026972922688
3.1500000000000004,1.1680208022363219,0.2775721872512227,0.4844444732558636,0.9701431246338498,0.29123379006490274,1.0379513414771733,0.3804458663233567,0.4845669787869076,0.9758341600351199,0.24361165260352144,0.02743907671485876,0.19899869833155923,0.19052325370062068,0.02435861138551201,nan,nan,nan,0.9638530794944906,0.7171900775736092,0.0,-0.2598219834662285,0.0,0.0,5.0,3.3333333333333335,1.139375519298983,1.8718101813025487
3.2,1.2206602307576386,0.3030326718526084,0.5014957411738677,0.9764644653716508,0.27808135499656206,1.0725799579729718,0.39852935785269616,0.49670970162472056,0.9805825175261572,0.3176677461117965,0.028407163548798128,0.200374906584932,0.19169224933489717,0.02522313275372706,nan,nan,nan,0.9731353045002639,0.7168850798355713,0.0,-0.259201717735663,0.0,0.0,5.0,3.3333333333333335,1.2156599226772231,1.8535126999676823
3.2510000000000003,1.2556882483698337,0.3206243904186923,0.5123242028368269,0.980600922570271,0.26605759875709767,1.1265356274667795,0.4213329910850191,0.4997759959364161,0.9867134193059458,0.23704724533160298,0.03830065665866808,0.20241793737095448,0.1933853632263055,0.023721450795500802,1.0816295150279447,0.5866254335645915,0.10216993214157731,0.9754102404555517,0.7189312202719284,0.0,-0.2633638436512478,0.0,0.0,5.0,3.3333333333333335,1.2610469711574719,1.8115873416234145
3.301,1.3080761502148797,0.34789045791456286,0.5278904882118408,0.9853333553737034,0.2559924026803012,1.1553309572322839,0.4617059603049654,0.5096754011013621,0.9897840594146512,0.23669292220565616,0.03833165920930991,0.18902913315906336,0.1815891145905116,0.02452680153527677,nan,nan,nan,0.974897586416059,0.7243117132850163,0.0,-0.274319294364,0.0,0.0,5.0,3.3333333333333335,1.2501432323395891,1.8210415155576183
3.35,1.3428728509215673,0.3666238783209161,0.5379733984333311,0.9883548888062108,0.2493659648350371,1.2069562452797826,0.49130226251596393,0.5249285629793836,0.9939941381995796,0.22936622769604098,0.03782098952574831,0.19112568450007503,0.18338357145270767,0.02315271828657673,nan,nan,nan,0.978861191696568,0.715654554721067,0.0,-0.2566997285125464,0.0,0.0,5.0,3.3333333333333335,1.2501432323395891,1.8210415155576183
3.4000000000000004,1.3775655660343809,0.3857903310260466,0.5477888077327346,0.9912210520597237,0.24259043278284423,1.2413561024566822,0.5112928559076088,0.5340623500999326,0.9967266442110265,0.22795988423439417,0.03791697242509715,0.19252178440212114,0.1846124724710502,0.023914497648353697,nan,nan,nan,0.9814910321806158,0.7176270232934684,0.0,-0.26071067395670483,0.0,0.0,5.0,3.3333333333333335,1.2699575009741768,1.808802044486179
3.45,1.429394681599574,0.41532220347534177,0.5620083728786189,0.995092885852641,0.23280350761081287,1.2891849112651852,0.5495773930235166,0.5640905124438341,1.0002702056157873,0.22751619430643208,0.026165473010305314,0.1945869877366388,0.18639911544638804,0.022565707243733663,nan,nan,nan,0.9829788551180297,0.7188305931608721,0.0,-0.2631591023673447,0.0,0.0,5.0,3.3333333333333335,1.2818224237424456,1.7998490726949385
3.5,1.4638024783972003,0.4355130149997706,0.5711341728661965,0.9977990869237459,0.22430962426882722,1.312900461740389,0.5401990947184228,0.5733513645803292,1.0018796385218427,0.22858961333084366,0.026403687688386912,0.1825972614238235,0.17579736684680308,0.023276864460421487,1.2361830031272203,0.31109979541505517,0.23435777683602418,0.9884516710295628,0.7162129959418571,0.0,-0.257835091622761,0.0,0.0,5.0,3.3333333333333335,1.3459770774013973,1.7679426244424907
3.551,1.515211370203528,0.4665364956060236,0.5841283255583467,1.0016625144208977,0.21130350911637902,1.3657958494952482,0.5681779283865798,0.5758869735299182,1.0055566149524406,0.21513573150756604,0.03402286404139845,0.1847138561849898,0.17767806425455185,0.0220419566835101,nan,nan,nan,0.9889767953553371,0.7266572089233813,0.0,-0.27910008295691496,0.0,0.0,5.0,3.3333333333333335,1.3459571187057424,1.7625265924450453
3.6010000000000004,1.566337457676887,0.49838743577936423,0.5964912109359705,1.0044375747048027,0.20277740301673491,1.3994813225061882,0.5901922063013282,0.5835621969448336,1.0072365340638414,0.17729365417372056,0.033906694633280436,0.18612590686901753,0.1789621918498764,0.02271926748737369,nan,nan,nan,0.9882280073055353,0.7294783932786265,0.0,-0.28485461316829774,0.0,0.0,5.0,3.3333333333333335,1.327701673109054,1.767000484003764
3.6500000000000004,1.6002460269277092,0.520049820670739,0.6045087423319435,1.0059875805743186,0.1989945435008756,1.4456198973005476,0.6315653696420115,0.611091557152244,1.0094407539499033,0.17830163664476348,0.02342648414508459,0.18821143938332804,0.18083610275716455,0.021694857027228998,nan,nan,nan,0.989346845133327,0.7296589028432362,0.0,-0.28522296523880425,0.0,0.0,5.0,3.3333333333333335,1.3245595697388999,1.773108868008754
3.7,1.6340167726967896,0.5420428141011233,0.6123415618655162,1.0077427966911594,0.19285008703377987,1.499161305067781,0.6946996235908025,0.6187178463680456,1.0134008984943585,0.15631803275008496,0.02331862110822496,0.17742452588772065,0.17124749749900695,0.02233299299493179,1.6163637143137861,0.9807881517342552,0.48473324249612826,0.9934820492232793,0.7253285364824363,0.0,-0.2763914889954846,0.0,0.0,5.0,3.3333333333333335,1.3849456805692466,1.7382517829509372
3.7500000000000004,1.6844355049470505,0.5756422043991465,0.6235072800685549,1.0104462024126584,0.18091247172647837,1.5484134214146592,0.7305089261387191,0.6310491553112287,1.0155105027773519,0.19238871786544215,0.02301839738051378,0.17956078320968835,0.17320724502048293,0.021244809185540257,nan,nan,nan,0.9954536319745827,0.7141098493702773,0.0,-0.25356004380925234,0.0,0.0,5.0,3.3333333333333335,1.4054183617937361,1.7207303383373096
3.8000000000000003,1.717886911444108,0.5984299163486532,0.6305360221130163,1.0120511590761363,0.17192077399495648,1.581208451983083,0.7544960963148492,0.6393789609211895,1.0167769630398316,0.2051825807773388,0.02317729724649443,0.1809862071626111,0.17454275581473444,0.021856196549039933,nan,nan,nan,0.9966527641261554,0.7128917465916302,0.0,-0.2510850616863465,0.0,0.0,5.0,3.3333333333333335,1.440912753707516,1.687538372906117
3.85,1.767820752765608,0.6331584956926115,0.640335012174506,1.0141878074944857,0.15697163785638085,1.630674857856041,0.7900698570983021,0.6474975293670511,1.018403782734431,0.15376570338975393,0.02437047400622884,0.1830921434548682,0.17648919244377956,0.020785869477384335,nan,nan,nan,0.9973626690034053,0.7120218004174456,0.0,-0.2493179395724826,0.0,0.0,5.0,3.3333333333333335,1.4599170356421711,1.6694347375537812
3.9000000000000004,1.800947072529871,0.6566548371813923,0.646403877777157,1.0154121841446422,0.14879753650295363,1.6859566430713877,0.7047925455632266,0.6530288662138767,1.0168452432755763,0.14762846476150937,0.024774122406540103,0.17322527598737444,0.16766071406231997,0.02136331246448558,1.8713832588470642,-0.19055156666491402,3.6881125319291397,0.9979870523754091,0.7109581205034078,0.0,-0.24715780648619323,0.0,0.0,5.0,3.3333333333333335,1.4523503364017984,1.6760894010551421
3.95,1.85037849050545,0.6923737085373315,0.6551414160068937,1.0163786838193571,0.14580392215167187,1.7343105823314107,0.7420407916197017,0.6617822165402112,1.017768527888493,0.12570279776574567,0.024753939384400223,0.1754021317731864,0.1697358410505147,0.022241847091767297,nan,nan,nan,0.9942138759632755,0.7606551876619263,0.0,-0.3487776357559266,0.0,0.0,5.0,3.3333333333333335,1.3698174605058901,1.7320397702113888
4.0,1.8831462754795794,0.7164745654623969,0.6609958866604163,1.0167724651612624,0.14640188645397068,1.763329178312359,0.7718929662718476,0.6781619248814178,1.0182008128684006,0.15995720887374562,0.019422387558566068,0.17682172613389993,0.17106236545098955,0.020877737755926693,nan,nan,nan,0.995313842255258,0.75863078222654,0.0,-0.34460716125686564,0.0,0.0,5.0,3.3333333333333335,1.3791716364724989,1.7275696981463093
4.05,1.9320326769582925,0.7530410193466031,0.6696956704341688,1.0175891499083858,0.1423874820132502,1.81084694916889,0.8103084267821937,0.6882031865613909,1.019048740439855,0.19487169056575376,0.019585339090015162,0.17896783238533345,0.1731266212687985,0.021715253995904217,nan,nan,nan,0.9970965965788934,0.754382781193455,0.0,-0.33586527143573564,0.0,0.0,5.0,3.3333333333333335,1.4293753147900352,1.6892489280176917
4.1000000000000005,1.9644576149061939,0.777689949359545,0.6752493002959546,1.018233178945327,0.13607159586630752,1.8464803009322805,0.8300028873129444,0.6822149059719393,1.0197072700542948,0.12229347568916282,0.025865178042712104,0.1803660442379408,0.17443933177086274,0.020449459461940177,1.1870920489082009,0.8620051528648022,1.543329891696482,0.9979875662922014,0.7516556735391708,0.0,-0.33025979302928155,0.0,0.0,5.0,3.3333333333333335,1.4639374773136982,1.6582089220547525
4.151000000000001,2.0128495503753903,0.8150530739104154,0.6831464490330909,1.0189713004626209,0.130096684025578,1.8179657615189737,0.8691997776065096,0.6910285769957305,1.0174124705542236,0.1503202207857471,0.02582296890790366,0.17184576353982556,0.1668149424354882,0.021245366006076856,nan,nan,nan,0.9974745254293663,0.7532999014455295,0.0,-0.3336388385631608,0.0,0.0,5.0,3.3333333333333335,1.4195085552857334,1.6954509473702277
4.2,2.0609525643999453,0.8528626615539859,0.6907003681935322,1.0199939683335597,0.12131701330422506,1.8570102144655911,0.8840751891017705,0.6744070860255459,1.0186095966511906,0.1155030622721672,0.037101940665752245,0.173283674678154,0.1681740996928343,0.020064207405380813,nan,nan,nan,0.9992542243049211,0.7296515859519538,0.0,-0.28520803384943827,0.0,0.0,5.0,3.3333333333333335,1.4893203348113102,1.6458416013559984
4.252000000000001,2.092870716425343,0.8783103807969437,0.6954798140736529,1.0204571452123454,0.11897184160104626,1.904695870358329,0.9223473241005373,0.68114569428612,1.019794474183318,0.11242577337870932,0.03711742715234473,0.1754619698283356,0.17027709572303373,0.0208338176527953,nan,nan,nan,0.9982131419258521,0.7341965578661165,0.0,-0.2944889090474053,0.0,0.0,5.0,3.3333333333333335,1.4368775363706845,1.6853498130976845
4.300000000000001,2.124663050162566,0.9039378548294243,0.7001977710420612,1.0208055731314425,0.11703794580970268,1.9386055879838566,0.9449273061511578,0.6805966678057099,1.020347487755224,0.13585824515758885,0.04005007866592837,0.17688042567426865,0.17161886618993172,0.01972321466278812,1.59227752884946,1.0903454157625825,0.5039275806569761,0.9987296589201605,0.7315562116821127,0.0,-0.28909581053757394,0.0,0.0,5.0,3.3333333333333335,1.4492235520953338,1.6725249017773263
4.3500000000000005,2.1721191998953744,0.9426996267780545,0.7070825612913801,1.0211950485567116,0.1128883914972159,1.94816311259833,0.9973148070912861,0.6878157696413933,1.0199145130115632,0.09976439808507723,0.03989411397290178,0.16896460099209287,0.16446629331304882,0.020457971612086952,nan,nan,nan,0.9987012933522,0.7315670092149404,0.0,-0.2891178568470343,0.0,0.0,5.0,3.3333333333333335,1.4560178884627035,1.6627624361753988
4.4,2.2036040406140125,0.968744953404614,0.7115083240376237,1.0214882103372813,0.10879841651643488,1.9734986072931158,1.0316868754877966,0.70750251758201,1.0205795070772294,0.08575704852977496,0.03213875467294392,0.17041489291313794,0.16585730045845296,0.0194093878471143,nan,nan,nan,0.999688749652544,0.7127663806529932,0.0,-0.25083038204925256,0.0,0.0,5.0,3.3333333333333335,1.4845772456458002,1.642387185933729
4.45,2.250616987031411,1.0081103540732537,0.7177115901817812,1.0219862014477221,0.0982668435408092,2.0199762516023414,1.07158208287782,0.7135194155751113,1.0213866344609694,0.08175729634090738,0.032166560822043694,0.17261162036315672,0.1680033327327658,0.020123992869496257,nan,nan,nan,0.9999870884777089,0.7044063171007389,0.0,-0.23386465751970176,0.0,0.0,5.0,3.3333333333333335,1.527029712159304,1.598376906120038
4.503,2.2973792310620955,1.0478085424075543,0.7231894964708577,1.0223083772575463,0.0865742615948629,2.0680267723306427,1.0928963420169717,0.714870177765484,1.0212769903514514,0.05955290215339758,0.03374830131842799,0.165096630357969,0.16113747084936755,0.019352561345035844,2.0628253093192472,0.9310941683906578,0.09862805247956229,0.9999329880338248,0.7019424803483308,0.0,-0.2288710356684719,0.0,0.0,5.0,3.3333333333333335,1.5308743437191965,1.5924254029708087
4.553,2.328418290739262,1.0744445779529475,0.7264843523651334,1.022433017243113,0.07992756705141857,2.098873960485908,1.119683218145251,0.7179541103186459,1.0215972126955755,0.0740876315640498,0.03378778530568075,0.1665910713439127,0.16260457005608878,0.01981350642277204,nan,nan,nan,0.9998996752052699,0.703788908429108,0.0,-0.23261304651065684,0.0,0.0,5.0,3.3333333333333335,1.5293726019127183,1.5899367752225961
4.6000000000000005,2.3593530957599897,1.1012071509804235,0.7295370242105302,1.0225276887467902,0.07425844357093955,2.1270533583584235,1.1499332762244736,0.7270786950726755,1.0218569855626796,0.06462960523980957,0.030983400060683525,0.16805155482590542,0.1640231748907742,0.018865242052084775,nan,nan,nan,0.9998996752052699,0.703788908429108,0.0,-0.23261304651065684,0.0,0.0,5.0,3.3333333333333335,1.5293726019127183,1.5899367752225961
4.65,2.4055694353442716,1.1415699102727488,0.7337036434211129,1.0225603214759305,0.06561778963321088,2.1728118179174865,1.190749484857397,0.7307796373881184,1.0220813951353582,0.05241264776484848,0.030986167981195547,0.1702649554586492,0.16620504372581732,0.019534678259004245,nan,nan,nan,0.999608084360535,0.6990807936589826,0.0,-0.223074594311496,0.0,0.0,5.0,3.3333333333333335,1.5443663284994786,1.5707188452821457
4.7010000000000005,2.4515739782950763,1.182166702848574,0.7373269059480873,1.0224405167196244,0.05668873392625491,2.2015318055323987,1.2202120513571075,0.7362485803368006,1.0220775489859462,0.03695653091831537,0.02932021218672732,0.1717013336842954,0.1676064422911312,0.018627635865822514,nan,nan,nan,0.9993543150358019,0.6948420676035532,0.0,-0.21449568240109362,0.0,0.0,5.0,3.3333333333333335,1.5496491305654894,1.5615968325176641
4.755,2.482132436560915,1.209346128217975,0.7394464066549078,1.0222673902581472,0.050733752495224924,2.2920417975044804,1.2380531550837497,0.738210763918783,1.022995021447475,0.03180777736313436,0.029469737490271562,0.16448863071227818,0.1609948584746359,0.019359023194082958,2.6528606612673427,0.9821093273460386,0.9124301781061983,0.9995454764617838,0.7080592142295442,0.0,-0.24127354273883217,0.0,0.0,5.0,3.3333333333333335,1.5313369390651304,1.5763685691877536
4.8020000000000005,2.527815370111006,1.250268765112961,0.7422865132463382,1.0220445838771086,0.045790162913717646,2.3214917323983375,1.2665934299912556,0.7419216516473979,1.0227855127899843,0.021787567752683604,0.028708212437456217,0.16595702665990775,0.1624364758486899,0.018448194062605023,nan,nan,nan,0.9995454764617838,0.7080592142295442,0.0,-0.24127354273883217,0.0,0.0,5.0,3.3333333333333335,1.5313369390651304,1.5763685691877536
4.8500000000000005,2.5581755908156305,1.2776446711439304,0.7440499414855669,1.0218792236088199,0.0429998032093537,2.3666844245594985,1.3080999125810147,0.7443096076719251,1.0224571733709613,0.022300081462429257,0.02871570389172148,0.16818399298096737,0.1646477386085971,0.019077740206652823,nan,nan,nan,0.9992963421404275,0.704405244637721,0.0,-0.23386248326600168,0.0,0.0,5.0,3.3333333333333335,1.5372945082139635,1.5678725699935372
4.901000000000001,2.6035844242057413,1.3188322533164334,0.7464534957485698,1.0215836521966986,0.0377771928367159,2.397316297568283,1.335139683195399,0.7449438807098671,1.0221902868392632,0.04200541664875583,0.02921746285522417,0.16962987586055506,0.16606962807848938,0.01823242969682973,nan,nan,nan,0.9990066289964606,0.6997330328496074,0.0,-0.22439539742000658,0.0,0.0,5.0,3.3333333333333335,1.5470605328858067,1.5556023145114373
4.95,2.6337757278648732,1.346364194620774,0.7478537950126148,1.021371537857346,0.033268043582082504,2.426568072585655,1.2959319717235405,0.7470736632925536,1.017989436638403,0.04392136591267604,0.029367933096532756,0.16274782342785543,0.15970650959943047,0.01883931193176258,2.3022551169338774,0.5490025990682279,2.3434787685701712,0.9988515337384036,0.6970129688038479,0.0,-0.2188884542901992,0.0,0.0,5.0,3.3333333333333335,1.5594106392720206,1.541645832378426
5.001,2.6789614809621147,1.3877695230582343,0.7497338937620841,1.0215698532409625,0.030948331392529782,2.455459313682582,1.3247792102138582,0.7502884671910914,1.0187081730371117,0.02514554109214504,0.02852027573901115,0.16422566046813183,0.16116623573620076,0.018027345416704987,nan,nan,nan,0.9996621842663468,0.7210800196357495,0.0,-0.2677372075027449,0.0,0.0,5.0,3.3333333333333335,1.5364855760705272,1.582739878076874
5.050000000000001,2.709030409839782,1.4154469347061938,0.7509526472903603,1.0217022716703004,0.030134359896394607,2.500153146374741,1.3664995757595266,0.7520122417498705,1.0194981324251016,0.017404194495955108,0.02851637141836431,0.16646816023392788,0.16340062312026638,0.018624779428077935,nan,nan,nan,0.9994513028095046,0.717160008852682,0.0,-0.2597608313316977,0.0,0.0,5.0,3.3333333333333335,1.5374402452244298,1.5769794784590005
5.1000000000000005,2.7390560395824823,1.4431750098614948,0.7521277300433933,1.0217179608324063,0.02878247912663335,2.531404033575159,1.3926450174947607,0.7501513697389446,1.0197712887549373,0.013143197857128771,0.029654932059882833,0.16792431680894385,0.16483928971545,0.01784180861445018,nan,nan,nan,0.9992107135125984,0.7122783685905473,0.0,-0.24983906666394007,0.0,0.0,5.0,3.3333333333333335,1.541796338345251,1.5673150656624402
5.15,2.784013976007758,1.4848488764752792,0.7537760168838973,1.021625115963858,0.02661603555777358,2.5551678939846756,1.4690360410569536,0.7523331107018634,1.0205984615710144,0.022241884164816428,0.029558086289782994,0.1611755265792134,0.1585396991650484,0.018418733287185816,2.3377786154166555,1.7808401294592233,0.6505852889766768,0.9991981315232346,0.71010200856562,0.0,-0.2454196174348302,0.0,0.0,5.0,3.3333333333333335,1.5397910471534832,1.567371614127995
5.2,2.813932380210176,1.5126778675028918,0.7547573321377298,1.0213282620951412,0.02239123462383861,2.5878446646461244,1.4936186624939483,0.74662872714753,1.0203010269602746,0.019106625071143517,0.031773740540054364,0.16266452395876918,0.16001184299623952,0.01766319915789432,nan,nan,nan,0.997748447987247,0.6852153420436341,0.0,-0.1950402618273661,0.0,0.0,5.0,3.3333333333333335,1.576762404532958,1.5151876223200242
5.25,2.8587259027416403,1.5544682258967137,0.7558272434234662,1.0207841785602452,0.015086037703531363,2.6327703142017747,1.5351931004983708,0.7471492290123409,1.0199763861428062,0.011493617048087794,0.0317727889344417,0.16492501274246515,0.1622604427128603,0.018233075738111153,nan,nan,nan,0.9980433467524025,0.6840620960614581,0.0,-0.19271209552303126,0.0,0.0,5.0,3.3333333333333335,1.5700624916696833,1.524023663137299
5.301,2.9034318818870335,1.5963098967333835,0.7565216011567447,1.02030883759595,0.00906917437502108,2.664917934592907,1.5603870664913575,0.7433463193127583,1.0197382634121928,-0.0033544728459743776,0.033330982835945044,0.1663937403195691,0.16370932977084537,0.017501365685506753,nan,nan,nan,0.9976969896610066,0.6792685269184352,0.0,-0.18304033876858616,0.0,0.0,5.0,3.3333333333333335,1.5738738217959458,1.5173043796375651
5.3500000000000005,2.933193580105153,1.624226904749612,0.756812456302701,1.020029767795477,0.006339873501799995,2.6952412460792385,1.5672943624736277,0.7438531562110741,1.017281173969394,0.054991516493373804,0.033427264717264635,0.15988950072476169,0.15758172083471142,0.018052685476194298,2.568991174555977,1.2453487692645575,0.47850332649702826,0.9978471121120474,0.6777161308404207,0.0,-0.17990998328771934,0.0,0.0,5.0,3.3333333333333335,1.5652966925355467,1.5267009612723963
5.401000000000001,2.9777900874541916,1.6661338707237228,0.7570220814874166,1.0199197867130252,0.0011096186944598721,2.7245199211213302,1.5956003098755394,0.7449528323566598,1.0176307005840641,-0.030861053582173472,0.03291712088580886,0.1613898927596483,0.15906338344829465,0.0173438499279926,nan,nan,nan,0.9981614937107645,0.683205486569317,0.0,-0.19098311246425959,0.0,0.0,5.0,3.3333333333333335,1.5859284621053416,1.5149970191660374
5.45,3.007499271625569,1.6940915110557204,0.7570298992095617,1.0198279922292375,3.711766925384347e-05,2.76941094266216,1.6369997912258507,0.7452486657324009,1.017962717549487,-0.010330125732289813,0.03293757162815444,0.16366760641599679,0.161323614719999,0.0178897129339105,nan,nan,nan,0.9978640708573374,0.6795817387203993,0.0,-0.18367202738805055,0.0,0.0,5.0,3.3333333333333335,1.5567924605441046,1.5397190907453655
5.5,3.0371918469750847,1.7220588024130237,0.7570026441504716,1.0196576439651708,-0.0014546682910852508,2.797173717379883,1.6670385432725883,0.7488095036566866,1.0179951505104294,-0.01933500866679334,0.03153599352910737,0.16514602664757438,0.16278332838784382,0.017200989562151207,nan,nan,nan,0.9975228216114906,0.6748469356384791,0.0,-0.17412663520253924,0.0,0.0,5.0,3.3333333333333335,1.5705303494105143,1.5212363106579454
5.550000000000001,3.0817021813370715,1.7640144756619416,0.7567869472122386,1.019250949025924,-0.00536953236083187,2.841913511568447,1.7086199055294142,0.748538497940995,1.0178834616251675,-0.018763474502072153,0.0315403164384704,0.1673912001626841,0.16501177990544097,0.017736055758127384,2.6439910522069874,2.2647195885020235,1.2616558239488769,0.9969027647070178,0.6700842164119897,0.0,-0.16453289930418746,0.0,0.0,5.0,3.3333333333333335,1.5767546281484004,1.5089065714186616
5.6000000000000005,3.1113579172848205,1.7919802707005932,0.7564949105958807,1.0189005453030369,-0.008570158530792921,2.8553638410841993,1.7895680041067221,0.747823257560375,1.01914730670217,-0.008594257432089011,0.031550081484907275,0.16020993748213547,0.15815810887216092,0.017060489154119514,nan,nan,nan,0.9965314276193332,0.6652248807689249,0.0,-0.15475228721489964,0.0,0.0,5.0,3.3333333333333335,1.582433127046118,1.4995297170307613
5.65,3.1558132835913653,1.8339039995931397,0.755717684460973,1.0178552610413507,-0.01786091495777707,2.900185125093289,1.8311370532993165,0.7475516448645116,1.01789654577191,-0.015095933242616547,0.03155504076360245,0.16249986740012604,0.1604297549782033,0.017585394554366397,nan,nan,nan,0.99349331098809,0.6337823311957179,0.0,-0.09162347189358666,0.0,0.0,5.0,3.3333333333333335,1.6231308469483203,1.43008807901221
5.7,3.18542369289813,1.8618146013112693,0.7548032735921691,1.0169285015320615,-0.025665929497490553,2.9275852364660815,1.861525952338727,0.751701814708782,1.0169518996944116,0.004683856483564038,0.03009502220480539,0.16398660496195955,0.1618984207297429,0.01693326580103595,nan,nan,nan,0.9931624687841505,0.6305444875897037,0.0,-0.08513513380810989,0.0,0.0,5.0,3.3333333333333335,1.6208804477954244,1.4316509314962294
5.751,3.2298124269765305,1.9036125739123515,0.7528730579872915,1.0155962447606208,-0.03728021612484515,2.9721554079667145,1.9031579484755166,0.7495482494297008,1.015572956549185,-0.04061626902192733,0.03007234805334734,0.16624380538896866,0.16413798584369405,0.017448566590358126,3.298909248960614,1.7581538073873062,0.456262057180811,0.9920483042143438,0.625509450176797,0.0,-0.07504888857284664,0.0,0.0,5.0,3.3333333333333335,1.6395553349770808,1.405684441480091
5.800000000000001,3.259395677376976,1.9314238694796684,0.7512060886054339,1.0147665188535888,-0.043896350175355744,3.0353559863016075,1.9167436542508325,0.7445839563367382,1.0156274700424486,-0.020095145063086035,0.031243722999726147,0.1592385392888986,0.15741526147013973,0.016807027591356688,nan,nan,nan,0.991692174007694,0.6205571266804562,0.0,-0.06513205681055223,0.0,0.0,5.0,3.3333333333333335,1.6263310425490751,1.4190140635772062
5.851,3.3037819265367374,1.973055742939552,0.7483354106746353,1.0139942743932044,-0.049899988431652956,3.080185707223914,1.9579875002807792,0.7422472373087885,1.0147877422674425,-0.033764967890174434,0.03123982716276625,0.16154236308001865,0.15969501278432643,0.017313339828536275,nan,nan,nan,0.9937157786819074,0.632416097512628,0.0,-0.08888543952532646,0.0,0.0,5.0,3.3333333333333335,1.6173007631768315,1.4429149982250509
5.9,3.333400367972397,2.0007567166910265,0.7462732075059986,1.0137099879920786,-0.05248908121861029,3.1055056744340317,1.9904577941001524,0.748276346013891,1.0144140688734997,-0.06169984176721595,0.028653957809975206,0.1630383557924777,0.16117061279650546,0.016692794529721916,nan,nan,nan,0.9934465793340403,0.6276995084931232,0.0,-0.07943554028881006,0.0,0.0,5.0,3.3333333333333335,1.6156280987599632,1.4438931048070314
5.9510000000000005,3.3778827589924774,2.042213530651404,0.7429888378321575,1.0130988814187574,-0.05656516428277837,3.150157261766253,2.0318001638561483,0.7446127703830845,1.0136395540251253,-0.05674208514881709,0.02865710619078414,0.16530970965502126,0.16341782297672303,0.01719057546232495,2.544139463772767,2.738282730924153,3.1492045853940467,0.9919394721315197,0.6212221852016093,0.0,-0.06646361353903307,0.0,0.0,5.0,3.3333333333333335,1.6178413091575081,1.4296643767082375
6.0,3.4224357795916713,2.0835310285141926,0.7394361566876753,1.0123958809701883,-0.06111689819716224,3.1248494720400757,2.1234651059935263,0.742163270666552,1.013343527934939,-0.05963921173630197,0.028587951181590413,0.15844749527096022,0.15680248363691007,0.016578579023000695,nan,nan,nan,0.9917934563207005,0.6164114219650436,0.0,-0.05683292686988395,0.0,0.0,5.0,3.3333333333333335,1.6222201317919123,1.4253534177464655
6.050000000000001,3.452169030237507,2.1109758022744516,0.736788274558734,1.0109295621082306,-0.06978830457129133,3.169695605645124,2.164478336200298,0.7377681653672599,1.0113486956923836,-0.07497527609180901,0.028581817464077734,0.16076443349148345,0.1590894136173648,0.01706838338919595,nan,nan,nan,0.9854326682851978,0.5712665907040548,0.0,0.033475151143120385,0.0,0.0,5.0,3.3333333333333335,1.6604067371695688,1.3360627629611168
6.1000000000000005,3.4819171152865933,2.138314934440397,0.733788622710203,1.0095222785480722,-0.07783119975826665,3.202739993890747,2.188270513480386,0.7288834262439758,1.0099381791249886,-0.09298046100894308,0.030201599824196953,0.16227322294354896,0.16056675662692876,0.016475395043702025,nan,nan,nan,0.9853939247535037,0.5666438209332366,0.0,0.04272406229774739,0.0,0.0,5.0,3.3333333333333335,1.6576589651012277,1.3431896055182617
6.15,3.5265967136495395,2.179133268122524,0.7288066717785807,1.0080536717808222,-0.08579606123626071,3.247995089553023,2.228518439633743,0.7240765785042163,1.008497531511289,-0.06867803796658065,0.0302197437203602,0.16456426769308424,0.16281353380986183,0.01695763155008924,nan,nan,nan,0.9867493429348358,0.5659108872773305,0.0,0.04419062176259314,0.0,0.0,5.0,3.3333333333333335,1.6459640147783599,1.3687244941415686
6.2,3.556444002897556,2.2062244143533754,0.725274261357154,1.007441155525084,-0.08995192774243926,3.2412908204820496,2.2791048035497434,0.7221941130941322,1.0071758984356205,-0.07959078155661756,0.029967696095856214,0.1576869677382268,0.15615093715471304,0.016371349587057365,2.8739190049554173,2.511399819471643,0.812400399442825,0.9868492099862782,0.56172070146565,0.0,0.05257591012092533,0.0,0.0,5.0,3.3333333333333335,1.6575883654418988,1.3611333333850701
6.25,3.6013221901799453,2.2466652909577114,0.7196056484260024,1.00613539352674,-0.09845180352334945,3.286697700515632,2.318951109567621,0.7174571613176846,1.005895727567345,-0.06899336983349484,0.02997940718636985,0.16002319063668613,0.15843479192015208,0.016846507010427395,nan,nan,nan,0.9832394323532976,0.5388496423427959,0.0,0.0983851684759307,0.0,0.0,5.0,3.3333333333333335,1.6726757817081732,1.320151718677549
6.300000000000001,3.64632810953442,2.286832578592957,0.7133783582923034,1.0047733179826344,-0.10741667282176522,3.3161535285238424,2.3463350175239706,0.7137248772002377,1.0050575372687482,-0.12247123872225932,0.029512848751746583,0.1615450069100095,0.15991221219026536,0.016277810968041345,nan,nan,nan,0.9833213850661161,0.5345627384970149,0.0,0.10635209386177791,0.0,0.0,5.0,3.3333333333333335,1.6788351147749552,1.3173543219296264
6.3500000000000005,3.676417316895069,2.313454122004069,0.7089940139437481,1.0040143693209065,-0.11063459011150958,3.3617995012836017,2.385693921994088,0.7068381184489847,1.0037877697927202,-0.11721297111225257,0.02951505392975913,0.16385525500492457,0.16215737159353705,0.016746166528699816,nan,nan,nan,0.9832026193721481,0.5301786010447543,0.0,0.11279772896084794,0.0,0.0,5.0,3.3333333333333335,1.6595793041268994,1.3370897836265871
6.4,3.706584619406604,2.3399475924616375,0.7045039096928547,1.0034201379216492,-0.11321373799250631,3.38030781204634,2.379693941454814,0.705694531434605,1.0013355740445613,-0.10830361799607387,0.028647515488623657,0.15709170997773267,0.1555862225402045,0.016182813723629928,3.2950750325776643,2.049950806757382,0.4669454426370091,0.9834103320582391,0.5244333955570007,0.0,0.1202264869632943,0.0,0.0,5.0,3.3333333333333335,1.663755211396449,1.3563089663617165
6.45,3.7520080471369477,2.3794488197516537,0.6976076910748231,1.0031260268928195,-0.1157973131507524,3.4261030228602714,2.4185827370340194,0.698632095745169,1.0016086050276802,-0.14068544022874735,0.028625175998242117,0.159447473760031,0.15786795503766257,0.01664484625663683,nan,nan,nan,0.9849749823076845,0.5321272858561991,0.0,0.10496763777768159,0.0,0.0,5.0,3.3333333333333335,1.663755211396449,1.3563089663617165
6.5,3.7824234216382484,2.4056285690320176,0.6929644735241643,1.0031425517266324,-0.11597014821450495,3.455716020218365,2.44553992804666,0.6966882624875694,1.00191810673329,-0.09609786498787584,0.028122684111584778,0.16098392437835574,0.1593440659933236,0.016097688692489055,nan,nan,nan,0.9852187402812681,0.526482055312731,0.0,0.1119224591611403,0.0,0.0,5.0,3.3333333333333335,1.649685898269804,1.3706752260547892
6.550000000000001,3.82825249157507,2.444656008168821,0.6859754040919888,1.0030464191153576,-0.11767136356091798,3.501899838766425,2.4840302751541783,0.6896424355227272,1.002169852649119,-0.13091958689848174,0.028100335078641202,0.1633144403358583,0.16158647150413724,0.01655369435042171,nan,nan,nan,0.9847375648886769,0.5217516021983079,0.0,0.11792586243237757,0.0,0.0,5.0,3.3333333333333335,1.6697715300645943,1.344981571483519
6.6000000000000005,3.85894272897877,2.470503638912779,0.681234740524726,1.0029267153872676,-0.11869875716454133,3.6123151131064004,2.4744108741066544,0.6819876255907938,1.0047534986890996,-0.10303085049172918,0.028987960459430615,0.15664202591841145,0.15509171885717166,0.0160107795017301,4.346405847632068,2.0896020412444125,3.084591456631825,0.9849171794825495,0.5157408023796741,0.0,0.1243335938613146,0.0,0.0,5.0,3.3333333333333335,1.6550638809685714,1.359497365023176
6.65,3.9052033792166667,2.509026105230452,0.6742086027542781,1.0037218721914292,-0.1140518062129909,3.6592099553330115,2.5123026807848126,0.6754272344867251,1.0055909953694686,-0.089377875924566,0.02898893043182294,0.15901970026093443,0.15736732660769945,0.01646106256577855,nan,nan,nan,0.9918519593486489,0.5542446817444286,0.0,0.055082394045721905,0.0,0.0,5.0,3.3333333333333335,1.6210000673180818,1.4403212006988846
6.7,3.9362212145524533,2.5345647989603313,0.669769652065463,1.0046470775475722,-0.10933496393937706,3.6940346068107526,2.5335659472363434,0.6652943141385635,1.0063918028140946,-0.09829321182793363,0.03053982050280469,0.16057350373186446,0.15883709216202593,0.015933156904340467,nan,nan,nan,0.9920753283391142,0.5494497716372464,0.0,0.060597704760223525,0.0,0.0,5.0,3.3333333333333335,1.6237386720838902,1.4361740941731274
6.75,3.9830104002875113,2.5726544089048113,0.6634418509109546,1.0059501012944332,-0.10232273848861187,3.7416084219760046,2.570787927835736,0.6593378693836759,1.0075771415448125,-0.1269532923271377,0.03051949236870518,0.16292823898452927,0.16106851773360922,0.01637806433651251,nan,nan,nan,0.9933014830898491,0.5494840498944106,0.0,0.05897257086162577,0.0,0.0,5.0,3.3333333333333335,1.608859010686533,1.4577701946719996
6.800000000000001,4.030103379942821,2.610482860659654,0.6575767410547937,1.0070292185194352,-0.09441709568276857,3.769499233834803,2.6000398587981475,0.6614481887894219,1.0082190613311055,-0.11618248147252291,0.02879432011430851,0.16446115092342894,0.16250878360607196,0.015858544002113763,4.272914559416126,3.107107005340496,1.8315405086552081,0.993447295157528,0.5447964035540145,0.0,0.06355392616783995,0.0,0.0,5.0,3.3333333333333335,1.5945145500211764,1.469014778991184
6.8500000000000005,4.061652252890644,2.6355519287029496,0.6538739282995527,1.0073862556878415,-0.09168939649417798,3.87004603839141,2.6890236915172405,0.6553281910607098,1.0130309282747911,-0.07879445605293947,0.02879919375034421,0.1585831113423583,0.15677843812956424,0.016292852030709782,nan,nan,nan,0.9923186274880275,0.5374221703961606,0.0,0.07242196512410803,0.0,0.0,5.0,3.3333333333333335,1.6078108376397846,1.444000500051368
6.9,4.093307369535221,2.6604930465287735,0.6502180575384798,1.0072348411209768,-0.09194847337434571,3.8982108320582567,2.718310133523445,0.6589983892146298,1.0119569908232315,-0.08668981723469146,0.02703445478070087,0.160146146551759,0.1582457585867952,0.015782186540463653,nan,nan,nan,0.9906162179235738,0.5182260772475887,0.0,0.09068765711196924,0.0,0.0,5.0,3.3333333333333335,1.6285069469567397,1.3941868816349456
6.9510000000000005,4.140950959929521,2.697640806400331,0.6445821857915301,1.0063820834922432,-0.09574839289248706,3.946247406365918,2.7553937855574273,0.6535649750964395,1.0102806307607943,-0.09431321973530211,0.027030297203371915,0.16251143278301614,0.16047419794410417,0.01621704751749685,nan,nan,nan,0.9887892580693228,0.5091200948060149,0.0,0.09943243322969675,0.0,0.0,5.0,3.3333333333333335,1.639023963659389,1.3711928625524292
7.0,4.172812463145484,2.722227549056437,0.6406834454700946,1.0058000634641453,-0.09841946905383968,3.9757076768755444,2.7830328703812754,0.654621758218624,1.0092791742847251,-0.08242019159268048,0.02593416987235786,0.1640523914815462,0.1619124221034412,0.015713898847274487,4.513796344985452,3.1075431872702444,1.417679960997622,0.9884844466977437,0.5016589334025681,0.0,0.10364199962524667,0.0,0.0,5.0,3.3333333333333335,1.6405330710344825,1.3711983896553035
7.050000000000001,4.2207531497082975,2.7588429728377397,0.6346191282578632,1.0048600177950386,-0.10346643313359641,4.078418986993384,2.8542873039230283,0.6483645704478613,1.011490161769917,-0.10197518375641486,0.025941782892740618,0.1582414384390434,0.15626299075937627,0.01613877162465604,nan,nan,nan,0.9869678073247118,0.49300122857021483,0.0,0.1102974904556202,0.0,0.0,5.0,3.3333333333333335,1.6555851899976246,1.3459764169442505
7.1000000000000005,4.2688569916612265,2.79512535023282,0.6282161767917736,1.0034681131318346,-0.10892026781216993,4.115804074585557,2.872566757848494,0.6349650495841747,1.0096360220119576,-0.10001251687015833,0.02814075840332858,0.15981517291368555,0.1577250917136646,0.015643555863629668,nan,nan,nan,0.9857541795147238,0.4793688694967208,0.0,0.11261077897999572,0.0,0.0,5.0,3.3333333333333335,1.6508896419222365,1.3331093916821448
7.15,4.299742530976594,2.8183421141707647,0.6212787095342873,0.9315713920152037,-0.23152650365165992,4.163850413635188,2.907777790720229,0.6277002541275492,0.9140265772166479,-0.22458410154030306,0.028163866572043287,0.16219551712706373,0.15994400849013662,0.016069289068957455,nan,nan,nan,0.4490389077100352,-0.47014186345896897,1.0,-0.9838166856224579,5.0,3.3333333333333335,10.0,-3.3333333333333335,1.2066274377566488,-1.9321076513988888
7.2,4.32806142609052,2.8392403474741594,0.60871175766193,0.8506265617370456,-0.35909723302186897,4.194641419432173,2.926514625647828,0.6131089496001265,0.8350035877065145,-0.37488263516767095,0.028893933004650586,0.1637507958957792,0.1613707849424919,0.015578334506158411,nan,nan,nan,0.4337885423221937,-0.49440277993814347,1.0,-0.9242529946597118,5.0,3.3333333333333335,10.0,-3.3333333333333335,1.2753475449502552,-1.8259396698774708
7.250000000000001,4.366574991538784,2.8670131412614603,0.5823651243930968,0.7524156440721885,-0.4864478012644379,4.277332180579157,2.993202660891121,0.587811021478271,0.7417763855847213,-0.48124076414987343,0.028904261469607798,0.15787702158766276,0.15564707843435852,0.016070416440520947,4.6226956560001655,3.31999598576349,1.144660204404885,0.43352714307449614,-0.5092841807277955,1.0,-0.8883780890655647,5.0,3.3333333333333335,10.0,-3.3333333333333335,1.3290233005306173,-1.6641193074851819
7.300000000000001,4.390110467978091,2.8835570967983823,0.5614841702736398,0.6996515776696477,-0.5410613998105304,4.304351777041086,3.0059434729378136,0.5621626451945918,0.6907265286379395,-0.5747509239484369,0.030047173583195554,0.159488431170383,0.15709496738726111,0.015577411154486883,nan,nan,nan,0.41551240971316267,-0.5544792318283521,1.0,-0.7822126590020015,5.0,3.3333333333333335,10.0,-3.3333333333333335,1.45452924017934,-1.4224369159825874
7.3500000000000005,4.422912154153601,2.905909827023859,0.5270603126445846,0.635514521577949,-0.5918556956667128,4.338516556405749,3.026943266019745,0.5281876532896117,0.6284208424873146,-0.5927592433770292,0.030061469895277287,0.16195698401675745,0.15928775813021653,0.015992043767404682,nan,nan,nan,0.4272081855420773,-0.5672309320882789,1.0,-0.7529524946044429,5.0,3.3333333333333335,10.0,-3.3333333333333335,1.45452924017934,-1.4224369159825874
7.401000000000001,4.45352112892863,2.9258074566309675,0.49055947000680866,0.589255325478431,-0.6180744053986913,4.3680380203823495,3.048310895044338,0.4965286947218268,0.5865734585236145,-0.6211069898064067,0.028984438466274853,0.16443990195622474,0.1614214011709409,0.015644259056952256,4.514159758588488,2.8561130413510942,nan,0.4493635045706707,-0.5957647630065234,1.0,-0.6884715575206386,5.0,3.3333333333333335,10.0,-3.3333333333333335,1.6136575475511432,-1.1984403214253982
7.45,4.473105549000661,2.9379413769569394,0.46557877933261055,0.5657673179661323,-0.6286882572535737,4.401488458849273,3.0421215369413104,0.4719355738786941,0.5648428560712401,-0.6189621203872245,0.029018753316799255,0.15790073431188306,0.15505054475652863,0.015913288368672278,nan,nan,0.2124264251465104,0.4493635045706707,-0.5957647630065234,1.0,-0.6884715575206386,5.0,3.3333333333333335,10.0,-3.3333333333333335,1.6136575475511432,-1.1984403214253982
7.500000000000001,4.492229212395395,2.949275224213304,0.4403038759687914,0.5478510457702697,-0.6337944284246655,4.420489335856915,3.053560258234034,0.44907649873893707,0.550179364608715,-0.6194594760510774,0.028521307090693684,0.15964227639740697,0.15648855897223996,0.015436597993593646,nan,nan,nan,0.4683265571949674,-0.6114649149842364,1.0,-0.6535363107557954,5.0,3.3333333333333335,10.0,-3.3333333333333335,1.6814084221184191,-1.0552211520755828
7.550000000000001,4.520433235914606,2.9649819625745804,0.4022221458499381,0.528719959153222,-0.6358788405585172,4.45004364894747,3.0673770413253183,0.41113957060448447,0.5331215581757965,-0.6347489732715189,0.02849318311502875,0.16232698548738864,0.15865620661201804,0.01584381886601967,nan,nan,nan,0.4796493303950821,-0.6214648009010605,1.0,-0.6314723763740479,5.0,3.3333333333333335,10.0,-3.3333333333333335,1.7208846512297142,-0.9874748837608063
7.601000000000001,4.5484085906860345,2.979302430042206,0.3641995843548839,0.5179690049091581,-0.6324149393845715,4.469096296458207,3.0764260421893415,0.38757010774962586,0.5281011251430622,-0.6006384459357432,0.02827076140715639,0.16413557910336535,0.16005498335956342,0.01537420549013671,nan,nan,nan,0.5000069366077473,-0.6360499708688926,1.0,-0.5995388560468331,5.0,3.3333333333333335,10.0,-3.3333333333333335,1.7703946758418938,-0.8661498822871458
7.65,4.567129197032521,2.9881699845820098,0.3389921146322051,0.5145963621543246,-0.629772617122931,4.492489366638236,3.0465716614135268,0.35011464228885414,0.520921239766558,-0.6160898212186686,0.028282526731601483,0.15843590106085123,0.15432655920677457,0.01577423772246641,4.460766564075323,2.6475644557159357,0.6929538863016962,0.5436261906350707,-0.645930236895675,1.0,-0.578065509841295,5.0,3.3333333333333335,10.0,-3.3333333333333335,1.8625171157009688,-0.6558125298004196
7.7,4.586006771473106,2.9965309550038612,0.31392506151180755,0.5147622591218415,-0.6244379547843322,4.512445884533072,3.053184216419231,0.32406976071325255,0.5245616891634897,-0.6304602447580046,0.028417774929049927,0.16034741577664544,0.1557377150887579,0.015311800051242726,nan,nan,nan,0.5436261906350707,-0.645930236895675,1.0,-0.578065509841295,5.0,3.3333333333333335,10.0,-3.3333333333333335,1.8625171157009688,-0.6558125298004196
7.750000000000001,4.614912100976534,3.0082347235395854,0.2768554660819937,0.5203076091039485,-0.6135304027415838,4.542511600295942,3.0628733570593605,0.286003953450996,0.5314737812859222,-0.6139802057923733,0.028396340585108024,0.16328619607904277,0.1578517136034352,0.01571237968547816,nan,nan,nan,0.5576683144062677,-0.6551524689927012,1.0,-0.5581327625220038,5.0,3.3333333333333335,10.0,-3.3333333333333335,1.8753468360422971,-0.5908107444889562
7.800000000000001,4.634645560478667,3.0154936798811396,0.2524953331164734,0.5260717112641243,-0.6063668249248981,4.5609094510076815,3.071860343972173,0.2677608194089438,0.5389708894283406,-0.5814912256776947,0.027300984411890262,0.16526627200603575,0.15921552523831334,0.015256091239749584,nan,nan,nan,0.5775570064899382,-0.6690594415519916,1.0,-0.5282667055276301,5.0,3.3333333333333335,10.0,-3.3333333333333335,1.903615390015799,-0.5128003515290912
7.8500000000000005,4.665043578904667,3.025584506573316,0.21641767824927774,0.5360294863880828,-0.5985288572453838,4.65194157333484,3.178391285458986,0.23209057584155746,0.5610028816813885,-0.5872568220043712,0.02721947750817201,0.15961328094354327,0.15354466988495732,0.01565051492399789,5.097158736798486,4.08781496605732,4.626331771222251,0.5847351045530471,-0.6784820259300646,1.0,-0.508156232810551,5.0,3.3333333333333335,10.0,-3.3333333333333335,1.9207090578341481,-0.5046986472639364
7.9,4.685760363161315,3.0317559336162345,0.19249899396838901,0.538870753539028,-0.5984755598864209,4.674728322717502,3.181992708268347,0.20600164206254368,0.5611791846675069,-0.5878083458220652,0.027751797853739067,0.16167156223626375,0.1549163069787735,0.015200436948356866,nan,nan,nan,0.56052932153236,-0.7436809157860911,1.0,-0.37141197005673643,5.0,3.3333333333333335,10.0,-3.3333333333333335,1.85838123057077,-0.6607576512481718
7.95,4.717197249425011,3.0400762264740013,0.15653313218102172,0.541589941403011,-0.5988535249045883,4.707784975245173,3.188496989630843,0.1696514682040866,0.5635570470500442,-0.5921800054487991,0.027730496498822914,0.164805437259575,0.15696493250287005,0.015595052319590777,nan,nan,nan,0.5738840122608367,-0.7535539162980547,1.0,-0.35102171686499073,5.0,3.3333333333333335,10.0,-3.3333333333333335,1.8805467858335971,-0.5990986327136446
8.001000000000001,4.749212614794194,3.0472963059641374,0.12070591095305444,0.5481930210287997,-0.5948413497630619,4.72774619386123,3.196092750795865,0.152942067719684,0.5683500527535639,-0.5842426639097781,0.026330665228124057,0.16690433040808067,0.15828683516929112,0.015150318923315535,nan,nan,nan,0.5914318461393483,-0.7683114697649337,1.0,-0.3206738260253561,5.0,3.3333333333333335,10.0,-3.3333333333333335,1.9122460920566804,-0.5169763397057773
8.05,4.770939923475512,3.0515060851205944,0.09696608348911344,0.5533131110376391,-0.5923614152849819,4.846791432100221,3.226071959534771,0.11863229022513933,0.5870546657967374,-0.5791890684861617,0.02634485167079742,0.16114266901176477,0.15268589197761503,0.015539447729558979,5.563937752390222,3.406929771633291,2.5231753238569232,0.5968112198866313,-0.7783331956538609,1.0,-0.300147394433497,5.0,3.3333333333333335,10.0,-3.3333333333333335,1.9122460920566804,-0.504103369072656
8.1,4.7929088527041985,3.0552230310362467,0.07325948292419464,0.5554320053914376,-0.5932098011241014,4.870635406536017,3.2277565626707205,0.09321073433674698,0.5861616347754626,-0.578845486265737,0.026695737477116746,0.16328348089652586,0.15402026057826915,0.015082681676157202,nan,nan,nan,0.5794550966442533,-0.8341040945889844,1.0,-0.18692367859896075,5.0,3.3333333333333335,10.0,-3.3333333333333335,1.8678483158771688,-0.6264547497609372
8.151,4.8260907675740095,3.059821295203785,0.037575495606611754,0.5577962950384443,-0.5944460129443062,4.905679382533299,3.2306226624504584,0.0576779375937746,0.5870651130033909,-0.5815580422731795,0.02668046528287645,0.16651561241887,0.156014629474527,0.015471789020404832,nan,nan,nan,0.5919825793890261,-0.84406904136192,1.0,-0.16683773716875389,5.0,3.3333333333333335,10.0,-3.3333333333333335,1.8907024348805277,-0.5668784669445347
8.200000000000001,4.848431856645527,3.062235309081795,0.013817779174526968,0.5616147914856638,-0.5926052400591681,4.929662209481027,3.230845443397787,0.03204017263421344,0.5909233978891162,-0.5952443498868536,0.02701584071259699,0.16866916908378193,0.15730232199450772,0.015022221355028974,nan,nan,nan,0.6085703061587435,-0.8588608025237661,1.0,-0.13708289650308556,5.0,3.3333333333333335,10.0,-3.3333333333333335,1.9153608620709373,-0.4869922756059679
8.251000000000001,4.882415598137843,3.064876991196419,-0.021581890080674,0.5699505216833123,-0.5872184268582774,4.965033010474961,3.2293210027692942,-0.003508891286861271,0.5978534839852429,-0.5665952618605263,0.027016186628571234,0.1626979658481948,0.15179888509491862,0.015406332678004186,4.9529956865380145,3.2070544595141333,0.0021644899773447055,0.6212011325707094,-0.8684816415462798,1.0,-0.11776296637650656,5.0,3.3333333333333335,10.0,-3.3333333333333335,1.9261277576221683,-0.42623077429446055
8.3,4.905431269512685,3.065972604669846,-0.044980480089344375,0.5770457034684339,-0.5830817344025938,4.989624435074408,3.2277216118835392,-0.029511819414544508,0.604938030714434,-0.5824916928291873,0.027500782349919553,0.16486491322714933,0.15310928913829755,0.014963694931649963,nan,nan,nan,0.6382091092370447,-0.8821354477714786,1.0,-0.09038098995845445,5.0,3.3333333333333335,10.0,-3.3333333333333335,1.9551873738970933,-0.36319092091781513
8.35,4.94057927600392,3.066592020441372,-0.07974598710732889,0.5893158616421994,-0.5760366354022017,5.026101429387125,3.2262291442110094,-0.06345740190706818,0.6160894066054254,-0.5587691302564924,0.02750102258451572,0.16811561438026978,0.15507531377653944,0.01534777703036672,nan,nan,nan,0.6509470626229806,-0.8914768013144327,1.0,-0.07166748481035042,5.0,3.3333333333333335,10.0,-3.3333333333333335,1.9605667882421782,-0.3037292878626129
8.4,4.964445139621711,3.066303588551929,-0.10267624514065646,0.5983473794499339,-0.5711375710922092,5.050174973645415,3.226096545571073,-0.08248881038280631,0.6249721471501024,-0.5601868576120864,0.026959891862089535,0.17027138006661344,0.15635145026000583,0.01491119217466653,nan,nan,nan,0.665859904876213,-0.9056079337796781,1.0,-0.04338136996369473,5.0,3.3333333333333335,10.0,-3.3333333333333335,1.9785251086007227,-0.25372717279911705
8.451,5.000909072534319,3.0647880761431856,-0.1367375889373283,0.6122479515779377,-0.5649184853150385,5.015104723391842,3.211732010782967,-0.11621091237245508,0.6281779634764086,-0.5665355038356895,0.02693064103223967,0.16404836515498905,0.15097977371273621,0.015290762744209126,4.397365792129138,3.1465783507260734,1.6617317935437566,0.6774495521004474,-0.919867069714997,1.0,-0.014856569823136483,5.0,3.3333333333333335,10.0,-3.3333333333333335,1.987842492631378,-0.2221949538876853
8.5,5.038271923191073,3.061899602923355,-0.17025431290340548,0.6313897877829429,-0.5524315443791045,5.040379234302246,3.208102182375593,-0.13916446976514418,0.642862853921583,-0.5406999505859459,0.02713021505397062,0.1661936194605504,0.15229250611019268,0.014860005322816646,nan,nan,nan,0.7104526013849655,-0.8968661058244042,1.0,-0.06087701481674594,5.0,3.3333333333333335,10.0,-3.3333333333333335,2.026902749267205,-0.030722035590308394
8.55,5.063794797462109,3.0591883121154244,-0.19216653339953682,0.6448135624639121,-0.5449677121065784,5.078914937128471,3.2022894659282244,-0.17286459185320702,0.6631192432439403,-0.5665354543685746,0.02709162766971059,0.16939251156155455,0.154271554029721,0.015239480080920813,nan,nan,nan,0.7201926452782323,-0.9058808404058566,1.0,-0.04283530313284763,5.0,3.3333333333333335,10.0,-3.3333333333333335,2.0334828626043326,-0.010661060125673139
8.600000000000001,5.0897621318459,3.055823224779411,-0.21380450386475436,0.6576454158223649,-0.537606630485573,5.106282687894856,3.193368841844866,-0.202012301593407,0.6762326388885683,-0.5266366282442612,0.028477440346950975,0.17150258021330392,0.15556246116249012,0.014813836942245464,nan,nan,nan,0.7339454306504638,-0.9195481876183526,1.0,-0.015494370740288685,5.0,3.3333333333333335,10.0,-3.3333333333333335,2.0157230070626837,0.044878976027829864
8.65,5.129499572956458,3.049550357314897,-0.24570954881876836,0.6767290734636672,-0.5274126269992462,5.081570882657946,3.2196812606576115,-0.2337745455815252,0.6866407182585245,-0.5345371511696144,0.028417483113350465,0.16502053883766346,0.150336357709626,0.015189113388954099,4.515718178055651,3.6069906885219742,2.0085325383193795,0.7479642642358111,-0.9278189456651298,1.0,0.0010474554228041555,5.0,3.3333333333333335,10.0,-3.3333333333333335,2.0349316529311903,0.08754134963643756
8.700000000000001,5.156511418197649,3.0445215693968404,-0.2666425817621352,0.6905785449368935,-0.5195743295320694,5.10824071779172,3.213944902832319,-0.25331051569420454,0.7023677231763139,-0.4985855361621803,0.02814829859521721,0.16709874620355936,0.15167542031514233,0.014768510475046593,nan,nan,nan,0.7699373214849645,-0.9258279503150224,1.0,-0.0029345374790763906,5.0,3.3333333333333335,10.0,-3.3333333333333335,2.048371200743035,0.20164049975590714
8.75,5.197839780268105,3.035668289444396,-0.29745591792694914,0.7109147816027485,-0.5094352034002936,5.149337421651648,3.2028617283459773,-0.2847634590707142,0.7232602024187488,-0.5089424685115743,0.028121351865108574,0.17017927070738614,0.1537026048746627,0.015143739675430413,nan,nan,nan,0.7766511307336055,-0.9347748364832221,1.0,0.014959515932766981,5.0,3.3333333333333335,10.0,-3.3333333333333335,2.0498458131320016,0.20432127969469294
8.801,5.239967722487789,3.0252287455002587,-0.327740566708146,0.729051736605914,-0.5003696950354294,5.1775832913189666,3.1919300463669193,-0.30954335853921355,0.7360742949255586,-0.5125019066536083,0.028934967083387508,0.17220169747850883,0.15503049509953562,0.014727586606951346,nan,nan,nan,0.7982835751088003,-0.955899744296818,1.0,0.057224660875324754,5.0,3.3333333333333335,10.0,-3.3333333333333335,2.021567658557421,0.2925000266074943
8.850000000000001,5.268429542641234,3.01738148098434,-0.3475975113045418,0.7406814481358076,-0.4933602555654808,5.263543232645092,3.117088235877409,-0.3394796527965434,0.7608898283627289,-0.47872963200516905,0.028984126121051546,0.1654916925705456,0.1499414648709527,0.01509879870626844,5.625184872948391,2.487746770103086,2.3940171590907937,0.7982835751088003,-0.955899744296818,1.0,0.057224660875324754,5.0,3.3333333333333335,10.0,-3.3333333333333335,2.021567658557421,0.2925000266074943
8.9,5.297149458323046,3.0088260492301417,-0.36719752381899384,0.7514002174437892,-0.48723458538350545,5.292648954440184,3.1026920345284745,-0.36600930908034357,0.7709934666902711,-0.4685475676993491,0.030281513973129986,0.16746950096005836,0.15132430380048123,0.014687037605596276,nan,nan,nan,0.8090060585156603,-0.9678167884713748,1.0,0.08108752764251886,5.0,3.3333333333333335,10.0,-3.3333333333333335,2.0107064021309817,0.3086787007106221
8.950000000000001,5.3406194522778785,2.9946693174241417,-0.3961643820419074,0.7666932397112316,-0.4785101354590994,5.335960714881216,3.0856518616142385,-0.3938399481187193,0.7856099806980138,-0.48021873726588377,0.030264395265649717,0.170385954510511,0.15342339115329306,0.015058382012891969,nan,nan,nan,0.8201537734305743,-0.975125901457285,1.0,0.09573438426923148,5.0,3.3333333333333335,10.0,-3.3333333333333335,2.0124788022708624,0.3599670792995172
9.0,5.369832249427445,2.984345558547961,-0.4151643784031693,0.776593580124948,-0.4718619830654611,5.365107954678263,3.0696643632644727,-0.41883451039064473,0.7950815576311129,-0.44114177567565926,0.03137911019250191,0.17229385839984984,0.15480126600569807,0.014650440361659507,nan,nan,nan,0.8290090319616786,-0.9873029307707427,1.0,0.1201596888735155,5.0,3.3333333333333335,10.0,-3.3333333333333335,1.9958044051906876,0.39959044704732416
9.05,5.4139325539869745,2.9675367485497732,-0.4431814808124604,0.7909476378759719,-0.462904080712215,5.378119279666652,3.069097360318089,-0.44841999136516947,0.8048373083816774,-0.46411909305055277,0.031331284720274265,0.16541834596297506,0.1498189974120718,0.01501780131634447,5.109975837732976,3.276990391207323,0.4656589113396143,0.8390272261956989,-0.9941379804664683,1.0,0.13388498170129368,5.0,3.3333333333333335,10.0,-3.3333333333333335,2.0078342969685927,0.43483730728165004
9.100000000000001,5.443499289357537,2.9554428623464104,-0.4615534630086938,0.8007912506626165,-0.4557444683619112,5.407217789688331,3.056557206181811,-0.46446954248423505,0.8152599666427494,-0.4661678338294145,0.03083814104920462,0.16728356940403416,0.15125205308802794,0.014613743766505677,nan,nan,nan,0.8521436568241385,-0.9991482265119456,1.0,0.14395383992417513,5.0,3.3333333333333335,10.0,-3.3333333333333335,1.996744537035125,0.5158551060352389
9.151,5.488075736886685,2.9359677328243983,-0.48853203273805007,0.814812482545997,-0.44486747302498114,5.451012801098486,3.0341399777566362,-0.49003199170197087,0.828879965867862,-0.4194632781565326,0.03084847568901556,0.17003320143572717,0.15342798662184925,0.01498141830881701,nan,nan,nan,0.8564150534964581,-1.0069804064591588,1.0,0.15970855545975113,5.0,3.3333333333333335,10.0,-3.3333333333333335,1.9898596697077506,0.5302362742186623
9.200000000000001,5.517881151675082,2.922113535479417,-0.5062005693621494,0.8232469349073905,-0.4393181458994566,5.480051255467526,3.016036503532599,-0.5113128174899115,0.8371849923087855,-0.41526170169146936,0.03149486957673859,0.17183162078351724,0.15485649485377875,0.014580750099601029,nan,nan,nan,0.8639860049529554,-1.017695269281572,1.0,0.18129422753277022,5.0,3.3333333333333335,10.0,-3.3333333333333335,1.9898596697077506,0.5424404594941737
9.25,5.562645197840558,2.9000474325097882,-0.5323252129084886,0.835221076855343,-0.431656558796755,5.5535645072561195,2.934036319097566,-0.5371761055411026,0.8538750517702941,-0.4052948240048552,0.03152672964292547,0.164889228372104,0.1499356584585422,0.014944525630620771,5.780724363051234,2.362633533469353,1.740111429749116,0.8715150109231999,-1.0238257212955604,1.0,0.19366290649357987,5.0,3.3333333333333335,10.0,-3.3333333333333335,1.9853400598872093,0.5800107098234376
9.3,5.607417678128501,2.8764579866937767,-0.5579380604567652,0.8466192254595069,-0.4226205697045361,5.582516626627731,2.9139226744231648,-0.5582120222192999,0.8609468391407528,-0.3981235041805159,0.03222941798632977,0.16665425686319094,0.15141645540919224,0.01454732343489673,nan,nan,nan,0.8816693454965767,-1.0285841002123297,1.0,0.2032733972634351,5.0,3.3333333333333335,10.0,-3.3333333333333335,1.971440305081766,0.6214521802719695
9.350000000000001,5.637240162807629,2.8598958619922925,-0.5746958855481092,0.8541155297432013,-0.4161429950380965,5.626277479587736,2.886085203228626,-0.5848428054012813,0.8713909609587004,-0.4327313458534691,0.032193860738090975,0.16925491630974424,0.15366541389294208,0.014991291701228013,nan,nan,nan,0.8888995383103022,-1.0340710255787497,1.0,0.2143669059560836,5.0,3.3333333333333335,10.0,-3.3333333333333335,1.9683384225147442,0.6592602157808073
9.4,5.66702351649322,2.8426727209325695,-0.5911795566332225,0.8613907877116633,-0.40848225359530355,5.655853892283685,2.8691951433811234,-0.5964330023165219,0.8781438880244847,-0.37838470108317357,0.031535404887621854,0.17095650730533185,0.15514087189443465,0.014586230967916839,nan,nan,nan,0.8968199181347063,-1.0431111515350973,1.0,0.23267310560736404,5.0,3.3333333333333335,10.0,-3.3333333333333335,1.9430631772132723,0.714443215494599
9.450000000000001,5.711579948785758,2.8156253203775368,-0.6153643678390436,0.8712410119781021,-0.3996707657069997,5.660697264473004,2.8777043081426377,-0.6204535390541731,0.8818964559417415,-0.38774026094417385,0.031496158872038243,0.16402711185779678,0.15023950073241762,0.014944774652534274,5.330971784733636,3.271722277045366,1.0950765714709658,0.8989866242509772,-1.0497791063631892,1.0,0.2462001998556217,5.0,3.3333333333333335,10.0,-3.3333333333333335,1.9560345470492204,0.6987039957757583
9.5,5.741164929149043,2.796805204467297,-0.6312382391089899,0.8777125843320146,-0.39405391540914325,5.689092313356496,2.855989080787459,-0.6374850148564768,0.8887337691350726,-0.37043031158566164,0.0317845580025401,0.16570846284190283,0.15176095078066656,0.014544458033902072,nan,nan,nan,0.9073976919411754,-1.054199743276796,1.0,0.2551803964639858,5.0,3.3333333333333335,10.0,-3.3333333333333335,1.9499169085312564,0.7588705046187264
9.55,5.785357829271904,2.767398320370838,-0.6545937230854135,0.8872966783863905,-0.38535173727504074,5.731841619686632,2.823803686542933,-0.6603709674402132,0.8980467046494691,-0.34862270943648666,0.03178086287933774,0.16819139953668832,0.15406934875376938,0.014903948426443561,nan,nan,nan,0.9124854112531611,-1.0589626775751442,1.0,0.264867299157672,5.0,3.3333333333333335,10.0,-3.3333333333333335,1.948210390315333,0.78012165142786
9.600000000000001,5.829275950856709,2.736615388409245,-0.6774556946839236,0.8962080316430112,-0.3774179429574042,5.760611666430786,2.8029502892949587,-0.674295126391836,0.9040574713565087,-0.4019610731285479,0.03141370272433404,0.16981744441439736,0.15558291500629723,0.014507766484338172,nan,nan,nan,0.9187472920735162,-1.0662712612747045,1.0,0.27975550767506524,5.0,3.3333333333333335,10.0,-3.3333333333333335,1.9441062118460242,0.8053034978917395
9.652000000000001,5.858372819324063,2.715351694291928,-0.6923930742053545,0.9016708285181625,-0.3703387122259671,5.814027365471749,2.6749175646741747,-0.6961457802055335,0.917535335784543,-0.3476101240744032,0.031494053333363546,0.16296497281110986,0.15066811066225722,0.01486343989741857,5.861874689942292,1.7403614885419394,3.9537830229413555,0.922177308020598,-1.0714187188409923,1.0,0.290259506721604,5.0,3.3333333333333335,10.0,-3.3333333333333335,1.914217092777101,0.8444151739324712
9.700000000000001,5.901725843612794,2.682361054159181,-0.7142221033060763,0.9105908650498377,-0.3581792061092547,5.842112315646526,2.6511593093271055,-0.7122813949694691,0.9232696494741158,-0.3750853165159412,0.031492741904661135,0.1645807413903712,0.15222410256673685,0.014471341442375623,nan,nan,nan,0.936409442983488,-1.054687784756223,1.0,0.256172431181904,5.0,3.3333333333333335,10.0,-3.3333333333333335,1.9132560739952906,0.9157181596027446
9.75,5.930445193900093,2.6596334660782373,-0.7283231427037907,0.9165961535585374,-0.3487282965269918,5.883901510068334,2.614557527902041,-0.7335787331647873,0.9310309825826553,-0.3458820450986152,0.03148926549792177,0.166970825866105,0.15458251722973648,0.014828208165018796,nan,nan,nan,0.9405859467341124,-1.058725892399792,1.0,0.2643854381134839,5.0,3.3333333333333335,10.0,-3.3333333333333335,1.8921434590215749,0.95287821994336
9.8,5.9590012781782375,2.636337711244133,-0.7420742282750573,0.922251447303241,-0.34038515150115745,5.910848071702337,2.5879694181872366,-0.7497125851700651,0.9360183825956556,-0.3369100350321035,0.03186601209343648,0.16853503271579295,0.15612875843026267,0.0144395763733357,nan,nan,nan,0.9457894495642996,-1.0643582794477708,1.0,0.2758557247958918,5.0,3.3333333333333335,10.0,-3.3333333333333335,1.8892770682530369,0.9736440654829788
9.851,6.001503719740713,2.6003609113957764,-0.7621201752829979,0.9302449157310043,-0.32914766682464963,5.901482745909531,2.5602194844489246,-0.7712029647910952,0.9391752128266262,-0.3687580353486293,0.03184910955030366,0.16179535163218986,0.1511773998026652,0.014789926754942789,5.4574034997833385,2.659568409005681,0.8616143027772112,0.9500517912841436,-1.0671071077349887,1.0,0.2814601082742114,5.0,3.3333333333333335,10.0,-3.3333333333333335,1.8822634785550205,0.9996079388859328
9.9,6.029613032466245,2.5756992666253655,-0.7750628337008315,0.9360983425710483,-0.31880546299837975,5.928207587900369,2.533561892737926,-0.7857081996594517,0.9454012842900549,-0.31799312634124677,0.0319386389824187,0.16335619916615024,0.15276270522558996,0.014476718562378255,nan,nan,nan,0.9599288059923686,-1.0552512275824821,1.0,0.2573178873969795,5.0,3.3333333333333335,10.0,-3.3333333333333335,1.8539074191189677,1.0967690590237098
9.950000000000001,6.0714670788360765,2.5376909786476936,-0.7936720328238869,0.9447528011940701,-0.3044169015232624,5.968147922763128,2.493052046772405,-0.8059710307949839,0.9535617356615674,-0.30584048104169526,0.03192502584108767,0.1656701121975635,0.15516350157325873,0.014829403152670872,nan,nan,nan,0.9631841931229339,-1.0578991321542186,1.0,0.2627032059630505,5.0,3.3333333333333335,10.0,-3.3333333333333335,1.8603041043717428,1.0981258079604397
10.0,6.099140240155804,2.5117071631290098,-0.8056599340972811,0.9499287080898071,-0.2962898090304374,5.995370171162381,2.4669775350960106,-0.8152930974299101,0.9585063958454971,-0.2685932747644286,0.031545669197988506,0.1671845591212242,0.1567370449690413,0.014438033037082994,nan,nan,nan,0.9674903903563188,-1.0616555967041446,1.0,0.2703495662739456,5.0,3.3333333333333335,10.0,-3.3333333333333335,1.845439411939969,1.1230580990458425
10.05,6.1402739251085885,2.4718203621918624,-0.8230820403513162,0.9567445806477736,-0.28641063798611466,6.141102382078325,2.4413384302447314,-0.8332086932184947,0.9697525857706091,-0.2684670557976753,0.03147269337077728,0.16058405708530613,0.15173195483097332,0.01478677057344418,7.07460395249885,2.6784829029725588,4.200641371634478,0.9690674069691483,-1.0646658808950809,1.0,0.2764826579875107,5.0,3.3333333333333335,10.0,-3.3333333333333335,1.8499256728308329,1.1166819422468637
10.100000000000001,6.167407013085256,2.444678032616003,-0.834480784377448,0.959152192024996,-0.284765928464907,6.167365895173971,2.4129739736882048,-0.8430930666863596,0.9701883092557119,-0.24751291278525883,0.0313692144529376,0.16210409219637323,0.15333931608955237,0.014399920692470074,nan,nan,nan,0.9608531525668541,-1.113939740167296,1.0,0.37768496380949834,5.0,3.3333333333333335,10.0,-3.3333333333333335,1.8476404176683832,1.02022092146012
10.151,6.20755262331371,2.403276106231397,-0.8515989468694655,0.9612121177953126,-0.2850272717086942,6.205845491217133,2.369280644724687,-0.8611289967535556,0.9711289556582621,-0.2879935849129589,0.03134793967092106,0.16436397175951076,0.1557688853631956,0.014750542510905863,nan,nan,nan,0.9630274630079408,-1.115866373149728,1.0,0.38167710035209923,5.0,3.3333333333333335,10.0,-3.3333333333333335,1.8517845923533742,1.0314750031914763
10.200000000000001,6.233952849206762,2.3752223148293172,-0.8629654260541095,0.9629604397033118,-0.28243843845156025,6.231401893567253,2.340204290341719,-0.8715044390888611,0.972525925886658,-0.2979989563753189,0.031229943349297726,0.16584197621761143,0.15736100161342442,0.014367402324144535,nan,nan,nan,0.9671721105469487,-1.1180690298384794,1.0,0.3862447798085181,5.0,3.3333333333333335,10.0,-3.3333333333333335,1.8266218146933633,1.086196583368959
10.25,6.273032748995157,2.3324585896417034,-0.879681370011631,0.9659791060363835,-0.27526096232368935,6.254603663693152,2.3328380156727397,-0.8884023782982897,0.9718099722333274,-0.2540062555110027,0.03121488571557968,0.1593927631881222,0.15229043675240528,0.014713955151907567,6.138250431071263,2.7119772034969034,0.634134803165214,0.9694028563214261,-1.119514359442473,1.0,0.3892440890588338,5.0,3.3333333333333335,10.0,-3.3333333333333335,1.8158324629029814,1.1102018669424016
10.3,6.298741030241192,2.3035000610466088,-0.8905935431548325,0.9681529452560381,-0.2712309642093059,6.28220677107212,2.3069789656917497,-0.8912936208813917,0.9740038630872472,-0.2561244508811766,0.030103517971485375,0.1608826181909366,0.15391375211649352,0.014334571894538321,nan,nan,nan,0.9718313251152632,-1.126318006454915,1.0,0.40338574035816566,5.0,3.3333333333333335,10.0,-3.3333333333333335,1.8289337334740956,1.1183918534130213
10.350000000000001,6.336786836398341,2.259402034439737,-0.9067120432134077,0.9710748631263375,-0.26673261399863796,6.318733879343491,2.261292509269667,-0.9075381573957308,0.9765982856864371,-0.2710087943838549,0.030091133116672233,0.1631052160989,0.1563646939614215,0.014683257301720164,nan,nan,nan,0.9717695641392259,-1.1294711647818247,1.0,0.40995279627274595,5.0,3.3333333333333335,10.0,-3.3333333333333335,1.8248890745471358,1.115256003550778
10.4,6.374197415344503,2.214547749839605,-0.922507459493883,0.9739485523532705,-0.2600602663258,6.342150931423884,2.229704892392159,-0.9195409395527356,0.9785064035548677,-0.24789698093642343,0.030265610373030397,0.16455749771647935,0.15797209991189787,0.014306895989222725,nan,nan,nan,0.9752823005900775,-1.1303394294649527,1.0,0.411762609036593,5.0,3.3333333333333335,10.0,-3.3333333333333335,1.8058113488316898,1.1542145681311082
10.450000000000001,6.3987909047443745,2.184229499523721,-0.9327921037149042,0.9760284957032574,-0.25520293763719926,6.358321346401943,2.2619411426245897,-0.9330693353192924,0.9758544179959023,-0.25075539305480493,0.030218299181571335,0.158264142343876,0.1528339463960787,0.0146514056374324,6.221962887833908,3.0445181812493614,2.6672482371818056,0.977886117916992,-1.130234414162891,1.0,0.4115436805744025,5.0,3.3333333333333335,10.0,-3.3333333333333335,1.8043100225027904,1.170547183421462
10.5,6.435160340343309,2.138147261749688,-0.9479083319856707,0.9788981504369817,-0.2497041260660328,6.383306755791511,2.232694005133418,-0.9402560965593318,0.9783579025571479,-0.2525273877612232,0.029655909461511958,0.15973247388209463,0.15447163556562937,0.014278228745838025,nan,nan,nan,0.9774860106478706,-1.145667454783113,1.0,0.443821762696308,5.0,3.3333333333333335,10.0,-3.3333333333333335,1.8084598199499633,1.1712697760023458
10.55,6.459055246116287,2.107038231421694,-0.9578092057601989,0.9806242773604664,-0.24603520142086258,6.417704252912332,2.1850512405459313,-0.9558966591413117,0.9814996893196732,-0.24496439800117278,0.029649203116514897,0.16192661336976075,0.15694380806457006,0.014625031840285565,nan,nan,nan,0.9787393939280995,-1.1468299172108831,1.0,0.44626180771325985,5.0,3.3333333333333335,10.0,-3.3333333333333335,1.79992755106631,1.1822279993206346
10.600000000000001,6.48266789294504,2.0756295976896966,-0.9675511923043774,0.9823965295529016,-0.24154473700307882,6.4410303682443315,2.153748090673235,-0.9639263642507788,0.9837590027991854,-0.2314939006926859,0.02944581592665613,0.1633588284526531,0.15856614111033046,0.014254387348461978,nan,nan,nan,0.9819239405659386,-1.1463213465615378,1.0,0.44519414665742396,5.0,3.3333333333333335,10.0,-3.3333333333333335,1.7866398903661866,1.2113373465064465
10.65,6.517565980325742,2.027963435336894,-0.9817975794390732,0.9850832311001071,-0.23427986033152606,6.447816771010844,2.0329142175505126,-0.9780327521166474,0.9900078455191772,-0.20852097795629587,0.029508743129384188,0.15721413042771276,0.15336266883055752,0.014596888392100684,6.141523054449566,1.3258641029424663,2.6819408975560775,0.9843039257823333,-1.1459200946865002,1.0,0.4443519544595461,5.0,3.3333333333333335,10.0,-3.3333333333333335,1.7808625937511233,1.226127534945225
10.701,6.551852071387681,1.9796426878026685,-0.9954697462063797,0.988336620595398,-0.22198751306533163,6.468623992519449,1.9986655060570504,-0.9910976835741184,0.9923270687557288,-0.24719584818129572,0.02982961907937222,0.15866447836577488,0.15501469927480635,0.01422898685999518,nan,nan,nan,0.9907581063771148,-1.1140927700770966,1.0,0.3780019473389826,5.0,3.3333333333333335,10.0,-3.3333333333333335,1.7420101941855748,1.300646922669264
10.75,6.574387694574314,1.947062174783402,-1.0040782973866862,0.9906513926911679,-0.21084166279202926,6.501062585320457,1.9486627264759757,-1.004147499302396,0.9954894226481692,-0.21370070670916172,0.029829976284789585,0.16083444339186295,0.15750681956634377,0.014574001344184396,nan,nan,nan,0.9926751429561254,-1.1122076898253717,1.0,0.3740984976497893,5.0,3.3333333333333335,10.0,-3.3333333333333335,1.708281482780982,1.3427081425722591
10.801,6.607714740480759,1.8976703653323672,-1.0161999738003855,0.9938058748671919,-0.195989327896992,6.521495866566984,1.914121774313243,-1.014664216100757,0.997436226527691,-0.20341482955583068,0.030041265856883867,0.162248012005779,0.1591432900311325,0.014208216379842101,nan,nan,nan,0.9943764034230475,-1.1102500468864742,1.0,0.370047704141951,5.0,3.3333333333333335,10.0,-3.3333333333333335,1.7011800082252204,1.3538329308403148
10.850000000000001,6.6296187590759095,1.8644152915751584,-1.0238093981549738,0.9957204652743901,-0.18672578715208993,6.61627776007512,1.757566934623082,-1.027611864765524,1.0088026890181103,-0.18927935138224025,0.030057314987474035,0.1562385078766272,0.15387624320653664,0.014548803870791245,7.127265794815831,0.7937700031335575,5.482968198772062,0.9956350001052253,-1.1081327041985225,1.0,0.3656697578415331,5.0,3.3333333333333335,10.0,-3.3333333333333335,1.6883998484915714,1.3707262478429396
10.9,6.651274197855564,1.8309201789794403,-1.0310475806332795,0.9971297563259854,-0.17702750998698374,6.637659185056544,1.7235450702258208,-1.034873944447849,1.0086687043907616,-0.20649592337828895,0.029902524401149502,0.1576719986836012,0.155540201251605,0.01418543477420937,nan,nan,nan,0.997427346895217,-1.0993580417067503,1.0,0.3475623688339453,5.0,3.3333333333333335,10.0,-3.3333333333333335,1.6512934482173804,1.387478398499494
10.950000000000001,6.683289872099808,1.780279778613144,-1.041158137995964,0.9988035699653027,-0.16213508381233074,6.66835131169254,1.671387451106999,-1.0462960379815702,1.008612976054045,-0.15568262997400847,0.029905835335781474,0.15982161850216306,0.15804600653288312,0.014528723646965938,nan,nan,nan,0.9980238205213466,-1.0977520917291106,1.0,0.34425439018072734,5.0,3.3333333333333335,10.0,-3.3333333333333335,1.6334228110191544,1.4099851078780015
11.0,6.7043347428703415,1.7462692087435179,-1.0474221754324236,0.9999128606091162,-0.15331585673301798,6.691525984771046,1.6391422226741463,-1.0469574613155093,1.0087786281179758,-0.14425646000641434,0.02923186990190073,0.16122054524739443,0.15969098604187829,0.014167165488459983,nan,nan,nan,0.9988395312212911,-1.094476807924703,1.0,0.3375135200182309,5.0,3.3333333333333335,10.0,-3.3333333333333335,1.634801602960162,1.4148053971099708
11.05,6.735476759213649,1.6949016125453145,-1.0562410825054753,1.001439439449103,-0.14281482618279603,6.706827000473994,1.529049902173525,-1.0569238873986786,1.0119366828664824,-0.12999526248471813,0.02927193311795772,0.1553418558953262,0.1543547987635991,0.014505935910165975,6.516011955028867,0.9810264954672571,1.5514100565087938,0.9988897378750442,-1.094084261181442,1.0,0.3367061214213247,5.0,3.3333333333333335,10.0,-3.3333333333333335,1.6374961280886429,1.4115208964959751
11.100000000000001,6.755965523771207,1.66044055515964,-1.0617644037647018,1.0022895927774398,-0.13424821084272384,6.725453594987597,1.4927336323465448,-1.0641521660579376,1.0116167059061878,-0.12325062132364324,0.02954443067004979,0.1567643568436843,0.15602396412605812,0.014146513384105875,nan,nan,nan,0.9999407593189746,-1.0678088555607173,1.0,0.28289154168330977,5.0,3.3333333333333335,10.0,-3.3333333333333335,1.5880037359332257,1.459345041434885
11.15,6.786311973557127,1.608456598743504,-1.0693021385070098,1.0033999501587871,-0.11943699545828561,6.754769657574249,1.4395954194594178,-1.0716231884026022,1.0112466451110356,-0.1037848251099495,0.029542857627858278,0.15890275935575532,0.15853494001102866,0.014488184385101275,nan,nan,nan,0.9999941919493569,-1.0630752429534354,1.0,0.27324129582201406,5.0,3.3333333333333335,10.0,-3.3333333333333335,1.565535393174382,1.48270432115594
11.200000000000001,6.806298489061661,1.573620404106008,-1.0738498170368411,1.0040552531396107,-0.11015370837125041,6.771414934149289,1.4018918879240656,-1.0805692349863385,1.0110355350069924,-0.09713605863439666,0.03009078423886854,0.16029183888141638,0.16018499714931075,0.01413029684701476,nan,nan,nan,0.9999358023635827,-1.0602919639922814,1.0,0.2675729777350495,5.0,3.3333333333333335,10.0,-3.3333333333333335,1.565535393174382,1.48270432115594
11.25,6.83593555504223,1.5211227195263564,-1.0799900126703403,1.0048702272466856,-0.09649415935354075,6.764733405315815,1.3444538943802486,-1.0858632072490648,1.009810496919692,-0.06766162437784191,0.03012032313718159,0.15453258737232492,0.1547867029608626,0.014467349973118335,6.414877596211619,1.300601274195465,0.5275573812945464,0.9996912256342806,-1.0557180677181368,1.0,0.2582670800738702,5.0,3.3333333333333335,10.0,-3.3333333333333335,1.5468455713662514,1.4995038264136928
11.3,6.855479579618622,1.485978824163052,-1.0836141398233368,1.0052681442193439,-0.08663622043614842,6.781162942177519,1.3068675870705828,-1.094116590750383,1.00962440062471,-0.12949610812743492,0.030599472354787743,0.15594661276597455,0.15646108897167874,0.014111394635660841,nan,nan,nan,0.9987617399122111,-1.03609342283698,1.0,0.21845906088080125,5.0,3.3333333333333335,10.0,-3.3333333333333335,1.51885340369491,1.5231856606128775
11.350000000000001,6.884500177340452,1.433076984890774,-1.0882154461292242,1.005609059500492,-0.06851064121182868,6.808869703708749,1.2530027656035758,-1.0980546637089879,1.0092496467385932,-0.04809376700586811,0.030612382315627032,0.15807619621728905,0.15897872122398793,0.01445149338087407,nan,nan,nan,0.9980366207560307,-1.0314424803553521,1.0,0.20905090598436482,5.0,3.3333333333333335,10.0,-3.3333333333333335,1.4715410455597244,1.5646806085301541
11.4,6.903666113895126,1.3977034511199558,-1.0906750919812607,1.0056948782898796,-0.05784793134170128,6.825807190456198,1.2160018732405673,-1.1026706992332436,1.0088842280246286,-0.045823325967243415,0.03088284606609502,0.1594583723095763,0.16063405718962792,0.014096868035902634,nan,nan,nan,0.9974351920623774,-1.02641801022214,1.0,0.1988974223291442,5.0,3.3333333333333335,10.0,-3.3333333333333335,1.4881637621725492,1.5437854480560445
11.450000000000001,6.932170472855073,1.3445117427875397,-1.09368043616781,1.0056614717640757,-0.04441732977289766,6.8354872693335125,1.15052868484232,-1.1075150460458276,1.0084623096764502,-0.05293394785342413,0.030894351896451545,0.1538098752070997,0.15517914389571744,0.014432273749651222,6.648228881389988,1.047569178589288,0.2036449730364846,0.996758616003363,-1.022133296657251,1.0,0.19024687630929837,5.0,3.3333333333333335,10.0,-3.3333333333333335,1.4728607398062161,1.5541736941520066
11.503,6.960415820058069,1.2912030361056657,-1.0958029934243227,1.005171882277756,-0.02839489443788189,6.861799382769648,1.0959365200194393,-1.1129196737554312,1.0073793445330699,-0.022996935277977953,0.03100896972568826,0.15593056827987276,0.1577007823174816,0.014192610954311746,nan,nan,nan,0.9939767784260362,-1.00251150684532,1.0,0.15071691142424304,5.0,3.3333333333333335,10.0,-3.3333333333333335,1.4087462268747926,1.5982251843473496
11.551,6.979120892213799,1.2556216993717364,-1.0966482427156363,1.0047275558452817,-0.01668254553064454,6.879597861064389,1.0597946278827368,-1.114552222552632,1.0066247125895278,-0.030835091551477564,0.031003830844103138,0.15734592530282687,0.15938034006074417,0.014417982420032331,nan,nan,nan,0.9939767784260362,-1.00251150684532,1.0,0.15071691142424304,5.0,3.3333333333333335,10.0,-3.3333333333333335,1.4087462268747926,1.5982251843473496
11.600000000000001,7.007023486985465,1.2022098049309093,-1.097100789741411,1.0040015426221136,-0.0014872805700665778,6.895294405220467,1.0222672220656106,-1.1181051876841839,1.0058513906028175,0.028434282986930702,0.03137808038969749,0.15872471351844436,0.16103978967811736,0.014066263589641817,nan,nan,nan,0.99309397857717,-0.9969598337736162,1.0,0.13955506558115305,5.0,3.3333333333333335,10.0,-3.3333333333333335,1.4093784957892301,1.593150182159132
11.65,7.025540635824655,1.1665883203879586,-1.096963797127536,1.0034247087962658,0.006157943758052954,6.903090952221478,0.9944852939574637,-1.1168769573683894,1.0025103515349871,0.012048708982879231,0.03137447655793465,0.15317684515258087,0.1555323939876092,0.014400123435285996,6.729984873160702,1.2505073356310257,0.3719371076928154,0.9920596098806698,-0.9920026839330368,1.0,0.12959585741573942,5.0,3.3333333333333335,10.0,-3.3333333333333335,1.4163836309670068,1.5795311876600868
11.700000000000001,7.04400588989663,1.13096383688869,-1.09653379054005,1.0029728175486565,0.013694535145303282,6.921775229889951,0.9591761147220444,-1.1152633377346541,1.0022304735959482,0.02229722855643597,0.031168400694905705,0.1545855596594523,0.1572136243097022,0.014047216220666889,nan,nan,nan,0.9915528005472873,-0.9868068313256559,1.0,0.11916393815166071,5.0,3.3333333333333335,10.0,-3.3333333333333335,1.4059463051746626,1.5954058892061709
11.75,7.071641335862504,1.0775264781911225,-1.0953301397143975,1.0024271474366682,0.024325166133693073,6.94825496593029,0.9051948565371798,-1.1129369448412572,1.0018129962759696,0.054692482519429216,0.031172991187177534,0.15671630078451146,0.15973625941789713,0.014465134560953302,nan,nan,nan,0.9911703624539902,-0.9818312135983269,1.0,0.10918025304756096,5.0,3.3333333333333335,10.0,-3.3333333333333335,1.4054035790168085,1.5935775363377322
11.8,7.090040899436204,1.0419097571279199,-1.094212576634651,1.0020652115788642,0.029863162385533708,6.964731707501644,0.8684627685668985,-1.1133936713625157,1.001517169206427,0.04697513132588804,0.03138588492438658,0.158097623732161,0.1613959326673934,0.01410599919255831,nan,nan,nan,0.9909248598496999,-0.97811187426996,1.0,0.10172088666653956,5.0,3.3333333333333335,10.0,-3.3333333333333335,1.412532093549952,1.584819604839276
11.850000000000001,7.117631574704067,0.9885116330287987,-1.0921552635363196,1.0014766694570434,0.03767707413189599,7.044372761024515,0.8719963082318608,-1.1119580730963168,0.998977746759703,0.019174695293383524,0.031312302682278435,0.1526423953226322,0.15583781922037288,0.0144367208179957,7.598566346339126,1.4679266600633298,2.8567122173914923,0.990257777866983,-0.9736934076590404,1.0,0.09286302714145456,5.0,3.3333333333333335,10.0,-3.3333333333333335,1.398940342669052,1.593424316946779
11.9,7.136037295794536,0.9529306648137185,-1.090563725517569,1.0016711419521998,0.040163081580711205,7.063919474942621,0.8373054754757074,-1.1073765673083493,0.9999407183612524,0.039146170437902174,0.030991531798164426,0.154055317605325,0.1575180358667372,0.014080540981929558,nan,nan,nan,0.9944420607580856,-1.006477313388404,1.0,0.15869599375872778,5.0,3.3333333333333335,10.0,-3.3333333333333335,1.4589908733318389,1.5741114920459598
11.950000000000001,7.163711172174515,0.8995470450389407,-1.0881331364962232,1.0024444469640077,0.04064575061904112,7.090774387014332,0.783627469204924,-1.105527519492719,1.0010631310856677,0.04625954419186071,0.0309923470644317,0.15619543637171573,0.16003711763125347,0.014414817036135612,nan,nan,nan,0.9945243601336523,-1.0021246778616661,1.0,0.14993888257452648,5.0,3.3333333333333335,10.0,-3.3333333333333335,1.4616928455259466,1.5675834237414101
12.003,7.1914778730158915,0.8461727210968548,-1.0856893351929666,1.0028891177780643,0.0407619679690605,7.120554027215562,0.7316392029689274,-1.100519578795227,1.0017823598671005,0.008560941551090731,0.030532760190800437,0.15828653437329984,0.1625237778058366,0.014172428441003361,nan,nan,nan,0.9945960563025251,-0.9966233806834114,1.0,0.1388788989338554,5.0,3.3333333333333335,10.0,-3.3333333333333335,1.456388006615367,1.5692183633908443
12.05,7.210046188123544,0.8106053697094733,-1.0840413260101436,1.0031285796847196,0.041536185463500144,7.123495467714042,0.6558432490909363,-1.0994872643966138,1.0042575324015328,0.029164638473136537,0.030564794374643302,0.1522080893878154,0.15608923183915127,0.01439045706153805,6.936117842793005,0.2866583482075634,0.7993121971193899,0.9945960563025251,-0.9966233806834114,1.0,0.1388788989338554,5.0,3.3333333333333335,10.0,-3.3333333333333335,1.456388006615367,1.5692183633908443
12.100000000000001,7.228662411886373,0.7750608075089334,-1.0823248405269175,1.0029279105431985,0.04435405840174383,7.145916489910196,0.62255194634296,-1.0914585088530093,1.0036440103741955,0.05426479577589759,0.02985500205812626,0.1536282121163267,0.15776500018629527,0.01403892910377841,nan,nan,nan,0.9920632435157593,-0.9734136553808118,1.0,0.09230232362579494,5.0,3.3333333333333335,10.0,-3.3333333333333335,1.4116914370304532,1.5850159781491222
12.15,7.256668150414657,0.7218206896491136,-1.0795081041957015,1.0024195288337487,0.047967681099918245,7.173726314033642,0.5691556537657304,-1.089301541473719,1.0030627465543032,0.03983223594508828,0.02985157165189941,0.15578152305942852,0.16027480186154577,0.014372178892797523,nan,nan,nan,0.9929205227398055,-0.9723967918137956,1.0,0.09026435973393232,5.0,3.3333333333333335,10.0,-3.3333333333333335,1.4357224689723629,1.5691218254894497
12.200000000000001,7.275401258291858,0.6863739097493605,-1.0775478268024248,1.0021939704941427,0.04983108856581923,7.19645940348866,0.5360372290239103,-1.0822186803897544,1.0027673430047468,0.05669285764257195,0.029185073600284862,0.15717693713731032,0.1619253499709223,0.014022405063396998,nan,nan,nan,0.9933316510026146,-0.9666697872683767,1.0,0.07878986020527412,5.0,3.3333333333333335,10.0,-3.3333333333333335,1.4432324487704136,1.56652428092989
12.251000000000001,7.303606075839139,0.6332742687078013,-1.0744814209660687,1.0020188214887014,0.051421410810749114,7.244103083479082,0.4258066190751678,-1.079491007559348,1.006751301046186,0.04399946743279054,0.029192458325553502,0.1518702451591083,0.1562774342783336,0.014350963801114155,7.3894145615127815,-0.0792132604392689,1.3203503338270826,0.9933316510026146,-0.9666697872683767,1.0,0.07878986020527412,5.0,3.3333333333333335,10.0,-3.3333333333333335,1.4088427132512662,1.56652428092989
12.3,7.3224840405607,0.5979241427041476,-1.0723910584327734,1.0016278937471026,0.05321810096077671,7.261804238171633,0.38955863505762006,-1.0790558823337957,1.0055530488344027,0.055985264506635504,0.02941242755361147,0.15329867418068685,0.15794594688572325,0.014003290592281871,nan,nan,nan,0.9919693665077394,-0.952672987686845,1.0,0.05076643822836613,5.0,3.3333333333333335,10.0,-3.3333333333333335,1.4088427132512662,1.577364818030668
12.350000000000001,7.3509060521413145,0.5450037044173288,-1.069064055905474,1.0007871652815277,0.0569550924849336,7.290331571883877,0.3364320278034494,-1.0761917875114595,1.0040215529782799,0.041887761902071365,0.029409382535327846,0.15546437127430368,0.16044513686906298,0.014335520179478648,nan,nan,nan,0.9915392273653,-0.948881150489624,1.0,0.04317857157187821,5.0,3.3333333333333335,10.0,-3.3333333333333335,1.407684660274559,1.5779900106283333
12.4,7.369929423556723,0.5097925279735008,-1.0667226127630747,1.0003386613660572,0.05962503054370775,7.310451667451632,0.3017023291309099,-1.0725473798275729,1.0032121778937053,0.07177881204709406,0.029249399874993174,0.15686704942384833,0.16208901084430063,0.013989270921589612,nan,nan,nan,0.9913222159349122,-0.9443557996662292,1.0,0.03412447418917108,5.0,3.3333333333333335,10.0,-3.3333333333333335,1.4000100291911723,1.5878955095102258
12.450000000000001,7.398589747887714,0.4570747739847021,-1.063029524393757,0.999859309665106,0.062353896114226495,7.382559073063203,0.3112754344316277,-1.0687761442366464,0.9997880684069019,0.02991861508317971,0.02918360993616661,0.15161179925186227,0.1564091188828578,0.014316768789253123,7.848408320937425,0.941706812493122,2.6419620244412263,0.9914889018862565,-0.941985526882083,1.0,0.029382731439851595,5.0,3.3333333333333335,10.0,-3.3333333333333335,1.4717144088623535,1.576265555754208
12.5,7.417790947182152,0.4219810597623599,-1.0605595416882354,1.0003143431439123,0.06069458579225036,7.401962459633206,0.27629930468080616,-1.0669669977241447,1.0006431535756644,0.03338638212034161,0.029161825398876934,0.15304695115113248,0.1580714194298686,0.013972340726513509,nan,nan,nan,0.9954806484250345,-0.973668207941244,1.0,0.09281251910953903,5.0,3.3333333333333335,10.0,-3.3333333333333335,1.4717144088623535,1.5612477498794466
12.55,7.446765399411191,0.3693742365760116,-1.0570568473171535,1.0013003874326045,0.056906390136049555,7.430997983385992,0.22372376999880483,-1.0650941446799171,1.0016397832179487,0.017367375700509325,0.029158888515071518,0.15522365920412629,0.16056163973919446,0.014303574724442618,nan,nan,nan,0.9953931659286551,-0.9709422553240281,1.0,0.08734955051504878,5.0,3.3333333333333335,10.0,-3.3333333333333335,1.4694831737598135,1.5599529668853194
12.600000000000001,7.475940586501502,0.31682641382429316,-1.053711249208768,1.0019086888320305,0.05531373684940828,7.4501097895819735,0.18849845560582476,-1.0641773477395922,1.0020456011665204,0.017230690667903663,0.02920722137697563,0.15663309204015904,0.16220027526414071,0.013960312671386591,nan,nan,nan,0.9951721348911682,-0.966790992833289,1.0,0.07903264870807614,5.0,3.3333333333333335,10.0,-3.3333333333333335,1.4566277668026844,1.5677310249220577
12.65,7.49549746110578,0.28183590904485534,-1.0515056797914277,1.0021649840146272,0.055083800567254794,7.451947916765593,0.10697201747170708,-1.06034827286007,1.0033655124939531,0.06681164077333977,0.029248356005257898,0.15141771390110567,0.15649837344459366,0.014286800367163083,7.147170212746652,-0.1649148350211801,0.7490049984683703,0.9949736700090284,-0.9638723497642074,1.0,0.07318690502907343,5.0,3.3333333333333335,10.0,-3.3333333333333335,1.4514913695879454,1.5697125640994263
12.700000000000001,7.5249816753548355,0.2294318965584987,-1.0481752864291045,1.0019163004062217,0.05609125994657822,7.471824194891565,0.07211119183755893,-1.0579788990606283,1.002923948463763,0.07135378948823698,0.02920710789814507,0.1528588395613418,0.1581563442354041,0.013945131182430695,nan,nan,nan,0.9927867126692563,-0.9401652793098216,1.0,0.02574154389549843,5.0,3.3333333333333335,10.0,-3.3333333333333335,1.4299404424751565,1.5693326935623817
12.75,7.544728636555405,0.1945638321246299,-1.0459119023734196,1.001640910246905,0.05684607178881056,7.5014187551949725,0.019729296597503707,-1.0545221318860354,1.002380686468001,0.050835605808108315,0.029203663985976725,0.15504497691384342,0.16063936850879873,0.014275372063155002,nan,nan,nan,0.9927701551057196,-0.9376578825626273,1.0,0.02072607101578705,5.0,3.3333333333333335,10.0,-3.3333333333333335,1.431291172557263,1.5686669836808087
12.8,7.564549401397714,0.15974891263979105,-1.0436103670567343,1.001415541218012,0.05811955236463671,7.527076405209997,-0.011800388040005928,-1.0441922957933123,1.0021006558695367,0.0818484179611462,0.028326323754825404,0.15646138674064256,0.16227210237069234,0.013934668152223157,nan,nan,nan,0.9927196910237255,-0.9337814180974635,1.0,0.012972582114480158,5.0,3.3333333333333335,10.0,-3.3333333333333335,1.4222228936015664,1.5784797506788137
12.851,7.594423764203191,0.10761929709863256,-1.0401109159071507,1.0013661841694526,0.05745827942568095,7.618544794513988,-0.057756559319573776,-1.041601392839734,1.0036776140040908,0.025717668977742147,0.0282692935895146,0.15127983516444715,0.15655002377438185,0.01426016169002729,8.228807445271771,0.05698783082452098,1.731639458855018,0.9939991901831113,-0.9345855345138793,1.0,0.014580891343994207,5.0,3.3333333333333335,10.0,-3.3333333333333335,1.4560994261328402,1.5552402435730355
12.9,7.614440931110574,0.07291702995776858,-1.0378681016448084,1.001634913419593,0.054957271738740855,7.631432612006802,-0.09662392681815772,-1.0494256199150263,1.0038623491273233,0.051512355218361575,0.02943263722809829,0.1527279586144827,0.15820188819734293,0.013920884196998363,nan,nan,nan,0.9964552296908673,-0.9573770908388474,1.0,0.06018190001944612,5.0,3.3333333333333335,10.0,-3.3333333333333335,1.4785544108467419,1.54729469265803
12.950000000000001,7.644625056025501,0.020927696202829183,-1.034692160180584,1.001972225699034,0.05201968103964814,7.661470661479014,-0.14883322371707794,-1.0463926828781664,1.0038126211083647,0.05740450468149139,0.029434271530492603,0.15492269095890243,0.160677751674603,0.014250173727700995,nan,nan,nan,0.99514798519931,-0.9508767126663625,1.0,0.04717173351454651,5.0,3.3333333333333335,10.0,-3.3333333333333335,1.461179669836884,1.5532435074714945
13.0,7.664846527496784,-0.013679973274521157,-1.032639760543905,1.0020342778763909,0.0508840238196532,7.6839054026010745,-0.1822583121787647,-1.0417412672457962,1.003676358529608,0.03194924369529823,0.029087122112666664,0.15634411074457624,0.1623062163023698,0.013911700051171894,nan,nan,nan,0.9950874952291046,-0.9472308740463811,1.0,0.03987659495296425,5.0,3.3333333333333335,10.0,-3.3333333333333335,1.4617364628594276,1.5519169037612162
13.05,7.6953218467958795,-0.06551298368336939,-1.029629982970795,1.0021551679910163,0.049868566378704876,7.688599380247015,-0.20130632706004256,-1.0385477372287446,1.0007270286873784,0.04785871485518764,0.02909543034624948,0.151183073128478,0.1565744566675246,0.014236236510781167,7.441052477139744,0.10556049254262301,0.6234450628670147,0.9954372706393707,-0.9461776409181819,1.0,0.03776933477360078,5.0,3.3333333333333335,10.0,-3.3333333333333335,1.457868018197607,1.5585737566391127
13.100000000000001,7.71573443635933,-0.10002041639581252,-1.027649578383814,1.0023853429061789,0.04919998279105804,7.706758297999717,-0.23703785185901027,-1.0395050697197838,1.0012518355866464,0.04473873132447015,0.029431278211921093,0.1526353889317963,0.15822256669045906,0.013899047339895582,nan,nan,nan,0.9953757902244714,-0.9423419363351617,1.0,0.03009570796158645,5.0,3.3333333333333335,10.0,-3.3333333333333335,1.4668323727671457,1.5576991159875822
13.15,7.746498072598141,-0.151717013125761,-1.024721848426349,1.0026761234078094,0.048818088839711324,7.7372470954328065,-0.28881579835998983,-1.036912536559047,1.0017839096944827,0.04410247343716334,0.029431570638586618,0.1548375672396142,0.16069207259793925,0.014227408018228804,nan,nan,nan,0.9949422373146107,-0.9388866624676098,1.0,0.023183927284367023,5.0,3.3333333333333335,10.0,-3.3333333333333335,1.4557874134828992,1.563394146676205
13.201,7.7774261011400005,-0.20332599887282893,-1.021778592117703,1.0027636869357417,0.049247197343803575,7.756477174403062,-0.3239794910522067,-1.0362394324119695,1.00197766600641,0.058429379536116884,0.029607040358871285,0.156263456281366,0.16231697087067867,0.013890904822562344,nan,nan,nan,0.9948671269112881,-0.9355491292234215,1.0,0.016508197330251217,5.0,3.3333333333333335,10.0,-3.3333333333333335,1.4526378862442588,1.5640022600711216
13.25,7.79813240236717,-0.2376800230692863,-1.0198064864758196,1.0027408010087435,0.04931017189501443,7.770573674048389,-0.32203656981319473,-1.0330170066160962,0.9983506343358609,0.04419549230406587,0.029595847325323492,0.15111785700514352,0.15657951524732683,0.01421451621895143,7.62978856603987,0.18462670432285783,1.1402318369503732,0.9946437724624717,-0.9326921880468687,1.0,0.010794044891125232,5.0,3.3333333333333335,10.0,-3.3333333333333335,1.4532101001033364,1.5606999325831123
13.3,7.818908485741484,-0.27199427903151646,-1.017840144413367,1.0029285054628825,0.04889383516864257,7.792279661420055,-0.3556247254522678,-1.029300182120064,0.9993642139639147,0.04874750798755274,0.029409992092702644,0.15257438512950178,0.15822454519692347,0.013879182624284569,nan,nan,nan,0.9955755027697214,-0.9389131939275284,1.0,0.02323699735079421,5.0,3.3333333333333335,10.0,-3.3333333333333335,1.4703001511098486,1.5617878364725515
13.350000000000001,7.850214989737646,-0.32341128712984546,-1.0149587260873978,1.0034715635976532,0.047278833249415765,7.823230805750946,-0.4070115694633183,-1.0262117531823503,1.0006132913697587,0.06864845408760115,0.029414212824753014,0.15478359304331926,0.16068894873550132,0.014206642043927683,nan,nan,nan,0.9957910914379409,-0.9375193086707403,1.0,0.020448893864683626,5.0,3.3333333333333335,10.0,-3.3333333333333335,1.474397257778054,1.5561923216107283
13.4,7.871177919888337,-0.3576503322103127,-1.01310495253982,1.003700343700372,0.0456557674991521,7.845361434514496,-0.4404448562838509,-1.0229941940106624,1.0012057084482389,0.01734998771454162,0.029208024612112766,0.1562149448288763,0.16230981931503527,0.013871889759530529,nan,nan,nan,0.9957959536350602,-0.9344839456278807,1.0,0.014377702922764968,5.0,3.3333333333333335,10.0,-3.3333333333333335,1.4800039543534804,1.5466363416970992
13.451,7.902752678045798,-0.4089436994827779,-1.0104155609392957,1.003929783813194,0.044904229035225604,7.818660133029411,-0.41733134206857314,-1.020807790292496,0.9954832052636169,0.04563752951418968,0.029223918496236644,0.15108266686620855,0.15656735451975387,0.014194626312160443,7.2736952758321385,0.2541978996708265,3.175276859981558,0.9959807327803643,-0.9333062625228733,1.0,0.012022233841285868,5.0,3.3333333333333335,10.0,-3.3333333333333335,1.4618142893217816,1.5642627008786842
13.5,7.923889515298702,-0.44309839645069754,-1.0086199429282912,1.0042945108510042,0.04469759493429904,7.841782923337654,-0.44995147085936443,-1.01568883552327,0.9971087118513086,0.05732902255807602,0.02888089952873935,0.1525447711786317,0.15820820965855362,0.013860958445595829,nan,nan,nan,0.9958397957936854,-0.9295598647212894,1.0,0.004529301182385037,5.0,3.3333333333333335,10.0,-3.3333333333333335,1.4783631496721836,1.563773989295332
13.551,7.955732556665823,-0.49428591894815277,-1.005990702150826,1.0049487527852992,0.0428456982504927,7.8734129977685985,-0.5007834253379579,-1.0125784756512775,0.999131259043415,0.016897734923121882,0.028875419496560594,0.15476287047824644,0.16066594969362027,0.014187539310113661,nan,nan,nan,0.996246861681434,-0.9290229443597525,1.0,0.003455456154504155,5.0,3.3333333333333335,10.0,-3.3333333333333335,1.4886447052088636,1.5518229060854716
13.600000000000001,7.987731616630807,-0.5454109684951972,-1.0034507101144408,1.0053110015681548,0.04246425178269382,7.893555267741366,-0.5352953834727482,-1.013029339991986,1.0001102467202778,0.004163502877126192,0.029023745260026105,0.15620007811373154,0.16228264652518865,0.013854379503410019,nan,nan,nan,0.9962911177976,-0.9264253897270348,1.0,-0.001739656987895799,5.0,3.3333333333333335,10.0,-3.3333333333333335,1.4698825024894853,1.5647288486154745
13.65,8.009144919058896,-0.5794514825494672,-1.0017242560437605,1.005367359492817,0.04363926322495691,7.913407912664563,-0.5709043145692213,-1.0093305298805686,0.9998917854746051,0.065613397776899,0.029036490725771764,0.1510763074463704,0.15653858065374976,0.014176263910529743,7.792541695975473,-0.4194538395506672,0.13448214308239426,0.9960509418567062,-0.9241287206395555,1.0,-0.00633301589055657,5.0,3.3333333333333335,10.0,-3.3333333333333335,1.4576941777846122,1.5718595160254851
13.700000000000001,8.041379572238043,-0.6304441018022489,-0.9991363328085593,1.0054502381264132,0.04210885275534947,7.939573074989618,-0.6018898370384618,-1.0008976404947871,1.0006761281899121,0.050256753012642305,0.02830864049231774,0.15254437165043774,0.15817502080688545,0.013841255144990364,nan,nan,nan,0.9961354732844965,-0.9213871574382687,1.0,-0.011816258609882446,5.0,3.3333333333333335,10.0,-3.3333333333333335,1.4838415385289394,1.546854653844025
13.751000000000001,8.062945260693075,-0.6643965152646397,-0.9975053787999044,1.0055829804325773,0.039916636485765,7.972075152726175,-0.6523981711434397,-0.9960088603635553,1.0017688931316882,0.041728149654395204,0.028309190704789565,0.15477174561050014,0.16062500922195766,0.014249355241679494,nan,nan,nan,0.9971434599771842,-0.9204059367445924,1.0,-0.013778780505123933,5.0,3.3333333333333335,10.0,-3.3333333333333335,1.4930286934311194,1.5396680910920044
13.8,8.095406645050026,-0.7152637248178179,-0.9952159168806906,1.0057268246382691,0.03698796375208383,7.995944996381398,-0.6847921292768175,-0.9916325232138359,1.0023679451271201,0.0480421772981389,0.028015514291852468,0.15621620496630687,0.16223516270555838,0.013907662080540603,nan,nan,nan,0.9971434599771842,-0.9204059367445924,1.0,-0.013778780505123933,5.0,3.3333333333333335,10.0,-3.3333333333333335,1.4930286934311194,1.5396680910920044
13.850000000000001,8.117119498363708,-0.7491339649871264,-0.9937962565656718,1.0058073793502382,0.034557910355218435,8.03347735003412,-0.6638014676434051,-0.9884835178506552,0.9991444030829598,0.059753200742374404,0.02798781648900967,0.15110000215427902,0.1564872470848288,0.014227069097712597,8.119167980896286,0.023032209808961035,2.026447250091183,0.9974523289707639,-0.9202356950482936,1.0,-0.014119280460971773,5.0,3.3333333333333335,10.0,-3.3333333333333335,1.5017188019119532,1.531402659379237
13.9,8.149798453532762,-0.7998958031855038,-0.9919768754160341,1.0065087949863625,0.026415167687064915,8.052321862065657,-0.6990877475761317,-0.9912848034088301,1.0006181717499925,0.007611540661815068,0.028451757533825752,0.15257478136916525,0.15811716446351995,0.01388773984295144,nan,nan,nan,0.9988985784337825,-0.941544753191407,1.0,0.02850099944125306,5.0,3.3333333333333335,10.0,-3.3333333333333335,1.553464500529671,1.5008747363692767
13.951,8.171658859449368,-0.8337175448439715,-0.9910040992087867,1.0068807782478655,0.023539186222610024,8.085234246202026,-0.7493439287148668,-0.9898949004081508,1.0023156693490678,0.024547494407430412,0.028455404629096306,0.15480915218919272,0.1605604505916412,0.014211196313090594,nan,nan,nan,0.9986070563805108,-0.9384971699772843,1.0,0.022404841106846263,5.0,3.3333333333333335,10.0,-3.3333333333333335,1.5201443032364315,1.5273423497916923
14.0,8.193571103827791,-0.8675185404588238,-0.9901165911824932,1.007089978292416,0.02128467947553269,8.108379047921659,-0.7821735340712108,-0.9876901379499049,1.0030793580367294,0.0074042265421667,0.028293975113434722,0.15625775042136672,0.1621667035549845,0.013873489071097924,nan,nan,nan,0.9985793888292965,-0.936585470581906,1.0,0.018581039732700422,5.0,3.3333333333333335,10.0,-3.3333333333333335,1.5231191972212044,1.518866964262333
14.051,8.226522341312721,-0.9181776827728659,-0.9889472683112988,1.007247262349076,0.018444510606101062,8.160707777921901,-0.8490955601447198,-0.9863922372166534,1.0056888151275467,0.014614702733886013,0.028289353802005233,0.15113950368775356,0.15642396673299788,0.014192442679838876,8.331031171595399,-0.9748222364787795,0.23624584084039663,0.9986640810331123,-0.9359945574912596,1.0,0.01739911789460047,5.0,3.3333333333333335,10.0,-3.3333333333333335,1.5175068066262731,1.5226445956614
14.102,8.259558195159126,-0.9687840722787429,-0.9879334116922687,1.0071670161656912,0.015672881787266904,8.186321549054727,-0.8805480085269657,-0.9803893116661779,1.0057968985349588,0.04810166842143714,0.027791703957810703,0.15261777104143,0.15805047042733184,0.013856692884489997,nan,nan,nan,0.9987730031765988,-0.9368493704095091,1.0,0.01910888625068896,5.0,3.3333333333333335,10.0,-3.3333333333333335,1.5197206817268416,1.513127377522161
14.15,8.281620126873351,-1.0024918887774643,-0.9873962717741049,1.0071094881797553,0.011814855066540179,8.219942008137892,-0.930667055374648,-0.9784219533282208,1.005981917166492,0.05114672129665834,0.027793611726803384,0.15485830951560348,0.16048690315406688,0.01417967163440565,nan,nan,nan,0.9990872018673868,-0.937659063991643,1.0,0.020728434127601947,5.0,3.3333333333333335,10.0,-3.3333333333333335,1.545238346748947,1.4886924545801345
14.200000000000001,8.314762352325051,-1.0530167276926234,-0.9868941739890041,1.0070302827613646,0.006030008724593842,8.24085140092425,-0.9650168663215384,-0.9800139548561281,1.0060814375746936,-0.0012503454228885605,0.028006983483220633,0.15631093844408658,0.16208833425138017,0.013845167649914785,nan,nan,nan,0.9991033611703647,-0.9360716792980637,1.0,0.0175533732855242,5.0,3.3333333333333335,10.0,-3.3333333333333335,1.545238346748947,1.4886924545801345
14.251000000000001,8.336885203924902,-1.0866773799773237,-0.9866861494929577,1.006943915568558,0.005085556719724126,8.28968517642604,-1.1275461706524512,-0.9791552131679859,1.0131766195707983,0.01097858032919228,0.028043932008320255,0.15118909739246764,0.15635067190959376,0.014163625943388996,8.350481071600287,-2.153155382098654,4.840008952587397,0.9989475440873595,-0.9341306120170414,1.0,0.013671000946476664,5.0,3.3333333333333335,10.0,-3.3333333333333335,1.517799907554289,1.5142297086162941
14.3,8.359023398718376,-1.1203139992343785,-0.9864519999194415,1.0063702632115592,0.007104716970184649,8.308651360609854,-1.1634369900120884,-0.9839095976210163,1.0114219743002049,-0.00995157092295179,0.02857194345581427,0.1526693726414203,0.1579739849271921,0.013830764565243524,nan,nan,nan,0.9972450290089484,-0.9049091776006999,1.0,-0.04477956125063853,5.0,3.3333333333333335,10.0,-3.3333333333333335,1.4619315677148519,1.5344087667154627
14.350000000000001,8.392230794239353,-1.1706900848560158,-0.9858059042569165,1.0050717621204714,0.013894763189560663,8.342238526144348,-1.2139239367049686,-0.9830689897318177,1.0091857689544081,0.02898648969753668,0.028576718124649934,0.15490950286374902,0.160408303631237,0.014153248994285127,nan,nan,nan,0.9966251762264592,-0.9017302361855233,1.0,-0.05114110551937001,5.0,3.3333333333333335,10.0,-3.3333333333333335,1.4410350579989368,1.554878149220239
14.4,8.41437119284576,-1.204227103557732,-0.9851483636052522,1.0044189865215594,0.01758296978884996,8.36401411186904,-1.2478857878050553,-0.9834743651272415,1.0080633101452392,-0.012235317787606928,0.02865609415362598,0.15636148910873215,0.16200836013912387,0.013821358293613133,nan,nan,nan,0.9965534319675575,-0.9000202129886287,1.0,-0.05456354110750361,5.0,3.3333333333333335,10.0,-3.3333333333333335,1.457642927355989,1.5437743037714202
14.450000000000001,8.447596258413537,-1.254475407304803,-0.9839219637784319,1.003693418353961,0.023028910282682186,8.333697309444384,-1.203348236972172,-0.9825908572011999,0.9988650657471384,0.03967394374882541,0.02866547647230753,0.15123050939317167,0.1562802768038061,0.014139295826074804,7.748104803602155,-0.34315340468298483,4.632796108629835,0.9963955035118365,-0.8985430520429228,1.0,-0.057520183187802054,5.0,3.3333333333333335,10.0,-3.3333333333333335,1.438667136073581,1.5642728806313588
14.500000000000002,8.469765974605892,-1.2879456122320405,-0.9829302977654096,1.003755815903163,0.025307875379767548,8.355428121746197,-1.236877183931779,-0.9827939502663581,0.9998078443553635,0.004977430107548677,0.02872583251213383,0.1527098346015018,0.15790268797001908,0.01380880201423311,nan,nan,nan,0.996572860327454,-0.8997766191590347,1.0,-0.05505109462779645,5.0,3.3333333333333335,10.0,-3.3333333333333335,1.4766406236767042,1.5551958762592974
14.55,8.503077991407757,-1.3381371682424152,-0.9813254341625713,1.0041085260076892,0.028309324479992477,8.388742672888183,-1.2867933352656868,-0.9814130162255063,1.0009028806256741,0.02806921262816112,0.02872826921771667,0.15494973067353,0.16033640621268433,0.014130769516235327,nan,nan,nan,0.9964419001156186,-0.8984113465950498,1.0,-0.05778381296210977,5.0,3.3333333333333335,10.0,-3.3333333333333335,1.4579663141809018,1.5698277006006591
14.600000000000001,8.5253251203338,-1.3715815548098518,-0.9801400951660696,1.0042052244640978,0.03021366696800528,8.411433484762904,-1.3198025274644383,-0.9797289620090401,1.0013950657424122,0.050726431296287885,0.028670890827374427,0.15640235120003984,0.16193649724394849,0.01380104091810836,nan,nan,nan,0.9964193919787526,-0.8967637769357211,1.0,-0.0610818628488663,5.0,3.3333333333333335,10.0,-3.3333333333333335,1.4645353140748942,1.55956967372649
14.65,8.558754563180528,-1.4217132476486887,-0.9782796333664592,1.0042522164705747,0.03120025078926266,8.431101231898381,-1.2857504663371562,-0.9778288831328901,0.9966737110790297,0.009617436079122455,0.028639997789376374,0.15126725886890727,0.15621825731120348,0.014118459598124562,8.341760008968937,-0.4912484531722551,2.7106811432041966,0.9964916020662229,-0.8959381351691089,1.0,-0.06273472866833973,5.0,3.3333333333333335,10.0,-3.3333333333333335,1.4738943302678553,1.549065585903787
14.701,8.581085441792665,-1.4551144965370355,-0.9770440868489891,1.0046714598554538,0.030450730519010826,8.453856196178863,-1.3185262725624265,-0.9754377615028534,0.9983213667378006,0.054061660568247204,0.028580414460386044,0.15274867441667617,0.15784059362714953,0.013789937589958697,nan,nan,nan,0.9979643523963961,-0.9140113522767757,1.0,-0.026569294283588896,5.0,3.3333333333333335,10.0,-3.3333333333333335,1.500088722856239,1.548865462023014
14.750000000000002,8.614670071343042,-1.5052093180698778,-0.975316178620285,1.0054590038869011,0.027024203311939488,8.487495190133911,-1.3681394271538971,-0.973939747008683,1.0003101011627902,0.028240574428810894,0.028577028260022546,0.15499222255197206,0.16027370639520647,0.014111374469443144,nan,nan,nan,0.9980688737211485,-0.9132807322853225,1.0,-0.0280308065943653,5.0,3.3333333333333335,10.0,-3.3333333333333335,1.5179862548366518,1.5268476797885522
14.8,8.637114589139102,-1.5385937480843022,-0.9742916571249426,1.0057706140365672,0.02504030936837161,8.507606376989377,-1.4027775473776634,-0.9764343283599719,1.0012463921450143,0.01027510901981057,0.028903956069362257,0.1564474745509221,0.16187339563957612,0.013783450602396453,nan,nan,nan,0.9980732179633406,-0.9118526935604154,1.0,-0.03088750418520947,5.0,3.3333333333333335,10.0,-3.3333333333333335,1.5044306852591407,1.5343599223492825
14.850000000000001,8.670854836026336,-1.5886378431334787,-0.9728239663558217,1.005960009096807,0.02461040784226942,8.592770041078541,-1.5571894158680744,-0.9753302043651351,1.0102560057948797,0.035312287732924864,0.028917120745183784,0.15130823747076488,0.15616417758322224,0.014097551128718378,9.023248803051732,-2.4857548013544335,4.841089012672484,0.997761160843998,-0.9095063812042038,1.0,-0.03558142683509624,5.0,3.3333333333333335,10.0,-3.3333333333333335,1.4869100229770287,1.54640359298843
14.9,8.693390987517171,-1.6219687614441467,-0.9718216647719077,1.0056168627648092,0.025461824575944203,8.61157010252847,-1.5931319870774692,-0.9795095931949955,1.0089425028403394,0.024756261346044438,0.029470748397307997,0.15279080749590415,0.15778709081979225,0.013843662828695954,nan,nan,nan,0.996953714170307,-0.8972554487751027,1.0,-0.06009761665801161,5.0,3.3333333333333335,10.0,-3.3333333333333335,1.4627418110293413,1.536426810928944
14.950000000000001,8.72723073620133,-1.6718773938889375,-0.9702061721960883,1.0045241752348382,0.02844943554326267,8.64532621770231,-1.6433408212313925,-0.9773611969635542,1.0072369299907975,0.0375562663635687,0.029472762267301906,0.15503350306207878,0.16022156319517708,0.014162937753692716,nan,nan,nan,0.9963459381855838,-0.8939959761894493,1.0,-0.06662311022370604,5.0,3.3333333333333335,10.0,-3.3333333333333335,1.4461618489532266,1.5514633903789312
15.001000000000001,8.761119073255175,-1.7216856888784486,-0.9683941649929614,1.0037445789850998,0.03119923197843199,8.67082711613217,-1.6747986634181256,-0.9717218054922364,1.0063899708246686,0.04343409086425556,0.029074428144654784,0.1564893316229947,0.16182025515546464,0.01398127042470762,nan,nan,nan,0.996396156640008,-0.8924375835554205,1.0,-0.0697435185769879,5.0,3.3333333333333335,10.0,-3.3333333333333335,1.454230087566774,1.548370850320303
15.05,8.783746047680685,-1.7548441719963341,-0.9671359332895246,1.0034619719684996,0.03147661189113405,8.729008907883125,-1.7528573486994725,-0.9710762181651845,1.0080077408004953,0.016718531156903506,0.02906614751134292,0.15134513441404587,0.15611547926153158,0.01423573631582624,8.939726694842463,-1.98370554837603,0.49163306937667817,0.996918721871903,-0.8931996836572187,1.0,-0.06821750514513969,5.0,3.3333333333333335,10.0,-3.3333333333333335,1.4689112691584416,1.5399305188104226
15.100000000000001,8.806405069675687,-1.7879680729490253,-0.9658660124657606,1.003171062325656,0.032132709870499813,8.752049206064754,-1.7859445742380524,-0.968827930762167,1.0070926526859152,0.04622878743128877,0.029031407377966223,0.15282899769231695,0.1577355278955965,0.013891482562258027,nan,nan,nan,0.9969578856006012,-0.8930549638574391,1.0,-0.06850728291318298,5.0,3.3333333333333335,10.0,-3.3333333333333335,1.4560397540510421,1.5477090614301652
15.15,8.840454192904119,-1.83758493328365,-0.9639043630518381,1.0027674347683146,0.03258787065992797,8.786303588393352,-1.8356944188300928,-0.9661077495341157,1.006008886584954,0.04789621422191186,0.029031998459157188,0.15507544607450036,0.16016447482871926,0.014208785831436251,nan,nan,nan,0.9970587498523693,-0.8921116599328588,1.0,-0.06992737969102825,5.0,3.3333333333333335,10.0,-3.3333333333333335,1.4709423885248216,1.5358557031574178
15.201,8.874583167937661,-1.8871263997805596,-0.961971060338714,1.0025616857719908,0.03196686849343215,8.810961890238136,-1.8676207206002542,-0.9629391195869105,1.0054985589571956,0.018211137766696542,0.02878751506712748,0.15653352527464934,0.16175972565390712,0.013867578563814363,nan,nan,nan,0.9970855567259685,-0.8897420499228177,1.0,-0.07237378058337463,5.0,3.3333333333333335,10.0,-3.3333333333333335,1.4732630239965605,1.5365543405387405
15.251000000000001,8.897384381785255,-1.9201155692939031,-0.9606844288380932,1.0025194072832533,0.03238438778265339,8.853701581050618,-1.9594287263968224,-0.96145835403735,1.0076301018198388,0.012488001557790616,0.028798081493858763,0.15138662864589839,0.15605861399890575,0.014180701235771068,8.893770655933762,-2.335089635576357,0.6939269387802784,0.9972855900189267,-0.8892419164605796,1.0,-0.07180292016964396,5.0,3.3333333333333335,10.0,-3.3333333333333335,1.466382426558254,1.546153286840969
15.301,8.920224946845925,-1.953071816499125,-0.9593526545315461,1.0022813700866005,0.034266615225412786,8.873667208372488,-1.994520738726795,-0.9646433338999594,1.006612615939937,0.027345437248892455,0.029237542224372037,0.15287296220185664,0.15767566824190446,0.013842670128865047,nan,nan,nan,0.9963049745715341,-0.8754664566423636,1.0,-0.09269597099759874,5.0,3.3333333333333335,10.0,-3.3333333333333335,1.4378245521113622,1.5599179231411189
15.351,8.954550538128634,-2.0024271716634385,-0.9571519068901457,1.0017015474342181,0.038454217295646985,8.9080969033704,-2.0441092961719174,-0.9631067856173949,1.005253500012812,0.020319924003038847,0.029235614620051004,0.15512174906301918,0.16010166073983356,0.014160084990855915,nan,nan,nan,0.9956540592053926,-0.8713792752843502,1.0,-0.0977786765380868,5.0,3.3333333333333335,10.0,-3.3333333333333335,1.4310468016891875,1.5640033484140867
15.401000000000002,8.97747938557633,-2.0352770860008422,-0.955543506994794,1.00137833393616,0.04133692537406253,8.933247627282716,-2.0756522495034773,-0.9579182260989549,1.0045242908477925,0.058611436165471084,0.02894786711359371,0.15658151124710246,0.1616949989617562,0.013824336046270034,nan,nan,nan,0.9954881581483385,-0.8680779612976418,1.0,-0.09998805500683128,5.0,3.3333333333333335,10.0,-3.3333333333333335,1.4262467093443945,1.5710682520216055
15.450000000000001,9.01195009763007,-2.0844761372085383,-0.9529652320998393,1.0011064499657785,0.043292550730285796,8.940445755268893,-2.1675568455788072,-0.9551123828648108,1.0050459140810724,0.02322949306077675,0.0289752767166386,0.15143045638368582,0.15599991483059877,0.014137488289037346,8.61995471911817,-2.573724652682241,1.2020177652855604,0.9959018687399497,-0.8673540672240589,1.0,-0.0987932478759137,5.0,3.3333333333333335,10.0,-3.3333333333333335,1.4503370251064869,1.5520370033079298
15.500000000000002,9.046516663393746,-2.1335712118243646,-0.9501713482459018,1.0002185760021631,0.05057838692153359,8.966760245420396,-2.198285049933324,-0.9486278415971037,1.0037458002307718,0.05336781607251483,0.02854597454391876,0.15292014052789768,0.1576137103860853,0.013804251046268805,nan,nan,nan,0.9925651345739485,-0.8330951987783899,1.0,-0.14817750313217015,5.0,3.3333333333333335,10.0,-3.3333333333333335,1.373991715669366,1.599576495830003
15.55,9.069609639953201,-2.166226667997274,-0.9480372656284821,0.999687976612897,0.05464742322658572,9.001902147908876,-2.247154276076536,-0.9455683604510656,1.0023180421422533,0.04042889892883029,0.02854333665625384,0.1551762222325917,0.16003283219257095,0.014121652676059502,nan,nan,nan,0.9932435300083947,-0.8323171194430564,1.0,-0.14556283362367806,5.0,3.3333333333333335,10.0,-3.3333333333333335,1.3984167525823719,1.583934595758038
15.600000000000001,9.092750116302978,-2.198827519925908,-0.9457639157062644,0.9992985463753735,0.05825402255368537,9.027937835568785,-2.277917529902093,-0.9394618716920226,1.0016406009142609,0.06820803731740509,0.028205165718193558,0.15664201759230448,0.16162081836327524,0.01393044949135623,nan,nan,nan,0.9930536670675515,-0.8276328714256953,1.0,-0.14677084731882184,5.0,3.3333333333333335,10.0,-3.3333333333333335,1.3913675356197843,1.5932901680146219
15.65,9.12756399537363,-2.2476285616663763,-0.942125921156662,0.9989578583326226,0.06158172118929069,9.053584821919381,-2.3343346987939806,-0.935830583206875,1.0009869643177256,0.05806391953722224,0.028212526694831222,0.15149104420632048,0.15592834496501048,0.01418357169505167,8.936398399431637,-2.4007667724030646,0.07843849122421463,0.9936251246916816,-0.8264870070657157,1.0,-0.14440024948622776,5.0,3.3333333333333335,10.0,-3.3333333333333335,1.412449246177611,1.578396443310661
15.700000000000001,9.150849891653584,-2.280095470369456,-0.9396077920386876,0.9986905586492087,0.06414826632880224,9.07596627704383,-2.367495131530197,-0.9361838368473875,1.0004251897690875,0.06169979331702652,0.028403273491561423,0.15298692213677773,0.1575370663643599,0.013844089033515599,nan,nan,nan,0.9923947006859537,-0.8124210292077622,1.0,-0.15773296174088358,5.0,3.3333333333333335,10.0,-3.3333333333333335,1.38798367105989,1.5945843260754953
15.750000000000002,9.185897379796977,-2.328679443421916,-0.9355874096209648,0.998153976988335,0.06914555223445149,9.111610655938792,-2.415768940146886,-0.9314836729447604,0.9995650175550116,0.0840713784868613,0.02840695520180002,0.15525110302248912,0.15995004277670885,0.014239579137031446,nan,nan,nan,0.9917335571948639,-0.8075148274427776,1.0,-0.1597240572830536,5.0,3.3333333333333335,10.0,-3.3333333333333335,1.3788967829597798,1.5996537952620788
15.8,9.20934574568077,-2.360986702819576,-0.9327520456124089,0.9978253007169389,0.0717483887689668,9.127972370378547,-2.4530005795686147,-0.938451744456696,0.9991040706408396,0.08431297343569519,0.029409641129883007,0.15672155873339097,0.1615349979325301,0.013892853729294448,nan,nan,nan,0.9915707080172751,-0.8015516843156346,1.0,-0.16017283933709825,5.0,3.3333333333333335,10.0,-3.3333333333333335,1.3478170923905544,1.612201665809641
15.851,9.244649931710732,-2.409313207110372,-0.9282787228101299,0.9969959941788419,0.07739641439435603,9.154611419707535,-2.458660126933851,-0.9344111138242646,0.995079049868152,0.05502410420294155,0.029392591825046777,0.15156282126743376,0.15585290592172302,0.014282473340100547,9.086212656198391,-2.046923121443122,0.7085556161822383,0.9890215921037093,-0.7901375206894997,1.0,-0.16942245143833157,5.0,3.3333333333333335,10.0,-3.3333333333333335,1.3478170923905544,1.612201665809641
15.9,9.268275542731919,-2.4414326526169723,-0.9250868060945824,0.9967608773699164,0.08090398547600787,9.17474727543792,-2.4931123726271176,-0.9363588922372275,0.9954474208565361,0.09102315103865509,0.029889679612235515,0.15306085999440286,0.1574612172435869,0.0139300495155524,nan,nan,nan,0.9913020558148524,-0.8024218525030089,1.0,-0.15150694039428236,5.0,3.3333333333333335,10.0,-3.3333333333333335,1.37494913200514,1.61510980608582
15.951,9.303882232091297,-2.4894874221730965,-0.9200631846548756,0.9966206142220116,0.08634646262629948,9.210203616081843,-2.5411839959875575,-0.9333698130428741,0.9955487799185623,0.05524006201454603,0.029882287667955323,0.15532704741211312,0.15987508354944188,0.01424281390564251,nan,nan,nan,0.9897162126829403,-0.7919585770032851,1.0,-0.15624305171964892,5.0,3.3333333333333335,10.0,-3.3333333333333335,1.3467268449346113,1.6288076479418312
16.0,9.327731376478098,-2.5214262626814192,-0.9165052793989376,0.9963240467590915,0.0904710889475285,9.235559159270844,-2.5720278368846494,-0.9278065850162847,0.9954037780903037,0.0832822680698054,0.029669384720810148,0.15680019568540315,0.16145965725407618,0.013895045576932333,nan,nan,nan,0.9892903500029832,-0.7868855416689338,1.0,-0.15654750472706036,5.0,3.3333333333333335,10.0,-3.3333333333333335,1.3428266264258555,1.6291997789875563
16.051000000000002,9.363679205601903,-2.56917754678764,-0.9109179935297815,0.9959412456131609,0.09440636287611101,9.275321287795489,-2.5940682783668194,-0.9215788179811155,0.9940137203165615,0.09224149651481646,0.029658637064009792,0.15163599601249828,0.15578523756663726,0.014203966750687391,9.32171378114622,-2.332451382145254,0.2813713850123666,0.9895833014321045,-0.7833432085266941,1.0,-0.15476937471411478,5.0,3.3333333333333335,10.0,-3.3333333333333335,1.3575901418404497,1.61691147866979
16.1,9.387770710275046,-2.600910393878422,-0.9071303021916273,0.9960816015649876,0.09420793344555577,9.299392726266959,-2.625723426048661,-0.9181347217453678,0.9947184346638621,0.08086012400944793,0.029657537641982704,0.15316496864890422,0.15740249084081318,0.014410936845564283,nan,nan,nan,0.9920451715404299,-0.7953615652895446,1.0,-0.13618393678370122,5.0,3.3333333333333335,10.0,-3.3333333333333335,1.3997500577133046,1.598427812919492
16.150000000000002,9.423048971594381,-2.6466175475204308,-0.8977473550070323,0.9031482867759149,0.2621705626124206,9.338228618775805,-2.6698634836754294,-0.9061022849957179,0.8800721656160894,0.2914242686724352,0.029233185418454405,0.15541645116285271,0.15979528445143537,0.01416081309061015,nan,nan,nan,0.3,0.46964476134477967,2.0,0.9850517633572364,10.0,-3.3333333333333335,15.0,3.3333333333333335,-2.8007537321472475,1.2055936070898672
16.202,9.453281225758028,-2.6853061955329958,-0.8735578566506662,0.762834590748459,0.4866232253882338,9.36912064401673,-2.7091251578123665,-0.8835150026345621,0.7435858746523112,0.5254048869592811,0.02923344164872333,0.15764792713432255,0.16216309943205176,0.013987600467270028,nan,nan,nan,0.3,0.506768691886429,2.0,0.8944084490602922,10.0,-3.3333333333333335,15.0,3.3333333333333335,-2.3957173668527667,1.3719048997825558
16.25,9.471070075700036,-2.7077444177253733,-0.8515378953824613,0.6884431601501688,0.5823483982000675,9.46395532506414,-2.799944855105808,-0.862326273350678,0.6782985544888198,0.5956935559432079,0.02923721479708065,0.15173730230039942,0.15570187744273953,0.014191329104222824,10.166627729664231,-3.37843900473662,3.794916007383179,0.3,0.506768691886429,2.0,0.8944084490602922,10.0,-3.3333333333333335,15.0,3.3333333333333335,-2.3957173668527667,1.3719048997825558
16.301000000000002,9.495120069927054,-2.7373151009594996,-0.8130844943439116,0.5990528354298956,0.6751533409155421,9.481335280192381,-2.8199897246805046,-0.8386340275041649,0.6195539362931413,0.6412138080878464,0.029230960491066733,0.15329204234328175,0.15731772789110973,0.014397559345792683,nan,nan,nan,0.3,0.5690204966180847,2.0,0.7488688268852037,10.0,-3.3333333333333335,15.0,3.3333333333333335,-2.242812500981893,1.52466882408827
16.35,9.509799597028271,-2.7547342078082626,-0.7851232830739057,0.5503669550143802,0.711495056039358,9.499708182577379,-2.8503509917587637,-0.8078898919438515,0.5451586489106357,0.6619258506071769,0.030026217505044018,0.15561230068136092,0.15972398280944253,0.014147831003758684,nan,nan,nan,0.3,0.5804398124323401,2.0,0.7229379410377925,10.0,-3.3333333333333335,15.0,3.3333333333333335,-2.1331622953891447,1.5752747762678996
16.400000000000002,9.530281141631596,-2.7779891196960538,-0.741290763619503,0.491158057971793,0.7418164228543598,9.514601768333025,-2.8657413956154136,-0.7788888219966025,0.5073356626003486,0.7348714382528202,0.03004659225174983,0.15719046708087034,0.1613301450976131,0.014354295885253492,nan,nan,nan,0.3,0.5950714535411623,2.0,0.6900228588828385,10.0,-3.3333333333333335,15.0,3.3333333333333335,-2.0022595785806088,1.6552999891613487
16.454,9.543135387694177,-2.7918505538734344,-0.7114328223476076,0.4584766454878679,0.7491475511809691,9.486057472206985,-2.9177484231723776,-0.7300587316857575,0.4577566250646109,0.7275066615557831,0.02955991000917251,0.1521030959593943,0.15567695603001927,0.014092967080678474,8.918364556770653,-3.2799855925881802,1.9717693508308147,0.3,0.6083199858417918,2.0,0.6605049683309853,10.0,-3.3333333333333335,15.0,3.3333333333333335,-1.7707866804154002,1.667778548150967
16.501,9.561477996135862,-2.810535319144105,-0.6664766828188132,0.4179972702203877,0.7485869433278174,9.499590247557645,-2.9296978665415985,-0.7003360940797698,0.4327697203615374,0.7428799713333547,0.029570182371383907,0.15377928151273457,0.15731001106451656,0.014299755886097353,nan,nan,nan,0.3,0.6083199858417918,2.0,0.6605049683309853,10.0,-3.3333333333333335,15.0,3.3333333333333335,-1.704678280129273,1.667778548150967
16.55,9.573223440356411,-2.8217767563014315,-0.636666424934759,0.39578954984951026,0.7439498375694564,9.518736827132583,-2.946026871149346,-0.6562823583017221,0.4002714786466708,0.7476107658329483,0.029646939987081407,0.1563302404734274,0.15973504586705498,0.014048405905971817,nan,nan,nan,0.3,0.6164546793167723,2.0,0.642509082028925,10.0,-3.3333333333333335,15.0,3.3333333333333335,-1.704678280129273,1.6699923759559834
16.6,9.58465640530824,-2.8321586380568777,-0.6070756702711142,0.3767341991943453,0.7373116171983829,9.531352049526346,-2.9556009864059747,-0.6262932529525451,0.3833419186813075,0.7360901294977189,0.029652731450464636,0.15808446053507574,0.1613460501399645,0.014255455181558031,nan,nan,nan,0.3,0.6278785560637236,2.0,0.6173944156043258,10.0,-3.3333333333333335,15.0,3.3333333333333335,-1.6140214027484845,1.671816649787461
16.650000000000002,9.601368646935219,-2.846321808018892,-0.5632349697480303,0.353375377721518,0.72645549395838,9.607020438346375,-2.8741883837762456,-0.5862557280438523,0.3592362206149445,0.7212426835369865,0.030036962395338054,0.15313585194791965,0.15568113262799693,0.014006814622448651,10.276474972364989,-1.9021000660805845,6.108000550871476,0.3044672449688698,0.6351240040740798,2.0,0.6015577685353386,10.0,-3.3333333333333335,15.0,3.3333333333333335,-1.5557639912575707,1.6836737709003617
16.7,9.617814303549112,-2.8590808841010658,-0.5200746263862707,0.33999698496956,0.7144221993421962,9.618988197077645,-2.882020630511756,-0.5567316502332149,0.35298007338404924,0.7233607027594623,0.030047897652100725,0.1550199721899933,0.15730469156843474,0.014214123424670027,nan,nan,nan,0.3373017666769968,0.6404913810081451,2.0,0.589870619057153,10.0,-3.3333333333333335,15.0,3.3333333333333335,-1.3934800755133432,1.7660926705798128
16.75,9.628864416262571,-2.8669959322337757,-0.4917262255391295,0.3364291475043371,0.7057410106548726,9.637898219189905,-2.892151233401239,-0.5121158767645624,0.3477631389303901,0.7153957916034596,0.02988818768972678,0.1579180964896421,0.15970098524558746,0.013959649126137608,nan,nan,nan,0.35881215941063255,0.647069676990539,2.0,0.5755970640308308,10.0,-3.3333333333333335,15.0,3.3333333333333335,-1.1559386660484163,1.8043702891863536
16.8,9.640101528219288,-2.874527657944827,-0.46372745374799007,0.336724125914965,0.6963694260701118,9.650102485937905,-2.8988918097763143,-0.48456285332342963,0.35065852846262674,0.6674647635813139,0.029879366153681093,0.1599173572300938,0.16127997315852152,0.014167243969906918,nan,nan,nan,0.39106760166779486,0.6568891625722121,2.0,0.5543906846073325,10.0,-3.3333333333333335,15.0,3.3333333333333335,-1.1559386660484163,1.8588134481114968
16.85,9.657554487120741,-2.8852521884679496,-0.42238395007298657,0.3421403813528756,0.6847364292052691,9.741874605780106,-2.9047738325357617,-0.44311832625067904,0.3662254935547905,0.6661410620963162,0.029900592781462104,0.15504963670436253,0.15554997733652345,0.013916391133636699,10.441873973945684,-2.7926143738483775,2.2509061163102966,0.4104265070674925,0.6633117447023842,2.0,0.5405829253838872,10.0,-3.3333333333333335,15.0,3.3333333333333335,-1.0977698136853797,1.9034145449396267
16.900000000000002,9.675812063306786,-2.8953395688773442,-0.38157748781281153,0.3482769871524475,0.6773812256569279,9.75518694462008,-2.910981471248802,-0.41635286297264157,0.370160766373549,0.6555333961036952,0.029901088530054593,0.15718411091464032,0.15711842888397737,0.014124258150473561,nan,nan,nan,0.4152132030980544,0.6995008499360327,2.0,0.4636360158544581,10.0,-3.3333333333333335,15.0,3.3333333333333335,-1.1047295339168755,1.893173712140689
16.951,9.688432354258047,-2.9017158836879715,-0.3546033512749444,0.3540012333757956,0.6725075578340176,9.775429672493534,-2.920024339829689,-0.37623470586729896,0.37800978702961247,0.6865887303394846,0.029984828613071158,0.16046145881953894,0.1594168283465116,0.01388058917829099,nan,nan,nan,0.4332640237918126,0.7063322316009346,2.0,0.4492615615546549,10.0,-3.3333333333333335,15.0,3.3333333333333335,-1.0375928794869278,1.9202211054710645
17.0,9.701475292287002,-2.907834424286715,-0.3278494477874335,0.3617309623749324,0.6657646477891083,9.789619182515638,-2.925510508536185,-0.34902716952240365,0.38704582733293313,0.6456364669235785,0.029980258158823492,0.16270535634787053,0.16091975734859207,0.014088644523400813,nan,nan,nan,0.4599289824938759,0.7166464027240854,2.0,0.4276416581073597,10.0,-3.3333333333333335,15.0,3.3333333333333335,-0.918507851430063,1.9359787192786353
17.05,9.721995714477972,-2.916563943075368,-0.28825594901888557,0.37641900158102215,0.656088081321798,9.762656773110967,-2.932920952863382,-0.3093829983580565,0.3939500968126206,0.6463270299181718,0.030003042664652126,0.15774972319475808,0.15511669271433773,0.01439616784915733,9.299889096727881,-2.9796353582228914,0.9284048837544898,0.47776677570357695,0.7236583337751819,2.0,0.41299834886577835,10.0,-3.3333333333333335,15.0,3.3333333333333335,-0.8688428036701887,1.968545616922815
17.1,9.74387105315244,-2.9247832714129642,-0.24929726245026693,0.39733521945769423,0.6434830106208086,9.775929214613045,-2.9395771534618356,-0.2880953961863506,0.4100484560795431,0.636831249548898,0.03048393941943723,0.1600831105901179,0.15659274401362686,0.014042483481593064,nan,nan,nan,0.5192324316970591,0.715460749174471,2.0,0.43012200979319715,10.0,-3.3333333333333335,15.0,3.3333333333333335,-0.6848799712630329,2.0186791691144457
17.150000000000002,9.759355051857412,-2.9299846891680232,-0.22375317327583552,0.41242189966681525,0.6358487097942455,9.800044846402175,-2.9463898727307725,-0.24943993297359945,0.4329699750682257,0.6397566334631638,0.030494220366961037,0.16365542691222337,0.1587633326867394,0.014352204409173295,nan,nan,nan,0.531395388325717,0.7224540078131784,2.0,0.4155103362324626,10.0,-3.3333333333333335,15.0,3.3333333333333335,-0.6562987268603582,2.0220795012535406
17.200000000000003,9.77555433984632,-2.9349385611214993,-0.19850003739399036,0.4278846690745448,0.6281389134924587,9.817228738409684,-2.950368615199147,-0.22393399868284014,0.449226015597214,0.6102472062751758,0.03043635233084963,0.1660621263152735,0.16016580683639933,0.014138259828968418,nan,nan,nan,0.5544236977027629,0.7336860633448271,2.0,0.39213019923979675,10.0,-3.3333333333333335,15.0,3.3333333333333335,-0.5791938305770935,2.024405127325269
17.25,9.801218811410525,-2.9418569847202813,-0.16115359558190057,0.45122788172744877,0.6186712420287289,9.786412631763087,-2.8888233411755024,-0.1853394175918175,0.4588983911600682,0.6345542607936867,0.030449113656164543,0.16079757273381884,0.15433293923053065,0.014398372092123178,9.338623466690683,-2.296366314238307,2.4258947505529176,0.5690877640902765,0.7414663018377862,2.0,0.375995840152765,10.0,-3.3333333333333335,15.0,3.3333333333333335,-0.5448201969014544,2.0388632183631037
17.3,9.819273540760875,-2.9461069631092855,-0.13660044993447862,0.4701209100137282,0.6088702306238807,9.805771836610646,-2.8908848349597296,-0.15774674446158962,0.48290163334322395,0.5975468268295364,0.030132100578433456,0.16324430105271445,0.15571836183948853,0.014030176800377242,nan,nan,nan,0.6237690142880141,0.7119013064558597,2.0,0.43757588988422935,10.0,-3.3333333333333335,15.0,3.3333333333333335,-0.27314161142690185,2.0955898380444773
17.35,9.848147198239262,-2.951905834970318,-0.10067498164104047,0.5027261716218725,0.5924282846573348,9.835112107266651,-2.895166217134885,-0.12058142032032926,0.51651640314617,0.5789665236581164,0.030140536109933964,0.16694113965346855,0.15775606287297322,0.014338872792796354,nan,nan,nan,0.6389667937608478,0.7198952291464451,2.0,0.42085162973564577,10.0,-3.3333333333333335,15.0,3.3333333333333335,-0.24545156419658753,2.1028660008632656
17.400000000000002,9.87907320145956,-2.956903742734404,-0.0655648451577959,0.5330124868036907,0.5801283372851613,9.855851405023934,-2.897551132209741,-0.09655116008084441,0.5378294202438014,0.5733101694407845,0.030146842804802173,0.16940668065182163,0.1590833583034843,0.014542917603699768,nan,nan,nan,0.6577434893104573,0.7323958100894371,2.0,0.3948105839057482,10.0,-3.3333333333333335,15.0,3.3333333333333335,-0.20416217006787907,2.0915963022349273
17.450000000000003,9.900747063324497,-2.959735882655813,-0.042537133871033285,0.5518457954019365,0.5729299731853825,9.860337253702719,-2.884111565392396,-0.05841216117875891,0.5614881208542183,0.5801193825601857,0.029850253134248134,0.16366349224131382,0.15329354145170984,0.01427225210454576,9.614939582517394,-2.767621036600022,0.3074832454778113,0.6692221608254546,0.7410836753554417,2.0,0.3767881966550084,10.0,-3.3333333333333335,15.0,3.3333333333333335,-0.1739066805869074,2.080349690169323
17.5,9.923224983651837,-2.9621400512079425,-0.019802630959977526,0.5710198533572757,0.5643656102895126,9.88298454762748,-2.8853031661090034,-0.03519265714130926,0.5830538353027105,0.5606016207782236,0.029853531996968614,0.16610179593285604,0.15462379570801985,0.014476705659727761,nan,nan,nan,0.6986153560710873,0.7389237206038621,2.0,0.38126325780238757,10.0,-3.3333333333333335,15.0,3.3333333333333335,-0.04380292920414641,2.0841092100955683
17.55,9.958486677295637,-2.9648620812628312,0.013609493864490039,0.5994126339097214,0.5517148116884653,9.918162448285402,-2.886796508105609,-0.0027174740935920205,0.6122963322057102,0.546065808671693,0.030003134165401152,0.16972766246803597,0.1565748107164696,0.014215490330629289,nan,nan,nan,0.7086466418340134,0.7480254363660356,2.0,0.36243046223261416,10.0,-3.3333333333333335,15.0,3.3333333333333335,-0.025462884243327766,2.0757100996561277
17.6,9.982932354961811,-2.9660488632933775,0.035516114010870625,0.6165461794901166,0.5447561857685145,9.942833408714565,-2.886725294934637,0.019337074292242296,0.629917041511002,0.5311304358853661,0.030005708236534537,0.1721193119160717,0.15785961637600146,0.014420295352284264,nan,nan,nan,0.7214963338065452,0.7621179337733958,2.0,0.3333921365083128,10.0,-3.3333333333333335,15.0,3.3333333333333335,-0.0007606452811588227,2.0568929313824507
17.650000000000002,10.020842940313766,-2.9668265893437913,0.06791356703647064,0.6398347700698364,0.5363235073723602,9.987660748307963,-2.8536142151005954,0.053441192743523214,0.6541038413816068,0.5394321420945822,0.02985582498994725,0.1658404023140859,0.1522112972238936,0.014151250541358436,10.054546977150972,-2.537008595234176,0.46939617607723144,0.7300667640220547,0.7717137581817437,2.0,0.31369809606756616,10.0,-3.3333333333333335,15.0,3.3333333333333335,0.01760735133974678,2.049833054299958
17.700000000000003,10.04687129028851,-2.966647104194103,0.0892262951584263,0.6546610480435027,0.5296908760767879,10.013936178499936,-2.8520691430781895,0.07549798770984983,0.6696491124250188,0.5423506347478411,0.029864905503875442,0.1681631485361827,0.15352253703179938,0.014356450144300568,nan,nan,nan,0.7477777823207543,0.7795287490504715,2.0,0.29770287229327236,10.0,-3.3333333333333335,15.0,3.3333333333333335,0.08801954231514453,2.0347364975603237
17.75,10.086966494931808,-2.9652703050347045,0.12067949350998058,0.6754928284128124,0.5198465631454695,10.054491126743942,-2.848378226743758,0.10717092329275824,0.6908169250269112,0.5177529722279663,0.029823139123481886,0.1715902081658041,0.15545648083046731,0.0141562537075509,nan,nan,nan,0.7558311714862701,0.7893717068437454,2.0,0.2776095713531377,10.0,-3.3333333333333335,15.0,3.3333333333333335,0.11456026643623407,2.022300916039648
17.8,10.1143214286767,-2.9635974117159094,0.1413460742679346,0.6881889480179775,0.5141662423421185,10.082080216638143,-2.8452721572574164,0.12777431879298454,0.7037056018344329,0.5151125413186118,0.029827974924865032,0.1738344917334489,0.15673952968041355,0.014360842929214015,nan,nan,nan,0.7667333454250992,0.804230196834944,2.0,0.24738016255859174,10.0,-3.3333333333333335,15.0,3.3333333333333335,0.1384926724970802,2.0154681153412644
17.85,10.15617121439066,-2.9599311724174617,0.17195338052552098,0.7056081533494926,0.5067015823198678,10.136417764521024,-2.770129651895186,0.16071714491827827,0.7227030524529645,0.49302562522822624,0.02964032337417335,0.16709922980322647,0.15127305047657508,0.014084618255022944,10.269289638392381,-2.073981457294939,2.2349614167076215,0.7735202659831064,0.8141936954854352,2.0,0.22717253233503554,10.0,-3.3333333333333335,15.0,3.3333333333333335,0.15983611681620125,2.0070042138386635
17.900000000000002,10.184569027384203,-2.9567046430696964,0.19209307788640576,0.717447851916984,0.5004341133727971,10.179521043368283,-2.762703980380164,0.19081518771357286,0.74104615415254,0.49399545640935744,0.029649817989653555,0.1703383752547065,0.15325819910703078,0.01439159823115003,nan,nan,nan,0.794459540636493,0.8133963239180761,2.0,0.22878799724606919,10.0,-3.3333333333333335,15.0,3.3333333333333335,0.2684153827287661,2.0036390962212356
17.951,10.227908778411019,-2.950643825620343,0.2218062395506787,0.7346981592171684,0.49111932688142634,10.20994058192196,-2.752343430725981,0.2186677601797373,0.7519575635849035,0.45665857735108645,0.028774988180974057,0.17245477289242442,0.1545610306305927,0.014023478896350118,nan,nan,nan,0.8005192751441342,0.8232973272901608,2.0,0.2087489034719841,10.0,-3.3333333333333335,15.0,3.3333333333333335,0.2684153827287661,2.0036390962212356
18.001,10.272026125869122,-2.943101897708088,0.25099140314346313,0.7511420269054144,0.4825133872853601,10.23938357427197,-2.7456652001922452,0.23780758425421133,0.7632118586467932,0.48496968092638126,0.028786772232448334,0.1745362423442736,0.15587027024329286,0.01422891723874989,nan,nan,nan,0.8147194454559755,0.8372188920224581,2.0,0.18064147602684286,10.0,-3.3333333333333335,15.0,3.3333333333333335,0.3187062198713021,2.0090327535185954
18.05,10.30182367426846,-2.937239948103698,0.2701552268602208,0.7612857716665679,0.4763546871447728,10.234960286478207,-2.7149249934116697,0.26543890558046934,0.7725236387101734,0.43600969924271626,0.02877648384073297,0.16749689524918038,0.15059522727751862,0.014532867540546644,9.836520808432239,-2.5480650533835676,0.7937083101096818,0.8201551764868998,0.8469217243448967,2.0,0.16109402046707652,10.0,-3.3333333333333335,15.0,3.3333333333333335,0.3484864900586556,1.9878531655896063
18.1,10.331910614207448,-2.930706650525451,0.2890472231352674,0.7725545096388695,0.46887510451645,10.265098618053248,-2.705275968000383,0.28648572238597886,0.7852228136837571,0.4426557873989953,0.02853292429506767,0.1695122335598863,0.15194222191815257,0.014295395389551198,nan,nan,nan,0.8415919937838118,0.8360112279851118,2.0,0.18307677477043235,10.0,-3.3333333333333335,15.0,3.3333333333333335,0.4529704677726023,2.0158796755923563
18.150000000000002,10.377631246441435,-2.919598653212072,0.31681143697018743,0.7894135080793964,0.4578371900428838,10.310479456332473,-2.691397876310786,0.3162084477868898,0.8021521576360786,0.4692347424587351,0.02855208214841105,0.1724785784170609,0.15397561857857978,0.014550452767612975,nan,nan,nan,0.8479887617869273,0.8451030416914456,2.0,0.16475552475717223,10.0,-3.3333333333333335,15.0,3.3333333333333335,0.47968318604822713,2.00141051404543
18.200000000000003,10.408436719195663,-2.9113287588650056,0.3349572434222142,0.7995446058200157,0.45015865654516124,10.340966379235285,-2.681825863628766,0.3331414566334514,0.8123932688187707,0.41536347540825946,0.028644200260249622,0.17441629386552124,0.1553119107483223,0.014176046768901763,nan,nan,nan,0.8601887687916221,0.8682980739445895,2.0,0.11813137843451249,10.0,-3.3333333333333335,15.0,3.3333333333333335,0.5109890957459393,1.9841681673527456
18.25,10.455019274162948,-2.8976443772605545,0.36164425723009214,0.8130728695787216,0.44129657797345195,10.44243428688743,-2.637940114646826,0.3600254800073879,0.8322610854199057,0.4248199011009256,0.028642886271909158,0.16722899826513696,0.15018554806233397,0.014479476153265978,10.881038273674069,-2.344397177120294,1.3162252283939773,0.8601887687916221,0.8682980739445895,2.0,0.11813137843451249,10.0,-3.3333333333333335,15.0,3.3333333333333335,0.5109890957459393,1.9841681673527456
18.3,10.486238620343213,-2.8876871660951955,0.37921808894132597,0.8200348033522966,0.4376095568019645,10.473574760361977,-2.6265264007883022,0.37646628044181396,0.8377553347988953,0.42839965343080333,0.02872778796741876,0.16911773302633604,0.15157387877735018,0.014100157694456161,nan,nan,nan,0.8599441743509579,0.8956615232234779,2.0,0.06328850170196054,10.0,-3.3333333333333335,15.0,3.3333333333333335,0.48403295565072735,1.9510851644182567
18.351000000000003,10.53313926850557,-2.8715595078852303,0.40533126871177094,0.8285831116259497,0.4326517308132659,10.520282551755738,-2.6075514067910146,0.4034439758617374,0.8452063629772713,0.3962803492187928,0.0287289795207403,0.1718992301019579,0.15367296554440485,0.014406027247943477,nan,nan,nan,0.8637052427179981,0.9046868951484902,2.0,0.045224351237437066,10.0,-3.3333333333333335,15.0,3.3333333333333335,0.5030002730087777,1.944942394384164
18.401,10.580062224464937,-2.854013588274568,0.4311494137030613,0.8368880213856471,0.4280040054309282,10.551364538313786,-2.594115858768679,0.41999661153024587,0.850377862737117,0.37558299341360185,0.028727232034821297,0.17371833189223754,0.15506972965766289,0.014608224991634078,nan,nan,nan,0.8706717250646592,0.9176739576279032,2.0,0.01924311452080102,10.0,-3.3333333333333335,15.0,3.3333333333333335,0.5266140637411961,1.9522797296646583
18.450000000000003,10.611332340509966,-2.84152986065666,0.4482180914883429,0.8422172259871935,0.42540304263189893,10.559866172554484,-2.6207741251708963,0.44218591574020755,0.8524646969434283,0.42047100964153106,0.029145667796125325,0.16650441929147297,0.15002702210266317,0.014326891459762556,10.227314147557484,-3.0975065808122317,1.4177232372900956,0.8746518495716837,0.9260757915621597,2.0,0.002438854087764064,10.0,-3.3333333333333335,15.0,3.3333333333333335,0.5383177781977401,1.9560889235625991
18.5,10.642573487339707,-2.8284220035728436,0.4651666385008123,0.8475500440169383,0.42152269227355843,10.590676453708316,-2.6060327761267703,0.4590488309327388,0.8580796193481449,0.41528275351522054,0.029149703783133002,0.16829305114793705,0.15147239073527669,0.01452961297209937,nan,nan,nan,0.8798320270938423,0.9374735730712715,2.0,-0.020357413146124825,10.0,-3.3333333333333335,15.0,3.3333333333333335,0.5894630936696892,1.9389492579496563
18.55,10.689360652975404,-2.807590886017064,0.49022629566348563,0.8553273212424445,0.4143757338602705,10.636569340806167,-2.580920542440386,0.4881069243126892,0.8657506272882354,0.41785388234279824,0.02888072542850534,0.17093169663072652,0.15361786994679139,0.014259869826862009,nan,nan,nan,0.8840565253385039,0.9453736625385002,2.0,-0.03616082864271447,10.0,-3.3333333333333335,15.0,3.3333333333333335,0.6089596094326553,1.9357079014377627
18.6,10.736017667484113,-2.7853697907371617,0.5148339727895596,0.8632068591881648,0.4062024118887453,10.667141069472203,-2.5645292518944682,0.5035563414311603,0.8713360876638971,0.3735183019891276,0.028874356738195828,0.17266132358710665,0.1550573800398062,0.01446304080383112,nan,nan,nan,0.8924343146671777,0.9561910719751948,2.0,-0.057807798109164976,10.0,-3.3333333333333335,15.0,3.3333333333333335,0.6581483118121418,1.9281176489254197
18.650000000000002,10.76703701129391,-2.7697856464369766,0.5309889422689779,0.8683107760524289,0.40220386148772,10.726343046768498,-2.623170031972008,0.5263642498174081,0.8766652662774929,0.3834906323519175,0.029015379223110243,0.16550611699726522,0.15007645345991855,0.01418611260310664,10.82067870530453,-3.485417100381804,3.2537142733088396,0.8960799052621975,0.9634946012320931,2.0,-0.07243040671444323,10.0,-3.3333333333333335,15.0,3.3333333333333335,0.6586846881487705,1.939684825960267
18.700000000000003,10.797941507622216,-2.7536068017680204,0.5470433709956086,0.8716866333116112,0.4008753898221259,10.756620546438278,-2.6054285706950955,0.5422013663812115,0.8793502741147794,0.4003407089463214,0.02902249330516807,0.1672188804041224,0.1515629652545451,0.014389783040496497,nan,nan,nan,0.8877949297481987,1.0046289118886669,2.0,-0.15497645659800352,10.0,-3.3333333333333335,15.0,3.3333333333333335,0.5961191801986752,1.9241206605309167
18.752000000000002,10.843959069084734,-2.7283048859030026,0.5710684236024351,0.8755344161232068,0.3988753127649266,10.801914821343841,-2.5789734967963986,0.5642083210663262,0.8834226983681721,0.3952619561742529,0.029201946201135896,0.16975043758096198,0.15376827472154697,0.014110344136773385,nan,nan,nan,0.8972631479891562,1.0214737622031467,2.0,-0.18891595515291187,10.0,-3.3333333333333335,15.0,3.3333333333333335,0.65868897807782,1.914275736548879
18.8,10.88956373115494,-2.70176441960361,0.5948796127206127,0.8799392310164749,0.3946705720722532,10.8317297559415,-2.5599444621253187,0.5797135650336314,0.8866663323174286,0.3797625589405174,0.029202427674673747,0.17141338187229707,0.1552475260723203,0.01431451569693092,nan,nan,nan,0.8972631479891562,1.0214737622031467,2.0,-0.18891595515291187,10.0,-3.3333333333333335,15.0,3.3333333333333335,0.65868897807782,1.914275736548879
18.851000000000003,10.919735701579558,-2.683380646850905,0.6106024853450003,0.883123858537096,0.391672147611453,10.91663524568455,-2.460163193587005,0.6028920711711168,0.8975347092361187,0.363864176282846,0.02923994454609632,0.164368708223181,0.15029310220010444,0.014042272926835683,11.228784989889988,-1.7572657170411126,2.714911077053462,0.9013503948903344,1.0276323811591344,2.0,-0.20135048202839162,10.0,-3.3333333333333335,15.0,3.3333333333333335,0.6775366787736478,1.917483079997742
18.900000000000002,10.949718612999076,-2.66444664130898,0.6261937619638173,0.8864947117753312,0.3878698501510167,10.946158386234703,-2.4396858092182114,0.618220669442628,0.9004685469828547,0.3840489845287765,0.029248561613782472,0.16602404663663894,0.1518173694167946,0.014246911473160354,nan,nan,nan,0.9094960679144725,1.0316181610382598,2.0,-0.20940611269984255,10.0,-3.3333333333333335,15.0,3.3333333333333335,0.7150047929182434,1.9100917214933961
18.950000000000003,10.994340826641066,-2.6350117744450086,0.6492375320700472,0.8919874068681792,0.3804125651101292,10.988775458349174,-2.404053959918376,0.6480733805421756,0.9050853060634296,0.37988413656709025,0.028679692713011386,0.1684702628290111,0.15408021328101992,0.013985066318664063,nan,nan,nan,0.915505067168938,1.0399246166779794,2.0,-0.22621615333953382,10.0,-3.3333333333333335,15.0,3.3333333333333335,0.7577232007190954,1.901214961378833
19.0,11.038554428449867,-2.6043281921063817,0.6717391630140044,0.8984286190235455,0.3705385618707615,11.017586064700508,-2.3820613756247915,0.6632345127153223,0.9091869797520793,0.35529730474922505,0.02868004345616844,0.17007671559528245,0.15559941952353348,0.014187329930501768,nan,nan,nan,0.9228339518173693,1.043495747391159,2.0,-0.23345274263036486,10.0,-3.3333333333333335,15.0,3.3333333333333335,0.8119438460276408,1.8943036373209194
19.051000000000002,11.067806775359664,-2.583176572118384,0.6864197757583693,0.9028191961031264,0.3647007454221728,11.189295491256336,-2.2905974396417945,0.6858690234642383,0.9264107983927986,0.36326819465812754,0.028686434657363695,0.16316414376875968,0.1506668631423558,0.01457407961916412,12.252172249726025,-1.7556550939906215,6.51697992041869,0.9267538521952529,1.04835319961697,2.0,-0.24330567713528095,10.0,-3.3333333333333335,15.0,3.3333333333333335,0.8269412951872481,1.8980595120928117
19.1,11.111258942848988,-2.550478238486952,0.7081458378615322,0.9059585729615435,0.3607584332088118,11.217550328513056,-2.26615897663725,0.7008901619459844,0.9258434182964661,0.3317885186938171,0.028553586376258787,0.1647653227847568,0.15221017910848017,0.01419617198571853,nan,nan,nan,0.9199257396905439,1.0887743019531415,2.0,-0.32579485679014575,10.0,-3.3333333333333335,15.0,3.3333333333333335,0.7727337200672963,1.8825512494657708
19.150000000000002,11.139877675354114,-2.5280975284908727,0.7225473364524098,0.9077661325598962,0.3591621795370454,11.259756144002358,-2.2300551099410097,0.722453185825068,0.9259968724175941,0.36097746915657325,0.028565076926185373,0.16713826114457314,0.15454877493675861,0.014500058047693155,nan,nan,nan,0.924242524915818,1.0926396100638271,2.0,-0.3337356487927947,10.0,-3.3333333333333335,15.0,3.3333333333333335,0.7727337200672963,1.8825512494657708
19.200000000000003,11.168228948227176,-2.5052446531388606,0.7368479551432298,0.9101954548425197,0.3554876834400579,11.285662712786468,-2.201326649923281,0.7424599083241133,0.9274824093407937,0.33179902593239624,0.02798207048157747,0.16869183925594952,0.1560843097579729,0.014131119546902195,nan,nan,nan,0.9301159800533405,1.0985210011977549,2.0,-0.345837981166492,10.0,-3.3333333333333335,15.0,3.3333333333333335,0.8304429476421993,1.8698644184350004
19.251,11.210285089968393,-2.4700555225182717,0.7579485597725318,0.9148732746546541,0.34837847121195287,11.304748511477701,-2.1948084616275163,0.7635170858367024,0.9276182126531632,0.345134593809959,0.02800063209273829,0.16192219201879757,0.1511295790585276,0.014433032491350077,11.116072529692584,-2.5154416221376894,0.5558549590544792,0.9366856531757407,1.1002139574219676,2.0,-0.3493261601831431,10.0,-3.3333333333333335,15.0,3.3333333333333335,0.8696476182353297,1.877470544782975
19.3,11.238025179319084,-2.445977423359943,0.7717552716054559,0.9186754877301851,0.34249841134051195,11.331822179274502,-2.1697158078419574,0.7763915304161886,0.9311512611608299,0.3329801815452328,0.028105060485096162,0.16347838135644666,0.15270634606005132,0.014058716896234955,nan,nan,nan,0.9420179538593623,1.105719348292131,2.0,-0.36068388615867053,10.0,-3.3333333333333335,15.0,3.3333333333333335,0.9191482278069527,1.8696473401252707
19.35,11.279202691669427,-2.4089255117817356,0.7919975500411066,0.9245431578192737,0.3335414794832276,11.371510139945043,-2.130257162425404,0.7958095494595296,0.9360534978921944,0.3356804885518306,0.028110808760702044,0.16578872136248338,0.15509447879785437,0.014364059923176574,nan,nan,nan,0.9452215650559217,1.1089151668507613,2.0,-0.36728722812477566,10.0,-3.3333333333333335,15.0,3.3333333333333335,0.9363097908147284,1.8674965548822602
19.400000000000002,11.306357451798455,-2.3836159181658507,0.8051972856906037,0.9284273186533258,0.32725598233035,11.397649211955585,-2.103399888388876,0.8091009948686261,0.9395759598003619,0.3286601908058349,0.028114200661377813,0.16730846209192773,0.15668272881339648,0.01456586597558673,nan,nan,nan,0.9501721442320418,1.11281821283376,2.0,-0.3753624094112765,10.0,-3.3333333333333335,15.0,3.3333333333333335,0.9729464392493202,1.8554280385305475
19.450000000000003,11.346638429820617,-2.3447576741358604,0.8245119609199216,0.9341505968210526,0.31778302243364365,11.466110204044586,-2.003918209524743,0.8286018616306022,0.9494034047997993,0.3447748248654046,0.028262963270362162,0.16068926460384125,0.15166446929725422,0.014287864642135602,11.680740091753096,-1.436891098310312,1.7214131473937022,0.9535362274172755,1.1151340394648572,2.0,-0.3801593025977934,10.0,-3.3333333333333335,15.0,3.3333333333333335,0.9947994618392146,1.8499704429832395
19.5,11.386367844914872,-2.304857388794505,0.843192886886319,0.9397799378169523,0.3059658157556039,11.491700463289375,-1.975819622058278,0.8422306461361777,0.9522588318414561,0.31597285413225756,0.02826397609749716,0.1622166944962614,0.15328915760355488,0.014490171049634081,nan,nan,nan,0.9598983867080526,1.1127586499704343,2.0,-0.3752390889505146,10.0,-3.3333333333333335,15.0,3.3333333333333335,1.0444788012852972,1.8211293064124694
19.552,11.412544677743732,-2.2776939339050055,0.8552529526113981,0.9435085959277781,0.2986938997862606,11.530993178523289,-1.935231041670656,0.8567128013018941,0.9563560052645973,0.2990154435319851,0.02860006162092362,0.16447288106234748,0.15569755961302037,0.014224337252262177,nan,nan,nan,0.9631622533261159,1.1145031751140229,2.0,-0.3788521438664664,10.0,-3.3333333333333335,15.0,3.3333333333333335,1.0595781936732958,1.8236174973010253
19.6,11.438469251039534,-2.2500939108376543,0.8670485642893996,0.947040097593316,0.29228991021859674,11.555976310261684,-1.9062249665853415,0.8687680439571839,0.9590914611473873,0.28271515764974203,0.02860156216833423,0.1659617234912747,0.15731049053778817,0.014427081323784802,nan,nan,nan,0.9660792310631792,1.1179188215338,2.0,-0.3859331678210246,10.0,-3.3333333333333335,15.0,3.3333333333333335,1.074953822995857,1.819359528865987
19.650000000000002,11.476875169085705,-2.2079049263224553,0.8842902906130946,0.9520582860849949,0.2836011820558718,11.575914890455868,-1.8919311597832065,0.8903711546028222,0.9602866079884608,0.2775806937184818,0.02823799865116694,0.15949412101710927,0.1522362768019982,0.014152734372411546,11.445974288488221,-2.222207924507374,0.5017492689663384,0.9688144861378094,1.1191635904920412,2.0,-0.3885160281605521,10.0,-3.3333333333333335,15.0,3.3333333333333335,1.0915522489972127,1.8165667624819917
19.700000000000003,11.502158203416316,-2.1792678822002296,0.8954920787616671,0.9555247683145026,0.2772733788306791,11.60002385649438,-1.8619865480717375,0.9026625838663547,0.9636729411725793,0.3116766356108063,0.028250160743724145,0.16099309332336167,0.15388266760458122,0.01435596668438109,nan,nan,nan,0.9731295311482476,1.12271433034481,2.0,-0.3958906082346183,10.0,-3.3333333333333335,15.0,3.3333333333333335,1.1321150382946146,1.8070800105457925
19.75,11.539612473150466,-2.1355564830081915,0.9117560802346474,0.96070251224965,0.26578206568918855,11.634650983576233,-1.8149573422822685,0.9213948291773422,0.968269472054053,0.2802999115938627,0.028043422926900152,0.16320386189770625,0.15632558838884264,0.014079805842034112,nan,nan,nan,0.975747300443817,1.123349560343571,2.0,-0.397211014038546,10.0,-3.3333333333333335,15.0,3.3333333333333335,1.168797321676032,1.7815169426190354
19.8,11.576499971752467,-2.090974998712067,0.9272925736727253,0.9656964092463222,0.2539212205698935,11.658004769791548,-1.7840189699960523,0.9323186826369928,0.9714187653156,0.2539000825204405,0.028043395829388806,0.16466423252710694,0.15796036969462562,0.014417772245921388,nan,nan,nan,0.9797261026992429,1.1231014242512143,2.0,-0.396695192230347,10.0,-3.3333333333333335,15.0,3.3333333333333335,1.1938468701158926,1.7747267260624187
19.85,11.600776738085544,-2.060790057339085,0.9372801234484786,0.968827819999072,0.24704272573419256,11.568700652730199,-1.7367989343674792,0.940858579940083,0.9700325771932071,0.24968935575337292,0.028580068171939584,0.1583460044176968,0.15282183393619325,0.014084132956749743,10.399695109167984,-1.6344844288820142,5.972799851264005,0.9818451575888378,1.1231591551294602,2.0,-0.3968151978308696,10.0,-3.3333333333333335,15.0,3.3333333333333335,1.2035176292227334,1.7729189806837835
19.900000000000002,11.624813656059109,-2.0302378669771506,0.9469186789129305,0.9728530077788602,0.2356700800473585,11.591509062167704,-1.7053453754310695,0.951302887806051,0.9751340123914441,0.241717625173532,0.028584882355320654,0.15982321973745336,0.15448458552469727,0.014287253497943079,nan,nan,nan,0.9910516133719309,1.0747373621992506,2.0,-0.2970398828046461,10.0,-3.3333333333333335,15.0,3.3333333333333335,1.3264569304065568,1.728341792581362
19.950000000000003,11.660464838260182,-1.983689747386785,0.9603992474025074,0.9790081154521664,0.21701438521495006,11.62216872314462,-1.6537004639043718,0.9713061968209836,0.9815360137144507,0.20773223068546723,0.028013731718740494,0.16200074395859482,0.15695244676591857,0.014016002011269544,nan,nan,nan,0.9924292576012259,1.0744313932099387,2.0,-0.29641447499280493,10.0,-3.3333333333333335,15.0,3.3333333333333335,1.3376617012248326,1.7136731172976707
20.0,11.683954638804027,-1.9522153604712091,0.9688003578807218,0.9825247860705548,0.20550925663830855,11.644273204609686,-1.6212087265390502,0.9803291831508664,0.9851817894324004,0.21277299845016323,0.028019552886051464,0.16344115255794095,0.15860201988295414,0.014303677641780735,nan,nan,nan,0.9950078053488504,1.0712697287466069,2.0,-0.289955256858319,10.0,-3.3333333333333335,15.0,3.3333333333333335,1.3598305933108177,1.693535404539314
20.051000000000002,11.718768624418134,-1.9044007693600071,0.9806013417480576,0.9869915525875685,0.19068863903011013,11.741097366863016,-1.5622863156850375,0.9923494568803256,0.9929580405570629,0.21138508842513637,0.028045421979183062,0.15728141126761416,0.15340932662302276,0.014601344397020523,12.315351559068317,-1.5258498509988063,1.532787378822636,0.9962898706736876,1.0698677492357171,2.0,-0.2870929426943347,10.0,-3.3333333333333335,15.0,3.3333333333333335,1.359910594337728,1.6882764801759347
20.101000000000003,11.753064044374812,-1.8559490051610628,0.9916366838973459,0.9899459036344721,0.179283768994663,11.763937407315016,-1.530249316229822,0.9979402658885892,0.9943665636524217,0.18830341795408562,0.028246380227525056,0.15872820989026024,0.155068518577074,0.014219022933699775,nan,nan,nan,0.9951435563724619,1.0909433671073239,2.0,-0.3302496829014354,10.0,-3.3333333333333335,15.0,3.3333333333333335,1.347045896331236,1.6737195562721219
20.150000000000002,11.775632422652068,-1.8233434543049731,0.9986573292900269,0.9914660903640184,0.1731956091726185,11.796107877024081,-1.4799597586204076,1.0087571027102582,0.9961614557946364,0.16234097261450287,0.028246533393240302,0.16089378934134266,0.15756956968593774,0.014653705351372438,nan,nan,nan,0.9957211742772193,1.0904808580724552,2.0,-0.3292995155899059,10.0,-3.3333333333333335,15.0,3.3333333333333335,1.3471194807539841,1.6740985229423135
20.200000000000003,11.80905454902801,-1.774013054249839,1.0087560708945393,0.9935492988850043,0.16469449807445227,11.820339843669085,-1.449294927381647,1.011357713364407,0.9972721708944808,0.16355818743026826,0.02872693220082385,0.16230649378092385,0.1592093799702979,0.01421791277013138,nan,nan,nan,0.9968365441257636,1.0883199733414974,2.0,-0.3248621567915093,10.0,-3.3333333333333335,15.0,3.3333333333333335,1.3579788024397266,1.666794636241842
20.25,11.831055753527393,-1.7408631409626223,1.0152163981013325,0.9947153659729487,0.15952398108546137,11.91032724727282,-1.3914836695973376,1.0219874962723505,1.0012675912499778,0.17998617464264788,0.028755563412950078,0.15629099783190925,0.15393838999960652,0.014594732129921953,12.44212732112291,-1.3797596169108364,1.3071097856731122,0.9970027987121889,1.088800591516024,2.0,-0.32584883136425624,10.0,-3.3333333333333335,15.0,3.3333333333333335,1.3606368642393352,1.662118948749971
20.3,11.852834632908246,-1.7075211040244547,1.0214919747558668,0.9955093932036696,0.1553629764563748,11.93031697778908,-1.3564650949709744,1.030180136201447,1.0012483971674349,0.18601521474442237,0.028622906996663533,0.1577249732442401,0.15560346704355932,0.014198792180740197,nan,nan,nan,0.996395888096693,1.1069142756006156,2.0,-0.3631519995766581,10.0,-3.3333333333333335,15.0,3.3333333333333335,1.347443648192305,1.658235046462983
20.351000000000003,11.885086728655539,-1.6571874761930743,1.0306023723608317,0.9964123213545187,0.14875964596922628,11.961074813541266,-1.304855368053289,1.0393049939539676,1.0014687176662995,0.13941269929578398,0.028618713763358568,0.15987568133499483,0.15811049393642104,0.014499622419653737,nan,nan,nan,0.9980726657157519,1.1014009472125184,2.0,-0.3517730716649863,10.0,-3.3333333333333335,15.0,3.3333333333333335,1.3716715509063397,1.646429251245364
20.400000000000002,11.91686131188757,-1.6064837041777553,1.0393046482177875,0.9974240054143098,0.14250356730056626,11.981326630044084,-1.2702903719894658,1.0455517480185959,1.0017389376312815,0.1465160039327497,0.028622200077789966,0.16129479942155667,0.15977226429792565,0.01469852022596605,nan,nan,nan,0.9980726657157519,1.1014009472125184,2.0,-0.3517730716649863,10.0,-3.3333333333333335,15.0,3.3333333333333335,1.3716715509063397,1.646429251245364
20.450000000000003,11.937789765198582,-1.5724836223141863,1.0448856981671946,0.9981037263100493,0.13762137658158363,12.03328780638728,-1.2634382058393747,1.0429416952161326,1.0003150503717178,0.14158772779096407,0.029601592687286526,0.1553953427281385,0.1544117323047968,0.014400187366435646,12.190434421183427,-1.666235427059452,0.7765191119069728,0.9985613094391166,1.099199407148297,2.0,-0.347235527228946,10.0,-3.3333333333333335,15.0,3.3333333333333335,1.3886534734086688,1.6323836476515714
20.5,11.958519043483818,-1.538334211340159,1.0503148983821295,0.9986264721047654,0.13530501591549898,12.053394478873605,-1.2288410884763983,1.0490078755553007,1.0006412746121627,0.1494367611257176,0.029604673526113068,0.15684093591435005,0.15609356078624007,0.01459984880266691,nan,nan,nan,0.9972351337403759,1.1173210106303295,2.0,-0.3846931686134487,10.0,-3.3333333333333335,15.0,3.3333333333333335,1.3523443833587132,1.6622121473685327
20.55,11.989243043410696,-1.486850894250404,1.0583765911833614,0.9992712891385725,0.13309365166573767,12.079417975127848,-1.1735364988763586,1.0615542748847533,1.0011371348209668,0.1072385503549815,0.02908563055198728,0.15896487594971012,0.15858991623453997,0.01431768427026032,nan,nan,nan,0.9978188939914924,1.1150669300528826,2.0,-0.38002023618472247,10.0,-3.3333333333333335,15.0,3.3333333333333335,1.3697366459338063,1.648364400525977
20.6,12.00948740558672,-1.452360975588653,1.0636377839355873,0.9997875434871061,0.13036493228462448,12.098900492683937,-1.1385436045572062,1.0655570564765113,1.0016200148311025,0.08479371414992191,0.02908286239495793,0.1603796630734765,0.16025375707969106,0.014518005394746536,nan,nan,nan,0.9991629380977766,1.10647596914703,2.0,-0.3622465568814728,10.0,-3.3333333333333335,15.0,3.3333333333333335,1.3853755495391435,1.6402973162307621
20.651,12.039508235913003,-1.4003797727231662,1.0713145073245671,1.00055164343003,0.1262753778124238,12.196823782190288,-1.0972172159054194,1.0778020108311717,1.0038238871229703,0.12594199048329766,0.02871000456370423,0.15459638378134774,0.15483441837817796,0.014229065031998594,12.890047936302013,-1.297993755797268,2.3228636086919137,0.9985169769797031,1.1322701616144846,2.0,-0.4157893552954819,10.0,-3.3333333333333335,15.0,3.3333333333333335,1.3754901759242761,1.6381410358875765
20.700000000000003,12.059293385421332,-1.3655715756812805,1.076313277090604,1.0008082861885266,0.12426470151825111,12.215785391190238,-1.0618253137941684,1.0827771592487991,1.0036852446655466,0.1255634034294688,0.02871120976441922,0.15603524656392925,0.15652175183911937,0.01443007702315125,nan,nan,nan,0.9985169769797031,1.1322701616144846,2.0,-0.4157893552954819,10.0,-3.3333333333333335,15.0,3.3333333333333335,1.3754901759242761,1.6381410358875765
20.75,12.088627883502063,-1.3131533418237802,1.0836629555289383,1.00105508624473,0.12087330857919323,12.241603955357657,-1.0068164480696271,1.0933110580589422,1.0035899588548163,0.09332278157650634,0.02840866665866659,0.15814885338424964,0.1590266727523646,0.014142408515971473,nan,nan,nan,0.9989151626869511,1.1293611375062256,2.0,-0.4097235012286915,10.0,-3.3333333333333335,15.0,3.3333333333333335,1.388845431871954,1.6281466439006578
20.8,12.10796203453136,-1.2780724418959866,1.0884238943576743,1.0013200639109674,0.11769799650350092,12.260017558961541,-0.9711449506452443,1.0983264043013294,1.0036942265313513,0.129752186878981,0.02841563637712376,0.1595573434121746,0.16069593464898005,0.014344100038063537,nan,nan,nan,0.9995465344014869,1.1234274945845164,2.0,-0.39737303312790195,10.0,-3.3333333333333335,15.0,3.3333333333333335,1.4032168544505057,1.618907938766024
20.85,12.136641028802485,-1.225251457170228,1.0952672287159826,1.0017336911288142,0.11069396956625477,12.217377505018622,-0.8705410285186006,1.1079852968619033,1.0045161972970216,0.1097731069607485,0.028122989782133623,0.15387824338203918,0.15522382153542008,0.014063508606208659,11.518358056717586,-0.40916228914463515,3.1142884335615166,0.9997604292551142,1.120216142133804,2.0,-0.39070101755637965,10.0,-3.3333333333333335,15.0,3.3333333333333335,1.4307293493420388,1.5925968133362773
20.900000000000002,12.155552110966347,-1.189911781335723,1.0994750559102062,1.0019161403263526,0.10051314038633685,12.235272415714844,-0.8345666506638129,1.112398745553249,1.004399949758566,0.08935304601244162,0.028123148217851383,0.15531139949132555,0.15691639211106426,0.014265826922360031,nan,nan,nan,0.9994340330269531,1.074339483822494,2.0,-0.2962266211260576,10.0,-3.3333333333333335,15.0,3.3333333333333335,1.5035439405043394,1.5144515576871194
20.950000000000003,12.183619878764045,-1.1367348629525698,1.1049010225350568,1.002051950542966,0.08368839820858089,12.256264479923836,-0.7765557619244647,1.1270964163026846,1.0041860669532703,0.10230026564529028,0.027432406274851988,0.15741471234187532,0.15943119779881312,0.013998719227441617,nan,nan,nan,0.9991341187974518,1.0707812927290927,2.0,-0.28895792297016265,10.0,-3.3333333333333335,15.0,3.3333333333333335,1.5063849611135511,1.509297533172493
21.001,12.211348008194044,-1.0833822144779373,1.1093139425608887,1.0019020170665436,0.06567637466847588,12.273467025952675,-0.7402623919258927,1.1305459683395034,1.0038093135722066,0.06183454639039101,0.02742978353517179,0.15881660117079727,0.16110683172088364,0.014201568352453346,nan,nan,nan,0.9978785911010083,1.0619479798484164,2.0,-0.27094504109374706,10.0,-3.3333333333333335,15.0,3.3333333333333335,1.5423308437454522,1.4636412048432377
21.05,12.22965880135223,-1.047734368311239,1.1116718419307103,1.001700251254696,0.0551424871932385,12.249569907528336,-0.7554061333208106,1.1348313758875541,0.9974055061967599,0.059654191592452124,0.027430903074075242,0.15325427031514874,0.15559825273281522,0.014498960796902728,11.804005078822184,-1.3996203204507771,2.5931339506229336,0.99737050130956,1.0580111232456129,2.0,-0.2629310559176752,10.0,-3.3333333333333335,15.0,3.3333333333333335,1.535961057715278,1.4667594198471765
21.102,12.256895553898383,-0.9941523101145833,1.1144702045496564,1.0017872171614541,0.040566813188227226,12.2611997083428,-0.7157628595590922,1.1436017598563186,0.9981295002439539,-9.082007110798726e-05,0.026780181722669917,0.1546566999609841,0.1572865691945163,0.014128737033056941,nan,nan,nan,0.9966600091445713,1.05307745525169,2.0,-0.25289960601515515,10.0,-3.3333333333333335,15.0,3.3333333333333335,1.5560756449647046,1.4601435251026738
21.150000000000002,12.27491993238579,-0.9583624458336687,1.1158743858739275,1.0016675199711522,0.03194956539849389,12.28596592651359,-0.6612196375705334,1.1467348390760481,0.9987182457548418,0.045841834751022506,0.026788623966448797,0.15677738816491216,0.15982306624570888,0.014431199014954536,nan,nan,nan,0.9952352739235907,1.0459440447436363,2.0,-0.23841748240969585,10.0,-3.3333333333333335,15.0,3.3333333333333335,1.5496758800530173,1.4528518089402542
21.200000000000003,12.292847863731343,-0.9225353184100964,1.1169238405503976,1.001361525010408,0.02222691149012381,12.304024618067679,-0.6258508124345694,1.145826450311084,0.9986997886292817,0.005378887529136109,0.026977128305742906,0.1581498494826532,0.16149241029744762,0.014069167382733167,nan,nan,nan,0.9942636930070035,1.039573282531098,2.0,-0.22550452375319208,10.0,-3.3333333333333335,15.0,3.3333333333333335,1.577969908764954,1.414816573932233
21.25,12.319583700418656,-0.8687494987703548,1.1177571294285031,1.0007903388418762,0.00872598467052926,12.314788119296344,-0.6265985854401863,1.1460790095884368,0.9947057206172106,0.029839108750297938,0.026991878838745285,0.15267665027249497,0.15593617255184222,0.014368122265508772,12.205839464677435,-1.1568205687200661,1.208399028419432,0.9940000317856377,1.036227383077899,2.0,-0.2187301819148848,10.0,-3.3333333333333335,15.0,3.3333333333333335,1.5648476325271587,1.4256561327349109
21.3,12.337323194786318,-0.8328672161569215,1.1179205243469672,1.0006682322662024,0.0013134141071567305,12.33191393422714,-0.5907877824465965,1.1448247655502402,0.995523807681154,-0.021097848974794366,0.0270759673275361,0.15407904272664136,0.1576276094254253,0.01400035032800288,nan,nan,nan,0.9944529111226782,1.0407013569033436,2.0,-0.2277896467011864,10.0,-3.3333333333333335,15.0,3.3333333333333335,1.5766175571622565,1.429468347510503
21.351000000000003,12.36384501899114,-0.7790004140328489,1.1176792142067755,1.0006465262954554,-0.007080323980551394,12.356573462045501,-0.5363617846719743,1.145242384604831,0.9964425393889326,-0.03204196270962656,0.02707626319221656,0.1562025899796027,0.16016566906916863,0.01430430406673955,nan,nan,nan,0.9941771007116157,1.036856630384132,2.0,-0.22000381684966985,10.0,-3.3333333333333335,15.0,3.3333333333333335,1.5602455517524918,1.4321761161980255
21.547,12.372667096010332,-0.7610372631625391,1.1175042727343851,1.0005942285922238,-0.009317975358607875,12.364806418495116,-0.5182136677935996,1.1456911014057913,0.9965747987290288,0.015019180288562556,0.027082965596567494,0.1569057320044234,0.16100753996232606,0.014404906496826205,11.883104078751634,-1.462268219536997,4.507936002096569,0.9929195842370729,1.0261967130307887,2.0,-0.19845046049688508,10.0,-3.3333333333333335,15.0,3.3333333333333335,1.5686212953943908,1.418851028990616
21.55,12.40788998801381,-0.6891839876679752,1.1163149474295229,0.9999734448811097,-0.019425800187100273,12.35060898117085,-0.5481575976852355,1.136408393040936,0.9890885710002694,-0.018637318794907216,0.02769518579612754,0.1521875854743548,0.15623083784633518,0.014231356496463956,nan,nan,nan,0.9940888956176978,1.0275467986488886,2.0,-0.20117758365340133,10.0,-3.3333333333333335,15.0,3.3333333333333335,1.581520423583776,1.4326772672093966
21.602,12.478333683450986,-0.5454324359404027,1.1119212725558474,1.000779427478185,-0.03574761602585169,12.417379161689588,-0.40414932523310443,1.1334573168343605,0.9945941315349505,-0.055213736514264436,0.027677954354377227,0.15783789269696555,0.16296977498632795,0.014474307714220449,nan,nan,nan,0.9934387048038107,1.0213676754415086,2.0,-0.18870189069606913,10.0,-3.3333333333333335,15.0,3.3333333333333335,1.5879384075616716,1.414328719072089
21.650000000000002,12.495990227540824,-0.5095088640627193,1.1103922442355116,1.000618431896248,-0.039509436125221585,12.400282125128701,-0.4761489782272058,1.1308829112439185,0.9873383024207473,0.01791614936268089,0.027879888586714332,0.15178787343081945,0.1564756155095101,0.014103091650969967,12.10565622925714,-1.4719101555490517,4.6119700408548985,0.9931303242600298,1.01729651417854,2.0,-0.18049019328571037,10.0,-3.3333333333333335,15.0,3.3333333333333335,1.5766826030946908,1.4203789403792342
21.700000000000003,12.513678635040451,-0.47360073566268374,1.1087437916907759,1.0009050575436773,-0.04194174639749244,12.417108386373146,-0.4403915542103553,1.129556541809117,0.9897297477121983,-0.05319846370539232,0.0278714793132564,0.15322808392128717,0.1581728440767341,0.014305425758660636,nan,nan,nan,0.994904676719636,1.029891265820858,2.0,-0.20591508703928385,10.0,-3.3333333333333335,15.0,3.3333333333333335,1.5827387871758907,1.4494030573407986
21.75,12.540300176650396,-0.41973416862165264,1.1061939593555288,1.0016731694307233,-0.04207076772977541,12.444324036809654,-0.38764785977570254,1.1247872931942133,0.992543503085464,-0.03783840622612639,0.028074693826669366,0.15534016085700536,0.1606941416287442,0.014033805751554516,nan,nan,nan,0.9946360772015143,1.0259348746987504,2.0,-0.19792164162472958,10.0,-3.3333333333333335,15.0,3.3333333333333335,1.5542199843911984,1.4688496632775425
21.8,12.55810847457727,-0.3838343631138683,1.104523919606143,1.0018771577477492,-0.041733650903226734,12.461469018611481,-0.3518240583849035,1.1234493361062396,0.9938455955727795,-0.032275608445130714,0.028075399358683036,0.1567565007042485,0.16236896062100878,0.014236639999808093,nan,nan,nan,0.9946234455788877,1.0210435779119327,2.0,-0.18804794531314428,10.0,-3.3333333333333335,15.0,3.3333333333333335,1.5568467728987734,1.4577848241331395
21.85,12.584914175452056,-0.33002469339417506,1.1020008239019985,1.00190181052095,-0.04252266912206559,12.526970631004845,-0.30343221610493076,1.1151148668374355,0.9961774457046096,-0.053581463867123875,0.028584312106068044,0.15146825491377366,0.15667256456942305,0.013969427001812737,12.872320829754512,-0.3711038238455435,0.5754226507377935,0.9943594825771599,1.017187132233647,2.0,-0.18026964992012684,10.0,-3.3333333333333335,15.0,3.3333333333333335,1.5603877004525815,1.4482574256524894
21.900000000000002,12.602849140744256,-0.2941837047546635,1.1003203189799795,1.0019704057074545,-0.04091068997853782,12.544524875692254,-0.2676497915512236,1.114147239861686,0.9970827050433604,-0.01778521452399538,0.028588630226602175,0.1529160335542327,0.15836421825118163,0.014169930916525686,nan,nan,nan,0.9962740336069432,1.0287634626907827,2.0,-0.20363583446683453,10.0,-3.3333333333333335,15.0,3.3333333333333335,1.526575826723319,1.4903591213971747
21.950000000000003,12.629853784901522,-0.2404639109518843,1.0979832330295662,1.0020860844521884,-0.038354691162291676,12.57544563156325,-0.21637647572951907,1.1068236317778295,0.9981185304489292,-0.027919470351175927,0.02909061268807449,0.15503987117102194,0.16087622118646103,0.014124434187546272,nan,nan,nan,0.9960367727695865,1.025087171791446,2.0,-0.19620977548453689,10.0,-3.3333333333333335,15.0,3.3333333333333335,1.543071366366423,1.4692010691143114
22.0,12.647925326408101,-0.20468345251806472,1.0964706333127412,1.0021079910205142,-0.03728584111217535,12.593343600275853,-0.18068202996645844,1.1044811113542634,0.9986585083201932,-0.041348289040906754,0.02908801174688996,0.15646445888739074,0.16254319236004194,0.014266559686237783,nan,nan,nan,0.9964132131086695,1.022101342881498,2.0,-0.1901823906883111,10.0,-3.3333333333333335,15.0,3.3333333333333335,1.5328411549037657,1.479244376946161
22.05,12.675133359187338,-0.1510639371083969,1.0943143306808278,1.0020719180681874,-0.03494322116671745,12.621246304249125,-0.24874917644291622,1.101141685928403,0.9916243150183727,-0.05577725793556755,0.029119753518084834,0.1512557980741227,0.15681961467416627,0.014561762991236217,12.700242339771552,-1.3979777741708797,5.702433330250149,0.9963130113072491,1.0185828393044067,2.0,-0.18308409820055704,10.0,-3.3333333333333335,15.0,3.3333333333333335,1.5283944109259262,1.4811537557390322
22.1,12.702470624728422,-0.09748130359382173,1.0924803089242083,1.0030839382735446,-0.026085907483866622,12.640664955680847,-0.2141352078954992,1.0973922027401295,0.9939296661056831,-0.032687667811475266,0.029282382581666388,0.1526811878516275,0.15849510783464185,0.014183138338879225,nan,nan,nan,0.9986824044353585,1.0498019350649683,2.0,-0.24624654926504963,10.0,-3.3333333333333335,15.0,3.3333333333333335,1.4912351972157902,1.5586998831952565
22.150000000000002,12.720773108303717,-0.06175401939149642,1.0915836126417298,1.0037783867093586,-0.020432769326780346,12.667921731468542,-0.1610293602568642,1.0959748698997582,0.9966308365227746,-0.0015154331472213836,0.029284874067511433,0.15484803687964255,0.16100468291681233,0.014561456990470078,nan,nan,nan,0.9987418129550482,1.0472234680019146,2.0,-0.24101308928197707,10.0,-3.3333333333333335,15.0,3.3333333333333335,1.495865110846884,1.5478694857553532
22.200000000000003,12.748327015256814,-0.008171760535807966,1.090545714382209,1.0043764680623406,-0.015736262157583423,12.68849989683606,-0.1268104122093517,1.0923334071607205,0.9979157181248605,-0.02536508617254925,0.02953235609340965,0.1562479898063946,0.16265605274839806,0.014182460492253201,nan,nan,nan,0.9985578904383439,1.0422634873380736,2.0,-0.23095500132895208,10.0,-3.3333333333333335,15.0,3.3333333333333335,1.5091777606613808,1.5250792905424215
22.25,12.7667524598856,0.02753645280781008,1.0899906326620479,1.0045970005381515,-0.012612875397154177,12.692614890410168,-0.14780808115117192,1.092013504032625,0.9940682807120862,0.014267096628093705,0.02954419404290675,0.1510768370500807,0.1569077224450184,0.014555483714306053,12.494556981230305,-0.8392252049774616,2.176022416634794,0.9986442459097308,1.0402553782823047,2.0,-0.2268861647944589,10.0,-3.3333333333333335,15.0,3.3333333333333335,1.4958843301369453,1.5352448631992697
22.3,12.785217927188743,0.06323664309465275,1.0895595862266476,1.004996965442151,-0.009798143247268057,12.719226472761159,-0.11689479273231537,1.0809663761034534,0.9959735459930499,0.0030588041615934453,0.030474777929340856,0.15250911584538476,0.1585772453449126,0.014163348141277544,nan,nan,nan,0.9990356316983336,1.0480925900490472,2.0,-0.24277676101883738,10.0,-3.3333333333333335,15.0,3.3333333333333335,1.5071811104701598,1.5388680328366489
22.35,12.812988004866561,0.1167907581650884,1.0891374836637504,1.0056816798934936,-0.004354957206100481,12.747358619809003,-0.06411576177299672,1.081684388064158,0.9983422299575242,0.011642775190506504,0.030475370370869996,0.15468670916659655,0.1610762659498854,0.014462984426202807,nan,nan,nan,0.9995031830162043,1.0494431108189282,2.0,-0.24551805384831615,10.0,-3.3333333333333335,15.0,3.3333333333333335,1.4833588018579134,1.5608900716419156
22.400000000000002,12.831539064840438,0.1524936847229477,1.0890558567562334,1.005916983878112,-0.000949585938051669,12.778060472377147,-0.012558170125876188,1.0791413878612746,0.9999501536450219,0.01901773127659331,0.030474473812037616,0.15680918092031312,0.16354435818137977,0.014169349041224515,nan,nan,nan,0.9993245525628118,1.0449277971152198,2.0,-0.23635635291099977,10.0,-3.3333333333333335,15.0,3.3333333333333335,1.4905833814278189,1.5451799314859616
22.450000000000003,12.85940441363611,0.20603736798312483,1.0891255295512388,1.0060168545821768,0.002483236166809796,12.773461532348671,0.05159534141368452,1.079243394608774,1.0017925867697712,0.008890329374653514,0.03072433720864482,0.1509511028788765,0.15695481223104277,0.01436516950042728,12.507447182292083,0.31754242187189075,0.6418694433259947,0.9991993689270711,1.041896057616841,2.0,-0.2302103740576822,10.0,-3.3333333333333335,15.0,3.3333333333333335,1.4914809818660686,1.5399478454649502
22.501,12.887295980634875,0.259557101579245,1.0892738233130377,1.0056460800957017,0.0017302851945569335,12.792389690535211,0.0869172271768887,1.0788619793494103,1.0019952481695158,0.013927360200239932,0.030725077693136957,0.1524204678795028,0.15862756650415175,0.014564032221754945,nan,nan,nan,0.9983000603946004,1.0209266481924164,2.0,-0.18781202103072614,10.0,-3.3333333333333335,15.0,3.3333333333333335,1.5129496831208287,1.5040843715250638
22.55,12.905895384492053,0.29521586012656775,1.089303544297372,1.0053124738705883,0.00012639415264559896,12.819978449660484,0.14034285936092167,1.0809539061664237,1.002200799971318,0.02798329777348548,0.030643340030282445,0.15457161262698751,0.16111187514733272,0.014284833895432046,nan,nan,nan,0.9981440357842485,1.0179269549285477,2.0,-0.18176141612203534,10.0,-3.3333333333333335,15.0,3.3333333333333335,1.5181727715377769,1.49681365102382
22.601000000000003,12.933796261322973,0.3486734569996459,1.0891861460992929,1.0047616833179895,-0.003791121329744016,12.838841659079693,0.17571526246648767,1.0801294078860686,1.0021883315932256,-0.019570475050869136,0.030637395596639798,0.15601480048486416,0.16276230175934286,0.014484359060918202,nan,nan,nan,0.9976902201965473,1.0129734746879557,2.0,-0.1717770441118338,10.0,-3.3333333333333335,15.0,3.3333333333333335,1.5324686952425686,1.4780487991824138
22.650000000000002,12.952396077353034,0.3842910089862431,1.089001561602405,1.0043914348372005,-0.0049091523296693985,12.844733004671918,0.17046303684853764,1.0760209228075244,0.9978404568913644,-0.005308774177156588,0.030917335176776164,0.15085679543602004,0.1569764627169904,0.014197546069268183,12.617727931036484,-0.3580903262153485,1.3716168480375601,0.9975369424909362,1.009928705860842,2.0,-0.1656441697838611,10.0,-3.3333333333333335,15.0,3.3333333333333335,1.5164186340297803,1.492678937568581
22.700000000000003,12.970997306668266,0.419896896471378,1.0887941628209565,1.0043086010207627,-0.005210437474815167,12.863705017414247,0.20559046265685865,1.0756411604483205,0.9987747705097214,0.014328645889625813,0.030919865389238924,0.15232829445138976,0.15864544487489024,0.014397783397176636,nan,nan,nan,0.9980669442794788,1.0138328399326801,2.0,-0.17350858162841165,10.0,-3.3333333333333335,15.0,3.3333333333333335,1.519060477511857,1.5073273969740864
22.751,12.998912309237786,0.4733049785259268,1.0884584691278314,1.0043872874224367,-0.00628239983053637,12.891621359686035,0.25864377477904205,1.0758844166615251,0.999856955055933,-0.006701369353709336,0.030855314351943264,0.15448358353278296,0.1611245898642072,0.0141127843958276,nan,nan,nan,0.99790532796388,1.0109047144533967,2.0,-0.16760973633728238,10.0,-3.3333333333333335,15.0,3.3333333333333335,1.528992651641607,1.493257181230223
22.8,13.017529778332861,0.5089047055671668,1.088178326406693,1.004281951837027,-0.007401839427451343,12.910617385748408,0.293843893769599,1.076111472293844,1.0002827023144787,0.002166093003392929,0.030856742899326044,0.1559291287886798,0.16277179185539956,0.01431371145227995,nan,nan,nan,0.997572086918836,1.0061865518725668,2.0,-0.15811082288140188,10.0,-3.3333333333333335,15.0,3.3333333333333335,1.52535940746734,1.4908667142206304
22.85,13.045464574433275,0.5622857478392372,1.0876677504594559,1.0040035772653648,-0.009554670837488514,13.013456301424478,0.3260706468783528,1.0701608448746667,1.0018979539069932,-0.030072949910392867,0.03122826577354462,0.15078572124846398,0.15698101158125113,0.014035015455289391,13.737224600335338,0.08622534852035924,2.5957593349283723,0.9973462415455764,1.0032426445999603,2.0,-0.15218757233696634,10.0,-3.3333333333333335,15.0,3.3333333333333335,1.5324129146779635,1.4805846745538567
22.900000000000002,13.073411689468479,0.6156476886548506,1.0872416089807244,1.003988799920068,-0.003614050012176876,13.032711294391158,0.361222138366073,1.068585583497056,1.002265918652965,-0.022886088022584634,0.031227625803829734,0.1522598228488881,0.1586471202958098,0.014236584044229976,nan,nan,nan,0.9993622424522047,1.0344445923153223,2.0,-0.21512265301257028,10.0,-3.3333333333333335,15.0,3.3333333333333335,1.469538113825564,1.554601670910511
22.951,13.092051926075909,0.65122129209743,1.0872141700166673,1.0040391477497133,0.0,13.058839619429895,0.41545045083040455,1.0713041595963517,1.002692260251482,-0.013767111467687127,0.030922894962080928,0.15441996887344137,0.16112180629162523,0.013971756307841357,nan,nan,nan,0.9993173243311293,1.0316328202077156,2.0,-0.20943575249328195,10.0,-3.3333333333333335,15.0,3.3333333333333335,1.473647113342202,1.5488821210940205
23.0,13.110697598595637,0.6867923324868332,1.0873293527224785,1.0040052838326265,0.0036358498602513042,13.078052696212865,0.4506583300599829,1.0719749019685134,1.0028128058434977,0.025271020090556245,0.03092759293159409,0.15586771382932854,0.16276614215467083,0.014173869059578778,nan,nan,nan,0.9989682890375304,1.0258753490048607,2.0,-0.197801425045673,10.0,-3.3333333333333335,15.0,3.3333333333333335,1.4881077644992655,1.5301651609947995
23.05,13.138670986876521,0.740140027808903,1.0875868521681666,1.0038761045375055,0.003991047579927214,13.057650728986335,0.5036844478263356,1.0750651768163724,1.0013169668809432,0.028451955347493407,0.030902421554525127,0.1507655469262814,0.15698163643479648,0.01446962463520808,12.549496013860969,0.5202590362161614,1.0971489561680623,0.9988022069472777,1.023025290179214,2.0,-0.1920471589343018,10.0,-3.3333333333333335,15.0,3.3333333333333335,1.5083039255374693,1.5080789170750901
23.101000000000003,13.166643595725002,0.7934703700311507,1.0876394496584387,1.003487984750932,-0.002237424356578457,13.069564263750854,0.5427392611647331,1.0845304312750415,1.0013323458650145,0.011795580494974905,0.030125809220346963,0.15220616767392814,0.15864047816235413,0.014102013517865485,nan,nan,nan,0.9971180346901783,0.9991263769574398,2.0,-0.14390991449326673,10.0,-3.3333333333333335,15.0,3.3333333333333335,1.5458487428705034,1.4613520339950858
23.150000000000002,13.185287472601939,0.8290045425525444,1.0873993892611487,1.0029911576632586,-0.008331160664463036,13.0976254012643,0.5958605161496149,1.0850206661900925,1.0010674136769093,0.0014865238510379753,0.030126020863942875,0.15439499474188995,0.16112777182073293,0.014403356566087168,nan,nan,nan,0.9957412937694624,0.9922078183225671,2.0,-0.13000785430184303,10.0,-3.3333333333333335,15.0,3.3333333333333335,1.5585635480279225,1.43731727362437
23.200000000000003,13.203926950096658,0.8645169961806534,1.0869221484641285,1.00245550739271,-0.014065563544578889,13.117625682227276,0.6305697173023196,1.0836812342197206,1.0007438405942044,0.0008691036369223972,0.030262754515669982,0.15580665262894924,0.16276536934694677,0.014040913512052907,nan,nan,nan,0.9952500219876752,0.9875143262465731,2.0,-0.12058401132167162,10.0,-3.3333333333333335,15.0,3.3333333333333335,1.5609943496317713,1.4314690761707969
23.25,13.231884716783076,0.9177429436996949,1.0858087525556628,1.0017255048108569,-0.02159237016801118,13.22922521509369,0.715039631920556,1.0826857351091617,1.0049528624067163,-0.0042587537679654175,0.0302994230080425,0.1507082788039659,0.15698395757213748,0.014419122320867393,14.046542231319455,0.9331565881781244,3.262081793533188,0.9951457953932877,0.9851100729673293,2.0,-0.1157587154004287,10.0,-3.3333333333333335,15.0,3.3333333333333335,1.5627669724434252,1.4295554596146047
23.301000000000002,13.250528980529324,0.9531991464259213,1.0848771508221757,1.0013296200307593,-0.023602814416150315,13.249773380465458,0.7496278510743478,1.0794863219272435,1.004167232651425,-0.029148493162619502,0.030482438391937344,0.15214939000670877,0.1586429221466061,0.014043859807961788,nan,nan,nan,0.996931033495753,1.0043207231532294,2.0,-0.15435639292261794,10.0,-3.3333333333333335,15.0,3.3333333333333335,1.53141115981792,1.4621367306828281
23.351000000000003,13.278515231088239,1.006345258096288,1.0834564718532642,1.00090001768254,-0.02336789727708418,13.278214847778855,0.8027194880549917,1.077807663858068,1.0032372313396645,-0.029074088366487175,0.03048214046401726,0.15433917027691055,0.16112844949556818,0.014345229716972337,nan,nan,nan,0.9970130409900818,1.0021759450968368,2.0,-0.15004199372775728,10.0,-3.3333333333333335,15.0,3.3333333333333335,1.5215869864433638,1.4746151504322673
23.400000000000002,13.306539100670403,1.0594483536741992,1.0820654714691935,1.0005979934693392,-0.023224249341543636,13.297215026539684,0.8380601353493357,1.0759412644055892,1.0027515756829768,-0.05034144556092948,0.030478827345112796,0.15578731726842587,0.16277411282068455,0.014544398630072695,nan,nan,nan,0.9967890145630453,0.9976490047567538,2.0,-0.14094018539008912,10.0,-3.3333333333333335,15.0,3.3333333333333335,1.5266290444071136,1.4702512511553747
23.450000000000003,13.325247863514004,1.0948265659992262,1.0811458849946975,1.0004371643396055,-0.022783986268877093,13.402735012640207,0.971447009541759,1.0749702245096726,1.009528563984733,-0.03457398502859179,0.03034474631874803,0.15066277383968232,0.15698033978120843,0.01426333634719662,14.136970753755202,1.6403976988421627,4.551164569220225,0.9966985853455499,0.9946610969370415,2.0,-0.13493594002214593,10.0,-3.3333333333333335,15.0,3.3333333333333335,1.5204267956853883,1.4768855614128173
23.5,13.343977115752933,1.1301813496890099,1.080243441800558,1.000003167185537,-0.022483746724197486,13.421953473105432,1.006941152787255,1.0740079814418377,1.0077832332595937,-0.012181115788274409,0.030347356925950773,0.152138325855835,0.15864589173460658,0.014463149877196275,nan,nan,nan,0.9969496026794513,0.9968427721779746,2.0,-0.13931980438710978,10.0,-3.3333333333333335,15.0,3.3333333333333335,1.5129178628901392,1.4654395310789305
23.55,13.37210463946784,1.1831502578173976,1.0788775844476906,0.9992708239900153,-0.023401433838728655,13.44516142820428,1.0630491172581333,1.0789761341841233,1.0056564203135867,-0.021663732613301383,0.029763164133655436,0.15429569701979381,0.16112089363222135,0.014196801875021575,nan,nan,nan,0.9967927202949203,0.9938956151875793,2.0,-0.13339808681199283,10.0,-3.3333333333333335,15.0,3.3333333333333335,1.5269696287461394,1.4548211361124528
23.601000000000003,13.400281362906814,1.2360492182197889,1.0773626952827444,0.9986437918321425,-0.02688818444574243,13.464148573518937,1.0984977977886237,1.0782599680399476,1.004418356734659,-0.03857537800469073,0.029761650247539465,0.15574335189541402,0.16276548347162748,0.014397156787362938,nan,nan,nan,0.995715690292759,0.9863762159828311,2.0,-0.11829967220854298,10.0,-3.3333333333333335,15.0,3.3333333333333335,1.5410125593540909,1.4380615051573122
23.650000000000002,13.41909695594133,1.2712772219610202,1.0762343921736561,0.998311087430014,-0.02893239436326971,13.482567961866966,1.1707383198311674,1.0777311688331475,1.0037206179096603,-0.03374421990827646,0.029679213800766546,0.1506241989829967,0.15697168157061075,0.014121326852154458,13.36543329934833,1.3337119752479354,0.1945037719810954,0.9954991004715286,0.9833465344680837,2.0,-0.11222018014197532,10.0,-3.3333333333333335,15.0,3.3333333333333335,1.5389623988850416,1.4416509805539408
23.700000000000003,13.437939617327954,1.3064742546214496,1.0750061469700687,0.9978805644303774,-0.03220729047792037,13.501574879362735,1.2060890157435982,1.0761307193798366,1.002525870966449,-0.049269469750339946,0.029677498081236806,0.15209857456523135,0.15863677812126065,0.01432228041630248,nan,nan,nan,0.9941028949962195,0.9690765774880067,2.0,-0.08361137759487214,10.0,-3.3333333333333335,15.0,3.3333333333333335,1.5572857327545346,1.4137993687130197
23.75,13.466257741726265,1.359201337121398,1.0728831646660884,0.997236633522013,-0.03735093160878511,13.525860120313924,1.2612800501354318,1.0799584782909601,1.0010585723185823,-0.03702809688789737,0.029226772944101923,0.1542568360280867,0.16111036680511315,0.014044058130843392,nan,nan,nan,0.9939504197692769,0.9660790073530204,2.0,-0.07760649404402908,10.0,-3.3333333333333335,15.0,3.3333333333333335,1.5546912272010156,1.4183331838678577
23.8,13.485178033269065,1.3943079569093841,1.0712968860888712,0.9968192888597628,-0.04143212956750468,13.54474163289743,1.296580032732474,1.0792204823969662,1.000101789727856,-0.017536377039940074,0.029230183744807323,0.15570397653967066,0.16275488680871283,0.014327351515178074,nan,nan,nan,0.992722895957289,0.9592443759591334,2.0,-0.06392006616987977,10.0,-3.3333333333333335,15.0,3.3333333333333335,1.5732837519522647,1.393938298390802
23.85,13.513629492675346,1.446892081317171,1.0685546965728467,0.9961859542012157,-0.048943374312429344,13.536131940234844,1.2918159507273914,1.0824350528062707,0.9942010061698312,-0.029534180822223977,0.028796335821201793,0.15058978632965742,0.1569634505042628,0.014046344305959567,13.234717588934082,0.7399945843884684,1.6492553406497774,0.9924437215283275,0.9562098006031348,2.0,-0.057845286678460006,10.0,-3.3333333333333335,15.0,3.3333333333333335,1.5852715280597718,1.3822128534159914
23.900000000000002,13.532653844554913,1.4818993642999112,1.0664736485189925,0.9960122157382318,-0.05385849674217097,13.554814379123655,1.3269250263828063,1.0814403425378636,0.9944215495521688,-0.003641231597495351,0.02880089149310979,0.15206280524569923,0.15863014219125934,0.014247429345440205,nan,nan,nan,0.9917887268571975,0.9541967175434278,2.0,-0.05381598175143987,10.0,-3.3333333333333335,15.0,3.3333333333333335,1.5951362957586754,1.3847105203810592
23.950000000000003,13.56129607534469,1.5343474594704685,1.062985470230273,0.9958974431295647,-0.061471328499366186,13.586938355761081,1.3774129591316462,1.0726863956455563,0.9946281589942331,-0.06505021903767899,0.029219516147770918,0.15422126074002898,0.16110646261733838,0.01398071027592602,nan,nan,nan,0.991522776895187,0.9511389421384693,2.0,-0.04769648746924027,10.0,-3.3333333333333335,15.0,3.3333333333333335,1.6077769342223607,1.3691445900513135
24.0,13.580468715711529,1.5692659524282173,1.0604464410916392,0.9958674806285785,-0.06393855382998352,13.605971824553414,1.4123526169658482,1.0700959113288457,0.9948671903559315,-0.060618498800870516,0.02921988608314972,0.15566998450753522,0.16275113169382877,0.014182355352307309,nan,nan,nan,0.9923412445002724,0.948843336862585,2.0,-0.04310290912987691,10.0,-3.3333333333333335,15.0,3.3333333333333335,1.5770386187346999,1.4056700587772388
24.05,13.60935862266308,1.6215744585675007,1.0565572560044945,0.9959055197967404,-0.0655430397451896,13.623376421828578,1.4605731073749282,1.0660229612711412,0.9945213102420848,-0.03887638254152506,0.029217827535514905,0.1505965779865152,0.15696788332616302,0.014477368435634632,13.501026006474707,1.4128006741759622,0.060145534218831356,0.9923070064685292,0.9459759894126529,2.0,-0.0373658894632225,10.0,-3.3333333333333335,15.0,3.3333333333333335,1.5792882229858012,1.4023024982200678
24.1,13.63841847212366,1.6737880569194263,1.0525173311105578,0.9958477535951971,-0.06893731956448279,13.647124489841778,1.4929726085621626,1.0577184889769358,0.9946820650408678,-0.08692361268628392,0.02969529713830209,0.15204372706309874,0.1586226976993741,0.01410843812666996,nan,nan,nan,0.9918765755216741,0.9384733889208667,2.0,-0.022357273037905134,10.0,-3.3333333333333335,15.0,3.3333333333333335,1.5925050788935327,1.3865612140945744
24.150000000000002,13.657893054613185,1.708541537816,1.0497624240434509,0.995947495053171,-0.06846256891963548,13.6765158365133,1.5449216509132329,1.0531575220772051,0.995071507170896,-0.05986759936026761,0.029698072701865447,0.15424593113732732,0.16110201169277072,0.014409114115229096,nan,nan,nan,0.992872456826536,0.9382527927956209,2.0,-0.021916026736124028,10.0,-3.3333333333333335,15.0,3.3333333333333335,1.5654396657254457,1.4209905565873606
24.200000000000003,13.677453348099403,1.7432525693370742,1.0470367779458358,0.9960581717950152,-0.06819954194866831,13.694694401886608,1.5803317309520417,1.052588242684875,0.9953340436639802,-0.051919120220958306,0.029540092246343134,0.15566744350697573,0.16273351978349573,0.014048434293195456,nan,nan,nan,0.9929595634003404,0.9344249365224488,2.0,-0.014259678662699837,10.0,-3.3333333333333335,15.0,3.3333333333333335,1.5754662984255239,1.4103843846507536
24.251,13.70695915378426,1.7952317288284294,1.0429069875562151,0.9961106540662927,-0.06953788417194659,13.77674124380298,1.6006068293729607,1.0477871410960047,0.9954268035324237,-0.07263372343317492,0.02957336055721017,0.1506019516625451,0.15694657210624802,0.014345199369149662,14.3212253225685,1.2545744940801575,1.8195040139388272,0.9926261566685028,0.9310734414925272,2.0,-0.007556482938060771,10.0,-3.3333333333333335,15.0,3.3333333333333335,1.5816362645196964,1.4006337725087814
24.3,13.726743799099747,1.8298261159996725,1.040158845410188,0.9964557256256394,-0.06705572205667014,13.797495806283377,1.6346385996165524,1.043691388082041,0.996215641399446,-0.07198405471296589,0.0296635586846567,0.15205530185977345,0.15859761607639747,0.013978953826480511,nan,nan,nan,0.9959539067331539,0.9578002010096952,2.0,-0.061028897418608175,10.0,-3.3333333333333335,15.0,3.3333333333333335,1.5396556016173877,1.4689085060934972
24.35,13.756606931140086,1.8816609231316634,1.0363732739255982,0.9973087586959032,-0.060439196715000185,13.827671504891443,1.6862596172383932,1.0398660365679895,0.997197073928422,-0.014592446348342182,0.029669741128080625,0.1542654401822496,0.16107038299264556,0.014281217414583037,nan,nan,nan,0.9961482986068072,0.9558941610574531,2.0,-0.05721348525677028,10.0,-3.3333333333333335,15.0,3.3333333333333335,1.5366609775051747,1.471085313920035
24.400000000000002,13.776637921854213,1.916175433051565,1.0340208784777822,0.9977425361053202,-0.058371914889318324,13.84787849900906,1.7206557258748936,1.0376020414697775,0.997675545591956,-0.06806844777402331,0.029662730896773418,0.15572807675166728,0.16270695781250374,0.014480951261794743,nan,nan,nan,0.9961843225073486,0.9524806083715623,2.0,-0.05038143357011826,10.0,-3.3333333333333335,15.0,3.3333333333333335,1.5580832015640445,1.446955793489725
24.450000000000003,13.806860695347783,1.967875543863256,1.0306043432706438,0.9982323693499133,-0.055239086988224106,13.842539950308245,1.772529117474219,1.0368266546411826,0.9970348017694651,-0.04242361423806654,0.0294460865777665,0.15063061910330516,0.15690854758541403,0.014207892111809124,13.48912132321234,1.7713873536423252,0.5187634185199594,0.9962056268414864,0.9504610622002309,2.0,-0.04590936368231091,10.0,-3.3333333333333335,15.0,3.3333333333333335,1.536092432245226,1.4676077622993973
24.5,13.837281363985968,2.019479171163289,1.0273097907611064,0.9983233197794765,-0.055687089590173676,13.862855803837258,1.8068501862592028,1.0344478018970091,0.9972199833150358,-0.06098350339379983,0.02944342320961301,0.15212090600852582,0.15856465903725692,0.01440818600101003,nan,nan,nan,0.9945843715855284,0.9327063044883228,2.0,-0.010514489762064372,10.0,-3.3333333333333335,15.0,3.3333333333333335,1.566769789454106,1.425789936528044
24.551000000000002,13.857665046731567,2.0538194835859023,1.025067772136373,0.9982975294699152,-0.05616362742488623,13.89383531103801,1.8580589280547455,1.0300904367347654,0.9974422669534251,-0.04766358854196954,0.029477371806808435,0.1543051444846885,0.16102188178949178,0.014285892983030275,nan,nan,nan,0.9946063391973327,0.9305390305184069,2.0,-0.006174531314284248,10.0,-3.3333333333333335,15.0,3.3333333333333335,1.5592925290589692,1.4327562360664792
24.6,13.878129344201708,2.088110687388973,1.0228101769158013,0.9982778452234704,-0.056670713282558516,13.914407005657086,1.8922456573939994,1.0273415440410707,0.9975689859797902,-0.04931315495225737,0.029476692730209628,0.15577162589266202,0.16265406648501404,0.014428002335974851,nan,nan,nan,0.9947341748339895,0.9274215207730386,2.0,-0.00023289199756115764,10.0,-3.3333333333333335,15.0,3.3333333333333335,1.5633829085780788,1.4288835607951342
24.651,13.908975690768752,2.1394562524203917,1.0193822072633603,0.9982540382418386,-0.057390286305232976,13.911712007428315,2.0056351711787226,1.0151480287457604,1.0000831694153232,-0.06498152572756453,0.030198688834451728,0.1507992179755848,0.15699284484546266,0.014284962218469581,13.421581028562299,2.623456368640162,2.8302063653354255,0.9947857384184772,0.9251769776440455,2.0,0.0038217899107308995,10.0,-3.3333333333333335,15.0,3.3333333333333335,1.5624234347174284,1.429735143092848
24.700000000000003,13.939988461969401,2.190671167490948,1.015803050922848,0.9973261122130136,-0.06221234834009744,13.932798033999157,2.039616896572567,1.0139237326863233,0.9990038278353314,-0.06792856810136672,0.030199812432323073,0.15229576442140674,0.15864332697672853,0.014426955110172814,nan,nan,nan,0.991434618603047,0.8841698853046801,2.0,0.07401149676458152,10.0,-3.3333333333333335,15.0,3.3333333333333335,1.5826855517399008,1.3747814441689912
24.75,13.960746099564558,2.224719000119648,1.0132171349088697,0.9965961448293097,-0.06604483051473398,13.967882012010035,2.088534244818435,1.0059460289115245,0.9976546243670313,-0.053552031180213414,0.030558669338369412,0.1544907530618629,0.1610904735469212,0.014137150578365967,nan,nan,nan,0.9911851016889124,0.8810487595369845,2.0,0.07753171074421417,10.0,-3.3333333333333335,15.0,3.3333333333333335,1.5854461674520632,1.3728804549239253
24.8,13.981574079847803,2.258694633768991,1.010493709261263,0.9960774641178414,-0.06919421610496197,13.98925546011756,2.1222278273532114,1.004140693963703,0.9971381839177097,-0.05037567468363905,0.030559677644080893,0.15596435886177368,0.16271473892147367,0.014337079318993256,nan,nan,nan,0.9918942406381398,0.8785354041619929,2.0,0.07881493728303335,10.0,-3.3333333333333335,15.0,3.3333333333333335,1.5883416650532958,1.3793936619401626
24.85,14.012961433610444,2.3095360314037725,1.0061992912133768,0.9955646845983432,-0.0732796934464113,13.970895747878188,2.285865632973599,1.0046174907212126,1.0013327042853928,-0.06728515316657623,0.03017901472306124,0.15085160229237773,0.1568962863029616,0.014051472664393175,13.401993551721686,3.3376972871447492,6.396870600031026,0.9917156812765207,0.8753324459145969,2.0,0.08193232831787878,10.0,-3.3333333333333335,15.0,3.3333333333333335,1.5922804711048888,1.3753104304152817
24.900000000000002,14.033973433713532,2.343326421923341,1.003086433603267,0.9936156151781856,-0.08293210566345993,13.992380537188454,2.319619197817643,1.0019752273730749,0.9972590404662398,-0.0759496082895712,0.03017994830026905,0.15235240755582571,0.15853989988160408,0.01433420731901184,nan,nan,nan,0.9779523806064586,0.7942410881783653,2.0,0.1948027814816089,10.0,-3.3333333333333335,15.0,3.3333333333333335,1.6474087697255038,1.1971580843155945
24.951,14.065559768309415,2.393705906926457,0.9973976032263127,0.9892597642188743,-0.10259394356955986,14.027057651612008,2.3684828526476434,0.9938977808881138,0.9922345208071918,-0.08162949450236309,0.030439877469840636,0.15455523700627938,0.16097716393020592,0.014055514027017593,nan,nan,nan,0.9772821989883178,0.7884133283557913,2.0,0.19786708893982263,10.0,-3.3333333333333335,15.0,3.3333333333333335,1.6527493910641493,1.1977381613391536
25.0,14.086683660236417,2.42710254513925,0.9930282090994866,0.9870886185461666,-0.11291718736001133,14.048733109186411,2.4017009368946143,0.9888342873686495,0.9898468858582243,-0.1204335395735212,0.03043534682043439,0.15603335570531024,0.16259516059397056,0.014255711838908761,nan,nan,nan,0.9774696994190833,0.7812223709455645,2.0,0.19944359029897996,10.0,-3.3333333333333335,15.0,3.3333333333333335,1.6581202566550353,1.2081856490250509
25.05,14.118515327020543,2.47694627410818,0.985834171632395,0.984613752649893,-0.12403891149004323,14.08610819439172,2.5165741309295337,0.9811462330182881,0.9909261188594889,-0.12504236293947285,0.03041738645962713,0.15094985400944227,0.15679363426696952,0.014548636312581091,14.075804120864358,3.105728756904053,1.6256376303879954,0.9772182231084178,0.7749707428360217,2.0,0.20203407478763946,10.0,-3.3333333333333335,15.0,3.3333333333333335,1.6477213837604678,1.223126972971848
25.1,14.150533575782944,2.5264498079063182,0.9779124421690866,0.9806026447660864,-0.13875542020925308,14.106824119074814,2.5502510789038597,0.9772394778482506,0.9869698128793083,-0.141137081354331,0.030268769316531136,0.15242763588163116,0.15842004084168895,0.0141702315532649,nan,nan,nan,0.9684620014283056,0.7293320901503517,2.0,0.2410579230443446,10.0,-3.3333333333333335,15.0,3.3333333333333335,1.6673331194688357,1.1300558309383713
25.150000000000002,14.171979828969766,2.5592159890396693,0.9721190996927324,0.977883664177463,-0.14829317048076018,14.139987880087398,2.599185019861424,0.9705770132404848,0.9819318818950546,-0.13962457468605594,0.030271857527188167,0.15467526484158878,0.16085710932084432,0.01446899198060771,nan,nan,nan,0.9670486727765482,0.7198141511894476,2.0,0.24469135208246495,10.0,-3.3333333333333335,15.0,3.3333333333333335,1.6704733948950368,1.1266640764572713
25.200000000000003,14.193525244181597,2.5917975470740053,0.9659682071765933,0.9754932491982518,-0.1571095599682801,14.16374622686849,2.630614367069757,0.9626509977704352,0.9791115871041275,-0.1810989003251171,0.03042994987334857,0.15613095899614368,0.16245712297742076,0.014100323274539067,nan,nan,nan,0.9653621615535006,0.7066085697166777,2.0,0.24752070784693592,10.0,-3.3333333333333335,15.0,3.3333333333333335,1.6827235135395826,1.1154351547369465
25.25,14.226066568046095,2.640332353010594,0.956161141535732,0.9725857562919448,-0.1670542953571658,14.192580933407703,2.730257341714851,0.9516991131510171,0.978535006470064,-0.18136150428107609,0.030410528119537244,0.1510469331024908,0.15666423385185477,0.01439534364382759,14.095077365449445,3.1992496126260823,1.0722997566772683,0.965404832403113,0.698846147753192,2.0,0.24737163874706258,10.0,-3.3333333333333335,15.0,3.3333333333333335,1.671262919760324,1.1350067534884567
25.3,14.247917050337604,2.672449606550085,0.9492772742644109,0.9694715310619528,-0.17644867088475058,14.216320071295232,2.761444602395803,0.9440716344457291,0.9737632758421056,-0.16596217080108175,0.03052641486026334,0.15253755109161946,0.1582822832119727,0.014022334587997029,nan,nan,nan,0.9522806952978443,0.641525834034806,2.0,0.2840896583027481,10.0,-3.3333333333333335,15.0,3.3333333333333335,1.6910536593928882,1.0128005561977231
25.35,14.279684469798372,2.7186756282847138,0.934840085905784,0.8772217756216945,-0.34088585637519436,14.250037126596755,2.8076407227082596,0.931692629241887,0.8604067357413715,-0.34720440133339064,0.030531062685237118,0.15480354808202426,0.16070538494489958,0.014322978233876009,nan,nan,nan,0.3,-0.4756882157497829,3.0,-0.9700771815263323,15.0,3.3333333333333335,20.0,-3.3333333333333335,1.2376056494680656,-2.795924232250954
25.401000000000003,14.307273227470105,2.757639257357292,0.9067856350872734,0.7419084308288972,-0.5430188236116827,14.270100221165976,2.8344491252984074,0.9166770013888019,0.7698617288398346,-0.48627684374848074,0.030534098381381727,0.15630446088513844,0.16230710034292908,0.014521627142380727,nan,nan,nan,0.3,-0.49806229373021166,3.0,-0.9153858650976402,15.0,3.3333333333333335,20.0,-3.3333333333333335,1.3432747827924494,-2.589544082060203
25.450000000000003,14.323685552882136,2.780138666484919,0.882881341765124,0.6694358704574389,-0.6256630549268218,14.37994401934088,2.841724566133023,0.8753768874388559,0.6596493117838034,-0.63999460637108,0.031204142989253038,0.15119555369275753,0.15651169875342869,0.014242526113859488,15.164018937710534,2.5555581307099087,3.0872159341537775,0.3,-0.511427586131812,3.0,-0.8832503478881752,15.0,3.3333333333333335,20.0,-3.3333333333333335,1.416381792718099,-2.414509157723234
25.5,14.33882834691584,2.800365505025427,0.8564405719195116,0.6094100333516772,-0.6783877666805519,14.396607715969344,2.861436215981654,0.8505328515620513,0.603444620968141,-0.6535776276175703,0.03121420374644908,0.15274826180244075,0.15813642176878998,0.014441727926835856,nan,nan,nan,0.3,-0.5506698175873289,3.0,-0.791010044847483,15.0,3.3333333333333335,20.0,-3.3333333333333335,1.5152654902419986,-2.2007380696682297
25.55,14.359708900194875,2.827227228748047,0.8139926570773177,0.536437315560205,-0.7241521218879516,14.420605812901861,2.886711577212569,0.8072839761507012,0.5321016224057143,-0.734462383727761,0.03128938885390135,0.15506715981587402,0.1605525945545903,0.014176875386474407,nan,nan,nan,0.3,-0.5766638088308278,3.0,-0.7314884033509695,15.0,3.3333333333333335,20.0,-3.3333333333333335,1.6062432496700723,-1.9358500731307293
25.6,14.372648672939752,2.843147937294091,0.7846285607493756,0.49679994820933093,-0.7384704618791764,14.435177584701442,2.9017132089496,0.7786379309712353,0.4957559488832216,-0.7143998264885894,0.031295540259089545,0.15664911688958255,0.162163406553834,0.014376570625162169,nan,nan,nan,0.3,-0.5766638088308278,3.0,-0.7314884033509695,15.0,3.3333333333333335,20.0,-3.3333333333333335,1.6062432496700723,-1.9358500731307293
25.650000000000002,14.390963098815407,2.864559416102603,0.7400003987836867,0.4475767217348352,-0.7474328223965355,14.419257489064577,2.9224707734839495,0.7387972754259807,0.4467008835676023,-0.7090783088793196,0.031008315896020912,0.15163839010017066,0.15640564335287646,0.014103023653856257,14.068079987045069,2.936488581957283,0.523455322604596,0.3,-0.5858045106380372,3.0,-0.7108300068690863,15.0,3.3333333333333335,20.0,-3.3333333333333335,1.6414570812770615,-1.8718146816144015
25.702,14.408264949990036,2.8834300544980693,0.6952004143708801,0.4087235936290143,-0.7459980529926267,14.432367880218207,2.934247428614579,0.7096304744418842,0.4228173597957523,-0.7196036353322289,0.031002096134169637,0.15331745136063707,0.15804637808377903,0.014303313041916312,nan,nan,nan,0.3,-0.585679534909192,3.0,-0.7111115446579686,15.0,3.3333333333333335,20.0,-3.3333333333333335,1.6632051910604047,-1.6882229363035044
25.75,14.419386337609886,2.8948130933823895,0.6654996969978725,0.38731831332852684,-0.7414188124193706,14.45380528246307,2.9483845493133747,0.659739265427565,0.3917116345935247,-0.7366140812603182,0.03131328764633882,0.15587220571622087,0.16048326190290854,0.014029119652286655,nan,nan,nan,0.3,-0.5934931030570608,3.0,-0.6935572386566871,15.0,3.3333333333333335,20.0,-3.3333333333333335,1.6632051910604047,-1.6882229363035044
25.8,14.430246821298233,2.905348435738908,0.6360362705813734,0.369111993572502,-0.7337530732525945,14.466122767796882,2.957800686668588,0.6305178333807104,0.3756718653661216,-0.7218303849739783,0.03131077584013721,0.15763278723667978,0.1621001157587631,0.014229988176413988,nan,nan,nan,0.3013217823094514,-0.6049785005338446,3.0,-0.6679250444415187,15.0,3.3333333333333335,20.0,-3.3333333333333335,1.6529531068219594,-1.5822964068464858
25.85,14.446224367117827,2.9197900808989554,0.5924686549897715,0.3487830755525442,-0.7215233331759221,14.498478126011074,2.9067134563377977,0.5816690186095453,0.35330562548831496,-0.7390002623816586,0.03159073942159962,0.15275788104227608,0.156336605108962,0.013959404482498113,14.668326996166906,2.3055066262003767,1.7077640330304713,0.32244357440279336,-0.611968684038736,3.0,-0.6524213737613413,15.0,3.3333333333333335,20.0,-3.3333333333333335,1.7098797180438587,-1.4829278722019634
25.900000000000002,14.462235506010225,2.93298583502442,0.5497418499498946,0.34179606782963223,-0.7048546991943068,14.510327553808562,2.9143856453888,0.5516621889040341,0.35201633520297726,-0.725545264677904,0.031581719808228305,0.15465400774766644,0.15796037476471728,0.014252208852623138,nan,nan,nan,0.3702813123551882,-0.60981546756667,3.0,-0.6571894253884623,15.0,3.3333333333333335,20.0,-3.3333333333333335,1.795253762145823,-1.2427266773059236
25.950000000000003,14.473199899885623,2.94131759670862,0.5218445392620571,0.3424906396630235,-0.6937400728871503,14.528976981090922,2.9248179131203735,0.5097504215802249,0.3534648823924897,-0.6486270703545307,0.03167378593632625,0.15757085783832434,0.1603561583601717,0.013983700637241813,nan,nan,nan,0.39213398675868205,-0.6161839064394693,3.0,-0.6431065697198706,15.0,3.3333333333333335,20.0,-3.3333333333333335,1.8343204442706391,-1.15518728179941
26.129,14.478796247082197,2.9453648290700385,0.5080436219338629,0.3435730188798768,-0.6892018495102887,14.535143581712124,2.9282704817438554,0.4962337389329696,0.3565923075272126,-0.6669519535791415,0.03166677497005752,0.15857121636440893,0.1611479867709683,0.014084255552393352,14.25206232953196,2.0261461743542113,3.3184068529692548,0.4216239098858672,-0.6258104578056968,3.0,-0.621927667255038,15.0,3.3333333333333335,20.0,-3.3333333333333335,1.9048463614341697,-1.0606958810156932
26.150000000000002,14.534970145230073,2.979520689551649,0.38810557129840656,0.39246810870254056,-0.6409864157190466,14.55650539066193,2.8674237537984153,0.379521217302087,0.4010588620857607,-0.6157517034223612,0.03132969236724493,0.1602237038673066,0.15998897429353995,0.014409627172971583,nan,nan,nan,0.5163204223590905,-0.6100254611224764,3.0,-0.6567241224850293,15.0,3.3333333333333335,20.0,-3.3333333333333335,2.0009693250191187,-0.6478500368972238
26.200000000000003,14.549421199079335,2.986773144608601,0.36270220346620347,0.40889204456787276,-0.6317579346779301,14.569880982213789,2.8748179608499025,0.3579649025806014,0.4191606598610536,-0.6355132549796898,0.031003620705012228,0.16246217236182245,0.16148822606644792,0.014048027426530432,nan,nan,nan,0.5405698074692041,-0.6201608526478587,3.0,-0.6343414351914063,15.0,3.3333333333333335,20.0,-3.3333333333333335,2.0286851817855007,-0.5974098002385142
26.25,14.572583061214425,2.9973993875122313,0.32518246458000566,0.43321143845037036,-0.620614004786759,14.598772749794497,2.9688701255050303,0.32076501770241445,0.4524724666578614,-0.61673189014949,0.0309821277484548,0.1575405471203384,0.15561194654202168,0.014343606669937264,14.543543419574235,3.7743013263011056,2.8974247845436913,0.552848617729704,-0.6270524946600274,3.0,-0.6192044377190273,15.0,3.3333333333333335,20.0,-3.3333333333333335,2.0178816392679257,-0.5582602573546822
26.3,14.597388327324577,3.0076056007149705,0.2881801519450494,0.45327732537388254,-0.6145339647916739,14.616416996362553,2.9742220471191554,0.29439197243618365,0.4653556453823231,-0.6315258776984485,0.031037502934858657,0.15986499048773595,0.1570892296670792,0.014054534109892006,nan,nan,nan,0.5532738626180906,-0.6637419676131474,3.0,-0.5396597248613842,15.0,3.3333333333333335,20.0,-3.3333333333333335,1.9834242896502483,-0.6160565329144749
26.353,14.61472346493172,3.0140937790407056,0.2636930071019656,0.46596781385055774,-0.6101973969408017,14.643597921817094,2.9820962335999632,0.2581098924109266,0.4845035789225903,-0.5863783806914803,0.031044070573927017,0.16340832794382945,0.15925965262421757,0.014353924468455424,nan,nan,nan,0.5878693983830928,-0.6842638894475608,3.0,-0.4958639223863473,15.0,3.3333333333333335,20.0,-3.3333333333333335,2.007692211298106,-0.5087578135123652
26.400000000000002,14.632703052313815,3.0203083068023826,0.2393730032140721,0.47905291405108674,-0.6061692443665139,14.662497804274931,2.9869719277841957,0.23397047405351712,0.4983866519645839,-0.609404875075685,0.031034484499245788,0.16579071788245103,0.16067069331373798,0.014551736171011631,nan,nan,nan,0.5878693983830928,-0.6842638894475608,3.0,-0.4958639223863473,15.0,3.3333333333333335,20.0,-3.3333333333333335,2.007692211298106,-0.5087578135123652
26.450000000000003,14.660902158547653,3.029078233767008,0.2031985657863631,0.4989022862758176,-0.599683527415749,14.684208800345878,3.03296493275294,0.1973018578894248,0.5195818795036332,-0.588027066680022,0.031019425775508272,0.16050597532545102,0.15476324498464686,0.014270839488063656,14.561225641169736,3.4188339011210096,0.7177884039439416,0.600434275052917,-0.6927817895554722,3.0,-0.4778185999095376,15.0,3.3333333333333335,20.0,-3.3333333333333335,2.001470320945111,-0.4589614762455926
26.5,14.680501032471462,3.034521102018627,0.1793042298326824,0.5116610829913288,-0.5955690670492358,14.704737855386538,3.0369422030153843,0.17274313217570425,0.5323643359478882,-0.6028667071412303,0.031009513770471234,0.16290759359599824,0.15615827637143675,0.014469321968875105,nan,nan,nan,0.6125945028541708,-0.7141555073044619,3.0,-0.4328540000715333,15.0,3.3333333333333335,20.0,-3.3333333333333335,2.0012400196532156,-0.43952390266064933
26.551000000000002,14.711040945390398,3.042010872020926,0.14375670291343695,0.5302203895883524,-0.5894400405448995,14.737607810942041,3.0409366356850924,0.13436837225460208,0.5507970005376855,-0.5944224463146364,0.0312488427084718,0.16650912057543457,0.15819111899874683,0.014200350593711195,nan,nan,nan,0.6438168688195663,-0.7369518927077187,3.0,-0.3853517698353116,15.0,3.3333333333333335,20.0,-3.3333333333333335,2.0067993041442147,-0.3261092152767505
26.6,14.73215493625726,3.04652041380717,0.12028818738140969,0.5430253133170279,-0.5843108308365378,14.759590891212277,3.0437770420023442,0.11030772916149267,0.5641012067876494,-0.5917617130437538,0.03124286975263401,0.16890819846815242,0.15952037972154876,0.014399422520493992,nan,nan,nan,0.6438168688195663,-0.7369518927077187,3.0,-0.3853517698353116,15.0,3.3333333333333335,20.0,-3.3333333333333335,2.0067993041442147,-0.3261092152767505
26.651000000000003,14.76496498463862,3.0525118183424214,0.08547533600412974,0.5621661843286702,-0.5768396604335265,14.830263792015614,3.0723375510166777,0.07433204631224831,0.5899330296506559,-0.5646901833166642,0.031311137233089384,0.1631499719314684,0.1536756157738954,0.014124594123257145,15.104669271086383,3.2841064453101563,0.5715361272063278,0.6550283824568477,-0.746268415174235,3.0,-0.36606106182877224,15.0,3.3333333333333335,20.0,-3.3333333333333335,2.007806494258573,-0.28851256831360783
26.701,14.798999459780736,3.057502702652737,0.05099804344781439,0.5775935364797686,-0.5732229208459347,14.853897723436388,3.0739579932322676,0.051115746067986294,0.5990702799524485,-0.5613954692112652,0.0313073002421955,0.16552098680471222,0.15500839982165437,0.014324297010874263,nan,nan,nan,0.6652323434719425,-0.7918756189455219,3.0,-0.2725070253115291,15.0,3.3333333333333335,20.0,-3.3333333333333335,1.984285608125592,-0.29557211154592133
26.75,14.822256561654672,3.0602252949428346,0.028123024298026485,0.5872883477358399,-0.5705047554133781,14.889119388418232,3.076904459997783,0.019422041037199463,0.612434456723709,-0.5898713528654693,0.03099548297029173,0.1690464095023021,0.15696213807960271,0.01404695051196364,nan,nan,nan,0.6652323434719425,-0.7918756189455219,3.0,-0.2725070253115291,15.0,3.3333333333333335,20.0,-3.3333333333333335,1.984285608125592,-0.29557211154592133
26.801000000000002,14.85796223772857,3.0633627369140406,-0.0059302460460733935,0.6017018944826579,-0.5642140289714339,14.926150452903372,3.077203071650733,-0.013893119981247537,0.6263357436809363,-0.5458794940692622,0.03100036508875877,0.17253087077947382,0.15888596729998739,0.014346921431117453,nan,nan,nan,0.6778031084663211,-0.8066037605453765,3.0,-0.24256181326674492,15.0,3.3333333333333335,20.0,-3.3333333333333335,1.9710593736883784,-0.2351209487669742
26.851000000000003,14.882310581958095,3.0648006841883007,-0.028399167061215903,0.6117998195454064,-0.5598290280835366,14.898509343271893,3.1046999810539324,-0.03213422571899649,0.6286944790896865,-0.5735786672884455,0.030543998883537253,0.1651393678960488,0.15254978371778724,0.013978240662611571,14.432645639794753,3.4063935280338065,1.3199734993583687,0.6913635140181847,-0.8213148957202627,3.0,-0.21275779468686318,15.0,3.3333333333333335,20.0,-3.3333333333333335,1.9872111080368027,-0.1983506239248325
26.901000000000003,14.919668978928888,3.0659340842131284,-0.06173035638167308,0.6282231110041734,-0.5512789012864037,14.923762318967674,3.103739594154891,-0.05381092157107759,0.6405871602169539,-0.5131778040449116,0.030554137621112802,0.1674182527622899,0.15386152350944132,0.014179156112321603,nan,nan,nan,0.7063940999503022,-0.8185397653533751,3.0,-0.21837253675012594,15.0,3.3333333333333335,20.0,-3.3333333333333335,2.013115806894903,-0.09965079650419184
26.950000000000003,14.945146315618764,3.065989633053695,-0.0836867378471608,0.6392356331815666,-0.547303081822982,14.962794894302881,3.100513832791466,-0.08719427683401015,0.6573897425862878,-0.5178606892973399,0.03068198349484048,0.17079484227674646,0.1557946186318382,0.013994726702415989,nan,nan,nan,0.7148153629199411,-0.8282472037827523,3.0,-0.19874638833292654,15.0,3.3333333333333335,20.0,-3.3333333333333335,2.013115806894903,-0.09965079650419184
27.0,14.971049239653075,3.065462180306737,-0.1054904922293398,0.6500099936605974,-0.5428416846266357,14.989088827686365,3.0980690885945585,-0.1086186894027108,0.6684164309373223,-0.511333783312375,0.030679204768797357,0.1730162917632677,0.15707553691063852,0.014195103479866068,nan,nan,nan,0.7278774308381946,-0.8427692053594041,3.0,-0.1694557848828156,15.0,3.3333333333333335,20.0,-3.3333333333333335,2.0044776280105587,-0.04795860612775216
27.05,15.010657946955176,3.0635539666839557,-0.13783580243924695,0.6655541114597169,-0.5358696712863866,15.168548430738566,3.0988945442364866,-0.14113093344450922,0.7029460353499019,-0.5089280791709134,0.030682722983912454,0.16639636198558636,0.15156970319894472,0.0144914585364001,16.289782408548227,3.052591084864644,5.7927550646068955,0.7086226982328877,-0.9243829618011895,3.0,-0.005824528867255291,15.0,3.3333333333333335,20.0,-3.3333333333333335,1.9168907914819664,-0.22572283025134365
27.1,15.03744229879204,3.0615519128988686,-0.1592641121057075,0.6706449423196905,-0.5363840327331486,15.196413105225634,3.0946625098341785,-0.16173367092356328,0.7029434031390598,-0.5061806945949424,0.030706731224607556,0.16855964115992256,0.15288007102484177,0.014119624060957953,nan,nan,nan,0.7086226982328877,-0.9243829618011895,3.0,-0.005824528867255291,15.0,3.3333333333333335,20.0,-3.3333333333333335,1.9168907914819664,-0.22572283025134365
27.150000000000002,15.07769625404758,3.0574387793527293,-0.19159781512371404,0.6743269887404132,-0.5390604456249115,15.237975751144289,3.087430674189383,-0.19333080740383538,0.7042651622945325,-0.5211838968685607,0.030699662883377592,0.17175667918776763,0.15484737166621457,0.01441837452483271,nan,nan,nan,0.7280106431849613,-0.9487114458966389,3.0,0.042839005429060495,15.0,3.3333333333333335,20.0,-3.3333333333333335,1.9357557577187898,-0.11343904026477292
27.201,15.118100963877001,3.0519696081068384,-0.22389862983818615,0.6805481429622272,-0.5363752421442558,15.265454157046754,3.082477805336175,-0.21396386801339687,0.7074631193554313,-0.5368111268511957,0.03059044899880908,0.17385218793502635,0.15613765414053216,0.01405540668767673,nan,nan,nan,0.7280106431849613,-0.9487114458966389,3.0,0.042839005429060495,15.0,3.3333333333333335,20.0,-3.3333333333333335,1.9357557577187898,-0.11343904026477292
27.251,15.145166152336433,3.047559475766199,-0.245276866135203,0.6856567970665395,-0.5326108376490226,15.234743563662702,3.089114174540499,-0.24684809207252068,0.703628064989387,-0.5244869533640162,0.03057545699765551,0.1669526453610964,0.1508145343269224,0.014353494861327653,14.627964923685862,3.2965726501700163,1.7579715451297497,0.7355985443144699,-0.9582103696374146,3.0,0.06185000883910838,15.0,3.3333333333333335,20.0,-3.3333333333333335,1.934991634521188,-0.06829896886990894
27.3,15.172364740254238,3.042500497092982,-0.26647284716052166,0.6932991951625932,-0.5265264066713371,15.262258588442853,3.081285089671848,-0.2692755171843144,0.7134295785947032,-0.5086797584406288,0.030706496015454856,0.1689992379793965,0.15215372267348953,0.013985144475955075,nan,nan,nan,0.7641486457032692,-0.9479239691741217,3.0,0.04126335565446099,15.0,3.3333333333333335,20.0,-3.3333333333333335,1.98234910030952,0.09871103169592965
27.35,15.213649524698532,3.0336882805773087,-0.29767231764798757,0.7078130358900678,-0.5152898413432153,15.30366453444715,3.0693888554174507,-0.30005039955195084,0.727289327291922,-0.48451555194461904,0.030704310628391265,0.17202526806061208,0.15417361487052766,0.014285609371266788,nan,nan,nan,0.7729616666663871,-0.9565758094749259,3.0,0.058577924557390915,15.0,3.3333333333333335,20.0,-3.3333333333333335,1.985967260187983,0.13101019006865067
27.400000000000002,15.241474546360715,3.0269841045414903,-0.31814143070481404,0.7173107140419226,-0.5091020499615475,15.331501743759079,3.060620524668138,-0.3210318307942872,0.7367187246020296,-0.5054185373722443,0.030692966534873772,0.174010399621817,0.15551704930911747,0.014484139151991985,nan,nan,nan,0.7841307463323516,-0.9695525177638842,3.0,0.0845649408081896,15.0,3.3333333333333335,20.0,-3.3333333333333335,1.9892965426385327,0.1684026295584281
27.450000000000003,15.283608012696652,3.015653526274476,-0.3483967990532791,0.7310863434136401,-0.4999606285212262,15.42236863794479,3.019440985608427,-0.35220785026163304,0.756060866594556,-0.5000523100766968,0.030699135882458695,0.1669571500736173,0.15033945952690206,0.014212016563753484,15.812073504919335,2.734968561598057,1.097247119426961,0.79182396614028,-0.9780384754331691,3.0,0.10157370980814553,15.0,3.3333333333333335,20.0,-3.3333333333333335,1.9769362788074494,0.21025117478859912
27.5,15.311908351337863,3.007250866547719,-0.36826798752791445,0.7391195176633336,-0.49437319399681606,15.450767718787963,3.0088430305262936,-0.3709562745351582,0.7627284559991535,-0.451573661652047,0.0307069331983715,0.1689009046185899,0.1517374480609982,0.014411138511018806,nan,nan,nan,0.7962482620199282,-1.0019360449501975,3.0,0.1495595017208889,15.0,3.3333333333333335,20.0,-3.3333333333333335,1.9560312598719665,0.20688852386763035
27.551000000000002,15.354545290535977,2.9933911874264663,-0.3977405887491101,0.7499994282680549,-0.4887722819832089,15.49358151577708,2.9881762867350203,-0.40590700781714967,0.7721567513241695,-0.47131267520133885,0.031243139679664002,0.17176782447437453,0.15381747828104744,0.014149657485840962,nan,nan,nan,0.8026273007877063,-1.0100656765266502,3.0,0.16591999334614668,15.0,3.3333333333333335,20.0,-3.3333333333333335,1.9734479839445944,0.2173787072917559
27.6,15.397378247601017,2.978007681141631,-0.426830877380452,0.7618936915432584,-0.48066750253494517,15.521971740713907,2.9758217967958025,-0.4258220571805395,0.7798066217206889,-0.49905563777076667,0.03123052628975334,0.1736463550554148,0.15521286370325685,0.014349296755582547,nan,nan,nan,0.8167738499020623,-1.020906309324237,3.0,0.18777098466267642,15.0,3.3333333333333335,20.0,-3.3333333333333335,1.9675622484179836,0.29961448405779223
27.650000000000002,15.426046555325769,2.9668978325751136,-0.445900521392516,0.7699403846738377,-0.47366786266024247,15.69303265910959,2.9477450721451097,-0.44848540456614305,0.8040311725653766,-0.44695907035128046,0.03073513473470265,0.16652244051257376,0.1501556557121127,0.014080712995162207,16.72100259265121,2.81292025575105,4.96807003475735,0.8238298317658709,-1.0284836732816665,3.0,0.20307047064860684,15.0,3.3333333333333335,20.0,-3.3333333333333335,1.9156180814073949,0.3445320054020182
27.700000000000003,15.469002268088854,2.9490525780369254,-0.474295742374313,0.7746069507657757,-0.4743921904951306,15.721936841567206,2.9336592959613985,-0.46754665521619954,0.8033983680417286,-0.44772335811990827,0.030731885412265507,0.168367339724599,0.15160487154435828,0.014280909256037741,nan,nan,nan,0.8027146503626952,-1.0874483505870989,3.0,0.32307317057473817,15.0,3.3333333333333335,20.0,-3.3333333333333335,1.9156180814073949,0.15629649962555092
27.751,15.49742902469757,2.936422644895067,-0.49331584027031283,0.7769533070562441,-0.4750287438141931,15.764901617757511,2.9133022663661006,-0.49210760731875697,0.803924816417352,-0.4437243534474288,0.03046625430471981,0.17108954129307385,0.1537602720855384,0.014009158466346103,nan,nan,nan,0.8097662441121972,-1.094589365618445,3.0,0.3377450508306042,15.0,3.3333333333333335,20.0,-3.3333333333333335,1.9240141642547868,0.20106471954397576
27.801000000000002,15.539803454475276,2.9163595297422016,-0.5217915308360634,0.7820088544374969,-0.4730688548984415,15.793187187118077,2.897963826542554,-0.511708471895111,0.8060949225444408,-0.4700545500352859,0.030455232629911205,0.17287379729420335,0.15520617504379128,0.014209929840964726,nan,nan,nan,0.8177914250226469,-1.105341010358942,3.0,0.35990265402566896,15.0,3.3333333333333335,20.0,-3.3333333333333335,1.9335686042902815,0.24884787792766838
27.851000000000003,15.567900952671646,2.9022232928849725,-0.5406385613018364,0.7863356857010801,-0.4691934945626414,15.798468809753,2.904093930158399,-0.5425004620240017,0.80547110211532,-0.4561641491140163,0.030651415292705864,0.16575266905312067,0.1502212130331812,0.013945275302115702,15.485956132066063,3.2350403088437725,0.8546791125165676,0.8252639051764333,-1.1118354603561398,3.0,0.37332804561999383,15.0,3.3333333333333335,20.0,-3.3333333333333335,1.9494542599460205,0.3949329217204469
27.900000000000002,15.595899990249313,2.8874595520197923,-0.5592958424739112,0.7921256787410017,-0.4637032768708157,15.826037248232895,2.8873016955364714,-0.5613283074541214,0.8115677944204231,-0.4577540919804874,0.03064522100870658,0.1675111987949968,0.15172029238624216,0.014146571783323368,nan,nan,nan,0.8401964797678435,-1.1156513478629306,3.0,0.3812314058974394,15.0,3.3333333333333335,20.0,-3.3333333333333335,1.9494542599460205,0.3949329217204469
27.950000000000003,15.637796036623818,2.8640836560700893,-0.5868098770472345,0.802340707046738,-0.45400117753935854,15.86728000787978,2.8614994385714354,-0.5888217145072688,0.8208390845070184,-0.47404245416218777,0.03054565225216787,0.1701079268371515,0.153952796200275,0.013891414208814505,nan,nan,nan,0.8506836015563847,-1.1242198176370706,3.0,0.39902049494316577,15.0,3.3333333333333335,20.0,-3.3333333333333335,1.94646958516118,0.45045930028650283
28.0,15.665653811210518,2.847673027910991,-0.6048081288536233,0.8093266805685971,-0.4468233805033973,15.894552479947851,2.8430962144417387,-0.6072635706617318,0.8273825736442263,-0.43522851878198543,0.030547440827689124,0.17181081315392838,0.15545195345337362,0.014093157042009787,nan,nan,nan,0.8571841680423602,-1.129841032037211,3.0,0.41072366944668476,15.0,3.3333333333333335,20.0,-3.3333333333333335,1.9356801051058048,0.4918561158457282
28.05,15.707298417474693,2.8218244434047133,-0.6312987738087992,0.8196322562855883,-0.43767618061417124,15.84092948688866,2.8297290151774552,-0.6339728027434144,0.8282075651526981,-0.4233006785173503,0.03054694719414543,0.1647521916073922,0.15051997813028511,0.014391007280872434,15.047968221673608,2.979466170604173,2.811659134109131,0.8639464058284827,-1.1350054881791787,3.0,0.42149971262332403,15.0,3.3333333333333335,20.0,-3.3333333333333335,1.9475516111116624,0.5125086735849106
28.101000000000003,15.74881515093954,2.7944416421090383,-0.6571365987042855,0.8337778181946025,-0.42385089285741184,15.868766478881193,2.8141560874045948,-0.6441417973670274,0.8394743472720498,-0.4102166355713703,0.029920379313281748,0.16644039461498983,0.1520513635974616,0.014031827822914157,nan,nan,nan,0.8885896354412374,-1.110507855619741,3.0,0.3705809986174011,15.0,3.3333333333333335,20.0,-3.3333333333333335,1.968259122045489,0.6772945062303896
28.151000000000003,15.776478965388266,2.7752959211496235,-0.6738895085644214,0.842843917154174,-0.41572203147411113,15.909014533234695,2.7833832996006103,-0.6697341891236879,0.8536203421188053,-0.405401200584922,0.029912534402708354,0.1689361474900268,0.15437295881202737,0.014332412694577086,nan,nan,nan,0.8903845185953215,-1.1167489437699318,3.0,0.3835068355477113,15.0,3.3333333333333335,20.0,-3.3333333333333335,1.9587562776666017,0.6691081469149844
28.200000000000003,15.804078185875962,2.755468440736005,-0.6903430674596452,0.8512347963313358,-0.40797533788408813,15.936023102979222,2.762805878919619,-0.6842689138607692,0.8622250932119446,-0.3881966511132374,0.029803010927695498,0.17057210406703155,0.15590131554937023,0.013980250114477616,nan,nan,nan,0.8988622103122821,-1.1233642760068603,3.0,0.3972416063481217,15.0,3.3333333333333335,20.0,-3.3333333333333335,1.944252982423466,0.707683682241887
28.25,15.845303541532848,2.7244857421187607,-0.7144706842535588,0.8627544063212852,-0.3977321306059986,15.999404708570431,2.7296387904395636,-0.7076997908559983,0.8753187034578647,-0.35281193414890877,0.02980033881549272,0.1636176377464376,0.1509637350095005,0.014279350443781522,16.183286018323837,2.7484939389039384,0.17423023829482273,0.9032356539261508,-1.1278147807955947,3.0,0.4065020097351489,15.0,3.3333333333333335,20.0,-3.3333333333333335,1.9407548702914235,0.7206745903775369
28.3,15.886225403952494,2.692086866087258,-0.7380969380094161,0.872366182514418,-0.39078475499467696,16.026069394409124,2.7069973007184434,-0.7233346617331655,0.8814767097516236,-0.3974341473790373,0.02974881978228717,0.1652432597064583,0.1525371353534237,0.013920354755709031,nan,nan,nan,0.9069285879243711,-1.1425608422696052,3.0,0.43730704112008284,15.0,3.3333333333333335,20.0,-3.3333333333333335,1.9371020506056427,0.7147684436839491
28.35,15.91329002860461,2.6697395645722772,-0.7535872672854378,0.8783099495459281,-0.38438524734229246,16.06555725915706,2.671560151724178,-0.7472308860597927,0.8899494407943361,-0.3799997048916347,0.029744344080316162,0.16764708080022586,0.15491846968458628,0.014222280025134452,nan,nan,nan,0.911894442520548,-1.1462545308513046,3.0,0.4450538959583648,15.0,3.3333333333333335,20.0,-3.3333333333333335,1.9118285456466952,0.7610162561955081
28.400000000000002,15.940167595532577,2.646808255055921,-0.7688160759346048,0.8841910291296615,-0.37771478342025017,16.091618424223466,2.6472225525512183,-0.762579514366216,0.8958312789931534,-0.3580676053808695,0.029743534053524506,0.16922384294960674,0.15650362183042393,0.014421736326508294,nan,nan,nan,0.9195200996565256,-1.1511694637376946,3.0,0.45538189836015497,15.0,3.3333333333333335,20.0,-3.3333333333333335,1.9075776090332277,0.7997616399128294
28.450000000000003,15.980120928233637,2.6113313780507506,-0.7911710884194393,0.8927952223243647,-0.3685280874435984,16.219429916338704,2.6475507539656986,-0.7853408327619364,0.9075916643224172,-0.3290010687940989,0.029742571432115967,0.16238790429331454,0.15151221990761787,0.014157261881774423,16.989017722554458,3.081211626979667,3.5012013931818906,0.9243159148398262,-1.1541366998599056,3.0,0.46162827090950337,15.0,3.3333333333333335,20.0,-3.3333333333333335,1.9081020462795952,0.8198845741032225
28.501,16.019537900761012,2.574665736417717,-0.8132092253716329,0.897407369035674,-0.36738389234741603,16.245030257179227,2.6217891411831844,-0.7989678843098029,0.9091444648947778,-0.34645021003571486,0.029737918858000367,0.16396009004024006,0.15313584601118302,0.014357222769133838,nan,nan,nan,0.9143683775774338,-1.2021920083593443,3.0,0.5640743854503825,15.0,3.3333333333333335,20.0,-3.3333333333333335,1.90201303086998,0.7146603591130352
28.55,16.045430701924403,2.5496426106614707,-0.827887296096646,0.8999636167110902,-0.3658999454856128,16.282221639764284,2.5812477729569374,-0.8228609286407811,0.9119040769816837,-0.35434652847283676,0.029891718873790878,0.16627793817992104,0.15554835225477268,0.014102951186888186,nan,nan,nan,0.9188858719094041,-1.2045170629015198,3.0,0.5690976904532921,15.0,3.3333333333333335,20.0,-3.3333333333333335,1.8933114175266796,0.7538240497801003
28.6,16.071023676423305,2.5241522437515607,-0.8424601012993677,0.9031644295472276,-0.36219538467805,16.30695441513455,2.554394134029245,-0.8377936977542296,0.9151245038480323,-0.35936984345912554,0.029885844520782263,0.16780182740236596,0.15716393961115496,0.014303318705667319,nan,nan,nan,0.9271116336662882,-1.20702610942737,3.0,0.5745259755855894,15.0,3.3333333333333335,20.0,-3.3333333333333335,1.8859539234293308,0.8169356038478341
28.650000000000002,16.108883491057497,2.485015779094836,-0.8639454582885134,0.9087253232585631,-0.3543285469535297,16.28191391508811,2.4992839941565035,-0.8659652659463978,0.9171313197624913,-0.3481695928677409,0.03045671446487863,0.16110288529550534,0.15211974377348622,0.014137371304721856,15.747750089625237,2.383790752110965,1.286259358850464,0.9319911597117307,-1.2087222643193347,3.0,0.5782000125251853,15.0,3.3333333333333335,20.0,-3.3333333333333335,1.8785112947919875,0.8532214698639724
28.702,16.146155250296463,2.444745526987429,-0.8847484519667072,0.9173685100483423,-0.33951764101505677,16.317392798507566,2.4569555437813495,-0.8861361521976554,0.926896030499968,-0.29792828947599387,0.030457141814201505,0.1633814189717813,0.1545986126423175,0.014436249480969438,nan,nan,nan,0.9498358301758609,-1.184051039643237,3.0,0.525101528564391,15.0,3.3333333333333335,20.0,-3.3333333333333335,1.8708045180480992,0.9950828712517735
28.750000000000004,16.17072579083251,2.4172235320252957,-0.8980923167530179,0.9234781277006812,-0.3300013303236892,16.3417991875844,2.429684321842702,-0.8970228129405688,0.9327758351890884,-0.3101067696144715,0.03022206297785863,0.16487262288300533,0.15622956146001993,0.014058011127913005,nan,nan,nan,0.9538382334186718,-1.1850396327368078,3.0,0.5272155573340881,15.0,3.3333333333333335,20.0,-3.3333333333333335,1.8704619829236453,1.0080378231087495
28.8,16.207129358268464,2.374978522495867,-0.9174520564667806,0.9317007228543988,-0.3172018767426732,16.365013873639676,2.400405355599489,-0.9104751709962224,0.9381821755248062,-0.31038082497789465,0.03021664670689031,0.16635289813054324,0.15787261016837145,0.014258215945289804,nan,nan,nan,0.9582718919627974,-1.1869248208690704,3.0,0.5312499431731407,15.0,3.3333333333333335,20.0,-3.3333333333333335,1.8546435422578456,1.033022934163918
28.85,16.23107954435991,2.346204622718826,-0.9299352927722232,0.9367667571582791,-0.30872419751777735,16.344959765078116,2.3714537530605715,-0.9323613749455357,0.9415980043477892,-0.2724560268533575,0.030596359718587377,0.15981011989838192,0.1527607237151993,0.013986562655408827,15.876682932101854,2.5367552374484426,1.0362577055645594,0.9619024151157167,-1.187393849723121,3.0,0.5322543122714338,15.0,3.3333333333333335,20.0,-3.3333333333333335,1.8417747053815958,1.0593233291832163
28.900000000000002,16.25477369867668,2.3169520573879434,-0.9420638825942032,0.9423582107534827,-0.29900286212544586,16.367356716169212,2.3410929803820966,-0.944435277802568,0.9479643599769801,-0.2892276089359807,0.030588670616038326,0.1612974421405847,0.15443573511055436,0.014187359857354769,nan,nan,nan,0.9714883457081636,-1.171727954400965,3.0,0.4988400638988353,15.0,3.3333333333333335,20.0,-3.3333333333333335,1.8339452018499713,1.1338102849663692
28.950000000000003,16.289863068979752,2.272170049971787,-0.9594861663116327,0.9505855813743175,-0.2837355484378151,16.401462101743025,2.295895332730132,-0.9604348359841834,0.9562213111613093,-0.285006138408918,0.03039994306598222,0.16349000953304915,0.15692421758308453,0.01392696270769254,nan,nan,nan,0.9743117313990818,-1.1715872509982237,3.0,0.4985411611646273,15.0,3.3333333333333335,20.0,-3.3333333333333335,1.7908058922633732,1.1851195248217112
29.001,16.32437928127191,2.226383691147785,-0.9760064388758698,0.9576123916217396,-0.26907031836201056,16.423305181410157,2.264436147834559,-0.97213217528786,0.9610263972540544,-0.23989188418839855,0.03040307676437453,0.1649371366270377,0.15858620244242383,0.014128250561455113,nan,nan,nan,0.9777736799523938,-1.1716652620404489,3.0,0.49870688103249927,15.0,3.3333333333333335,20.0,-3.3333333333333335,1.7908058922633732,1.1851195248217112
29.05,16.34705892975702,2.195342758574641,-0.9865739853769746,0.9618021130672307,-0.26114589190666404,16.375984557338445,2.239505831133083,-0.9889919187358044,0.9622617263844679,-0.2446362856443581,0.03041305104317481,0.15856466407291267,0.15341143913221256,0.014424497729456077,15.658141697778921,2.4285287063439833,2.361268427434568,0.9802897645218096,-1.1710056369205566,3.0,0.4973058338288612,15.0,3.3333333333333335,20.0,-3.3333333333333335,1.7935489247162137,1.1888420471688437
29.1,16.369474985296893,2.1639034672670765,-0.9967942943211368,0.9663563909817547,-0.2506777570240275,16.3983286421095,2.208690558561355,-0.9965333247438202,0.9679173742419611,-0.2290620931984106,0.030188035886160723,0.16001584301374755,0.1550853222989074,0.014061138266136794,nan,nan,nan,0.9877016552863782,-1.1459864149925776,3.0,0.44449114455060534,15.0,3.3333333333333335,20.0,-3.3333333333333335,1.7570260395552362,1.2817515793004035
29.151000000000003,16.402638204535883,2.115998569611351,-1.0112528281775162,0.9729579311470881,-0.23430859082129576,16.429730915492314,2.1596629022044174,-1.0109706731451142,0.9749599716617335,-0.23138438737449704,0.03018166662634329,0.162180878089246,0.15760755227874823,0.014361139924313699,nan,nan,nan,0.9888961722774653,-1.1456938956201812,3.0,0.4438772488244138,15.0,3.3333333333333335,20.0,-3.3333333333333335,1.7482959402993898,1.2840639022290354
29.201,16.435228235538748,2.067285180323859,-1.0247959884512357,0.9783110741838881,-0.21919644003548772,16.447625682668942,2.1235619712396496,-1.0252636276096085,0.9788361166936022,-0.20672291279283367,0.03062643243894043,0.16359180109610996,0.159266200760657,0.014005391200962988,nan,nan,nan,0.9912114805065962,-1.1436463887876953,3.0,0.4395824737165016,15.0,3.3333333333333335,20.0,-3.3333333333333335,1.7216973073710662,1.3087776703429208
29.250000000000004,16.456633369362383,2.0344014384968867,-1.0333220961561451,0.9814815365335583,-0.20928066917068838,16.548948281665353,2.005119093846807,-1.038414635564112,0.9911135384755116,-0.18264775320982682,0.030622837617204277,0.15738157209977852,0.15400927640116718,0.01430298414787523,17.148045938328902,1.411244819505736,3.3160824898534784,0.9934088981839381,-1.1401405618154516,3.0,0.4322377288789434,15.0,3.3333333333333335,20.0,-3.3333333333333335,1.7081697022957114,1.328917229912449
29.3,16.477780745312618,2.001220743799063,-1.0414789418202357,0.9838926585689318,-0.20061210181129127,16.570962094747667,1.9728730939205377,-1.0422191705476758,0.9924294696416545,-0.1722549902887648,0.030305502111162973,0.15881063494807826,0.15569259418107498,0.013941015619470807,nan,nan,nan,0.9943348494985127,-1.1449088380856778,3.0,0.4422300816403667,15.0,3.3333333333333335,20.0,-3.3333333333333335,1.6905825252705624,1.3172181202737263
29.35,16.509002763680822,1.9509669650217383,-1.0531400472590382,0.9866326098396584,-0.18993364583396083,16.600790809700403,1.921299041153695,-1.0547630230355778,0.9940919953079594,-0.18841619786050062,0.03029789577010014,0.16094848537439296,0.15822369256614857,0.014377784837932553,nan,nan,nan,0.9948165797630154,-1.144080884760632,3.0,0.4404935321504563,15.0,3.3333333333333335,20.0,-3.3333333333333335,1.6877983739530522,1.320017223545195
29.400000000000002,16.529491868077297,1.9171655847489595,-1.0605594941844934,0.9883176188581855,-0.1821314580174033,16.620345721817003,1.8866632052494472,-1.0625822373707425,0.995206121093236,-0.17606940193938067,0.03029622148224692,0.16235734654838657,0.15990130489365015,0.014521574977833993,nan,nan,nan,0.9963095642964801,-1.1407014640960444,3.0,0.433412072452539,15.0,3.3333333333333335,20.0,-3.3333333333333335,1.6609693215250665,1.3538869566320664
29.450000000000003,16.559757489442774,1.866044162878868,-1.0710674842372305,0.9906747822098467,-0.17003556323198543,16.787178817178027,1.8249065702974119,-1.0706308556149113,1.0023029652900155,-0.1668317601042971,0.030048831363265114,0.15629071057447833,0.15454530291571472,0.014242796885068512,18.049262013577255,1.8334228406374835,7.164310061893947,0.9971388174854929,-1.1382466008545362,3.0,0.42827450060327055,15.0,3.3333333333333335,20.0,-3.3333333333333335,1.6521856320661474,1.3660480631662704
29.500000000000004,16.58946054727256,1.8144890758830665,-1.0811131112449053,0.9913575038807492,-0.16717443662496362,16.806345601057416,1.789705526777108,-1.0769429125013188,1.0012151532193547,-0.15645525866664667,0.03004932585879006,0.15772198935293624,0.1562433470387833,0.014441475701323186,nan,nan,nan,0.9935967507374291,-1.1838571295571996,3.0,0.5246869959208689,15.0,3.3333333333333335,20.0,-3.3333333333333335,1.687225181072421,1.2810117673289934
29.55,16.608940719814118,1.7799221133133842,-1.087761288971321,0.9918000193173988,-0.16507025152714935,16.83251148353293,1.7349193418838698,-1.0901313756280056,1.0003254304600842,-0.16045191661171482,0.03033747957394015,0.15982628728233145,0.15876373614801384,0.014175924009128002,nan,nan,nan,0.995505946391771,-1.1785011763894089,3.0,0.5132538075972793,15.0,3.3333333333333335,20.0,-3.3333333333333335,1.6729895198461942,1.3149730615076984
29.601000000000003,16.62817957895932,1.7451934628135977,-1.0942815141534519,0.9924536784354799,-0.16141435741599391,16.850955231580546,1.6994115351777732,-1.0955576615089777,1.000176858260462,-0.12096554682300248,0.030342226742429118,0.16122485223125918,0.1604423556364448,0.014375148727461571,nan,nan,nan,0.9963543151871389,-1.1755468559411568,3.0,0.5069607919566652,15.0,3.3333333333333335,20.0,-3.3333333333333335,1.6618001932206048,1.333915285570523
29.650000000000002,16.656601163189464,1.6928033963568223,-1.1037853976601901,0.9935095168158232,-0.1564274763897549,16.92990613540893,1.643273779415192,-1.1081992441296178,1.001943856005227,-0.14944493088471994,0.030631237837289414,0.15530176429954387,0.15501533135839668,0.014101340566055059,17.434875915493528,1.6921667180891309,1.1716723286577182,0.9970439087318583,-1.1724673335913407,3.0,0.5004111063711003,15.0,3.3333333333333335,20.0,-3.3333333333333335,1.6677343849878337,1.3337778061991472
29.701,16.68451087271081,1.6400755919020948,-1.1130078874284675,0.9943081725950353,-0.15157659116169442,16.947730396813892,1.6073822904747483,-1.1146034278576318,1.0015796026135448,-0.14555178733115318,0.030629823728129193,0.15672373452808896,0.15671592519432342,0.01430116514625233,nan,nan,nan,0.9969525307067846,-1.1862891717408912,3.0,0.5298891759762598,15.0,3.3333333333333335,20.0,-3.3333333333333335,1.6549727714001166,1.3402589332740722
29.750000000000004,16.702837922533103,1.6047490950129457,-1.118972938202475,0.9948628994786037,-0.14751143339760425,16.97930977373088,1.5573978406080733,-1.1158291240446143,1.0012941136034472,-0.14897922376520964,0.029938446063764303,0.15881459801955555,0.15924088856456087,0.01402660798814966,nan,nan,nan,0.99766958372437,-1.1828869833969966,3.0,0.5226136917359623,15.0,3.3333333333333335,20.0,-3.3333333333333335,1.6451334561702404,1.3567242194170686
29.8,16.72094805973445,1.5692861593452327,-1.1247733671451525,0.9954235855506954,-0.14340495961799798,16.996851924585222,1.521393014285902,-1.1221790445609816,1.0012413074495876,-0.14602519650540224,0.029936546646315784,0.1602075782279368,0.16092104408233704,0.01422703221240156,nan,nan,nan,0.9978983597279774,-1.180673195994263,3.0,0.5178865233495471,15.0,3.3333333333333335,20.0,-3.3333333333333335,1.6398606859465483,1.3645118491097696
29.851000000000003,16.747716646243653,1.5158451157750947,-1.1331590934224767,0.9962797994389202,-0.13684130375371545,17.008420329354358,1.4751254286177813,-1.1256551193095572,1.0004163034165532,-0.13577510234157394,0.029530191077313177,0.15441938230598018,0.15543099983305636,0.013958273582630123,16.83295570309393,1.532818465749124,0.12668265853292418,0.9984909506999177,-1.1771231796653951,3.0,0.5103173482397187,15.0,3.3333333333333335,20.0,-3.3333333333333335,1.6285710661203847,1.3805588180114654
29.900000000000002,16.765306238718143,1.4800573935770012,-1.138511707309233,0.9969298581961084,-0.13176172131627123,17.025591147607063,1.4389756282288637,-1.1311509118756773,1.0007734766565413,-0.10683531064908784,0.029532458355937517,0.1558390795619474,0.15713206556745046,0.01415926071346596,nan,nan,nan,0.9990858593920003,-1.1684167824547025,3.0,0.4918115206541551,15.0,3.3333333333333335,20.0,-3.3333333333333335,1.617979833987543,1.3983149264253658
29.950000000000003,16.791321760337034,1.426141513949032,-1.1461605644977555,0.9979080463860956,-0.12455955910471936,17.049594296806916,1.3835758477458648,-1.1406094705905636,1.00126665244756,-0.12165731779920821,0.029704640121265793,0.15792502107019815,0.15965995582780226,0.013902279148360026,nan,nan,nan,0.9994385064766419,-1.1646634789828614,3.0,0.4838582950229684,15.0,3.3333333333333335,20.0,-3.3333333333333335,1.6165230404536082,1.4014535876513257
30.000000000000004,16.81690927980251,1.3719611483468028,-1.1533409867751023,0.9987943929337997,-0.11551215228434246,17.066243284378142,1.3471457468520232,-1.145650193962961,1.0016025940322162,-0.09851525445624175,0.029705786724865454,0.15931506995826475,0.16134254357074232,0.014103740525116887,nan,nan,nan,0.9998483999047556,-1.1580223351355337,3.0,0.46982094609305136,15.0,3.3333333333333335,20.0,-3.3333333333333335,1.587308745170207,1.4323960057746636
30.05,16.83373931550355,1.3357039459270834,-1.157807026407335,0.9993164492392606,-0.1093554524977332,17.073188751117463,1.2942925712914921,-1.1529155625610101,1.0013956413967058,-0.11586438986779526,0.029708097417129462,0.15366807310697977,0.15580935419683484,0.014399264248367077,16.893963530376986,1.3190149105970943,0.12937277175397532,0.999965371048144,-1.15397235134174,3.0,0.4612820756137277,15.0,3.3333333333333335,20.0,-3.3333333333333335,1.5828525295966502,1.4366982610253063
30.1,16.850393492516496,1.2993447533108389,-1.162000340237549,0.9997871573664439,-0.10148533946748932,17.091274230816392,1.2588837256852814,-1.1540991774691156,1.0017228855490046,-0.10600254075807386,0.02948250496258474,0.15506295440390674,0.15750341323601946,0.01403890583105069,nan,nan,nan,0.9999350724524336,-1.141520102923392,3.0,0.43512654366886583,15.0,3.3333333333333335,20.0,-3.3333333333333335,1.5464321959724845,1.473424041375951
30.150000000000002,16.875061143442423,1.2446296952496345,-1.1676624631816248,1.0003758422846243,-0.08957369570545923,17.115476374912586,1.203859893986267,-1.160611494180446,1.0020937123659612,-0.08984499553288386,0.029481134993838507,0.15716908466072718,0.1600465491032287,0.014474123509257981,nan,nan,nan,0.9998749191785257,-1.1382825135290413,3.0,0.42834962006428223,15.0,3.3333333333333335,20.0,-3.3333333333333335,1.5428883787892715,1.4754125244517313
30.200000000000003,16.891307041006986,1.2080464052517876,-1.1710627548451322,1.0006524709636162,-0.08210215809739944,17.132232711916338,1.1675903966769767,-1.1626785258899435,1.0022016182703772,-0.06674355017844764,0.029391207593045515,0.1585330778912714,0.16172139440324104,0.014055601293365354,nan,nan,nan,0.9995834370680884,-1.1317465723581352,3.0,0.41469703632182875,15.0,3.3333333333333335,20.0,-3.3333333333333335,1.5267939046153354,1.485922954236026
30.250000000000004,16.91539597125719,1.1530320616076262,-1.1756262620866866,1.0009269439849944,-0.07203039319080569,17.09349858825189,1.1177357303433104,-1.1673580856760284,1.0002486736610596,-0.05777501675341298,0.029418668840437368,0.15299324104059583,0.15613865968353904,0.014351005687411383,16.47527822765598,1.144975599960223,1.6431654959192052,0.9993896134196227,-1.1277371840215271,3.0,0.4063404075392558,15.0,3.3333333333333335,20.0,-3.3333333333333335,1.5267939046153354,1.485922954236026
30.3,16.931280777880055,1.1162745880760425,-1.1783097197682562,1.0009466872798305,-0.06323224928850568,17.105321180383022,1.0785949376733297,-1.1751471041857837,1.0003182950914487,-0.05398525949952425,0.029874064009873063,0.1543856046700055,0.15783610790914002,0.01398281217852923,nan,nan,nan,0.9976183648626926,-1.0983279313593521,3.0,0.3454403088074982,15.0,3.3333333333333335,20.0,-3.3333333333333335,1.4746869131218219,1.5295978748904324
30.35,16.9548677879159,1.0610450664940194,-1.1815620552169976,1.000681546905847,-0.04747818459014529,17.128354797894918,1.0231718699468175,-1.1789832343885185,1.0001828955018004,-0.013611258709429506,0.029876078565362434,0.15648962437882183,0.16038329907863555,0.01428305704581508,nan,nan,nan,0.9965044537124431,-1.0915099753259578,3.0,0.3314139069104154,15.0,3.3333333333333335,20.0,-3.3333333333333335,1.4492252924412183,1.5457617433247648
30.400000000000002,16.970444903914412,1.0241786458291078,-1.1832145292847744,1.0003294499767654,-0.037751864079479766,17.14360627225285,0.986190028234301,-1.1814185525346623,0.9998406743657043,-0.03782211623392083,0.029871373330875,0.1578796188704687,0.16207141619185672,0.014481437938896504,nan,nan,nan,0.9955195775099996,-1.0842861152058165,3.0,0.3165869602840248,15.0,3.3333333333333335,20.0,-3.3333333333333335,1.4444662886437727,1.5428304810556983
30.623,16.993614680450555,0.9688313305073558,-1.1849919495083883,0.9996819819146466,-0.0234368388444541,17.14360627225285,0.986190028234301,-1.1814185525346623,0.9998406743657043,-0.03782211623392083,0.029871373330875,0.1578796188704687,0.16207141619185672,0.014481437938896504,nan,nan,nan,0.9948016891215307,-1.0794105050932143,3.0,0.30659903474286043,15.0,3.3333333333333335,20.0,-3.3333333333333335,1.4208282647781143,1.5615140084602848
30.650000000000002,17.069770215805498,0.783627757588409,-1.188504862546009,1.0020775022551007,-0.01184449412426284,17.21414165992612,0.9228687426338505,-1.176450701295372,0.9948261845567818,0.0033730005517568613,0.02911578088192786,0.15190621087793751,0.15669503741513344,0.014073788684648371,16.76815530890186,1.1037674208876442,0.9669389237204928,0.997134134623823,-1.1050643734369057,3.0,0.3593314922208928,15.0,3.3333333333333335,20.0,-3.3333333333333335,1.4735068694895683,1.5398450364076632
30.700000000000003,17.08486360449185,0.7464938596878528,-1.1888672285118793,1.0020666034736139,-0.007422500312982401,17.229438826666623,0.8861236883242073,-1.1762525863098852,0.9957000229996356,0.0006656487379314612,0.029115049744863158,0.15332971123597927,0.15840261990141774,0.0142738612166166,nan,nan,nan,0.9961263894677358,-1.088403964518956,3.0,0.3250345735212068,15.0,3.3333333333333335,20.0,-3.3333333333333335,1.469804968117132,1.5391465889560492
30.750000000000004,17.10743914525904,0.6907738561932543,-1.1890878350881415,1.001872362329692,-0.0008561173063364713,17.246116798480323,0.8276716227876448,-1.1845540691928673,0.9966546227230971,-0.005045296031273767,0.02979234051700986,0.15541498914788157,0.160942229062717,0.014002736833355194,nan,nan,nan,0.9957128397013996,-1.08362184523448,3.0,0.31522527432782277,15.0,3.3333333333333335,20.0,-3.3333333333333335,1.45842160581053,1.5446074284082287
30.8,17.12245346795243,0.6536270707330312,-1.1889798505844926,1.0014280749982487,0.005404741407039189,17.261146743174795,0.7907469442941002,-1.184480792540543,0.9966883375079988,-0.014634014728255061,0.02979003255026893,0.15681087174213482,0.16263042367559274,0.014203377863851735,nan,nan,nan,0.993784675415794,-1.073003420129047,3.0,0.29349641245684466,15.0,3.3333333333333335,20.0,-3.3333333333333335,1.41800355778087,1.5666333666498167
30.85,17.144930038893886,0.5979377012375201,-1.188274616208368,1.0004957306587285,0.016396529290509082,17.205272738578383,0.7533479636745692,-1.1860023432306472,0.9934427859488304,0.011645102184677302,0.02993292148056246,0.15148779487490707,0.15691918297170382,0.013937051721140353,16.433457335836234,0.8951846234123625,2.6491472276445465,0.9932285675498177,-1.0680412088138154,3.0,0.28336556111629574,15.0,3.3333333333333335,20.0,-3.3333333333333335,1.4038981945366111,1.5760301781891317
30.900000000000002,17.167371387656125,0.5423130346791987,-1.1868030448239548,0.9989506256455503,0.031095302485339316,17.220193725906995,0.716522018472348,-1.185215286388156,0.9930762521784431,0.027972786794759286,0.029933331620929756,0.1529125328938108,0.15862713932209935,0.01413823346649311,nan,nan,nan,0.9886193492635378,-1.034990403146663,3.0,0.21622696906744787,15.0,3.3333333333333335,20.0,-3.3333333333333335,1.3481907822557373,1.6045266608505226
30.951,17.182321796912113,0.5052874699842487,-1.1853215602227143,0.9978188247583839,0.04043547268639332,17.248152745275227,0.6640758869926331,-1.174993249121273,0.9925074223779108,0.06572435034843548,0.0293533109412242,0.15500081443824082,0.1611666736837411,0.01388384435984312,nan,nan,nan,0.9879731721093381,-1.0299670146515665,3.0,0.2060681918090046,15.0,3.3333333333333335,20.0,-3.3333333333333335,1.3454437576771603,1.6029789662590612
31.000000000000004,17.19727653305226,0.4683069894797516,-1.1835253867217053,0.9969341533421628,0.04697855967845514,17.271156038964147,0.609152597996059,-1.1726280030804372,0.9922957075744681,0.05312067680105481,0.0293469420899082,0.15709812921840152,0.16369122956545024,0.014185715404414495,nan,nan,nan,0.9883157645953043,-1.0206531639329464,3.0,0.18726024331496216,15.0,3.3333333333333335,20.0,-3.3333333333333335,1.3469247676825677,1.6059807139027997
31.05,17.219746068608394,0.4129132351744007,-1.180405243761786,0.9958032535416947,0.05619237799817339,17.257828617823193,0.5168053285617557,-1.170894454146572,0.9949670239228824,0.05820593462268502,0.029378872371638998,0.15117048640641156,0.1571131363530599,0.014380735115280919,16.926006275542232,0.0008797443593613896,1.718249484426203,0.9883157645953043,-1.0206531639329464,3.0,0.18726024331496216,15.0,3.3333333333333335,20.0,-3.3333333333333335,1.3469247676825677,1.6059807139027997
31.1,17.242282877851824,0.3576562628505754,-1.1765954853354617,0.9934383992699509,0.06930880091245023,17.275786015888784,0.4813622479466949,-1.165555947225165,0.9931132609772082,0.04691636345004073,0.029115569832960198,0.15257230431959545,0.15880957637695994,0.014022597873105615,nan,nan,nan,0.9828456892254528,-0.9854027754219465,3.0,0.11634609139560803,15.0,3.3333333333333335,20.0,-3.3333333333333335,1.2860394091772367,1.6149987118417504
31.151000000000003,17.257350509484404,0.32092607093894593,-1.173608883096607,0.9919508633025487,0.07774092919589651,17.29860540587408,0.4263261603108169,-1.1619793863976404,0.9909507691630051,0.08266215577810905,0.029195351939861724,0.15467119692879255,0.16134194788337328,0.013779436684087197,nan,nan,nan,0.9831942409231821,-0.9819637718168344,3.0,0.10944616147904385,15.0,3.3333333333333335,20.0,-3.3333333333333335,1.2873699136736565,1.621498285081483
31.200000000000003,17.27247010059999,0.2842749533531481,-1.17032233004666,0.9906769873026764,0.08452426564003815,17.31438752516034,0.389978397283839,-1.1587907624270755,0.989806418622259,0.08175686262021194,0.029194635442855516,0.15607817011875327,0.16302270061101692,0.014059624599838432,nan,nan,nan,0.9824957722835845,-0.9745999117244544,3.0,0.094680020885755,15.0,3.3333333333333335,20.0,-3.3333333333333335,1.2953128370249634,1.6140802671116339
31.251,17.295275313216795,0.2294429333202671,-1.164953425013903,0.9890594882829509,0.09290163634172606,17.32090993892097,0.25806040334613,-1.155065945634586,0.9926562968824633,0.07225343515963197,0.029218771688577075,0.15102010269463298,0.15739443396615638,0.014571315603316405,17.08014122379818,-0.43948580700761075,2.59963218504819,0.9822352206877003,-0.9700177356878108,3.0,0.08549705849857392,15.0,3.3333333333333335,20.0,-3.3333333333333335,1.2924107554042756,1.6179708064828915
31.3,17.31057698814874,0.1929985387148995,-1.1610545319813996,0.9872396454990721,0.10124694160373124,17.334598278363675,0.22065312041868143,-1.1539203824256636,0.9897379215310733,0.10575865075871696,0.02947556682716056,0.15242766238691643,0.1590882693522129,0.014125353292888155,nan,nan,nan,0.97546152755553,-0.9330772501382124,3.0,0.01156419314445345,15.0,3.3333333333333335,20.0,-3.3333333333333335,1.2061630279006303,1.641192714174001
31.35,17.333672772451234,0.13857510606510082,-1.1544925764092364,0.9839610715065096,0.11449884676813808,17.358724111386753,0.16647537212234836,-1.1468878625038108,0.9860283827683839,0.1320975223147241,0.029478453179292402,0.15456723129634858,0.16162242133614002,0.014422529304151235,nan,nan,nan,0.974438154571397,-0.9273304654726714,3.0,7.04949421486134e-05,15.0,3.3333333333333335,20.0,-3.3333333333333335,1.2114831805989401,1.6357782579324294
31.400000000000002,17.349185362040384,0.1024465342190976,-1.14974814357195,0.982272136369893,0.12074285338974629,17.374977106884295,0.13055922213312318,-1.142370778685085,0.9842193918733954,0.12486457374539098,0.029476899107321732,0.15598328342855014,0.16329935070838114,0.014618938918015583,nan,nan,nan,0.9745345820068271,-0.9207275686243502,3.0,-0.01313548761718919,15.0,3.3333333333333335,20.0,-3.3333333333333335,1.22719011480081,1.6313868286076927
31.450000000000003,17.372669026006598,0.048460165539766294,-1.142236666376907,0.980353484991171,0.12827533247086848,17.385562117965836,0.024575506387511672,-1.1360416975394614,0.9850511932452866,0.11305787149317419,0.02954725409990776,0.1507967387833995,0.1574770068648617,0.014325602747390323,17.20837200350157,-0.4459067731262267,1.1790550163862612,0.9745892147651574,-0.9164542521156411,3.0,-0.021682781212690294,15.0,3.3333333333333335,20.0,-3.3333333333333335,1.2262214871460368,1.6377324231440304
31.501,17.396440416867424,-0.005259931323499535,-1.1341949490830068,0.9777176900033571,0.13888903933751942,17.402205788630514,-0.011108812141474286,-1.1302604748373435,0.9824307834633457,0.1247920137094416,0.02954821582220971,0.15224451189291704,0.15917071792034623,0.014522810456103414,nan,nan,nan,0.969618450558126,-0.8889115784734686,3.0,-0.07680500179482408,15.0,3.3333333333333335,20.0,-3.3333333333333335,1.1672035199920932,1.6542718964721672
31.552000000000003,17.412454427642892,-0.040902199579098734,-1.1284792774402086,0.9761520053350999,0.14509467376347973,17.42763977598081,-0.06421181420901897,-1.1214466764526807,0.9793626936257209,0.13671542327779238,0.02953239790387041,0.15436544591792958,0.16168680518768433,0.014245927056803748,nan,nan,nan,0.9700426266238634,-0.8848703612036874,3.0,-0.0849006563804735,15.0,3.3333333333333335,20.0,-3.3333333333333335,1.1785722551469195,1.653487202693305
31.6,17.428619019232997,-0.07641911415742729,-1.1225528181975428,0.975014800453258,0.14973381898524846,17.44468768829282,-0.09946734927327282,-1.11544583683159,0.9780805192700354,0.17421771349919382,0.029537870622068894,0.15579103149876433,0.1633562339131139,0.014443820065739976,nan,nan,nan,0.9707834593051105,-0.8791248766057262,3.0,-0.09641526774076281,15.0,3.3333333333333335,20.0,-3.3333333333333335,1.1940396273090659,1.6526341238391364
31.650000000000002,17.453180658945943,-0.1294811808716718,-1.1134161763207697,0.9739207227715372,0.15338408067985024,17.500557586166273,-0.09403286066488956,-1.1052764187551931,0.9737833502927045,0.15837511870232565,0.02948965088668465,0.15064442606718698,0.15751500834497015,0.014295938513877376,17.829483469051507,0.4752108665669864,1.8418140033793235,0.9713215594486065,-0.8753767880030644,3.0,-0.10393025892970797,15.0,3.3333333333333335,20.0,-3.3333333333333335,1.2150948594953876,1.6393299612813361
31.701,17.478171374765306,-0.18234924307986955,-1.1042964024623312,0.9751410182355056,0.15009099334994283,17.518111251183207,-0.12882104461673222,-1.0986194136698018,0.9752136445490225,0.1513293124321522,0.0294906504549139,0.15210312401145265,0.15920068544421154,0.014438063142892534,nan,nan,nan,0.9788649614932537,-0.899315697844593,3.0,-0.05597364746591493,15.0,3.3333333333333335,20.0,-3.3333333333333335,1.2952611486737964,1.6319049497525686
31.750000000000004,17.49510359693962,-0.2175290146519278,-1.0983597427310834,0.9762415281753191,0.1475090672720831,17.54361210000152,-0.18149837951620967,-1.09215564952284,0.9770638012557896,0.11061377950357397,0.029618342386677092,0.15424257557404644,0.16170478801133184,0.014144690764233307,nan,nan,nan,0.9795234395695656,-0.8959037204897431,3.0,-0.0628036258234741,15.0,3.3333333333333335,20.0,-3.3333333333333335,1.2968656047663023,1.6314381246013894
31.8,17.51225388558887,-0.25264731039438204,-1.0924932411160744,0.9771495167816543,0.14655413844526394,17.561649780726952,-0.21617970992978874,-1.085675633265888,0.9780166816735314,0.18633704901243933,0.029630398282394336,0.1556801189223559,0.16336632540034207,0.014343022869757185,nan,nan,nan,0.9796977178016246,-0.8903074210160117,3.0,-0.07400934770850887,15.0,3.3333333333333335,20.0,-3.3333333333333335,1.2788519663793154,1.6454130008226417
31.85,17.538383252901113,-0.30519267841822656,-1.0837744319515994,0.9783074266970792,0.14333240152895066,17.517421640350662,-0.323260570936565,-1.0692894149236514,0.9805753110394981,0.13155195889419374,0.0290674412205472,0.15056591176721396,0.15751107438722017,0.014057594129176065,16.678303369037284,-0.8911404548576857,4.4642715705728575,0.9803530673204338,-0.887122841598474,3.0,-0.08038800137631119,15.0,3.3333333333333335,20.0,-3.3333333333333335,1.3143159718746957,1.6123976081093605
31.900000000000002,17.556064397161,-0.3401149607710464,-1.0780492524516765,0.9780666993450021,0.1445910532961549,17.536318101642323,-0.3576195188958109,-1.0642352901253984,0.9795439016341065,0.12556378732613352,0.02906626630567518,0.15203811255914454,0.15918661318062344,0.014256696119954245,nan,nan,nan,0.9732632310629286,-0.8375276051323423,3.0,-0.18001903028140953,15.0,3.3333333333333335,20.0,-3.3333333333333335,1.2093783613636913,1.6532327421625521
31.950000000000003,17.58293803380015,-0.3922529009452883,-1.0691357840640465,0.9769709120316795,0.15107133778646192,17.56719545111002,-0.40781576423747673,-1.051704946087009,0.9784072938946008,0.18101895034993856,0.02884660854092973,0.154199639490635,0.16167369498187972,0.013986224795896373,nan,nan,nan,0.9737952707942779,-0.8348012746364457,3.0,-0.18551723002362852,15.0,3.3333333333333335,20.0,-3.3333333333333335,1.212831004394597,1.6567868796957261
32.0,17.601094802396112,-0.4268591150653084,-1.0630513559728398,0.9767459522495345,0.15192913224473725,17.586671863805826,-0.44176087691490296,-1.04493003524999,0.9783382429629062,0.15689647488952677,0.028844826694772122,0.15565241829494714,0.1633219143041851,0.014185974130016238,nan,nan,nan,0.975987314220607,-0.832117116470506,3.0,-0.19093309765446964,15.0,3.3333333333333335,20.0,-3.3333333333333335,1.2589869163330314,1.6312359818939317
32.050000000000004,17.62871209670623,-0.4785679508607055,-1.053960262259699,0.9768819439422621,0.1513941493103107,17.594614687357964,-0.45428897048363837,-1.041363793278943,0.9753336763202259,0.12218887649423338,0.029226858301417486,0.15056153339873588,0.15745439092667052,0.013920329776983282,17.429815849268415,-0.07915661256291667,0.6772839313256396,0.9769371785128782,-0.8297463011219519,3.0,-0.19571903510428124,15.0,3.3333333333333335,20.0,-3.3333333333333335,1.2586914423229065,1.6391780391280224
32.1,17.647384914465636,-0.5129117950071281,-1.0478955560234757,0.9772204888113221,0.1519609657941936,17.614362297064584,-0.48794548710859664,-1.0364970280533834,0.9761918392800959,0.12470756230364352,0.029227101285924997,0.15204608816770182,0.15911902515763196,0.014120709658351214,nan,nan,nan,0.977571359281611,-0.829170548970373,3.0,-0.19688163240381185,15.0,3.3333333333333335,20.0,-3.3333333333333335,1.2553038367749623,1.6567069752809944
32.15,17.67579762489487,-0.5642458279538722,-1.0387333257566171,0.9779219993511725,0.15303168339118606,17.644346053957076,-0.5382868449942605,-1.02751237649283,0.9773345086613503,0.15499053133072996,0.02923252200193321,0.15425959929414657,0.16159799174542833,0.014418557644167726,nan,nan,nan,0.9781344347400166,-0.8269942023115964,3.0,-0.20127745461349056,15.0,3.3333333333333335,20.0,-3.3333333333333335,1.2602881061201714,1.6537000685357444
32.2,17.695008435570603,-0.5983457274111109,-1.0326250398733896,0.97843077992513,0.1520956324676292,17.661530168043928,-0.5733044033077809,-1.0258041104362525,0.978153334653027,0.12559375881733287,0.02953902100010368,0.155690872313181,0.16322936323702955,0.014054999513780298,nan,nan,nan,0.9793460411955023,-0.8239174321613887,3.0,-0.207495263830896,15.0,3.3333333333333335,20.0,-3.3333333333333335,1.2833763342584414,1.6368742266646228
32.25,17.724227943282802,-0.6493078710934457,-1.0235456993354737,0.9790530056846919,0.15135510178139958,17.692109833417746,-0.6234207092465816,-1.0172635085282495,0.9790585463212627,0.13708967520974807,0.029541802746203903,0.15787251465422533,0.16566669157412334,0.014353720333634258,17.798842766480295,-1.5057684709125967,2.843276067780989,0.9789635118853058,-0.8203258375148614,3.0,-0.2147585075495262,15.0,3.3333333333333335,20.0,-3.3333333333333335,1.265043087023959,1.649763165939921
32.300000000000004,17.743973033252622,-0.6831500885843343,-1.017496141123649,0.979443096336789,0.15088609047698315,17.727855170569292,-0.7446925495699249,-1.0114757054943468,0.9852434434127729,0.14419706735681903,0.02953795035233255,0.15198156157206597,0.15887612812890609,0.013993933863786286,nan,nan,nan,0.9801245645785853,-0.8175555946029907,3.0,-0.22036455881375216,15.0,3.3333333333333335,20.0,-3.3333333333333335,1.2805639953336854,1.640773343286572
32.35,17.773980335664344,-0.7336983503376477,-1.0084493407230064,0.9791591008492532,0.15146957632536048,17.75577838876941,-0.7965841756565621,-1.0061716652749806,0.9839180040125739,0.1570278070213023,0.029918478149425734,0.1541803548247883,0.16133042785362078,0.013753154651183177,nan,nan,nan,0.9768304745715017,-0.7957928200715838,3.0,-0.2645313932865214,15.0,3.3333333333333335,20.0,-3.3333333333333335,1.2358438446079039,1.6404490221898727
32.401,17.804418025178066,-0.7839300438379512,-0.999307530714099,0.978348519090452,0.15273856324539006,17.77688444191921,-0.829791297948208,-1.0004461862273777,0.9829495311963352,0.13550502494492705,0.029916023114917197,0.15565480473839374,0.16295831758685944,0.014040146521833375,nan,nan,nan,0.9770405826953665,-0.7914727364828569,3.0,-0.27332779437840893,15.0,3.3333333333333335,20.0,-3.3333333333333335,1.2440255447729094,1.6375612500192946
32.451,17.824952678672897,-0.8172476175731862,-0.9931779418843949,0.9781185698145413,0.15353287975593877,17.808868903536613,-0.8793134777047679,-0.9907812741638948,0.9819616798742126,0.1667402338078346,0.02992216829280221,0.1578527561648427,0.16537821765498675,0.014338544784245011,nan,nan,nan,0.9779338758443347,-0.7899811896138657,3.0,-0.27636722523355584,15.0,3.3333333333333335,20.0,-3.3333333333333335,1.2455752746559243,1.645732058993711
32.5,17.856132702601144,-0.8669879671211065,-0.9839980345859192,0.9782974257600803,0.15196838576462784,17.821299876885654,-0.8041982005055306,-0.982755545183092,0.9750685750417326,0.13158548771034081,0.02977531400818269,0.151850721626349,0.15847608325386778,0.013967007458507708,17.779258126721345,0.17999418330260686,4.172398050133954,0.9795016821432183,-0.7879575409856999,3.0,-0.28049296379357047,15.0,3.3333333333333335,20.0,-3.3333333333333335,1.2761419041233204,1.6304149683966116
32.552,17.877192526848493,-0.9000279122601382,-0.9780347109000376,0.9800097724568733,0.14706236909676002,17.853928687094214,-0.852807731269021,-0.9733688023655033,0.977986657061271,0.14961790072027312,0.02978064139517482,0.15409743824379088,0.16091908758122356,0.014266373847054056,nan,nan,nan,0.9859669724786653,-0.8150297458812208,3.0,-0.22547901879479548,15.0,3.3333333333333335,20.0,-3.3333333333333335,1.3501383008551868,1.6289186183705202
32.6,17.89849267393455,-0.9330023006104662,-0.972285210556637,0.9818013351675884,0.14148067463060726,17.876344462217737,-0.884943870714825,-0.967502955627058,0.9802512628020053,0.13423852269840716,0.029742967062801585,0.1555555468550726,0.16252561515216868,0.01390770370315182,nan,nan,nan,0.9872510246053348,-0.8135178889121788,3.0,-0.2285416890860419,15.0,3.3333333333333335,20.0,-3.3333333333333335,1.3693206454428843,1.6116488841391654
32.65,17.93087625246231,-0.9823277400332618,-0.9640859041722399,0.9841263195980338,0.13350075840104,17.90988813010194,-0.9333288288812657,-0.9593473794446421,0.9831358966748783,0.11434129432383801,0.029742842596879298,0.157773838296307,0.16492718626916142,0.014207909906478236,nan,nan,nan,0.9880653718458764,-0.8128521022719356,3.0,-0.22989075265470538,15.0,3.3333333333333335,20.0,-3.3333333333333335,1.3702314621673914,1.6108095315201094
32.701,17.95274219002001,-1.0151128851742661,-0.9588561032679624,0.9854550392362288,0.12913829952417938,17.932502664262035,-0.9655217643450269,-0.9549312067481995,0.9847677745775875,0.11812774532943827,0.029744240173639795,0.15924376690188163,0.16651357865055086,0.014406248716621594,19.02141020004432,-0.43366889220900817,5.353843872182754,0.9891299925696431,-0.8117685357224286,3.0,-0.23208679324720727,15.0,3.3333333333333335,20.0,-3.3333333333333335,1.3721997972438007,1.6089554088346703
32.75,17.985935697717924,-1.0641335414967665,-0.9513144603547125,0.9871649577815906,0.12318603200166456,18.061360600823473,-0.9688579474191258,-0.95048906359394,0.9877956179234125,0.09476025769497678,0.029933747427442783,0.15393402716148277,0.16036673840145316,0.014140047734723625,nan,nan,nan,0.9896833754380387,-0.8111646437652793,3.0,-0.2333109271973881,15.0,3.3333333333333335,20.0,-3.3333333333333335,1.3785908462619132,1.6023181204602512
32.800000000000004,18.019591844935167,-1.1129847956807892,-0.9443301389832545,0.9896854636776637,0.10989709312918561,18.084367723203975,-1.0010064585245875,-0.945992900720512,0.9898946765771657,0.11619258340899527,0.02993896351517086,0.15543472257726446,0.16197243605645034,0.014338985067933945,nan,nan,nan,0.9960233446965784,-0.8612781479707333,3.0,-0.13222628779269696,15.0,3.3333333333333335,20.0,-3.3333333333333335,1.4715644538993826,1.5512108852823812
32.851,18.042287986415104,-1.1454808917549215,-0.9401958359836902,0.991343181932109,0.099499664588953,18.118330966998094,-1.049688186359037,-0.9399635250940497,0.9924841920041954,0.10000003250662468,0.030035639149294913,0.15763863160914668,0.1643499682755349,0.014085320078175957,nan,nan,nan,0.9963765440429478,-0.8608383786707707,3.0,-0.13310969655157256,15.0,3.3333333333333335,20.0,-3.3333333333333335,1.4842197736721023,1.535402708983988
32.9,18.06517562167722,-1.1779145581668231,-0.9364439333729971,0.9927290545929768,0.09052875499426145,18.141796838645295,-1.0817274746730368,-0.9363952421441559,0.9938123905692047,0.05504136366547062,0.030031404189099227,0.15911833549792329,0.16592715562582314,0.01428475168331516,18.540221670389144,-0.9798455616477355,0.6120329480570359,0.9967905241990513,-0.8598237214887182,3.0,-0.13514813821694682,15.0,3.3333333333333335,20.0,-3.3333333333333335,1.4827406090503272,1.532634827786933
32.95,18.09983540397697,-1.2264415432967448,-0.9313817695640069,0.9944180540497977,0.08073996312579654,18.21443056027469,-1.1214794971517572,-0.9300188950655174,0.9963473304234555,0.06699748928989274,0.02989001103738293,0.15384057551241773,0.15985035457838898,0.014033796677477828,nan,nan,nan,0.9970526414997065,-0.8595993117876629,3.0,-0.13559901388758622,15.0,3.3333333333333335,20.0,-3.3333333333333335,1.4685245355509227,1.545122028917501
33.001000000000005,18.123142958391377,-1.2587118984585624,-0.9283240238192106,0.9954414144035807,0.07314353882884943,18.23827599939466,-1.1534242577712333,-0.9273823568578706,0.9972665065866168,0.07236990057896621,0.029892204574208454,0.1553503097233102,0.16144717968433395,0.0142337145494311,nan,nan,nan,0.9985771195859314,-0.8766668946605493,3.0,-0.10134325007130363,15.0,3.3333333333333335,20.0,-3.3333333333333335,1.510550705685083,1.5077850287015981
33.050000000000004,18.15837797925611,-1.307006548352885,-0.9243698294328268,0.9967920586982888,0.06088279649325651,18.27125647737744,-1.2031265512294458,-0.927186858862057,0.998394934160359,0.03834926529972346,0.030204584723869467,0.15756754248459298,0.163812349196493,0.013980098361011929,nan,nan,nan,0.9987119574118226,-0.8766217581194204,3.0,-0.10143375514701258,15.0,3.3333333333333335,20.0,-3.3333333333333335,1.5155293275012858,1.5011991224743737
33.101,18.193904934542847,-1.355170599482317,-0.9210285311876621,0.9977857325766708,0.05262439659145941,18.295250688461564,-1.2350569168824987,-0.9241526093133081,0.9989164221331488,0.05626050645295297,0.030208226666263313,0.15905378047531363,0.16538282083689254,0.014180497518168545,nan,nan,nan,0.9986337623108081,-0.8749078209311815,3.0,-0.10487074883571434,15.0,3.3333333333333335,20.0,-3.3333333333333335,1.4973827759021006,1.5153471870551678
33.15,18.217731941536606,-1.3872100221427472,-0.9190560306205511,0.9983246659886212,0.047260461680861135,18.350740921662855,-1.2362420764747852,-0.9254092339721995,0.997941735065854,0.03684859206979382,0.03063623825130957,0.15366514748728927,0.1592377503504369,0.013929330260236088,18.59661332585014,-0.7376054344183602,1.2610993046548091,0.9987886320866185,-0.8749263447562804,3.0,-0.10483359936024783,15.0,3.3333333333333335,20.0,-3.3333333333333335,1.5087139543010708,1.5036833150555813
33.2,18.24166210897333,-1.4192005751323429,-0.9173179760838297,0.998958255744809,0.040771794370688855,18.37475768925141,-1.2681367017569658,-0.9241088070607648,0.998748089565458,0.04831219402806368,0.030638431141150446,0.15517805018840353,0.16083027744050127,0.014130200334431485,nan,nan,nan,0.9995887355704656,-0.8967284870375439,3.0,-0.06115250855458765,15.0,3.3333333333333335,20.0,-3.3333333333333335,1.5363263825218474,1.4854755293851145
33.25,18.277735443180386,-1.4671115094695835,-0.9152288008053338,0.9998389887925476,0.030604964855537792,18.403376680313134,-1.3208172883726919,-0.9312564871878489,0.9997241347819592,0.035456879047942806,0.03143886000210521,0.15739913502831648,0.16319228409808206,0.01388936809526521,nan,nan,nan,0.9996262298113029,-0.8967667707414338,3.0,-0.06107586965305156,15.0,3.3333333333333335,20.0,-3.3333333333333335,1.5417455483323577,1.4779811021462288
33.300000000000004,18.30188721616614,-1.499004568338776,-0.914133250255157,1.000231695269433,0.026013506568077948,18.427240228300935,-1.3529106072289887,-0.9315882887391229,1.000103881672734,0.006437320279861708,0.03143521423250227,0.15888553744871553,0.16476297790084254,0.014090614868259521,nan,nan,nan,0.9992457586801202,-0.892414856112868,3.0,-0.06978902877310844,15.0,3.3333333333333335,20.0,-3.3333333333333335,1.5161623394752461,1.4975693458509132
33.35,18.33824212398621,-1.5467741529646502,-0.9127345135809274,1.00061412222875,0.02142860979872701,18.523444361054448,-1.3399790994779477,-0.9310573533197345,0.9997184716012668,-0.014813561789369094,0.031418677126987676,0.15339318849599365,0.15857072155603336,0.013837403367615164,19.149438443376873,-0.7230336364997204,3.3717571202513135,0.9992604002434712,-0.8922875936967546,3.0,-0.07004386465471679,15.0,3.3333333333333335,20.0,-3.3333333333333335,1.5161565348106683,1.4959874770890011
33.4,18.36255156974004,-1.578581172691244,-0.9120007436335865,1.0009342571221689,0.01567919183486049,18.547318095115475,-1.3720657795146682,-0.930152934872834,1.0002487225721473,0.02988723321619009,0.03142500437864665,0.15490511887745784,0.1601642830094701,0.01403912006105678,nan,nan,nan,0.9999934414885167,-0.9346790983832032,3.0,0.014768029156789986,15.0,3.3333333333333335,20.0,-3.3333333333333335,1.5625551770506916,1.4571368175673922
33.45,18.3991095629416,-1.6262520998268706,-0.9114538577412828,1.0014099992100172,0.00405627101744139,18.582148400337783,-1.4208865771326402,-0.9304331285251863,1.0008814796132648,0.007738960476571455,0.03154131613152413,0.1571277243371043,0.16252731370118043,0.01379643685875628,nan,nan,nan,0.9999901002915035,-0.934602592124926,3.0,0.014615008383578765,15.0,3.3333333333333335,20.0,-3.3333333333333335,1.5808844048757118,1.4371771762495738
33.5,18.423531199050476,-1.6580108770195603,-0.9114679706776817,1.001629057914107,-0.002666656405831967,18.606075110412394,-1.452989079168642,-0.9296671046155311,1.0011765432231399,0.01396582693286782,0.031543335240057625,0.1586148650788038,0.1640990253724238,0.013998530889927079,nan,nan,nan,0.9999940301772541,-0.9338885094551995,3.0,0.013186773990641942,15.0,3.3333333333333335,20.0,-3.3333333333333335,1.5695953558844562,1.44655502060695
33.550000000000004,18.460216619107932,-1.705624965806395,-0.9119210618320358,1.001870676231868,-0.010965638906346008,18.6392568226325,-1.5196233450965604,-0.9329373946967916,1.0024230541354884,-0.05541572451963792,0.03181501332275271,0.15316169527520795,0.15800510134595497,0.013756694718143734,18.613034872514213,-1.6572214947632435,0.10802553562908403,0.9999913416336756,-0.9338284454616739,3.0,0.01306664082872988,15.0,3.3333333333333335,20.0,-3.3333333333333335,1.5726828694558652,1.4425015478564716
33.601,18.49694095569147,-1.7532208694099014,-0.9127059007517916,1.0019548316933855,-0.013251833762338067,18.66311434591165,-1.5518499014260998,-0.9343054121120041,1.002401177588101,-0.018671436982736603,0.03181906847114687,0.15467377256545678,0.15960147808389252,0.013959155638635841,nan,nan,nan,0.9999830262814053,-0.9271109435277308,3.0,-0.0003685489519362761,15.0,3.3333333333333335,20.0,-3.3333333333333335,1.5279554003353966,1.4833009604553082
33.65,18.521433199392984,-1.7849456964225898,-0.9132646074057197,1.0019722447938864,-0.014556678220399955,18.698842575097434,-1.6002309741373402,-0.9354377616991005,1.002370039113032,-0.018630753879168672,0.031819146142533665,0.1569243152456326,0.16198225839522568,0.014259993935638279,nan,nan,nan,0.9999732131199074,-0.9269859859482997,3.0,-0.0006184641263389246,15.0,3.3333333333333335,20.0,-3.3333333333333335,1.5403099192201875,1.4708121685561457
33.7,18.558171146843044,-1.8325345782124849,-0.9142103257407828,1.0019900355106697,-0.0165444327591309,18.7282584456005,-1.6286692463447574,-0.9282937286366283,1.002345989693096,-0.004674244629463617,0.031218638712722836,0.15838474684835954,0.1635440416826941,0.01391603574144833,nan,nan,nan,0.9999623741076908,-0.9267629558496476,3.0,-0.0010645244044571456,15.0,3.3333333333333335,20.0,-3.3333333333333335,1.538192909640519,1.4728154996093639
33.75,18.582656064436076,-1.8642667262048809,-0.9149489261491566,1.0020038313765343,-0.01976986972192108,18.76426067175213,-1.6768429406256997,-0.9304305957565138,1.0023254001668005,-0.0330525988446969,0.031215365816710278,0.1605989604956521,0.16588823635188968,0.014217427426488528,18.40545354144516,-2.3276976606609825,2.006037933479462,0.9999985480438921,-0.9299978157584098,3.0,0.00540520867354477,15.0,3.3333333333333335,20.0,-3.3333333333333335,1.559474455652741,1.4517781184369
33.800000000000004,18.619362922325543,-1.911881976298887,-0.9162465038482293,1.002019685088324,-0.022505903175788745,18.758814207802555,-1.7713667068444627,-0.9318383610930079,1.0043232860621993,-0.0063720441373025065,0.03128751141987499,0.1543509175675701,0.15899447735342698,0.01387434633941413,nan,nan,nan,0.9999998828732343,-0.9299465983018302,3.0,0.005302773026283791,15.0,3.3333333333333335,20.0,-3.3333333333333335,1.5448166527870555,1.4663920926473426
33.852000000000004,18.643814081372426,-1.9436356827071142,-0.9171032762289504,1.001815385824743,-0.02034679463297979,18.79473994345655,-1.8197325599604752,-0.9325490041963373,1.0036794497467847,-0.021867811792387757,0.03128569965691499,0.15660342577384398,0.16137729732938175,0.014176288886131434,nan,nan,nan,0.9994719183308215,-0.8993382640439332,3.0,-0.05576865786463436,15.0,3.3333333333333335,20.0,-3.3333333333333335,1.5020725324573823,1.498676828305419
33.9,18.68044927191515,-1.991277325026645,-0.9181693482140315,1.0015196269302633,-0.01583419978147794,18.81689827693026,-1.8531931437071971,-0.9358718439727332,1.0032676545757468,-0.03548067322509658,0.03147378445512666,0.1580641979961344,0.1629429949440881,0.013842233078253819,nan,nan,nan,0.9994143728338872,-0.8983237405770763,3.0,-0.05604758121104636,15.0,3.3333333333333335,20.0,-3.3333333333333335,1.4937443588734634,1.5082630211923194
33.95,18.70484516612872,-2.023048750021458,-0.91870835121877,1.0013556423558092,-0.011971619600765954,18.85257264277743,-1.9016654916368934,-0.9369538497284421,1.002731776212699,-0.014990420896762193,0.03147531892460802,0.1602768428685955,0.16529409056628608,0.014144601625275298,nan,nan,nan,0.9992239177939858,-0.8964717777107039,3.0,-0.058397264680110084,15.0,3.3333333333333335,20.0,-3.3333333333333335,1.4800950485267368,1.5214224085826853
34.0,18.74139966602493,-2.0707224767116137,-0.9192578887622425,1.0011613982129055,-0.007430319882398879,18.875342425153057,-1.9772913265158987,-0.9350983769974501,1.0047140334996378,-0.008429532485519869,0.03123821021753547,0.15394631959745916,0.15835301736888271,0.01379702900591327,18.79719936085137,-2.373457729912481,0.7660158885046565,0.9991269548165758,-0.8951645628798619,3.0,-0.058941180760190726,15.0,3.3333333333333335,20.0,-3.3333333333333335,1.484824377148332,1.5173450899697511
34.050000000000004,18.765742898492615,-2.1025108381921314,-0.9194523401177791,1.0008022172137578,-0.0031768550557806524,18.911112841132727,-2.025790299839746,-0.9358780002133251,1.0036270015139213,-0.009667085782030786,0.031237022481790826,0.1561983329915308,0.1607407173307646,0.014099978305744413,nan,nan,nan,0.9983932438711831,-0.878402934661838,3.0,-0.08610085578709326,15.0,3.3333333333333335,20.0,-3.3333333333333335,1.458741592075278,1.5312990150521553
34.1,18.790064096136376,-2.1342975708190983,-0.9194719862961422,1.0004690771128286,0.0,18.941040085508373,-2.0538083923169297,-0.9276814255338386,1.0029607348381993,0.015192867072928596,0.030559960807225475,0.15766146773638814,0.1623088272818117,0.013761910960345968,nan,nan,nan,0.9982310243509981,-0.8763885483587841,3.0,-0.08658390699766638,15.0,3.3333333333333335,20.0,-3.3333333333333335,1.4546054272973583,1.537129815986777
34.15,18.826515610776177,-2.1819778272452166,-0.9192523780716708,1.000208257444004,0.004396138264742094,18.97714469133555,-2.101932205442047,-0.9268527429833454,1.0022852396337125,-0.0025123967427027466,0.030557803012306865,0.15987926573820477,0.16466136083232746,0.014065315198090268,nan,nan,nan,0.9988365879141882,-0.8794395817927033,3.0,-0.07945296698345983,15.0,3.3333333333333335,20.0,-3.3333333333333335,1.484496386236823,1.5138724067394675
34.202000000000005,18.862947238337952,-2.2296637333529996,-0.9189241340632022,1.0001293544440804,0.006454321456833112,19.00121118439642,-2.133992830656189,-0.9269213283043441,1.0019939605441748,0.0005343564779573002,0.03055777478836577,0.1613463978929348,0.16621808476154976,0.014265688207907043,18.979705509059393,-3.210012721720537,4.1735786077957515,0.9987896717228415,-0.8776476110339428,3.0,-0.07944357019678883,15.0,3.3333333333333335,20.0,-3.3333333333333335,1.4764616229488507,1.523383770448297
34.251000000000005,18.88723041987705,-2.2614554077359137,-0.918626903654737,1.0000960106558794,0.008009925695896319,19.03549814398894,-2.294509210770929,-0.9358675797307273,1.0068084710786347,0.029974991655624474,0.031421035016389896,0.15573527218006297,0.160067400658045,0.014017942461219337,nan,nan,nan,0.998723245663124,-0.8763836965232706,3.0,-0.07942675087657669,15.0,3.3333333333333335,20.0,-3.3333333333333335,1.4755184980612117,1.5245061187969535
34.300000000000004,18.91150700988329,-2.2932334561824153,-0.9181793023560978,0.9992632274660622,0.014797067450540269,19.05937353176307,-2.3269120867428366,-0.9368352024107701,1.0045397061244137,-0.02604347673416841,0.03141240152821255,0.15722708879010555,0.16165213031854955,0.014218694690568499,nan,nan,nan,0.9935785799561162,-0.8224805939194999,3.0,-0.14830701127140689,15.0,3.3333333333333335,20.0,-3.3333333333333335,1.3643622147839507,1.5794792593261329
34.35,18.947878846913454,-2.3408133076580455,-0.9167247454339038,0.9974198698419773,0.03149779594901126,19.100646231924504,-2.371432103600367,-0.9274490696258164,1.0017182345151006,0.05338796418041967,0.0308254902422976,0.15942023767997301,0.16399655704572566,0.01398092375018888,nan,nan,nan,0.9930862999901283,-0.8191773826839324,3.0,-0.14864842663524502,15.0,3.3333333333333335,20.0,-3.3333333333333335,1.3361145444824531,1.610035443680569
34.400000000000006,18.97211298325824,-2.3724800805842916,-0.91525290493335,0.9966483633823,0.0388617323939983,19.124680344493104,-2.4034774734071207,-0.925975315849002,1.0005600982215557,0.05790835897238093,0.03082521992065924,0.16088914887545613,0.16555662306444857,0.014181975831039445,19.11264507573197,-1.7308359111584095,1.6311478376802424,0.9941241343224823,-0.8189905152323821,3.0,-0.14234227662061727,15.0,3.3333333333333335,20.0,-3.3333333333333335,1.38932414486463,1.5731866808747996
34.45,19.00847993329728,-2.4199171866778575,-0.9126855567465227,0.9959164851713492,0.045484094167549866,19.15732700077615,-2.382974151505492,-0.9192739826151586,0.9958172871591046,0.03240303155449301,0.0305349336346671,0.15535117243960228,0.15950236759515676,0.013944510726591466,nan,nan,nan,0.9939148267640701,-0.8156000031583909,3.0,-0.14234220844978962,15.0,3.3333333333333335,20.0,-3.3333333333333335,1.388441634728279,1.5755418829233157
34.5,19.032754076058534,-2.451505483860956,-0.9108199320660277,0.9961248102039637,0.046388401439690065,19.18150542183133,-2.4146376420301303,-0.916611779377742,0.9964696661905713,0.058760047934931774,0.030538776862453515,0.15685016475204028,0.1610865265895812,0.014145863189293808,nan,nan,nan,0.9972713956726902,-0.845384252459149,3.0,-0.10392289028237567,15.0,3.3333333333333335,20.0,-3.3333333333333335,1.4531456898015065,1.5519323496286093
34.550000000000004,19.069259033326574,-2.4988687803971383,-0.9081061740737264,0.9969381196064475,0.04415445718445516,19.220979575629084,-2.4598677724685754,-0.9090989487613067,0.9972537486481188,0.05670879368974542,0.030208775220959223,0.15905605401010753,0.16343075410823946,0.01390395540402498,nan,nan,nan,0.9972929286237824,-0.843014311605412,3.0,-0.1035782477530156,15.0,3.3333333333333335,20.0,-3.3333333333333335,1.4628869303621996,1.540447164611636
34.6,19.1058832979607,-2.5461934049053827,-0.9055652892471848,0.9975942616755391,0.04094661015548424,19.245505584360995,-2.4913334640076337,-0.9076228716408354,0.9977221035737384,0.037703267037332934,0.03020677579591697,0.16053409849249844,0.16498999058365987,0.014102810193325132,nan,nan,nan,0.9977824054819467,-0.8424894205540511,3.0,-0.09913700297787864,15.0,3.3333333333333335,20.0,-3.3333333333333335,1.4730078800278934,1.5319113942603273
34.650000000000006,19.130367447225264,-2.5777152854814624,-0.9039555148268952,0.9979366477041559,0.03995906135185847,19.181873064510732,-2.5166246656470355,-0.912081204655289,0.9933548640696525,0.0367600334088932,0.030766432090916458,0.15492893215693151,0.15888178994407764,0.013934183525006501,18.25368734815792,-2.324665353243432,3.7628204861724166,0.9977248643427301,-0.8401543769473417,3.0,-0.09839561091578464,15.0,3.3333333333333335,20.0,-3.3333333333333335,1.462847507754845,1.5402070277148583
34.702000000000005,19.154902617104515,-2.6092028362572006,-0.9022734551068295,0.9977500790729923,0.04520530380118908,19.206206765043326,-2.5480368861114466,-0.9102365096430498,0.9934190595613609,0.05459538527130635,0.030767642325967234,0.15643419275654627,0.16046679937691383,0.014135152139601396,nan,nan,nan,0.9918764485715776,-0.7845306343049723,3.0,-0.16447634777963538,15.0,3.3333333333333335,20.0,-3.3333333333333335,1.3548903995961015,1.6145262391328388
34.75,19.191780047776742,-2.6563276662587754,-0.8991195578026221,0.9969520986008609,0.05728800001354998,19.243482254762874,-2.594587255188021,-0.9066778318490258,0.9934245883816224,0.05431885274531209,0.030693164092240505,0.15864978427494014,0.1628141063470853,0.013893902008210548,nan,nan,nan,0.9915334660057017,-0.7800174014121366,3.0,-0.16385671963220716,15.0,3.3333333333333335,20.0,-3.3333333333333335,1.355860964749125,1.6105363275200315
34.800000000000004,19.21641826322933,-2.6876690958127147,-0.8966587601053787,0.9964225096119999,0.06402868232187718,19.267988673985304,-2.625866324201766,-0.90460389422987,0.9933234639923817,0.060160444009766716,0.03069302475694592,0.16013309011317578,0.16437613623641323,0.014095227975291029,nan,nan,nan,0.9911467137722412,-0.7735134176599988,3.0,-0.16196654930251375,15.0,3.3333333333333335,20.0,-3.3333333333333335,1.349061020180297,1.6141251709882296
34.85,19.253467607026828,-2.7345584754180887,-0.8924995151217869,0.9956290294345141,0.0729116468111834,19.40198650126968,-2.7255041633127384,-0.899296209492189,0.9999416557683127,0.06524331686950259,0.030541171335714497,0.15446574227733545,0.15822238329889868,0.013841576646613951,20.272717351427136,-3.1274370605164648,4.250882397804038,0.9907316509036661,-0.7683489740493183,3.0,-0.16112885533281718,15.0,3.3333333333333335,20.0,-3.3333333333333335,1.3445147844981735,1.6155397294709213
34.900000000000006,19.277868117138308,-2.7650342136753365,-0.8880845872202914,0.9467090777005863,0.16221481197225598,19.42630145209171,-2.7560309592837173,-0.8965556286697014,0.9059265612941166,0.15187994897892432,0.030528207559374305,0.15597781027044721,0.15980627189593288,0.014043350312178548,nan,nan,nan,0.4618204880550777,0.1914535409205529,4.0,0.8374626449138083,20.0,-3.3333333333333335,25.0,0.0,-1.94012174392706,1.2012288909585993
34.95,19.310766169455118,-2.8058324311307423,-0.8709776180144325,0.8257300761145876,0.3611431904472355,19.462948990052748,-2.7933967190279994,-0.8764228499488431,0.7899264109058096,0.36876464639573403,0.030059696386499097,0.15820514330671126,0.16215134700312764,0.013800246830739273,nan,nan,nan,0.44943273807582557,0.20811046889845167,4.0,0.7985753073487765,20.0,-3.3333333333333335,25.0,0.0,-1.8383185232650114,1.286518508375023
35.0,19.330587011759608,-2.8301893748018165,-0.8541171155145328,0.7626278022402757,0.4514650496600049,19.48288454001723,-2.8171461432495812,-0.8611631158737665,0.7325253988843783,0.4294964712268662,0.030053224993368623,0.15970220503225224,0.16371305607920983,0.014002329477343008,nan,nan,nan,0.4474344900345535,0.23047888499499727,4.0,0.7471567194572302,20.0,-3.3333333333333335,25.0,0.0,-1.6008033407402567,1.3683018624428323
35.050000000000004,19.35808589399769,-2.863332375365755,-0.8237136529336906,0.6875624357232645,0.5392112407762047,19.530950655267006,-2.837001488172784,-0.8304379884190629,0.6614829305441072,0.5466793852673559,0.029951897970812193,0.15413151359136787,0.15766109818463725,0.013760236584538494,19.717190809519213,-2.7067175954289904,0.2308928861616481,0.44892702833878884,0.24406900626123795,4.0,0.716337750566152,20.0,-3.3333333333333335,25.0,0.0,-1.4961978629276316,1.430365363185393
35.227000000000004,19.366779740758748,-2.873588009095536,-0.8126205101896478,0.6662768635443813,0.559292234995554,19.539876351159307,-2.84676675600172,-0.819704269215911,0.6440797583275358,0.5512324403298631,0.029949671558683767,0.15490769478565525,0.15845812511492482,0.013861628077227212,nan,nan,nan,0.45913664866816295,0.2633352265124659,4.0,0.6731548214177874,20.0,-3.3333333333333335,25.0,0.0,-1.3064099310814878,1.5029679743380342
35.251000000000005,19.439736943389903,-2.9532379306638763,-0.7041536909519395,0.5556928582825967,0.6216905905391852,19.615219207572824,-2.9217757995831555,-0.7149711770202622,0.5462365047018789,0.5879590011656266,0.030035951389947486,0.16200422173574358,0.1655598300417809,0.014220054647956807,19.141560533527194,-3.281706711509395,1.2893930111261946,0.4951321671142332,0.3018429599566738,4.0,0.588470425395884,20.0,-3.3333333333333335,25.0,0.0,-0.9993870476463296,1.6731858318734756
35.300000000000004,19.455462666226055,-2.968618895251365,-0.6792616440555591,0.5443654258385748,0.6230043163822762,19.590672637457825,-2.966966534266895,-0.6887457925462206,0.5381296578454138,0.6046068467240157,0.029901211319924095,0.1557177661793753,0.15871267747394466,0.013877400344698103,nan,nan,nan,0.513207187942929,0.3169076882360582,4.0,0.5558745481568461,20.0,-3.3333333333333335,25.0,0.0,-0.8937949554681454,1.7392082965160838
35.35,19.4792428940647,-2.9905890432290185,-0.6419502569720728,0.533808620910856,0.6211160109213142,19.61571066618334,-2.9870561863415483,-0.6504970334303789,0.5305566099979494,0.6185050553493177,0.029913471535739925,0.15826525181369092,0.16110243273845584,0.014179093430112154,nan,nan,nan,0.5260729353349488,0.32807428814015427,4.0,0.5318895713213438,20.0,-3.3333333333333335,25.0,0.0,-0.8186702782516868,1.7660065443828576
35.400000000000006,19.503482405653877,-3.0114335879361063,-0.604895542062398,0.5297823222230427,0.6150474052460929,19.631926738132158,-3.0004182706289537,-0.6273691936790109,0.5305899695235177,0.5946243339869103,0.030015391076339073,0.15997529177541914,0.16266974259826764,0.013844557871044726,nan,nan,nan,0.5462495246102373,0.3424191515025365,4.0,0.5012853709523477,20.0,-3.3333333333333335,25.0,0.0,-0.7084788490639793,1.8032968812592738
35.45,19.52003007411806,-3.024803716487018,-0.5804099173643766,0.5300231178004222,0.6109978358260514,19.657939983497386,-3.0187979943113965,-0.5904293070534914,0.5324630437288753,0.6061121326935565,0.030025489196356232,0.16261080781372053,0.16501019545348702,0.01414666766632009,nan,nan,nan,0.5576264841773543,0.35190342916132633,4.0,0.481172386496033,20.0,-3.3333333333333335,25.0,0.0,-0.6665236121529632,1.833218735210886
35.5,19.53694354912343,-3.037791481957004,-0.5560970505015443,0.5322889166786469,0.6057980696061331,19.595797596491213,-2.9786361904683183,-0.5714263092829404,0.5262496269671026,0.5926004026041588,0.030469484746809997,0.1562395342947445,0.158079007588857,0.013800146558073644,18.910921879935298,-2.5405087033030407,2.8855233014101156,0.5764428657707926,0.36599821266198806,4.0,0.45144997968766143,20.0,-3.3333333333333335,25.0,0.0,-0.5751812465096595,1.8563998277114524
35.550000000000004,19.563203516246855,-3.056684612832742,-0.5201367231489157,0.5428674363074604,0.5935324317392572,19.622746978480333,-2.9955166968063023,-0.5349837675466675,0.5410181608065069,0.5947120428700342,0.030480318346344945,0.159014260761318,0.16042791696006897,0.014102798063203118,nan,nan,nan,0.6173934731777886,0.3339450727404693,4.0,0.5193370146626615,20.0,-3.3333333333333335,25.0,0.0,-0.36614032958102494,1.9321354294556317
35.6,19.590906029059006,-3.075055701499079,-0.48503043355590947,0.5589225485053202,0.5795167473066357,19.640188353994215,-3.0077138441082316,-0.5136629725355567,0.5541393194559585,0.5734293928160882,0.030693347489800467,0.1608811532521133,0.16196109751915516,0.013914888373604764,nan,nan,nan,0.6351779514188028,0.3475736631932395,4.0,0.49034275691805684,20.0,-3.3333333333333335,25.0,0.0,-0.29744105396883624,1.9395291133120107
35.650000000000006,19.61020378700871,-3.0870065731315184,-0.4620378329457824,0.5696934626757016,0.5721712325686011,19.669661819996143,-3.0238913048655536,-0.47933704568926716,0.5728757957374779,0.5436266609510503,0.030694058287582215,0.16374182304717275,0.16423668887803333,0.014167366853266295,nan,nan,nan,0.6495367972844831,0.361633179429021,4.0,0.4606339657851841,20.0,-3.3333333333333335,25.0,0.0,-0.26595505585166723,1.9490112202758199
35.701,19.63015692893205,-3.0987025370103605,-0.43930101523713083,0.5804453575537072,0.5661988010385853,19.690166384806922,-3.0343972635853493,-0.4561121672163373,0.5852611759990631,0.5491301316817652,0.03070132376345478,0.1656719314518393,0.16572578307292507,0.014366205383965517,19.813061324803243,-3.4656060360166143,0.7207667444570226,0.6596444272995435,0.37111372015482286,4.0,0.44070998413594,20.0,-3.3333333333333335,25.0,0.0,-0.24106001068770677,1.9576011877125485
35.75,19.661291602452767,-3.1157286509423234,-0.40558847756296024,0.5962231781706941,0.5584859139185537,19.737271324031585,-3.0947977226204553,-0.42565795890487523,0.6071916745962902,0.5313521196411324,0.03092979874146096,0.16014025480891753,0.15948994739035088,0.014106970285150114,nan,nan,nan,0.6698141618248769,0.38072567779019845,4.0,0.42059461196678094,20.0,-3.3333333333333335,25.0,0.0,-0.2052279661463685,1.956560071606718
35.800000000000004,19.69374963906755,-3.132030528868579,-0.3722032036626596,0.6080541946668696,0.5553557027907209,19.759522950493906,-3.1047309095092395,-0.40357207333818934,0.6151185914415077,0.5220426732083218,0.030930884110260317,0.1621338359259656,0.16097019046509392,0.014306310437252053,nan,nan,nan,0.665057438225959,0.41756763925896667,4.0,0.3442092732173819,20.0,-3.3333333333333335,25.0,0.0,-0.27344909493382175,1.9301568679053276
35.851,19.716012535875052,-3.1424376786766177,-0.3500169001833753,0.6153435722999337,0.5537229257761863,19.79499138731963,-3.1177171519202234,-0.3680962103018075,0.6267086380196654,0.534449932450975,0.030736199803084965,0.1651348191263307,0.16313162359825936,0.014192029065473956,nan,nan,nan,0.6740162280901818,0.42759209298529083,4.0,0.32360138057787624,20.0,-3.3333333333333335,25.0,0.0,-0.24374042161194387,1.9394404445156037
35.902,19.750354205830313,-3.1573308865355707,-0.31692490979161664,0.6271689498048338,0.5488803218278839,19.818514680684487,-3.1266335702998393,-0.34484554133943307,0.6356720077835956,0.5568141747132369,0.030748818833661595,0.16715144046590324,0.16454870720870893,0.014342163628605183,19.66009663922512,-2.8309382678456387,0.402327826479734,0.6890826060257105,0.4424777517839333,4.0,0.29312182489044336,20.0,-3.3333333333333335,25.0,0.0,-0.17710108396646151,1.9424891016746024
35.952000000000005,19.77389994524611,-3.1667681924176536,-0.2950743560596933,0.6355226744825959,0.5441178596707482,19.836877711936868,-3.107572410713746,-0.3094807883438131,0.6450507211077094,0.54310707128718,0.030544587311061768,0.16150797209100293,0.1583668495458805,0.014085489509790106,nan,nan,nan,0.6986008661590587,0.45251059176485114,4.0,0.27265454090789476,20.0,-3.3333333333333335,25.0,0.0,-0.13194240490370313,1.9380764613142247
36.0,19.797984666622394,-3.17581419555648,-0.2734443669564438,0.645551598830488,0.5376036097690318,19.861619122107804,-3.1153305042434574,-0.28818079229526106,0.6574348467872763,0.5059398075970474,0.03054125944482559,0.16356139135831757,0.1597744909154518,0.014284548059059581,nan,nan,nan,0.725381908908896,0.44972648560909595,4.0,0.2783284073129387,20.0,-3.3333333333333335,25.0,0.0,-0.004359955134167759,1.9697700891100096
36.050000000000004,19.835262178472284,-3.188629662332458,-0.24150348891406168,0.6619509494073157,0.5289358674555693,19.900113982180642,-3.1259655229725944,-0.2562041341857295,0.6744287273681844,0.5384430004880739,0.03050643931252621,0.16663615049619304,0.16183078011396718,0.014024057861888794,nan,nan,nan,0.733174114205967,0.4596377186034632,4.0,0.25814921823133463,20.0,-3.3333333333333335,25.0,0.0,0.004384263146212319,1.9815600142889287
36.1,19.860844907072465,-3.196643249065967,-0.22047204357570288,0.6723721434320362,0.5230778324084818,19.9263563684731,-3.1326896256165115,-0.2352866682228716,0.685441500287098,0.5056532452487087,0.03050427606695621,0.16868806688291782,0.16318088085364535,0.014223656603397559,nan,nan,nan,0.744692186833724,0.4745186770915492,4.0,0.22794724133140176,20.0,-3.3333333333333335,25.0,0.0,0.05569955793868486,1.9628928840170161
36.150000000000006,19.900259238796544,-3.2078145397468667,-0.1893504910382785,0.6871414688050429,0.5156796004826465,19.90358266326736,-3.148554972159637,-0.20554413652897452,0.6938856844305311,0.5226951944614862,0.030615549294202515,0.16268335529202763,0.15698206895080413,0.01396873895203522,19.32248836831898,-3.26069047560907,1.4263412596703737,0.7519620983193351,0.48447615561571333,4.0,0.20779579292152728,20.0,-3.3333333333333335,25.0,0.0,0.06598904560306751,1.9737318417951957
36.2,19.927202597970993,-3.214684941212098,-0.16883843938500417,0.6975940287522693,0.5098671736510366,19.930907826049047,-3.1541081506784483,-0.1851528749344209,0.7064500933919894,0.5017030248026321,0.03061623174591624,0.16474322682685258,0.1583365516323081,0.014165958271673796,nan,nan,nan,0.7710541530532898,0.4847572235967128,4.0,0.20722760540694724,20.0,-3.3333333333333335,25.0,0.0,0.17007106865713428,1.982698927941604
36.252,19.968677734382066,-3.2240979239751506,-0.1385579080420127,0.7137144791464023,0.5010285907801508,19.971333040439664,-3.1640680175237477,-0.16001510587771994,0.723565732126498,0.49827546625724706,0.031012100522004888,0.167814263664475,0.16032024200540673,0.01400021301698071,nan,nan,nan,0.7777590748601332,0.4945506995857789,4.0,0.18744980842897213,20.0,-3.3333333333333335,25.0,0.0,0.18090298762398982,1.9853282615642822
36.300000000000004,20.011302675587626,-3.232386529320623,-0.10871128971980902,0.727663484138576,0.49457108364258734,20.00002616180781,-3.168558656874381,-0.13984641700756395,0.733471124892522,0.5037507143337198,0.031018575792100305,0.16985237681108706,0.1616282520654454,0.01419959652793114,nan,nan,nan,0.7839407870181206,0.5097930450867465,4.0,0.15673882393385324,20.0,-3.3333333333333335,25.0,0.0,0.1888793803944162,1.9730585120134612
36.35,20.040284059164165,-3.2372644305835996,-0.0890195931014353,0.7362034709938914,0.49041093167813277,20.04102758778616,-3.226891272559814,-0.10399199984476136,0.747942319508579,0.4838820293301686,0.030495446384619738,0.1634844458021229,0.1554839106186803,0.013933967070127678,19.93138224036629,-3.7654568717579835,1.30993299791923,0.7903520511720239,0.5195664912494218,4.0,0.13708630608716857,20.0,-3.3333333333333335,25.0,0.0,0.2128449487019347,1.968052282819929
36.400000000000006,20.06966825333974,-3.241603792175476,-0.06945935977520676,0.7434116836309863,0.48795372924755637,20.070868962732813,-3.2298611004474855,-0.0850149728361389,0.7548793516173713,0.46534507810487996,0.03049447098461116,0.1655125149581124,0.15680768455192595,0.014133959574444717,nan,nan,nan,0.7905419397586209,0.5551109016323572,4.0,0.06580713700090234,20.0,-3.3333333333333335,25.0,0.0,0.1821051398437863,1.9588684306397912
36.45,20.114368556149035,-3.247079367366295,-0.040232269232258484,0.752805397481733,0.48593435917904887,20.117804393765393,-3.2302874397744303,-0.05116923547778419,0.7645425480033791,0.4828110277951962,0.030051791114022394,0.1685283478557158,0.15874940100427673,0.013878451820826867,nan,nan,nan,0.7963074790308039,0.5646153313360931,4.0,0.046783074294293646,20.0,-3.3333333333333335,25.0,0.0,0.1969613799997243,1.9666327429030226
36.5,20.144566902179562,-3.250029664827838,-0.020843918045514963,0.759496218529269,0.48279930167525287,20.14842715900141,-3.231712056061208,-0.03159373773221841,0.7719283577344123,0.4855033230852455,0.030057604661970775,0.17052347193197903,0.16003398369357016,0.014078969672113702,nan,nan,nan,0.8086306220560499,0.5778063340462168,4.0,0.02039324572813371,20.0,-3.3333333333333335,25.0,0.0,0.2628165590897342,1.9628407139913266
36.552,20.19047448881454,-3.2533774313727406,0.00792987315867539,0.7697269576943209,0.47653983046394127,20.216540250642765,-3.2319686171622646,-0.002334272751670863,0.7845262935120655,0.4648544066030555,0.030107892698515812,0.16400663828085088,0.15410309762384372,0.013828344711887902,20.385716263318518,-3.203618431703227,0.15564300155952537,0.8147574299314205,0.5868918842833201,4.0,0.0022214394420236316,20.0,-3.3333333333333335,25.0,0.0,0.2914933474121373,1.958547554990556
36.601,20.23704325453917,-3.2554061178685068,0.03635423637593688,0.7789875162843306,0.4713020995549743,20.247981419411122,-3.231896052876116,0.01730608348101148,0.7906307177992817,0.4839074759555386,0.03011800740198622,0.16598663334862446,0.15541647590606034,0.01402934901582868,nan,nan,nan,0.8206651899228087,0.6058878850342316,4.0,-0.0357743775965924,20.0,-3.3333333333333335,25.0,0.0,0.3021127502128659,1.9548956982881296
36.650000000000006,20.268416101465572,-3.25601787397319,0.05510394375821432,0.7850689641970011,0.46665048937874803,20.295574387087505,-3.2306237013891725,0.04509048322452136,0.7993331764325081,0.441494713674496,0.03011522667062931,0.1689297747045378,0.15736469572311074,0.014328057139290279,nan,nan,nan,0.8268754305013385,0.6145735600831767,4.0,-0.05315442294630189,20.0,-3.3333333333333335,25.0,0.0,0.3405675858889863,1.9452440349310511
36.7,20.300035799529144,-3.2560296726867843,0.0736828119908418,0.7911885455740417,0.4626817691222455,20.32716412333416,-3.230128007750678,0.06162201930234401,0.8055507122920502,0.44433203775993063,0.030268718527428334,0.17086907242323113,0.15863237894099194,0.013972391982541861,nan,nan,nan,0.8352880840339465,0.6272302653688416,4.0,-0.07849559102612039,20.0,-3.3333333333333335,25.0,0.0,0.3649477202310767,1.9581712957244404
36.75,20.347904324467777,-3.2549106794146274,0.10128211412627733,0.8000459687040401,0.45738164497980105,20.37554525806325,-3.2267084865864883,0.08900742027106423,0.8140330924944787,0.45330885797009124,0.030277070553921356,0.17374718165857012,0.1605409975092935,0.01435880537825492,20.849583604347696,-4.368089207088638,5.497229262571707,0.8396557724126088,0.6357692323796945,4.0,-0.09560598188303238,20.0,-3.3333333333333335,25.0,0.0,0.385648835753444,1.9526248447775507
36.800000000000004,20.380080889502924,-3.253403659004239,0.11948445231778014,0.805938135681626,0.45276398648008714,20.466115109193872,-3.3362241403754718,0.1022090223027936,0.8256551164143222,0.4405404411608493,0.03069998978463412,0.16600491489394822,0.15412021568058243,0.014136181535058214,nan,nan,nan,0.8479327691794976,0.647730374247355,4.0,-0.11959779321969992,20.0,-3.3333333333333335,25.0,0.0,0.4310220325389542,1.9445438080917534
36.85,20.4285757868628,-3.249992821857462,0.14663970921095798,0.8084222456613824,0.45486067389670926,20.51528414510173,-3.3307183553026296,0.12943710259251828,0.8227284244296508,0.4416232821843941,0.03070397507280102,0.16886290991726563,0.15608689233209394,0.014382475147371518,nan,nan,nan,0.8164615949913029,0.7177493257963462,4.0,-0.26095943938367,20.0,-3.3333333333333335,25.0,0.0,0.20770297429496587,1.9018915318469447
36.900000000000006,20.460823733566862,-3.2469952744528836,0.16494234713914485,0.8082286528676003,0.45777808277282556,20.548663524639778,-3.3233555071511502,0.15083189279126505,0.822942673154956,0.39709636020505396,0.030311043869086424,0.17074606605051504,0.15736798118784628,0.014022255782644521,nan,nan,nan,0.82564486008525,0.7288892000039534,4.0,-0.2836524231595454,20.0,-3.3333333333333335,25.0,0.0,0.270177797773301,1.9152354642600913
36.95,20.509159858915748,-3.241392230260495,0.19248166971582836,0.8106532096153092,0.45890823064273045,20.597432253426238,-3.315511421699306,0.17708881070858595,0.8248156225232066,0.4301591861137008,0.030320627566346722,0.173539971909118,0.15930296843611025,0.014453207259893124,nan,nan,nan,0.8341952139535036,0.7349563980694607,4.0,-0.2960417115675734,20.0,-3.3333333333333335,25.0,0.0,0.30661128534767745,1.9413077130182204
37.001000000000005,20.557545690299182,-3.234426214191686,0.21994256728479708,0.8151887637561634,0.4554020775403262,20.635847739537045,-3.3362412734721327,0.20049489583890612,0.8281440225636989,0.4667064675635039,0.030046819728696404,0.16563224385001998,0.15296763819709877,0.014025307001606186,20.649390401641384,-3.6222542523235024,0.35202292221026416,0.8430350432648837,0.7449837944954769,4.0,-0.31656706138605933,20.0,-3.3333333333333335,25.0,0.0,0.37433284722671156,1.9338904496964238
37.050000000000004,20.589849065009528,-3.2290131801127684,0.23805976371919788,0.8184125098376989,0.4509829603194474,20.68452634474145,-3.3258637084643476,0.22820224760968563,0.832370901941732,0.42807285145340795,0.030046741485155813,0.168410779955894,0.15496857624081337,0.014322324202489262,nan,nan,nan,0.8455304987305987,0.7637332569356385,4.0,-0.355124418338972,20.0,-3.3333333333333335,25.0,0.0,0.40058340672772563,1.9169333159671191
37.101,20.638366959507028,-3.2197357776807976,0.2649157609938661,0.8242951922599062,0.44477868049330516,20.717440329870822,-3.315031182053858,0.2503859260934571,0.8364288632173817,0.42657795976956064,0.029649968720950926,0.1702439016062875,0.15627462041646795,0.01395594666425741,nan,nan,nan,0.8554279772002802,0.772621962283811,4.0,-0.373491794178588,20.0,-3.3333333333333335,25.0,0.0,0.4984623395885436,1.9350250574243724
37.150000000000006,20.670785942007857,-3.2127678849494057,0.2825833728980679,0.8293134632296522,0.43938778508412624,20.76605952453211,-3.3021091861835,0.2779009361172493,0.843139398990933,0.418315501856634,0.029657095156826567,0.17296258724042143,0.15825306885250984,0.014253998781919294,nan,nan,nan,0.8644713237559923,0.7770845450566025,4.0,-0.3827359814001349,20.0,-3.3333333333333335,25.0,0.0,0.4984623395885436,1.937295828662331
37.2,20.703277532772795,-3.2051662482479135,0.3000257875179523,0.8348278582995114,0.4333669328606227,20.798506436000157,-3.2927075486678676,0.29557345189656065,0.8488193605355194,0.4354745842450062,0.029666299820752206,0.17475258982789718,0.159566868777725,0.014448232709563512,20.042803884897147,-3.3898622519857624,2.0720627083541823,0.8742080429561212,0.7848948953622167,4.0,-0.3989533077517003,20.0,-3.3333333333333335,25.0,0.0,0.5518277296124339,1.938157205862029
37.251000000000005,20.75216199697345,-3.1925671657070107,0.3257064343864884,0.8434502290311876,0.42346626619962685,20.765075233654443,-3.281670777941206,0.32458698225846844,0.8504486467914413,0.40849531929501104,0.029405092468438598,0.16766100960987163,0.15403328536179778,0.014264485309249756,nan,nan,nan,0.880343820618574,0.7897832191268157,4.0,-0.4091289806477885,20.0,-3.3333333333333335,25.0,0.0,0.5931729152320904,1.9274225495268504
37.300000000000004,20.784863665686252,-3.1833672179221812,0.34244998759816764,0.8509192941683242,0.41451958975897174,20.797361276848704,-3.2706559900682146,0.3406620870877446,0.8597096981024035,0.37842858898279946,0.029403926639401536,0.16944623072656817,0.1553957358180493,0.014460952606503538,nan,nan,nan,0.8996392019088182,0.7764408156325463,4.0,-0.3814015378149178,20.0,-3.3333333333333335,25.0,0.0,0.7176371582207253,1.9464024029069504
37.35,20.834194940189324,-3.1683179905845895,0.3668200886720666,0.8632008645405209,0.39942523209157466,20.846080164377582,-3.2524409823724088,0.3664683332098444,0.8723431294103308,0.4066757068550995,0.029361386588614143,0.17209308837643375,0.1574089753905172,0.014190068296658287,nan,nan,nan,0.9080453184730195,0.7825045709239752,4.0,-0.39398479197909864,20.0,-3.3333333333333335,25.0,0.0,0.7669007995190184,1.922874505893906
37.401,20.88378867765267,-3.1517951058851272,0.39032024982611113,0.8743991101653833,0.3861900752123753,20.87868158307054,-3.2397803582701084,0.3826886866483132,0.8801894509377386,0.3926893779968692,0.02936484049939598,0.1738349975841636,0.1587617346163597,0.014387256118342722,20.49355900229125,-2.9794485058162454,0.7739593701373904,0.9131304987356995,0.7863664028569728,4.0,-0.40201432877580145,20.0,-3.3333333333333335,25.0,0.0,0.7855626685391155,1.919916311996421
37.451,20.916978065755963,-3.139973170636797,0.40553832731354916,0.882623516764574,0.37633794640009544,20.885578320037222,-3.197021134257278,0.40346099076143904,0.8899591126804127,0.37555676335479876,0.02959998324211218,0.1668283649371411,0.15340017631072328,0.014123522934386753,nan,nan,nan,0.9272530697061894,0.7713761130694456,4.0,-0.37091379863939977,20.0,-3.3333333333333335,25.0,0.0,0.8692926126761849,1.921151192419151
37.501000000000005,20.966958991131346,-3.121026598781925,0.42764206966493784,0.8942941531247877,0.36250296892636585,20.91834196825749,-3.182889100905068,0.4191758435034285,0.898205159685408,0.37766818658271767,0.02960726925388894,0.16856715683453086,0.15480075281301475,0.014321380080045179,nan,nan,nan,0.9318755417076243,0.774708389581173,4.0,-0.3778118625343853,20.0,-3.3333333333333335,25.0,0.0,0.8939473978564658,1.9072441836318288
37.550000000000004,21.000364734564496,-3.107611046288278,0.44194001600906274,0.9013081779173863,0.3539178586992043,20.96736261155686,-3.1574056544023072,0.44602827896572833,0.9091158769528116,0.3509770197010393,0.029252947998755028,0.17114121444706218,0.15687186928176267,0.014055096218825777,nan,nan,nan,0.9363792909450073,0.7778037636460785,4.0,-0.38422730212092376,20.0,-3.3333333333333335,25.0,0.0,0.9197281176898191,1.8934773288515945
37.602000000000004,21.050549070952776,-3.0863450106646213,0.4627454826057838,0.9113881713308647,0.3411179935169656,21.000179785104656,-3.141569816068722,0.45975087275031745,0.9162535116057003,0.3217241759369682,0.029252161689647588,0.17283333175098617,0.15826379834511475,0.014250870765296344,nan,nan,nan,0.9445215673515583,0.7806897075289578,4.0,-0.3902155534148072,20.0,-3.3333333333333335,25.0,0.0,0.9611198221598135,1.8843224920886703
37.650000000000006,21.084032515708937,-3.071422005916115,0.4762162503870826,0.9175849790624669,0.33387297837065216,21.053920339132166,-3.1327661284627477,0.4846250168536331,0.9253822827300124,0.35145724355931124,0.028876097729028237,0.1657595699447636,0.15290809097886193,0.014065680892347618,21.06102978610244,-3.3429340263060388,0.16645167989668638,0.9481733583234054,0.7831101170240334,4.0,-0.39524303207478007,20.0,-3.3333333333333335,25.0,0.0,0.9706788134627998,1.883377205534373
37.702000000000005,21.134238102472175,-3.0479616132037166,0.49587170530757696,0.9258820899304624,0.32222040138286706,21.103019065889765,-3.1064805813342407,0.5053582909453782,0.9335918109550225,0.33160335864508633,0.028875962799117836,0.16828319860052057,0.1550653407239543,0.014362298088901305,nan,nan,nan,0.9561390937156614,0.7956757890191332,4.0,-0.4214222495450439,20.0,-3.3333333333333335,25.0,0.0,1.0195103935674101,1.8550429361853973
37.75,21.167666886241342,-3.03162730828385,0.5085910563284064,0.9309734898795755,0.3151564889533099,21.13558228897447,-3.0877010316460765,0.5197111658539142,0.938569277766938,0.33805478922712373,0.028821408628253515,0.16994293921742049,0.15647459399445154,0.014004301745314264,nan,nan,nan,0.9561390937156614,0.7956757890191332,4.0,-0.4214222495450439,20.0,-3.3333333333333335,25.0,0.0,1.0195103935674101,1.8550429361853973
37.800000000000004,21.201045795597118,-3.0147537575010794,0.5210221720257299,0.9358661041712075,0.3071926574869034,21.168148012753782,-3.068918819936665,0.5326547687068611,0.9434945844903122,0.2964991937526919,0.028819151062836005,0.17158477496962957,0.15790353667911208,0.01420303682654871,nan,nan,nan,0.9616254274623544,0.7976411936267817,4.0,-0.42552928960626835,20.0,-3.3333333333333335,25.0,0.0,1.0663595983552554,1.829705850292159
37.852000000000004,21.251000977792582,-2.9884572623334287,0.5390676612498828,0.942745807173055,0.2962493966814517,21.32449965050459,-3.0462706302058673,0.5491904538518821,0.957320521651106,0.28850679312576705,0.029028457540714776,0.16449023545483152,0.15252199040074427,0.013935555767882512,22.201582323723414,-3.114500249386207,3.593966749537678,0.9647902436282416,0.798806378828516,4.0,-0.4279657581957388,20.0,-3.3333333333333335,25.0,0.0,1.0729758018255495,1.8342312771883602
37.900000000000006,21.284190877106067,-2.9702976322496113,0.5508143625927645,0.9457776025321776,0.29241549237457337,21.357116630535593,-3.026189079360296,0.5606033848658907,0.9583854298972972,0.28839420847662905,0.0290308807313202,0.16613133184218004,0.1539935262920822,0.014134990037927894,nan,nan,nan,0.9605462250692003,0.8310271900352936,4.0,-0.4958496094045173,20.0,-3.3333333333333335,25.0,0.0,1.0089336885027724,1.8236384625523927
37.95,21.333684123115397,-2.942209783225054,0.5682405642905132,0.9489529448715569,0.2881869546975217,21.407278900852187,-3.001440017223631,0.5710282075275912,0.9602660898619636,0.2982855072598179,0.02974959493045625,0.16856271346959167,0.15616738042329253,0.013878621440950055,nan,nan,nan,0.9634834622486725,0.8316789114389039,4.0,-0.4972333943361722,20.0,-3.3333333333333335,25.0,0.0,1.0350863633891547,1.8175975763268915
38.0,21.382823024666354,-2.9131262957936106,0.585356763886879,0.952148599233109,0.28261023130014845,21.439550731244168,-2.9805836438315003,0.5828702950643048,0.9617099997682208,0.2983722111739927,0.029753255090477118,0.17016538639062234,0.15762449487132457,0.01407864536763596,nan,nan,nan,0.9653399457125186,0.8350817840007367,4.0,-0.5044659510884922,20.0,-3.3333333333333335,25.0,0.0,1.0541754601907476,1.8077077838023294
38.050000000000004,21.41538302872959,-2.893195164751043,0.596552470254067,0.9544397151223862,0.27786419299060566,21.574676241637363,-2.9577563897841115,0.6020129718871755,0.9691977924621278,0.2811640051504078,0.029635143572651786,0.16323868021591648,0.15231414949210184,0.013826655415310593,22.301922829310882,-3.0914355935841225,2.5317951230277713,0.9682986504708284,0.8353392080345183,4.0,-0.5050135901197288,20.0,-3.3333333333333335,25.0,0.0,1.0812244636509936,1.7999334336224402
38.1,21.447771641309064,-2.872842226890227,0.6075924771554826,0.955961459570943,0.2750133223818125,21.606568476559612,-2.9357168123836175,0.613081126304039,0.9691164442474729,0.2726127524865237,0.029636418687057582,0.16484611028086368,0.15381128844457348,0.014024421357354117,nan,nan,nan,0.9665312216380041,0.8614629899205359,4.0,-0.5609743138008136,20.0,-3.3333333333333335,25.0,0.0,1.0456166385671524,1.7990354885469069
38.150000000000006,21.495986880264155,-2.8415688067203586,0.6239863544557602,0.9579554259420705,0.27132322425821315,21.653967051052295,-2.9020118587993915,0.62921075868051,0.9698431905609048,0.2860275493515913,0.02964241462731423,0.16723085251018865,0.15604844537861481,0.014406933317785467,nan,nan,nan,0.9693852229488925,0.8611628700761474,4.0,-0.5603269059070839,20.0,-3.3333333333333335,25.0,0.0,1.070610401375393,1.796765430702499
38.2,21.527897674250728,-2.8202237337617646,0.6347466703634103,0.9597786666736484,0.266843422851903,21.68541612088177,-2.879465085962514,0.639967951464945,0.971001994081241,0.27241296032405093,0.029686224185053282,0.16879903948786534,0.15750748681065677,0.014043758494540917,nan,nan,nan,0.9734059642093833,0.8603503386966732,4.0,-0.5585746879285722,20.0,-3.3333333333333335,25.0,0.0,1.116241458834108,1.7808381594013252
38.25,21.575437871421297,-2.7874572686002645,0.6504911460416304,0.9629026178213834,0.2589752572629432,21.731986190594668,-2.8444016763287197,0.6563499292476518,0.9729014045710288,0.25607404412597895,0.02968890424067441,0.17112680559323618,0.1597239610453466,0.014341109573452818,21.50465966292719,-2.5336836844544686,0.5372186368280468,0.9759471268407642,0.8597401967684867,4.0,-0.5572594441587901,20.0,-3.3333333333333335,25.0,0.0,1.1362679968236136,1.7776543644749982
38.301,21.622597618216222,-2.75380125476314,0.665737717633048,0.966420078184334,0.25029765582857955,21.740811131484175,-2.794772848247546,0.6635849729054578,0.9745831164200743,0.2329616892291409,0.02994153399154287,0.16347573873728047,0.15363872116303476,0.013983081352582354,nan,nan,nan,0.979699580596509,0.8581888658866114,4.0,-0.5539173506604709,20.0,-3.3333333333333335,25.0,0.0,1.1687966133509358,1.7694541879670318
38.35,21.653839755175248,-2.730871189606234,0.6755730427076689,0.969237968109938,0.2429863093414799,21.786747433345287,-2.75850147928648,0.678891312523437,0.9777186189995121,0.25658767286696854,0.02995095362315372,0.1658229264480892,0.15591104222818344,0.014281361039932182,nan,nan,nan,0.9842664090533296,0.8412082966889223,4.0,-0.517518866090974,20.0,-3.3333333333333335,25.0,0.0,1.2116973579011083,1.7581979778681895
38.400000000000006,21.68493142870586,-2.7075495667825544,0.6850911990452657,0.9720738715843581,0.23427974929052292,21.815956034151792,-2.7312123373327197,0.6927267318744312,0.9800960646107391,0.23509349398743493,0.029654147678057075,0.1673651468084057,0.15739549878455147,0.013933428165306527,nan,nan,nan,0.9872091462419212,0.8390051145890279,4.0,-0.5128201385271024,20.0,-3.3333333333333335,25.0,0.0,1.2546330520551034,1.7297043199583007
38.45,21.73128679002313,-2.6718543749888584,0.6986863179075151,0.9762044980215224,0.2209238429537776,21.861065820296727,-2.693384546064148,0.7077264258081497,0.9834729419791428,0.22020160299584055,0.029658608660449115,0.16965816010033907,0.15964853200032245,0.01423248905225445,nan,nan,nan,0.9897608700923279,0.8359513880746708,4.0,-0.5063162165310818,20.0,-3.3333333333333335,25.0,0.0,1.2781926802645485,1.7197918536753192
38.5,21.762001891723063,-2.647598310738975,0.70731075056957,0.9788549421759491,0.2120454536057747,21.88250910024797,-2.646270740807469,0.7093304765675108,0.9863427023801876,0.21717588269157426,0.030290895571424736,0.16206382811432896,0.15346453854605846,0.013874341164427002,21.75924661186021,-2.3889388072706543,0.35845643075298833,0.9921738563199101,0.8329172651319867,4.0,-0.49986399889818933,20.0,-3.3333333333333335,25.0,0.0,1.3040472096423918,1.7034584452172303
38.550000000000004,21.807790664714293,-2.6105573510322335,0.7195712197268198,0.9825512854747311,0.19851264639767172,21.9272908080939,-2.607492123632466,0.7224709553281912,0.9892311875751287,0.21006156285115318,0.030295602602513672,0.16438139817643832,0.15576844686211655,0.014174290049424635,nan,nan,nan,0.99387949734382,0.8200260617716083,4.0,-0.47255753496366026,20.0,-3.3333333333333335,25.0,0.0,1.3272623580963208,1.6856084075553537
38.6,21.838124833679988,-2.585447588789434,0.7272875540539161,0.9847858031842367,0.18915944963412099,21.95448511647072,-2.576611986731395,0.7366707989335564,0.9910248603742338,0.18179167456935774,0.02975413342521118,0.1659039612253101,0.15727426497917568,0.013826226765417164,nan,nan,nan,0.9955818876891458,0.8165067935524912,4.0,-0.46513219725862376,20.0,-3.3333333333333335,25.0,0.0,1.3520239108852175,1.6660821752771953
38.650000000000006,21.883340084555595,-2.5471950913614703,0.7381608488477653,0.9879317479857951,0.17531335841026488,21.99842904068004,-2.5364813194960107,0.7472630917284951,0.9935160345498121,0.16892501943735683,0.02975642465299427,0.16817106606915072,0.15955717316519613,0.014126932273152149,nan,nan,nan,0.99720395167606,0.811468556618821,4.0,-0.45452305845372654,20.0,-3.3333333333333335,25.0,0.0,1.373513598582436,1.6524735319827437
38.7,21.913295562402865,-2.521321567933797,0.7449580003814124,0.9898313593651217,0.16639225763839974,22.02754485625722,-2.5094111699336987,0.7540369881169702,0.9950012018926792,0.15345076977847588,0.029757173612870447,0.16966620260272663,0.16107140436582817,0.014325566328405743,21.303928672942344,-2.2314753817014608,2.1656825725026843,0.9982056232677613,0.8071782587644759,4.0,-0.44550802835036696,20.0,-3.3333333333333335,25.0,0.0,1.3910733892265754,1.6356788747846323
38.75,21.957947417272024,-2.4819939701416196,0.7544885297744901,0.9923070536268399,0.1534966080353641,21.99921873237979,-2.4487771678974823,0.7597867684315363,0.9945081020734454,0.15536273211999346,0.030093549870118252,0.16293715988627092,0.15560078087465642,0.01406973250135587,nan,nan,nan,0.9987450932920844,0.8041402666708493,4.0,-0.43913485105319416,20.0,-3.3333333333333335,25.0,0.0,1.3996236034571405,1.6271728232959972
38.800000000000004,21.98753132120515,-2.4554528268571745,0.7603929543700434,0.9938777081006069,0.1429259337729776,22.028027966191296,-2.4213207012054765,0.7656520551774103,0.9961505725752924,0.12706598104951064,0.0300928329656913,0.16445326669372282,0.1571468537965681,0.014268907978272537,nan,nan,nan,0.9999208231566902,0.7723707175859658,4.0,-0.3729718053389699,20.0,-3.3333333333333335,25.0,0.0,1.4622437011854037,1.5757053629526976
38.851,22.03164865233363,-2.4151884737270817,0.7683587718091299,0.9960176146687388,0.12594581503558322,22.07123115333099,-2.3800734162084116,0.7733108824242126,0.9980858379915565,0.1117818265352525,0.030131379887249347,0.1666969282208204,0.15942817312232474,0.01402338413093969,nan,nan,nan,0.999994221231449,0.7690516946043681,4.0,-0.3661071317947491,20.0,-3.3333333333333335,25.0,0.0,1.462627436875509,1.5711735703167733
38.900000000000006,22.07545824175233,-2.37443442077807,0.7753961584007691,0.9975933440384995,0.11115004916686048,22.099772414194167,-2.3521438444893916,0.7776541628450023,0.9990246249794407,0.08776339137205602,0.030130358250999845,0.1681836279373935,0.16095564842987328,0.01422301974224006,22.073457059976622,-2.5814192813355277,0.19277486052147383,0.9999570025405009,0.7640375046541782,4.0,-0.3557521325562488,20.0,-3.3333333333333335,25.0,0.0,1.4725646757950661,1.555226347479061
38.95,22.10449756474849,-2.347022902289924,0.779625463695312,0.9983940011094743,0.10253909170129252,22.14181110892013,-2.3366778438065365,0.7780061042650307,0.9990584533565174,0.11923152400823686,0.030744915946184406,0.16166313144197886,0.1555146163622765,0.014118333165750127,nan,nan,nan,0.9998519316492464,0.7604453276178653,4.0,-0.348345167188027,20.0,-3.3333333333333335,25.0,0.0,1.4731387707869328,1.5510367298779058
39.0,22.13340892070972,-2.3194354382574396,0.7835333495321959,0.9991019310859104,0.09474327703342514,22.170259334215515,-2.308601329231628,0.7821889412832221,0.9997968913756972,0.1072987020964775,0.030745414278430177,0.1631751942347664,0.1570704952778912,0.01426050899277893,nan,nan,nan,0.999921951629101,0.7655121548351547,4.0,-0.35879554898117283,20.0,-3.3333333333333335,25.0,0.0,1.4789670738705931,1.5457102447501048
39.050000000000004,22.17655005383639,-2.2777528934494837,0.7888418029745246,0.9999680254801371,0.0839907349372111,22.21710856601391,-2.2725138165261187,0.7788001216342524,1.0006622264845155,0.09833618634080181,0.03148072400693562,0.1654153320997364,0.15936416696862532,0.014002532847141223,nan,nan,nan,0.9997929169335786,0.7618375180382106,4.0,-0.3512147129187492,20.0,-3.3333333333333335,25.0,0.0,1.4844580545647532,1.536971547295817
39.101,22.219435176001227,-2.235748868536096,0.7935705684559087,1.0005807974834011,0.07545477769326459,22.259787312129976,-2.2302676845100553,0.783252191365678,1.0012351735865022,0.08160465026853865,0.031474318412633935,0.16764310326621487,0.1616602570272341,0.01430123079542229,22.633790838307387,-3.076259348988479,nan,0.9996802141338129,0.7561702179464622,4.0,-0.3395420688488724,20.0,-3.3333333333333335,25.0,0.0,1.4630662095226676,1.553571065822727
39.150000000000006,22.247891204812536,-2.207586881208321,0.7964984669716433,1.0008712969380265,0.071998418984377,22.321959510222356,-2.2810956057745053,0.7842932632407633,0.9994219996201295,0.06511512451093242,0.03165340523147172,0.1604323484859209,0.15533877007394,0.013947890665502564,nan,nan,3.1089804897121294,0.9996802141338129,0.7561702179464622,4.0,-0.3395420688488724,20.0,-3.3333333333333335,25.0,0.0,1.4630662095226676,1.553571065822727
39.2,22.27624682118077,-2.1793070860759385,0.7993508553324238,1.0012299361211765,0.07168161973066997,22.350244815804235,-2.2528355778567586,0.787435063300066,1.0000959020057196,0.08197864480578347,0.031656133620133545,0.16194597692307544,0.1568984784855964,0.01414792279024385,nan,nan,nan,0.999974823162855,0.7913893104208751,4.0,-0.4124766850186713,20.0,-3.3333333333333335,25.0,0.0,1.4278472957097403,1.5960788926637661
39.25,22.318606721597067,-2.136675026314914,0.803677995921361,1.0017531237797808,0.07170222556564565,22.390921552699425,-2.2080934149229603,0.7947930064108863,1.0009023230927532,0.0575036746033873,0.03139873155114751,0.16418579315252374,0.1592015748171644,0.013903986322620413,nan,nan,nan,0.9999999801971241,0.7876340752394112,4.0,-0.40465278502827284,20.0,-3.3333333333333335,25.0,0.0,1.4440246375087376,1.578076302623976
39.300000000000004,22.360766388561142,-2.0938120228478043,0.8078881634764701,1.002067217918636,0.06879259305109181,22.41893887006846,-2.1794891337278983,0.7980686666916319,1.0012619460559489,0.061793893380334815,0.03140015540689136,0.16567374096986132,0.1607409870661924,0.014104467633847767,nan,nan,nan,0.9998990014318858,0.7805803171313398,4.0,-0.389988449127458,20.0,-3.3333333333333335,25.0,0.0,1.4542846451701996,1.5645390558978842
39.35,22.388764082116783,-2.0651196907889418,0.8105644277751831,1.0021840357128897,0.06565429710318996,22.480449236683743,-2.0614219327910988,0.8055945599065852,1.0062294259053801,0.05864733162568855,0.031138189358122445,0.15924481348375258,0.15508156933573808,0.013849258785425719,22.61170842973942,-1.394405435802223,2.1623349195392585,0.9997695359548187,0.7765990184409151,4.0,-0.3817294599820922,20.0,-3.3333333333333335,25.0,0.0,1.4658989556863629,1.550735617996471
39.400000000000006,22.41667296350248,-2.036345078526613,0.8130535916871363,1.0018813211028632,0.05903625776745501,22.50829658302142,-2.0323766263775798,0.8083587547229345,1.0051618282640902,0.046657008863941925,0.031138487906530146,0.1607567857600931,0.15664879641648657,0.014050267455325454,nan,nan,nan,0.9981944551466975,0.7454931714518507,4.0,-0.3176114231223668,20.0,-3.3333333333333335,25.0,0.0,1.508939237835747,1.4797969150529715
39.451,22.45835795044359,-1.9930676141813586,0.8161573129492948,1.0010787929222176,0.04669034683180186,22.551888053402184,-1.9912287269003037,0.8078252045520875,1.0037926910410773,0.02985955617867041,0.03144578640584676,0.16299437116429502,0.1589635005609353,0.013805412755463431,nan,nan,nan,0.9977482117134311,0.7412374632254892,4.0,-0.30889119584972624,20.0,-3.3333333333333335,25.0,0.0,1.5146414626259745,1.4733604760094905
39.501000000000005,22.49984766960038,-1.9496619270715994,0.8185906663828232,1.000458542997646,0.03647185198082489,22.579616294497605,-1.962199765033833,0.8094690825822188,1.0030482684018471,0.027568506235128343,0.03144671428554442,0.16448296207909818,0.16050884559043563,0.014006864368825329,nan,nan,nan,0.9974447679846944,0.7363224639166963,4.0,-0.29883427115223116,20.0,-3.3333333333333335,25.0,0.0,1.5155348604652892,1.473832461176831
39.550000000000004,22.527411532701677,-1.9206601063830377,0.8198881490229754,1.000087751331451,0.03001357846796473,22.550937202780514,-1.9487242584426232,0.81235579340844,0.997350535800035,0.031177537860246782,0.0313432224185586,0.15822723840616648,0.1548877895879205,0.013763724808859542,21.923773118880693,-2.2128702210998275,1.9573085503593097,0.9970030288346166,0.7320291789717344,4.0,-0.29006157566352253,20.0,-3.3333333333333335,25.0,0.0,1.5231123834634317,1.4646569361684223
39.764,22.554908648635777,-1.891612224070535,0.8209087017060498,0.9998502427558165,0.022390164352952234,22.578360009976006,-1.9197471541260525,0.8136967076767977,0.997525531027587,0.007146815649333951,0.031341820818883724,0.1597421172765076,0.15645925855504375,0.0139655981955976,22.61770440003577,-1.3096431935226225,0.9220552474293837,0.9956196877245168,0.7187233858558074,4.0,-0.26294097863492305,20.0,-3.3333333333333335,25.0,0.0,1.5492314513571446,1.4394541585739067
39.800000000000004,22.691663504867016,-1.745902650002587,0.8216457082047336,0.998441165841449,-0.010432739289747996,22.7114022149827,-1.7276684634899135,0.8149908586367722,0.9992223062550231,-0.00019512008338256823,0.03128544967643321,0.15876197146637375,0.15617897338517822,0.01387748984051328,nan,nan,nan,0.9941364355863644,0.6998163047269816,4.0,-0.22456403925742818,20.0,-3.3333333333333335,25.0,0.0,1.5484789582827956,1.4328443040427512
39.85,22.73252576991956,-1.702138245826772,0.8206856110025591,0.9972255590080754,-0.021979325473834865,22.752525122680765,-1.6840715413082332,0.8137366705155515,0.9976543901105579,-0.030016287452543824,0.03128363003860954,0.1610282768007401,0.15852512584537118,0.014178702827734948,nan,nan,nan,0.9897680479907958,0.6718164993207925,4.0,-0.1680214131352724,20.0,-3.3333333333333335,25.0,0.0,1.590204222766843,1.3502032524567642
39.900000000000006,22.759725237329985,-1.6730001915220782,0.8195669906107754,0.9960639731115437,-0.03131918577579127,22.778625985514463,-1.6536301041989518,0.8151097504546665,0.996398993374938,-0.03832453089645152,0.031104744632104005,0.16251179935397939,0.16005774958023367,0.013843927376517183,nan,nan,nan,0.988978045811236,0.6651280492543836,4.0,-0.1545574661712492,20.0,-3.3333333333333335,25.0,0.0,1.5861619393664634,1.352229030903537
39.95,22.80048186767174,-1.6293660186773185,0.8172576199897211,0.9944513168176984,-0.043533137709959195,22.819610272458164,-1.6101528380716865,0.8139753234287848,0.9946859529466076,-0.03628800121176534,0.031107227601837692,0.1647444373047832,0.16236909731489585,0.014145630148307014,nan,nan,nan,0.9879532567493402,0.659732734194511,4.0,-0.14370681319990442,20.0,-3.3333333333333335,25.0,0.0,1.591364555557697,1.3422192866903326
40.0,22.84121705971926,-1.5858377211040053,0.8142377618255968,0.9929891537589113,-0.0551339464537101,22.867841235362153,-1.6297458838266816,0.8063552847465337,0.9921920632322899,-0.04953429725224164,0.03156522970594265,0.1578131374578083,0.15581743670636564,0.013795014740772533,23.04727554118863,-2.080382675314041,1.0025907417681534,0.9870783983719803,0.6530435000911288,4.0,-0.13026553313153055,20.0,-3.3333333333333335,25.0,0.0,1.6002178191988867,1.3311695871178957
40.050000000000004,22.868392419778484,-1.5568729668368007,0.8119565619201247,0.992977347457536,-0.05752588728317459,22.909085074758714,-1.5868329304046265,0.80296291660789,0.9921420024956513,-0.05440380674159917,0.03156505845945207,0.16009212911916845,0.1581622591965393,0.01418017065270206,nan,nan,nan,0.9913127701899241,0.6744474606917628,4.0,-0.17332165720592396,20.0,-3.3333333333333335,25.0,0.0,1.572607680668975,1.3999094050284722
40.1,22.895608265534193,-1.5279376176063064,0.809618632848847,0.993094074932858,-0.05907624625071749,22.936384268399625,-1.5579910503561605,0.8008751042692389,0.9923583591953035,-0.07350578591382975,0.03152402443800479,0.1615856384438324,0.15969403881810726,0.013828967754746364,nan,nan,nan,0.9909168080762517,0.6680779577921399,4.0,-0.1604938874865507,20.0,-3.3333333333333335,25.0,0.0,1.574267653012313,1.3951847310922019
40.150000000000006,22.936518356867307,-1.4846105169579966,0.8059913542825862,0.9931133600427898,-0.06129894654655851,22.977912892452096,-1.5153162392100588,0.7964242671972834,0.9925524059188231,-0.040889455159638405,0.0315278064212828,0.16383615948784003,0.16200158191820027,0.014213169664552152,nan,nan,nan,0.990603127995897,0.6636772481554355,4.0,-0.15163886077237154,20.0,-3.3333333333333335,25.0,0.0,1.5691648572481256,1.3970528482105005
40.2,22.96385500144955,-1.4557873082982,0.8034883751635524,0.9930560003216898,-0.06366139784759133,23.005685630625628,-1.4869446688948582,0.7935448793723259,0.9925708288756443,-0.08912595268636649,0.03152178714729185,0.16532707236375596,0.16352725289833053,0.014411061641613324,23.219336283722978,-1.2431718533042093,0.37653632047448427,0.9903619650783035,0.657474227333483,4.0,-0.13916720750831524,20.0,-3.3333333333333335,25.0,0.0,1.584228523111141,1.3793773978215333
40.25,23.004963659723472,-1.412660292010485,0.7995559802932347,0.9928999468800596,-0.06621037798341886,23.071474968173902,-1.4207220456078997,0.7886327951041308,0.9945548233898666,-0.05575248819318291,0.03168875589656211,0.15920873913899736,0.15770658513553648,0.014143907962077323,nan,nan,nan,0.9901946980903747,0.653392334395449,4.0,-0.130966177391296,20.0,-3.3333333333333335,25.0,0.0,1.566685591066757,1.395414623009534
40.300000000000004,23.032440921086696,-1.3839888124160835,0.7968633280372509,0.9926225384051165,-0.06838374429179694,23.099535633859272,-1.392530428176951,0.785343883338948,0.9940055439906542,-0.07002928042071174,0.03168683935901514,0.1607315331762482,0.1592550842641069,0.014342421300075466,nan,nan,nan,0.9895766327354034,0.6441231031818042,4.0,-0.11235898264111355,20.0,-3.3333333333333335,25.0,0.0,1.5817330404238301,1.3692467630164875
40.351,23.073764864821133,-1.3411211556609304,0.7926256160955301,0.9921288882611389,-0.07197871879925886,23.14098890241495,-1.3496180031627454,0.781810649989918,0.9933243076229314,-0.08314889731378887,0.03158513636422798,0.1629828010377005,0.1615377070664697,0.014087778836998839,nan,nan,nan,0.9894834964496928,0.6401888749754369,4.0,-0.10446739582171793,20.0,-3.3333333333333335,25.0,0.0,1.5780563462656558,1.3736040032331482
40.400000000000006,23.10139192315045,-1.3126384412265941,0.7896999115951235,0.9918390296418684,-0.0738037129296926,23.169208752851198,-1.3216535127957991,0.7789043864368801,0.992910053115157,-0.05882121386543755,0.03158815562669933,0.1644861685166989,0.16305953066883255,0.014286818181358574,23.27633270922207,-1.3615881859046295,0.04741992878881824,0.9890735680497034,0.6338485741023405,4.0,-0.09175623615990913,20.0,-3.3333333333333335,25.0,0.0,1.577043573704499,1.3731861008553776
40.45,23.142957406864774,-1.2700644995915102,0.785162004598191,0.9914455935487083,-0.07726075036344518,23.220528206441617,-1.2815717118567034,0.7765010887198702,0.9926668164722504,-0.06734701342413607,0.03141150843580564,0.15850484197614031,0.15730076207228424,0.014035247453549187,nan,nan,nan,0.9889414455250621,0.6300487736267101,4.0,-0.08414193029351713,20.0,-3.3333333333333335,25.0,0.0,1.588855811717034,1.361367025213353
40.5,23.170756387875976,-1.2417851707983978,0.7820125725942466,0.9912269595675054,-0.07951944414744203,23.248875560274,-1.253772754691922,0.7732529883254844,0.992347191162069,-0.0735730104724617,0.03141056015470979,0.1600391004151701,0.15884635955748078,0.014234791383990832,nan,nan,nan,0.9889363706157969,0.6276112607507413,4.0,-0.07925876700132872,20.0,-3.3333333333333335,25.0,0.0,1.586492670220802,1.3642329796075117
40.550000000000004,23.212595974418935,-1.1995254222187635,0.7771477406675977,0.9909557791738621,-0.08208262253261844,23.291871962289793,-1.2126011666303673,0.767836367791392,0.9919475781647072,-0.09531331931736367,0.0314522075653525,0.16230824897994262,0.16112466758469865,0.01398054273319679,nan,nan,nan,0.9888695854642685,0.6239136182422189,4.0,-0.07185291924337678,20.0,-3.3333333333333335,25.0,0.0,1.5855501208723932,1.3654292078545203
40.6,23.240587419690478,-1.1714610372976644,0.7738388317340622,0.9908174958061775,-0.08291855305684978,23.320426952604404,-1.185055036123351,0.764717307299946,0.9917569808709383,-0.10520901020506894,0.0314512401124438,0.16382356145166832,0.16264322950524696,0.014180594717292118,nan,nan,nan,0.9889021522767246,0.6187160423730875,4.0,-0.061446199913542054,20.0,-3.3333333333333335,25.0,0.0,1.5779238591591016,1.3743611239578504
40.650000000000006,23.282728988473625,-1.129530537161399,0.7688464233423131,0.9906622651987596,-0.08332319622447919,23.34808016648196,-1.1796582365636612,0.7567997422318404,0.9892272347579515,-0.10525558557263352,0.03167096150693383,0.15782106228004641,0.15680379786300533,0.013929088257930834,23.186607627830462,-1.5134462750960396,0.4994307081456952,0.9888399458249306,0.6151788575647682,4.0,-0.05436589264803482,20.0,-3.3333333333333335,25.0,0.0,1.5753059903704338,1.3769100504313756
40.702000000000005,23.325073353040334,-1.0877917497660539,0.7639039584319507,0.991152688080148,-0.08125708296743324,23.39131649121054,-1.1389634505254504,0.7517340175080318,0.990272292014236,-0.08713478430502056,0.03167217756419223,0.16013904221859482,0.15911030771266294,0.014229336411662739,nan,nan,nan,0.9907500223093715,0.61744553837847,4.0,-0.05860297481397003,20.0,-3.3333333333333335,25.0,0.0,1.5797949016689552,1.3931699085464064
40.751000000000005,23.35342733767842,-1.0600631862046783,0.7606643525575739,0.991518252699802,-0.08099410555671463,23.418071668137323,-1.1096203193767908,0.7524367399239353,0.9908098077363057,-0.05947955485715714,0.031387244262435644,0.16165644141350405,0.16061539228516178,0.013888393741272605,nan,nan,nan,0.9907500223093715,0.61744553837847,4.0,-0.05860297481397003,20.0,-3.3333333333333335,25.0,0.0,1.5797949016689552,1.3931699085464064
40.801,23.39613806363228,-1.0186284791217552,0.7557607323931581,0.9917657240693665,-0.08257006427662562,23.46155041022409,-1.0690654009454905,0.7469846873942174,0.9912127289429613,-0.09211910036555772,0.03138257863485394,0.16394542670822035,0.1628827766831464,0.014189236599316654,nan,nan,nan,0.9901992703406151,0.608772767054432,4.0,-0.03931616579285624,20.0,-3.3333333333333335,25.0,0.0,1.5839490891299353,1.381130127227914
40.851,23.424727225582263,-0.9911173183016753,0.7524373054478802,0.9918548235705649,-0.08331160525180611,23.493811084007156,-1.0877019610626477,0.7454264665748647,0.9894373394555331,-0.09668240670031585,0.03113845569518141,0.15715556498411193,0.15622576342825567,0.013835975088244143,23.563550805478332,-1.5531532862885729,0.9335620232629155,0.9901992703406151,0.608772767054432,4.0,-0.03931616579285624,20.0,-3.3333333333333335,25.0,0.0,1.5839490891299353,1.381130127227914
40.900000000000006,23.46779672119402,-0.9500069074553423,0.7475390490034507,0.9926766978099291,-0.07942996753154062,23.52291694776701,-1.0608666664843922,0.7428472481178048,0.9905330342756369,-0.07197324516173362,0.03114134599878293,0.15871239133482137,0.15776261536672065,0.014037394775730166,nan,nan,nan,0.9928087287793512,0.6228480243609809,4.0,-0.06335616318694481,20.0,-3.3333333333333335,25.0,0.0,1.5660549725951511,1.4217563617256725
40.951,23.49664190771389,-0.9226939435486573,0.7444192631248614,0.9932257375764155,-0.07730255338694816,23.56738039290078,-1.0213555177559295,0.7369658093606865,0.991845777968769,-0.06929339509578304,0.031220272306835845,0.16101735712456877,0.1600292794594019,0.013794500349645833,nan,nan,nan,0.9928087287793512,0.6228480243609809,4.0,-0.06335616318694481,20.0,-3.3333333333333335,25.0,0.0,1.5633276129175762,1.4228600853449913
41.0,23.525588517804653,-0.8954603505159803,0.7413702369722769,0.9936720050777564,-0.07557339005105741,23.59677921543525,-0.9947045614253691,0.7344205069661376,0.9925200745915264,-0.06839314657054456,0.0312200096764614,0.16255637441712673,0.16153978783968392,0.013996317751594678,nan,nan,nan,0.9930912648042132,0.6193502917790199,4.0,-0.05514478199835393,20.0,-3.3333333333333335,25.0,0.0,1.5633276129175762,1.4228600853449913
41.053000000000004,23.569190158992726,-0.8547627712876359,0.7369137465286696,0.9941787223525272,-0.07345724983575447,23.585981695883422,-0.9515977873005553,0.7320888957505544,0.990912823055224,-0.08383300559566116,0.031003307358130294,0.15676632765398832,0.15584666275973613,0.013908458788595954,23.0510412262809,-0.9214060087653495,1.150316744140978,0.99307375242888,0.6166558445587023,4.0,-0.049277378567788244,20.0,-3.3333333333333335,25.0,0.0,1.563432842672238,1.4206200351780822
41.101,23.61299184378796,-0.8142601251548863,0.7324840314551883,0.9941255473057022,-0.0749004726274028,23.615481976630505,-0.925120955121625,0.7288861576261625,0.9912054907046544,-0.086485110492398,0.031002596516689324,0.1583345283456029,0.15738118080696123,0.014050874141667887,nan,nan,nan,0.9902533212250755,0.5923566302295223,4.0,-0.007420988255136596,20.0,-3.3333333333333335,25.0,0.0,1.5820666548453988,1.384305602575335
41.150000000000006,23.642291540488838,-0.7873775552850789,0.729447336779761,0.9939474951099797,-0.0764721916222841,23.65990039495263,-0.8855626364883266,0.7247322654930004,0.9915514551920747,-0.07331409342481968,0.03100423956185597,0.16067438640846016,0.15966468061742436,0.014484631789065717,nan,nan,nan,0.9902397388818853,0.589056406225842,4.0,-0.0017547437666296517,20.0,-3.3333333333333335,25.0,0.0,1.5813339807701146,1.3840038572655728
41.2,23.68638649067556,-0.747232901131536,0.7247689781687614,0.9936654232547733,-0.07915011258299999,23.687068194399497,-0.8565711187337063,0.7259871575985755,0.9916835492480466,-0.07029319451478619,0.030672785728424547,0.1622047044589232,0.16115308111798549,0.014200724047565632,nan,nan,nan,0.9901055443140278,0.583942950669389,4.0,0.00652086153641962,20.0,-3.3333333333333335,25.0,0.0,1.5876564440879168,1.3755029235112028
41.25,23.71587668178444,-0.7205934593782924,0.7215334523797785,0.9932976940643273,-0.08197847406974705,23.731651877901363,-0.8171654392182363,0.7206749932926213,0.9916331767874914,-0.06500647548835929,0.030673035717841673,0.16451262010391962,0.1633968083000831,0.014438418680484089,22.804911115994482,-1.5383640385381876,4.9416037116745715,0.9890799295290087,0.5780682392222185,4.0,0.015573278733266971,20.0,-3.3333333333333335,25.0,0.0,1.5959544605416898,1.358516220994949
41.300000000000004,23.745439845677186,-0.6940571805724607,0.7181854714323003,0.9929396324581029,-0.08473614723340796,23.66535196881323,-0.8671824448663342,0.7180829893158869,0.9837388994479429,-0.07407547204667622,0.030634929408039382,0.1577843401180799,0.1567800356620279,0.014067612622864519,nan,nan,nan,0.9890185721591815,0.5723403342809882,4.0,0.02363020798576798,20.0,-3.3333333333333335,25.0,0.0,1.599200540314381,1.3548023570505543
41.351,23.789935876443398,-0.6544390031815993,0.7129968346298835,0.9930903068745346,-0.0871606789978455,23.70988037481533,-0.828386080968381,0.7128468995869254,0.9857987073375966,-0.10081077477648315,0.03063107310702994,0.16013555343026994,0.15905928132675898,0.014364920121371952,nan,nan,nan,0.9899510244783283,0.576196759633808,4.0,0.01879011629527305,20.0,-3.3333333333333335,25.0,0.0,1.602316647408415,1.3831000870830827
41.400000000000006,23.83464757455068,-0.6150183258553011,0.7077621782145619,0.9935416207243012,-0.08705833055977419,23.73864580303969,-0.8014281648954076,0.7114089653846198,0.9870524683528422,-0.07573162539279167,0.03048956947134814,0.1616757093853058,0.16054488139290482,0.014007061658225893,nan,nan,nan,0.989928532390319,0.5708017032255639,4.0,0.026370726748840667,20.0,-3.3333333333333335,25.0,0.0,1.5894952203078003,1.3897695501648535
41.45,23.864570815167962,-0.5888557869641354,0.7042576638125964,0.9936149971730253,-0.08816966921122746,23.783610686985323,-0.7628373177398666,0.705774264280237,0.9884594750045756,-0.06262506549312975,0.030490824557624474,0.16399829040993447,0.16278441577419928,0.014305265363946579,nan,nan,nan,0.9894499962558243,0.5660225386439354,4.0,0.0328448800715373,20.0,-3.3333333333333335,25.0,0.0,1.6015406780198818,1.3702741329646055
41.501000000000005,23.909620960352335,-0.5498038746120301,0.6988770946615886,0.9935292660026389,-0.09083575088231892,23.84366114827428,-0.7473158364045649,0.6946717019553788,0.9901488911999511,-0.0675722276750081,0.031129691588536228,0.1572200551322034,0.15611991942003736,0.01393743161319642,24.064104809122167,-0.8242640914959586,0.27532861447639434,0.9894128060950301,0.5601313566372438,4.0,0.04001237585816586,20.0,-3.3333333333333335,25.0,0.0,1.6056615866236885,1.3616839218653263
41.550000000000004,23.93976947384733,-0.523895721101218,0.695276587381689,0.9938558310989578,-0.08903190942723248,23.88939199050349,-0.7093652941030958,0.6896500618622405,0.9912813791905702,-0.06495467557556828,0.031129536223042042,0.15958855352086354,0.15839079087300842,0.014236633570258207,nan,nan,nan,0.9926983491340426,0.5737539291320769,4.0,0.019617026311363084,20.0,-3.3333333333333335,25.0,0.0,1.5778126181274426,1.4107589098454245
41.6,23.970018774263707,-0.4980804956085813,0.6917698235012416,0.9942078290657765,-0.08695170411527502,23.92220218228845,-0.6865771423508755,0.6824810518385314,0.9919940324993962,-0.0750824244611552,0.031423664938613545,0.1611422715557673,0.15986980658409453,0.013881188714181847,nan,nan,nan,0.9926585950912021,0.5684031630131999,4.0,0.02582687904549319,20.0,-3.3333333333333335,25.0,0.0,1.5781368268609637,1.4067892298336864
41.650000000000006,24.015576735034735,-0.459538781751064,0.6866618332232692,0.994679268411778,-0.08351412568608671,23.968477362010358,-0.6491134089351955,0.6769715608922864,0.9929891840426568,-0.07932938488621977,0.0314215439383202,0.16348533425153203,0.16209775436667215,0.014178423633506014,nan,nan,nan,0.993361941292558,0.5671951836175351,4.0,0.02658794759703831,20.0,-3.3333333333333335,25.0,0.0,1.5674893808651496,1.4209742161482646
41.7,24.046069983588836,-0.4339647239960687,0.683382574023683,0.9949397030381277,-0.08109016328114975,23.999462347074537,-0.6242544215752602,0.6729365289558572,0.9935028790964685,-0.10080217110321062,0.03141735018051212,0.16503805601058857,0.16356938782811456,0.014458189672269195,23.938006593012492,-1.0217704791409472,0.5832066565236597,0.9933600160781539,0.5616689573484099,4.0,0.03209080674045017,20.0,-3.3333333333333335,25.0,0.0,1.5649010808886223,1.4205802525077105
41.75,24.091982716170104,-0.39578766341616894,0.6786420158209244,0.9952011210195678,-0.07734706535310287,24.034421993974696,-0.6230779969273837,0.671838682480609,0.9922359341881031,-0.07832406602387317,0.03106373916861535,0.15904106275648813,0.15765706501065158,0.014184473906403953,nan,nan,nan,0.9933815863074597,0.5578215675347178,4.0,0.035587357195088654,20.0,-3.3333333333333335,25.0,0.0,1.5559184980549294,1.42818767540161
41.800000000000004,24.12270600706522,-0.3704555083641885,0.6756276886375167,0.9956192162442046,-0.07391404035074445,24.065516939958812,-0.5983962071939081,0.668488202289903,0.993257930280184,-0.07109323004248691,0.031063362790589393,0.1606222448376469,0.15915322547000826,0.014382298411893781,nan,nan,nan,0.995125069435733,0.5730571402167254,4.0,0.01717407867413767,20.0,-3.3333333333333335,25.0,0.0,1.5498300588671328,1.4521291941994725
41.851,24.168971962609568,-0.3326178777794078,0.6713782482244808,0.9963004564456153,-0.06871893673632092,24.112022971486304,-0.5611303577991642,0.6642202731947145,0.99442542846287,-0.06719305357580659,0.031016549205231392,0.16296210335914132,0.16135392326734918,0.0141222209945554,nan,nan,nan,0.9950210152694995,0.5673025170067432,4.0,0.0225608296933677,20.0,-3.3333333333333335,25.0,0.0,1.5451824868082207,1.4515589532858806
41.900000000000006,24.1999271189978,-0.30750192235531776,0.6686937623432724,0.9965842116072888,-0.06641608465595675,24.143363650553397,-0.5366267996420787,0.6616886062788034,0.9949733459686556,-0.06005594236128668,0.031016825554780726,0.16452374184670346,0.16282252551599669,0.01432064958739261,24.556942282801238,-0.22775477745506412,0.9544356834116419,0.9949380267085957,0.5635599566732026,4.0,0.0256723525913487,20.0,-3.3333333333333335,25.0,0.0,1.5541178665167878,1.4398709551853348
41.951,24.24651340353886,-0.2699928383735004,0.6647768534170004,0.9968524993176577,-0.0647038954873478,24.234718392890276,-0.46892101478372,0.655068943729808,0.9987780375641779,-0.08100764841581617,0.031212791177355533,0.15861715155636683,0.15701089588489583,0.014064313520343118,nan,nan,nan,0.9947965800416635,0.5596303990933447,4.0,0.02867586453992832,20.0,-3.3333333333333335,25.0,0.0,1.5581892079655209,1.433018353598758
42.001000000000005,24.277157231491802,-0.24528879645698523,0.6654683362234345,0.9600037364570264,0.16679283763514494,24.265669571075314,-0.44512333064133147,0.6532109241920905,0.9110122733838782,0.2599183924862953,0.031180448541282404,0.1602073607536445,0.15850281136885355,0.014263313321250517,nan,nan,nan,0.3,-2.5364237418128144,5.0,-0.034335989259328126,25.0,0.0,20.0,-3.3333333333333335,-5.0,4.5037599231605
42.050000000000004,24.31837406792641,-0.21158618018092945,0.6994237916249578,0.8366602888508247,0.802425499061217,24.3062394703732,-0.41226170255289496,0.6783463642448027,0.7925186096385762,0.8229745007670803,0.03105199120564766,0.16255987569645322,0.16069837638187837,0.014005089591669833,nan,nan,nan,0.3,-2.535108037350332,5.0,-0.03696823474191879,25.0,0.0,20.0,-3.3333333333333335,-5.0,4.271488925895779
42.1,24.34260653575447,-0.1914476327569655,0.7378978186952615,0.7572356469138355,1.037726964547168,24.330138130920094,-0.39269092819401197,0.7126758614457717,0.7136652972009113,1.053667889682458,0.031043718368443766,0.1641263724654823,0.16217374200973855,0.014204498183438713,nan,nan,nan,0.3,-2.532689778320444,5.0,-0.041806630963948266,25.0,0.0,20.0,-3.3333333333333335,-4.914019180098001,3.844048713131353
42.150000000000006,24.37426228832902,-0.16435542117965207,0.8069922314151717,0.6506121032124762,1.209122969211825,24.29285259652884,-0.3922987333439734,0.7847977427612944,0.6103191636056438,1.2098645232548584,0.030556065152356104,0.15813782783732777,0.15636715174539986,0.013949320379118384,23.70604790978604,-0.6524377320747388,1.7061420693689817,0.3,-2.531176849980966,5.0,-0.04483390783479385,25.0,0.0,20.0,-3.3333333333333335,-4.664578635013138,3.810484840499439
42.2,24.392618737320827,-0.14789033274813154,0.8566626250680379,0.5928670742426139,1.254896920184048,24.309574824041206,-0.37520513023876423,0.8342818239499437,0.5616776429829373,1.2538601758527914,0.030566396431380975,0.15971654761428233,0.1579197648332206,0.014149051206708107,nan,nan,nan,0.3,-2.520680672315187,5.0,-0.06584252691839815,25.0,0.0,20.0,-3.3333333333333335,-4.362400204806804,3.8028288528986245
42.25,24.416642548153284,-0.1248762036562996,0.9329560425260156,0.5210776519414331,1.2786157323013114,24.328741458916745,-0.34840970270689536,0.9133053037585787,0.499565796554004,1.2692388045122158,0.030282582517107276,0.16203813479246407,0.16027292276396193,0.01390449697375718,nan,nan,nan,0.3,-2.51821009884973,5.0,-0.0707894415309484,25.0,0.0,20.0,-3.3333333333333335,-4.003730757301384,3.7811306701341487
42.300000000000004,24.43695171324485,-0.10341410231707475,1.0096151806663598,0.46352284400979915,1.275668623477553,24.340560538573442,-0.33270513180066713,0.9644681424938595,0.4677471995399075,1.2527533372578752,0.030290395303817937,0.16357053247363582,0.16189132396976838,0.014104610079994133,nan,nan,nan,0.3,-2.512386958260196,5.0,-0.08245284876930942,25.0,0.0,20.0,-3.3333333333333335,-3.8949207251077267,3.731615733442914
42.35,24.448691477568882,-0.08976052665455173,1.0603922657405158,0.43164122202135935,1.267341290996703,24.301031533696545,-0.2886895533792762,1.0448320368385102,0.4256884767024251,1.2719871420354663,0.030108977960290217,0.15746175949557756,0.15623373052582346,0.013849228527218958,23.788938986119554,-0.06618438699335251,1.3758898421613857,0.3,-2.5091374552334127,5.0,-0.08896379580951508,25.0,0.0,20.0,-3.3333333333333335,-3.8949207251077267,3.731615733442914
42.400000000000006,24.459135326994158,-0.07654981354570152,1.1108096528730893,0.4040908880204232,1.2566598576107502,24.309288201902795,-0.2740473601849226,1.095361669469189,0.4044664982677815,1.231440655648223,0.03011085797421386,0.15898024072801484,0.15799068969329078,0.014180974399969293,nan,nan,nan,0.3,-2.479966503992433,5.0,-0.14751371755228665,25.0,0.0,20.0,-3.3333333333333335,-3.7504919162025208,3.707078669215034
42.45,24.472633534015745,-0.05740748783099857,1.1855781925597744,0.36945046994287756,1.2395603111991662,24.320251192437773,-0.2534380000272118,1.1699324723094868,0.3767647157723237,1.211155724718852,0.03023794063890723,0.161191980724065,0.16070381388912394,0.013888144622965424,nan,nan,nan,0.3,-2.4761866119895086,5.0,-0.15511678323522635,25.0,0.0,20.0,-3.3333333333333335,-3.667364594620515,3.6823939580235705
42.5,24.480325602772393,-0.04504152653961582,1.2348386750980072,0.35027923908871794,1.2259103751795637,24.325909516376555,-0.23963389755291314,1.219192069117005,0.36229185070018827,1.1960786877989773,0.030248919701629663,0.16263561281281685,0.16258697319173918,0.014085228707571305,nan,nan,nan,0.3,-2.4706886734383993,5.0,-0.16618363441959674,25.0,0.0,20.0,-3.3333333333333335,-3.5322357147096026,3.6265321898104155
42.550000000000004,24.490122114688745,-0.026985867366682126,1.307668311074512,0.32610761163807805,1.2049031169455955,24.336381060116892,-0.15806265656894777,1.294393320784355,0.3500687430164802,1.2071799127824407,0.03008482019749197,0.15652012608175456,0.15721269758338483,0.01391762958452516,24.32552722826246,0.39141356367742125,1.3767198678121213,0.3,-2.4665452245522173,5.0,-0.17453066854725843,25.0,0.0,20.0,-3.3333333333333335,-3.450440306254851,3.5850407840370604
42.6,24.495592533220236,-0.015254426562558172,1.3555570349791652,0.3123796802546686,1.191125726940483,24.340009975609824,-0.1446540243658785,1.3423626882554578,0.3391652788483373,1.1656871470567243,0.030084640809275788,0.1579310550727921,0.1592611754864478,0.014116670676037587,nan,nan,nan,0.3,-2.4358405439102624,5.0,-0.23659347624992397,25.0,0.0,20.0,-3.3333333333333335,-3.362172016773222,3.5309383804557317
42.651,24.50236118645257,0.0019223202815530549,1.4263890929623677,0.29491477797116594,1.1719558217911934,24.344086607802417,-0.12503000567201575,1.4130461677615855,0.32481874715348186,1.1333937754469225,0.03009048290945889,0.15998135770053928,0.1624442130030836,0.014412534234762853,nan,nan,nan,0.3,-2.4244114016415472,5.0,-0.2598040343382919,25.0,0.0,20.0,-3.3333333333333335,-3.194575521500204,3.4358926714716174
42.701,24.507564274849866,0.018640245509879017,1.4960787914778562,0.2809449680729747,1.1523106665484149,24.3450136067796,-0.11134821320626205,1.4615592632162588,0.3172794985333314,1.1533037214449686,0.02994358480446191,0.1612928907454192,0.1646274459450876,0.014048408766709692,nan,nan,nan,0.3,-2.4244114016415472,5.0,-0.2598040343382919,25.0,0.0,20.0,-3.3333333333333335,-3.194575521500204,3.4358926714716174
42.75,24.510240179708834,0.029556273956708037,1.5418610176582392,0.273174519521009,1.1382483081970298,24.346644042298767,-0.09259728779092459,1.530267922465818,0.30734623367728675,1.131066376131855,0.02995225460856873,0.16321285036431055,0.16801495671091762,0.014345262993989106,24.442525376744296,0.02315887723883378,0.08064933556906416,0.3,-2.419070483053876,5.0,-0.27067376727194836,25.0,0.0,20.0,-3.3333333333333335,-3.1109763923335914,3.3740473132387896
42.806000000000004,24.513160263008256,0.04560944281351947,1.6094810363049428,0.26353287186713303,1.1171541421770859,24.35586970322665,-0.06048421599335811,1.6005352562307917,0.3019177727759267,1.1187741694637703,0.02971774733110021,0.15702454187876297,0.16270463511665778,0.014087101244568958,nan,nan,nan,0.3,-2.4037759892932224,5.0,-0.3018900739046395,25.0,0.0,20.0,-3.3333333333333335,-2.96030739380976,3.261181538430824
42.852000000000004,24.514424668661086,0.05610892818423462,1.6538755793244435,0.25807574536581207,1.1042511805797168,24.355379832035737,-0.04846264546913737,1.6438626845579138,0.2972234663550106,1.08292852066053,0.02970966948873446,0.15828485609115678,0.16510426514559237,0.014285248371956548,nan,nan,nan,0.3,-2.4037759892932224,5.0,-0.3018900739046395,25.0,0.0,20.0,-3.3333333333333335,-2.870003887978202,3.192790355495432
42.901,24.515367240970587,0.07155836310344706,1.7195120292634776,0.25129354337428167,1.0849638821259,24.355176406439963,-0.03730227889945556,1.6868973631660997,0.2933613520199105,1.1017840503636376,0.029879736562147645,0.15951351927018248,0.16753888750919713,0.013936544796807062,nan,nan,nan,0.3,-2.3962769359543192,5.0,-0.31724757523353037,25.0,0.0,20.0,-3.3333333333333335,-2.870003887978202,3.192790355495432
42.951,24.515394493389078,0.08166687792351689,1.7625978457726945,0.247593618826143,1.071387540085925,24.35277766962275,-0.019979288348606926,1.7522900071417364,0.2882620151589007,1.0778652355226779,0.02988896885710386,0.16133403482658226,0.17126116456827487,0.014235084171387856,nan,nan,nan,0.3,-2.3840384059627087,5.0,-0.34239058091049174,25.0,0.0,20.0,-3.3333333333333335,-2.7138444205303305,3.0644340732769493
43.0,24.514964889309617,0.09162388751170292,1.8051647403597282,0.24445250059413032,1.057888207855136,24.343355657493998,0.039845460172476234,1.7939456947647958,0.2947510050110491,1.0573375651031984,0.030003344907356806,0.15462814749472012,0.16428546283302808,0.013878040413218197,24.233139424891874,0.4527670788978155,0.8340997536491126,0.3,-2.3840384059627087,5.0,-0.34239058091049174,25.0,0.0,20.0,-3.3333333333333335,-2.7138444205303305,3.0644340732769493
43.050000000000004,24.513504120203194,0.1062685206437549,1.8680867730460544,0.24003008527079178,1.0421574149029895,24.33910431945956,0.056910773039114584,1.8565051447632246,0.2897934886770044,1.0226950491237623,0.030002155248956164,0.15651118452681176,0.16808781608082332,0.014177445194365125,nan,nan,nan,0.3,-2.3574476051988507,5.0,-0.39739417250280173,25.0,0.0,20.0,-3.3333333333333335,-2.70906041831282,3.040445551252441
43.1,24.512015127516676,0.11581441162994228,1.9095559715587547,0.23738592015442514,1.0317786271238667,24.336577690214888,0.06740100825808756,1.8969112754590505,0.286965958300379,1.048530788895225,0.030199407265357685,0.15775761896327478,0.17063796296932343,0.013828679970635529,nan,nan,nan,0.3,-2.349496081641461,5.0,-0.413951589138377,25.0,0.0,20.0,-3.3333333333333335,-2.6333140977588934,2.9800821052667987
43.150000000000006,24.50904451756098,0.12981577977133724,1.970935206552386,0.23428353609077676,1.015239873998365,24.33075255817791,0.0835227147952302,1.957144535449041,0.2832256656329653,0.9879497687257304,0.030185682669769044,0.1596494616142661,0.17447581565073295,0.0141288316982736,nan,nan,nan,0.3,-2.344644099293006,5.0,-0.42408151417780554,25.0,0.0,20.0,-3.3333333333333335,-2.5650814327218225,2.920983733444585
43.201,24.505226688905637,0.14343452301154216,2.0313063639000988,0.23194249492767507,0.9991012783406437,24.326394150021752,0.09394853699309981,1.9985266657856287,0.28128682138162525,1.0189699775406986,0.030209469327990172,0.1609262495413394,0.1770290822457615,0.014327089782341682,24.657849300606987,0.6604918417152176,1.5317676088065906,0.3,-2.336693154411489,5.0,-0.44072678673121324,25.0,0.0,20.0,-3.3333333333333335,-2.5048605707666156,2.872822466209971
43.25,24.502228908208835,0.15229984967456164,2.0709968397919423,0.23075870948977478,0.9872357073960576,24.35147487579083,0.17516609318501497,2.0615412138500986,0.2908871154417342,0.9890474484662938,0.02995256949763831,0.1552084824354799,0.17064803791519173,0.014072795256772653,nan,nan,nan,0.3,-2.3314100037659253,5.0,-0.45181920501911493,25.0,0.0,20.0,-3.3333333333333335,-2.4349279218616218,2.8096420089899166
43.300000000000004,24.49888549057191,0.16098281865146213,2.1102281518811856,0.22929133908174498,0.97603455791049,24.345905584873634,0.18534793246078057,2.1006621124581155,0.28797404795756115,0.9647282104250242,0.029952308773273043,0.15660735849643098,0.173157050774962,0.0142715713967074,nan,nan,nan,0.3,-2.306032344555819,5.0,-0.5054840130484187,25.0,0.0,20.0,-3.3333333333333335,-2.404614219186046,2.7509830683619265
43.35,24.493267375516957,0.17362146226698574,2.1682999946075654,0.2270884281751287,0.9614092145897676,24.336878784307583,0.20003857375549927,2.158718621507763,0.2841408768547488,0.9515839503817348,0.029946249754436476,0.1587605896978812,0.17687370707814565,0.014025163170426354,nan,nan,nan,0.3,-2.300606386171704,5.0,-0.5170451021793249,25.0,0.0,20.0,-3.3333333333333335,-2.3591292540393787,2.7148386032699006
43.400000000000006,24.489131452518922,0.1817920256819782,2.2065143577815536,0.2261081145621055,0.9503959021927033,24.330497467076206,0.2094170620867,2.197019752866326,0.28215297130308037,0.9384259321989185,0.029950634869356858,0.16024813697061602,0.17931317905404945,0.014355549933146297,25.299875916379985,0.8423049748830213,4.822289825915641,0.3,-2.292547844573004,5.0,-0.5342756226378819,25.0,0.0,20.0,-3.3333333333333335,-2.283243772147424,2.6512455908436454
43.45,24.482359374298344,0.1936682839767536,2.263005560963959,0.22506955377283294,0.9346173595494728,24.411290438378717,0.29656709850388796,2.2534550184082214,0.2884725214342625,0.9214612615136217,0.030024870989342832,0.154986657607134,0.17237151694315053,0.014062750410840983,nan,nan,nan,0.3,-2.287261600719152,5.0,-0.5456187145347214,25.0,0.0,20.0,-3.3333333333333335,-2.235556614118558,2.6104145009046307
43.5,24.474940337145615,0.20506918099661078,2.3185618123409513,0.22382370295971418,0.9190304642539694,24.40394780708708,0.30543060741449946,2.291096314420951,0.28595171689753646,0.9260193328542965,0.030036157483440493,0.1566415245942831,0.17471537891485994,0.014261215792420076,nan,nan,nan,0.3,-2.2744180945936194,5.0,-0.5733160509520743,25.0,0.0,20.0,-3.3333333333333335,-2.1861459815007636,2.5426215918215767
43.550000000000004,24.4696615902606,0.21238937505487676,2.3550509460105102,0.22313649500289773,0.9078407862995089,24.392870590731306,0.3179338382929993,2.3463318595384095,0.28265251401522773,0.9342448230783853,0.030160977495491546,0.15921731988481166,0.17814813104196336,0.014002497780970543,nan,nan,nan,0.3,-2.2691368647547128,5.0,-0.5847638951682963,25.0,0.0,20.0,-3.3333333333333335,-2.131650239821108,2.4963906779072222
43.602000000000004,24.461259230296356,0.22295108665245253,2.4089118460063426,0.22260331333203404,0.8897700779728336,24.384892505764395,0.3259199502248428,2.3832495706238923,0.2809380493683999,0.8943634580629425,0.030160300117188784,0.16100799587404857,0.1803745850062495,0.014201528217260784,nan,nan,nan,0.3,-2.2564631439540705,5.0,-0.6123820382672551,25.0,0.0,20.0,-3.3333333333333335,-2.0166625494250874,2.3982644619294304
43.651,24.455342297771555,0.22971361572054314,2.444240402428466,0.22251640318801108,0.879138798958835,24.415334547988316,0.3739677046796498,2.44144139891257,0.2809481758262912,0.8747570834266798,0.029763177774862964,0.1559439937229011,0.17271854977407902,0.013949769731031765,24.86055112268621,0.6564445188008621,1.2194002882608408,0.3,-2.2564631439540705,5.0,-0.6123820382672551,25.0,0.0,20.0,-3.3333333333333335,-2.0166625494250874,2.3982644619294304
43.7,24.449181663821463,0.2362502578783516,2.479159341125792,0.22251146192331964,0.8681647733595822,24.40668792308827,0.38112132959455963,2.476773406937019,0.2795063265524149,0.8545149242740765,0.02976598075800839,0.15791785497478342,0.174815159554221,0.014149333288392992,nan,nan,nan,0.3,-2.2459412550846864,5.0,-0.635473979708544,25.0,0.0,20.0,-3.3333333333333335,-1.9525390842331467,2.335063208572501
43.75,24.439503902024455,0.24562577224657595,2.5307129969271913,0.22272316882772075,0.8525853410190933,24.393944417188724,0.39115055905202106,2.526964965637095,0.2776485034524531,0.8750282259519392,0.029949391704766726,0.16099138397711613,0.17786095287512158,0.013904583048903794,nan,nan,nan,0.3,-2.2410674352396636,5.0,-0.6462224399533183,25.0,0.0,20.0,-3.3333333333333335,-1.912273549878043,2.300147905711406
43.800000000000004,24.432770784739798,0.25158728947537956,2.564552939765266,0.22304802585619318,0.8408338313766099,24.384825465011556,0.39747425131401787,2.5604497644145567,0.27669392327637693,0.8380129691536383,0.02994391275211821,0.16312099066185687,0.17982116251586847,0.014104611965781999,nan,nan,nan,0.3,-2.234104961438898,5.0,-0.6616360884984567,25.0,0.0,20.0,-3.3333333333333335,-1.8358790797943003,2.230444479754926
43.85,24.422264534323862,0.26009386776159454,2.614438441540711,0.2237822115989118,0.824853355103728,24.366464835733037,0.5243316747528095,2.604452275262908,0.29767715197762856,0.8204451671089781,0.03038701250570989,0.15801233687536248,0.1716830090420944,0.013852035032799732,24.40407385973753,1.415309773961249,3.622549174385629,0.3,-2.229461185704765,5.0,-0.6719560030683968,25.0,0.0,20.0,-3.3333333333333335,-1.8054091257664238,2.2040035700914586
43.900000000000006,24.4113340703019,0.26803975113579986,2.6636294585011155,0.2228241796608265,0.8171443421751505,24.35621772469047,0.5303220729130073,2.6375194500794343,0.29411449817662755,0.8207089901013256,0.030392080613689296,0.1602950120736286,0.173527186025225,0.01405257665159481,nan,nan,nan,0.3,-2.1783999021581977,5.0,-0.7876924042431968,25.0,0.0,20.0,-3.3333333333333335,-1.8544411774829306,2.190202078105329
43.954,24.403868817572494,0.2730001987503391,2.6961701877770787,0.22207268523377718,0.8109182457858365,24.340310353495177,0.5385086276929056,2.687655002420998,0.2894027157757347,0.7930498304259552,0.030257183345633605,0.1638270488365362,0.17618628533359196,0.01380402884235164,nan,nan,nan,0.3,-2.173790428030322,5.0,-0.7983607913016437,25.0,0.0,20.0,-3.3333333333333335,-1.7447732397948912,2.106181588325353
44.0,24.39626212592005,0.2776964789770016,2.7284249725804863,0.22167307837814954,0.8027153150407095,24.329892824147077,0.5434904869609876,2.721099730004612,0.28695695455889325,0.829107056220022,0.030277075735553816,0.16625432664546674,0.17788633876464335,0.014098264654452469,nan,nan,nan,0.3,-2.1670654072715854,5.0,-0.813996238539328,25.0,0.0,20.0,-3.3333333333333335,-1.7447732397948912,2.106181588325353
44.050000000000004,24.384585003646645,0.284254200604142,2.7761184011963076,0.2215328290740704,0.7882503338653659,24.357029771628948,0.5982443334732387,2.7646912131204857,0.28332387011749066,0.7743433463060346,0.030589178685968776,0.16101388068929426,0.1696823680312344,0.013846052676021264,24.782283217847173,1.01294880828496,1.5546729097883294,0.3,-2.162816034901272,5.0,-0.8239200015832583,25.0,0.0,20.0,-3.3333333333333335,-1.682562598696023,2.0519603831490647
44.1,24.376625364167502,0.28830380105394576,2.807430217131093,0.2217524207207809,0.7792561101308613,24.34647674787943,0.6023277213965631,2.7959978809916173,0.28171690266618865,0.7746388164746476,0.03059461905904496,0.16355660578624645,0.17128313604988987,0.014043509922811665,nan,nan,nan,0.3,-2.1498468525574683,5.0,-0.8544250855967582,25.0,0.0,20.0,-3.3333333333333335,-1.652668101594347,2.033798945865722
44.151,24.364426333850485,0.2938971941218959,2.8537604851866645,0.22239485004619172,0.7665280426639574,24.330530441294513,0.6077908106722799,2.8428921675466254,0.27961605298162484,0.7680031902722863,0.03060207151499448,0.16746700541960105,0.17358721679016148,0.01443192665867695,nan,nan,nan,0.3,-2.1459416582580997,5.0,-0.8636764340648839,25.0,0.0,20.0,-3.3333333333333335,-1.6085801745589599,1.9954460760509314
44.2,24.35612777204182,0.2973062487239903,2.884198235488792,0.222994317056473,0.7566150258213232,24.320263372323346,0.6111626748024984,2.8706000202589532,0.2785654568200728,0.7409384240467572,0.030763796881233,0.170129251344179,0.1750617434924066,0.014062722898979597,nan,nan,nan,0.3,-2.1403122999590187,5.0,-0.8770674184964582,25.0,0.0,20.0,-3.3333333333333335,-1.5456761594537085,1.9398638073502903
44.25,24.343441397590315,0.3019412378344349,2.9290979523921847,0.22410076129056739,0.7425215685664148,24.304124875794617,0.6153881702551184,2.9153874102577593,0.277173695790678,0.7319117641906131,0.030768450596150007,0.17420257110631127,0.17718288054373918,0.014449737917612886,24.502897343525113,0.5762845010808444,0.1459027256176474,0.3,-2.136753079337338,5.0,-0.8855681242114382,25.0,0.0,20.0,-3.3333333333333335,-1.518167359986122,1.9165785235263566
44.300000000000004,24.334794522752123,0.30472172345785625,2.958572693178246,0.2272481429086207,0.7326408162568161,24.315251246562326,0.610594559054725,2.9448654439695208,0.2750390508923377,0.6871706847275276,0.03065573571714918,0.16707981627852891,0.1682594784330758,0.014080512095816454,nan,nan,nan,0.3283455647895023,-2.1315530658832484,5.0,-0.89803597613778,25.0,0.0,20.0,-3.3333333333333335,-1.3845280813465008,1.9386770004167444
44.35,24.32125389334,0.308474454938751,3.00202759098106,0.23809635285764258,0.7182541803979896,24.298881877102648,0.6136053828371927,2.9893601286836375,0.28451648492818304,0.728082716481923,0.030676419245039686,0.17125541227996605,0.17028950941325138,0.014376436323984746,nan,nan,nan,0.35999759605614706,-2.1357888531470306,5.0,-0.8878756504794286,25.0,0.0,20.0,-3.3333333333333335,-1.2614363289092574,1.9964201534978265
44.400000000000006,24.31166865148574,0.31071231537106736,3.0304951728784735,0.24951061588751391,0.7067293756417241,24.28771111216,0.6154068836949131,3.016697468945992,0.29651782731847925,0.6996221263105779,0.030772312866247382,0.17407982782415435,0.17159223513194546,0.014016403234441123,nan,nan,nan,0.39671136894275694,-2.1309603046290015,5.0,-0.8994608997451969,25.0,0.0,20.0,-3.3333333333333335,-1.0957744040113202,2.0103540444039845
44.45,24.29619116257181,0.3136637192646567,3.072312830657416,0.2703154602862129,0.6905471714659002,24.269665773902307,0.6173936970908895,3.060460091823912,0.31567038774184036,0.6803568062618891,0.030780457803368192,0.17836487886669863,0.173475006017691,0.014313305427972265,nan,nan,nan,0.41875421173598376,-2.1277645338728397,5.0,-0.9071562645697858,25.0,0.0,20.0,-3.3333333333333335,-1.023831524610932,2.032640687422868
44.5,24.28506370327566,0.315338848315533,3.099688868317704,0.28654495885763287,0.6802136828838835,24.270450551015937,0.5744196953266655,3.0916662536404154,0.3256148941054958,0.6913499991404684,0.030533427588735885,0.17044977370539247,0.16486641077429676,0.013947661074481296,24.336289657077288,0.22406565597379097,0.5691069351321667,0.4537863972652537,-2.122938730401748,5.0,-0.9188191459131951,25.0,0.0,20.0,-3.3333333333333335,-0.8977769883622281,2.0572970214900383
44.550000000000004,24.26692245338788,0.3173640201582148,3.1399112600193546,0.31619673154007366,0.6622931580519352,24.250392240577924,0.5751490810328397,3.132432862934568,0.35471023983083133,0.6731275889859799,0.030538411522064726,0.17473464096536467,0.1667170946613534,0.014245609035087738,nan,nan,nan,0.49450080236730976,-2.137983130905892,5.0,-0.882627299077474,25.0,0.0,20.0,-3.3333333333333335,-0.6143637319068308,2.092867048421744
44.6,24.25371018521229,0.318345740052794,-3.117092550512806,0.33861208621848427,0.6496344084660202,24.23556533278758,0.574722528468516,-3.1207293484986627,0.37716625970481943,0.636214569222099,0.030295341067833083,0.17759964003992873,0.1679143994000824,0.013888385188252434,nan,nan,nan,0.5253508295497509,-2.133083489101161,5.0,-0.8943605334048947,25.0,0.0,20.0,-3.3333333333333335,-0.6143637319068308,2.100141062335959
44.650000000000006,24.232138588198573,0.3191732233825602,-3.0786805153859302,0.37302038781884117,0.63397180236219,24.21229461956064,0.5739289253802982,-3.0822746085017316,0.410265248380927,0.6146545078353138,0.030297688096201682,0.18188782363168204,0.16966704405306876,0.014184387530397068,nan,nan,nan,0.5479203860806039,-2.1298092307460585,5.0,-0.9022301088789156,25.0,0.0,20.0,-3.3333333333333335,-0.5490584919412775,2.114730205938856
44.701,24.20847394203739,0.31911703258077884,-3.041122442083981,0.4076094881685262,0.620270566163186,24.19568585377491,0.572838787251781,-3.058165900731067,0.4332431076202435,0.5916259158345332,0.030294825022164934,0.18472598344633034,0.17081166324894992,0.014473587145243307,24.780190640579566,0.04607725307393523,2.1652129495433994,0.5755317164717603,-2.124732476543578,5.0,-0.9144780603890607,25.0,0.0,20.0,-3.3333333333333335,-0.4223938742916664,2.114013098454528
44.75,24.191558538668467,0.3185267121210362,-3.0165158524640354,0.4302986266457144,0.6122466771199234,24.247058477293255,0.5077393217887075,-3.018921554473529,0.4480178281905498,0.5962330690685939,0.030222501396394125,0.17730670700473192,0.16328750170548542,0.014200738163524235,nan,nan,nan,0.5923185613474358,-2.1213030654215834,5.0,-0.9227838962787621,25.0,0.0,20.0,-3.3333333333333335,-0.4223938742916664,2.1148938989691572
44.800000000000004,24.173698254428782,0.31745753533349985,-2.9922934940072365,0.45674425525392576,0.599738508222335,24.228982875861746,0.5053969952797613,-2.9941711064037437,0.47820419186574736,0.5987594054004698,0.030231664572298218,0.18005416412833755,0.16446791197898547,0.014397684290263885,nan,nan,nan,0.6501525593162465,-2.1559104349655653,5.0,-0.8401214625327457,25.0,0.0,20.0,-3.3333333333333335,-0.0937090571821817,2.1726898196023274
44.85,24.14485942485327,0.314792733507413,-2.957003673588099,0.49844883153067715,0.580258135816096,24.19983867766264,0.5007998373672142,-2.9590965375561002,0.5205462420721974,0.5689816197078243,0.030272867711240697,0.1841124544401788,0.16622025280703828,0.014131868610892915,nan,nan,nan,0.6662043555180722,-2.1524823522583194,5.0,-0.8481990687324885,25.0,0.0,20.0,-3.3333333333333335,-0.0937090571821817,2.1523496809337157
44.900000000000006,24.124371216046967,0.31226441488665224,-2.9340619671953982,0.5243291397990605,0.5692496475018888,24.179124266847477,0.49685297486950747,-2.9360033814747446,0.5466289849327328,0.563173764135603,0.03027783225739837,0.18676461929039997,0.1673828330572966,0.01441765210429015,24.194969942891884,0.4218089349509854,0.021042547679472303,0.6881700087886218,-2.1472640224337844,5.0,-0.8605402945981071,25.0,0.0,20.0,-3.3333333333333335,-0.04647726984036038,2.1338349797603273
44.95,24.091929027547028,0.30728386753697157,-2.9003995833002,0.560411509113442,0.5551995335728425,24.149328945455917,0.4826220519894344,-2.9053212161363198,0.5819826343024764,0.5247351866913332,0.030513245511640853,0.1787300591447594,0.16047256650090108,0.014151384591259607,nan,nan,nan,0.7022834118698646,-2.143806999210153,5.0,-0.8687465942390402,25.0,0.0,20.0,-3.3333333333333335,-0.006728130646105779,2.1193220048391868
45.0,24.0692636300555,0.3031467142517691,-2.8783866049286084,0.582916688198208,0.5469975593122166,24.126502406393165,0.47699938288505356,-2.882859742361728,0.6046515788211009,0.5651415459325745,0.03052879604263069,0.18124410141289612,0.16170053696347372,0.014348522942955107,nan,nan,nan,0.7224314935284772,-2.141837330917667,5.0,-0.8734332212904686,25.0,0.0,20.0,-3.3333333333333335,0.04044736694256246,2.111110873245455
45.050000000000004,24.033872740609546,0.29564125182843026,-2.8459723389045353,0.6143853441592085,0.5344448459050433,24.09097897077308,0.46749313447918905,-2.852262064030902,0.635769553819009,0.5022960778141905,0.030615803883572542,0.1849162935906178,0.16353943883061645,0.014078172052895464,nan,nan,nan,0.7355149496718197,-2.1384898470930067,5.0,-0.8814167635044556,25.0,0.0,20.0,-3.3333333333333335,0.09979095369292634,2.0807874027530304
45.1,24.009446782190825,0.28975092653101114,-2.824775001810331,0.6339045247158434,0.5269101929564357,24.06645245763543,0.46005741608727996,-2.8312862021935126,0.655269273092104,0.5234618019175784,0.030625182224315158,0.18729368679410463,0.1647694969925276,0.01427604631523596,nan,nan,nan,0.7526623717362938,-2.133562182557991,5.0,-0.893211943429363,25.0,0.0,20.0,-3.3333333333333335,0.12921639385626915,2.0834791760236504
45.150000000000006,23.971709022930334,0.2795639029470666,-2.7934991912700475,0.6610976464864133,0.5163310247745062,23.90269567611026,0.42007296592417137,-2.8049721898354583,0.7020818990958567,0.4889724952947655,0.031038421810431645,0.17859583858700884,0.15826888446909135,0.014014446326567379,23.02583030456507,0.0905518316526932,4.205777964281456,0.7643188525726459,-2.130474236527302,5.0,-0.9006299134029355,25.0,0.0,20.0,-3.3333333333333335,0.17898684202801363,2.062653297492582
45.2,23.932941833448755,0.26776715133193857,-2.7627553002173775,0.6817026350742083,0.5097557313122024,23.876134932593434,0.4106182160812514,-2.7840489194188156,0.7129355655165714,0.4962523665173424,0.031045034623369636,0.18082911485888084,0.1595714440375639,0.014212973437490409,nan,nan,nan,0.766020421714524,-2.1068031191985988,5.0,-0.9581967587210095,25.0,0.0,20.0,-3.3333333333333335,0.10654210235223971,2.009871318027006
45.251000000000005,23.906706543555263,0.2590521364256347,-2.7424693898282193,0.6941895574308194,0.5048453624818326,23.835949187347396,0.39399047720835023,-2.750327157284198,0.7285830337631942,0.5048244720204316,0.030784006496590865,0.18407462289360635,0.16152520770947984,0.013959758072026754,nan,nan,nan,0.7775511216923944,-2.1040145733000153,5.0,-0.9650631809719881,25.0,0.0,20.0,-3.3333333333333335,0.16285088720882723,2.005952032351354
45.300000000000004,23.88017824754936,0.2496376950519344,-2.7224134546883794,0.7071061701895953,0.4980112437094687,23.808955604872015,0.382688599244201,-2.729646609681448,0.7404440824419959,0.49216063425723794,0.030788208754616353,0.186168942351572,0.1628348567898598,0.014158866799549771,nan,nan,nan,0.7962433199841523,-2.100590793580346,5.0,-0.9735191067220524,25.0,0.0,20.0,-3.3333333333333335,0.2567490821758751,2.002098595671087
45.35,23.839844080591416,0.23415293180077543,-2.692893409718191,0.7265193870352724,0.4871225309605925,23.812009404780632,0.3225427358676427,-2.700380912544053,0.7530387189131899,0.4917890541733633,0.030875335879436968,0.17713759907901608,0.1566261642971784,0.013898748216099708,24.121461361034644,-0.049439049205664776,1.036919994835746,0.8072581487267163,-2.09834188442096,5.0,-0.9790887213313273,25.0,0.0,20.0,-3.3333333333333335,0.3029017349259878,2.003087403301661
45.400000000000006,23.798859855344656,0.2169832813260529,-2.6641563060561846,0.7485538912333075,0.47154373597704574,23.784698522057457,0.30947698854071876,-2.6808410752837375,0.7680673543251008,0.4622858324595315,0.0308762519434246,0.17911938113646883,0.1580043846614508,0.014098480155409964,nan,nan,nan,0.8359368698752151,-2.11942220311758,5.0,-0.9273503945971158,25.0,0.0,20.0,-3.3333333333333335,0.46593479973880403,2.0153796846795338
45.451,23.771145528344338,0.2045505287100965,-2.6455330017395595,0.7632115042135753,0.4617745569915435,23.74291209089079,0.29053124206302156,-2.657928686666227,0.7885228218390777,0.47399856217422387,0.03132394024365683,0.18201105676327373,0.16006886616971155,0.013846583173851748,nan,nan,nan,0.8455627613270866,-2.117663142171819,5.0,-0.931628387693634,25.0,0.0,20.0,-3.3333333333333335,0.4956368234123456,2.0153419567804756
45.5,23.72910549655017,0.18444840563150802,-2.618292405923768,0.783252153629177,0.447899939430178,23.71493870528724,0.27568268749506664,-2.6399422085724917,0.8011134477217318,0.4508688932944473,0.031324065248264074,0.1838859879774854,0.16145137389945355,0.0140468734041454,nan,nan,nan,0.8560033647201792,-2.1146209478133526,5.0,-0.939043515328118,25.0,0.0,20.0,-3.3333333333333335,0.5397776028432164,1.9905019696624604
45.550000000000004,23.700832494762103,0.1700987197645912,-2.6005776528945437,0.7957066289925769,0.43952121048468096,23.636046995446318,0.2056084783266793,-2.604323827829087,0.8239624461046742,0.4207610239278496,0.030538302195306982,0.1750069772524533,0.1555443118408225,0.013797729790015676,23.373339008357068,-0.18880650095215257,1.0758103553074363,0.8645128840930284,-2.1133262726590014,5.0,-0.9422056136127338,25.0,0.0,20.0,-3.3333333333333335,0.5699222918819593,1.9890749849868723
45.6,23.658112005387867,0.14716126939529423,-2.574673974671191,0.8145517410929406,0.425172863235343,23.607702399242534,0.1885585477576367,-2.586839445584609,0.8356462823818221,0.4232235344223644,0.03054495674555987,0.1768056844202552,0.156989028178601,0.01408679948673492,nan,nan,nan,0.8846611100986952,-2.11929414449156,5.0,-0.9276615941779881,25.0,0.0,20.0,-3.3333333333333335,0.6630416969942454,1.9815219278645466
45.650000000000006,23.629446343046187,0.1309251053129276,-2.557901706834625,0.826572211509359,0.41533670266242984,23.565037568421115,0.1616178961455658,-2.561595474049961,0.8514786193341498,0.4116754469993821,0.030550600896134834,0.17943799897555757,0.15915839192394884,0.014383467391524483,nan,nan,nan,0.8923922881947042,-2.1186621580463494,5.0,-0.9291979475057401,25.0,0.0,20.0,-3.3333333333333335,0.7023992631208947,1.9683522981977823
45.7,23.586257031316958,0.105190834715797,-2.5334535577451716,0.8434310625127617,0.4011857001490678,23.53563101196778,0.14579964843512355,-2.5506946458086013,0.8617533992784198,0.40533345224880485,0.031090122934945626,0.18115131622623268,0.1605931737821622,0.014023078890733726,nan,nan,nan,0.9032779389613967,-2.1181481505673343,5.0,-0.9304481604308206,25.0,0.0,20.0,-3.3333333333333335,0.7537397923156947,1.9547414051640692
45.75,23.557387402949686,0.08713954839286463,-2.51760392535146,0.8535125898433215,0.392869558742274,23.492705472803575,0.11648478478465847,-2.526407888720364,0.8751013212722507,0.3795221509936504,0.031093394546051728,0.18365858390310663,0.16275898118115018,0.014320638341651275,23.392387282870263,-0.018754743536827503,0.09972927571411816,0.9073580224611726,-2.116854061421527,5.0,-0.9335984054024113,25.0,0.0,20.0,-3.3333333333333335,0.766888761631809,1.944143752993988
45.800000000000004,23.514053774353258,0.05877229168358765,-2.4944269396045677,0.8677459176766542,0.38095392343485607,23.452868284383577,0.08068277977968313,-2.5060351805825443,0.8852782521206825,0.3933166137182008,0.030674783649353443,0.17406315216085486,0.15625190819792367,0.013966722320249961,nan,nan,nan,0.9173934857939257,-2.117092463516877,5.0,-0.9330177694710264,25.0,0.0,20.0,-3.3333333333333335,0.81277055454541,1.9370991093609504
45.851000000000006,23.485168913825422,0.039015014103000636,-2.479411475677364,0.8770555178751017,0.3713117834319058,23.41015631554712,0.04870996594508183,-2.4839730491108956,0.8972325273107257,0.3709072639272706,0.030676551534724053,0.1765153574022262,0.15849427422800352,0.014265156022511417,nan,nan,nan,0.9265053157324369,-2.1202554492330083,5.0,-0.9253263969023862,25.0,0.0,20.0,-3.3333333333333335,0.916152026120862,1.9069808332185187
45.901,23.456306501393364,0.018593094045324575,-2.4647805120829824,0.8860124970536247,0.36168389750378627,23.382306018936273,0.025311437525571388,-2.465535331832152,0.9051890948541692,0.3852305790898425,0.030473143719073784,0.1781141480785231,0.15997624894302404,0.013919112860277333,nan,nan,nan,0.9350067580708618,-2.121454843031071,5.0,-0.9224157452352456,25.0,0.0,20.0,-3.3333333333333335,0.916152026120862,1.9069808332185187
45.95,23.41309350963937,-0.013254815357969194,-2.4435564956339144,0.8987435686111482,0.34699784101390363,23.340022560336696,-0.00912370457135359,-2.4433213007186962,0.9162260766822725,0.3504488576507522,0.030475617996363842,0.1804648429938376,0.1622120253679004,0.01421829754249366,nan,nan,nan,0.9419442949145121,-2.1231136280811653,5.0,-0.9183955577716871,25.0,0.0,20.0,-3.3333333333333335,0.9679066251366059,1.886987273117692
46.0,23.37002440082426,-0.04651487991308551,-2.4232312731033963,0.9107316612537003,0.33246326029952417,23.306151947959613,-0.040400497796731,-2.422532476908075,0.9242217851436341,0.3147676494762892,0.029825206588217846,0.17116601267448123,0.15568736046115206,0.013863368568222924,23.26172418144678,-0.058281436331129935,0.01960420009075766,0.949844042028022,-2.125261785079738,5.0,-0.9131984304366422,25.0,0.0,20.0,-3.3333333333333335,1.0055663388016545,1.8793857995979268
46.050000000000004,23.341412357773844,-0.06944862518939622,-2.410157156686257,0.9185176028575424,0.3230464978122614,23.264508982136658,-0.07732195299904271,-2.4037725490374204,0.9343128226061751,0.29265873518650204,0.029826799680948864,0.17349138183683926,0.15799080808050736,0.014163405296097869,nan,nan,nan,0.9570133046357017,-2.1282596400249787,5.0,-0.9059626007593594,25.0,0.0,20.0,-3.3333333333333335,1.043809385249896,1.8748137763181538
46.1,23.312895268812586,-0.09297266107557149,-2.3974488927444355,0.9258680035343767,0.313817446759172,23.235915780107057,-0.10071365244090202,-2.3945743350089717,0.9408020874798035,0.3136948470443495,0.03013085911166165,0.17501344637172758,0.1595094954143322,0.013816595028108841,nan,nan,nan,0.9631423348748491,-2.1314259618261513,5.0,-0.8983414544042884,25.0,0.0,20.0,-3.3333333333333335,1.077466128111352,1.8603789015959578
46.150000000000006,23.27033606700547,-0.1293158870218563,-2.379079102540489,0.9357385347369,0.300045595473122,23.19461192862229,-0.13944201287040897,-2.375556004663231,0.9492029141553991,0.2998850368687873,0.03013580066314055,0.17726296262916044,0.16179775642842628,0.014117354743902777,nan,nan,nan,0.9659648551837511,-2.1329257857360737,5.0,-0.8947390387751541,25.0,0.0,20.0,-3.3333333333333335,1.1039127864839968,1.8379025566672111
46.2,23.228088133271605,-0.16685334104986213,-2.361556948138705,0.9446204168917657,0.28578480727642247,23.167290192904744,-0.16588399373126353,-2.363056530197295,0.9545180537100952,0.29845809954292335,0.030141199248707423,0.17873735919133987,0.16331810030706956,0.014316018670193525,22.212468081558015,0.21214213991353084,3.7544520095409912,0.9716358443886269,-2.1368123483528954,5.0,-0.8854263496040186,25.0,0.0,20.0,-3.3333333333333335,1.1719434718615196,1.8193588155964164
46.25,23.200112069243755,-0.19251001446333504,-2.350362066253196,0.9501173608123674,0.275993506220621,23.019099602345896,-0.17280082197396648,-2.3483906777116834,0.9658814676944404,0.26741807496999875,0.03031827688237152,0.17054262497343,0.15756398063125743,0.01406268115852701,nan,nan,nan,0.975154561777074,-2.139677892041002,5.0,-0.8785806638096054,25.0,0.0,20.0,-3.3333333333333335,1.1719434718615196,1.8033129066960598
46.300000000000004,23.17231570064071,-0.21863539092287032,-2.3394750128427875,0.9540686127177758,0.27043781335705497,22.99204872377744,-0.20041350091958307,-2.3376363517370984,0.9678690239139998,0.27236583970366957,0.03032188614647195,0.17202287330748417,0.1591207789610368,0.014261868500934695,nan,nan,nan,0.9712671675765863,-2.1080929770307915,5.0,-0.9550268644961056,25.0,0.0,20.0,-3.3333333333333335,1.1018970928226186,1.8088557348892955
46.35,23.13103571157454,-0.2585941927524618,-2.3234363301207797,0.9586874711136195,0.2640712752297512,22.95214001270173,-0.24279889127947438,-2.321714066421247,0.9709038315594835,0.241565826331496,0.030275738877442254,0.17420625659545344,0.16143163916747102,0.014017128709239697,nan,nan,nan,0.9745047524421013,-2.1113430694901427,5.0,-0.9470568545019363,25.0,0.0,20.0,-3.3333333333333335,1.1348421567018818,1.795829331679813
46.400000000000006,23.103787387451607,-0.28573513147665214,-2.31299855865534,0.9619926398772426,0.25845644430169784,22.925697626962368,-0.2712779960264733,-2.3115667996153824,0.9734640239894079,0.23685768497652604,0.030277955921076707,0.1756448523596883,0.16297443995037497,0.014216762137064949,22.72584072057079,-0.37659638785539157,0.181574387312227,0.9790619855900364,-2.116718984121973,5.0,-0.9339274478421573,25.0,0.0,20.0,-3.3333333333333335,1.168138519048207,1.7898711048808318
46.45,23.06331263056397,-0.3271875955526866,-2.297791510375033,0.9669015611226526,0.2492799576151333,22.86534752551465,-0.32772525743400316,-2.2923173792106577,0.9785924204383759,0.25880531419324443,0.029985689526758202,0.16789917783739017,0.15729559231410783,0.013975543099364248,nan,nan,nan,0.9817891880122274,-2.1204314849181656,5.0,-0.9248989969132255,25.0,0.0,20.0,-3.3333333333333335,1.1942147972795742,1.7781345933900037
46.5,23.023314336053247,-0.36949761856167324,-2.2832555461254183,0.9717221944370286,0.23626740934149354,22.839549767225847,-0.3571967722412187,-2.281008007616917,0.9810687446067664,0.2779656605112865,0.029994813908725257,0.169351212545075,0.15887418345641555,0.014175585343444456,nan,nan,nan,0.986201565216388,-2.1260027083730546,5.0,-0.9114082495597866,25.0,0.0,20.0,-3.3333333333333335,1.2502307206475467,1.7421304818057606
46.551,22.996909370768865,-0.39816433085996245,-2.274065051763254,0.9748765314639879,0.22563060663898896,22.8017686924112,-0.4026421772975892,-2.266286115983513,0.9845329816494096,0.21418087524081042,0.029905492463537967,0.17149418723873036,0.16121766330524828,0.013928598157726122,nan,nan,nan,0.9886558266949503,-2.130238734856471,5.0,-0.9011964885748309,25.0,0.0,20.0,-3.3333333333333335,1.2874434864698652,1.717378776342173
46.6,22.970712837609966,-0.4271836199901329,-2.2652704908698915,0.9778878536793124,0.21627775258074095,22.77658477676658,-0.4329491306334967,-2.2567918267623703,0.9869411143006608,0.23029464249205264,0.029912409288023103,0.17290971042610995,0.1627820612940627,0.014129091322394339,nan,nan,nan,0.9916884786149326,-2.1372662683879042,5.0,-0.8843407955346594,25.0,0.0,20.0,-3.3333333333333335,1.301607240768792,1.7173220833629699
46.650000000000006,22.93180273022977,-0.47134696348695415,-2.2527590188755235,0.9821693843663917,0.2023548286981518,22.81383110818337,-0.4632747026977234,-2.252388653528958,0.9863207375740017,0.19158829159829596,0.03060743842806296,0.16542650585539848,0.15701746043886183,0.013885434305401673,23.487294225419447,-0.3739424255524148,1.8848237829707097,0.9934163625981844,-2.1419800315632243,5.0,-0.8730934090408254,25.0,0.0,20.0,-3.3333333333333335,1.3328003073212558,1.692999978925052
46.701,22.893342462694207,-0.5162321186142974,-2.24111467447847,0.9864262751196907,0.18799067728402152,22.776677093835378,-0.5094496328876471,-2.240408953144584,0.9905447623917756,0.17345062475146988,0.030609817148292858,0.1675790922175596,0.15940689384903453,0.014186238975620186,nan,nan,nan,0.9958647134508627,-2.1614145935405333,5.0,-0.8272004605332594,25.0,0.0,20.0,-3.3333333333333335,1.3640106939908634,1.6836622406775001
46.75,22.86794293349854,-0.5465375557016221,-2.2338494421577684,0.9890171439456512,0.17756511662936986,22.7512087411005,-0.5394822569551682,-2.2344287652857897,0.992945103624621,0.17225860897382922,0.03077391443480607,0.16898963785419752,0.1609771226572307,0.013850378459295857,nan,nan,nan,0.9969905241043875,-2.1664548132604207,5.0,-0.8154200672803371,25.0,0.0,20.0,-3.3333333333333335,1.3914016459893905,1.6569242089031357
46.800000000000004,22.83020390552325,-0.5925193826710144,-2.223698542142318,0.9923265260863035,0.16328456067518257,22.72678356456057,-0.57082711706512,-2.2265132548696207,0.995004672835397,0.19554442644355918,0.030781590235774214,0.1703971993538482,0.16255503757187148,0.01405164214865176,nan,nan,nan,0.9981576714534891,-2.1737180657289494,5.0,-0.7985285818915417,25.0,0.0,20.0,-3.3333333333333335,1.401219784117123,1.6455449956085806
46.85,22.805282127253452,-0.6234949026632567,-2.2174250200476053,0.9942124802733068,0.15274321089529805,22.675786245914317,-0.5307683858411465,-2.2181719905858746,0.9934570880807401,0.1454651853327923,0.03090704115170163,0.1631534180485791,0.15670323177368206,0.013804233746297608,22.519567062205795,0.30153542418601,3.078037140731472,0.9988778177171482,-2.179134098527181,5.0,-0.7859967320306119,25.0,0.0,20.0,-3.3333333333333335,1.430417350905735,1.6161192787782066
46.900000000000006,22.780547513581453,-0.6547067937188534,-2.211497259691695,0.9958405024821394,0.14649564789002986,22.65186606217838,-0.5625255749561744,-2.211864963506856,0.9953645122924771,0.13017433528831718,0.030906888736110222,0.1645852501541708,0.15830972722860273,0.014005927679593879,nan,nan,nan,0.9978594070121714,-2.152729540848948,5.0,-0.8476158337963569,25.0,0.0,20.0,-3.3333333333333335,1.3816518295003253,1.6616070304448705
46.95,22.743792882338152,-0.7019326244352119,-2.20289956179002,0.9978933518526374,0.14061258109398372,22.617638519563975,-0.6120230065806591,-2.2005889104244227,0.9977872038539566,0.1508502669765891,0.030689279913383865,0.1667009666169304,0.160694216510437,0.013766862301116619,nan,nan,nan,0.9985667408901591,-2.15831869169074,5.0,-0.834460785857922,25.0,0.0,20.0,-3.3333333333333335,1.3934254833663748,1.6499248305840684
47.0,22.71951443441578,-0.7336678580212002,-2.197409581914843,0.9990690610615605,0.1343768782438508,22.594170961347615,-0.6443240759399377,-2.195297400567229,0.9991540071788781,0.11545884167886228,0.03068649407337298,0.16810436646300794,0.16228483672148455,0.013968917069939071,nan,nan,nan,0.9994627976858314,-2.1678093308425814,5.0,-0.8122624579103209,25.0,0.0,20.0,-3.3333333333333335,1.4328362084340127,1.6104947335982653
47.050000000000004,22.683422236835995,-0.7816155517939082,-2.189722246183492,1.0005579841778771,0.12383427775145853,22.502682714404767,-0.7345723290971989,-2.184460541313187,1.0053316731337008,0.1165762326766058,0.030478198986609348,0.1612021340519117,0.15648698859821208,0.013731508892838324,22.030980186179065,-1.0573618378236176,1.55931861608988,0.9997683348900087,-2.1737718782585342,5.0,-0.7984038027900481,25.0,0.0,20.0,-3.3333333333333335,1.4347477913291435,1.6069572849121385
47.1,22.647715240068894,-0.829931623764892,-2.182699653678413,1.001328537110521,0.11160225620241329,22.47955905365149,-0.7674713070440327,-2.1799200011332376,1.0052825112235027,0.11264049368353053,0.030479789106790053,0.16263158689133947,0.15810597460426648,0.013933912221631322,nan,nan,nan,0.999999989250459,-2.184313915660448,5.0,-0.7740612657185728,25.0,0.0,20.0,-3.3333333333333335,1.458789865455938,1.56596875627287
47.150000000000006,22.624120825510108,-0.8623183376048486,-2.178455513775148,1.001663955930992,0.10275370864606062,22.445181913024534,-0.8170300397371798,-2.172108797599088,1.0052055677291152,0.11798166351613201,0.03048473515569761,0.1647568697880995,0.16052300302353922,0.01423463578389986,nan,nan,nan,0.9999423778981096,-2.1906552379991253,5.0,-0.7595143605917846,25.0,0.0,20.0,-3.3333333333333335,1.500486894696832,1.550876379350902
47.2,22.60068600909125,-0.8948343318179536,-2.174576969793558,1.0019257483956912,0.09302588449259834,22.421324227802266,-0.849100640131047,-2.1696584753297192,1.0050893754148265,0.10600771058391355,0.030648936635665345,0.16614560098161563,0.1621101146418097,0.01389340076197033,nan,nan,nan,0.9996004821193089,-2.200376959405208,5.0,-0.7373480091188749,25.0,0.0,20.0,-3.3333333333333335,1.500486894696832,1.5209070444788455
47.25,22.565815245874106,-0.9438272853361593,-2.169500029428848,1.0022014343350314,0.07873542036549276,22.387437730787052,-0.8989799603813046,-2.16322326119685,1.0048864927069732,0.09232796083801821,0.030651304038799423,0.16823073803003108,0.16449726987431187,0.014194664348337981,22.639656261754507,-1.5271010029296506,1.6603132142350114,0.9993283946733268,-2.2063103652062,5.0,-0.7238975192958381,25.0,0.0,20.0,-3.3333333333333335,1.507398370687013,1.5118799797049547
47.300000000000004,22.542743333439326,-0.9766202347566894,-2.1665822647936803,1.0022734898569154,0.0691915216380063,22.38108947379486,-0.9868921589197844,-2.1706715591281442,1.007003817444647,0.03979142418565151,0.03145236814679071,0.16083493266999063,0.15783685404675912,0.013855056764080812,nan,nan,nan,0.9985872871374589,-2.216384254682264,5.0,-0.7011922627439644,25.0,0.0,20.0,-3.3333333333333335,1.5241398896524696,1.4895063777054738
47.35,22.50838125020607,-1.0259701081151573,-2.1629328163727406,1.0018858164970903,0.054699844772400065,22.34703051148441,-1.0367750371893252,-2.167817986752791,1.0057997242456822,0.0466291786638187,0.03145547895805415,0.1629682438343039,0.1602599691867335,0.014156851814649426,nan,nan,nan,0.9970334723748526,-2.2477169418696565,5.0,-0.6315662714733932,25.0,0.0,20.0,-3.3333333333333335,1.529703385534216,1.4646754813134037
47.400000000000006,22.474295722912807,-1.0754618788457382,-2.1601831246962795,1.0011635131320769,0.03927177027527451,22.329401208458165,-1.0745111401587184,-2.1582524958269054,1.0047790813994053,0.019845423662607484,0.03078418333256476,0.16435990615815418,0.1618532494749221,0.01382482392689203,nan,nan,nan,0.9959335541370715,-2.2580311216323246,5.0,-0.6089537210036373,25.0,0.0,20.0,-3.3333333333333335,1.5498087294973253,1.43890523393112
47.45,22.451710049176143,-1.1085143946984801,-2.158884591235489,1.0004584670968537,0.028300757122791686,22.296037492012314,-1.1246878204479636,-2.1568432668711566,1.0031675352627678,0.00712115728273577,0.03078490372977744,0.16645398581224613,0.16424754777400993,0.014127041806490456,nan,nan,nan,0.9939889031431952,-2.2679532592070832,5.0,-0.5873343632687618,25.0,0.0,20.0,-3.3333333333333335,1.5623773772056786,1.4133409925047078
47.5,22.418013855579265,-1.1581477661096569,-2.1577483150773027,0.999311632980962,0.012264166595686396,22.341517301132747,-1.1947930096024053,-2.160125454617993,1.0016709120970126,0.02155029906460397,0.031167345815633792,0.15919288269331028,0.15749048692503087,0.013782204458034353,23.015298706944442,-1.587365968722685,2.652850254983135,0.9925864451342948,-2.2786852395300228,5.0,-0.5640917017245163,25.0,0.0,20.0,-3.3333333333333335,1.5726704818615247,1.3961714627017974
47.550000000000004,22.3956604430531,-1.1912470558872146,-2.157619410890228,0.9978937656918452,-0.002739311309266446,22.308160893692705,-1.2447392183960333,-2.158770592007884,0.9993260133291665,0.0099586072089851,0.031169505968078076,0.16133534773864167,0.1599197983302442,0.014084978013823404,nan,nan,nan,0.9875961845199849,-2.3177930992157916,5.0,-0.4805329994105626,25.0,0.0,20.0,-3.3333333333333335,1.6149999026503425,1.3179038778023453
47.6,22.3733875149574,-1.2243266852283143,-2.158106816734504,0.9963652513348645,-0.017925353652395455,22.287194529051362,-1.2789934781223486,-2.157094414956585,0.9974824764215232,-0.02524084197566086,0.031011321175221825,0.16273429236341058,0.16151672294027783,0.013748445433573816,nan,nan,nan,0.9855933902876015,-2.328719613529553,5.0,-0.4574780474351252,25.0,0.0,20.0,-3.3333333333333335,1.624851587812648,1.298485295462319
47.650000000000006,22.34009732354537,-1.2738882332599244,-2.159910027343179,0.994104612592041,-0.03819192983472532,22.254063001975176,-1.3287721289360277,-2.159847093937347,0.994895959036809,-0.0472079820024479,0.031011014529770568,0.16484298218890026,0.16391536205039586,0.014051666957176792,nan,nan,nan,0.9839052310686636,-2.336750357200145,5.0,-0.44060682712820176,25.0,0.0,20.0,-3.3333333333333335,1.6219551974682835,1.292831142877562
47.7,22.306902187459016,-1.3233539675692958,-2.162814178978257,0.9919759613313668,-0.05533824844037967,22.23195894514787,-1.3618445422527004,-2.161281494847064,0.9932726206037528,-0.06376068039970248,0.031010996185443007,0.1662388864152401,0.165502880481625,0.014251911402417423,22.34116766374995,-1.3050075562673273,0.05429291950662525,0.9823956133165519,-2.347763474019837,5.0,-0.4175665506373416,25.0,0.0,20.0,-3.3333333333333335,1.6240782493855421,1.2858674294986343
47.752,22.284796553828656,-1.356265088366423,-2.1652824726682143,0.9906391104523864,-0.06539490179389251,22.214090833346702,-1.4082756676758639,-2.1590020309430584,0.990427984776182,-0.0656089080608198,0.030485596558771047,0.15985193535154157,0.15950560141314815,0.014006245306822738,nan,nan,nan,0.9812789477953949,-2.355084273728108,5.0,-0.4023097640622215,25.0,0.0,20.0,-3.3333333333333335,1.6406158402870208,1.2470713736065009
47.800000000000004,22.25163875550468,-1.4055044631327478,-2.1697509233867525,0.9884022409423728,-0.08117916564684949,22.192099904999633,-1.4412086862053233,-2.161517983041133,0.988803201495702,-0.07700451713521798,0.030485792127726875,0.1612806209540117,0.1611189656535713,0.014206856197154723,nan,nan,nan,0.9780471522297716,-2.3689241239991947,5.0,-0.37358817760972274,25.0,0.0,20.0,-3.3333333333333335,1.6406158402870208,1.2470713736065009
47.852000000000004,22.22951391865144,-1.438227588562881,-2.1732456330550165,0.9869510095095224,-0.09095014119024562,22.15953816026789,-1.4908182255345515,-2.1646139356601877,0.9866419938951252,-0.07591615635090196,0.030425917694275776,0.16338722392573912,0.16350906940933768,0.013970181870134664,nan,nan,nan,0.9770272327569209,-2.3762795629268516,5.0,-0.3583846221181466,25.0,0.0,20.0,-3.3333333333333335,1.6424995531214934,1.2414054974128876
47.900000000000006,22.20735511928178,-1.470859893946946,-2.1771168565048153,0.985529101815203,-0.10040246451482737,22.137433489271405,-1.523494468144051,-2.1680643344703827,0.9851895721696301,-0.08508680165631816,0.030426148781484495,0.1647957446963476,0.16509950566111853,0.014171089368379478,21.59821165644872,-1.374226834846471,1.133551143394162,0.9752528436570101,-2.3875484804319,5.0,-0.335168996509432,25.0,0.0,20.0,-3.3333333333333335,1.6522532174455975,1.2235402330038414
47.95,22.174021638819863,-1.51961870015187,-2.1836049687700974,0.9835145356722796,-0.11336779386082266,22.052530359902317,-1.5613205849988996,-2.1725517733868935,0.9843418805599017,-0.06790484122669178,0.030415163098641358,0.1586377834900712,0.15916302390317022,0.013935251159771187,nan,nan,nan,0.9744016420960873,-2.3948167203873174,5.0,-0.3202421845675867,25.0,0.0,20.0,-3.3333333333333335,1.6539924652438747,1.2188949497516144
48.001000000000005,22.140518344265903,-1.5681474446864163,-2.1907565822415016,0.9823935479953706,-0.12277633796387406,22.03021964878006,-1.5937552436918028,-2.177299710009637,0.9836829119498222,-0.1370616510576972,0.030406550631010536,0.1600814294283358,0.16077725796635506,0.01413645432464458,nan,nan,nan,0.9770492252772149,-2.387210133050405,5.0,-0.3358647354260218,25.0,0.0,20.0,-3.3333333333333335,1.655348517723943,1.2406409290516167
48.050000000000004,22.118056629438886,-1.6003791212001557,-2.1957463613207784,0.9818452237618572,-0.12564506615671622,21.992825565441553,-1.6393300514855393,-2.189565238125342,0.9827875412277345,-0.13173285646987246,0.03084528777542329,0.16221298104955686,0.16316619869514268,0.013895363650906153,nan,nan,nan,0.9765425423211364,-2.3943238765366037,5.0,-0.32125322395128353,25.0,0.0,20.0,-3.3333333333333335,1.6311263510298262,1.2624765479666684
48.1,22.095479971161144,-1.632508911655867,-2.2008262617616667,0.9814893318582107,-0.12774839149019587,21.969984934127435,-1.671321503446923,-2.194709440904432,0.9824868110537582,-0.12862571255153918,0.030845270938020558,0.16364007441309977,0.16475385726515088,0.014096883082243373,nan,nan,nan,0.977370958870897,-2.402707939147717,5.0,-0.30407519707764763,25.0,0.0,20.0,-3.3333333333333335,1.6329845130181,1.2695846437882348
48.150000000000006,22.061373234237703,-1.680509564800713,-2.2085991028675367,0.9810900525217365,-0.13096517818985945,21.91343557985723,-1.7434444956500743,-2.208524806889237,0.9841358051651146,-0.1346770813455705,0.03132602425855587,0.15754668451988577,0.15872089953265844,0.013856936210359203,21.790553462631614,-1.9525563495469362,0.3532534405682477,0.9770142931635593,-2.409531728970411,5.0,-0.29012640272873247,25.0,0.0,20.0,-3.3333333333333335,1.6367247512918763,1.2636521829158718
48.2,22.026958772259228,-1.728256556678969,-2.2165654923880127,0.9805559298974732,-0.1339759952331309,21.889959036941846,-1.7750347474403514,-2.2139680389903864,0.9834692341112691,-0.1317859526492384,0.031325800250326566,0.1590117428533229,0.16032689503834138,0.014058772943178912,nan,nan,nan,0.9769634953154044,-2.4235852580812827,5.0,-0.2614843837476679,25.0,0.0,20.0,-3.3333333333333335,1.6328830982427398,1.2617865310118397
48.25,22.003837268348487,-1.7599366849861364,-2.221976770474521,0.9802122158736987,-0.1360694416116295,21.85536614297991,-1.8228438591395917,-2.220751283506488,0.9826163266076832,-0.11931029381548955,0.031217057206220453,0.1611753413746913,0.16270382808570508,0.013827080575650585,nan,nan,nan,0.9767320367787128,-2.430110401054118,5.0,-0.2482221484092142,25.0,0.0,20.0,-3.3333333333333335,1.6366594379041919,1.2578428114805313
48.300000000000004,21.980567315828157,-1.7914913411156157,-2.2274806174362434,0.9798537260566175,-0.1387013049349226,21.831551801966548,-1.854105003454978,-2.2263437766547582,0.9820453270344914,-0.15605424831166878,0.031211555079378023,0.1626238149486247,0.1642831595150543,0.014029171759625902,nan,nan,nan,0.9760040875543777,-2.4402620969590907,5.0,-0.22763124801651458,25.0,0.0,20.0,-3.3333333333333335,1.646036596671598,1.2449389808797986
48.35,21.94537635817917,-1.838578172405349,-2.2359188507597336,0.9793424700480946,-0.14147381048390567,21.80103600257454,-1.8774696450959492,-2.23305506607028,0.9798061397189646,-0.14357192658798498,0.031085931135236583,0.156573191136598,0.15816924578281985,0.013784282384042387,21.83713471745554,-1.6447898395888803,0.21107671514261728,0.9758447306770621,-2.4465852205443026,5.0,-0.21483022332064672,25.0,0.0,20.0,-3.3333333333333335,1.6336078979115416,1.2575111399669652
48.400000000000006,21.921717070390255,-1.8698057592474147,-2.241601225439098,0.9792786305537172,-0.14234838119390292,21.77688178426731,-1.9083362677823934,-2.2392096909531456,0.9799867026619303,-0.13329090139633407,0.031086329673358025,0.15805713290320872,0.15976710722714532,0.013986716183167292,nan,nan,nan,0.9770248620839831,-2.447827769612938,5.0,-0.21231678627689377,25.0,0.0,20.0,-3.3333333333333335,1.6394257341846945,1.2676016128664043
48.45,21.885909614107586,-1.916412948669394,-2.2501903814142565,0.9794164226266371,-0.14387031073653372,21.742711612770567,-1.956233979610401,-2.2450095199601012,0.9802013076785845,-0.1470067136020652,0.030790915964712597,0.16024986630624163,0.16213231979821563,0.013750729489910468,nan,nan,nan,0.9770412938026996,-2.453905282022526,5.0,-0.20003255342011106,25.0,0.0,20.0,-3.3333333333333335,1.6442164459737159,1.2622518860112435
48.5,21.861824599563942,-1.947321491215658,-2.2559759096353047,0.9793505771632542,-0.14512104644948917,21.718195909942335,-1.9868309084040885,-2.2503514469676684,0.9801025322307868,-0.13798156191074645,0.030791860973169785,0.16171750813620347,0.16370423817913243,0.013953444198453223,nan,nan,nan,0.9760603758192072,-2.464261686603986,5.0,-0.17913344902980155,25.0,0.0,20.0,-3.3333333333333335,1.6423581459466283,1.2555039873587885
48.550000000000004,21.825380342091172,-1.9934229536070072,-2.2647556823308497,0.9791392274755035,-0.14730743321582146,21.68704171719221,-2.0324503027186553,-2.2668513829087633,0.9797208985934647,-0.166735338568607,0.031409535126624984,0.15582158162872412,0.1576630288638039,0.01371773546536029,21.809627920401915,-2.0638449305270745,0.056835291681582724,0.9759420042237849,-2.470147188486047,5.0,-0.16727413059059937,25.0,0.0,20.0,-3.3333333333333335,1.6474588927871712,1.2495559308076114
48.6,21.788547002549848,-2.0392101540640137,-2.273602539536514,0.9792601186732975,-0.1470158861759602,21.661866259328207,-2.0624861784635518,-2.272793004541323,0.9799520313838377,-0.14416761098949998,0.03141167272172071,0.15732629335620343,0.1592515948679112,0.013920724356079038,nan,nan,nan,0.9772803445376463,-2.480422031543209,5.0,-0.14659773695538325,25.0,0.0,20.0,-3.3333333333333335,1.633489789484893,1.2751294209970765
48.650000000000006,21.76376901214692,-2.0695640097170647,-2.2794883298422204,0.9793938015318824,-0.14731267471941645,21.623772725632286,-2.107281923706833,-2.2819208951621146,0.980244758633429,-0.15893423664855466,0.03140794615621236,0.15957381672002127,0.1616152512103766,0.014222296361810747,nan,nan,nan,0.9773768228012217,-2.4859079826121784,5.0,-0.13557120911836917,25.0,0.0,20.0,-3.3333333333333335,1.642869408617921,1.2656907199768805
48.7,21.738812619406662,-2.099778085233015,-2.2853844669168044,0.9795217561560768,-0.14730664278325042,21.60026456030022,-2.1386254934513476,-2.284283128996758,0.980429440496101,-0.1490835098529911,0.031159032566164657,0.16104049194728057,0.163163322216279,0.013882944503167884,nan,nan,nan,0.9776067178780647,-2.4939461829830374,5.0,-0.11942938671965364,25.0,0.0,20.0,-3.3333333333333335,1.6367925387702307,1.2725759685280227
48.75,21.701046314892384,-2.1448306582365233,-2.294233628450665,0.9795406635368138,-0.14797802484818906,21.56160388105581,-2.1829664636360024,-2.2945185630998166,0.9804784652941574,-0.15241049676210608,0.031156035421726364,0.16326305529899157,0.16548378012303958,0.014184950307283367,21.572282422892368,-1.5869139387541238,1.2809537932557815,0.9767608643514083,-2.5002910326458716,5.0,-0.10638994421072279,25.0,0.0,20.0,-3.3333333333333335,1.644073239786238,1.2578681615865155
48.800000000000004,21.662886226713123,-2.1895496533228824,-2.3031374262898323,0.9796103831929786,-0.14848148343847697,21.541179215947736,-2.1536640065418733,-2.3006210945521937,0.9774493178295006,-0.16631613031727072,0.0311164041676848,0.15666044298778814,0.1586283432022178,0.013846171123174421,nan,nan,nan,0.9775768539474199,-2.5066857158497107,5.0,-0.09094111328043097,25.0,0.0,20.0,-3.3333333333333335,1.6411227753940072,1.2669798678917366
48.85,21.637210439666024,-2.219194763014639,-2.3089938947863007,0.9806904050795625,-0.14478612431564805,21.501917992232546,-2.197267421232741,-2.309685237567154,0.979377767803016,-0.12950924412962875,0.031119338749885046,0.15893598777809836,0.16097725774474547,0.014148616081955058,nan,nan,nan,0.9824422974694382,-2.488287411587495,5.0,-0.12665179707370644,25.0,0.0,20.0,-3.3333333333333335,1.6236833952005418,1.3322908385158283
48.900000000000006,21.611331901432663,-2.2487257063081634,-2.3147064272249778,0.9818040135464126,-0.14192008587770893,21.477502985294592,-2.2278281964012283,-2.3125476612036038,0.9808246978091576,-0.13795627563910248,0.030875630655224907,0.16042239857601756,0.16251561390890099,0.013817891446991868,nan,nan,nan,0.9830617555803357,-2.4940016988029887,5.0,-0.11214977154489336,25.0,0.0,20.0,-3.3333333333333335,1.6339588366661968,1.3213271738174106
48.95,21.572146592633327,-2.292792643521448,-2.3231229159800955,0.9830582792545728,-0.13923872579425772,21.437645227701687,-2.271174350138363,-2.319606934264978,0.9824725663609889,-0.1490729594420714,0.030874070901992682,0.16267260489354818,0.16482272918541824,0.014120689035464026,nan,nan,nan,0.9826257128958306,-2.4992283109098477,5.0,-0.10026467871008404,25.0,0.0,20.0,-3.3333333333333335,1.6312051313748435,1.3163717218253468
49.0,21.545789916126562,-2.3220069241428734,-2.3286515340119984,0.983636799331256,-0.1375186064263859,21.471789083235926,-2.2818282318636993,-2.3226999724241715,0.9795724792422643,-0.14168689839289653,0.030649148501782953,0.15603865439316533,0.15791830454510983,0.013776336405758392,22.027760174148227,-2.1319840503057894,1.3961710503630782,0.9828110837460334,-2.5052861542406015,5.0,-0.08630760469257015,25.0,0.0,20.0,-3.3333333333333335,1.624456445854902,1.3196638803398855
49.050000000000004,21.505922751085148,-2.3655693983626938,-2.3368701805933023,0.9841116217772024,-0.13739632925035497,21.431495887423925,-2.324660866806336,-2.330787726501508,0.9809618717939339,-0.11166423183460851,0.030652088077228155,0.1583374650923848,0.16025529161162322,0.01407680250341927,nan,nan,nan,0.9803553948414228,-2.521240963938264,5.0,-0.05850343590243501,25.0,0.0,20.0,-3.3333333333333335,1.6423336321593196,1.2910614932744149
49.102000000000004,21.465676249135743,-2.408802981268233,-2.345195495159292,0.9843081280364251,-0.13986452176255046,21.40424161162399,-2.3529210957549185,-2.3380441661451754,0.9816182890062171,-0.18644577183165809,0.030662696314111296,0.15984082547732922,0.16178517322511576,0.013815258290217387,nan,nan,nan,0.9806621883427834,-2.527767218956743,5.0,-0.04521517301460731,25.0,0.0,20.0,-3.3333333333333335,1.6521089811961378,1.2795334113166228
49.150000000000006,21.438638183985486,-2.4374409678449145,-2.350793951185762,0.9844781926552093,-0.13962154042905256,21.363206905112893,-2.395197022934013,-2.3463092633199016,0.9825293877770359,-0.10820434713625818,0.03067279371740526,0.16211595724168273,0.16407918891025336,0.014117357371772655,nan,nan,nan,0.9814062248803076,-2.5343228733568113,5.0,-0.032624428781302894,25.0,0.0,20.0,-3.3333333333333335,1.6321997926978735,1.3024525016603965
49.2,21.397773398021858,-2.4801210013022965,-2.3591901797247568,0.9846791353675979,-0.14061009898540455,21.33564916340007,-2.423224045222334,-2.352679004263956,0.9830429735740416,-0.1511463480245506,0.0306656154676621,0.1636246896639175,0.16559402242608437,0.014451779710369619,21.286496693509466,-1.9003612815412902,0.9956984162439758,0.9815228666814231,-2.538841422195593,5.0,-0.024405455435064116,25.0,0.0,20.0,-3.3333333333333335,1.6497713007642543,1.283913094294312
49.25,21.370326962342823,-2.5083872372458167,-2.3647989479639877,0.9848085165584288,-0.1397984019355243,21.291596070497327,-2.412333458699663,-2.362268341339729,0.9812963664024811,-0.13664581744390164,0.03086774254849161,0.15776813448894064,0.1594603023425903,0.014132497908258414,nan,nan,nan,0.9818563736953355,-2.5434603372765356,5.0,-0.01637184802627978,25.0,0.0,20.0,-3.3333333333333335,1.6314439393623175,1.303283997862218
49.300000000000004,21.34271155259034,-2.5365105793948284,-2.3703281567081955,0.9855885701933204,-0.1364637049375926,21.26361935115875,-2.439893835185456,-2.367229675939494,0.9832040013511624,-0.10909885479345355,0.030870275515378617,0.15931067039704438,0.1609951771474257,0.014331431914014167,nan,nan,nan,0.9872464680833323,-2.522147878832062,5.0,-0.049869623025460275,25.0,0.0,20.0,-3.3333333333333335,1.6158533582538839,1.3671995834750819
49.35,21.300937341450542,-2.5784706749522743,-2.378301319729487,0.987255819687064,-0.1309313991481488,21.218903625954532,-2.4789719301239583,-2.3791022164820452,0.9855222745930566,-0.11279400381909675,0.031150822258601437,0.16159143817521793,0.16325792791671312,0.014078593303037063,nan,nan,nan,0.9873983792667693,-2.5261521529056865,5.0,-0.04245669536524188,25.0,0.0,20.0,-3.3333333333333335,1.6240783649370543,1.3546689768466535
49.400000000000006,21.272862189118626,-2.6062878922266726,-2.3834606183375877,0.988201956447158,-0.12761773514395933,21.190349872742,-2.506170540683595,-2.384425181304325,0.9868664711030206,-0.1173137493214479,0.03114867799473494,0.16311816792660658,0.16476230466149608,0.014277998545535618,21.90989734672611,-2.7242309348813247,2.052359936774995,0.9885995974434957,-2.5302453948389814,5.0,-0.034745576514631615,25.0,0.0,20.0,-3.3333333333333335,1.6130626375533685,1.3684358327276818
49.45,21.230424647510215,-2.6477756786425766,-2.390943381382193,0.989403755400059,-0.12269970921216385,21.213998082155452,-2.562085820878117,-2.3919216559111667,0.9863407491250831,-0.11231631544492342,0.031235292369089163,0.1573597680949747,0.15873350074104822,0.014027954931126668,nan,nan,nan,0.9887891594522009,-2.534304136162741,5.0,-0.027953737102863307,25.0,0.0,20.0,-3.3333333333333335,1.6088935331248826,1.3701764056480528
49.5,21.201933365052444,-2.6752655592970767,-2.395835976389643,0.9894743749455911,-0.12323624238783486,21.18509294607659,-2.588940319757667,-2.396111361101772,0.9864364396368988,-0.1079461909695356,0.03123603169678574,0.15891896719699136,0.16025904158571652,0.014227814152449265,nan,nan,nan,0.9831741096247762,-2.5756240692865466,5.0,0.031688254642988856,25.0,0.0,20.0,-3.3333333333333335,1.6409528518286458,1.2949303775659509
49.550000000000004,21.158948215789515,-2.7161998327280186,-2.4033910160105,0.9888522364669863,-0.12771897242593339,21.142783079787637,-2.6301394395581164,-2.4034152956687707,0.9865131538001163,-0.14518459097834346,0.03106946658757276,0.16122365877465525,0.16250919791908594,0.013974752273685132,nan,nan,nan,0.983003508404054,-2.580745365572912,5.0,0.03799886368515226,25.0,0.0,20.0,-3.3333333333333335,1.644115464493015,1.2899557773180188
49.6,21.130130073954604,-2.743289081528811,-2.408550579572923,0.98843845110407,-0.12942169991335487,21.113557128845358,-2.6566523817268686,-2.4089454336987135,0.9864603937149997,-0.13311329501305763,0.031070124436633966,0.16276522655769535,0.16400565262360584,0.01417506542622024,nan,nan,nan,0.9826483389835277,-2.5899739970542077,5.0,0.04880931230883068,25.0,0.0,20.0,-3.3333333333333335,1.6314197734839777,1.2994111285592818
49.650000000000006,21.086664046846614,-2.783622811994811,-2.4163658829945978,0.9878648526207032,-0.1308153125284915,21.0828687461079,-2.6781527265469993,-2.414087933534199,0.9849973285818967,-0.14301666292666074,0.030820816863078877,0.15694350262391119,0.15794117003457908,0.01392457691998295,21.203062568120693,-2.4761647425542916,0.17342123947062438,0.9826621599599115,-2.5984018266773528,5.0,0.05750368229578928,25.0,0.0,20.0,-3.3333333333333335,1.6330572846740743,1.2979243851530342
49.701,21.05752455434575,-2.810313661983341,-2.4216156359191436,0.9876647302692245,-0.1313824503967803,21.053411219113737,-2.7043231582600065,-2.419350373665929,0.9853566486680166,-0.14274737055939166,0.030820181762997865,0.15851530588722124,0.15945952477221886,0.014125335451518069,nan,nan,nan,0.983231782157786,-2.597474360033533,5.0,0.05552428923120267,25.0,0.0,20.0,-3.3333333333333335,1.6338269910161192,1.3059021223295073
49.75,21.013562742663897,-2.850060123791044,-2.4295191016704183,0.9874952375309765,-0.13199768416936133,21.00742839487033,-2.741862184248722,-2.428776738350828,0.9857625602634459,-0.10999859043685793,0.031015675429409747,0.1608416409910774,0.16169793637466068,0.013884870083732724,nan,nan,nan,0.9831297617763952,-2.6032954031583873,5.0,0.06095930863698795,25.0,0.0,20.0,-3.3333333333333335,1.6346930355812597,1.3030374737265342
49.800000000000004,20.98408698688895,-2.8763624043867355,-2.4348238992870606,0.9873980832620435,-0.1331804226869965,20.97756951289813,-2.7676181675745624,-2.4342151780570536,0.986016270782756,-0.14663722150717132,0.031009921301044838,0.16239702609633044,0.16318708954545177,0.014085991827365195,nan,nan,nan,0.9834966276085104,-2.6107051131578523,5.0,0.06668698462924683,25.0,0.0,20.0,-3.3333333333333335,1.6464669114576718,1.2928430058131513
49.851000000000006,20.939620391032896,-2.9155205851663712,-2.4428650615742717,0.987248893780994,-0.13410284299344596,20.967525427544018,-2.765758352961266,-2.439714222931791,0.9826859205390578,-0.1270549529785694,0.030823840773328864,0.15651386476027065,0.15709709358549093,0.013830448241346011,21.263390275905206,-2.392221507019846,0.9331998416314498,0.9833439530010096,-2.616985475371547,5.0,0.07155453044742588,25.0,0.0,20.0,-3.3333333333333335,1.6329351847251512,1.3042687134413284
49.900000000000006,20.894838948357382,-2.9543315954873774,-2.450880913930664,0.9877721798220584,-0.13302139722538198,20.93746696958829,-2.7911071737439994,-2.444859777330342,0.9839245201114034,-0.12491447373820085,0.030823229631054962,0.15809849858680466,0.1586080431535638,0.014116194083209393,nan,nan,nan,0.9853552591062489,-2.611065475546105,5.0,0.06443561503419071,25.0,0.0,20.0,-3.3333333333333335,1.6375408091342911,1.3257521446019824
49.95,20.8647978830457,-2.980022624043733,-2.456188671618601,0.9881367682274702,-0.13254460058894663,20.896490225591183,-2.833278218463943,-2.4456655820544912,0.9853775833241218,-0.14164984289719654,0.030243707039419178,0.16044478192624617,0.1608369396588925,0.013863214587339308,nan,nan,nan,0.985184305139663,-2.617210722941361,5.0,0.06885367630131123,25.0,0.0,20.0,-3.3333333333333335,1.6382531108327454,1.3200294744619163
50.001000000000005,20.819479865471322,-3.0182626083975794,-2.464180958639636,0.9878753399519724,-0.13405174663094596,20.866211766882653,-2.8585157351972734,-2.4492499619133388,0.9855161798111519,-0.09182744596906672,0.03025139305961133,0.16201145939787154,0.16232187686007374,0.014064091087987592,nan,nan,nan,0.9825438567290226,-2.632786757607428,5.0,0.08121229853720857,25.0,0.0,20.0,-3.3333333333333335,1.6419228944569737,1.2909056518320583
50.050000000000004,20.7905749011605,-3.0425209466852006,-2.4725184595790046,0.9062206736256831,-0.26896901023474884,20.979449139969695,-2.889790682645988,-2.453367724997907,0.8765378875270623,-0.25460133676768815,0.029951381528246803,0.15619856265125134,0.1563506221403599,0.013813616157176658,22.45503426009936,-2.927970170440647,9.461923503543069,0.39485577115404935,2.669049879278443,6.0,-0.9778599723877586,20.0,-3.3333333333333335,15.0,3.3333333333333335,1.1344907897312644,-2.2013260964006367
50.1,20.764223295929725,-3.0641764332974,-2.4865622172253823,0.8236819094515049,-0.39336297601525644,20.952921338692104,-2.9115018311242244,-2.465769833048966,0.8006663063958388,-0.4164683367175108,0.02994518139713227,0.15779299731740712,0.15785736164157746,0.014014946313332036,nan,nan,nan,0.4246720938989151,2.697620921998934,6.0,-1.0496849023881636,20.0,-3.3333333333333335,15.0,3.3333333333333335,1.262247754403131,-1.8566055682765192
50.151,20.728371110498287,-3.0929168843026233,-2.514589150995536,0.7274522545661719,-0.5100778013848714,20.916734052141294,-2.9400067373116876,-2.4926175403183017,0.7074546699139246,-0.50275227112949,0.029951453835626224,0.1601871387434037,0.16009709175420284,0.014314057446912077,nan,nan,nan,0.42365923286186746,2.684100352888747,6.0,-1.0154359722791484,20.0,-3.3333333333333335,15.0,3.3333333333333335,1.306342452655112,-1.6977058044544848
50.2,20.706423230000592,-3.1100327770502934,-2.5362406524630625,0.6776621903531006,-0.5570992754347521,20.894192896495362,-2.956423734758766,-2.5145061957704034,0.6620836450068835,-0.5848648643724365,0.029980553259170782,0.16177245823286135,0.161556892815158,0.013962975987014951,nan,nan,nan,0.43122679764864075,2.6656234948070305,6.0,-0.9693831993260226,20.0,-3.3333333333333335,15.0,3.3333333333333335,1.4194136193801445,-1.5017443853575538
50.251000000000005,20.675623007564234,-3.1332761624018075,-2.5712769032380507,0.6189988749271735,-0.5988433014288485,20.862745153235313,-2.9786831384359664,-2.547689842815194,0.6063705543711864,-0.5682081072102402,0.029993581627894797,0.16419756785836107,0.16375383789478626,0.014262702615397043,20.33266369303733,-3.4491101328758726,1.799388513201225,0.44071019615012574,2.6542724776566486,6.0,-0.94150007634103,20.0,-3.3333333333333335,15.0,3.3333333333333335,1.4660920819216416,-1.3689069996540648
50.300000000000004,20.646645157682112,-3.1541016101502253,-2.6080265724599894,0.577044697021859,-0.6209876016617516,20.78468307750476,-3.038552696920088,-2.5779325386445873,0.5868291826844314,-0.6335793359942256,0.030400575640975813,0.15761707085815577,0.15705487227472875,0.013914164235629713,nan,nan,nan,0.45617593794704486,2.6383923473126343,6.0,-0.9029862395266703,20.0,-3.3333333333333335,15.0,3.3333333333333335,1.5769022888285784,-1.230482679545073
50.35,20.628040764243643,-3.1668456123537565,-2.633087351646886,0.5531086264740257,-0.6302802019088051,20.755306202390013,-3.056627659972562,-2.615248509187573,0.5519770312225386,-0.6381045450852507,0.030397943306620774,0.1601754781383,0.1592814521594849,0.014214507704319018,nan,nan,nan,0.44603912703714726,2.5967913854762594,6.0,-0.8046148438517546,20.0,-3.3333333333333335,15.0,3.3333333333333335,1.5697066040460994,-1.2305407931518952
50.400000000000006,20.60092869214702,-3.1844178497930993,-2.6711147182584916,0.5264615813910984,-0.6360683484495618,20.734973610498145,-3.066084730267448,-2.6438474879524603,0.5365724755526369,-0.6354028914694828,0.030589350092322765,0.1618965409880049,0.16073102205325115,0.01387522364119616,nan,nan,nan,0.46601607541982987,2.5819231337222184,6.0,-0.7702683659284733,20.0,-3.3333333333333335,15.0,3.3333333333333335,1.6479581903124012,-1.0921860198886433
50.45,20.583130618694497,-3.195258674951602,-2.696533505601165,0.5148249667433726,-0.6358820427872068,20.706845689213807,-3.0809204123054634,-2.682113608931518,0.5193733085886763,-0.6306328370633676,0.03058412548479638,0.16454675852131076,0.16290199943488679,0.01417608401623302,nan,nan,nan,0.48275119271461137,2.572334995016404,6.0,-0.7483280502380469,20.0,-3.3333333333333335,15.0,3.3333333333333335,1.6969668733322942,-0.9989761678262478
50.5,20.55653860591951,-3.210388529449552,-2.734545947594533,0.5042499177379629,-0.6321339939948256,20.681006755346598,-3.1045227448551413,-2.7079072185227195,0.516141369439229,-0.6403096868740301,0.030544446723252672,0.15792326267462228,0.15617213662030477,0.013825335717448688,20.63438890032138,-3.2287206335487215,0.08790234465151739,0.5039929171705313,2.558490940094436,6.0,-0.7169243039877679,20.0,-3.3333333333333335,15.0,3.3333333333333335,1.756312535862886,-0.8806061582308207
50.550000000000004,20.53871682366693,-3.2198086224939844,-2.7597204023840454,0.5006019298703729,-0.6284084817605161,20.65285304306733,-3.1171340707587993,-2.745977255466913,0.5112581768653144,-0.6201738570499665,0.03054139552105277,0.16072904375622818,0.1583581524994664,0.01412684105312813,nan,nan,nan,0.5128414547222299,2.542973146659884,6.0,-0.6820917573641934,20.0,-3.3333333333333335,15.0,3.3333333333333335,1.7736495794968246,-0.8350232356983714
50.6,20.51166304108249,-3.233022728041887,-2.7971740933140805,0.5000482061681417,-0.6216179514425638,20.630031338745244,-3.1202951568105197,-2.7787070566852705,0.5124625054421442,-0.5978806548462804,0.031222462085205228,0.1626275806539689,0.15977608548086186,0.013784931158804989,nan,nan,nan,0.5337447737147355,2.5294344347520634,6.0,-0.6520019919985856,20.0,-3.3333333333333335,15.0,3.3333333333333335,1.8215165095099917,-0.7397487306049386
50.651,20.493274331043434,-3.2412778522058225,-2.821894231980352,0.503250276638607,-0.6161990797690414,20.601098396022692,-3.1308787668449742,-2.8162392473376032,0.5171854127725266,-0.617353121445109,0.031209098549196755,0.16554551481600496,0.16188556987692893,0.014086983699284484,nan,nan,nan,0.5535465186997174,2.5202986192257093,6.0,-0.6318479769098835,20.0,-3.3333333333333335,15.0,3.3333333333333335,1.860318072342746,-0.6578415687718114
50.7,20.47452312269918,-3.249117863085716,-2.8463866734242433,0.50832894026194,-0.6096491389529255,20.58139083280768,-3.1373909596825778,-2.8405788799344767,0.5238878994061459,-0.591384877035951,0.03120990793948096,0.16752321671331033,0.16326644588478803,0.014286458879808098,19.867420958639478,-4.666045810956537,10.208974737424235,0.5734269801648287,2.506832530582884,6.0,-0.6023514567111694,20.0,-3.3333333333333335,15.0,3.3333333333333335,1.8777178546710833,-0.5622666424284787
50.75,20.445594811535898,-3.260132481927152,-2.8826267770087743,0.5183523427818558,-0.6004694945771751,20.462541778982217,-3.295892558314845,-2.8831264695334076,0.5505351487630618,-0.590093751439686,0.03175940565776724,0.16182633025984894,0.15723848146774108,0.014036892549029218,nan,nan,nan,0.5858913157923732,2.497789582286649,6.0,-0.5826780904365985,20.0,-3.3333333333333335,15.0,3.3333333333333335,1.9007593692628602,-0.5235578389116973
50.800000000000004,20.425845828223853,-3.266959260031811,-2.906625172807014,0.5201760800557892,-0.6011545770714681,20.44124707727384,-3.3013932303933777,-2.906624961677094,0.5479133538814394,-0.5938010343308397,0.03175726697965393,0.16388747395270792,0.1586189474609136,0.014236790848875728,nan,nan,nan,0.5470374604937193,2.4080836229341087,6.0,-0.39249788819686693,20.0,-3.3333333333333335,15.0,3.3333333333333335,1.815188572628426,-0.7615563974310954
50.85,20.395980433376316,-3.2762662564958904,-2.9428477446802126,0.519663049989749,-0.6041217482453076,20.410886903728542,-3.3109207239179286,-2.9398386646559898,0.5463984392442962,-0.5982842787505038,0.031413651157938594,0.16700460807492717,0.16063646184045083,0.013995782906771993,nan,nan,nan,0.5584449907994976,2.3982740928886526,6.0,-0.372161723583045,20.0,-3.3333333333333335,15.0,3.3333333333333335,1.837685516010263,-0.704809603967782
50.900000000000006,20.375842540800257,-3.2818662842800927,-2.9670116182952175,0.521762659381301,-0.6030618680861313,20.38942518001867,-3.3151744733441224,-2.9638367556830807,0.5487316166526661,-0.5844169971810671,0.03141315929895026,0.1691064308093048,0.16196417325220877,0.014196019003982803,20.005237783848525,-3.3099540026669376,0.5300710285481127,0.5738386188014323,2.3837356554786164,6.0,-0.3421570886320768,20.0,-3.3333333333333335,15.0,3.3333333333333335,1.8638529599517302,-0.6286258776544552
50.95,20.345145775530924,-3.2893939340524803,-3.0031018072488167,0.5276414598763532,-0.599776344400908,20.31654795278706,-3.3223307570069025,-3.001487461075202,0.5583052532174019,-0.5787118707741314,0.031570306376385776,0.1633325385853563,0.15604710411656372,0.013957891191069449,nan,nan,nan,0.5855736786284456,2.3741398059452665,6.0,-0.3224354600084622,20.0,-3.3333333333333335,15.0,3.3333333333333335,1.8870197318320303,-0.5827982940039937
51.0,20.32432417629895,-3.293830626996463,-3.02705308785633,0.5320083854652523,-0.5978291648777947,20.294383126533717,-3.325322591853839,-3.0248141544620024,0.561646947348413,-0.5694139611423414,0.03156989000670221,0.16548513279812427,0.15738086000310092,0.014158456847414477,nan,nan,nan,0.5912373482137684,2.343493723138927,6.0,-0.2598399080255078,20.0,-3.3333333333333335,15.0,3.3333333333333335,1.8879411246498083,-0.574809175784072
51.050000000000004,20.292566283838603,-3.2995917402381205,-3.0628374524524777,0.5394041560235115,-0.5947963318798013,20.259910366455095,-3.3274802033540993,-3.062365749861039,0.5677261116184571,-0.5812417540353922,0.03177529651954743,0.16872454808509116,0.15933075616522,0.01391405590639091,nan,nan,nan,0.6022413778900029,2.3338806105810828,6.0,-0.2403129461146699,20.0,-3.3333333333333335,15.0,3.3333333333333335,1.906855824209266,-0.5314369668645443
51.101000000000006,20.26008986104361,-3.304263895531954,-3.098354107713225,0.5495722763634551,-0.5889143293575607,20.23719611718518,-3.3291532018992855,-3.086173840642656,0.5744956736172172,-0.5893780447998316,0.03176811079864365,0.17089282473708886,0.16061674893144606,0.014114983029790107,nan,nan,nan,0.6206747942465318,2.3196262730450097,6.0,-0.21144017115161667,20.0,-3.3333333333333335,15.0,3.3333333333333335,1.9305858288825184,-0.4446516029904266
51.150000000000006,20.237976771104535,-3.306764849746073,-3.121794572326932,0.5575610463119474,-0.5839297745249087,20.134228259945008,-3.446536566621957,-3.1200782271074816,0.5966058430396539,-0.5540895030733733,0.03172096729026133,0.16475263207837482,0.1547236269731407,0.013873992808246501,19.670500593694985,-4.512779030493435,6.132588728825617,0.6318364861837552,2.3101354184802627,6.0,-0.19226497260857395,20.0,-3.3333333333333335,15.0,3.3333333333333335,1.9305858288825184,-0.3967729063490988
51.201,20.204361378352928,-3.30957689066049,3.12625665857682,0.560681143476848,-0.5881377176206447,20.110384052091035,-3.446916215311959,3.1398429423650738,0.5951875486736755,-0.5795805217731947,0.03171299530419175,0.16693558071892972,0.1560297191905251,0.01407526332118089,nan,nan,nan,0.5985697214099768,2.2340252099293108,6.0,-0.03946066798283229,20.0,-3.3333333333333335,15.0,3.3333333333333335,1.872074067446834,-0.6194237861257568
51.252,20.181848465109702,-3.3107906114249475,3.1026811166079447,0.5625996809601667,-0.5892315156942374,20.07427332006025,-3.445560295097187,3.1014579060681395,0.5951744431024275,-0.6214039385537315,0.03182744950577457,0.17020098284456917,0.15794647937515763,0.013840960457340346,nan,nan,nan,0.609420309452501,2.22437585058066,6.0,-0.020157512485653048,20.0,-3.3333333333333335,15.0,3.3333333333333335,1.8833246667261094,-0.5560907077293294
51.301,20.147803841217755,-3.311614310319836,3.0674141746176686,0.5687671673919323,-0.584954157110267,20.050450048231628,-3.4444686986617943,3.079041043929413,0.5989628460828903,-0.5718406070534453,0.031838128553375214,0.1723719364008506,0.15921606648098802,0.01404250559040512,nan,nan,nan,0.6285419258370768,2.2103386957632107,6.0,0.007917521010112075,20.0,-3.3333333333333335,15.0,3.3333333333333335,1.8972979910023808,-0.44452619769322266
51.35,20.124836099149725,-3.311490154525064,3.0440740788584706,0.5745941015752443,-0.5823605554770701,20.04604177614247,-3.495306646635301,3.0525252587583465,0.6019689764525162,-0.5848298971550625,0.03103828547559999,0.16582494857306906,0.15339900897338643,0.01379745456800716,20.331512820240558,-3.98734027808893,1.4159497205549858,0.6387656438337502,2.2011376050130793,6.0,0.02632118061177398,20.0,-3.3333333333333335,15.0,3.3333333333333335,1.9304056803879728,-0.42020089373123803
51.400000000000006,20.089946211597837,-3.3102691046582535,3.009252377703034,0.5839546420369812,-0.5784365580329179,20.02201300960698,-3.493022497690718,3.02976143311208,0.607672540260108,-0.5640335898111792,0.031039825702860895,0.1679872930563541,0.15470378529716985,0.013999362541473848,nan,nan,nan,0.6460532632607539,2.184131305732887,6.0,0.060350567067204514,20.0,-3.3333333333333335,15.0,3.3333333333333335,1.9550087464317374,-0.38455149692210955
51.45,20.066387863577454,-3.308748037935222,2.986171509360771,0.5909826781998195,-0.5758470325998137,19.985507364285624,-3.4881016578750113,2.9945347206543076,0.6166974363692344,-0.5630458746083702,0.031097479206394035,0.1712125342369347,0.15662875034268953,0.013912109904090052,nan,nan,nan,0.6565612938136484,2.1752157997158603,6.0,0.078203090928847,20.0,-3.3333333333333335,15.0,3.3333333333333335,1.9550087464317374,-0.3489994207851612
51.5,20.04257865233697,-3.3066458343501015,2.963205283022566,0.5988378228823517,-0.5722999828641508,19.961049647925908,-3.484335565179504,2.970662571518706,0.6246818287269624,-0.5866390846286584,0.03108476796571159,0.17334818875546637,0.15791032819626755,0.014064026436029973,nan,nan,nan,0.6730898946525962,2.162117293701295,6.0,0.10445510329650744,20.0,-3.3333333333333335,15.0,3.3333333333333335,1.9692805527032962,-0.27745734161575775
51.550000000000004,20.006340283255287,-3.3023726878409025,2.9291016330051294,0.6118527773430563,-0.5646403578037077,19.917482584067084,-3.427657095984637,2.934069508897693,0.6379067616354733,-0.5818513668143379,0.03117877509327045,0.16660436748412033,0.15231132459892727,0.013815797585774097,19.852957592865636,-2.9394549506450067,1.0876271164236133,0.6842869623293373,2.153491676065644,6.0,0.12176162076697608,20.0,-3.3333333333333335,15.0,3.3333333333333335,1.9641186305593172,-0.21808278809694193
51.601000000000006,19.969412976681653,-3.296699288565776,2.8955952699831276,0.6278742955168151,-0.5529911410983634,19.89243407422948,-3.4222349197307036,2.9114305642053786,0.6489240715606848,-0.5534898435722544,0.031178772981674048,0.1687157920419041,0.15363951221570635,0.01401704972848624,nan,nan,nan,0.7102102245089382,2.1530699652329677,6.0,0.12260819033711481,20.0,-3.3333333333333335,15.0,3.3333333333333335,1.9817433177539372,-0.09577421978876854
51.650000000000006,19.944359542725316,-3.2921120592522373,2.8736417072711355,0.6391132086270678,-0.5461565832900696,19.85432517471459,-3.412853684355856,2.878595372008104,0.6645859247578849,-0.5233257890423502,0.03117787395780012,0.17185208338924485,0.15562371739368072,0.014316109760918903,nan,nan,nan,0.7201918976062724,2.144713115877417,6.0,0.1393936924548373,20.0,-3.3333333333333335,15.0,3.3333333333333335,1.9911616673843033,-0.06619880274177836
51.7,19.91898476776075,-3.2868662625408978,2.8519268345519238,0.6502072850216004,-0.5403243178649374,19.82780887395286,-3.4022506547780864,2.8497438187435638,0.6754821520726829,-0.5449301625051115,0.031686892102629274,0.17391530672035016,0.1569276883600408,0.013964782010466617,nan,nan,nan,0.7342465999001451,2.132355294651362,6.0,0.16425207084184254,20.0,-3.3333333333333335,15.0,3.3333333333333335,1.9993110744971372,-0.020748526339209095
51.75,19.8803383386787,-3.277721883341985,2.819823590762487,0.6674460882301023,-0.5299686277131361,19.78883023396087,-3.390046987166257,2.816483452563288,0.691783075084874,-0.509688376225016,0.03168409643304953,0.17696529608830147,0.15890270729101505,0.014264501283418619,19.908419998919353,-3.2045236761528737,0.17528666547537203,0.7486586928611577,2.1249840298392124,6.0,0.17910329370456274,20.0,-3.3333333333333335,15.0,3.3333333333333335,1.9941299198346405,0.05579468312567537
51.800000000000004,19.854184886241214,-3.2707749205657217,2.7987872488353633,0.6792029494917619,-0.5228836168180234,19.77704943237165,-3.3668978409458994,2.801450891414885,0.7020757276557497,-0.5236772708159773,0.031177616928757614,0.16883891647439536,0.15278923138892478,0.013917799850840696,nan,nan,nan,0.7626980205150036,2.1131616701507645,6.0,0.20296400513105872,20.0,-3.3333333333333335,15.0,3.3333333333333335,2.0026882011350224,0.10047355487746468
51.85,19.814405636555303,-3.2590532180017506,2.767744998844122,0.6967436952878953,-0.512478124885305,19.737180058574733,-3.3523101914627564,2.770464146797595,0.718750136571736,-0.4897583562765253,0.031177110957958748,0.17183341450616985,0.15484920913409284,0.014218145952764579,nan,nan,nan,0.7737359026520931,2.115371828925215,6.0,0.19849915867021853,20.0,-3.3333333333333335,15.0,3.3333333333333335,1.9966158297624768,0.1573204589462479
51.900000000000006,19.774032592532688,-3.2457399649657472,2.737313753767258,0.7138222498390947,-0.5030594282768396,19.70990555243085,-3.3371938916973893,2.7424272932122893,0.7299232821822443,-0.49016867894314725,0.031830198494124676,0.17379559834673164,0.15620812194103667,0.013878480744674737,nan,nan,nan,0.7859671988968939,2.1039267631060445,6.0,0.22164206801786737,20.0,-3.3333333333333335,15.0,3.3333333333333335,2.0010794737438093,0.19327400769037795
51.95,19.746823026655168,-3.235965381584172,2.717349927872311,0.7254372224433764,-0.4959729924347598,19.669435516274028,-3.31963684457212,2.7119677968876967,0.7463270256407465,-0.48634166436041304,0.031822173385672135,0.1766862792060924,0.15827002852029887,0.014179358053954259,nan,nan,nan,0.7992238221506998,2.097633668042526,6.0,0.23439189307375316,20.0,-3.3333333333333335,15.0,3.3333333333333335,2.0008000286368843,0.2585540962821117
52.0,19.71939364154072,-3.2254654233444744,2.697673019125984,0.7368281171182037,-0.48858721896920576,19.8396522733018,-3.3260260359814504,2.6902361732056193,0.735010431040027,-0.47828671262400385,0.03201771865909105,0.16833792863987604,0.1521872047405543,0.013829687311851692,21.416722753797092,-3.557813644577421,11.234050330089852,0.8109086640435756,2.0868747321062635,6.0,0.2562336937240494,20.0,-3.3333333333333335,15.0,3.3333333333333335,1.9919727469733153,0.30576688411734576
52.050000000000004,19.67776013080495,-3.2082766312260715,2.6689033090716126,0.7604445658326039,-0.4689982422894907,19.799732766797426,-3.3062075900930648,2.661428563895477,0.7627641582163626,-0.4738272036645067,0.03200829321301863,0.17116523033316194,0.15433783036864135,0.014131201965705803,nan,nan,nan,0.8588343321889835,2.1524295909004394,6.0,0.12389380294742877,20.0,-3.3333333333333335,15.0,3.3333333333333335,2.0602103783996784,0.629420001583342
52.1,19.63518284823286,-3.1891824131263062,2.6415497634657474,0.7866296206713626,-0.4469347075909453,19.77257314990551,-3.2916053064919537,2.642102621105254,0.7818805012394491,-0.45870877529000165,0.03204658906632414,0.17301812698284735,0.1557579320218889,0.013788814687062006,nan,nan,nan,0.8683273180239438,2.1424521367937395,6.0,0.14393834061789784,20.0,-3.3333333333333335,15.0,3.3333333333333335,2.030139330159078,0.6522718117854713
52.150000000000006,19.60638801646933,-3.1754263033584205,2.623954489712298,0.8017333485097058,-0.43547283806839154,19.731143895922713,-3.2685199428955842,2.6147577144115823,0.8067533608290445,-0.4500131319809163,0.03203805316265404,0.1757444417421692,0.15791290970346772,0.014175857582022259,nan,nan,nan,0.8746431349216203,2.1360054638078654,6.0,0.15690466397076291,20.0,-3.3333333333333335,15.0,3.3333333333333335,2.0141522641439984,0.6628278124838347
52.2,19.577355101665862,-3.1608806653929986,2.6067685029710743,0.8151764138964952,-0.42543576733915567,19.70319396147863,-3.252100673566794,2.5975660901303392,0.820933746549223,-0.41698345053767333,0.03203912007956911,0.177524568467653,0.15935102957033692,0.014374212528234055,19.28057317253707,-3.302674211785786,0.6438522244038023,0.8882188436321048,2.120223320772124,6.0,0.18870523495717312,20.0,-3.3333333333333335,15.0,3.3333333333333335,1.983805673481138,0.6853641258366314
52.251000000000005,19.53350359251018,-3.1376454047827735,2.5816502681477864,0.8326941651619046,-0.41363967639739646,19.612908034804065,-3.2344890298157267,2.5784725497551797,0.8432400180912905,-0.42042647015568335,0.031421576331335965,0.16996307507500555,0.15404478771977237,0.014114012672005427,nan,nan,nan,0.8882188436321048,2.120223320772124,6.0,0.18870523495717312,20.0,-3.3333333333333335,15.0,3.3333333333333335,1.983805673481138,0.6853641258366314
52.300000000000004,19.50416878671625,-3.1212646966947357,2.565209823620765,0.8413637009248998,-0.40915818899914075,19.584399094413843,-3.2163195251545122,2.561585671734937,0.8507869792662234,-0.40269315234886677,0.03142017446670736,0.17171037072206088,0.15553343422256788,0.014312839169079822,nan,nan,nan,0.882938867062929,2.089761773100854,6.0,0.2503669900461843,20.0,-3.3333333333333335,15.0,3.3333333333333335,1.947101916138153,0.6173107622997234
52.351000000000006,19.460253083826757,-3.095486499209936,2.540781220669757,0.8514622143762118,-0.4047023566079505,19.541692729082275,-3.188233111133068,2.53735364242738,0.8610182840461424,-0.4129869198196003,0.031364320344339246,0.1742796363046614,0.15774617285236456,0.014061918175167026,nan,nan,nan,0.8880636719888154,2.0839052574895547,6.0,0.2622724395616326,20.0,-3.3333333333333335,15.0,3.3333333333333335,1.946586827590793,0.6357001067337393
52.400000000000006,19.431068780079286,-3.077516072143556,2.5246644307114887,0.8578638878213825,-0.40058167650037646,19.51338006476939,-3.168504567060696,2.520437209163079,0.8676637711485948,-0.3958238883838962,0.03136184201243877,0.17595791707450842,0.15923069798047476,0.014261203637515076,18.8678102448117,-4.275643915927007,5.947698356097651,0.895185556270237,2.075404675925305,6.0,0.2795856834140208,20.0,-3.3333333333333335,15.0,3.3333333333333335,1.931323236834701,0.6758658731841556
52.45,19.38746840642584,-3.049406791054479,2.5008426916620006,0.867037631904189,-0.3937678326797564,19.402008645046806,-3.239880321779818,2.5005475690933165,0.8774477790879753,-0.37393205919604877,0.031092268193416192,0.16850445411788056,0.1539998722618197,0.014014908396948734,nan,nan,nan,0.9003028926830112,2.070105780104695,6.0,0.29039868842090594,20.0,-3.3333333333333335,15.0,3.3333333333333335,1.9310326818722205,0.6966975054041851
52.627,19.372994275322274,-3.0397398713004504,2.4929783343179417,0.8693409968069984,-0.3928212791518,19.3879440394014,-3.2293843928657013,2.4932478447876356,0.8778349538552227,-0.36387207104266267,0.031093970721017175,0.16933610293471205,0.15476467672043012,0.014114954127491065,18.538817507128915,-3.444951546470222,2.3539357450564706,0.880275546545205,2.0061938850213084,6.0,0.42232127703044625,20.0,-3.3333333333333335,15.0,3.3333333333333335,1.915502525341605,0.5315871204824193
52.650000000000006,19.24572966376128,-2.947114158625757,2.4215873413700373,0.8795217632866359,-0.3922339157837856,19.18511888517821,-3.149224172998975,2.4159802630143163,0.8928262710038891,-0.3874450954106278,0.03170273495927552,0.16675561345229314,0.15400477788932687,0.013915602475736288,nan,nan,nan,0.9017413634910109,1.9927995100274587,6.0,0.45038556002285274,20.0,-3.3333333333333335,15.0,3.3333333333333335,1.9154794112966465,0.6778960766950116
52.7,19.218128587345735,-2.925115703923562,2.405932708195216,0.8814912885399206,-0.39101040378022933,19.15849747064137,-3.1254128449712857,2.400301051438648,0.8931944826133847,-0.36780027593821196,0.03170327257400657,0.1683412728068068,0.1555723361209359,0.014116192344112734,nan,nan,nan,0.8933433370480921,1.9499149259502564,6.0,0.5414393956568176,20.0,-3.3333333333333335,15.0,3.3333333333333335,1.8949767958714694,0.6067368610077924
52.751000000000005,19.17732064353725,-2.891249599544653,2.3824675309393166,0.8835449424989037,-0.3902719897535809,19.12089704593142,-3.08502631645665,2.3703515851075903,0.8946889879508553,-0.377235175720813,0.03222040696286923,0.17067666443333443,0.15790426412107123,0.013876491371745592,nan,nan,nan,0.898853901048849,1.946652004018696,6.0,0.5484497304696738,20.0,-3.3333333333333335,15.0,3.3333333333333335,1.9046966028249437,0.6379896813156577
52.800000000000004,19.150491364219263,-2.868072770673005,2.366909717067927,0.8863004836359494,-0.3868408714937677,19.095313335253298,-3.0599533527804312,2.354970377575262,0.898008936727517,-0.35552798576340555,0.032220490521987666,0.17220872199297424,0.159468052035455,0.014077440278283239,nan,nan,nan,0.9104534607154194,1.9439343451378308,6.0,0.5542981531288526,20.0,-3.3333333333333335,15.0,3.3333333333333335,1.9024135735806138,0.7249499942479859
52.851000000000006,19.110738810569508,-2.832346924238498,2.3439424481705493,0.8918838279287078,-0.37957462224659966,19.151164932755556,-2.9634505853475255,2.3300816595443656,0.9005274988177305,-0.3791607775637619,0.03228616164113292,0.16484743184198197,0.1540432812521928,0.013827284513889737,19.967146928672253,-2.374556654992939,4.472949330296738,0.9156990025871659,1.941417936235613,6.0,0.5597213434656202,20.0,-3.3333333333333335,15.0,3.3333333333333335,1.907331823053849,0.7510968876456265
52.900000000000006,19.084540979993545,-2.8078577601310304,2.3289680231518397,0.8981760625681771,-0.36866037801553175,19.12641306165224,-2.9371600605409913,2.315059710594694,0.9090452711497335,-0.3383967900912505,0.03228721108743566,0.16637751853833083,0.15564851690269685,0.014028663827498993,nan,nan,nan,0.9425900493839602,1.9895883827176226,6.0,0.4571384050040703,20.0,-3.3333333333333335,15.0,3.3333333333333335,1.889317111645298,0.971165903216078
52.95,19.045534791539108,-2.7699696496641724,2.307548342708501,0.9097673997154114,-0.3494672918200762,19.08968098006065,-2.8964630366227913,2.292347222151254,0.9202403281718137,-0.37015895738391247,0.03229119207644216,0.16863477792804094,0.15803689359056142,0.01378666180398371,nan,nan,nan,0.9468867682078541,1.9876756054277813,6.0,0.46116558700280263,20.0,-3.3333333333333335,15.0,3.3333333333333335,1.8908403163302516,0.9794054329025134
53.0,19.019753469872356,-2.7439705360689906,2.2938435957589287,0.9167767859870519,-0.3377022426356537,19.06541902383155,-2.8686866288338035,2.2781132830641893,0.9271382789356313,-0.33597692060955126,0.03229106926629255,0.1701192532566476,0.1596367336975882,0.013988410391238175,nan,nan,nan,0.9532357953456245,1.985318555111355,6.0,0.46613303792515537,20.0,-3.3333333333333335,15.0,3.3333333333333335,1.856396577365523,1.0314377421529555
53.050000000000004,18.98145566847688,-2.7039174923350258,2.274152807514627,0.9263820923631719,-0.32170186888426283,19.024245972092,-2.8333038892303017,2.260152444217134,0.9361707931401875,-0.3160754375257776,0.03199184236355116,0.16301665250368508,0.1542294491010366,0.013749023173593307,19.000004151482177,-2.899524661501238,0.01765429732004955,0.9570647213817755,1.9840177702716082,6.0,0.4688767582350431,20.0,-3.3333333333333335,15.0,3.3333333333333335,1.8560431470773897,1.0425381451872868
53.1,18.95619678840386,-2.676549757320104,2.2614944419719145,0.9320537396331312,-0.31298961840437123,19.00049406665812,-2.8042842801616388,2.2465723704450156,0.9414905657618311,-0.31149128581837265,0.03198684977706648,0.1645076285616188,0.1558648924294981,0.013951122797419304,nan,nan,nan,0.9605906933691247,1.9784756408790374,6.0,0.4805855558645806,20.0,-3.3333333333333335,15.0,3.3333333333333335,1.84625094557656,1.0540808855828927
53.150000000000006,18.918753553683164,-2.634565956561893,2.2431124692722615,0.9396999026189071,-0.3011604375421307,18.96535705035584,-2.7598692626483077,2.227450142512202,0.948614079488348,-0.2922109479802987,0.03198287219938814,0.16671362002419748,0.1583124544325098,0.014251397762548823,nan,nan,nan,0.9640775096693762,1.9777242886307855,6.0,0.48217531477048664,20.0,-3.3333333333333335,15.0,3.3333333333333335,1.835111135702379,1.0777599189143867
53.201,18.894098599720753,-2.6059846670566253,2.2312465305973714,0.9444701745886445,-0.29333245608191694,18.94116747269449,-2.7312789383981317,2.217972775664027,0.953182408318443,-0.2909413206993583,0.03176065818899182,0.16815690119244647,0.1599210665411767,0.013908020395439745,nan,nan,nan,0.9688094365657951,1.977034218124622,6.0,0.48363591730431144,20.0,-3.3333333333333335,15.0,3.3333333333333335,1.8236047815562593,1.1061257667777582
53.25,18.857588410083185,-2.5622706700956934,2.21402421725357,0.9509703604770378,-0.2822278223769438,18.90689006453541,-2.6853475624499543,2.199939679558881,0.9590986574313916,-0.28130781962059037,0.031755382370206676,0.1703014948111248,0.16234827151424594,0.014208847042926225,18.014299644014553,-3.561885597479988,5.673548158757139,0.9708662992486327,1.9759964451914944,6.0,0.4858333848832856,20.0,-3.3333333333333335,15.0,3.3333333333333335,1.8131462176276534,1.1199702827695432
53.300000000000004,18.833573362245993,-2.5325972152109033,2.2029102076369527,0.9549855514824964,-0.27458792914135755,18.79704961126656,-2.7322552791697827,2.1879407012086673,0.9623772091490591,-0.28295445683109727,0.03173061973680614,0.16263049880595842,0.15601986395359313,0.01386799645180808,nan,nan,nan,0.9750436860424128,1.9760610816832809,6.0,0.48569648584164404,20.0,-3.3333333333333335,15.0,3.3333333333333335,1.7978608634716142,1.1512713255412872
53.351000000000006,18.79806766523551,-2.487366267329666,2.1866625184575925,0.9585552745711532,-0.27019141326304486,18.763851133505316,-2.684914924679075,2.171402197878402,0.9650281166726228,-0.26972200090499854,0.031728488531722006,0.1647952143107366,0.1584937999009571,0.01416934463179045,nan,nan,nan,0.9648601036250681,1.9220548272601348,6.0,0.6017134784886226,20.0,-3.3333333333333335,15.0,3.3333333333333335,1.8079778319302684,1.0782523509638713
53.400000000000006,18.763276255116065,-2.4414170760540324,2.170481187443684,0.96083342798785,-0.2683423537064805,18.739052348140653,-2.656740137591762,2.167199756643811,0.9665128648052925,-0.2611774883953991,0.03119101508730774,0.16621184611876377,0.16011920985264294,0.013835661354748287,nan,nan,nan,0.9692821848360081,1.9229011706482702,6.0,0.5998680480031922,20.0,-3.3333333333333335,15.0,3.3333333333333335,1.8079778319302684,1.0782523509638713
53.45,18.74047121784541,-2.4103949544890013,2.1597829582638406,0.9623686642916963,-0.2666329631677179,18.70671786088436,-2.6085540336739794,2.1512040260044767,0.9684231517370222,-0.24774832276175032,0.03118956655727114,0.16832322433883543,0.16256801593900708,0.01413743902435243,nan,nan,nan,0.9699809092597385,1.9215557226152535,6.0,0.6028022040425345,20.0,-3.3333333333333335,15.0,3.3333333333333335,1.8077221853794467,1.0797320740100942
53.5,18.706842716131185,-2.363290736249403,2.1439172182524224,0.9650609575053393,-0.26217948872484365,18.642344875639832,-2.585877226112788,2.1370772821567634,0.9713359481064588,-0.25723156978371486,0.031476414239502724,0.16079291902146345,0.15608302998833273,0.013791782908101948,18.248296472419913,-2.7442543314107604,0.8151513641641246,0.9740633141636813,1.9229515936575092,6.0,0.599758131496899,20.0,-3.3333333333333335,15.0,3.3333333333333335,1.8003832082526647,1.1138245694211626
53.550000000000004,18.684807095798217,-2.3315164606309082,2.1334931682191423,0.966460615273087,-0.2595048463998958,18.611305514171292,-2.536506633006166,2.12111082687278,0.97301762874991,-0.27872013809039975,0.031468634325292164,0.16293013825759356,0.15857534527048447,0.014094118564333373,nan,nan,nan,0.9733424264272135,1.905660513113181,6.0,0.6376504351558068,20.0,-3.3333333333333335,15.0,3.3333333333333335,1.7941717455034105,1.1057066941996352
53.6,18.66308387575095,-2.299459071442652,2.1232066547979382,0.9680712642187833,-0.2549140836901203,18.58614039540529,-2.508443503559437,2.119764133762926,0.9745432709676851,-0.25414667110027145,0.030686655622886683,0.16432685402469707,0.16021535766072004,0.013756300257289017,nan,nan,nan,0.9773430912039286,1.907836424161726,6.0,0.6328595684666658,20.0,-3.3333333333333335,15.0,3.3333333333333335,1.771753752672383,1.154906655011541
53.650000000000006,18.63107039590907,-2.2508422763583886,2.1081469244673325,0.9704121286540431,-0.2486617849420719,18.55587012685555,-2.45837118560621,2.104546328766615,0.9763487931932362,-0.23079205997976143,0.0306861283645251,0.1664155158711035,0.1626828230391541,0.01405909090813443,nan,nan,nan,0.9773113745781946,1.9063399366902882,6.0,0.6361537858114292,20.0,-3.3333333333333335,15.0,3.3333333333333335,1.7794631419788123,1.1425078876411152
53.7,18.610112778099715,-2.2180915405605686,2.098286674841251,0.972065095000749,-0.24476865177538643,18.536082060352104,-2.424683486530739,2.0943618908235972,0.9779240171032009,-0.23055908128641034,0.030683098445726066,0.16779154464029142,0.16431934183459151,0.014259045426624978,18.5729563130448,-2.4466611843739474,0.006590722411939472,0.9809393417488707,1.9089880542195854,6.0,0.6303266098792868,20.0,-3.3333333333333335,15.0,3.3333333333333335,1.7737729866663074,1.1717318110090273
53.75,18.579237549631127,-2.168454162388463,2.0838303543204666,0.9747949729993145,-0.2376916305462126,18.506488790474776,-2.380277184015796,2.086318350264138,0.9800349888326392,-0.23471660321430723,0.030023300293129676,0.16114689660701106,0.1585587750258184,0.01401273804345629,nan,nan,nan,0.9832330498193832,1.9109824158683655,6.0,0.62594444363676,20.0,-3.3333333333333335,15.0,3.3333333333333335,1.7624605229163521,1.1967693630797844
53.801,18.549027709105204,-2.1182192548652705,2.0698427053142683,0.977468788763155,-0.2296432410777245,18.487232699665487,-2.346112492806805,2.0765853861092847,0.9816799531878123,-0.2381865516455881,0.03001932951993752,0.1625472974116104,0.16022235690734088,0.014213065735984637,nan,nan,nan,0.9849030588053986,1.9123351261302568,6.0,0.6229752780296562,20.0,-3.3333333333333335,15.0,3.3333333333333335,1.7502852050274638,1.2161088151972668
53.85,18.529254428229407,-2.084409588315155,2.060804346679628,0.9792667246001361,-0.22349569571382913,18.459816711990563,-2.2935942724092695,2.0619004275095456,0.9840566176189798,-0.21268154772514833,0.03014539650229541,0.16460712947580403,0.1626927595597029,0.013975297372867223,nan,nan,nan,0.986918464489742,1.914658510520104,6.0,0.6178813359516933,20.0,-3.3333333333333335,15.0,3.3333333333333335,1.7364810507629365,1.241249665311864
53.900000000000006,18.509769329846954,-2.050349537246833,2.0520199484833315,0.9811584660771933,-0.21692019023993545,18.441310662233974,-2.25883278575912,2.053391065038298,0.9858947557004729,-0.21660249489889305,0.030142138830696125,0.16597495773220466,0.16433973330309343,0.014175936325714695,18.803742265140585,-2.980656087502326,2.340706034995584,0.9898122520631117,1.919036202075835,6.0,0.6083031938531115,20.0,-3.3333333333333335,15.0,3.3333333333333335,1.7261757852424573,1.267728347121444
53.95,18.481069322025732,-1.9987988435673607,2.039357051205116,0.9839818569072328,-0.20650431783057246,18.454323142290118,-2.2797490819085415,2.0419923301258986,0.9832629808224901,-0.20202726251760306,0.03005935873596167,0.1595819566694672,0.15859543275589028,0.013939671995131483,nan,nan,nan,0.991355475014878,1.9218083274849151,6.0,0.6022511416682927,20.0,-3.3333333333333335,15.0,3.3333333333333335,1.7112083148243458,1.289742098083312
54.0,18.462281674004217,-1.9641352287883873,2.031261857017326,0.9859508785360068,-0.19974268755328634,18.43653300427452,-2.244642532239437,2.0334813494878183,0.9858501343418632,-0.19487784008382478,0.030057152468549266,0.160974660621165,0.16027054992618323,0.014140605224823358,nan,nan,nan,0.9926685384721847,1.9208276696726774,6.0,0.6043909353130305,20.0,-3.3333333333333335,15.0,3.3333333333333335,1.7108253697299787,1.3089531983843974
54.050000000000004,18.434601408586243,-1.9117051754565035,2.0196148381753276,0.9888282864540786,-0.18985656496344488,18.41000575586404,-2.1917989518645125,2.021651846877006,0.9892251593489146,-0.1617694021158748,0.03001374647737414,0.16302218706334085,0.1627593389378283,0.013898680249224995,nan,nan,nan,0.9940086047842247,1.9239606884621372,6.0,0.5975591159240469,20.0,-3.3333333333333335,15.0,3.3333333333333335,1.6978847827808368,1.3252250717708534
54.1,18.40751242907078,-1.8587889645284321,2.0085579607150774,0.9913725787181702,-0.18022844449411202,18.392820400451225,-2.1561342851545295,2.0142382169259285,0.9912454914501994,-0.17114786179882904,0.03000977770476716,0.1643839373562793,0.1644173618469688,0.014099950617129962,nan,nan,nan,0.9956905220654731,1.9287801422172774,6.0,0.587074766427474,20.0,-3.3333333333333335,15.0,3.3333333333333335,1.687964163884855,1.3387645715983694
54.150000000000006,18.38977471404616,-1.8232605384869378,2.0015254343665663,0.9928930706785998,-0.17300356411067203,18.39194898477291,-2.09285793826203,2.0014159405199354,0.9936918793185309,-0.183631385308091,0.030157623709623663,0.15808498302976898,0.15853835965977683,0.013859755049202886,18.629374819313295,-2.0346346210652233,0.2566460164754478,0.9966453984595162,1.9323055765598554,6.0,0.5794242507317379,20.0,-3.3333333333333335,15.0,3.3333333333333335,1.6687208704220955,1.3598412387629393
54.2,18.372287497673724,-1.7875433495566784,1.9948220496937228,0.994385640715801,-0.16337959067522675,18.375417926441376,-2.0566916774942605,1.993901862433022,0.9954263042772638,-0.16943656452854888,0.03015563064683471,0.15947255459317947,0.1602222222181526,0.014061342673694792,nan,nan,nan,0.9986568867404044,1.9495813183799324,6.0,0.54215557513889,20.0,-3.3333333333333335,15.0,3.3333333333333335,1.6230714807876208,1.4144727226140845
54.25,18.346507142269868,-1.7336319229948653,1.9855645284360872,0.9964340012758587,-0.14790529604579303,18.351535292518616,-2.0017544954634645,1.9850699927287234,0.997608709491183,-0.1536772366309009,0.030219523222038497,0.16151128014881963,0.16272506391096184,0.013829030467958785,nan,nan,nan,0.9991852846739043,1.9535329145403608,6.0,0.5336806653434556,20.0,-3.3333333333333335,15.0,3.3333333333333335,1.6111556863420757,1.425598094286931
54.300000000000004,18.329611555463586,-1.6974860677886376,1.97988465081836,0.9975731936202175,-0.1382140613287183,18.335519594648982,-1.9651918389645542,1.979633011791389,0.9987713327775638,-0.12481808801486301,0.030221069172731665,0.16286914286953277,0.16439094023006345,0.014030882857839426,nan,nan,nan,0.9996860546472192,1.960011589702846,6.0,0.5198244632631859,20.0,-3.3333333333333335,15.0,3.3333333333333335,1.5932744407028618,1.4410410209299513
54.35,18.30468629259201,-1.6429932110657688,1.9720577877084409,0.9989812741422742,-0.12516779049707866,18.30953872448678,-1.8790776249484935,1.9758720910888528,1.0022589412669276,-0.1045144660676403,0.029935509470399153,0.15665839809147122,0.15838621873749734,0.013785861291045432,18.341622100565907,-1.5990238811071653,0.3977186742133793,0.9998823001442072,1.9642901199687082,6.0,0.5106994276595466,20.0,-3.3333333333333335,15.0,3.3333333333333335,1.5893135698786018,1.443139364822449
54.400000000000006,18.288336326016918,-1.6065012561764123,1.9672549674395068,0.9996342619666214,-0.11669277700250684,18.293772348658244,-1.8422153073828067,1.970788685135811,1.0025473885857716,-0.13528950053324798,0.029928851271909057,0.1580455246005313,0.16007356279376336,0.013988073199389304,nan,nan,nan,0.9999955968376977,1.9788396373929926,6.0,0.4798155953796708,20.0,-3.3333333333333335,15.0,3.3333333333333335,1.5651197003310564,1.4576635875606287
54.45,18.26419128470497,-1.5515556581082994,1.9607282927547443,1.0003244714199755,-0.10256753738154892,18.26631366912158,-1.7894557520459742,1.9690868291475772,1.002880127160158,-0.12280650937297637,0.029430660976097756,0.16008362062651874,0.16258199394359363,0.01375162457478413,nan,nan,nan,0.9999212587128423,1.9833379736052397,6.0,0.47031130550308853,20.0,-3.3333333333333335,15.0,3.3333333333333335,1.5375786563108242,1.4836132904934445
54.5,18.248332201959958,-1.5148009220087686,1.956854668663728,1.0006870261337517,-0.09343184805043302,18.250797917622645,-1.7524611798924128,1.9646755338122792,1.003001570454784,-0.0966975102820506,0.029431597268775297,0.16144359735511354,0.16424989095152479,0.01395411678537148,nan,nan,nan,0.9998224077353354,1.9879334480175859,6.0,0.46062251593032055,20.0,-3.3333333333333335,15.0,3.3333333333333335,1.5320606946613076,1.4871893933061497
54.550000000000004,18.22487342255288,-1.459504624614065,1.9516713688311127,1.0010992714872309,-0.08155288609773764,18.18295981732722,-1.6573353870508778,1.9567064390575597,1.0067012951007717,-0.07760245603446433,0.029713602527920668,0.15543870024091402,0.15827228699645024,0.013718328263590124,17.765575263969886,-1.3616538228896875,1.2412182455994576,0.9996105828920643,1.9925840409325555,6.0,0.4508383738373316,20.0,-3.3333333333333335,15.0,3.3333333333333335,1.5276578004892543,1.4893640496833627
54.6,18.201780744184916,-1.404044775825159,1.9471509454518845,1.0010529742499457,-0.07098463556325621,18.167843323905153,-1.6200205125189282,1.954067411387097,1.005935798705381,-0.03738051467221644,0.02971738551070252,0.1568280123498076,0.15996235429638617,0.013918252965797975,nan,nan,nan,0.9993076881048736,1.9939191194905546,6.0,0.4480333783687509,20.0,-3.3333333333333335,15.0,3.3333333333333335,1.5142078201744813,1.4889226727130052
54.650000000000006,18.18657452388381,-1.3670004212042566,1.9444568340445458,1.0009402010099993,-0.06529079957252774,18.145386915373997,-1.5640205122550093,1.9479791949402099,1.0049517387814266,-0.07997913226866167,0.02970970677844798,0.15889325447964533,0.16248461972029668,0.014301461472748663,nan,nan,nan,0.9989984863361498,1.9988263407780964,6.0,0.4377376483872344,20.0,-3.3333333333333335,15.0,3.3333333333333335,1.5184919570782371,1.4841155926948875
54.7,18.171506215097228,-1.3299056965348839,1.942016954191513,1.0007996798312215,-0.057732087004321045,18.124199483456877,-1.5303891522846613,1.953294233485173,1.0043271938844327,-0.08847111793005466,0.02900007176535538,0.16023173217275205,0.164145821402893,0.013952078724349722,nan,nan,nan,0.9982999127280495,2.006298474884,6.0,0.42210277505380756,20.0,-3.3333333333333335,15.0,3.3333333333333335,1.4793377748800638,1.520304549031679
54.75,18.149136940653232,-1.2741807386405122,1.9389694015284638,1.000663687994971,-0.046228022504099756,18.101775964794346,-1.474473931041535,1.9501562374046355,1.0036060207544875,-0.0541524492713125,0.029002438665785432,0.16225905460374954,0.1666337410023038,0.014252259206610541,18.48491676884399,-1.8237925565128,0.9641731467952648,0.9985124993999445,2.0078445684565747,6.0,0.41887390460529494,20.0,-3.3333333333333335,15.0,3.3333333333333335,1.4829627654314934,1.5199617965447723
54.800000000000004,18.13436321532561,-1.2369794906454963,1.9372847632664467,1.000576519760901,-0.039688099393402405,18.12754434464566,-1.4733903048829122,1.945624328052407,1.0000715004269942,-0.036308795678678576,0.02923845488436298,0.15567367331841978,0.15973664441021684,0.013905152038488307,nan,nan,nan,0.9978767246443164,2.0153333371322493,6.0,0.4032635867894443,20.0,-3.3333333333333335,15.0,3.3333333333333335,1.4788219241718858,1.5208980856240844
54.85,18.112385318189627,-1.1811137673690093,1.935243642187324,1.000466920249719,-0.02967173199847341,18.105633440383205,-1.4175294669729692,1.9435287532517824,1.000095624674708,-0.015890849773058786,0.029239236055245015,0.15774667116005953,0.16225978734401017,0.014205942923372657,nan,nan,nan,0.9968059560247966,2.0255711321713536,6.0,0.3819987072132194,20.0,-3.3333333333333335,15.0,3.3333333333333335,1.464347856023131,1.5372576758164096
54.900000000000006,18.097839116878628,-1.1438333759911568,1.9342257161163876,1.0003279567048255,-0.022864482782322736,18.09144862432418,-1.3800680784246229,1.9419571652850431,0.9999495221118634,-0.01991466332402829,0.029277613803251067,0.15908839140552586,0.16392445973660838,0.013867902874973422,nan,nan,nan,0.9959737253068583,2.0332948873160066,6.0,0.3660109278772177,20.0,-3.3333333333333335,15.0,3.3333333333333335,1.4538750610406104,1.5408061752858684
54.95,18.076156331639258,-1.0878778384788121,1.9332075543466323,0.9999545320213679,-0.012561154009876554,18.069717734236196,-1.3241503937523813,1.9408900714376125,0.9996398496733908,-0.0038625648283787083,0.029277756086527273,0.1611228933983529,0.16641688489957132,0.014169191612658893,nan,nan,nan,0.995325575555644,2.0386843145032256,6.0,0.3548819475954299,20.0,-3.3333333333333335,15.0,3.3333333333333335,1.4388569726746803,1.5508574547147695
55.0,18.061778506217706,-1.0505609626113583,1.932878491408384,0.9995949515586446,-0.005570637045862499,18.032972799320785,-1.238080701075002,1.9381060674571466,1.0028469422440962,-0.014112389494471623,0.029450616245049254,0.15457981252844824,0.1594139416999828,0.013818741005610643,17.839699950261064,-0.842133463909213,0.9473945809219488,0.9944251541979333,2.0465312881473916,6.0,0.33871604886247186,20.0,-3.3333333333333335,15.0,3.3333333333333335,1.428120189253806,1.5550776071392647
55.050000000000004,18.040307213447832,-0.9945918480999649,1.9329399549048438,0.9985700234530881,0.006330900560670713,18.0113636344958,-1.181955564575934,1.938803468476233,1.0011536267520538,0.006147367668948954,0.029451294786465174,0.1566618655934784,0.16193906716397466,0.014120657158215108,nan,nan,nan,0.9928972563774661,2.057363501152068,6.0,0.31647018118837345,20.0,-3.3333333333333335,15.0,3.3333333333333335,1.3918480445178394,1.5690465474285469
55.101000000000006,18.018928320130094,-0.9386672981413292,1.9337417451805006,0.9973467301246354,0.018164853403230714,17.997002253417808,-1.1445808392660344,1.938883882945369,0.9999625897955869,0.004905393031719548,0.02945475407039137,0.15800922563298198,0.16360596095827126,0.013779683922945249,nan,nan,nan,0.9913223431322182,2.0707189031717745,6.0,0.2891467008253743,20.0,-3.3333333333333335,15.0,3.3333333333333335,1.3769037031671478,1.579204726964779
55.150000000000006,18.00470837081817,-0.9014136173732602,1.9346611209682916,0.9965930570313605,0.02583742805772714,17.975420463137937,-1.0886335195660441,1.9395506418379655,0.9983937229961964,0.029263049608268275,0.02945571148558301,0.160053706309774,0.16610068577164558,0.014082113295739449,nan,nan,nan,0.9913223431322182,2.0707189031717745,6.0,0.2891467008253743,20.0,-3.3333333333333335,15.0,3.3333333333333335,1.3769037031671478,1.579204726964779
55.2,17.990501063337458,-0.8641863286152454,1.935871240830626,0.9958673119811996,0.032828645999590525,17.961005480713226,-1.0514012055861264,1.9409720611648646,0.9974024320054878,0.019581348483531186,0.029453546294076507,0.16140586776369278,0.16775208556327115,0.01428183447983057,18.11718938980818,-0.2141740433801591,2.614538604714117,0.9903325982570856,2.078712550897364,6.0,0.272843741229277,20.0,-3.3333333333333335,15.0,3.3333333333333335,1.3731715725108025,1.5793587566367675
55.25,17.969189700344515,-0.808401654107083,1.938188004824664,0.9948525676035702,0.0428507002920729,17.949633298803892,-0.911372962093806,1.9417367004374233,1.0003966945129428,0.04056098831736897,0.029521082187713897,0.15563794841567882,0.16152949835527577,0.014031781967281737,nan,nan,nan,0.9897858911677404,2.084021313887916,6.0,0.2620363387810951,20.0,-3.3333333333333335,15.0,3.3333333333333335,1.3618731942723297,1.5888982628162733
55.300000000000004,17.95496837215536,-0.7712666305618565,1.9401131183074747,0.9934204057353175,0.052131489815810436,17.935125818284277,-0.8741094628529433,1.942876567013881,0.9977023923438479,0.03706690730726014,0.02951889685048236,0.1570226602985964,0.163203627957957,0.014231912270848222,nan,nan,nan,0.9839734588201704,2.121010420857386,6.0,0.18711713821316978,20.0,-3.3333333333333335,15.0,3.3333333333333335,1.2870327980175678,1.6077402949893747
55.35,17.933612112336604,-0.7157174430021355,1.943780925082152,0.9908337951638769,0.06738409029161208,17.917048434556545,-0.8166626948416897,1.9422925679053937,0.9943126686224524,0.08546549932243898,0.029893198481697764,0.15904864930904442,0.1656930598959523,0.013991789371444715,nan,nan,nan,0.9832172916995083,2.1263424371155226,6.0,0.17636502308434432,20.0,-3.3333333333333335,15.0,3.3333333333333335,1.279109078271094,1.6170229477970408
55.400000000000006,17.9193380111864,-0.6787835843171466,1.946697502433557,0.9892974270683574,0.07601064452144715,17.90259330483728,-0.7796328998951083,1.9445921386526788,0.9922609996308281,0.06288883879346338,0.0298890369469618,0.16040862855768498,0.1673455928158976,0.014192244076204697,18.652043180960632,-2.136707172689273,8.61726202742505,0.9812440049712652,2.136276697582564,6.0,0.1563588692597777,20.0,-3.3333333333333335,15.0,3.3333333333333335,1.2786560551949455,1.6113456711321088
55.45,17.89783805211261,-0.6235327817605275,1.951671721981888,0.9872552477737495,0.08798498400320645,17.958938004112785,-0.865399466281378,1.9486459722920166,0.980301382643319,0.069154324240867,0.02995603436757621,0.15479053589646652,0.1611878929998623,0.013953144703161077,nan,nan,nan,0.9806618486506349,2.1415733668082675,6.0,0.14570509606724213,20.0,-3.3333333333333335,15.0,3.3333333333333335,1.2646259133034534,1.6263379653806074
55.5,17.88342027886866,-0.5867841174405029,1.95536040892372,0.9868205676650101,0.09438573178328478,17.94444416558196,-0.8289543811760505,1.9523200613126994,0.9811979061437086,0.10627057852090017,0.029960320075579836,0.15618329814166085,0.16286470944428294,0.014153924412000697,nan,nan,nan,0.9820508718177018,2.1383988741594795,6.0,0.15208927647859904,20.0,-3.3333333333333335,15.0,3.3333333333333335,1.3005132948890508,1.6374255087625789
55.551,17.861610624177786,-0.5317347226899777,1.9612629404255597,0.9867565147678266,0.10064567211486668,17.919367513285366,-0.7757343493371814,1.9616584845367724,0.9822198610145392,0.07950921805090518,0.029652581315143197,0.15822458811723408,0.16535783472727583,0.013910314860409381,nan,nan,nan,0.9824254030852301,2.149415334118632,6.0,0.12994659897401606,20.0,-3.3333333333333335,15.0,3.3333333333333335,1.3043813873820211,1.6308109699731455
55.6,17.846935356232965,-0.49509277353259373,1.9653745684376864,0.9866892878376822,0.10417360780168017,17.904360616819552,-0.7394179786207401,1.9657519502460712,0.9828097260242771,0.09971211493913619,0.029655078680629176,0.15959577376568349,0.1670125780468977,0.014111440331966018,nan,nan,nan,0.9824254030852301,2.149415334118632,6.0,0.12994659897401606,20.0,-3.3333333333333335,15.0,3.3333333333333335,1.3043813873820211,1.6308109699731455
55.650000000000006,17.824696456768404,-0.4402254907427521,1.971789830993699,0.9865572124349617,0.10856737896704605,17.898073969248568,-0.7002273208867553,1.9691988529443938,0.9821960810022847,0.10959944523417754,0.02987675316087784,0.15398589574581623,0.16076334282811663,0.013869101976364782,18.042792070260386,-0.8724620272400802,0.15853369629419894,0.9822795830837456,2.1542884250818046,6.0,0.12016229371680187,20.0,-3.3333333333333335,15.0,3.3333333333333335,1.3088742415072359,1.6233657470977536
55.7,17.809710390492427,-0.403720038089302,1.9761974512552039,0.9863411871342315,0.11124669788623612,17.882787638429708,-0.6640314615462821,1.9737952345772773,0.9825409929135466,0.10901660456505312,0.029877000828274703,0.15539101076098333,0.16243971792731002,0.014070566350227194,nan,nan,nan,0.9811823504218823,2.163502557774513,6.0,0.10167721713319877,20.0,-3.3333333333333335,15.0,3.3333333333333335,1.2997530944905071,1.6255794628764504
55.753,17.786977882600468,-0.3490874383553901,1.98301101736273,0.9859422215906303,0.1151578131313475,17.858798170915165,-0.6101820897339472,1.9813098241060574,0.9829472664525156,0.10566483199879642,0.029801687781173144,0.15745127188103045,0.16493228211287986,0.013837065895549326,nan,nan,nan,0.9813424394389997,2.1747826562470216,6.0,0.0790707171082361,20.0,-3.3333333333333335,15.0,3.3333333333333335,1.296918823572449,1.6272793970188715
55.800000000000004,17.771645305067093,-0.3127534702227848,1.98767617237752,0.98570225850145,0.11749041555522444,17.843065771417255,-0.5741464886835735,1.985912581535833,0.9831705364322755,0.11338375362280122,0.029803021193701325,0.15883491103357794,0.16658603426737512,0.014038801954789938,nan,nan,nan,0.9813424394389997,2.1747826562470216,6.0,0.0790707171082361,20.0,-3.3333333333333335,15.0,3.3333333333333335,1.296918823572449,1.6272793970188715
55.85,17.748366322451854,-0.258389053702718,1.9948302379025302,0.9853804460520734,0.12031896750210633,17.80885181033155,-0.5408779174069019,1.9921849601940795,0.9823875661736735,0.14740337146484467,0.029956189088085096,0.15322584752877433,0.16025394717187433,0.013792168374537709,17.687948558206163,-0.7551840675729513,0.2408523847006441,0.9813599919933922,2.1792941003125095,6.0,0.07003527607634008,20.0,-3.3333333333333335,15.0,3.3333333333333335,1.298865841643956,1.6247111528860785
55.900000000000006,17.724734169010002,-0.20418181315662648,2.0020343802405214,0.985569452442444,0.11921114958859388,17.792740999901937,-0.5050288364523451,1.9969178708197983,0.9830970504555685,0.13524270386801276,0.029954884984544104,0.15464391799229657,0.16192622440918764,0.013994271547620866,nan,nan,nan,0.9832276360241096,2.1755941212502563,6.0,0.077445302178901,20.0,-3.3333333333333335,15.0,3.3333333333333335,1.3351150751081289,1.605661710525679
55.95,17.708772693343064,-0.1681233107272768,2.006784788597951,0.9857417742960696,0.11856492288170588,17.770060153655788,-0.4505317845656022,2.001165040211906,0.9839613583572516,0.0921359713812795,0.030136830834736197,0.15672430527379444,0.16441306626557198,0.013757003961644957,nan,nan,nan,0.9833056554357784,2.179898758667039,6.0,0.06882450194985679,20.0,-3.3333333333333335,15.0,3.3333333333333335,1.3292287687389912,1.6100489274856717
56.0,17.692644242104237,-0.1321343769510345,2.0115436564825013,0.9857815247359201,0.1196824060702523,17.753597231835222,-0.4147786921129726,2.0062588916975415,0.9842606580341648,0.12479100938629746,0.03014180067250119,0.15812068248174374,0.16606324081461493,0.01395940342402824,nan,nan,nan,0.9827511508305384,2.1871686189967017,6.0,0.05427094781473096,20.0,-3.3333333333333335,15.0,3.3333333333333335,1.302996107639631,1.6292297609762108
56.051,17.668139230218852,-0.07829409243887403,2.018795840264822,0.9857403866718704,0.12116306331939283,17.794418624825212,-0.3106390843041051,2.0172581112289762,0.9860588752382259,0.12192577311058866,0.02984557048862215,0.1526273395337098,0.1598037779471115,0.013722439771837177,18.517407132083513,0.1775149840999053,3.344221124481175,0.982927442037353,2.1913067722745647,6.0,0.04598942979960574,20.0,-3.3333333333333335,15.0,3.3333333333333335,1.2275016738663445,1.6407896387649832
56.1,17.6515983773729,-0.04251495373058833,2.023719696917686,0.9847210093130718,0.12534048906314157,17.77735146428824,-0.27509841101157306,2.0218006791910828,0.9844903211506736,0.11081562199108518,0.029843611175570512,0.15405874277810738,0.1614714077008806,0.013922281001375086,nan,nan,nan,0.9755448123042662,2.23886821438317,6.0,-0.04915144927770698,20.0,-3.3333333333333335,15.0,3.3333333333333335,1.2275016738663445,1.6407896387649832
56.150000000000006,17.62651096039487,0.010905938700591403,2.031545894973931,0.9826868727968646,0.13386526998418224,17.751503266451703,-0.22202998142760846,2.02973101421908,0.9826331961446381,0.15515380388876812,0.029849770921757716,0.1561918165262074,0.16395683123860655,0.01430631049137058,nan,nan,nan,0.9757006084241775,2.2427008573394955,6.0,-0.05682212482364912,20.0,-3.3333333333333335,15.0,3.3333333333333335,1.2257666770550053,1.6480219896133883
56.2,17.60959193013452,0.04636539889856768,2.036996754990746,0.9817286187856649,0.13718218418881614,17.73650770278246,-0.18569764641195893,2.0311784614333277,0.981861479166127,0.11170878809493921,0.030087512118458067,0.15756984902292875,0.16559538551856212,0.014095131212448734,nan,nan,nan,0.9762137993634049,2.2482766643617205,6.0,-0.06798462430479724,20.0,-3.3333333333333335,15.0,3.3333333333333335,1.2505943028282254,1.6325009423525711
56.25,17.583902243647326,0.09933800245161384,2.045379428289169,0.9805412538243548,0.14218505789428013,17.710170191239083,-0.13302530777765922,2.0391947439118123,0.9807806178796229,0.10698363434169465,0.03008682188372747,0.159671013929068,0.16804274593280982,0.014336220488796014,16.755750615127738,0.6364319511475893,5.402337295066973,0.9754605430031577,2.2531716286689436,6.0,-0.07778757437879369,20.0,-3.3333333333333335,15.0,3.3333333333333335,1.2249559832667312,1.6541811183774229
56.301,17.557822178791067,0.1520511048639059,2.0541004216082954,0.9796908650587856,0.14737072552361435,17.59855254664042,-0.01500641444295163,2.046392698166672,0.9877120977383198,0.15902704981898652,0.029939387643204265,0.1534914243385185,0.16091644589358675,0.013978286848912665,nan,nan,nan,0.9760642175306762,2.258429246794348,6.0,-0.08832096832467107,20.0,-3.3333333333333335,15.0,3.3333333333333335,1.2299965625444664,1.6569181726273388
56.35,17.540208089286253,0.1870568230441708,2.059977142879319,0.9793730862738688,0.14612214327380255,17.571298857127434,0.03757491016335522,2.0545900991552815,0.9859665853723921,0.14208704278735335,0.029937834594071042,0.15564469634912254,0.1633918262301936,0.014277407591385897,nan,nan,nan,0.979504519039226,2.2492023474998173,6.0,-0.0698381886465651,20.0,-3.3333333333333335,15.0,3.3333333333333335,1.2774431006488745,1.615483514195073
56.400000000000006,17.513431771649568,0.23937153635728706,2.0686639069984096,0.9792666220319989,0.14402295317287056,17.556531196469333,0.07415028136580254,2.0551521696918424,0.9852855218001987,0.12838936609893847,0.030297290684084897,0.1570369914982827,0.1650239044811364,0.013930430757926694,nan,nan,nan,0.9792695766654844,2.2591249473816766,6.0,-0.08971512599494824,20.0,-3.3333333333333335,15.0,3.3333333333333335,1.2638405476585146,1.63391500472749
56.45,17.49533801223609,0.27411985568404607,2.0744303680886396,0.9791551450342914,0.1443622362355776,17.528860117225374,0.12636945998344057,2.063088255605642,0.9842840416868293,0.1078955019461173,0.030295218078913513,0.15915812997032602,0.1674616933480012,0.01423021680019469,nan,nan,nan,0.9792695766654844,2.2591249473816766,6.0,-0.08971512599494824,20.0,-3.3333333333333335,15.0,3.3333333333333335,1.2638405476585146,1.63391500472749
56.5,17.467830574441106,0.32604670048741613,2.083131939169181,0.9792074021543795,0.1455660617529183,17.48028906065586,0.22783469703310036,2.068536559734051,0.9888875503138624,0.13863666964030963,0.030326147129868117,0.1529376283227772,0.16027198936805678,0.013871807640893467,17.23346724218613,0.7826667877769731,1.755767436905661,0.9799424561898703,2.2637120608542984,6.0,-0.09890976977036381,20.0,-3.3333333333333335,15.0,3.3333333333333335,1.2637210948751503,1.6421499639953363
56.550000000000004,17.449249155088282,0.3605263579489895,2.0889677273753757,0.9787848387774222,0.14603759982992406,17.451810867070755,0.27984592204185843,2.077563411273185,0.9868883958824411,0.13814703813775595,0.030327481956903535,0.1551099495718207,0.16273648302938096,0.014172373589884575,nan,nan,nan,0.9788255431320557,2.274689939408731,6.0,-0.12093206674454837,20.0,-3.3333333333333335,15.0,3.3333333333333335,1.2551140206240223,1.6276002126636722
56.6,17.421019680025616,0.41202495267299094,2.0977287674054286,0.9785160648004523,0.14584579914260523,17.429921946976947,0.31303035451330097,2.085887095985715,0.9859154942492449,0.1336231247049734,0.030052226430509563,0.15651738823013822,0.16436021793170896,0.013824881134866332,nan,nan,nan,0.9798030436478493,2.2788855962625028,6.0,-0.1293562468817191,20.0,-3.3333333333333335,15.0,3.3333333333333335,1.2678495084527774,1.6282470434882768
56.650000000000006,17.40195253982525,0.446223394044615,2.103540371403796,0.9787344861139132,0.14489554309432828,17.400644592200802,0.3644060667359295,2.094627316884739,0.9850249062632235,0.13860221719214094,0.030054610918682157,0.1586606977101036,0.16678535295180472,0.014126095296041186,nan,nan,nan,0.9812036866576433,2.280080267072965,6.0,-0.13175577028953844,20.0,-3.3333333333333335,15.0,3.3333333333333335,1.2826520117258837,1.6272235675122777
56.701,17.37297002157222,0.4973351985170113,2.1121627476483,0.9793386071336995,0.14268659399497285,17.380890178194914,0.39849507254125616,2.1006768786074765,0.9848857516748386,0.1502350358016724,0.030057798563746435,0.16008100814173615,0.16838799796883272,0.014325043410026241,17.259162183936947,-0.9878814947360136,6.9668343741491725,0.9821667014758695,2.283765131538062,6.0,-0.1391593138021996,20.0,-3.3333333333333335,15.0,3.3333333333333335,1.2963622055716137,1.6236757962130266
56.913000000000004,17.37297002157222,0.4973351985170113,2.1121627476483,0.9793386071336995,0.14268659399497285,17.36322757763721,0.29438323250078263,2.1002695935015527,0.9770455046034576,0.13727265224381183,0.030593976676076745,0.15386131759770416,0.16118270154132647,0.01396860348399009,nan,nan,nan,0.9828622964172657,2.2860784895754507,6.0,-0.14380918608068516,20.0,-3.3333333333333335,15.0,3.3333333333333335,1.308608830103172,1.6172615709105922
56.952000000000005,17.25217311723855,0.7002444347037763,2.1425640529599583,0.9885276919318418,0.10853020141893213,17.217433268460553,0.49783695346486817,2.145259062689518,0.9903303589101113,0.12196933161548826,0.029349455466036546,0.15421501709416338,0.1613353289594697,0.013979542894174643,17.062786818357086,0.6610203179748085,0.36325704049313834,0.9944561555305194,2.250605865434379,6.0,-0.07264878684736376,20.0,-3.3333333333333335,15.0,3.3333333333333335,1.4530785242018047,1.5506623713417267
57.0,17.2313007398513,0.733875218396986,2.1467594891798645,0.989861733735155,0.10204656303840258,17.195870390604643,0.531082835166682,2.1500672970751644,0.9916350242410699,0.12833026181568705,0.029352587723415858,0.15568697774420928,0.16294933739908404,0.014179773890322067,nan,nan,nan,0.9944561555305194,2.250605865434379,6.0,-0.07264878684736376,20.0,-3.3333333333333335,15.0,3.3333333333333335,1.4530785242018047,1.5506623713417267
57.050000000000004,17.199644011164718,0.7842138902064517,2.152519288605451,0.9916365914642947,0.09199327523249669,17.16150852496274,0.5799440870668584,2.159116313362622,0.993257692461685,0.10347075241555877,0.029185201306900117,0.1578498291777854,0.16534123918408822,0.013932559838287445,nan,nan,nan,0.9949772052968624,2.252587150884736,6.0,-0.07661687697973507,20.0,-3.3333333333333335,15.0,3.3333333333333335,1.452538568288304,1.5498134957861995
57.1,17.178322287206583,0.8176989905262477,2.156049231776589,0.9926697232558676,0.0859063036327113,17.139421124244492,0.6129809469136699,2.162895738359019,0.9942136567083707,0.08443025660093505,0.02918448966314494,0.15930287537388454,0.1669267990842938,0.014270318772914778,nan,nan,nan,0.9956088152206928,2.252864937869875,6.0,-0.07717327221030823,20.0,-3.3333333333333335,15.0,3.3333333333333335,1.4624420390243813,1.5419703979287909
57.150000000000006,17.146037797075135,0.8678169742406551,2.160921666519946,0.9940143123673909,0.07820906929202792,17.089492463468623,0.6885360903638996,2.1710944448443374,0.9973617159898273,0.07313955187641412,0.02888678067255956,0.15384289080952882,0.160581968615041,0.014096521732292089,16.99789854976276,0.8941188943469552,0.3121841288868145,0.995858388667622,2.2539393907245624,6.0,-0.07932546754379599,20.0,-3.3333333333333335,15.0,3.3333333333333335,1.4580314168066004,1.5455876924612362
57.201,17.113422246386587,0.9178000551308414,2.1653909647735468,0.9949747881555332,0.0718835228565045,17.066926983413037,0.7214385966588254,2.174611513609584,0.9976426839356934,0.08234058053565889,0.02888951856300893,0.15532885448379055,0.1621858529456119,0.01423747516727088,nan,nan,nan,0.9963440691120351,2.256629942746918,6.0,-0.08471562499323859,20.0,-3.3333333333333335,15.0,3.3333333333333335,1.4585410936914749,1.5394608247158654
57.25000000000001,17.09151207983856,0.9510458764801252,2.1681586430194053,0.9955069257967859,0.06754720303306606,17.027243171951294,0.7675167265189012,2.184507097960095,0.9980195229183173,0.0322890644573317,0.028306176960793666,0.15751421209038702,0.16456210138517965,0.013981981975617057,nan,nan,nan,0.9965689541833122,2.257472959727434,6.0,-0.08640474472572457,20.0,-3.3333333333333335,15.0,3.3333333333333335,1.4662679269689176,1.5326332941728988
57.301,17.058414216988275,1.0008088683967933,2.172016261132173,0.9963598905103362,0.062170045328623136,17.00423731607892,0.8001457463177087,2.1872885678144645,0.9983956565473942,0.0762582132534157,0.028312532858149792,0.1589807615982995,0.16613817403591047,0.014181396526736088,nan,nan,nan,0.9974862719675613,2.2554265152879394,6.0,-0.08230457347237641,20.0,-3.3333333333333335,15.0,3.3333333333333335,1.4668909947784732,1.538180682648377
57.35,17.03620267243771,1.0339197791385486,2.174384477696413,0.9968882398998605,0.05726877676527371,16.928463372795388,0.8999181277362915,2.1945575040653527,1.0032624816339464,0.04235032929543026,0.027913000474805955,0.15345645743597688,0.15975640410962977,0.013915724090449355,16.612972003429146,1.3333977905421817,1.3837552014245795,0.9976394828948202,2.2560118733766625,6.0,-0.08347730065376258,20.0,-3.3333333333333335,15.0,3.3333333333333335,1.4874581975540533,1.5176714641457738
57.401,17.002689249630965,1.0834875045654486,2.1775894745712137,0.9972838463270784,0.05090528554958257,16.905013278408394,0.932476868568727,2.1966326576516195,1.002707192324356,0.05235955666137133,0.027915126993911604,0.1549544007986498,0.16135111231359583,0.014115755317847959,nan,nan,nan,0.9981353701697883,2.2556346617036453,6.0,-0.0827215748780854,20.0,-3.3333333333333335,15.0,3.3333333333333335,1.4796119185553656,1.514623820118141
57.452000000000005,16.9802303383078,1.1164648749861188,2.179523638057324,0.9974878988272996,0.04680988476605129,16.8749460138121,0.9842740789331877,2.1919059313961853,1.002062253359605,0.037197986687453076,0.02846121375278226,0.15715615794590193,0.16371687763919368,0.013862324755589035,nan,nan,nan,0.9982369963395838,2.256021578073123,6.0,-0.08349674386795147,20.0,-3.3333333333333335,15.0,3.3333333333333335,1.4669981427647778,1.5095120330301404
57.50000000000001,16.957684959939268,1.1493914081658674,2.1813239536195206,0.9976311907818634,0.04435809493983965,16.851609720966557,1.0168573864019417,2.1937788249927452,1.0016529645740828,0.04600088173412063,0.028462868111756655,0.15863047645897707,0.1652889708385958,0.014062872263988582,nan,nan,nan,0.9977145533020556,2.259527196887519,6.0,-0.09052125840959269,20.0,-3.3333333333333335,15.0,3.3333333333333335,1.4669981427647778,1.5270343438321865
57.550000000000004,16.92371735160135,1.1986897863673918,2.183902256220695,0.9978384131342082,0.04181775100711262,16.78916121205107,1.1676112102675036,2.1924850309334527,1.007856357135364,0.0666362489215193,0.028903305184710133,0.15316302272504562,0.15902827483869364,0.013811973924801045,16.56007565449296,2.0268667101029956,3.686832386149187,0.9978103779895895,2.259966762736859,6.0,-0.0914022086144115,20.0,-3.3333333333333335,15.0,3.3333333333333335,1.4732390911573001,1.522594872323156
57.6,16.900982574507037,1.2314929037577678,2.1855553654272404,0.9975299438596206,0.041557373712264825,16.765676623307264,1.2003548599501117,2.1940176985880253,1.0059480477348617,0.03457280394071085,0.028899447750293024,0.15466507839414648,0.16062332876733548,0.014013013976713689,nan,nan,nan,0.9961598932387192,2.280149927190052,6.0,-0.1318956958013584,20.0,-3.3333333333333335,15.0,3.3333333333333335,1.4326499883148187,1.5308050002307783
57.651,16.866779062960642,1.280574896140007,2.1881161696669924,0.996745717493531,0.043784607059084255,16.730428621212063,1.2492893452820901,2.1971558866485665,1.0036786393848807,0.05938978588082048,0.02890269087585071,0.15690253123367395,0.1630001405902548,0.0143117723902598,nan,nan,nan,0.9962560548646928,2.2805773157089733,6.0,-0.13275421461587866,20.0,-3.3333333333333335,15.0,3.3333333333333335,1.4240538124284996,1.5454093390933614
57.701,16.832449460071302,1.3295312981859915,2.190783749253151,0.9964207520779471,0.04450304902690706,16.703529902303636,1.2797164041277211,2.2030011262308378,1.0026524009139322,0.03971665200984542,0.02855281149348277,0.15835358693844745,0.16456071939363887,0.014099973914322262,nan,nan,nan,0.9964740737839134,2.2811558889397614,6.0,-0.133916504138905,20.0,-3.3333333333333335,15.0,3.3333333333333335,1.441494516530052,1.5361576131764785
57.75000000000001,16.809488294768837,1.3621115849200789,2.1925569321136473,0.9964441955672036,0.04419294185800669,16.66792749014387,1.3281777621881925,2.207361920497643,1.0015433513965841,0.0727802991737491,0.028558360323677114,0.16055761373810565,0.1668986319797248,0.014339158320362002,16.100552535307333,0.5002074514312582,3.658842223234587,0.9970729703905756,2.2795316252763542,6.0,-0.13065376431954112,20.0,-3.3333333333333335,15.0,3.3333333333333335,1.4482384590715929,1.5369968580682196
57.800000000000004,16.7864649851747,1.3946520342628663,2.194295378050476,0.9965695719712141,0.042633832612605234,16.5984235396094,1.2822096108499748,2.2066729766742847,0.9988803576459414,0.03330493255334413,0.028723095849135967,0.15431340265633803,0.15985845547679195,0.01398040854321703,nan,nan,nan,0.9973754970969723,2.279827798119281,6.0,-0.1312486494280125,20.0,-3.3333333333333335,15.0,3.3333333333333335,1.4699663259421358,1.52080460171222
57.85,16.751807633558183,1.443407110162297,2.196640271726134,0.9973662117618908,0.03516098942240382,16.562777071117928,1.3303937037592188,2.209599083164175,0.9993759577965932,0.028224042824967883,0.028724121041347434,0.15656030634333323,0.16223279331829965,0.014279059052482494,nan,nan,nan,0.9994991130589279,2.2383251096602126,6.0,-0.04806459819750453,20.0,-3.3333333333333335,15.0,3.3333333333333335,1.5277363218139604,1.4880301783030978
57.900000000000006,16.71699369164664,1.49212530657452,2.1984296718403264,0.9983335976576443,0.026254606461376263,16.539150295465248,1.362622670862867,2.211804710208744,0.9998302210516927,0.045070264310789455,0.028752031760067364,0.15801847848292083,0.16379318072407695,0.013931609802968871,nan,nan,nan,0.9995817721330467,2.2385216357012476,6.0,-0.048457879149874206,20.0,-3.3333333333333335,15.0,3.3333333333333335,1.529246029288937,1.4857050817395805
57.951,16.693706047115597,1.5245834540292,2.199334318315176,0.9988627854641228,0.02042798302856473,16.503253266471543,1.4107016252176745,2.213475111421465,1.0003833638102086,0.046967005615315194,0.028753435950719095,0.16023125171614314,0.16613250699943566,0.01423098741276432,nan,nan,nan,0.9996372808419204,2.2387394865297803,6.0,-0.04889383888991894,20.0,-3.3333333333333335,15.0,3.3333333333333335,1.5383672814239553,1.4756553758010424
58.00000000000001,16.658674290097846,1.5732405318054985,2.2002782922139215,0.9994924862742606,0.012523766128819832,16.52618863227719,1.444000202773366,2.2118556056767087,0.9988457235740186,0.03392115258062316,0.02897597812241742,0.1539106371286891,0.15906687723090912,0.013872108311117364,16.974061668127064,1.459574323842993,0.8496013869386971,0.9996792326860218,2.238804322386549,6.0,-0.04902358830783937,20.0,-3.3333333333333335,15.0,3.3333333333333335,1.540728141211877,1.4719354385871388
58.051,16.635262021838788,1.6056592425692404,2.200737916207386,0.9998168278385309,0.011344149605834585,16.49032939827486,1.4920362069223922,2.21277001761214,0.9994853594345874,0.023260336784402535,0.02897532510220109,0.15616444997426723,0.16144330088071807,0.014172325003433007,nan,nan,nan,0.9989380621923513,2.2579452099899657,6.0,-0.08735102748577184,20.0,-3.3333333333333335,15.0,3.3333333333333335,1.5034838736194738,1.5078699295101403
58.1,16.611809947915734,1.638063066526622,2.2011845349016768,1.0000731291760094,0.011110989144006414,16.464241587604114,1.5226368993258015,2.215209253427675,0.9997930230620361,-0.006213867269867246,0.028740024240056925,0.15762840020484728,0.1630055243752201,0.013824631323343594,nan,nan,nan,0.9989767474889842,2.258012189670204,6.0,-0.08748524277332281,20.0,-3.3333333333333335,15.0,3.3333333333333335,1.4994469762543177,1.5102718097369614
58.151,16.57656869141379,1.6866432312669444,2.201854079045877,1.0003856377546614,0.011383547346865263,16.428196144718306,1.570597668149305,2.2151847836296854,1.0001935431348266,-0.011599927568341065,0.02873913565776127,0.1598476110404302,0.16534894579503942,0.014125543921920178,nan,nan,nan,0.9991369084605031,2.2567596017434464,6.0,-0.08497540967877226,20.0,-3.3333333333333335,15.0,3.3333333333333335,1.4931497219656378,1.5168939509479777
58.2,16.553037443859104,1.7190145423631005,2.2023208438936885,1.0005467786213016,0.01186857851274783,16.404163548082543,1.6025850787168385,2.2160307731743076,1.0003901485904607,0.031388298983863555,0.02874422531534665,0.16131577504628916,0.16689987675749637,0.014324301870288842,16.351030635689604,1.7627561740517448,0.10202220863486333,0.9991371336995934,2.256729709160391,6.0,-0.08491551666422792,20.0,-3.3333333333333335,15.0,3.3333333333333335,1.4901694176187352,1.5186216757399638
58.252,16.517693727052045,1.7675473200379423,2.203041200407945,1.0006391439999425,0.01179732846342257,16.36215737590341,1.6671455471869323,2.2151744095222217,1.0014953697546007,-0.01741078800758863,0.02876388164443603,0.15571669911936292,0.16064195933115788,0.014067827351772802,nan,nan,nan,0.9990277839267874,2.259273698588663,6.0,-0.09001322903488873,20.0,-3.3333333333333335,15.0,3.3333333333333335,1.4810615126872384,1.522699487450975
58.300000000000004,16.482303644543354,1.8160470884859785,2.2037713924425715,1.0006347712263148,0.012800937917526584,16.33808701969894,1.6991663305680682,2.2151397722322557,1.0014018789681356,-0.017861580558498284,0.028763501362377746,0.15721237874711055,0.16221905917189283,0.014267100896100473,nan,nan,nan,0.9990277839267874,2.259273698588663,6.0,-0.09001322903488873,20.0,-3.3333333333333335,15.0,3.3333333333333335,1.4810615126872384,1.522699487450975
58.35,16.458685943250874,1.8483623880648148,2.2043071439492135,1.0006348473420532,0.013730125296940154,16.300189903699746,1.7459636030678718,2.217452946424788,1.0012863957433316,-0.012846306143555643,0.028577210530689564,0.15940982934478803,0.16455472764352777,0.014160627963670134,nan,nan,nan,0.9990272206996951,2.2592518353856637,6.0,-0.08996941409999293,20.0,-3.3333333333333335,15.0,3.3333333333333335,1.4807200921307486,1.5231981438276478
58.400000000000006,16.435049200198563,1.8806644967055939,2.204868973462079,1.0006635493934266,0.014070731474458096,16.27607751327458,1.7779429321173401,2.217012987590685,1.0012584124979413,0.018507943449855967,0.02858051655285311,0.16088136421267984,0.1661090684889298,0.014300399755477864,16.659915633725486,2.6491218256314815,3.286112713612408,0.9991726247511096,2.2581343762350405,6.0,-0.08773008480051958,20.0,-3.3333333333333335,15.0,3.3333333333333335,1.4883704797807018,1.5169512262142828
58.451,16.399558850510697,1.9290948726742316,2.2056828914919477,1.000705971868919,0.012824434405233315,16.266878991795913,1.9079165524210298,2.2214350425111125,1.0040490463909655,-0.0025020979636240608,0.02827931035636766,0.15534959516597943,0.1599706101448045,0.01404646808641431,nan,nan,nan,0.9991567325680926,2.2580833169106684,6.0,-0.08762776989006715,20.0,-3.3333333333333335,15.0,3.3333333333333335,1.5000493693948005,1.5051241179760442
58.50000000000001,16.375878399574482,1.9613609507889889,2.206233175055151,1.0003703642716169,0.015604257886599823,16.242555847869056,1.9398623191075366,2.221584354034059,1.0030409268329818,0.0019216195799917823,0.028278956116307517,0.1568497110454962,0.16155009606117793,0.014245580498661032,nan,nan,nan,0.997117818925212,2.2973766863502676,6.0,-0.1582531248893484,20.0,-3.3333333333333335,15.0,3.3333333333333335,1.4264513826015388,1.553707524309474
58.550000000000004,16.340343220317635,2.00970001216803,2.2074389738341993,0.9996089143244069,0.023071602298174027,16.20775899415981,1.9888730497901261,2.220803244816218,1.0018080773325735,0.04714861916032635,0.028459305879821598,0.15905353103273642,0.1638903425818521,0.013989523483972338,nan,nan,nan,0.9970044472818704,2.2990059204088977,6.0,-0.15796206975976723,20.0,-3.3333333333333335,15.0,3.3333333333333335,1.4265223251267563,1.5554534760705978
58.6,16.304782170985742,2.057972081403385,2.208998975189607,0.999030168940737,0.027641247990322665,16.18350311841905,2.020762039798544,2.221116976327502,1.001143037241691,0.005815829658313542,0.028453778598282988,0.16052885489437418,0.1654475222175671,0.014189163714324403,nan,nan,nan,0.9966496525457035,2.3026838888317798,6.0,-0.15953102520192441,20.0,-3.3333333333333335,15.0,3.3333333333333335,1.4378184914559782,1.5447640820978767
58.650000000000006,16.281053586681885,2.0901166667473126,2.210206835992515,0.9987214322681666,0.03180025936869846,16.154246299863043,2.049288888457446,2.219650150717192,0.9988898707930223,0.051248447441045175,0.028721131833647856,0.15492179323443245,0.1592728845151795,0.01393596483006178,16.20629407353978,1.8291076757609883,0.159253562956486,0.9965229806129144,2.3045320373346403,6.0,-0.15925971861436716,20.0,-3.3333333333333335,15.0,3.3333333333333335,1.418942910687974,1.5643921345162843
58.7,16.245415800964555,2.138280611375999,2.2122539523899576,0.9985048292923068,0.03516556708486684,16.13008400895197,2.081109455893336,2.2210564336828824,0.9987782953324119,0.021864328000364024,0.02871752489376747,0.1564238387016549,0.16085591309685154,0.014136111835054983,nan,nan,nan,0.9965274596026809,2.303011436894769,6.0,-0.15297037296490235,20.0,-3.3333333333333335,15.0,3.3333333333333335,1.4401183878398245,1.5498938058150402
58.75000000000001,16.221619325741834,2.1703560421150105,2.2137228719060897,0.9984176444955073,0.03777991717493796,16.094365768896598,2.1291987828062475,2.223039273565023,0.9986331359624698,0.024162677878528844,0.02878375842687027,0.15863295385280016,0.16320161179565626,0.013893624461437867,nan,nan,nan,0.9964813401742298,2.3049697849287205,6.0,-0.15273288069757918,20.0,-3.3333333333333335,15.0,3.3333333333333335,1.4270428597332465,1.5628209019782493
58.800000000000004,16.197788326795994,2.2024015336632963,2.2153008224126847,0.9983269071356753,0.04044032873559812,16.07010703137935,2.160932920905488,2.224751345486508,0.9985323149448823,0.03948836024934551,0.02878539753627922,0.1601116585135301,0.16476252077551132,0.014094191963513782,nan,nan,nan,0.9963526687675379,2.3084740505860366,6.0,-0.1530118848010269,20.0,-3.3333333333333335,15.0,3.3333333333333335,1.424899850943066,1.5642578383812735
58.85,16.161970767336754,2.250408624846683,2.2178408284783475,0.9981977887826391,0.04342350971699154,16.073144002484863,2.1805046346958443,2.226244963888206,0.9953097237675791,0.07901616779348768,0.028920359951325508,0.15444129233866552,0.15855437021451121,0.01383964530913628,16.433291895325127,1.9314623032952984,0.7839569634847628,0.9963163696781651,2.3106104634417144,6.0,-0.15264537764677355,20.0,-3.3333333333333335,15.0,3.3333333333333335,1.4299152195447782,1.5591442750684625
58.900000000000006,16.138040121128977,2.2823706120295384,2.2196121354058373,0.9981780687811022,0.04471975812051311,16.048853139150236,2.2120535507882417,2.2271973637302054,0.9957165177620562,0.004874835190983029,0.028910776230292843,0.1559477299393314,0.16013923835447866,0.0140407120724022,nan,nan,nan,0.9955695531475872,2.320412072791175,6.0,-0.16681798280539706,20.0,-3.3333333333333335,15.0,3.3333333333333335,1.4346526967013837,1.5581251501220723
58.951,16.10205503515954,2.3302468737427713,2.222421993814287,0.9981524681747906,0.049369005476576217,16.01663857088359,2.262456386910356,2.2231865532283397,0.9961757502157501,0.06474674774363223,0.02938695798909877,0.15816423597330592,0.16248931566966895,0.013796984347499978,nan,nan,nan,0.9954304367094917,2.322832584114024,6.0,-0.1663146417931336,20.0,-3.3333333333333335,15.0,3.3333333333333335,1.4011432636161307,1.5892894697652096
59.001000000000005,16.065959236636644,2.3780262876499676,2.22557074996035,0.9978158925337439,0.054350142327316456,15.992442075146204,2.2941153760458675,2.2250536953622113,0.9961469250188928,0.0711844175812192,0.029387056752460984,0.15964638560960884,0.1640544779931086,0.01399846649971034,nan,nan,nan,0.9942775929633838,2.33021807229879,6.0,-0.1707846888530855,20.0,-3.3333333333333335,15.0,3.3333333333333335,1.4021266104492354,1.5776344978067949
59.051,16.041834219663567,2.409815418995574,2.2278096035145647,0.9975358190083845,0.056892641198626095,15.975136815576638,2.3784832992637583,2.2300785738746507,0.9972589321251214,0.07507131841610659,0.02925455730187495,0.1540469178536632,0.15795527040191606,0.013755804817983715,16.214700899367077,2.7264286458482316,0.8044350423498265,0.994160575324096,2.333175077974428,6.0,-0.17042288574448428,20.0,-3.3333333333333335,15.0,3.3333333333333335,1.4020531375925769,1.5767616935314885
59.1,16.01765922629171,2.441544551040623,2.230184227920836,0.99685451126024,0.0616848964414501,15.950701705930332,2.410000930998094,2.2321603163726156,0.9962815091575427,0.08305217787387806,0.02925412358768534,0.15555775758347865,0.15954397454052907,0.013957689312561033,nan,nan,nan,0.9906810567902365,2.366705460465217,6.0,-0.20719943201956603,20.0,-3.3333333333333335,15.0,3.3333333333333335,1.344468719669903,1.6029505357418594
59.150000000000006,15.981316421569009,2.4889895575849432,2.2342043411411017,0.995496932134448,0.0705100260017677,15.9139093263977,2.45708089971484,2.2365552370128645,0.9950512458442735,0.035131391557114006,0.029247278711869388,0.15780963690518823,0.16191153768625938,0.014257650282858197,nan,nan,nan,0.99040518781533,2.3707979372950816,6.0,-0.20656192334312173,20.0,-3.3333333333333335,15.0,3.3333333333333335,1.344172742087049,1.6036884497977115
59.2,15.94485653651993,2.5362547201602648,2.238756383332619,0.9944141434841814,0.08007706667598476,15.891027601380383,2.489622856443432,2.2375587568079496,0.9943918239676799,0.10536311451215723,0.02944097479548363,0.1592722122227694,0.16346450895999864,0.013913398057634934,nan,nan,nan,0.9901220528513132,2.3772268576666113,6.0,-0.20537600094706399,20.0,-3.3333333333333335,15.0,3.3333333333333335,1.3218452085681789,1.6272062607326325
59.252,15.920473066556807,2.567661738249847,2.242066867370688,0.9937123892610158,0.08410860042901704,15.854047427333755,2.5364200308441958,2.2435192994092334,0.9934473754748853,0.09231337786526424,0.029439534017926917,0.16149028649915279,0.16579580153356402,0.014213951804868351,15.646810362759135,3.279605838419512,2.1376196606168,0.9893747048527852,2.383463964346171,6.0,-0.20659579497036606,20.0,-3.3333333333333335,15.0,3.3333333333333335,1.339247627285793,1.6055831138150176
59.301,15.883767526355538,2.614610355790439,2.2473084106681807,0.9928164138319314,0.08974260594410934,15.807973326760017,2.645270851610707,2.241297262163366,0.997595955939501,0.07185411868233603,0.02985523579996759,0.15512352984783598,0.1589041524802897,0.013870739433367855,nan,nan,nan,0.9891756556532176,2.3907872772505447,6.0,-0.20508996037352212,20.0,-3.3333333333333335,15.0,3.3333333333333335,1.331765189762146,1.6141014562965685
59.351000000000006,15.859217200849479,2.6457686148453354,2.251144435273382,0.9907309012632923,0.10037227872570391,15.770753708065998,2.692080409467071,2.2467159600557247,0.9941077759760597,0.12337062277760087,0.0298604279870167,0.15738442209344622,0.16127228292381635,0.014171885001755407,nan,nan,nan,0.9810711792927838,2.4361758946180125,6.0,-0.2335411723744376,20.0,-3.3333333333333335,15.0,3.3333333333333335,1.2123783492747,1.6558627733200169
59.400000000000006,15.834623184505375,2.676776986834166,2.2554134186075965,0.9885703522800352,0.11007592333817962,15.741998465254989,2.720174746333442,2.2573237590299735,0.991541755536173,0.12742702192888317,0.02943734660341295,0.1588566628942268,0.16282338458928292,0.013837792666799811,nan,nan,nan,0.9798800590778877,2.4476526363561106,6.0,-0.23185121213304116,20.0,-3.3333333333333335,15.0,3.3333333333333335,1.2230518096951615,1.6455065287644888
59.45,15.7987116088788,2.721319845231006,2.2659119582449914,0.8944758276842334,0.27687658346930916,15.704987086930487,2.7651670762305156,2.264518366823049,0.8754068867195703,0.28313943094627436,0.02942762443634165,0.16108796776044776,0.16515035479890988,0.014139395124702688,nan,nan,nan,0.3,-2.662424322730803,7.0,0.961493924403926,15.0,3.3333333333333335,10.0,-3.3333333333333335,-2.7692582020118897,1.151087417345872
59.50000000000001,15.777684529965494,2.747135295080747,2.281055280315578,0.7977947820013802,0.43146446037593256,15.750241709916926,2.786620517759165,2.279875313345509,0.7787288682043961,0.4245733998501534,0.02917664028351316,0.154658635988948,0.15821022991295008,0.013791967835742746,16.427511961034853,2.8014452291159344,1.9521283352819143,0.3,-2.6391825251446743,7.0,0.9048894238060802,15.0,3.3333333333333335,10.0,-3.3333333333333335,-2.578124314113657,1.2795877915614686
59.550000000000004,15.749900649192847,2.780800358021664,2.3127926159220875,0.6810535152698917,0.5832480755791462,15.721125285478806,2.819971456522135,2.309406360768495,0.6637881292144527,0.590877576650615,0.029178726874493417,0.1569452136205317,0.16057062076968803,0.014094075331408894,nan,nan,nan,0.3,-2.648823521947499,7.0,0.9282210572780419,15.0,3.3333333333333335,10.0,-3.3333333333333335,-2.357777437855959,1.3253385274390732
59.6,15.73332548010819,2.800430269748063,2.3376954288531953,0.6197673580652195,0.6411793181872076,15.698831305486316,2.8354808002316676,2.340486980992644,0.6066890342769167,0.6454751748551807,0.028633559578742515,0.15845289567767853,0.16212110762054405,0.013906875922580579,nan,nan,nan,0.3,-2.63086232572714,7.0,0.8849173544697637,15.0,3.3333333333333335,10.0,-3.3333333333333335,-2.117299168180701,1.4114930682729225
59.650000000000006,15.710588739266345,2.826469533313794,2.378026337679573,0.5450749415593079,0.6892350815847609,15.674257664557068,2.8602152320319596,2.380384589841615,0.5342496758962963,0.6948215967116741,0.028638731153235793,0.16076826165645533,0.16445442740535546,0.01415932782268619,nan,nan,nan,0.3,-2.619456877783493,7.0,0.8577765642500519,15.0,3.3333333333333335,10.0,-3.3333333333333335,-1.9945821611707575,1.4447388943617412
59.7,15.689825981160736,2.8490673330568805,2.42014917859825,0.4864833038626962,0.7090096082989596,15.658966512997742,2.874597823295943,2.4082721946041437,0.49736230016673594,0.7109117440700583,0.028643596826917934,0.1623308777735914,0.16600190997712658,0.014357738309868704,15.806680987959691,2.6095137093164302,0.3298644149579366,0.3,-2.604796561489879,7.0,0.8232769924264787,15.0,3.3333333333333335,10.0,-3.3333333333333335,-1.8406748787008427,1.496437203238873
59.75000000000001,15.67681902166035,2.8625297090365978,2.44862110580214,0.4540979506746118,0.7136947439035028,15.65241260786685,2.865323651594698,2.454342604530778,0.44731391094979567,0.7242930573587595,0.028527411839882045,0.15678134643656766,0.15986419750104175,0.01409762039610458,nan,nan,nan,0.3,-2.595844119086262,7.0,0.8024145164206274,15.0,3.3333333333333335,10.0,-3.3333333333333335,-1.7618344150963958,1.5183907518147706
59.800000000000004,15.65818385423101,2.880764999025612,2.491318751372567,0.4191345798686107,0.709565576430021,15.63866542843229,2.8764550316177044,2.4827454337378754,0.42740367164420917,0.7178350078656165,0.02853078482609748,0.15844952931243075,0.1614402674562531,0.014296547240705839,nan,nan,nan,0.3315406748463215,-2.5959825213816603,7.0,0.8027358953366615,15.0,3.3333333333333335,10.0,-3.3333333333333335,-1.5381541506611798,1.605068130765596
59.851000000000006,15.646063352215343,2.891898446000971,2.519537968178475,0.40346309251728457,0.7040874310236409,15.621641626389755,2.894032458010633,2.5199540683732984,0.4042001106079019,0.6862060360899793,0.0289320687336484,0.1609886654317658,0.1637794202630385,0.014047562835545936,nan,nan,nan,0.35106080678799384,-2.5883473237601935,7.0,0.7850593237752095,15.0,3.3333333333333335,10.0,-3.3333333333333335,-1.4353248636229974,1.6628818881382175
59.900000000000006,15.62803569169328,2.907369264108384,2.5614643071972414,0.38812909041971305,0.6958696504726584,15.60849576877891,2.9033088423581535,2.5480653300521006,0.39655099274071626,0.6722359276601481,0.02893427442818035,0.1627360557627756,0.16533353236343365,0.014246927795179812,15.562498306231584,3.1967620190051944,0.31733582335603217,0.3759298236225153,-2.5778349093745336,7.0,0.7608938263054239,15.0,3.3333333333333335,10.0,-3.3333333333333335,-1.3119429433306782,1.7433322883960733
59.951,15.615939905927378,2.917026457283232,2.5891294417789665,0.38298535255073657,0.6898883986121949,15.58391277407018,2.947293258771383,2.584908962265496,0.3919888011027259,0.6709147322628427,0.029243680803961676,0.1574173899634878,0.15928942266048612,0.01400131306950577,nan,nan,nan,0.39536759912702935,-2.570791673719793,7.0,0.7448113096082363,15.0,3.3333333333333335,10.0,-3.3333333333333335,-1.2264386400634777,1.7884518833690333
60.00000000000001,15.60369920031456,2.9262332061357426,2.616574520760851,0.3799390705678493,0.6842659634631396,15.570557520327743,2.955486815689843,2.6117628623580345,0.3910158789253041,0.6731814644583872,0.029247914684967465,0.15929569965830734,0.16085921043955234,0.014201105705124825,nan,nan,nan,0.4104406475811796,-2.5504172536993828,7.0,0.6987542639933142,15.0,3.3333333333333335,10.0,-3.3333333333333335,-1.1584059281143606,1.8196125059691846
60.050000000000004,15.584922416259536,2.939316299998735,2.657313143285933,0.3798531518011055,0.6753455634928245,15.546007929451205,2.9635317005831188,2.660443521828528,0.3937071767375612,0.6556157651081527,0.02861630725499311,0.16217962712725129,0.16316822816123178,0.013950900856494667,nan,nan,nan,0.42849160793976643,-2.5434488187010786,7.0,0.6831539268482885,15.0,3.3333333333333335,10.0,-3.3333333333333335,-1.0796691756287784,1.848159213676835
60.1,15.565400631903374,2.951685727609658,2.697442237296948,0.3868038946750814,0.6640503021092854,15.53194508785966,2.970759713235591,2.687647030069545,0.40022405498386643,0.667472027559243,0.028626274855204796,0.16416338289776694,0.16468769143966083,0.01415112852347664,nan,nan,nan,0.462229300997537,-2.5324529980472357,7.0,0.658687323211093,15.0,3.3333333333333335,10.0,-3.3333333333333335,-0.9404172799508955,1.8993120402579922
60.150000000000006,15.551817402758418,2.959611970539682,2.7237956629105535,0.39420468625407545,0.6558822689815738,15.500819575379412,2.9634838754746524,2.729372751300227,0.41112099797573964,0.6489460297916986,0.028447433562827043,0.15881742844359026,0.15851706029896578,0.013904881127666873,15.424679417149479,2.795868402735045,0.1521548958199541,0.48000808594076544,-2.5254058799220673,7.0,0.6431002423463729,15.0,3.3333333333333335,10.0,-3.3333333333333335,-0.8662621626238589,1.9142143012484898
60.2,15.530447709596357,2.971071034703365,2.762721229278657,0.40889814303663596,0.6437133997392182,15.48560499523452,2.970015715140132,2.7559679401382233,0.4223332619485432,0.6377420317555473,0.0284518682524135,0.160923730513285,0.160025511345205,0.0141055163969747,nan,nan,nan,0.5081682850013034,-2.5160728910389554,7.0,0.6225653350187379,15.0,3.3333333333333335,10.0,-3.3333333333333335,-0.7600437524121684,1.948452709279907
60.251000000000005,15.515452365463679,2.9784425046949026,2.788280495465806,0.42035461948532626,0.6362979169565569,15.460707823586398,2.9784053347224395,2.796992098251077,0.43954473977990716,0.6274967323741768,0.028278719003498556,0.1641446332300658,0.16223075126397737,0.013867045369219738,nan,nan,nan,0.5246470955976045,-2.5087215623792978,7.0,0.6064745671035361,15.0,3.3333333333333335,10.0,-3.3333333333333335,-0.705035400269972,1.9648776373626293
60.300000000000004,15.49177119182802,2.989086267651269,2.8260957466508083,0.43920606629481423,0.6256024533406176,15.44399055696964,2.98428691037471,2.821970215102934,0.453345226222223,0.6121161489111958,0.02827962044094776,0.16633910256209514,0.1636731315926792,0.014068034336076764,nan,nan,nan,0.5495790465483198,-2.497257167127998,7.0,0.5815230580356551,15.0,3.3333333333333335,10.0,-3.3333333333333335,-0.6161584596296391,1.983160889341403
60.35,15.475140581730743,2.9958984264106983,2.850955581420979,0.45271201591978355,0.6190767613410987,15.539939104125141,3.018717382212044,2.8592895701219385,0.4576745064773251,0.6092494059446879,0.028305126313271027,0.16075834836476902,0.15739250477804634,0.013819349677443374,16.66165816405378,3.382136443630453,6.072680008593483,0.5638402176607413,-2.4894470523555454,7.0,0.5646202993508859,15.0,3.3333333333333335,10.0,-3.3333333333333335,-0.574954880100247,1.9948826098001793
60.400000000000006,15.45776859812822,3.002489983992353,2.8755014101544876,0.4703053475952488,0.6089002514862387,15.522115296670336,3.023778110842009,2.8838106552837477,0.479653326752324,0.6211705298576787,0.02831437326141042,0.16302564326289637,0.1588195966979435,0.01402076335895141,nan,nan,nan,0.6148001060299982,-2.5152318988397835,7.0,0.6207208539728865,15.0,3.3333333333333335,10.0,-3.3333333333333335,-0.3265712185556118,2.065333699590469
60.45,15.429996137805668,3.0119786785467495,2.9114688359255116,0.49958452095266936,0.593010736214546,15.493954828218204,3.0313447800832107,2.919527390503519,0.5105776654029377,0.607209135315418,0.028401429406914428,0.16646031588210672,0.16090239245127982,0.01385619289874189,nan,nan,nan,0.6278177917942401,-2.5073247594793844,7.0,0.6034253708310633,15.0,3.3333333333333335,10.0,-3.3333333333333335,-0.2883948376894506,2.053051842846172
60.50000000000001,15.40026783574402,3.0208829600793337,2.946597458898145,0.5268499486696365,0.5802784985622779,15.473811262884691,3.0357603227666208,2.9433876654083484,0.5300304507872684,0.5684634445349408,0.028398685327875612,0.16877158957625515,0.1622635492852663,0.014056870536274864,nan,nan,nan,0.6457554372307396,-2.4948738419857404,7.0,0.5763569945246366,15.0,3.3333333333333335,10.0,-3.3333333333333335,-0.24771145707817455,2.0437947266597782
60.551,15.379425702072055,3.026437602824462,2.969661145295899,0.5439968754924821,0.5743967180888606,15.37203111364471,3.063107200898021,2.981463582469112,0.5687826815162597,0.5827847030483474,0.028208923223580283,0.16294356554226705,0.15607537012794406,0.013809209453614179,14.809867108216844,3.2035745221501646,1.5688277589775608,0.6572682802652764,-2.486189700041553,7.0,0.5575928166477806,15.0,3.3333333333333335,10.0,-3.3333333333333335,-0.23268461239871296,2.052825804498993
60.6,15.346854144341435,3.0340850754476776,3.0039690333057285,0.563275806764358,0.5701759567318497,15.349434149018515,3.0666206975129087,3.0046276196735517,0.5802942403412312,0.5643228521532858,0.02820917717552657,0.16526766165558737,0.15743047463901666,0.014010274157381736,nan,nan,nan,0.6513230354212824,-2.4402521205316776,7.0,0.45976057037695506,15.0,3.3333333333333335,10.0,-3.3333333333333335,-0.31879117339424323,1.987461920081863
60.650000000000006,15.324438203920973,3.038678499575801,3.026737848745367,0.5746240842354337,0.5681662825621403,15.314568476080607,3.0710342844977045,3.0381997800869636,0.5967155078327285,0.5569487822889295,0.028211630410906463,0.1687481465338692,0.15942075912018475,0.014309061884365334,nan,nan,nan,0.6615498597593771,-2.430644994356569,7.0,0.4395749007070671,15.0,3.3333333333333335,10.0,-3.3333333333333335,-0.29143588927257413,1.9973950787630819
60.7,15.28979785606181,3.044752415128468,3.0607062230877635,0.5914948651134982,0.5639204577844775,15.292255428227817,3.075643480695543,3.0568710909049006,0.6080612922239234,0.5740376856315547,0.028629890821412197,0.1710521274661237,0.16071277737780731,0.013958342715718499,nan,nan,nan,0.6756480348993351,-2.4160325687706825,7.0,0.40903421016586317,15.0,3.3333333333333335,10.0,-3.3333333333333335,-0.24328051748706758,1.9980193316476094
60.75000000000001,15.266053865448672,3.04822321731772,3.083184824257694,0.6021233093679553,0.5602398974606301,15.255555385078425,3.0783257180930024,3.0914379075519847,0.6235522227483966,0.5385029645594067,0.02862961557271759,0.17448698090858897,0.1626276197350758,0.014257804908300547,14.787015371959976,3.5816220591097,1.6811522899954805,0.6820782421507664,-2.4061186983735703,7.0,0.3884182541649277,15.0,3.3333333333333335,10.0,-3.3333333333333335,-0.21688617250239328,1.9844702326957102
60.801,15.229523747143306,3.0525105427487116,3.11663446810982,0.6178877152823979,0.5550391691051815,15.17519594810599,3.1332613968501546,3.111721759515973,0.6436260668067496,0.5588057081679205,0.028866983174438313,0.16693570963252582,0.155875890394736,0.013911783374786775,nan,nan,nan,0.6962813165648675,-2.391154569393599,7.0,0.3574488772069389,15.0,3.3333333333333335,10.0,-3.3333333333333335,-0.17513110566185264,1.9958450133926293
60.85,15.204677256356156,3.054714366615518,3.138851991096284,0.6236359859832041,0.5554636166196928,15.136368489671986,3.133983312887812,-3.138771853683064,0.6517136712212538,0.5287581910313482,0.028864098331791856,0.17031482252949098,0.15781803406290298,0.014211890300027069,nan,nan,nan,0.6765028693439298,-2.3436707373152172,7.0,0.2601999203746998,15.0,3.3333333333333335,10.0,-3.3333333333333335,-0.303807258422748,1.932526606088104
60.900000000000006,15.179587930537764,3.0563923656984353,-3.1220904173476605,0.629019486994995,0.5555283147467648,15.111170916435357,3.135528476538625,-3.119400133437645,0.6565384193975279,0.5684457268024886,0.029178326229247546,0.17253972674513804,0.15908365354576162,0.01387275973296924,nan,nan,nan,0.6890517183772571,-2.3281552701600123,7.0,0.2287048040049015,15.0,3.3333333333333335,10.0,-3.3333333333333335,-0.2590260440474813,1.9498171536965954
60.952000000000005,15.141464982244926,3.0578885313340853,-3.088807107340977,0.637771718559779,0.5526999901298204,15.071663250281778,3.134195159398371,-3.0854320933888553,0.6637261151409423,0.5450455535874723,0.029180919892288652,0.17583794588203064,0.16097190682298193,0.014173400835381874,nan,nan,nan,0.6955125081454973,-2.317736750456365,7.0,0.20761964722511106,15.0,3.3333333333333335,10.0,-3.3333333333333335,-0.21411704104740958,1.9361165264544395
61.00000000000001,15.115724533532457,3.058187454095864,-3.066760871743684,0.6443555063918506,0.5494431825511477,15.038852952401987,3.1462311164666277,-3.0638721578090022,0.6710310941951804,0.5365832917122008,0.02921982011514944,0.1678166319034831,0.15434171607636052,0.013824401683376935,15.012103744656363,3.272112184279568,0.0766627069785133,0.7088307276623343,-2.302474940166266,7.0,0.17681350458640022,15.0,3.3333333333333335,10.0,-3.3333333333333335,-0.1597319034723188,1.9531031133254715
61.050000000000004,15.076607015268742,3.0575496691239037,-3.033930644532346,0.6542549574931883,0.545207105272242,14.998580925277619,3.1426567483768255,-3.0314217750672308,0.6793625112401743,0.5320136116758698,0.029224729027806505,0.171045743521829,0.1562813682901262,0.014125698144078401,nan,nan,nan,0.712300971692988,-2.2858469358801297,7.0,0.14334369204161304,15.0,3.3333333333333335,10.0,-3.3333333333333335,-0.1537724710679963,1.951036561348861
61.1,15.050224658443005,3.0563918796053455,-3.0121848020641506,0.6610241992657246,0.541865294094718,14.971174464166221,3.138585214168074,-3.008043755616341,0.6858349039360575,0.5319097489959755,0.029075592744058937,0.1731701057105921,0.15755005193235325,0.013783785987589505,nan,nan,nan,0.7244573862737735,-2.2708723436567633,7.0,0.11327069119599961,15.0,3.3333333333333335,10.0,-3.3333333333333335,-0.09897775158314837,1.9570596533075584
61.150000000000006,15.010177691641113,3.0535266122829876,-2.979862232155479,0.6719983244987375,0.5357156289160867,14.930268570985545,3.1326222881424424,-2.9759718393584014,0.6956296400828091,0.504917749623337,0.02907585920246568,0.17631382089465722,0.1594546272828036,0.014085631937138953,nan,nan,nan,0.7338076502863028,-2.261157327761013,7.0,0.09378844283213289,15.0,3.3333333333333335,10.0,-3.3333333333333335,-0.05469837059032956,1.960433113778874
61.2,14.969568607471814,3.0492772694131385,-2.9479170718677055,0.6836297357574375,0.5296111148739748,14.902774549738238,3.127880181741648,-2.9545783965754575,0.7031658159030695,0.5233775776051595,0.029085112016731463,0.1783773394132088,0.16071614915454258,0.014284980782933719,14.070291367774084,2.9733121427951796,2.552686990677305,0.7455977748206721,-2.2466069301789893,7.0,0.06464148390297061,15.0,3.3333333333333335,10.0,-3.3333333333333335,-0.0116331699096206,1.9725273579299463
61.25000000000001,14.942187879774549,3.0456679456684985,-2.9268432701786784,0.6915915712007441,0.5246841022057245,14.766649544432276,3.1068953977346645,-2.916316573806503,0.7243505652173031,0.5169484484570762,0.028519527714491767,0.17104264395166174,0.1549295780775345,0.014033649927713585,nan,nan,nan,0.753426119550718,-2.237039279520529,7.0,0.04549153074560158,15.0,3.3333333333333335,10.0,-3.3333333333333335,0.030833258594441637,1.9647485476750992
61.300000000000004,14.900808603323037,3.0390318032623447,-2.8954935155191577,0.6994953882682025,0.5209887113107972,14.738412473573332,3.100270494055874,-2.8961826215257345,0.7272286326683164,0.4910256087287902,0.02851647566235826,0.17306313650595723,0.1562402659236867,0.014321477032425636,nan,nan,nan,0.7468907990316012,-2.1888940999585875,7.0,-0.05081760309497757,15.0,3.3333333333333335,10.0,-3.3333333333333335,-0.04065273936168812,1.9280559234163972
61.35,14.873115797596757,3.033853453466659,-2.8746830333087976,0.7043753751215325,0.5193008791077328,14.696553227376505,3.0914059471041577,-2.869465182646616,0.7321176726737183,0.48473200089745244,0.028845151161277244,0.1760481255345215,0.15818341329025,0.014069251951207859,nan,nan,nan,0.75405155793189,-2.1795952134975,7.0,-0.06943231757485877,15.0,3.3333333333333335,10.0,-3.3333333333333335,-0.013346400426387017,1.9435953366752843
61.401,14.83141012686832,3.0249351613302755,-2.8436154239680227,0.7123874499338001,0.5160495064890772,14.668344341387343,3.083383524251075,-2.849256083581949,0.7364464057849239,0.4965923844214079,0.02885117496280128,0.1780061921844726,0.1594838603845935,0.014268281219290697,14.9518688297566,3.4487166760926966,0.773828518124049,0.762304799056241,-2.1655356264124213,7.0,-0.09760098636129058,15.0,3.3333333333333335,10.0,-3.3333333333333335,0.02556538917696516,1.9495684571615874
61.45,14.803500147133867,3.0181923083956916,-2.8230477009226274,0.7181990336628632,0.5125148145616631,14.656919767382547,3.1060398169998678,-2.8241482039177437,0.7395765607199257,0.5154633552211956,0.029387735447885952,0.17060853663366898,0.15394380868586657,0.01402112634909011,nan,nan,nan,0.7696062039581021,-2.1566839453783064,7.0,-0.11535464144077076,15.0,3.3333333333333335,10.0,-3.3333333333333335,0.06746947723024255,1.947911984304044
61.50000000000001,14.775508657148253,3.010803073675014,-2.802638442322343,0.7243894152775339,0.5079770806029567,14.628803496138278,3.096647582302449,-2.8037760890987933,0.7455574936865267,0.504962040726692,0.02939054241912819,0.1725365015602768,0.15529728615293087,0.014220593321125284,nan,nan,nan,0.7783358729822121,-2.145362797499518,7.0,-0.13808807629388284,15.0,3.3333333333333335,10.0,-3.3333333333333335,0.12294407368073967,1.9469296087584604
61.550000000000004,14.73336050701281,2.9984902278549197,-2.772394986272102,0.7342001660359921,0.5007913472483226,14.586636346329712,3.081893617892602,-2.7737934307243046,0.7543658014022975,0.487974352462544,0.0294769928866585,0.17538583805954042,0.1573083686524632,0.013967785810028027,nan,nan,nan,0.7858066061308627,-2.136979002152613,7.0,-0.15494575247084647,15.0,3.3333333333333335,10.0,-3.3333333333333335,0.15538761281743718,1.9518092410746248
61.6,14.705164145038069,2.989459029577685,-2.7524679639150444,0.7411073319606808,0.49595109767729806,14.558471038154458,3.070877240296736,-2.753840498567653,0.761135305654091,0.47856233995677716,0.029480201045765122,0.17725514727353,0.15865745461535105,0.014167729240556143,nan,nan,nan,0.796586790104329,-2.124625020580024,7.0,-0.17982709367179153,15.0,3.3333333333333335,10.0,-3.3333333333333335,0.20149747573526788,1.958623224198075
61.650000000000006,14.662726472629373,2.974661682701023,-2.7229447215384908,0.7517942003943439,0.4888061410184966,14.499155788083572,3.04697960798682,-2.720787954701065,0.7730085305956462,0.4773447317710095,0.029205339155824774,0.16969696400747092,0.15319676813939367,0.013919895882801434,14.3931087836532,3.0150510399641886,0.09047815935746276,0.8038200409865195,-2.1167334240100923,7.0,-0.195749513654475,15.0,3.3333333333333335,10.0,-3.3333333333333335,0.23278018200589456,1.9612515337131542
61.7,14.620158947413112,2.95836211644578,-2.6938599524801567,0.7624073020666315,0.481187202035468,14.470934492454017,3.03418397370114,-2.700658072670826,0.7796661974584566,0.48789352765403965,0.029214299950997908,0.17153729318573716,0.15460320987709614,0.014120276925592305,nan,nan,nan,0.8136305732976654,-2.1003614583935546,7.0,-0.22886313432523445,15.0,3.3333333333333335,10.0,-3.3333333333333335,0.2760088358972901,1.9554125394030137
61.75000000000001,14.591727515809124,2.946659445305701,-2.6747495005256257,0.7696300491426193,0.47523851019065394,14.42881541387674,3.009912544746542,-2.6653332222608213,0.7892605285057347,0.452947722689512,0.028677877210578465,0.17425315147033946,0.15669824501815838,0.013879833259124964,nan,nan,nan,0.8209955111933706,-2.0930142367602307,7.0,-0.24376279025747027,15.0,3.3333333333333335,10.0,-3.3333333333333335,0.31721787278141833,1.9498345583899728
61.800000000000004,14.549005673609521,2.9278361470027803,-2.646534363808789,0.7814865240301658,0.4661363921620407,14.400759965434165,2.9952654942877652,-2.6454776158584403,0.7971353874972333,0.4696258638495001,0.028688581867701325,0.17603285755855894,0.1581061320035298,0.014080590711642034,nan,nan,nan,0.8355110828728398,-2.083599155846478,7.0,-0.26289519574653364,15.0,3.3333333333333335,10.0,-3.3333333333333335,0.3819452558908658,1.9647892769822861
61.85,14.520470577124192,2.91442781159476,-2.628047618276178,0.7895532846003872,0.45929357223229383,14.262689719945756,3.001393035811601,-2.6199324443082355,0.8158016260199709,0.4280546424415671,0.028800569906167885,0.1683977419615183,0.15268522588564815,0.013830329953339259,13.520607176050195,3.286335557203016,2.918067166311541,0.8426639632468769,-2.0768930835575308,7.0,-0.2765513242253267,15.0,3.3333333333333335,10.0,-3.3333333333333335,0.4239762855311675,1.954029191354296
61.900000000000006,14.49196392889238,2.90035414425423,-2.609737036006171,0.7943916994102457,0.45771211909496323,14.234456729895127,2.9850076774229053,-2.60124206359047,0.8171785203031516,0.4755752964062764,0.028814385597326044,0.17015286773864327,0.15414894738085644,0.014031540738641147,nan,nan,nan,0.8261547413868763,-2.0213846855444495,7.0,-0.3906840455303554,15.0,3.3333333333333335,10.0,-3.3333333333333335,0.27409308541482746,1.9272926477529317
61.951,14.449501002767933,2.8781528179862472,-2.5822657187447278,0.7991385338197795,0.45605179037186394,14.192498892997577,2.9600236453037487,-2.5755935926705966,0.8201844448062923,0.4259513219601422,0.02889939790101698,0.17274383565765022,0.15632873145487555,0.013788974698640826,nan,nan,nan,0.8331632789516978,-2.0152489514832026,7.0,-0.40343922253764125,15.0,3.3333333333333335,10.0,-3.3333333333333335,0.33591406233410315,1.9134331615308837
62.00300000000001,14.407372792772188,2.8546168070745694,-2.5549994209820954,0.8054522612651592,0.45270849878011654,14.164855788130948,2.9422904801385363,-2.5571295651188084,0.8237963390928741,0.45327710138958127,0.028909740017666358,0.17444305797445503,0.15779228573019774,0.013990562716939676,nan,nan,nan,0.8423037719402406,-2.006340456436131,7.0,-0.4220150727841876,15.0,3.3333333333333335,10.0,-3.3333333333333335,0.3708141135967875,1.937812464732071
62.051,14.379457160345677,2.838164102540595,-2.5369742729298292,0.810347830543402,0.4485866608166176,14.136299885520092,2.894813768082069,-2.529713518928302,0.829957674724504,0.453115988616691,0.029066094268081863,0.16696166008859226,0.15248684241488772,0.013751230784084094,14.254920992880232,2.6970225984687466,0.23637822519389384,0.8492276710191972,-2.0008541372705437,7.0,-0.433489657578363,15.0,3.3333333333333335,10.0,-3.3333333333333335,0.42198872097399587,1.928193323407125
62.1,14.351663432605191,2.821088602615666,-2.5191628915983406,0.8164174970417536,0.4421234034569782,14.109156148491762,2.875592882646867,-2.5118519817378853,0.8360427141839921,0.4434308878527301,0.029069562909997244,0.16864407435642514,0.15400313040415045,0.013953168253080007,nan,nan,nan,0.864740081562716,-2.003549793623532,7.0,-0.42784835243316766,15.0,3.3333333333333335,10.0,-3.3333333333333335,0.5163319789270322,1.9323303639479905
62.150000000000006,14.310153537886618,2.7942573033517224,-2.4929823540654734,0.8263923772016003,0.43185292522401253,14.068742707132701,2.8455902670098467,-2.485374474127043,0.8447439039943965,0.41951838170847694,0.029072940825222063,0.17112938413035747,0.15627926696861286,0.014253198842418885,nan,nan,nan,0.8711948041353466,-1.9986864646286544,7.0,-0.4380308107947107,15.0,3.3333333333333335,10.0,-3.3333333333333335,0.5478209172109021,1.9325727582564105
62.2,14.268883411027764,2.765971644948425,-2.4673997883050363,0.8366686034152357,0.422136400400015,14.043105650389302,2.8210616688190355,-2.461689409626198,0.8511736296362894,0.42284951286299927,0.02856941037038098,0.17275586190703035,0.15778096704595637,0.01390946498360871,nan,nan,nan,0.8806734763259156,-1.9918601390946395,7.0,-0.452359994499747,15.0,3.3333333333333335,10.0,-3.3333333333333335,0.591141871993809,1.9360701717242388
62.25000000000001,14.241504198812455,2.746304489059391,-2.450695927391081,0.844068435443058,0.4144046389763279,14.003526206071802,2.788493529886302,-2.4362912310067255,0.8609347634189921,0.4036901884086981,0.028573565063596686,0.17515526310433605,0.16005957471933896,0.014210063662944661,14.411130988114776,2.432682302272591,1.0544077082963126,0.8903955840272187,-1.989106572255613,7.0,-0.4581524809799795,15.0,3.3333333333333335,10.0,-3.3333333333333335,0.6518702708990847,1.9313391727204414
62.301,14.21423523835768,2.7259875255223514,-2.4342969813928397,0.8515066461834797,0.4067349661269347,14.02116883738687,2.7335408639875345,-2.418564514942573,0.8665603648434967,0.40459256280749,0.028484337965878206,0.16691347236746032,0.15398435713279862,0.013869528196981347,nan,nan,nan,0.8991661082574643,-1.9833551026854461,7.0,-0.4702751530743392,15.0,3.3333333333333335,10.0,-3.3333333333333335,0.6932271302824247,1.9290833645193035
62.35,14.173530153817934,2.6942868703065725,-2.4103329267927305,0.8640682070892435,0.39239064383184824,13.98229379502294,2.6986813500238043,-2.3948399867655694,0.8787654349801407,0.38357539097456234,0.028487935583304407,0.16930028921044513,0.15633594263509681,0.014170659824879977,nan,nan,nan,0.9160066792458536,-2.0057783649548075,7.0,-0.4231894484830242,15.0,3.3333333333333335,10.0,-3.3333333333333335,0.8108604914264343,1.9255448911437385
62.400000000000006,14.1330198222852,2.6610710835846723,-2.3873156699618403,0.8770682669390215,0.377306142433717,13.955484288966602,2.677210194045857,-2.3824588314138504,0.887235139636855,0.39258013662024926,0.028848300643727953,0.17086535313196904,0.15788439317773678,0.01383669036400468,nan,nan,nan,0.9234075861145388,-2.0009094798550375,7.0,-0.4333737739959302,15.0,3.3333333333333335,10.0,-3.3333333333333335,0.8419606832907414,1.916891891242687
62.451,14.106159582882047,2.6381203151792016,-2.372440391889187,0.8847347151390089,0.3683556780376446,13.916993573081948,2.6401098815799102,-2.359439179150633,0.8981643994765378,0.3560283325653698,0.02884982920008052,0.17317734688645328,0.160229204769063,0.014273609010243857,nan,nan,nan,0.9265593501914627,-1.9968227265517426,7.0,-0.4419386852542323,15.0,3.3333333333333335,10.0,-3.3333333333333335,0.8584169203876404,1.901261125677764
62.50000000000001,14.07944770998851,2.6145573072916055,-2.3578909260115073,0.891895086793056,0.36047717547622504,13.855747938122946,2.6461643953454512,-2.3509521014693955,0.9055979408173997,0.36422668871178654,0.02936927673579014,0.1650440822925305,0.1540309750414105,0.013866593223308304,13.57561280129002,2.940908789483866,0.7447981641079763,0.9335226391753991,-1.992758818718535,7.0,-0.45047107048238777,15.0,3.3333333333333335,10.0,-3.3333333333333335,0.8835987480372998,1.898817163281298
62.550000000000004,14.039720590408338,2.5781282793732196,-2.33654261934476,0.9001300280070735,0.3531035759913873,13.817693637927402,2.6071540262148005,-2.328871203364117,0.9125696630378055,0.35304415087371954,0.02937383060360669,0.16735604953734448,0.15643363406813174,0.014167094227355601,nan,nan,nan,0.9275134038568258,-1.9678603469900091,7.0,-0.5031002867089142,15.0,3.3333333333333335,10.0,-3.3333333333333335,0.8284566998335527,1.8863506123022826
62.6,14.013527110603706,2.553193190650991,-2.3225015144593315,0.9046845585097054,0.3488715912539448,13.792133238011903,2.581536183359843,-2.315655030985138,0.9168495017479902,0.3583480078889822,0.029521908524381406,0.1688703926192058,0.15801547924816983,0.013820137175383423,nan,nan,nan,0.9343672317592908,-1.9645539006082957,7.0,-0.5101375053869587,15.0,3.3333333333333335,10.0,-3.3333333333333335,0.8687013834274777,1.8792179709959653
62.650000000000006,13.974685687760864,2.5148385378249145,-2.301803714997867,0.911440312140865,0.3413646482717211,13.755050431626767,2.5407436957613,-2.294514144525009,0.9227861258660598,0.33518580028167716,0.02952424896245125,0.17111282896411364,0.1604055151828617,0.014121283276020701,nan,nan,nan,0.9381725660406587,-1.9621716315748967,7.0,-0.5152151196063831,15.0,3.3333333333333335,10.0,-3.3333333333333335,0.8959234082425213,1.86969520016206
62.7,13.936400286079502,2.4753697003016137,-2.2815855526278184,0.9181930684912659,0.33319777404816703,13.730679482020415,2.512964772959813,-2.279776533816277,0.9271187457886841,0.34700751489132536,0.029532439810111753,0.17258442533381127,0.16199413583338232,0.014320183636985047,14.040634084797418,2.9334380767707033,0.9781996895090862,0.9444843099326106,-1.9597393001839016,7.0,-0.5204058721553663,15.0,3.3333333333333335,10.0,-3.3333333333333335,0.9308652120493296,1.8670411048473095
62.751000000000005,13.911187582018131,2.448446830458423,-2.2684115125808115,0.9227568660776931,0.32654438744457354,13.731591740958775,2.5094073656699147,-2.255093013404793,0.9293475629905643,0.3162508370875366,0.02916009747955463,0.16535912226981023,0.15651419134189573,0.01406624551142397,nan,nan,nan,0.9488061708456706,-1.9584147640548322,7.0,-0.5232352781595555,15.0,3.3333333333333335,10.0,-3.3333333333333335,0.9665830254572351,1.8530623228285092
62.800000000000004,13.88622235264872,2.4210407136092917,-2.2555150899020577,0.9277465528279116,0.3192258559864142,13.708146615643562,2.4804861840245818,-2.2426402317005096,0.9348688566391075,0.3008643562973766,0.029161119259392854,0.16683592254433405,0.15814061114246328,0.014265626868665504,nan,nan,nan,0.9567039936318964,-1.9597556181977032,7.0,-0.5203710266349286,15.0,3.3333333333333335,10.0,-3.3333333333333335,1.0215026282993125,1.854514144250552
62.85,13.849223843468785,2.379016129321961,-2.2367242381136503,0.9352325238791002,0.3086450941366583,13.673835077793791,2.4356300066355363,-2.223501198869495,0.9422182016321797,0.29485032863097316,0.029079514970654655,0.1690122625969553,0.1605559535321153,0.014020728905360802,nan,nan,nan,0.9600706422643019,-1.9590985255084241,7.0,-0.5217744178998992,15.0,3.3333333333333335,10.0,-3.3333333333333335,1.0385760776449502,1.8485097111833062
62.900000000000006,13.824870295292362,2.3504153127618816,-2.224543079519693,0.939908820083768,0.30139209391534216,13.651010367875614,2.4055786243999893,-2.210949770472707,0.9469638940479636,0.29298770100450794,0.029083888764297385,0.17044674554338712,0.16217091087912897,0.01422051307377136,14.707492477366083,1.593289178745823,6.426281948294166,0.9651832322281284,-1.9588478430836598,7.0,-0.5223099417462885,15.0,3.3333333333333335,10.0,-3.3333333333333335,1.074121314027256,1.8322011184799827
62.95,13.788820327881766,2.306673940793151,-2.206833928633409,0.9464803854643448,0.2902538461078369,13.720828215270357,2.2909210469491312,-2.1970776265746226,0.9525525719793683,0.2973006940032982,0.029415383883246618,0.1634978617167301,0.1566948523522987,0.013978761807650909,nan,nan,nan,0.9683635215773985,-1.9587406853536877,7.0,-0.5225388803395024,15.0,3.3333333333333335,10.0,-3.3333333333333335,1.0979689378874378,1.8202060324408884
63.00000000000001,13.765096071160889,2.2769583541415024,-2.195515733717931,0.9520726567749932,0.2763798921964703,13.69853318007897,2.2599403774353175,-2.1860156801462756,0.9590761261906312,0.2793040794344713,0.029417279942688012,0.16494666555530507,0.15834158630636463,0.01417892930877141,nan,nan,nan,0.9839935257264287,-2.0179164774081824,7.0,-0.3978900559531928,15.0,3.3333333333333335,10.0,-3.3333333333333335,1.2634444030101992,1.7630872953068812
63.050000000000004,13.72991383974786,2.2314989032648613,-2.1797077218796512,0.960642028907975,0.2550170160534605,13.669997416812393,2.207016625958727,-2.160836082479822,0.9672718719606561,0.22902615021405828,0.028614705796178343,0.1670791373827533,0.16078829534608835,0.013931722279585633,nan,nan,nan,0.9868230865187029,-2.018541454942264,7.0,-0.3965907901347733,15.0,3.3333333333333335,10.0,-3.3333333333333335,1.2615941260450019,1.7602022989949873
63.1,13.706743711039586,2.2006463138148136,-2.169816366256206,0.965721009153412,0.2420503677546794,13.648519866190975,2.174774514630179,-2.150543027404235,0.9722431594658213,0.24247418331532733,0.02862204435983439,0.1684867005455762,0.1624225433039768,0.01413230544872621,nan,nan,nan,0.9904572264214542,-2.022575533216742,7.0,-0.3882120421253217,15.0,3.3333333333333335,10.0,-3.3333333333333335,1.3022955419211042,1.7338562695390969
63.150000000000006,13.672421084884693,2.1536100797482325,-2.1559335713285295,0.9724405279904007,0.22348076730058009,13.592965314284845,2.0929736766184885,-2.140063250165958,0.9814011269776993,0.2174662990031055,0.028941884601176384,0.16165776645055832,0.15679627808978386,0.013888175764720968,13.445578771427515,1.80972765439158,0.5692066541849192,0.9919558373872633,-2.0236180844977327,7.0,-0.38604881582532713,15.0,3.3333333333333335,10.0,-3.3333333333333335,1.3236821382745716,1.710477620341817
63.201,13.638635012769708,2.1057613433261273,-2.1430908783779605,0.9776480141040167,0.20742174901323113,13.561413439453858,2.0431567902402885,-2.1263205300121832,0.9854834084380955,0.20121465063882893,0.028947698393267197,0.16379180355043513,0.15928530065329308,0.014189066667748575,nan,nan,nan,0.9946721208626241,-2.027302471027353,7.0,-0.3784108912612435,15.0,3.3333333333333335,10.0,-3.3333333333333335,1.3451132393954146,1.6759258305989713
63.25000000000001,13.616414889565212,2.073462554789078,-2.1350472892663452,0.9805906689642994,0.19708217705371942,13.539185774032633,2.0111945059968157,-2.1214990812437193,0.9878304225718612,0.18288692729666348,0.029181137510418245,0.1651859357378171,0.1609210488491639,0.013852942656102547,nan,nan,nan,0.9946721208626241,-2.027302471027353,7.0,-0.3784108912612435,15.0,3.3333333333333335,10.0,-3.3333333333333335,1.3451132393954146,1.6759258305989713
63.300000000000004,13.59443583264158,2.040870285511717,-2.1273820039919453,0.9831694444489667,0.188327292784299,13.518559642743321,1.9774689336238769,-2.1135597637449535,0.9898254863583559,0.19329522866020366,0.029186072567043527,0.1665782683833661,0.1625630065624202,0.01405424276300668,nan,nan,nan,0.9957038959814327,-2.02877169982436,7.0,-0.37536808437198255,15.0,3.3333333333333335,10.0,-3.3333333333333335,1.3434691164440316,1.6753417188647783
63.351000000000006,13.56191331490331,1.9914775312522515,-2.1164928769930427,0.9865088856762256,0.17613638553257632,13.476668548432988,1.970571323543157,-2.1037909849339704,0.9901516147630236,0.17261206099014031,0.02930271091087596,0.1598799196891333,0.15678666996943758,0.013806408935970784,13.363292249417983,2.398985858967424,0.8175705104346452,0.9965588222896988,-2.030575992551658,7.0,-0.37163364597966875,15.0,3.3333333333333335,10.0,-3.3333333333333335,1.3628366804744445,1.6571518111261678
63.400000000000006,13.540523309001147,1.958239801153091,-2.109612553030499,0.9883772733546902,0.16979639758934534,13.456594942430765,1.9364096882702708,-2.0968339693023195,0.9917950117389083,0.163747854548486,0.0293038480351108,0.16129478081804532,0.15845175035420303,0.014008115671567912,nan,nan,nan,0.9961853498367808,-2.0164173288054728,7.0,-0.4010079553795036,15.0,3.3333333333333335,10.0,-3.3333333333333335,1.3461490568136198,1.6701803764070007
63.451,13.508868191985266,1.90796379976647,-2.099688074448494,0.9907639206458356,0.16198950144931554,13.427630484707198,1.8840859881928282,-2.086301591949692,0.9939152123420695,0.1475944794350601,0.02918978695135672,0.16338001596580612,0.16092380025311975,0.013768808296472822,nan,nan,nan,0.996937493858764,-2.0185515245731733,7.0,-0.39656985901755004,15.0,3.3333333333333335,10.0,-3.3333333333333335,1.356907061401085,1.6607561119497347
63.501000000000005,13.477712827998056,1.8572250685212397,-2.090255130735833,0.9928272726175837,0.1534957389819422,13.408066851955693,1.849461794927602,-2.0802277395904176,0.995173775178801,0.16384462285829207,0.0291939409830747,0.16476388208204867,0.16257072689339924,0.013970857063895283,nan,nan,nan,0.9979660321984986,-2.0225104063532973,7.0,-0.3883472051499386,15.0,3.3333333333333335,10.0,-3.3333333333333335,1.3732124810866013,1.6465104543277378
63.550000000000004,13.45721114601918,1.8231622724902738,-2.0842808439067366,0.9940329106383023,0.14668842883276303,13.393507121197095,1.705313052356159,-2.0700517002604006,1.0018749189430372,0.128184999427089,0.029075239515453204,0.15832021439806368,0.1568016812356042,0.013733077216254337,13.588994840008413,0.8634441787705365,3.4165662263595737,0.998474248953944,-2.0249803108713444,7.0,-0.38322359539200646,15.0,3.3333333333333335,10.0,-3.3333333333333335,1.3927538992741768,1.6274204871447626
63.601000000000006,13.42684941996966,1.7717478744941613,-2.075963848395223,0.9953813530050869,0.13165249661434547,13.374366598719076,1.6701039249273983,-2.064842488019419,1.0019374783529948,0.11716163652077555,0.02907633391004309,0.15972943756018898,0.15847229596140883,0.013935450808702,nan,nan,nan,0.9999997612356242,-2.0641514534540146,7.0,-0.3025690759811779,15.0,3.3333333333333335,10.0,-3.3333333333333335,1.4517731915661416,1.560116986045735
63.650000000000006,13.406860737342628,1.7372800106042077,-2.070956048318519,0.9961108525143588,0.12138415417481088,13.3459947635526,1.6171029972556725,-2.056963425899913,1.002017353734772,0.12542407584226867,0.02908152520074701,0.16182284282041481,0.16096559335918076,0.01423612006486843,nan,nan,nan,0.9999997612356242,-2.0641514534540146,7.0,-0.3025690759811779,15.0,3.3333333333333335,10.0,-3.3333333333333335,1.4517731915661416,1.560116986045735
63.7,13.387064671518576,1.7026706514004608,-2.0663461290170386,0.9967671848427354,0.11122491104160939,13.326028301141308,1.5826940954346767,-2.0538575535217025,1.0020424814449391,0.12863652911836823,0.02925111622334925,0.1631861305066663,0.16260479586622092,0.013894675355281083,nan,nan,nan,0.9999322478241485,-2.0686041252710776,7.0,-0.29346598751132347,15.0,3.3333333333333335,10.0,-3.3333333333333335,1.473191981920414,1.5378142161393942
63.75000000000001,13.357711305288477,1.6505154846262158,-2.060188759588152,0.9975808611372015,0.0965646200508006,13.29821396770158,1.5293917313007142,-2.0476844564968752,1.0020509481341384,0.09390947364187874,0.0292497832486866,0.16523695475008615,0.16506582689495986,0.014195857603278222,13.353305107175105,1.3653318197926552,0.11461889795731475,0.9998549217990343,-2.070891737332427,7.0,-0.288793816347759,15.0,3.3333333333333335,10.0,-3.3333333333333335,1.4822506926097203,1.5279521690510327
63.800000000000004,13.338355484529565,1.6155998325723842,-2.0565418369140196,0.9980169983117326,0.08798801854826142,13.279927395799138,1.4813217112009913,-2.051683591039493,1.0027775348822834,0.05929082314644332,0.029810047882621097,0.15824903045731115,0.15836969440243828,0.013855958732957073,nan,nan,nan,0.999608693401995,-2.0756605935000634,7.0,-0.2790638646191643,15.0,3.3333333333333335,10.0,-3.3333333333333335,1.483854142975745,1.5242316428508267
63.851000000000006,13.30961771818854,1.5630341762183684,-2.051633796745775,0.998499434127711,0.07796346568810499,13.252205669703434,1.427928633980341,-2.0458773493536233,1.0024888179612745,0.07925121624921196,0.029815474906137007,0.16034562374926847,0.16086378068763357,0.014157640998085664,nan,nan,nan,0.9995209526701532,-2.0826379310407797,7.0,-0.26485111008128404,15.0,3.3333333333333335,10.0,-3.3333333333333335,1.4960831517823665,1.5319348456124495
63.900000000000006,13.290642778722964,1.5278765347304677,-2.0486758786910118,0.9987279113075627,0.07110223232781827,13.23311608584083,1.3928374998906994,-2.0443910051105485,1.0022436144136164,0.05779807819257811,0.029909914051409647,0.16171011990338555,0.16250501092765382,0.013825448746114055,nan,nan,nan,0.9991345147780452,-2.0874852835702584,7.0,-0.2549926446254571,15.0,3.3333333333333335,10.0,-3.3333333333333335,1.4960831517823665,1.5065662431890618
63.95,13.262431237720955,1.4749921387475513,-2.0447689199261667,0.9989587551118533,0.061163199432171855,13.205767590320509,1.3392895622954075,-2.040453289364412,1.0019068918131764,0.06233584097405264,0.02991235939831548,0.16376740625329106,0.16496716162575192,0.01412753477808446,nan,nan,nan,0.9989449180840394,-2.090331564557597,7.0,-0.2492096312617551,15.0,3.3333333333333335,10.0,-3.3333333333333335,1.493757852472973,1.5079461730392647
64.0,13.24377743345051,1.439648163569698,-2.042481279399435,0.9990438407671011,0.05456636301555649,13.184762290757956,1.4080096104328386,-2.03692962760842,0.9953550359357569,0.03249975978860157,0.029772176748975573,0.15686652894591097,0.15814875064567943,0.013782474958320674,13.083586390704927,2.3921546689427258,4.184191192677903,0.9984918347276716,-2.0953813244396526,7.0,-0.23895966512083744,15.0,3.3333333333333335,10.0,-3.3333333333333335,1.5079373466159178,1.4909837497217007
64.05,13.215999313130643,1.3865070525153302,-2.039436855488476,0.9997163578231991,0.04988951203557217,13.15798235841229,1.354602382302254,-2.033504253405407,0.996873931566686,0.041565688343007355,0.0297744836963079,0.15896877861691086,0.160645201362966,0.014085100832371971,nan,nan,nan,0.9995516171909908,-2.0668767917771165,7.0,-0.29699593365333854,15.0,3.3333333333333335,10.0,-3.3333333333333335,1.4728510982882064,1.5544095074202962
64.10000000000001,13.197596559061774,1.3509843324929818,-2.0374738781974178,1.0002877987526735,0.04821048468434858,13.140717869390375,1.3185423628083563,-2.0313121870409674,0.9977797153525709,0.03353883607838011,0.029710664341595423,0.16033600085306368,0.16229026919306425,0.013748456677792183,nan,nan,nan,0.9992561877491186,-2.0720763800934585,7.0,-0.28637554265151977,15.0,3.3333333333333335,10.0,-3.3333333333333335,1.486207621522641,1.5342526789862603
64.15,13.170152997055801,1.2975823657755692,-2.0347179003512332,1.0008195256026493,0.04416053878826757,13.114137492465241,1.2648747384883552,-2.0283909301982854,0.9988139159855229,0.05523840894765878,0.029714278968210144,0.1624003805810468,0.16475778389288245,0.01405152001750396,nan,nan,nan,0.9990055897364803,-2.0759120775310933,7.0,-0.2785511221727133,15.0,3.3333333333333335,10.0,-3.3333333333333335,1.4899315404976774,1.5258687894618739
64.20100000000001,13.142889942118973,1.2440657814971376,-2.032274359210722,1.0010250764730801,0.03779927889668965,13.127140535437395,1.3149394682522173,-2.018529254192733,0.9929821441352977,0.05205783006699953,0.029051118739783464,0.15569745751532327,0.1579766837330863,0.013715347655306052,13.3096029236179,2.1394770122890248,3.013516918429833,0.9986016926889768,-2.0812801220963335,7.0,-0.2676148491208199,15.0,3.3333333333333335,10.0,-3.3333333333333335,1.5081385394064704,1.5013193339324968
64.25,13.124803725580337,1.2083297991345388,-2.030867871656397,1.0014526362870813,0.03365567340193251,13.101364907418574,1.2611822098299725,-2.01616176335305,0.9950488039390745,0.04992470462369735,0.029052126929750566,0.1578051576647173,0.16048204712661654,0.014018840297749375,nan,nan,nan,0.998589565714461,-2.0716473483687103,7.0,-0.2872512526014144,15.0,3.3333333333333335,10.0,-3.3333333333333335,1.5163146212202716,1.5108219910752783
64.3,13.106779708825636,1.1725439394493673,-2.0296278681348565,1.0017637328264377,0.02923145290695266,13.083466022154205,1.2257345236271384,-2.0162401846887943,0.9961082273168225,0.044015462829805535,0.02913895238837247,0.15917494711200106,0.16213425592144862,0.013689944026548006,nan,nan,nan,0.9981285034988931,-2.077351313808511,7.0,-0.27561739996312373,15.0,3.3333333333333335,10.0,-3.3333333333333335,1.523008770309792,1.4943963761764352
64.35000000000001,13.079854542044759,1.118795857731725,-2.028107154573739,1.001932428235007,0.02264117014801321,13.057730033332666,1.1717631225747551,-2.0146795130681787,0.9973327286073461,0.024068322740075414,0.02913773384256194,0.16124515542187381,0.1646112567908113,0.013993774627203902,nan,nan,nan,0.997919131960144,-2.08076289556194,7.0,-0.2686678964529188,15.0,3.3333333333333335,10.0,-3.3333333333333335,1.523586906680239,1.4890571976202092
64.40100000000001,13.061972857142543,1.0829285124413552,-2.0273033532869533,1.0018699797552273,0.018554038688516437,13.028801726144293,1.0834525662523542,-2.0131174951881134,1.0013583813872897,0.03347811875721036,0.02915659822010655,0.15470864585581778,0.15785870789278414,0.013664314813013312,12.960634186371523,0.6285909745374534,1.0204924672729385,0.9974177216335999,-2.0865598371156855,7.0,-0.25687384687872017,15.0,3.3333333333333335,10.0,-3.3333333333333335,1.5231659417595824,1.4818023020077788
64.45,13.03524688863542,1.0291014347358725,-2.026443322451517,1.0012260958669357,0.010482177084310235,13.0031071738321,1.0291504116245962,-2.012708630505616,1.0007206439577723,-0.005714977930685594,0.02915314931090967,0.15682509770506073,0.16037016185598163,0.014107843613916714,nan,nan,nan,0.9961174184915389,-2.1012661936410457,7.0,-0.2270301588359782,15.0,3.3333333333333335,10.0,-3.3333333333333335,1.5404108557338945,1.441832768967577
64.5,13.017491386304574,0.9932203709745788,-2.0261675263382553,1.0005836412036604,0.004956474757711411,12.986776652994447,0.9924976372041392,-2.0117605519284694,1.0001083548553786,-0.024197901186058298,0.02906330743007719,0.15819958527341632,0.16202641226259012,0.013715793360833305,nan,nan,nan,0.9955384018411416,-2.10720645857322,7.0,-0.215004507909077,15.0,3.3333333333333335,10.0,-3.3333333333333335,1.533245615529814,1.4460296389891225
64.55,12.990935993247353,0.939412532319986,-2.0261121074737964,0.9996719069642005,-0.0018303474653617146,12.96116207578716,0.9382514317814002,-2.0128020789280647,0.9992678236252666,-0.033188489553356994,0.029062760004461043,0.16027855159824098,0.1645072490599256,0.014018646259223609,nan,nan,nan,0.9950180723307057,-2.1116211525094024,7.0,-0.20607725992692583,15.0,3.3333333333333335,10.0,-3.3333333333333335,1.5331106802944643,1.443594118812274
64.60000000000001,12.973274091620045,0.903552840484287,-2.026290445660286,0.999104833786608,-0.006067533819466781,12.957308553327247,0.8677644348783827,-2.0142033818160763,1.0004998564441117,-0.003634435355669209,0.02915886225102585,0.1538816502725872,0.1577730187440735,0.013685887820391377,13.126573914876767,0.5558085865338889,0.5914548286784875,0.9945148249369805,-2.117589453501852,7.0,-0.19402119843911247,15.0,3.3333333333333335,10.0,-3.3333333333333335,1.5365627926549248,1.4384105061422736
64.65100000000001,12.94682947567557,0.8497956261404073,-2.026953040591821,0.9979049432300687,-0.0157406346680364,12.931557889315595,0.8135670884084671,-2.0152679106334186,0.9989816617902295,-0.02649521016430655,0.029157454751563148,0.15600798101967164,0.1602856795418192,0.01398918435994679,nan,nan,nan,0.9918569511804849,-2.1429716648569044,7.0,-0.14289394159260405,15.0,3.3333333333333335,10.0,-3.3333333333333335,1.564322368789143,1.3895608603915108
64.7,12.929225308277786,0.8139954269925603,-2.027760898061967,0.9970242981190092,-0.022720835488813495,12.912238630196525,0.778733751607968,-2.0199603764216585,0.997952673948699,-0.029661423105720217,0.029393810580796886,0.1573889711525715,0.16194238448788115,0.013663380105558393,nan,nan,nan,0.9918569511804849,-2.1429716648569044,7.0,-0.14289394159260405,15.0,3.3333333333333335,10.0,-3.3333333333333335,1.564322368789143,1.3895608603915108
64.751,12.902835456075756,0.7603515806897869,-2.029431520095164,0.995990004593321,-0.03113404866322365,12.886223416564377,0.7248325007374761,-2.020812290804463,0.9967635164969648,-0.007710521127575263,0.029397727393550618,0.1594803067776036,0.16442186189177035,0.013967025160590684,nan,nan,nan,0.9921076094468874,-2.1456806539936504,7.0,-0.13744934680756105,15.0,3.3333333333333335,10.0,-3.3333333333333335,1.5631052388231228,1.3955699279573834
64.801,12.87643523826141,0.7067715883374075,-2.031592617766001,0.9951636067097004,-0.03976774681652458,12.953168217812232,0.7644731885614668,-2.0302204729262665,0.9890614382071167,-0.04201242192422068,0.030025718991785955,0.15320096717326132,0.15769976662703897,0.013640296279046879,13.801142456169758,1.385690641921599,4.727126146224633,0.9914829246996958,-2.151420046548535,7.0,-0.12592076719098388,15.0,3.3333333333333335,10.0,-3.3333333333333335,1.579033088788153,1.3779685442662164
64.85000000000001,12.85881073126098,0.6710840480542708,-2.033310054963891,0.995024442313252,-0.04468271987128343,12.926819703809366,0.7112848425177339,-2.0316071093121897,0.9899180533012482,-0.02901102589797444,0.030028674072532353,0.15534199590084669,0.16020876754564234,0.01394429825994159,nan,nan,nan,0.9907609193108753,-2.1662597511770234,7.0,-0.09614933888709443,15.0,3.3333333333333335,10.0,-3.3333333333333335,1.5828602115681691,1.3915822273809868
64.9,12.841153543721253,0.635416317040541,-2.035218650187785,0.9948833766055778,-0.049706985461133335,12.91234752830622,0.6740607087245902,-2.0292512194936054,0.9903601335036736,-0.0370975123184885,0.029680994779836944,0.15673200453615263,0.16186427691732672,0.01362376265092541,nan,nan,nan,0.9902078171403638,-2.17166571035501,7.0,-0.08531514246314709,15.0,3.3333333333333335,10.0,-3.3333333333333335,1.5913104861778875,1.37617283078309
64.95,12.814594139457787,0.5819719061018622,-2.0384725029620676,0.9944008175081377,-0.057574448173772795,12.88600475324619,0.6207871304913672,-2.032235054491786,0.9906692376650292,-0.06348864500175574,0.029678746737213293,0.15883718204372244,0.16434275614171823,0.013928033895048885,nan,nan,nan,0.9890997650734428,-2.1770354893589903,7.0,-0.07455840258977764,15.0,3.3333333333333335,10.0,-3.3333333333333335,1.5952994066870756,1.3619760912623418
65.0,12.787930511796317,0.5286216746725491,-2.0421619129919346,0.9937192531970112,-0.06393233162883911,12.869526265308869,0.5846625816366816,-2.0320521472658717,0.9906644044030442,-0.054792432944129256,0.029558356831654493,0.1602015630985689,0.1659747502674893,0.013609410214855932,13.13824043225288,0.6698731941571042,0.28703566387149393,0.9887353503696813,-2.182473945009086,7.0,-0.06366847569786782,15.0,3.3333333333333335,10.0,-3.3333333333333335,1.587214494014604,1.3661378338755663
65.05,12.77008640719771,0.493116005015213,-2.0448270091113114,0.9931993300104572,-0.06832350997338996,12.8685291774331,0.5415859657998241,-2.0361416725640726,0.9893249091970341,-0.04516814008688294,0.02955099436530969,0.1546832850813176,0.160000321146164,0.013910258799915537,nan,nan,nan,0.9880633442475982,-2.186716163285236,7.0,-0.05517653673491396,15.0,3.3333333333333335,10.0,-3.3333333333333335,1.5953737774908652,1.3525181310393386
65.10000000000001,12.743202070572634,0.4399643081841253,-2.049197697227687,0.9923094205810663,-0.07630290387383624,12.851546231591419,0.5057988904354644,-2.0376005019825785,0.9891817732964839,-0.060896497864764886,0.029462681550418052,0.15608122449056377,0.16165510439698738,0.013593712167361676,nan,nan,nan,0.9867298258621244,-2.1992344561548287,7.0,-0.030128237533414426,15.0,3.3333333333333335,10.0,-3.3333333333333335,1.6093260158636502,1.3318537045762442
65.15,12.725191230287633,0.40460844157055215,-2.0523694736656437,0.9916991053406786,-0.08098441671024217,12.824750877284444,0.4528461223312465,-2.0417543778865483,0.9889266293087742,-0.055153436453441736,0.029464279115817782,0.15819958295562198,0.1641314632377208,0.013898475788586506,nan,nan,nan,0.9863235465142136,-2.2031767195509775,7.0,-0.02224234898814359,15.0,3.3333333333333335,10.0,-3.3333333333333335,1.6061167834547285,1.332121094281015
65.2,12.707101806352188,0.3693184734397958,-2.0557167731006873,0.9911396484365703,-0.08532150746444539,12.803515441822986,0.41937568517186974,-2.0499235730709144,0.9887433855534226,-0.10215111136295962,0.02979841667941538,0.15957332612372035,0.16576157655225915,0.01358331188060208,12.475885759438142,0.5162797657270113,0.4250148596933759,0.9861560066899908,-2.208344020139525,7.0,-0.01190697157119236,15.0,3.3333333333333335,10.0,-3.3333333333333335,1.6104149951474118,1.327118686368377
65.25,12.679802445064869,0.3165067189408632,-2.0609840732598164,0.990596535869202,-0.08845634377476427,12.7463650149142,0.37443698577939255,-2.0550293597269937,0.9890965151885127,-0.1051037883063821,0.029813182524174506,0.15415636649600506,0.15981388370322464,0.013884605838815813,nan,nan,nan,0.9872324826430598,-2.2098909352867344,7.0,-0.008813057644732725,15.0,3.3333333333333335,10.0,-3.3333333333333335,1.5869966921601852,1.3595656897980768
65.3,12.661479420966836,0.28137322041243334,-2.064518293185372,0.9905818964572534,-0.08783200058107835,12.727065440300256,0.339891717357421,-2.059084259863867,0.9895324435409014,-0.08424093346522465,0.02990921826854446,0.15556518319413792,0.16146495321192095,0.013571064137749785,nan,nan,nan,0.9894358760549984,-2.2005132189080614,7.0,-0.02757017953627483,15.0,3.3333333333333335,10.0,-3.3333333333333335,1.5730587405586398,1.3899855502637157
65.35000000000001,12.633787847002141,0.22876700487594137,-2.0697207123900014,0.9908538528683708,-0.08627168661033816,12.699143372351562,0.2874822563382038,-2.0640316059286046,0.9900939790600801,-0.106385141120565,0.02990576745739948,0.15770094326150672,0.16393448634816946,0.013876221535441909,nan,nan,nan,0.9896395260280398,-2.2031565574561087,7.0,-0.02228267817424756,15.0,3.3333333333333335,10.0,-3.3333333333333335,1.5801660247317848,1.3831965123544894
65.53200000000001,12.624500315154949,0.21125781237683866,-2.071442332297171,0.990931245782211,-0.08599883068709514,12.689765491887638,0.2700416932948492,-2.0657842752949658,0.9902425650599352,-0.08509458296043693,0.02990822389016673,0.15840896607712676,0.16475256263309906,0.013977135225348686,13.0845460081262,-0.6711499088737525,3.5942288797444437,0.9896959746592547,-2.20771020290593,7.0,-0.013174655921672107,15.0,3.3333333333333335,10.0,-3.3333333333333335,1.5708085583855305,1.3912987280074838
65.55,12.539668550320195,0.05445583720277021,-2.0872667769206283,0.9886957014866249,-0.09550594587751907,12.62978227419987,0.0292665006842606,-2.089862445390372,0.9910250930910881,-0.06577460415732192,0.03058770009416541,0.15720372451837306,0.16359381580812846,0.01385935825061989,nan,nan,nan,0.9857247818496777,-2.253619644241856,7.0,0.07868497667213825,15.0,3.3333333333333335,10.0,-3.3333333333333335,1.600821162052761,1.3203888874091285
65.60000000000001,12.510912759429322,0.0025933118495239946,-2.0931586413719465,0.9880037730908967,-0.10008588117167291,12.59978392080073,-0.022063484503812184,-2.0970163543411844,0.9900543811311446,-0.09372360377668507,0.03062373843812623,0.15931214939439947,0.1660184316316818,0.01365105745949395,nan,nan,nan,0.9859977676827404,-2.2574036759459504,7.0,0.08626591894934021,15.0,3.3333333333333335,10.0,-3.3333333333333335,1.6094543209459546,1.3192379916924186
65.65100000000001,12.491593217462883,-0.03188103529517452,-2.0971967422758913,0.9878049053459419,-0.10124637067180357,12.500846974291088,0.025258856521197512,-2.1020364508305898,0.9873611051964423,-0.09839268299445521,0.030677974499493166,0.15310510485925963,0.1590402135403954,0.01385039268439873,11.682605244067584,0.829251703385049,5.739197110954942,0.9866179840948549,-2.26079650738208,7.0,0.09306522734287181,15.0,3.3333333333333335,10.0,-3.3333333333333335,1.5972860450936746,1.339074346549269
65.70100000000001,12.462355735610455,-0.08349225068438627,-2.103029064292929,0.9894501154083173,-0.0920300017560666,12.488532518925213,-0.013019134377285732,-2.0960575566663726,0.9891285069351959,-0.090928005047697,0.02982544099402187,0.1545380527849728,0.16067577823381587,0.013540870938696877,nan,nan,nan,0.9944902311764674,-2.2070586947860558,7.0,-0.014477734479847904,15.0,3.3333333333333335,10.0,-3.3333333333333335,1.5433650705790067,1.4641121402255517
65.75,12.442675188442713,-0.11786735353552974,-2.106570753855089,0.9905077456256629,-0.08684714632204846,12.458642141834195,-0.06433923752491665,-2.1027043036695288,0.9909697848099138,-0.10169503463530159,0.029820969063021015,0.15670872357823065,0.1631247259568341,0.01384658249706389,nan,nan,nan,0.9930979390064427,-2.2136161835768426,7.0,-0.0013625042334579618,15.0,3.3333333333333335,10.0,-3.3333333333333335,1.5576395547317905,1.4336301468868118
65.8,12.422851044783418,-0.15220103761682474,-2.1099336697709403,0.9913383734199357,-0.08233788954926861,12.43600568175268,-0.09711652518475497,-2.108608341955417,0.9918200687497839,-0.06491562684408189,0.03008865839473843,0.15811835624780995,0.1647365021164382,0.01368099751603682,nan,nan,nan,0.9934689597913043,-2.2170560565816206,7.0,0.005517255982306235,15.0,3.3333333333333335,10.0,-3.3333333333333335,1.547873852405895,1.4409551726970136
65.85000000000001,12.392856657624039,-0.2036161109224164,-2.1146760055609017,0.9924216412886304,-0.07713930774062702,12.405417103945798,-0.14818927057884348,-2.1132426300268996,0.9929536038402644,-0.0573827999314688,0.03008818281865708,0.1602579885709574,0.1671451510988697,0.013925178728187979,12.581468914784883,0.03790276407696802,0.23542667882525622,0.9940407349267335,-2.217834651092185,7.0,0.00707446051299776,15.0,3.3333333333333335,10.0,-3.3333333333333335,1.5565036310454219,1.4344454933381692
65.9,12.372694568347427,-0.23783423211934512,-2.1176993003737725,0.9930325729323505,-0.07471487792187975,12.398926583662002,-0.16039168948572063,-2.1210133724926266,0.9919048072747544,-0.0861761736815939,0.0304732357186483,0.15402059140697885,0.16011850700933933,0.01360305732242525,nan,nan,nan,0.9942082877736695,-2.2209209614780083,7.0,0.013247245503944516,15.0,3.3333333333333335,10.0,-3.3333333333333335,1.5567324938798919,1.4322152443850147
65.95,12.342214335685878,-0.28907276126263537,-2.122026797122995,0.9939886948570893,-0.06967616747110932,12.367727129978782,-0.2111015090799993,-2.1250045749352635,0.9931969231653175,-0.06440632378029507,0.030474774728922776,0.15620989186160553,0.16255621118812938,0.013907330756403316,nan,nan,nan,0.9949066519451922,-2.2219854244284813,7.0,0.015376280621034244,15.0,3.3333333333333335,10.0,-3.3333333333333335,1.5400946812816516,1.457721248813278
66.0,12.32174106801868,-0.32317760416635527,-2.1247301500980362,0.9945767777923565,-0.066540107004406,12.34370538912304,-0.24313933911910302,-2.1313476834379603,0.9939247598864953,-0.053904313670231574,0.030803544074432424,0.15763236018889581,0.16416073997198352,0.013590927971173904,nan,nan,nan,0.9950326980325774,-2.224718363064567,7.0,0.020842609431025227,15.0,3.3333333333333335,10.0,-3.3333333333333335,1.5460244312527966,1.4490127724017445
66.05,12.290814693163036,-0.37425007644335334,-2.128587379105964,0.9953550968640243,-0.06260753376933578,12.311917416274076,-0.29361943753023395,-2.1365216688846513,0.9949194688705312,-0.09366703403244057,0.03079645119681085,0.15979079496992912,0.16655910378415986,0.013895437520053433,12.177861751555112,-0.16953959223464649,0.1214784829083738,0.9956438767488064,-2.2247210154458696,7.0,0.020847914769893894,15.0,3.3333333333333335,10.0,-3.3333333333333335,1.542571657200421,1.4552460253054218
66.101,12.259643465214712,-0.42522387020470853,-2.132153561973911,0.996014626299728,-0.05678301828460488,12.276889367156008,-0.3144817216470677,-2.141394648098447,0.9952292186013058,-0.04637208619712387,0.03103579556921825,0.15362929029023434,0.15961152053617256,0.013576852570210145,nan,nan,nan,0.9958961058525585,-2.2271495256902387,7.0,0.025705595537401482,15.0,3.3333333333333335,10.0,-3.3333333333333335,1.5225406305369817,1.4743553219706598
66.15,12.23873432853011,-0.4591542983940658,-2.1343304484225527,0.9965323656608611,-0.05307273709390266,12.244588331536256,-0.3647261548339988,-2.1437387687395897,0.9961770296836827,-0.0342738843948513,0.031036567381773003,0.15583606909637182,0.16204044486406252,0.013881626695905099,nan,nan,nan,0.9969593076978766,-2.219397654721544,7.0,0.01020052671304672,15.0,3.3333333333333335,10.0,-3.3333333333333335,1.5267351883055158,1.4778084419521804
66.2,12.217726587471725,-0.49304722485341296,-2.1363782582435524,0.996988912192981,-0.0502160212111184,12.221738527743216,-0.3974951445400289,-2.146970428711412,0.9967032699303414,-0.056630896264947404,0.031166594250685083,0.15726997771143694,0.16363943080193685,0.013568273526804394,nan,nan,nan,0.9969741953626499,-2.2215504874636838,7.0,0.014506358129404706,15.0,3.3333333333333335,10.0,-3.3333333333333335,1.5303342686330699,1.4715247073476845
66.25,12.186043753157707,-0.5438141986565475,-2.1392435144421253,0.9975390957597463,-0.04566886626900114,12.189105516904648,-0.44762583059962896,-2.1490053221885983,0.9973717478068871,-0.024426486248688924,0.031169810427387205,0.15944382281005887,0.16603090305021298,0.013873229007340272,nan,nan,nan,0.9971684910178152,-2.222241222948981,7.0,0.01588790891859082,15.0,3.3333333333333335,10.0,-3.3333333333333335,1.5179547458537044,1.4839008595815961
66.3,12.164815863224655,-0.5776115297233583,-2.1410061626968515,0.997824869825495,-0.0434246735275438,12.184402312683751,-0.5551015172726567,-2.151551783334718,1.0013227857707585,-0.019102020282188673,0.03121600703960575,0.15321316610306698,0.15901624175319715,0.013557138192704099,12.420999646453678,-1.2225726604718592,2.2925646805460547,0.997172178459693,-2.224227065171363,7.0,0.019859911883496117,15.0,3.3333333333333335,10.0,-3.3333333333333335,1.5301460645434757,1.4697235865929454
66.35000000000001,12.132834808251907,-0.6282230944411417,-2.143632377395396,0.9974950864585697,-0.04552602580971861,12.151388415220152,-0.6052978930449924,-2.1546400613542382,1.0005962283298142,-0.05474138371934027,0.031211760187536648,0.15543237920436603,0.16143863678034617,0.013859433815041086,nan,nan,nan,0.9946986197924683,-2.254567034109678,7.0,0.0805827605105951,15.0,3.3333333333333335,10.0,-3.3333333333333335,1.5585149011655215,1.4094221745574553
66.4,12.111437476500683,-0.6618873472476275,-2.1455111785743894,0.9970209981132292,-0.04743659650578168,12.130714931024547,-0.6395037959831245,-2.155130323619026,0.999788773108552,-0.05669653975813257,0.03105922358931213,0.15687458721166256,0.16303358305594268,0.01362318696817882,nan,nan,nan,0.9948251718610439,-2.256417243956176,7.0,0.08428946800311721,15.0,3.3333333333333335,10.0,-3.3333333333333335,1.5443613816822999,1.426476578517002
66.45,12.07922906295335,-0.7122776266862937,-2.1484080328412865,0.9964943690042809,-0.04888128419933889,12.097581632168438,-0.6894852893037726,-2.15770992577684,0.99878696846274,-0.026080891065839603,0.03106293965103615,0.15905924718559836,0.16542054787031074,0.013926876941224851,nan,nan,nan,0.9946718139966456,-2.258405919304761,7.0,0.08827422240951277,15.0,3.3333333333333335,10.0,-3.3333333333333335,1.5468147549872284,1.4249660814447156
66.5,12.057680326993893,-0.7458049467116027,-2.150398420598595,0.9962649819776532,-0.050488844140628465,12.070956785901695,-0.7200466092574895,-2.1641846409111247,0.998317237024938,-0.03836158110425581,0.03153077969310307,0.1604771395517325,0.1669888186025283,0.013608022412830847,11.944810482927847,-0.29059411011136727,0.7242196309946387,0.99475826433301,-2.2601435274661448,7.0,0.0917564793170147,15.0,3.3333333333333335,10.0,-3.3333333333333335,1.560057068415595,1.415217521891646
66.55,12.025236560252356,-0.7960062157770436,-2.1534856883448956,0.9961672450709409,-0.05150693410668562,12.028461781362836,-0.7272891669385569,-2.1666268674990854,0.9961152710261623,-0.014261710640493714,0.03154827415731587,0.154992654549676,0.16076879285128542,0.013908185882201477,nan,nan,nan,0.9955400502444505,-2.2586649975574145,7.0,0.0887933942758492,15.0,3.3333333333333335,10.0,-3.3333333333333335,1.5474420531109099,1.4353419901802755
66.601,11.992635093509739,-0.8461221045089014,-2.1565161097814687,0.9966815666719994,-0.049414701663423086,12.005852274808532,-0.7601218803597493,-2.1685314104663127,0.996633897494609,-0.039431777317563324,0.031570891101545394,0.1564432448294731,0.1623600637548196,0.013591545021647482,nan,nan,nan,0.9970189820265526,-2.2438602829352607,7.0,0.05914292525340281,15.0,3.3333333333333335,10.0,-3.3333333333333335,1.529061929755429,1.4604165509506792
66.65100000000001,11.970807368269387,-0.8794966301071295,-2.158429679646078,0.9970663103839108,-0.046826318623690424,11.972130406256822,-0.8095201833855875,-2.1718883852725632,0.9972612952256611,-0.043313167533084375,0.03156924898208816,0.15864047360893566,0.16474278222507827,0.01389582981385804,nan,nan,nan,0.9971031944791434,-2.2446655707705014,7.0,0.06075494806267567,15.0,3.3333333333333335,10.0,-3.3333333333333335,1.529061929755429,1.4713229370643401
66.7,11.948907298960725,-0.9128402895753541,-2.1602376820318603,0.9973903264170548,-0.04419064616796838,11.949517308358057,-0.8423889332844269,-2.173575240632814,0.9975979747491605,-0.04037460172288093,0.03157313127921763,0.1600671301392619,0.16630893117287182,0.013580666155493124,11.717597762999334,-1.4076446251785022,1.339213226042133,0.9972553588165329,-2.2459950329149363,7.0,0.06341643503681027,15.0,3.3333333333333335,10.0,-3.3333333333333335,1.5245051918304613,1.4752127828208121
66.75200000000001,11.915926824029883,-0.962795328817253,-2.1627639588272296,0.997785664082676,-0.040738599836184476,11.890204549861702,-0.9496513684749642,-2.1763169163208307,1.0016731993343624,-0.03272418176093131,0.031569010841009576,0.1546496864150389,0.16018720845579065,0.013881404697499189,nan,nan,nan,0.9973195641889185,-2.2468095785319657,7.0,0.06504720665710195,15.0,3.3333333333333335,10.0,-3.3333333333333335,1.5244828188504047,1.4747241430432658
66.8,11.882803359495679,-1.0126676816359792,-2.165146522940799,0.9977007940792714,-0.03938127889636583,11.867749823114655,-0.9828051090557012,-2.1773132280235665,1.0010428008810783,-0.043093082611974594,0.03152831155714781,0.1561080031780081,0.16177752875820564,0.013567955193154594,nan,nan,nan,0.9968862629567561,-2.2552517537422756,7.0,0.08195446097434012,15.0,3.3333333333333335,10.0,-3.3333333333333335,1.5285252057120762,1.4547553469942833
66.85000000000001,11.86065094033701,-1.0458606722319925,-2.166703300299416,0.9975805403134675,-0.03860535344082289,11.83348299934402,-1.0321142221004356,-2.178358702138462,1.0002853334019548,0.01596092260948834,0.03153557144362535,0.15831538628241798,0.16415956055373543,0.013872733016902571,nan,nan,nan,0.9968889224802585,-2.2562143305920284,7.0,0.08388292392514485,15.0,3.3333333333333335,10.0,-3.3333333333333335,1.525573920863901,1.4594113763602075
66.9,11.83844277577394,-1.0790125847926089,-2.1682575769210484,0.997529490572681,-0.03949432454306137,11.80614406938661,-1.062122918798934,-2.1858293679482386,0.9999233072387371,-0.04919041776203136,0.03200525014030466,0.1597492695415202,0.16572467652251396,0.013560330778297039,nan,nan,nan,0.9968858813994603,-2.257298378261588,7.0,0.08605493273547671,15.0,3.3333333333333335,10.0,-3.3333333333333335,1.550687151191853,1.436376285085765
66.95,11.805025078248304,-1.1286690016927832,-2.170648106496262,0.9975921715751873,-0.0386141921696547,11.775957141480331,-1.050728007913904,-2.1882920783395874,0.9963530708977182,-0.048803531826958096,0.032018993273342955,0.1542589239290827,0.15954624234339068,0.0138613594371224,11.799152732076784,-0.4749858139236627,1.3112848065836393,0.9975831058343686,-2.255368829500466,7.0,0.08218900678864882,15.0,3.3333333333333335,10.0,-3.3333333333333335,1.5141435660867582,1.4794590213750598
67.0,11.782674007945841,-1.1617361686279144,-2.172098105189316,0.9979839420237191,-0.034336445310856896,11.75179119758108,-1.0825342053679985,-2.191437003056598,0.9971396888499471,-0.03810002218925263,0.03213901834624199,0.15572500830518404,0.16113388448462623,0.013550307354626841,nan,nan,nan,0.9986689624816966,-2.23989310352257,7.0,0.05120251793260788,15.0,3.3333333333333335,10.0,-3.3333333333333335,1.4974012797067422,1.5157065251028898
67.05,11.749030456099328,-1.2113059358447804,-2.173905519863774,0.9987520225219123,-0.0273417354963099,11.716929599406422,-1.1311812519040372,-2.1952028792858322,0.9981149129207686,-0.06154153999008931,0.03213382384373225,0.15794447965283495,0.16351250786008242,0.013855474096382957,nan,nan,nan,0.9988322525042242,-2.239768666362215,7.0,0.05095348128566268,15.0,3.3333333333333335,10.0,-3.3333333333333335,1.4965354382887668,1.5156026449737912
67.10000000000001,11.726529404031796,-1.2443305381101368,-2.174886213268575,0.9991516040424445,-0.02260903542452695,11.694472761610193,-1.1641500150089308,-2.1949609106219086,0.9986137449434126,-0.025741952871422617,0.032041360570434704,0.1593870510323593,0.1650757506188193,0.01354514262885327,nan,nan,nan,0.9989779837227931,-2.2404177089521995,7.0,0.052252430667560024,15.0,3.3333333333333335,10.0,-3.3333333333333335,1.4818510012790407,1.5285697748258191
67.15100000000001,11.69268335731492,-1.2938332615269137,-2.176024618928029,0.9996032780850955,-0.01714610252512414,11.744619735035752,-1.160691786141933,-2.1961813484200343,0.9930177983976464,-0.03218770017682048,0.03201753748261395,0.15382932118025086,0.15885288180707824,0.01384638964419068,12.54633617896965,-0.7348354230869977,3.522867431239041,0.9989253799059147,-2.2413249617243918,7.0,0.054068218293512604,15.0,3.3333333333333335,10.0,-3.3333333333333335,1.4971757263998522,1.5113435254323249
67.2,11.670061719379113,-1.3268135915011707,-2.176678932920439,0.999964365027262,-0.0164280822572276,11.72411823203888,-1.194710817241641,-2.1935334118618997,0.9943392004785147,-0.021239830990074107,0.03170420171242916,0.15530177360990685,0.16044009416428745,0.01353714223417603,nan,nan,nan,0.997943799665787,-2.2603203440594566,7.0,0.09211085971376143,15.0,3.3333333333333335,10.0,-3.3333333333333335,1.5261743613026084,1.4915325346121877
67.25,11.636046825753024,-1.3762618447614074,-2.1777131718165808,1.0004397123586979,-0.018148973712984642,11.689295072888426,-1.243194713124386,-2.194659415887451,0.995858567539209,-0.028248766852190257,0.031703475624868256,0.1575283873801339,0.16282124771500864,0.013842630447385986,nan,nan,nan,0.9976350651474493,-2.2623210211192215,7.0,0.09612107597608821,15.0,3.3333333333333335,10.0,-3.3333333333333335,1.5347370878295554,1.476703248843466
67.3,11.613323491806863,-1.4092080872339083,-2.1784704561198596,1.000587453508102,-0.019294627555132695,11.669404665887658,-1.2777681618793433,-2.18970891517395,0.996561443623706,-0.002380280461522341,0.031339017534474094,0.15897530957126355,0.16438763583142488,0.013533854077247512,nan,nan,nan,0.9976700942499964,-2.2629354886511464,7.0,0.09735288618537208,15.0,3.3333333333333335,10.0,-3.3333333333333335,1.529413778638952,1.4778389370957972
67.35000000000001,11.579177576257267,-1.4585928888066144,-2.1797082988431065,1.0006385460446459,-0.02227361846085539,11.63471532901492,-1.326491405413773,-2.190209701486849,0.9972941227646804,-0.030712604548105985,0.03133636529015696,0.16116380582977002,0.1667366165302947,0.013839450524232714,12.010080021990783,-2.0252746554026215,2.2825824492062563,0.9971409273431259,-2.265345362463329,7.0,0.10218462983773247,15.0,3.3333333333333335,10.0,-3.3333333333333335,1.5480261683946026,1.4529190496889688
67.4,11.556377277180077,-1.4914872950909428,-2.1806542037599996,1.0005283378414724,-0.024196331613405325,11.63744180547312,-1.4233267630270294,-2.1975070483248786,0.999907939437192,-0.014658965210848193,0.03183866605431565,0.1548271168581755,0.15972377206176241,0.013527360421644022,nan,nan,nan,0.9971228773385127,-2.2660846428061845,7.0,0.10366710646019994,15.0,3.3333333333333335,10.0,-3.3333333333333335,1.536254958184284,1.4623394672448544
67.45100000000001,11.522130061115629,-1.540774664188235,-2.1822260859513882,0.9999209746957822,-0.028685972791774685,11.602231421513654,-1.4718935181761426,-2.199814096151973,0.9992850689532836,-0.05176090472656136,0.03183446798210151,0.15706031601076123,0.16210770175702796,0.013833099701452852,nan,nan,nan,0.9951975349029003,-2.296257010925919,7.0,0.16428717487305677,15.0,3.3333333333333335,10.0,-3.3333333333333335,1.5570475109465436,1.4181342170214544
67.5,11.499274368438552,-1.5735803450411239,-2.183468146117742,0.9993393035149103,-0.03220140539859909,11.580037379972119,-1.5050977214566932,-2.1998733728544693,0.998817718436998,-0.048004317489667596,0.03168759683272433,0.1585128455868535,0.16367519653556845,0.013525482992533045,nan,nan,nan,0.9953226131735096,-2.296571914502732,7.0,0.1649212481166087,15.0,3.3333333333333335,10.0,-3.3333333333333335,1.5497435723550999,1.4280700721781872
67.55,11.464947200916177,-1.6227132516301672,-2.185542143519243,0.9986500118647313,-0.036255292729485425,11.544727901679684,-1.553505125444656,-2.2020551365248395,0.9982346782885972,-0.013471325895803948,0.0316919424873641,0.160710790136012,0.16602446718749503,0.013831295660273793,12.410147579783512,-1.4151134930171403,2.7779966738652577,0.9952238538241236,-2.2976481441845324,7.0,0.1670885368517112,15.0,3.3333333333333335,10.0,-3.3333333333333335,1.5534775859617955,1.4247702093441545
67.60000000000001,11.442027135295566,-1.6554195268849417,-2.1870681623326576,0.9983089566878931,-0.03947072336387836,11.604872224095867,-1.5671766901229225,-2.2004738617918234,0.993949387500358,-0.046469762723316,0.031465352733447395,0.1544423539133745,0.15911660342129622,0.013520250115399776,nan,nan,nan,0.995396624491755,-2.2980437993407206,7.0,0.16788539661054047,15.0,3.3333333333333335,10.0,-3.3333333333333335,1.5665846341841296,1.4146493032057854
67.65,11.407584973181228,-1.7044018957058056,-2.1896719860943863,0.9976322458908651,-0.04710973594174449,11.569717689537722,-1.6153572855929708,-2.2020853317609954,0.9940340782191178,-0.02254833590709631,0.031469507943214965,0.15668216651098033,0.16150431049202976,0.013826187203972863,nan,nan,nan,0.9921402880774043,-2.325933252845796,7.0,0.22420379335044816,15.0,3.3333333333333335,10.0,-3.3333333333333335,1.5916165958103503,1.3764132356692012
67.7,11.384580379606197,-1.7369942953825654,-2.1917080953191705,0.9971242250981781,-0.053236817269921265,11.542795280050075,-1.6450915412395621,-2.208994927136415,0.9939994156328719,-0.058284878826024525,0.03184979004183492,0.15814032005354622,0.1630740021998277,0.013519423883041462,nan,nan,nan,0.992292703561861,-2.3263207312238063,7.0,0.22498852298596006,15.0,3.3333333333333335,10.0,-3.3333333333333335,1.600407074987544,1.3684961941722762
67.75,11.3499929260258,-1.7857894884965397,-2.195138479423732,0.9966605442716006,-0.058829922050800586,11.507212355109306,-1.6929552603237734,-2.212102039561275,0.9941679391042288,-0.057889857912072615,0.031850440366537,0.16034767471087447,0.1654258947068177,0.013825414682619023,nan,nan,nan,0.9933373044627883,-2.3244947738544024,7.0,0.22129114878379808,15.0,3.3333333333333335,10.0,-3.3333333333333335,1.5777854617335905,1.3995154750207552
67.8,11.315286280344827,-1.8344798618780767,-2.1987580919397973,0.9964534471014037,-0.06124064562670386,11.433931854315208,-1.7137278293200033,-2.2097511089411457,0.9957780600019135,-0.05291004845047951,0.031482385189661115,0.15400885643856083,0.15846842649035364,0.01351497426891977,10.92075880733406,-1.5345841093337356,1.3112784632039245,0.9936766203535219,-2.3246191946542956,7.0,0.22154304028170957,15.0,3.3333333333333335,10.0,-3.3333333333333335,1.5527515293622152,1.43859488505427
67.85000000000001,11.292070270982503,-1.86688460780219,-2.2011788911156613,0.9966022899109328,-0.05986341334869949,11.398250743925322,-1.761661765091487,-2.2122015738917744,0.9962313291750773,-0.03491135645727874,0.03148445860509347,0.15625832435749573,0.16085672840655016,0.013821069735424458,nan,nan,nan,0.9957697277050268,-2.3017647839902176,7.0,0.17538218104416892,15.0,3.3333333333333335,10.0,-3.3333333333333335,1.5527515293622152,1.43859488505427
67.9,11.268784628782116,-1.899248311615163,-2.2035418347773,0.9967749467874987,-0.05872990335106739,11.373271285506366,-1.7928026608676548,-2.2169004886587813,0.9964945523227615,-0.08369314968294775,0.03160398770582316,0.1577234589155165,0.1624269239142904,0.013514942587977117,nan,nan,nan,0.9959823276411108,-2.301871697420103,7.0,0.17559765419515028,15.0,3.3333333333333335,10.0,-3.3333333333333335,1.557046546929757,1.4346249023541986
67.95,11.2337209568164,-1.9477122177248338,-2.206983814572687,0.9970478572126291,-0.05551999121796706,11.337221628382446,-1.8405116683171476,-2.2209018881774787,0.9969026061075774,-0.07959455383820462,0.03160354533822637,0.15994029246540584,0.16478015733956006,0.013821072837621188,nan,nan,nan,0.9964466164665083,-2.3012271149672032,7.0,0.1742986249256857,15.0,3.3333333333333335,10.0,-3.3333333333333335,1.5313978239681818,1.4631888393697938
68.0,11.2102536012592,-1.9799675473377318,-2.2091227329043317,0.9972566014259284,-0.05223758223579248,11.315873489197925,-1.8742122863076982,-2.220554530775966,0.9971902989322411,-0.07498739742579551,0.03129587783178395,0.16138164423579274,0.16632437852180268,0.013514963949525843,10.897983897654456,-1.4084584730493193,1.4247383817248254,0.9967723586373062,-2.3012682883307254,7.0,0.17408430369624517,15.0,3.3333333333333335,10.0,-3.3333333333333335,1.5281841780275234,1.4677733312173338
68.051,11.174916161406573,-2.028267804644249,-2.2121225824649358,0.9974757264401403,-0.04880852155333297,11.243446861707334,-1.87827152963183,-2.2236535467124106,0.9967062587571653,-0.03265379141663923,0.031327121068123506,0.15579623438256546,0.1601659537647372,0.013817273103648624,nan,nan,nan,0.9964686271397801,-2.3046194253762997,7.0,0.1772261631429588,15.0,3.3333333333333335,10.0,-3.3333333333333335,1.5343326526397194,1.458299948412339
68.10000000000001,11.139413896336125,-2.076475497607132,-2.2148829843779874,0.9981030437996138,-0.04338611847144626,11.220770036556837,-1.9110398400433162,-2.224487862272001,0.9973870949367208,-0.07464939575935432,0.031141560346432184,0.15726849290312378,0.16173532206933108,0.013511625456891278,nan,nan,nan,0.9985271003457354,-2.277935428930692,7.0,0.12172040714496557,15.0,3.3333333333333335,10.0,-3.3333333333333335,1.515858158846658,1.4947647881359256
68.15,11.115652614475408,-2.108573941460627,-2.2164949411442443,0.9985113589676171,-0.038364883082003136,11.184341164037193,-1.9585397528044368,-2.2267080095893483,0.9981863428871101,-0.04265419993635587,0.03114484649940022,0.15949454074555394,0.16408888670600935,0.013817874738996776,nan,nan,nan,0.9984542901093244,-2.28009556422182,7.0,0.12323993327145999,15.0,3.3333333333333335,10.0,-3.3333333333333335,1.50004108966664,1.508010666215968
68.2,11.091822467635215,-2.140638723077985,-2.217927240578585,0.9988286573114463,-0.03461978432769723,11.160036708119666,-1.9902180914727448,-2.228746496868992,0.9985610626738135,-0.005949952360132784,0.03113970179196728,0.16094275561045937,0.16563327233255934,0.01351217425312391,11.062244008301082,-2.438407719486413,0.7563255447226992,0.9984767129708716,-2.281910797928273,7.0,0.12259678291241682,15.0,3.3333333333333335,10.0,-3.3333333333333335,1.5114058214781982,1.4944419543184218
68.25,11.05595769890029,-2.188671025807197,-2.2198958126756883,0.9991870080888943,-0.03207428326102735,11.110979689875453,-2.082703434392324,-2.230297513103374,1.0015622619841105,0.006030862210848826,0.031133160966147162,0.1554275213007897,0.15957633545813033,0.01381463671752992,nan,nan,nan,0.9977675548673361,-2.297129784690137,7.0,0.13840581253575746,15.0,3.3333333333333335,10.0,-3.3333333333333335,1.540936648997937,1.4489235717527182
68.301,11.019967431261215,-2.2366179348242206,-2.2218549010649506,0.9990597766952167,-0.03363222571806628,11.085976926680578,-2.114029870928156,-2.2324871063268694,1.0011108916692133,-0.030653949777574678,0.031180664239420022,0.1569063228261479,0.16114587309474068,0.013509332154472638,nan,nan,nan,0.9977675548673361,-2.297129784690137,7.0,0.13840581253575746,15.0,3.3333333333333335,10.0,-3.3333333333333335,1.540936648997937,1.4489235717527182
68.35000000000001,10.995914550718002,-2.2685284461720894,-2.2232031556004084,0.9989359280740711,-0.03353739855764402,11.049035977442218,-2.161379559441268,-2.234030910240246,1.0005800485194947,-0.0063022575199571254,0.03118348953890417,0.15914153737832512,0.16349957390376363,0.013815675744166632,nan,nan,nan,0.9978269790809968,-2.2984235663272,7.0,0.13719946390135673,15.0,3.3333333333333335,10.0,-3.3333333333333335,1.5260810818438482,1.4654439243486612
68.4,10.959748658731513,-2.3163198982068893,-2.225230609681938,0.9988160407964539,-0.034259919618963706,11.02638693414263,-2.194361838959541,-2.2327677954600937,1.000318536170195,-0.040923453134237085,0.030957041382043752,0.16059546091901616,0.165044443207706,0.013510271897784679,nan,nan,nan,0.997764615027964,-2.3009071884436665,7.0,0.13605651761853554,15.0,3.3333333333333335,10.0,-3.3333333333333335,1.5380425650437644,1.4544358363511793
68.45,10.9355816661885,-2.3481326839020693,-2.2266031411293197,0.9987130800106765,-0.034274941390556535,10.958054759042847,-2.24771678802805,-2.2342792455520097,1.0014492454373876,-0.019144474038048077,0.030970543702684577,0.15500671919875805,0.15893677861975972,0.013809792934465787,10.683950334917446,-2.2474102096755026,0.39919992504674806,0.997446394349888,-2.3042477675889343,7.0,0.13772665068982937,15.0,3.3333333333333335,10.0,-3.3333333333333335,1.530506133768808,1.4600704800700979
68.5,10.911370715521654,-2.3799079131285823,-2.2279597271094396,0.9986598563526922,-0.0335279471365701,10.93373424345764,-2.2795278755457433,-2.234442829283145,1.0010975705687906,-0.015777154026443852,0.030929560097900852,0.15648996596126713,0.16050674415178162,0.013579457709727115,nan,nan,nan,0.9982257463676065,-2.293857405030625,7.0,0.11507388005110775,15.0,3.3333333333333335,10.0,-3.3333333333333335,1.5230002809968148,1.4702511003770433
68.55000000000001,10.874971499530663,-2.427505035741937,-2.2299300560059376,0.9986248197070289,-0.03253487716147563,10.896700647917184,-2.3268069288664286,-2.2356266298075855,1.000651530264445,0.016871688576840543,0.03093362443970032,0.15873079359665535,0.16286253253069452,0.013884249538454258,nan,nan,nan,0.9981148136654556,-2.2958558401806277,7.0,0.11470412009355746,15.0,3.3333333333333335,10.0,-3.3333333333333335,1.527416169707518,1.4658544487128857
68.60000000000001,10.838473676727652,-2.4750245694805515,-2.2319145278022083,0.9986074412074247,-0.033857347355190526,10.875413953015391,-2.3608174459042433,-2.2314205252860773,1.0004126944690401,-0.011560044679786713,0.030547746787726583,0.1601885313783523,0.164409437924706,0.01357061775967139,nan,nan,nan,0.9980207645503499,-2.2985533918402754,7.0,0.1134446756536045,15.0,3.3333333333333335,10.0,-3.3333333333333335,1.543288425560498,1.4504371094572903
68.65,10.814088359436747,-2.5066601052604445,-2.233303285461384,0.9985087812895312,-0.035242187600939015,10.752740371375728,-2.4689429035633896,-2.2344992283772402,1.0067471526189908,-0.03853692661222235,0.03056084064668385,0.15453229331369758,0.15826099590675033,0.013871508594580665,9.985654990051357,-2.9426416621075497,3.775155702694936,0.9973892328355566,-2.303696440687261,7.0,0.11682162995485879,15.0,3.3333333333333335,10.0,-3.3333333333333335,1.5440602809129123,1.4451841321555132
68.7,10.789664466553393,-2.5382566387809504,-2.234690696353547,0.9982474184154047,-0.0335697187198387,10.72567577352646,-2.498972000343748,-2.2396447151308916,1.005383301356096,-0.06964590621353471,0.03082400930438908,0.15601916570896102,0.15983228945051453,0.013559377338577245,nan,nan,nan,0.9986083778443258,-2.2872618106531504,7.0,0.08355803923861638,15.0,3.3333333333333335,10.0,-3.3333333333333335,1.4994298853112284,1.4801476156528395
68.75,10.752963297244792,-2.5855749163268404,-2.2365079743931715,0.9979297025174173,-0.027406133669700673,10.688254996147798,-2.5462413566351376,-2.241705925115365,1.003806874416369,-0.02768400674299278,0.03082796926546223,0.1582661304844922,0.16218947836920988,0.013864545255176849,nan,nan,nan,0.9988960043645093,-2.2866383068154668,7.0,0.07992381902741696,15.0,3.3333333333333335,10.0,-3.3333333333333335,1.4816011582865498,1.5040431081663697
68.80000000000001,10.72844919563305,-2.6170768359851033,-2.2375190177283644,0.9978772999024319,-0.024435959615391932,10.657248820416942,-2.573163361355184,-2.250925401789065,1.0030727212265975,-0.00951704905603421,0.03151441644821334,0.15973035227240767,0.16373543437988175,0.01355324854780594,nan,nan,nan,0.998867516940612,-2.289302077836859,7.0,0.07834881089932111,15.0,3.3333333333333335,10.0,-3.3333333333333335,1.5016550108823763,1.488243796547791
68.85000000000001,10.691604943973259,-2.664275830454303,-2.238856876374696,0.9980115462233018,-0.02035621832494808,10.619385119377156,-2.619921837846711,-2.253140450962445,1.0023134630804655,-0.034328543158776335,0.031510431848461834,0.16194543477652645,0.16605267570849644,0.013858561487101607,11.494684443660104,-3.1221274631312816,3.707410035021148,0.9994626322850324,-2.283710027735044,7.0,0.0696970731466644,15.0,3.3333333333333335,10.0,-3.3333333333333335,1.490258872108598,1.5064208256915315
68.9,10.667780512252286,-2.69489806411918,-2.2417843087346676,0.931602611950267,-0.1473741372756673,10.677538158200585,-2.696093398091596,-2.2497824071548407,0.884059341317426,-0.18956635472835237,0.031097961798961588,0.15551384698340662,0.15911319697460397,0.013544257708854123,nan,nan,nan,0.3,2.646902251240611,8.0,-0.9235549927936988,10.0,-3.3333333333333335,5.0,3.3333333333333335,1.188517188776207,-2.8403770255000858
68.95,10.636456164968765,-2.734469098136972,-2.260499623751135,0.7828935027199165,-0.4135784406078596,10.645997350341359,-2.7348839715357394,-2.2643876961249343,0.7414623766779175,-0.4141854815005055,0.03110754783102861,0.15776844120834485,0.1614686135883044,0.013849714891641447,nan,nan,nan,0.3,2.6472399289209743,8.0,-0.9243744877055107,10.0,-3.3333333333333335,5.0,3.3333333333333335,1.3006631273063816,-2.6269635658070136
69.0,10.618008326199806,-2.757295888002565,-2.28003869474512,0.7068139098836037,-0.5282012063891479,10.622086529741642,-2.753023282266861,-2.28925758529356,0.6715455348009152,-0.5319322467649532,0.031735314717062924,0.15924637397505945,0.16301812869556698,0.013540121479309008,nan,nan,nan,0.3,2.627071883653522,8.0,-0.8758674973516436,10.0,-3.3333333333333335,5.0,3.3333333333333335,1.4289771272228782,-2.3495597906388808
69.05000000000001,10.593109732458048,-2.787447378175874,-2.315755252978355,0.6147870922860965,-0.633832156715371,10.596490537198967,-2.781685501642783,-2.324005567026531,0.5836762026926101,-0.6531783265638649,0.031731126362384454,0.161503840366197,0.16534949524354917,0.013845551803723351,10.911238957735502,-2.6659529644686826,0.4050781315728122,0.3,2.6144114559744143,8.0,-0.845855254433197,10.0,-3.3333333333333335,5.0,3.3333333333333335,1.4660484346578593,-2.1954578491829007
69.10000000000001,10.5779979281003,-2.8052548525151098,-2.342158803548794,0.5655397288387854,-0.6726340665711472,10.613037341099952,-2.7858906026636303,-2.3479149534241244,0.5370793303013641,-0.6849959624173271,0.031500761156243125,0.15518554880380958,0.15852802662638038,0.013533019388289378,nan,nan,nan,0.3,2.59832517970714,8.0,-0.8081811287735041,10.0,-3.3333333333333335,5.0,3.3333333333333335,1.5210738104371222,-2.0010590387718787
69.15,10.557005345807937,-2.8291560138400476,-2.3837283188070244,0.5045340626355961,-0.7035667967339936,10.5909858611738,-2.8077221464875146,-2.3896774419160116,0.48068619954211367,-0.7034475430243545,0.03149815150558851,0.157561039854714,0.16091567716394264,0.013838506507836612,nan,nan,nan,0.3,2.60292180354638,8.0,-0.8188955112817835,10.0,-3.3333333333333335,5.0,3.3333333333333335,1.5362178088208667,-1.8882663864969536
69.20100000000001,10.537571198137886,-2.850177141005071,-2.4263996225060374,0.4561354761325605,-0.715329558497303,10.578060028688581,-2.8213334008981943,-2.4173122115110366,0.4517674247031083,-0.7198632831691616,0.03135964050578852,0.15915203231515668,0.16249158606642958,0.013530138003361274,nan,nan,nan,0.3,2.5896879792435503,8.0,-0.7881554010465317,10.0,-3.3333333333333335,5.0,3.3333333333333335,1.572635820874893,-1.764539316250334
69.251,10.525264186467332,-2.8628340060861928,-2.455037510914291,0.4294196269645726,-0.7169368415926206,10.558102644894698,-2.8384840807728637,-2.461117531542984,0.4142586378153323,-0.7046958113988752,0.031355777742337734,0.16161231150802485,0.16485985732235298,0.013835664909955876,nan,nan,nan,0.3,2.5816529810018447,8.0,-0.7696479824119484,10.0,-3.3333333333333335,5.0,3.3333333333333335,1.5826749450012563,-1.6954104870948368
69.30000000000001,10.51335830742025,-2.874538466650382,-2.4836664257191994,0.4075138862236921,-0.7153615045028445,10.535396387540512,-2.83310288046444,-2.490896850066445,0.3961621532653957,-0.7124142341248249,0.031391440339437755,0.15529160914923504,0.15798544515494087,0.013524868620019947,10.437226831657384,-2.6790103600115294,0.14582489758771267,0.3135190889643692,2.5701681604561735,8.0,-0.7433916674520398,10.0,-3.3333333333333335,5.0,3.3333333333333335,1.6355977712400342,-1.5701791359652617
69.35000000000001,10.495953775810515,-2.8906202552608513,-2.526352547456634,0.3836183970781703,-0.7090597644511138,10.516650376582833,-2.8469624391856976,-2.5344522242390455,0.37615135299556757,-0.708993903732119,0.03138175805330102,0.15793243646514152,0.1603887880753583,0.01383049489391065,nan,nan,nan,0.3354647051757513,2.563590607081766,8.0,-0.7284553817537458,10.0,-3.3333333333333335,5.0,3.3333333333333335,1.6876121159952644,-1.4546717360824248
69.4,10.47870537157271,-2.905300643104002,-2.568524865142105,0.3708609786930905,-0.6989406523749669,10.504474648744623,-2.8555949981001523,-2.5616284063430466,0.37107903700236855,-0.680413210977294,0.031354790769746885,0.1597282307911146,0.1619686463365164,0.013523074479444957,nan,nan,nan,0.36657441850708883,2.5532612120644185,8.0,-0.7051428377548477,10.0,-3.3333333333333335,5.0,3.3333333333333335,1.7589550783642103,-1.2983418192706468
69.45,10.467083383959535,-2.9144916319710905,-2.596297613804314,0.36702854909643406,-0.6924212325075602,10.485789609079804,-2.8674873690804135,-2.6032754390618353,0.3671508291961258,-0.7014235695297371,0.03134146718717248,0.16251820449801124,0.16432645940943813,0.01382876599578048,nan,nan,nan,0.3855925267877082,2.5466104981814905,8.0,-0.6902227201356067,10.0,-3.3333333333333335,5.0,3.3333333333333335,1.8057862053541949,-1.2245483058478515
69.5,10.45525183480534,-2.923290539231932,-2.623788817575948,0.36696539167846665,-0.6841459154379018,10.474049173135933,-2.8757557185064266,-2.627482445032566,0.37025937512685064,-0.6338593953945285,0.031207340011628157,0.16441802907226433,0.16586946767056127,0.013521560259841914,11.20733754875312,-2.6177366042058026,2.167786302971985,0.41468533061717955,2.5367105131602243,8.0,-0.6681392658155951,10.0,-3.3333333333333335,5.0,3.3333333333333335,1.844026095780106,-1.0856909790369964
69.55000000000001,10.436898798604606,-2.9359026887776074,-2.6644406173194652,0.3713085192125506,-0.6742365195556269,10.528800341279034,-2.854169320172459,-2.669644578762583,0.36657284930686357,-0.6987204673526889,0.031167690602527047,0.1591085165807861,0.15972659301558925,0.013825142097845312,nan,nan,nan,0.4307592897874001,2.5302404927355253,8.0,-0.6537859074048905,10.0,-3.3333333333333335,5.0,3.3333333333333335,1.8926608385821302,-1.0491512425991538
69.60000000000001,10.424124763448809,-2.9439836818572394,-2.691161622980963,0.38047782936324326,-0.6624822586323404,10.515203338090574,-2.8604930101901185,-2.6975142569053947,0.3812859634893264,-0.65995763622538,0.03123248021653106,0.1611485811064347,0.1612677237982006,0.013518360348498184,nan,nan,nan,0.4907187044170274,2.5556588105309745,8.0,-0.7105386809197518,10.0,-3.3333333333333335,5.0,3.3333333333333335,1.954438687593668,-0.7433220006235518
69.65,10.403709074047434,-2.9558498981749577,-2.7302301819250374,0.40016391186152367,-0.6443731987263822,10.494024703116947,-2.870227876310451,-2.736881771676721,0.4034693673567529,-0.6440136185323694,0.03122645542195318,0.164304662679966,0.1635470902242991,0.013824163788499714,nan,nan,nan,0.5092002613503046,2.549130029618789,8.0,-0.6958668643583881,10.0,-3.3333333333333335,5.0,3.3333333333333335,1.9796865386358067,-0.6954271329979359
69.70100000000001,10.381694116897801,-2.967395641693689,-2.768381110015688,0.42177391105647777,-0.630115070880961,10.477586362883175,-2.875228506769382,-2.766276174564403,0.4199737757617691,-0.6571251609229305,0.03147561130712856,0.16644936240434655,0.16502673560384273,0.013517519491097472,9.942603948755368,-2.944042697285919,1.044953307574807,0.5526563404603325,2.5316610060145304,8.0,-0.6569319862449107,10.0,-3.3333333333333335,5.0,3.3333333333333335,1.9954503081796084,-0.5479768524307512
69.89200000000001,10.381694116897801,-2.967395641693689,-2.768381110015688,0.42177391105647777,-0.630115070880961,10.477586362883175,-2.875228506769382,-2.766276174564403,0.4199737757617691,-0.6571251609229305,0.03147561130712856,0.16644936240434655,0.16502673560384273,0.013517519491097472,nan,nan,nan,0.5526563404603325,2.5316610060145304,8.0,-0.6569319862449107,10.0,-3.3333333333333335,5.0,3.3333333333333335,1.9954503081796084,-0.5479768524307512
69.9,10.33279522174623,-2.989293802247565,-2.8425767581392782,0.4626948872609927,-0.6115651954976784,10.371350431711528,-2.903541122953019,-2.8455583065102723,0.47160540197741363,-0.6140728027782869,0.03182551232658454,0.1645429919429845,0.16105954543544637,0.013617703856978951,nan,nan,nan,0.592344461693742,2.4766704563140776,8.0,-0.5371282098625405,10.0,-3.3333333333333335,5.0,3.3333333333333335,1.9913057882326355,-0.47373425863795604
69.95,10.277919682314785,-3.0089293254352585,-2.915025533808931,0.5025959032871155,-0.5965034324758302,10.278731543495981,-2.985916606327792,-2.928313544075058,0.5277592275418239,-0.5821303762560318,0.03179655618245864,0.16342861742365677,0.15761525928869768,0.013819399886131163,10.141280136942923,-3.5580020471216693,1.5954083420270582,0.6043417816210229,2.4681805131433863,8.0,-0.518964599050707,10.0,-3.3333333333333335,5.0,3.3333333333333335,1.9999725502513845,-0.44338890072329695
70.0,10.258343431949518,-3.014871507503067,-2.9388290320460646,0.5134861084687379,-0.5943563817803407,10.256438169407591,-2.988417296385491,-2.9561223958912404,0.5368574762347205,-0.575355393888921,0.0321785781208887,0.1657602600501851,0.15898725916483128,0.013513346553797882,nan,nan,nan,0.5993461019363,2.426759422815659,8.0,-0.4314352710001098,10.0,-3.3333333333333335,5.0,3.3333333333333335,1.9612337155760167,-0.5180778822124936
70.051,10.228030798658573,-3.023079679048018,-2.9744411891941187,0.5280101331285433,-0.5919060653535749,10.224447163610467,-2.9940316516039136,-2.991770454993916,0.5510038571830891,-0.5899537341762303,0.03216939112704027,0.16927236331811324,0.16100565662462948,0.01381931345868203,nan,nan,nan,0.6140935781938222,2.4175035530266853,8.0,-0.4121001576947785,10.0,-3.3333333333333335,5.0,3.3333333333333335,1.9763356871706865,-0.46183254401250085
70.10000000000001,10.207170553942673,-3.028060184084125,-2.9980497998305693,0.5386058980054645,-0.5881756803351978,10.20286053701232,-2.9976551981383124,-3.0144741179019228,0.5618961073748346,-0.5749842399244788,0.03208115459520312,0.17160660372459827,0.16231256515959985,0.013513273024506913,nan,nan,nan,0.6310880876290591,2.4035736348217736,8.0,-0.38313873992602554,10.0,-3.3333333333333335,5.0,3.3333333333333335,1.9782911505734169,-0.39192239786026883
70.15,10.174874541945726,-3.034760419718112,-3.033149789615612,0.5548069203694055,-0.5824221472899775,10.101747181070328,-3.055228607889975,-3.0489258464962696,0.5901778526095698,-0.5744140664901218,0.03207332448995479,0.16535171074643476,0.1560622951349092,0.013817884173556396,9.606194474284075,-3.493701885193937,2.032684418941028,0.6413562103376531,2.39417946562446,8.0,-0.3636953107268688,10.0,-3.3333333333333335,5.0,3.3333333333333335,1.9879373532213567,-0.3630686267181824
70.2,10.141589309686957,-3.040464303853919,-3.068104940076585,0.5642460711815953,-0.5832332412870673,10.079619105312378,-3.0594395419208538,-3.0681370654780866,0.5938632297748021,-0.6014369716328162,0.03163399548643703,0.16766706737023274,0.1573752218376075,0.013512017035414926,nan,nan,nan,0.624376348582573,2.3377960088859693,8.0,-0.24826058012227764,10.0,-3.3333333333333335,5.0,3.3333333333333335,1.9285259892379956,-0.49769594839943576
70.25,10.119043437348429,-3.0436552528307472,-3.0914403419326537,0.5694996640700782,-0.5826307774786079,10.043945555239334,-3.0616566335201956,-3.1023697084800506,0.5997256636795796,-0.56223697762685,0.0316402204601752,0.17112410976974152,0.15931934791246713,0.013818023704322394,nan,nan,nan,0.6315657716556783,2.3278229801091053,8.0,-0.22803155909739062,10.0,-3.3333333333333335,5.0,3.3333333333333335,1.9245009673578555,-0.4560252401130762
70.301,10.0846579254518,-3.047501376308376,-3.1263448606800592,0.5791034436228246,-0.5803406151936736,10.018453669940873,-3.0599462468832823,-3.131805894337272,0.6056055532336965,-0.5856869023603104,0.03209392843581933,0.17340748736624229,0.16058292771528954,0.01351214814654665,nan,nan,nan,0.646537586082533,2.313056334324777,8.0,-0.19816246407935026,10.0,-3.3333333333333335,5.0,3.3333333333333335,1.9524377714808003,-0.40105043954199415
70.351,10.06130197524015,-3.0494239004386228,3.1337213946931723,0.5871687670201515,-0.5758562386295469,9.981933363798758,-3.05988001899611,3.1174236276060263,0.6156566635842944,-0.5489379571288168,0.03209740760733962,0.17680173240376723,0.16245907152116945,0.013818163486705093,9.925163126952421,-2.447991450715971,1.368846490162674,0.6615433297533636,2.303458011904292,8.0,-0.1787951878227295,10.0,-3.3333333333333335,5.0,3.3333333333333335,1.955519830779528,-0.31969485014628907
70.4,10.037572007543242,-3.050821625125744,3.1107837139278236,0.5958726825790095,-0.5714683015395428,9.956378944229614,-3.000596297854728,3.0934472796615635,0.6230399068536859,-0.5374067191762844,0.032245736159739684,0.16885618453914433,0.15571472325574742,0.01351108886023353,nan,nan,nan,0.6760143649115063,2.2889676868905635,8.0,-0.14961867964134035,10.0,-3.3333333333333335,5.0,3.3333333333333335,1.9757514102873959,-0.2704660461559395
70.45100000000001,10.001204791528775,-3.0518957663654795,3.0767517496866903,0.6115937307036775,-0.5628873881451949,9.918797532993283,-2.998360981307823,3.059023908057293,0.6378748504491781,-0.5659113257097073,0.03223063202243561,0.17219217425307087,0.1576334297079712,0.013817135579171405,nan,nan,nan,0.6988823125869341,2.2964845720539486,8.0,-0.16474537667085495,10.0,-3.3333333333333335,5.0,3.3333333333333335,2.00112221167689,-0.1598405358049274
70.5,9.976382051528583,-3.0519083695545524,3.0544059270346153,0.6231788431399263,-0.5552235517606612,9.893615394597912,-2.9969148494935434,3.03740448255998,0.649203782503855,-0.5613093569168576,0.032079059481016026,0.17438975649308017,0.15888853594508046,0.013511370533333983,nan,nan,nan,0.7131461412581497,2.282203584212841,8.0,-0.13602143760993268,10.0,-3.3333333333333335,5.0,3.3333333333333335,1.9878047495827211,-0.08992716138286894
70.55000000000001,9.938302594580184,-3.0508401175590025,3.021462889976559,0.6400879946738408,-0.5444958882047031,9.854606733771533,-2.9923963662175397,3.0048532057000443,0.6649701105453315,-0.5171298740275793,0.03208188629887109,0.17764422548146994,0.16076715523808727,0.01381741881800275,9.307927174128206,-3.6413959211827063,2.5665308511888085,0.7215198086671633,2.2726029780095187,8.0,-0.11674340598220383,10.0,-3.3333333333333335,5.0,3.3333333333333335,1.9851925610566807,-0.06016446706121714
70.60000000000001,9.912395291848393,-3.0493799918673252,2.999814090341421,0.6510662055540877,-0.5388487638300881,9.761408167174546,-3.0532299322681435,2.9823603964453147,0.6842143091920763,-0.5257684587540491,0.03212397681265707,0.16949290732164377,0.15429163120725356,0.013510470438703943,nan,nan,nan,0.7340968811198532,2.258392617648284,8.0,-0.08824756728670256,10.0,-3.3333333333333335,5.0,3.3333333333333335,1.996893198142665,-0.02878466679055336
70.652,9.87289221151944,-3.0460708134785848,2.9676124196308926,0.66248430678322,-0.5365884571897742,9.720743565147318,-3.0462341858119224,2.95028533690987,0.6916967057481824,-0.5073977911069647,0.032122792441827815,0.17267710924576254,0.15623614276198752,0.013816544284010288,nan,nan,nan,0.7112874561423175,2.202892217329764,8.0,0.02281142562124952,10.0,-3.3333333333333335,5.0,3.3333333333333335,1.9490859806850738,-0.18161732435157008
70.7,9.846365617220886,-3.0431139933804734,2.9461143098625873,0.6675018720984028,-0.5367857008585448,9.6930372502116,-3.0389273584982095,2.925279900192571,0.6960119608177965,-0.5197858656098956,0.032435663767051065,0.17476759798846134,0.15751377231368885,0.013510870883898704,nan,nan,nan,0.7237637525656692,2.188730178335062,8.0,0.05114565936929896,10.0,-3.3333333333333335,5.0,3.3333333333333335,1.9490859806850738,-0.12966126215377816
70.75,9.806289276238362,-3.0375279020627257,2.913971787113799,0.6766059035521194,-0.5333659575272856,9.652222638921371,-3.029484185016248,2.8925691547680152,0.7033958980872298,-0.5229977122284443,0.032427241729221734,0.1778529403553286,0.15943674304196984,0.01381694407341826,nan,nan,nan,0.7347948566865042,2.1798477626564177,8.0,0.06892661492964614,10.0,-3.3333333333333335,5.0,3.3333333333333335,1.9525946292448877,-0.06787309087565563
70.80000000000001,9.779355038490287,-3.0330196586546925,2.8927213885553558,0.6837651040720792,-0.5288811832316909,9.721905362153045,-3.0577571330325632,2.870496617845924,0.6977055137369153,-0.526298075721807,0.032468255611499304,0.16940422751968312,0.15308219491329808,0.013509979478714155,10.514211366327768,-3.463661508146577,3.433243175776986,0.7477089597967298,2.166377948183041,8.0,0.09591239987265199,10.0,-3.3333333333333335,5.0,3.3333333333333335,1.9574538281771052,-0.002721621795061524
70.85000000000001,9.738514752268612,-3.025029954483412,2.8613238352841592,0.6989160208888812,-0.5172260598595145,9.68143320349353,-3.0460513113998537,2.8387712114437473,0.7135353953626579,-0.5252290747315556,0.03245940400571983,0.1724218414207542,0.15508550663910367,0.013816075178942283,nan,nan,nan,0.7745731357826601,2.185740206025908,8.0,0.0571299900971019,10.0,-3.3333333333333335,5.0,3.3333333333333335,1.9990619637966747,0.1658311889140719
70.9,9.71087763679709,-3.018866141091282,2.840842595471964,0.7104788292253383,-0.5083046586767004,9.654411013337414,-3.0393662955250473,2.8219357335339854,0.7255536020644864,-0.5021426042427467,0.03213336109358627,0.17440464886503915,0.15640622033848614,0.013510458178518153,nan,nan,nan,0.7864892653348614,2.1730786827961275,8.0,0.08248422404508834,10.0,-3.3333333333333335,5.0,3.3333333333333335,1.991406844660062,0.21451251850244646
70.95100000000001,9.668871047714184,-3.008343135143292,2.8107076373019435,0.7264319490480624,-0.49811619594404233,9.612926124413256,-3.025136385891302,2.790146840297284,0.7414428907226299,-0.5029347047253547,0.03212193019863759,0.17733117740827256,0.1584012720690679,0.013816549260141855,nan,nan,nan,0.7914357246607403,2.164293670071386,8.0,0.10009096664509678,10.0,-3.3333333333333335,5.0,3.3333333333333335,1.9898835385242768,0.21867143153067636
71.0,9.64056948738453,-3.0004665668734782,2.790920429728037,0.7364604565743499,-0.49172527281321904,9.585005175776987,-3.0144407264939406,2.7700379995687134,0.7517570896466507,-0.4842704682130571,0.03216921062324334,0.179247125832811,0.15971740161023257,0.01351088803027789,9.960521875563375,-2.4920669684492465,1.4847446697808586,0.8032056395771701,2.152007656606636,8.0,0.12474093200417585,10.0,-3.3333333333333335,5.0,3.3333333333333335,1.9803311374196144,0.26826135012795316
71.05000000000001,9.597736348735086,-2.987353364968383,2.761704547718154,0.7507643381790473,-0.4830732037014086,9.587665419169385,-2.947948045013291,2.7415040101255093,0.7627946876967086,-0.46269928825655715,0.03218187695045614,0.17158566382077758,0.15421395065792837,0.01381566588446367,nan,nan,nan,0.810403925729366,2.1440829037186235,8.0,0.140660295274775,10.0,-3.3333333333333335,5.0,3.3333333333333335,1.9815273684731216,0.29107845549329747
71.10000000000001,9.568941909451825,-2.9777292504258117,2.7425435409027044,0.7619328646172578,-0.47484680886761527,9.559527411423964,-2.937242483960737,2.724597366039097,0.7759764601310712,-0.46203078231460054,0.03196085635871656,0.17346566434137747,0.15558824630513088,0.013510111094248389,nan,nan,nan,0.8383838409581637,2.1650191169145474,8.0,0.09863649167246666,10.0,-3.3333333333333335,5.0,3.3333333333333335,2.00337664065327,0.4440813916256302
71.15,9.52527903485884,-2.9619194933597566,2.7145032834117853,0.7792994911028461,-0.4618146928331953,9.516813169985463,-2.917842297805087,2.6965930838066665,0.7932023885634755,-0.45214424233012857,0.031954617574042235,0.17623777365867005,0.15766716579829318,0.013816236187837373,nan,nan,nan,0.843194246198247,2.156998444956035,8.0,0.11472356123727073,10.0,-3.3333333333333335,5.0,3.3333333333333335,1.9899327533605715,0.4567606159630657
71.2,9.481201380243451,-2.9444928975525047,2.6871598762704068,0.7945664483978871,-0.450860500951516,9.488193490553927,-2.9027327819466557,2.6757019076239255,0.8036138273641156,-0.44769389089875755,0.032136932253974786,0.1780511359920208,0.1590393058734271,0.013510621882198003,9.85781371897949,-3.1101966631213256,0.6422498160324424,0.8520979169086416,2.1457774495236275,8.0,0.13725484269468172,10.0,-3.3333333333333335,5.0,3.3333333333333335,1.9772475993133538,0.48651609032833953
71.25,9.451650713533482,-2.931991034445194,2.669284811901981,0.8041002946837181,-0.44387403361348243,9.486597841646656,-2.899175542318411,2.6483529647505426,0.8136156738730245,-0.4299368046331219,0.032128057701311864,0.1704498946215941,0.15371855820928598,0.013953518050258337,nan,nan,nan,0.859347629053192,2.1388982055368837,8.0,0.1510848767248516,10.0,-3.3333333333333335,5.0,3.3333333333333335,1.97069294028157,0.5184369467394508
71.30000000000001,9.407117902401339,-2.9119142679114933,2.6430165218048267,0.8188349240907282,-0.43253479226202796,9.457505397678299,-2.8876783545025617,2.636815253625925,0.8244470750928473,-0.4349960018287711,0.031495420863284114,0.17223358458520555,0.15514649213511128,0.01358632207191944,nan,nan,nan,0.87321847348914,2.1393246978088682,8.0,0.15022705207372167,10.0,-3.3333333333333335,5.0,3.3333333333333335,1.9743937660520703,0.5912584089335448
71.35000000000001,9.377316612988217,-2.8976559967357423,2.625864891216364,0.8275343834609658,-0.42606958468059986,9.41417264809221,-2.8632328192507974,2.6107344810244886,0.8380598541257283,-0.4071089135823864,0.03149316816715483,0.17486395829412704,0.1573057349981837,0.013890704926247529,nan,nan,nan,0.8748708174107261,2.1311879692442255,8.0,0.16660269455889803,10.0,-3.3333333333333335,5.0,3.3333333333333335,1.9584752376194419,0.58959018593736
71.40100000000001,9.347483985255977,-2.882721690716725,2.6089467913877353,0.8355308114000074,-0.4203674173732924,9.385686647339092,-2.843432442891394,2.588696236113222,0.8462453048509795,-0.42254124469407484,0.03186486266089732,0.1765839665972947,0.15873000946047797,0.013576131859238018,nan,nan,nan,0.8825828677112203,2.1212659726855847,8.0,0.18660157307671044,10.0,-3.3333333333333335,5.0,3.3333333333333335,1.9550634874655555,0.6123450933147531
71.45,9.302727993558962,-2.859073156621781,2.584004510028099,0.8469926587240808,-0.4111202721801838,9.345871040748682,-2.8183113537711466,2.5632952825820805,0.8574185797665584,-0.3919327026695981,0.03186262848156433,0.16893475815929435,0.15340342419590944,0.013879093571587047,9.401034907602899,-2.8564715032693657,0.004887552187792474,0.8902809103150302,2.115861534489123,8.0,0.19751014786356252,10.0,-3.3333333333333335,5.0,3.3333333333333335,1.9418062250990147,0.6613351159819776
71.5,9.272908142373984,-2.8424855414065973,2.5677026343105176,0.8544335534357828,-0.40474307597018805,9.317363129654948,-2.7984790354219022,2.5453002109737417,0.8650302995019563,-0.3906263490058403,0.03199488749663529,0.1706299812289702,0.15488029274687168,0.013707069660969472,nan,nan,nan,0.8979375043225107,2.1075596544550486,8.0,0.21428997966374252,10.0,-3.3333333333333335,5.0,3.3333333333333335,1.9416589428162763,0.687998220570859
71.55000000000001,9.228251880432836,-2.8163943602016555,2.5437036238080464,0.8649226270638446,-0.39582977303784406,9.274503024132146,-2.7688403434209024,2.5205000291116075,0.875402486810449,-0.3729993474453093,0.03199007859971769,0.17312966228212814,0.15711457101108633,0.013956879657023077,nan,nan,nan,0.9034144867835361,2.1021712460060544,8.0,0.22519691752918247,10.0,-3.3333333333333335,5.0,3.3333333333333335,1.9336334528051768,0.7167476371067872
71.60000000000001,9.198560777512862,-2.798210244976406,2.5280000584399605,0.8715466405167996,-0.3898945393255152,9.245963863829905,-2.7486223409117763,2.5050520061325656,0.8821222247679945,-0.39804336896981196,0.031938039563267843,0.17476571703003455,0.1585866442209413,0.013634275321128687,nan,nan,nan,0.9104315341389526,2.09402977974578,8.0,0.24170178674682424,10.0,-3.3333333333333335,5.0,3.3333333333333335,1.9277755633821534,0.746764293240918
71.65100000000001,9.154187932821221,-2.7697769695070718,2.504906394664603,0.880812631798013,-0.38038037902637256,9.154922472308602,-2.7362905103031765,2.481860244609444,0.8937665229322207,-0.362255303757778,0.03192560786537429,0.1671481866802729,0.15321307084009458,0.013935607947239182,8.77479063982461,-2.948486661549857,0.8764249180575113,0.9145946083178723,2.0887599390003913,8.0,0.2524023134831415,10.0,-3.3333333333333335,5.0,3.3333333333333335,1.9091467516416558,0.7787052454209823
71.7,9.124760221180736,-2.7500838628771582,2.4897884935483345,0.885410358423032,-0.37667937423115866,9.12761083266386,-2.7115767704700855,2.461053681141676,0.8971493012951092,-0.39975649015300835,0.03230261712777581,0.16876886108457706,0.1547323491047116,0.013615520649220138,nan,nan,nan,0.9109714872337532,2.0566971831976986,8.0,0.3178363283350241,10.0,-3.3333333333333335,5.0,3.3333333333333335,1.9058716568275407,0.7201867155985268
71.75,9.080970158057465,-2.719517546932219,2.467335110865506,0.8914035764171372,-0.3706843080224799,9.085956207935315,-2.6773210143463473,2.438746961776295,0.9026478464559217,-0.3536185832317802,0.03230567269152262,0.1711617606839803,0.15703029000899904,0.013919042949840291,nan,nan,nan,0.9180039976064254,2.0532749993817836,8.0,0.32485739615096293,10.0,-3.3333333333333335,5.0,3.3333333333333335,1.8871691224689653,0.7836382693116946
71.80000000000001,9.052003965172794,-2.698454973321847,2.452617098930292,0.8958196912529353,-0.36583004077736303,9.058373948127686,-2.654071252466116,2.424174032410214,0.9069650038899542,-0.3687413981674447,0.03226895121538198,0.17272907844547472,0.15854348157977724,0.013600926341926582,nan,nan,nan,0.924266520142707,2.0470603651010637,8.0,0.33762764225955655,10.0,-3.3333333333333335,5.0,3.3333333333333335,1.8978411124193104,0.8056761889790405
71.85000000000001,9.008899471026396,-2.6658419192906315,2.4308936361891935,0.9023802839836845,-0.35846314121977907,9.017540040591431,-2.617922170056885,2.401751064372462,0.9129932014145757,-0.37599485199881477,0.03226036767939611,0.1750436622851828,0.16083111010797888,0.0139047359439145,8.621929627665262,-2.013174315426511,1.8767955794290563,0.928272219159438,2.0431174766697633,8.0,0.3457435929775206,10.0,-3.3333333333333335,5.0,3.3333333333333335,1.8853359799135023,0.8371594312261063
71.9,8.96622798362501,-2.632027274023285,2.4096906774152735,0.9090320589664515,-0.3490138693009822,8.945380956486908,-2.5344551354636398,2.3858434297489186,0.9229428127174683,-0.354456782190653,0.03234041571808193,0.16676323731143922,0.15465030333201607,0.01358643947128194,nan,nan,nan,0.934495124789167,2.03779286673513,8.0,0.35672126956098615,10.0,-3.3333333333333335,5.0,3.3333333333333335,1.8723199496746998,0.8812412383617557
71.95,8.938031460027412,-2.608831172877086,2.395873273284579,0.9131401157556267,-0.34297611211364315,8.905274014537317,-2.496130656175275,2.365274055694936,0.9276962824927544,-0.3213190612064179,0.03234074464450888,0.16907475455086612,0.15700138996910598,0.013890528606060703,nan,nan,nan,0.9387699163269188,2.0340896936409916,8.0,0.3643683160886577,10.0,-3.3333333333333335,5.0,3.3333333333333335,1.8646571465609876,0.8929613639897288
72.0,8.910050634861728,-2.58512802279444,2.3822793484919114,0.9172241519964028,-0.33750789450387925,8.878291677407862,-2.471163123198059,2.353802105927884,0.9311630036491136,-0.3004290546591138,0.032181170396990734,0.17058965565858505,0.15854906199204444,0.013575800456967027,nan,nan,nan,0.9442193914877111,2.029693833455296,8.0,0.3734591820753108,10.0,-3.3333333333333335,5.0,3.3333333333333335,1.868095090996754,0.9184096732429676
72.05000000000001,8.86848757310027,-2.5486355500060913,2.3622676698356755,0.9231968796940627,-0.33050519994072086,8.83907923819362,-2.431235796788768,2.3335194611814742,0.9358874629632405,-0.3249009056780175,0.03217090972455793,0.1728330809889837,0.16088594338351006,0.013880119644392465,8.699086747593059,-1.9326229235678554,0.9687735542409244,0.9469145309487202,2.0265043474807762,8.0,0.38006453199254553,10.0,-3.3333333333333335,5.0,3.3333333333333335,1.8697082529572584,0.9281582213432255
72.10000000000001,8.841062546076218,-2.523698102711886,2.3491699581017285,0.927151231650934,-0.3246720379315607,8.796803498018324,-2.3552513485320326,2.3168697733605725,0.9426886961573042,-0.35484082629289676,0.032365545817471385,0.1648514211302729,0.15472150615249164,0.013564611791919612,nan,nan,nan,0.9521533428296389,2.0229292101598904,8.0,0.3874780875183651,10.0,-3.3333333333333335,5.0,3.3333333333333335,1.8486046925385387,0.976754664016201
72.15100000000001,8.80034794691307,-2.485391154826868,2.330072792112773,0.933314914029266,-0.3123403519430143,8.75863257739555,-2.3133915804352467,2.297810864503509,0.9473470025679465,-0.2822593286002931,0.032372153963189425,0.1671027005042198,0.157117135911895,0.013869148816301266,nan,nan,nan,0.958739342368846,2.028607525003924,8.0,0.37570801070456006,10.0,-3.3333333333333335,5.0,3.3333333333333335,1.8190932740819823,1.038179190046354
72.2,8.760136005650565,-2.4460183256547996,2.3117174079560727,0.9395903191126065,-0.30166950823303806,8.733728058542413,-2.284617495066435,2.284921484494113,0.9508054397177025,-0.29829970294899877,0.032416217301948796,0.16857768734669776,0.1586942223657217,0.013556979274014547,nan,nan,nan,0.9632838235215504,2.0259907687788314,8.0,0.38112888634470743,10.0,-3.3333333333333335,5.0,3.3333333333333335,1.834697165476803,1.045044341183005
72.25,8.733612412006094,-2.4191938446501875,2.299826453387437,0.9436337319374711,-0.29432415624841524,8.696541979309085,-2.241227231643503,2.268822329070475,0.9555887301495607,-0.2456391274717282,0.032421931027725975,0.1707665932445087,0.16107360181764918,0.013861708344796445,nan,nan,nan,0.966335097253079,2.0247080927044467,8.0,0.38378805020593054,10.0,-3.3333333333333335,5.0,3.3333333333333335,1.8249477203314999,1.083744002248176
72.30000000000001,8.707322262476971,-2.3919250151306497,2.2882030116648924,0.9474942370385347,-0.28821241134009534,8.630551308821651,-2.221975853056784,2.259173472400944,0.960331482095673,-0.25453349716186335,0.03224651225229855,0.16292759972444373,0.15476927761933315,0.013548146885956137,8.291090475699075,-2.3438495773525783,0.6049442564990757,0.9699174126175113,2.022917322383573,8.0,0.3875027555388334,10.0,-3.3333333333333335,5.0,3.3333333333333335,1.8249477203314999,1.083744002248176
72.351,8.668347952872647,-2.350233278618755,2.271128501545705,0.9519685577388616,-0.2823485656183975,8.594154605554058,-2.1772195444127007,2.241250069251235,0.9632814304028552,-0.3007513058362864,0.03223299213430846,0.16513576486385095,0.15719802788054602,0.01385306378160595,nan,nan,nan,0.9673973757420621,2.0031213840849253,8.0,0.4287444647767491,10.0,-3.3333333333333335,5.0,3.3333333333333335,1.8197509358641941,1.0552214686456294
72.4,8.629978043517175,-2.307675468839212,2.254440958659928,0.9558429074336197,-0.2738736319314226,8.56923771190533,-2.1483930735947343,2.231739352708308,0.965296168830508,-0.29235399526010664,0.03202238186464371,0.16658231903879703,0.15879684647361578,0.013542820510358355,nan,nan,nan,0.9715253393137323,2.002039573387701,8.0,0.4310080422043737,10.0,-3.3333333333333335,5.0,3.3333333333333335,1.788042328457071,1.111011885535499
72.455,8.604729612195959,-2.278835220976489,2.243635415297633,0.9584260559168769,-0.26767561142788626,8.533919660021905,-2.102420532698994,2.214562706790435,0.9681004194288876,-0.2686595977537356,0.032020176507849045,0.16873448727846949,0.1612065539089199,0.013847867653762098,nan,nan,nan,0.9771672781094197,2.000459256503596,8.0,0.43431659160187264,10.0,-3.3333333333333335,5.0,3.3333333333333335,1.7786986878896505,1.1513160152321218
72.501,8.56735415430824,-2.234894792972166,2.227871695805066,0.962337668831878,-0.2587997849688194,8.512075061703237,-2.0696652598211385,2.201057173265191,0.970297902531038,-0.2687187030353756,0.03225374494518292,0.17014128018895047,0.16279075494045359,0.013538265426527607,8.707581693796385,-0.2837428509051143,11.68878871255195,0.9771672781094197,2.000459256503596,8.0,0.43431659160187264,10.0,-3.3333333333333335,5.0,3.3333333333333335,1.7786986878896505,1.1513160152321218
72.55000000000001,8.542761614813685,-2.2051542538992037,2.2176809260457233,0.9650921935371647,-0.2519718985463212,8.487761416166693,-1.851918838689337,2.1832638642692546,0.9817545899183933,-0.2579861393568172,0.03230355742526387,0.16321753226542823,0.15722048939755703,0.013840913114040305,nan,nan,nan,0.9801542998440731,2.001499203009223,8.0,0.4321391065300929,10.0,-3.3333333333333335,5.0,3.3333333333333335,1.7656276165746478,1.1819286682350445
72.60000000000001,8.518417802335058,-2.175056139372235,2.207860756975255,0.9684726306616872,-0.23950584612932224,8.461925202691793,-1.8236646610095424,2.181014624316176,0.9841993577417849,-0.22149437739764152,0.03172274414373374,0.1646414079991863,0.1588380476369291,0.013532145778606798,nan,nan,nan,0.9918088378507522,2.055182880803835,8.0,0.32094217028024763,10.0,-3.3333333333333335,5.0,3.3333333333333335,1.6920628823269177,1.3142088434161128
72.65,8.482326981394301,-2.1292279481471903,2.1942004455993227,0.9735830987371383,-0.2204265194029859,8.428271945515865,-1.7750653964478134,2.1672883911212413,0.9871313618683264,-0.21405155548493357,0.03171775688379498,0.16676640004924506,0.1612720145044464,0.013837471712415195,nan,nan,nan,0.9918647126451767,2.053371827178145,8.0,0.3246586344522908,10.0,-3.3333333333333335,5.0,3.3333333333333335,1.7027493766976907,1.2970164872017111
72.70100000000001,8.446762110468896,-2.0826477776821184,2.1815059517581954,0.977916186272797,-0.20516041594846132,8.407022197245954,-1.7413718604818496,2.1564804372203223,0.9888762489540028,-0.20219226056299422,0.03185268640724778,0.16815470424479576,0.1628719098283708,0.01352913489923173,7.077094450652488,-3.1579733908593144,13.703500440411059,0.9936418270848068,2.0544617799904255,8.0,0.3224216814559957,10.0,-3.3333333333333335,5.0,3.3333333333333335,1.6863496831135447,1.319111094109044
72.75,8.423341872549516,-2.0512064231927165,2.1735373693689004,0.9805557852455002,-0.1955295806591158,8.247796896636169,-1.8198085796125665,2.1452459339647447,0.9891910205225622,-0.1900075214529426,0.03177344141245117,0.16150681827883828,0.15730618179607272,0.013831898418724299,nan,nan,nan,0.9949590556030852,2.0560296006279963,8.0,0.3192053584923462,10.0,-3.3333333333333335,5.0,3.3333333333333335,1.6753183776430054,1.3357196763164227
72.80000000000001,8.400161218822678,-2.0194911213238185,2.165798302490148,0.9817801865548572,-0.19456034611313971,8.224246119525526,-1.7887621580609965,2.1417961003542185,0.9888219309008854,-0.20455489621911452,0.031435557073719776,0.16291718921494389,0.15893623503622073,0.013524241183683717,nan,nan,nan,0.9850838718580585,1.9723103496340522,8.0,0.4936476304586045,10.0,-3.3333333333333335,5.0,3.3333333333333335,1.749040903603351,1.1822401677736274
72.85000000000001,8.3659039731783,-1.9715146097895924,2.153935656929729,0.9822874833835364,-0.19903337084322062,8.192387256332252,-1.7387240196329288,2.129024260236541,0.9884822845861078,-0.23870541013684848,0.03142886842002983,0.16502645643404684,0.16138748247520773,0.013829786714249727,nan,nan,nan,0.985654719947732,1.9722100767149613,8.0,0.49386039921617664,10.0,-3.3333333333333335,5.0,3.3333333333333335,1.7409387553581412,1.1958246014156608
72.90100000000001,8.332237729348057,-1.923064916428499,2.1420298976349805,0.9833577414488364,-0.19687575255083187,8.174470353639254,-1.7022223875116402,2.11618903743509,0.988834688135943,-0.2011535882941195,0.03186731314879047,0.16640285410675104,0.16300000210266896,0.013522396245395274,nan,nan,nan,0.98806157535115,1.9743487618884974,8.0,0.48932460671395583,10.0,-3.3333333333333335,5.0,3.3333333333333335,1.7149758741325103,1.2419137071978574
72.95100000000001,8.31010397454407,-1.8904952309819614,2.1342246009293366,0.9844646886124309,-0.19391758859503092,8.151857218061027,-1.7219124653081945,2.1045849671042776,0.9855577333076938,-0.18889709940438737,0.031847885182230876,0.15986833918228557,0.15729386775888207,0.013825084004076482,8.197904723931597,-2.4096094040689473,1.897967119178204,0.9901115539085505,1.9638384851130022,8.0,0.5116617047360952,10.0,-3.3333333333333335,5.0,3.3333333333333335,1.726702056677459,1.2555802902271427
73.0,8.277355431950046,-1.8412345867922104,2.122692062712109,0.9861759575875559,-0.19121215408168787,8.129535558792178,-1.6900880401415426,2.1011359693303095,0.9869230243698393,-0.17490154853736947,0.03150471897639593,0.16126836942771508,0.15893620290574412,0.013518260979666996,nan,nan,nan,0.9901115539085505,1.9638384851130022,8.0,0.5116617047360952,10.0,-3.3333333333333335,5.0,3.3333333333333335,1.726702056677459,1.2555802902271427
73.05000000000001,8.255823947854173,-1.808131556088642,2.115074217371535,0.9871993630369629,-0.18991708026445092,8.099773505374053,-1.638854779961527,2.088926737476857,0.9886641566315901,-0.18828849528802727,0.031499489937966474,0.16336616884879857,0.16140582789704777,0.013823978393231927,nan,nan,nan,0.9906688148258094,1.96441923129859,8.0,0.5104243770511833,10.0,-3.3333333333333335,5.0,3.3333333333333335,1.7265197025728,1.2562907273075372
73.10000000000001,8.234532891112762,-1.7748254185817698,2.1075369714921104,0.988264369121927,-0.18691114225397923,8.081691005194982,-1.6031769252324646,2.078861622417037,0.9899202619756083,-0.18125353082347984,0.03169530217181383,0.16473386334482984,0.16303195886394725,0.013517308680156258,nan,nan,nan,0.9926580321399597,1.9676751843055582,8.0,0.5034940636776737,10.0,-3.3333333333333335,5.0,3.3333333333333335,1.7033789978088933,1.2902551345254183
73.15,8.203037774532588,-1.7244888235753482,2.096543101337488,0.9899621129298589,-0.18017639471193037,8.076158878672882,-1.5889433988194315,2.0674870071490066,0.98876592675106,-0.1699222461711744,0.031690703385952396,0.1583064326387608,0.15719895999038364,0.013819907245394619,8.271790792739216,-1.9409569884957392,0.6544144694359908,0.9941822605795967,1.9709413814648884,8.0,0.4965533509834934,10.0,-3.3333333333333335,5.0,3.3333333333333335,1.6904952625735126,1.3117373643758512
73.2,8.182330328125921,-1.6906823046243542,2.089460784126893,0.9912409835097049,-0.1749153853775796,8.058263295020858,-1.5533726926033027,2.058487641412806,0.9905911125656953,-0.15565553263497708,0.03181370913242561,0.15969900036932969,0.15885362396974204,0.013513726179169579,nan,nan,nan,0.9955281009589,1.9728800729254024,8.0,0.49243893635335345,10.0,-3.3333333333333335,5.0,3.3333333333333335,1.6823278868399199,1.3344448811060474
73.25,8.151690547330887,-1.6396028877091064,2.079247624014086,0.9931662300639716,-0.16667018805330708,8.03058121720888,-1.5007225296013573,2.0476488385360945,0.9930024034181217,-0.16581856983196006,0.03180838957579735,0.16178777110778872,0.16134189086138126,0.013816723829161971,nan,nan,nan,0.9966158664950494,1.9761949448240335,8.0,0.4854129795452953,10.0,-3.3333333333333335,5.0,3.3333333333333335,1.6713185725515753,1.3489649088932403
73.30000000000001,8.131541821044767,-1.6053147461879584,2.0727347723827485,0.9943352383128399,-0.16002653361703423,8.014597810246784,-1.4636439980745162,2.0371207580789807,0.99443925707561,-0.168304340025503,0.03208875968493789,0.16314777111142234,0.16298183857156032,0.013586974583843864,nan,nan,nan,0.9977570378572593,1.980659270326125,8.0,0.47596854399371025,10.0,-3.3333333333333335,5.0,3.3333333333333335,1.6453588586553507,1.377045009891011
73.35000000000001,8.101726803230067,-1.553550782488634,2.0635262234325906,0.9959449880645158,-0.14834899077792946,7.98791595211088,-1.410232732394946,2.027483805286481,0.9963455599929923,-0.15591345736283282,0.03208669265731628,0.1651903342496592,0.16544478521983894,0.013891231648759972,7.734714919924517,-1.1847807488663125,0.41157853873134975,0.9986493393414961,1.9851406692866138,8.0,0.46650815064728257,10.0,-3.3333333333333335,5.0,3.3333333333333335,1.6233663023639324,1.4020695080072345
73.4,8.082115588851648,-1.5188326422495388,2.0577939452429574,0.9968979730604051,-0.14005287822626605,7.945030429022776,-1.3497281100479148,2.019452149722383,0.99956683405906,-0.12274627546064013,0.03221781777307982,0.1582023675512687,0.15869986754871424,0.013573507767424555,nan,nan,nan,0.9993058288034853,1.9902211826289211,8.0,0.45580687774826334,10.0,-3.3333333333333335,5.0,3.3333333333333335,1.6060856240083718,1.419028521925957
73.45,8.053086342117316,-1.466469458254812,2.049784046842446,0.9979863104540607,-0.12914739435979797,7.919152543154728,-1.2956046813076825,2.0107013740625597,1.0003784899010302,-0.152852406264713,0.03220987614856138,0.16028489042831662,0.16120335888102108,0.013877997828406312,nan,nan,nan,0.9996000676750174,1.9911693285947085,8.0,0.4538125228105283,10.0,-3.3333333333333335,5.0,3.3333333333333335,1.602228347774061,1.415576904759549
73.5,8.033986032336587,-1.4313885515836902,2.04480822652911,0.99854047654857,-0.12095423598218831,7.897873400171912,-1.262458805086578,2.011895857712063,1.0007836676235216,-0.10840373018714924,0.03168463684027529,0.1616402925105917,0.16285340603093407,0.013564849344056083,nan,nan,nan,0.9999030165140508,1.9967740589140837,8.0,0.4420407742608272,10.0,-3.3333333333333335,5.0,3.3333333333333335,1.5686349107020694,1.4491348902684116
73.55000000000001,8.005695874759697,-1.3785316795004952,2.0379394478502904,0.999244605377245,-0.11078208139629568,7.872395595380311,-1.2080739044417295,2.004059495929341,1.0012578077923466,-0.0913372790259852,0.031683529094973115,0.16368149864386078,0.1653276118818713,0.013869529520439457,8.119385014267076,-2.027089703015914,2.6291926278710926,0.9999053879732954,1.9981398758388478,8.0,0.43917656291441687,10.0,-3.3333333333333335,5.0,3.3333333333333335,1.5855371430278289,1.430992181557902
73.60000000000001,7.987066235605908,-1.343148655290906,2.0336468121087727,0.999631711509808,-0.10500912592733598,7.882465820979603,-1.2556786916498255,2.0033700694654675,0.9959631292313027,-0.08486576939686016,0.031390242334827845,0.1569090578411834,0.15860837628751293,0.013554329347756527,nan,nan,nan,0.9999999975808069,2.003989937421201,8.0,0.4269278663607885,10.0,-3.3333333333333335,5.0,3.3333333333333335,1.571469862414766,1.444331010111134
73.65,7.959445345230518,-1.2898687073141726,2.0275985893644286,1.0004596976758282,-0.09853911925878814,7.857501456865283,-1.2013513123467967,1.9969604718537923,0.9976709344323723,-0.10858282217709235,0.03138495062595513,0.158994495741914,0.16112000121325395,0.013859230966696839,nan,nan,nan,0.9999579940822375,1.9942042403323623,8.0,0.4474345582062125,10.0,-3.3333333333333335,5.0,3.3333333333333335,1.5955767494369222,1.4359718775550947
73.7,7.93218234876484,-1.2363454886323026,2.0219307084631493,1.0012579342185546,-0.09094543746285236,7.835111726824685,-1.1452988501940267,1.986911852382259,0.9990719195022408,-0.08963546292369316,0.03164187810564146,0.16103353418922306,0.16360738648467138,0.013650421864708611,nan,nan,nan,0.9999946751700947,2.000223854954486,8.0,0.43480962191585193,10.0,-3.3333333333333335,5.0,3.3333333333333335,1.5397886161248744,1.4617619422655135
73.75,7.914195708103683,-1.200544716990695,2.018465167128226,1.001608362077503,-0.08387268328949735,7.818995849367045,-1.1087220103467126,1.982757333007025,0.9997645154017991,-0.08628003939553806,0.031640106150754875,0.16239302176630246,0.16526188419225832,0.013853375137959189,nan,nan,nan,0.9998591780312734,2.0056021376830904,8.0,0.4235576969719872,10.0,-3.3333333333333335,5.0,3.3333333333333335,1.5397886161248744,1.4831318623263448
73.80000000000001,7.887484604474238,-1.146689199465697,2.0137913547873754,1.001899837748662,-0.0737120880759993,7.83608635224954,-1.0526643013169057,1.9837188150411909,1.0005855953225664,-0.07280247343924014,0.03125315469445299,0.1556799904546123,0.15841930239115437,0.013539904188930484,8.204995112182125,-0.8497785759507435,0.7745217937671757,0.9995700829370667,2.012081311974604,8.0,0.41003652671439106,10.0,-3.3333333333333335,5.0,3.3333333333333335,1.529859781214366,1.4873494477303748
73.85000000000001,7.869848120763505,-1.1106988813502119,2.0110484788495206,1.0018347886734293,-0.0653192513866283,7.812075950696856,-0.9976307284323996,1.9791207977405474,1.0008657600396507,-0.07114394556500926,0.03125065546222033,0.15776887207542886,0.16093811075165237,0.013845135369729865,nan,nan,nan,0.9986914040521719,2.034882893286707,8.0,0.36272949899051166,10.0,-3.3333333333333335,5.0,3.3333333333333335,1.4974426756809365,1.5101822280481718
73.9,7.852340703717895,-1.0746519973830544,2.0086492582938416,1.0016604845267936,-0.05656532390975105,7.795148754605445,-0.961520608073913,1.9770262882630307,1.0007964710219508,-0.08015555724791369,0.03112487761133574,0.15912600532296386,0.16260035042220652,0.013535932783297741,nan,nan,nan,0.9980502516562496,2.0415768984804017,8.0,0.34891767650195527,10.0,-3.3333333333333335,5.0,3.3333333333333335,1.4778026173117704,1.523715975870035
73.95,7.82630299760858,-1.0204935153761494,2.0057109304285534,1.0013046163796275,-0.043452184366875125,7.7714736157218915,-0.9063398606324327,1.974166799337791,1.0006284556153655,-0.05256796523471363,0.03112626148162973,0.16117529482413506,0.1650904378523719,0.013841282150810983,nan,nan,nan,0.9976551018169615,2.045521765210026,8.0,0.3407933611599918,10.0,-3.3333333333333335,5.0,3.3333333333333335,1.4632429279113195,1.5351686592068003
74.0,7.809079211171991,-0.9843390433875678,2.004178570823099,1.0009940067508958,-0.035268066171080234,7.754774399152614,-0.8701109902090098,1.973587896463468,1.0003748697559418,-0.06324188360350454,0.031015471766314102,0.16250430359970036,0.16673060378016533,0.013532564198995244,7.558540389020875,-1.5156943203732953,1.6457916342222718,0.9969402474957904,2.0524140245431393,8.0,0.32662502380194613,10.0,-3.3333333333333335,5.0,3.3333333333333335,1.4565633703631455,1.5364567450751792
74.05000000000001,7.783421065331251,-0.9300520484622097,2.0024683797075458,1.0004861279061195,-0.023557389251841185,7.71649674815552,-0.878485811306469,1.9731480475058651,0.996860483225306,0.013210631328534714,0.031003415069930658,0.15661026837429948,0.16065751345881052,0.013834581138534934,nan,nan,nan,0.9965650189351802,2.0564968752769706,8.0,0.3182470748033144,10.0,-3.3333333333333335,5.0,3.3333333333333335,1.443673282995035,1.5469201430146988
74.10000000000001,7.766416832001897,-0.8938249229988777,2.0016331767390576,1.0005107191228952,-0.02043601053814021,7.700940776049484,-0.841754548281452,1.9723038410732998,0.9975365417022508,-0.0315939782614325,0.031005350532631776,0.15797189637283068,0.16232223880665517,0.013526668368729072,nan,nan,nan,0.9978217905181841,2.039163208000255,8.0,0.3538940882594652,10.0,-3.3333333333333335,5.0,3.3333333333333335,1.5095805849559698,1.5016441296776086
74.29700000000001,7.757939427831564,-0.8756967392656234,2.001230279257399,1.0006117582078198,-0.020042574490179883,7.693140182623992,-0.8233923452361894,1.9708302257134314,0.9978421262960708,-0.06573797485945214,0.031000565765407596,0.1586603922447011,0.16315538491982803,0.013628947139317539,7.394302573727135,-0.7280921626284877,0.25542891885466434,0.9974439263997253,2.0438183607433875,8.0,0.3443001081292838,10.0,-3.3333333333333335,5.0,3.3333333333333335,1.478956035599684,1.5256465142193807
74.301,7.732592640658072,-0.8212669743468438,2.0002045890282862,1.0006858273992445,-0.014817341158193786,7.669836794946545,-0.768229057574171,1.9692718687650475,0.998361387386562,-0.049869585814486854,0.03100167580236103,0.1607119185925261,0.16564248533860748,0.013933310636225552,nan,nan,nan,0.9969471743943668,2.0521198351563226,8.0,0.3272291242533669,10.0,-3.3333333333333335,5.0,3.3333333333333335,1.4767027133421462,1.5195267050566383
74.351,7.6571577084600815,-0.6577642728832749,1.998811903963164,1.0000070116586404,-0.0014501969029958703,7.570513761973975,-0.6009104522045283,1.9738994209645009,0.9993183586872393,-0.002344083971101407,0.030592722229665026,0.15908048303924766,0.1645925505713625,0.013825665363560105,nan,nan,nan,0.996645901567453,2.0564248598438444,8.0,0.31839475426689834,10.0,-3.3333333333333335,5.0,3.3333333333333335,1.4646860625669191,1.529067604031518
74.4,7.640480382369549,-0.6214120514627087,1.9988421571939234,0.999761992294012,0.0021914404998198164,7.557724161560394,-0.5626307470707054,1.969304360743801,0.9991179213112938,-0.017320086076533816,0.030893497634502918,0.16042149501675748,0.166237728545049,0.013662812706779808,nan,nan,nan,0.9959987498643464,2.0633859710176496,8.0,0.3041352617435371,10.0,-3.3333333333333335,5.0,3.3333333333333335,1.4544780057882154,1.5342189036894511
74.45,7.615501860914552,-0.5668928634116768,1.9992102032486545,0.9992123751653013,0.009569016307182751,7.498218389468881,-0.542248362449175,1.9702994867069121,0.9973987896608321,0.007609904442511969,0.030871643713945407,0.15471717421818232,0.16010215953924267,0.01390239888512631,7.141747787566541,-0.9143162366304649,1.1037857910974036,0.994973012168594,2.0696159279165136,8.0,0.29139911899410786,10.0,-3.3333333333333335,5.0,3.3333333333333335,1.4278518645871827,1.5530517312031837
74.501,7.598866642595194,-0.5305557378942729,1.9996802880312687,0.9991007064686922,0.012225391363952317,7.480587059743933,-0.5065724885071967,1.9744512836247292,0.9977098587524006,0.03981760144182153,0.030645041359898116,0.15609129477010758,0.16177009370142909,0.01358639082834814,nan,nan,nan,0.9966364557812161,2.0523413233939034,8.0,0.32677430589440015,10.0,-3.3333333333333335,5.0,3.3333333333333335,1.474017703742194,1.5252848048526626
74.55000000000001,7.573917022199705,-0.47604344652644626,2.0004291871824686,0.9992016055022198,0.012217113016617062,7.45706316687254,-0.4515169756031298,1.974899279079571,0.9980868633545297,0.016353336819984632,0.03064208004356103,0.15817239658493518,0.16426619419015043,0.013890692644144437,nan,nan,nan,0.9966849927892885,2.055898694596427,8.0,0.3194738453091712,10.0,-3.3333333333333335,5.0,3.3333333333333335,1.4870867826489538,1.511618923123812
74.60000000000001,7.548959626256128,-0.42153406084823775,2.001202349673363,0.9991211212275249,0.013906819134779971,7.442719165253399,-0.41412814575952894,1.9735370520828395,0.9981526611663748,0.013324668092711205,0.030782554986396652,0.15952019931606126,0.1659125254175571,0.013576084490838951,nan,nan,nan,0.99613601104211,2.062836528603291,8.0,0.3052596518638462,10.0,-3.3333333333333335,5.0,3.3333333333333335,1.4647203686627086,1.5283728089863402
74.65,7.5323131027099866,-0.38520552740196773,2.0018230522876084,0.9989315812548236,0.016570903434835218,7.427593457982442,-0.4227629962459746,1.9740353776665727,0.9939120783058033,-0.012959210344810904,0.03076918867994768,0.15382985704189966,0.15968337703992452,0.013876784812470788,7.4778078283506835,-1.0050638888262287,1.424679091136906,0.9955232644008901,2.068195171501843,8.0,0.29430155525299817,10.0,-3.3333333333333335,5.0,3.3333333333333335,1.4503439982809523,1.5375285644664434
74.7,7.507319099198331,-0.33072264178296334,2.002940272582111,0.9991988287800544,0.019930046745337215,7.409169011194658,-0.3875796613963365,1.9790386186288433,0.9948573710592455,0.04025462644573144,0.030469237344129145,0.15521140690876484,0.16135079537029945,0.013563822209106777,nan,nan,nan,0.9963288973351706,2.0597482825541267,8.0,0.311583031361631,10.0,-3.3333333333333335,5.0,3.3333333333333335,1.4624569665155442,1.5446901209055806
74.751,7.4906309209104,-0.2943984673179207,2.0037343997704395,0.9994216037186222,0.01955780155944181,7.385448069787994,-0.3327770922583318,1.9795025808233309,0.9960176057028604,0.00825622079521199,0.03046517240909508,0.1573047150620158,0.1638465510091827,0.013868585188184708,nan,nan,nan,0.9964890841784406,2.062859524956848,8.0,0.30521258788207506,10.0,-3.3333333333333335,5.0,3.3333333333333335,1.4854238451454722,1.5202481434877066
74.80000000000001,7.473921077491381,-0.25807758775684353,2.0045254752606882,0.9994975294788235,0.02040232839512538,7.3714150098910824,-0.29533467102822974,1.9792098163451959,0.9964607514402843,0.037966765313983325,0.030657242003092156,0.15866030053199295,0.1654935226990847,0.013556608477471331,nan,nan,nan,0.9959385145489437,2.0696606388096703,8.0,0.2913077995246036,10.0,-3.3333333333333335,5.0,3.3333333333333335,1.458727526479736,1.539063584897253
74.85000000000001,7.448815357764132,-0.20361859320952358,2.005838737138044,0.9993585676527982,0.02278199873801291,7.3476544998325055,-0.24045997765078983,1.9801814356251128,0.9968821345410931,0.02259701235589951,0.030654927583467117,0.1607171780494279,0.1679557098129083,0.013861540882026286,7.73112086327981,-0.7705023460674005,1.5337911851961064,0.9953995683653222,2.075167758141454,8.0,0.28006879470407187,10.0,-3.3333333333333335,5.0,3.3333333333333335,1.4585897642530452,1.5335166179032642
74.9,7.423659223818013,-0.14920086020969917,2.0073208105726983,0.9990032056997589,0.026408769246091552,7.366624433757913,-0.2619344082369277,1.986053586116097,0.9927305471891041,0.009698572318641505,0.03021243681413316,0.1543677761319912,0.16085175797049203,0.013546882895138133,nan,nan,nan,0.9948211128965319,2.0819985602404683,8.0,0.2661523867244693,10.0,-3.3333333333333335,5.0,3.3333333333333335,1.4401522380510057,1.5459706137711369
74.95,7.4068546973998455,-0.11294297313390378,2.0084359655276174,0.9991170368442714,0.02870711191513094,7.342557962192012,-0.20742577258683717,1.9875633239110053,0.9939576265243384,0.025645752113709442,0.030213851357597417,0.1564742061619541,0.16334638812859142,0.013852015754204616,nan,nan,nan,0.9952923232692571,2.0831244373345874,8.0,0.2638610979358258,10.0,-3.3333333333333335,5.0,3.3333333333333335,1.4497985261447666,1.5526675422162939
75.0,7.390016139954748,-0.07669613450770817,2.00963661020716,0.9991495019550352,0.030803268068803274,7.327293967750258,-0.17066702624438082,1.9880268044221008,0.9945833786085447,0.03515465633585854,0.030302501393699915,0.1578385949351931,0.16499323850684258,0.01354202450401847,nan,nan,nan,0.9947843966144886,2.0897410460903876,8.0,0.2504090937984931,10.0,-3.3333333333333335,5.0,3.3333333333333335,1.444159586939361,1.5506132492793037
75.05000000000001,7.3646948413583395,-0.022361774618236577,2.0115917892185915,0.9989624754654807,0.03389090982611301,7.3030806860172035,-0.1161084529195352,1.98925607534445,0.9952397683675609,0.011823142070504502,0.03029893338091231,0.15990926835736732,0.1674553829053683,0.013847285629711307,6.775379850087945,-0.3441568226385586,1.2029500451176265,0.9943275127303708,2.0945900086589284,8.0,0.240565041546422,10.0,-3.3333333333333335,5.0,3.3333333333333335,1.4380845238042823,1.5511531409812107
75.10000000000001,7.347769846888749,0.013829870773970411,2.0130149197078446,0.9987066357607566,0.036928499201982525,7.234033697473975,-0.10224890941463395,1.9988875749406565,0.9954064072362488,0.05629493281492272,0.02971931231615994,0.15368026647072774,0.16042661127675523,0.013534350859118584,nan,nan,nan,0.9937428192389444,2.1011820960574172,8.0,0.22720052293795812,10.0,-3.3333333333333335,5.0,3.3333333333333335,1.4167942561471738,1.5657357943719334
75.15,7.322308860847607,0.0680719110397439,2.015262633361996,0.9988068778923023,0.035505729358920136,7.20921041350175,-0.04791594526403094,2.0000590747803884,0.9962211889680354,0.0305795611153525,0.02971594983914306,0.1558012536539498,0.16292046387189396,0.013839774752920959,nan,nan,nan,0.9968655257601327,2.0780849624996547,8.0,0.2741223876696006,10.0,-3.3333333333333335,5.0,3.3333333333333335,1.4955279536006023,1.5114981336435094
75.2,7.305276000702001,0.10421922465606567,2.0166127046010014,0.9990195472792347,0.033164810331766915,7.189274493159594,-0.013257173075300627,2.0045402823256913,0.9967286372683,0.022458302662190496,0.02936854122819332,0.157175566939078,0.16456633069081356,0.01353126282607319,nan,nan,nan,0.9964501825905773,2.0843433508986347,8.0,0.2613812363570185,10.0,-3.3333333333333335,5.0,3.3333333333333335,1.4743150065408526,1.5269609923823433
75.25,7.279637095521776,0.15840906090603632,2.0185469851411533,0.9991994159882747,0.031656552634214984,7.164088653239342,0.040999179020824214,2.006971661906709,0.9973679266566897,0.035347967403147044,0.029370702901173208,0.15926218618306928,0.16702567263690557,0.013836786169988234,nan,nan,nan,0.9966246004536699,2.0867266576491432,8.0,0.256534709317505,10.0,-3.3333333333333335,5.0,3.3333333333333335,1.4737351126752265,1.5274062666480983
75.301,7.253892607706827,0.212555926998083,2.020408819232524,0.9992304023277614,0.030643879508914885,7.211486803057639,0.10888539894437751,2.007252624464675,0.997825358278441,0.02369149988679655,0.02945465748705407,0.15300901583081422,0.15991604375728755,0.013524973662444076,7.864454004537799,0.4094463282072237,2.275456568391033,0.9963161333883678,2.0928335352661054,8.0,0.24412956999603175,10.0,-3.3333333333333335,5.0,3.3333333333333335,1.4707315025265097,1.5259760375480431
75.35000000000001,7.23667714088529,0.2486106501924823,2.021754867695679,0.9985091215729002,0.03604403894453291,7.186127097918822,0.16311518957286184,2.00995019511325,0.9972471110276516,0.04275703550714818,0.02945671518902656,0.15514348257376465,0.1624063592616952,0.013830634674301158,nan,nan,nan,0.9922607264417809,2.131745812534482,8.0,0.16547931818726225,10.0,-3.3333333333333335,5.0,3.3333333333333335,1.3904989119811102,1.5722074970276543
75.4,7.219426871364646,0.28461291351922885,2.0233365283529827,0.9977252116521853,0.041476606444946704,7.163526173186081,0.19655761228251648,2.0190321615312534,0.9966082280135874,0.054522405465486395,0.028875064814276322,0.15652719811078855,0.16404972221690692,0.013523230297407983,nan,nan,nan,0.9918342326955045,2.1378322099583853,8.0,0.15322920792122519,10.0,-3.3333333333333335,5.0,3.3333333333333335,1.3914353333252698,1.569336790349969
75.45,7.193478033375319,0.3385265657986544,2.0260249296941604,0.9969167138324314,0.046427788111368676,7.137564573028882,0.2504082638448239,2.0215918545616347,0.9960384357835469,0.03927323795427943,0.028872879632529422,0.15862866538456766,0.1665048681973037,0.013828962897247677,nan,nan,nan,0.9928341492377916,2.1388188501910705,8.0,0.1512444940816251,10.0,-3.3333333333333335,5.0,3.3333333333333335,1.412533845525608,1.55793489491428
75.501,7.176120375813874,0.3744176816021926,2.0279460053528098,0.9965251512333884,0.049187543867200444,7.122085920828287,0.28715297140366747,2.0209776656815475,0.9957542602576239,0.052382943048552545,0.02906169498554962,0.1599878942026872,0.1681228139451314,0.013521781948118912,7.4914526251570885,1.1054245569802168,2.9149958881592584,0.9924490599927756,2.1445590206747123,8.0,0.1397033832699992,10.0,-3.3333333333333335,5.0,3.3333333333333335,1.4002788907587431,1.5686503781772927
75.55000000000001,7.149993507054135,0.42815081086212875,2.0311831483775222,0.9947817662733254,0.0596105350193505,7.125674259542321,0.42215591042200773,2.022905873286491,0.9974556418159206,0.0754379598205564,0.029092176819452486,0.15449722827196322,0.16181305479952776,0.01382381866147907,nan,nan,nan,0.9861963881378347,2.1873844955552926,8.0,0.053838879307380516,10.0,-3.3333333333333335,5.0,3.3333333333333335,1.2989955349270539,1.608358133882192
75.60000000000001,7.132528427131549,0.4638598803989375,2.0337800052278703,0.9931724805321759,0.0676022925274761,7.1097927541893355,0.45875607302887406,2.023143602279074,0.9955396252763989,0.04956167538230344,0.029251318585384056,0.15588986408002528,0.1634541641163552,0.013517248167214946,nan,nan,nan,0.9858689193359849,2.1912180112324062,8.0,0.046167046112938426,10.0,-3.3333333333333335,5.0,3.3333333333333335,1.3161217491423138,1.5949429553468852
75.65,7.106240755137317,0.5172608248390521,2.0381935662116293,0.9911571225745759,0.0781089615994918,7.083622518759054,0.5123933922729782,2.0283554499863445,0.9930890964912309,0.08294402902027671,0.02925463728246114,0.15800297349187784,0.1659081865761615,0.013823145819524986,nan,nan,nan,0.9851244080988281,2.1958434542888856,8.0,0.03691215283120686,10.0,-3.3333333333333335,5.0,3.3333333333333335,1.2979833602360125,1.6123957347029734
75.70100000000001,7.079812950359779,0.5704763114052935,2.043184660423801,0.9896389571298,0.08618301780372296,7.062310124898296,0.5462290215182729,2.036402333592582,0.9918635349322,0.07392407309676488,0.028880253102887134,0.1593711205068613,0.16752489162299528,0.013516673457221285,6.744715827583435,0.256772324834013,0.6717073058945229,0.9850538933771783,2.201465165171285,8.0,0.02566594962896973,10.0,-3.3333333333333335,5.0,3.3333333333333335,1.3130509154346566,1.603718093668474
75.75,7.062096459817119,0.6058617045112383,2.046725513946908,0.9890656296054819,0.08980844317022554,7.007846460947474,0.571843311359838,2.0417605236649017,0.989844991526251,0.062086405423614904,0.028860337108789297,0.15397883197422813,0.1613011652647996,0.01381887598600385,nan,nan,nan,0.9861396378675698,2.20309066118618,8.0,0.022414487170399067,10.0,-3.3333333333333335,5.0,3.3333333333333335,1.3242485192230546,1.604534382697591
75.80000000000001,7.04428519505314,0.6411874226369764,2.0503666798406313,0.9890672630639321,0.0912580897637657,6.989588584004372,0.6069884634255853,2.045207677481317,0.9900851230995524,0.06779981762433784,0.028833694277210397,0.15538227047299533,0.16294031023653036,0.013512918435207494,nan,nan,nan,0.989180656835705,2.188994414784562,8.0,0.050616844426118135,10.0,-3.3333333333333335,5.0,3.3333333333333335,1.3630591685713687,1.595924195673808
75.85000000000001,7.017359186262982,0.6940918688386353,2.0558612309245676,0.9894415580355778,0.09177634323254753,6.962344568337914,0.6597846070491806,2.051345762397836,0.9903772553557223,0.09780477151064697,0.02883854164369113,0.15751260702862113,0.16539115803538243,0.013818947725676631,nan,nan,nan,0.9892112343924238,2.192232989531704,8.0,0.044136054741150677,10.0,-3.3333333333333335,5.0,3.3333333333333335,1.3646618804213893,1.5938006936759341
75.9,6.999263225165124,0.7292999388197365,2.059524658792301,0.9896486963559227,0.0912319262114603,6.946318909244479,0.6960165896827242,2.05198544059094,0.9905495420188585,0.0803197874594266,0.02907062064530427,0.15889228614199635,0.16700630000364874,0.013513001242722486,nan,nan,nan,0.9893861366536749,2.1971723193265467,8.0,0.03425358110016008,10.0,-3.3333333333333335,5.0,3.3333333333333335,1.3779657511987817,1.5809626015485374
75.95,6.971895508925935,0.782010272173691,2.064981092206514,0.9898148257509934,0.09126595098964507,6.898475654650334,0.7616065794243984,2.0568867482547875,0.9919467746602332,0.07778040429145701,0.029064149723989338,0.15345710158466938,0.1607146394517178,0.013815194127890349,6.725493388599433,0.8291328841338654,0.20952553548529626,0.9888240343974404,2.201630653684859,8.0,0.025334918794782002,10.0,-3.3333333333333335,5.0,3.3333333333333335,1.3619578186668486,1.5918950768841447
76.0,6.944255928720171,0.8345848315662447,2.0704790359232237,0.9898961710217098,0.09176273267108245,6.881621428609375,0.7975048077874175,2.058056976597034,0.9918154817503769,0.10044613649802106,0.029247226101744475,0.1548709185971655,0.16235182481807278,0.013509700853158484,nan,nan,nan,0.9894648999620624,2.202170265817808,8.0,0.024255528625093614,10.0,-3.3333333333333335,5.0,3.3333333333333335,1.367149843662825,1.5874863569974316
76.05000000000001,6.925676553028486,0.8695553797167982,2.074146262457223,0.9898853672477109,0.09159603891007674,6.853691765163094,0.8500476176122158,2.0624169480404966,0.9915713612083733,0.08317783776977296,0.029244882051808776,0.15701559244652655,0.16480071745189126,0.013815842652468567,nan,nan,nan,0.9890472264003012,2.206197626507279,8.0,0.01619997244004967,10.0,-3.3333333333333335,5.0,3.3333333333333335,1.3696557484257674,1.581912479535898
76.10000000000001,6.897576340245432,0.921886211542808,2.079660468404523,0.9898632896320521,0.09233302627532898,6.828581651408204,0.8818704678737267,2.073773547577826,0.9914178366965445,0.09408110438626374,0.028600134995353646,0.1584059433017489,0.1664137068775558,0.0135102919653864,nan,nan,nan,0.9890131277016191,2.210788441339284,8.0,0.007018017302194757,10.0,-3.3333333333333335,5.0,3.3333333333333335,1.3618268846791428,1.5900744998704883
76.15,6.878684555441777,0.9566951931413015,2.083322771106339,0.9901502812129195,0.09092337984432708,6.798010960305119,0.8219413682709519,2.0799013355366114,0.9849080810210423,0.09316758611256629,0.028575437562870856,0.15292901830821107,0.16006237191011585,0.01381244899882762,6.7199808013238576,-0.1914273987768259,4.446453917412224,0.9906959209294691,2.2102912579460465,8.0,0.008012398149200628,10.0,-3.3333333333333335,5.0,3.3333333333333335,1.3901955434791646,1.5755243736892988
76.2,6.859656855200125,0.9914602566352402,2.0868665383551774,0.9912536529668786,0.08613198062455053,6.781608395746163,0.8577613905879156,2.0800827255135967,0.9872955166159241,0.09485290228917286,0.028881736279739886,0.15435477296248082,0.16169457531875522,0.013507302075023443,nan,nan,nan,0.9949845553462825,2.1800975701712764,8.0,0.06842641079333411,10.0,-3.3333333333333335,5.0,3.3333333333333335,1.4709210404332076,1.5490182204079792
76.25,6.830833398538869,1.0435756581825313,2.0917099645758226,0.9932291477883414,0.07742500619502592,6.752637388573667,0.9095011211361773,2.0840357634304763,0.9900780839315482,0.07756418645270978,0.02888061880247636,0.15651714695775257,0.1641372924682652,0.01381353425849716,nan,nan,nan,0.99457655764489,2.184278231609238,8.0,0.06005644905031993,10.0,-3.3333333333333335,5.0,3.3333333333333335,1.460048423051644,1.5498371195290153
76.30000000000001,6.811441837245096,1.0782819521414637,2.0947047776232597,0.9941112119879623,0.07357972662821281,6.734211817202738,0.9445292676671577,2.08647539741564,0.991365090301248,0.09905641614669428,0.028992919935869256,0.15791922888602536,0.1657473574537381,0.013508281945127674,nan,nan,nan,0.9945789102033756,2.1882086478627305,8.0,0.05218941645936015,10.0,-3.3333333333333335,5.0,3.3333333333333335,1.4485940591948838,1.5531875921955873
76.35000000000001,6.782113086097548,1.1302657103472153,2.0989513884883118,0.9950455303052491,0.06866817003732148,6.704781520190766,0.9962584595049161,2.090573463936071,0.9928929439908789,0.062168425661667845,0.02898938534897301,0.160048550600307,0.16815336131070013,0.013814523328696234,6.623528396128499,1.3777907504073967,0.5456141306069953,0.9945062235792577,2.19134497418964,8.0,0.04591298563751556,10.0,-3.3333333333333335,5.0,3.3333333333333335,1.4534796303216957,1.544018152360189
76.4,6.762410134139525,1.164865318436516,2.1016396795980343,0.9954713061581153,0.06666571262540917,6.677424172101119,1.0712029196503043,2.0902611406958442,0.9960965936162456,0.04325234916624514,0.029237670011496863,0.1538336880821995,0.16098083080295267,0.01350552018421859,nan,nan,nan,0.9945431228581212,2.195089943923391,8.0,0.038419708144437514,10.0,-3.3333333333333335,5.0,3.3333333333333335,1.4366281638892378,1.556662952755585
76.45,6.732647756044621,1.2166653904613995,2.105630396198522,0.9955573044843365,0.06728894188642703,6.6477008716607875,1.1230584953556026,2.093392965345547,0.9960559297802082,0.056847323134858255,0.029239295061444875,0.15600945410465278,0.1634203052941947,0.013811830730994658,nan,nan,nan,0.9932369986286885,2.2066281306922573,8.0,0.01533891052892189,10.0,-3.3333333333333335,5.0,3.3333333333333335,1.400618632776384,1.5725014827663133
76.5,6.712680785512433,1.25111856195297,2.1083539924676526,0.9953886908280479,0.06843073710836982,6.626448381931736,1.1568714591678912,2.098246708151823,0.9958618975346677,0.06364835764473462,0.029101538665650403,0.15742086972593264,0.16502792307740244,0.013506802500054314,nan,nan,nan,0.9931746940330501,2.2102953542259662,8.0,0.008004205458008062,10.0,-3.3333333333333335,5.0,3.3333333333333335,1.4044096051852364,1.568191696541097
76.55000000000001,6.682548197267005,1.3026803746905282,2.112484211462766,0.9952377525173259,0.06882350022005718,6.596283663754853,1.2084450400498485,2.1029700738957073,0.9957015816321022,0.06479105884486577,0.02910255781287757,0.1595633631601388,0.1674304328546173,0.013813109798047394,7.2324361532033645,1.7498430601825807,2.5398140319362223,0.9935440773477684,2.2119382304882453,8.0,0.00471841895387648,10.0,-3.3333333333333335,5.0,3.3333333333333335,1.4130835914517599,1.5629291707910937
76.60000000000001,6.662338237562586,1.3369805941873687,2.1152307058451956,0.9952142392642529,0.06852011940912087,6.625364897506167,1.290319342649366,2.113975689195277,0.9967218180078717,0.10277334284858032,0.028459430629970903,0.15342390108551274,0.16036130277792712,0.013504333268973144,nan,nan,nan,0.9936926456146666,2.215344412722525,8.0,-0.002093955033792394,10.0,-3.3333333333333335,5.0,3.3333333333333335,1.4157372028051411,1.561840814043824
76.65,6.631846652020329,1.3883118691407468,2.1193682765895376,0.9946487554729039,0.07005907307101264,6.594405140148449,1.3414709583896913,2.1187294530697685,0.995787966969466,0.10644718826687909,0.02846008976544371,0.15561615036610876,0.162793793227701,0.013810694088597877,nan,nan,nan,0.9905554112522583,2.2515219942265823,8.0,-0.07448352359455379,10.0,-3.3333333333333335,5.0,3.3333333333333335,1.3783004009298327,1.5709095466293208
76.7,6.611413084944108,1.4224352627149257,2.1222151083811065,0.9940804608500974,0.07171220279474907,6.576901650196488,1.3771930682354165,2.1177287287506257,0.9951538102999596,0.07414062473323631,0.028800790581946154,0.15703911398254053,0.16439657327005966,0.013505817428452286,nan,nan,nan,0.9908001521847433,2.254479139806324,8.0,-0.08040668715257437,10.0,-3.3333333333333335,5.0,3.3333333333333335,1.3840365999667341,1.5696743113146994
76.75,6.580600238224659,1.4734795121451387,2.1266252449827756,0.9933465485308666,0.07538993291075821,6.5457757333960345,1.42812468834455,2.122290782741926,0.9942189850831352,0.07744361534436933,0.028801056532490443,0.1591974373242908,0.1667933199747338,0.0138121761530677,nan,nan,nan,0.9903937526034506,2.261011126709274,8.0,-0.09349539972355814,10.0,-3.3333333333333335,5.0,3.3333333333333335,1.3670981247932772,1.5876424604382098
76.80000000000001,6.549586448520362,1.5243565303169588,2.1312872257623954,0.9928098727102979,0.07911679868571363,6.506585755059761,1.5211646199212123,2.1241759488600156,0.9978746112416433,0.08526324057532264,0.028907875592733178,0.1529925805750529,0.15967350388232218,0.013503398549184567,6.365798016056195,2.015557767168747,1.2700770884297499,0.9903937526034506,2.261011126709274,8.0,-0.09349539972355814,10.0,-3.3333333333333335,5.0,3.3333333333333335,1.3670981247932772,1.5876424604382098
76.85000000000001,6.528798653996101,1.5581750425725536,2.1345299868290066,0.9920303350066193,0.08228784581392434,6.475047712706887,1.5720191936857466,2.129102200648422,0.9960277540305071,0.07079765518382188,0.0289061232619853,0.1551973610383628,0.16210186889464978,0.013809803991292712,nan,nan,nan,0.9889145410885257,2.27321286312159,8.0,-0.1179673760005362,10.0,-3.3333333333333335,5.0,3.3333333333333335,1.3424122552319553,1.5891409707174204
76.9,6.50792438167698,1.5919053511873233,2.1378978938480158,0.9913906481877772,0.0853399775476212,6.450094895166945,1.6036806350847999,2.1381034168530366,0.9950029491416226,0.0950332089529276,0.02850261636996326,0.15663013189737407,0.16370122685047125,0.013505049475339993,nan,nan,nan,0.9892526628406,2.2758444467733963,8.0,-0.12324968637695788,10.0,-3.3333333333333335,5.0,3.3333333333333335,1.343280325451624,1.5961649273017389
76.95,6.476433092610225,1.642352056384955,2.1431146334578215,0.9909663882968586,0.08717864162745156,6.417933085854566,1.6539494938286001,2.14206151079342,0.9940431794591903,0.04122116385692973,0.028495485405451836,0.15880433180458853,0.16609188357964658,0.013811446996889496,nan,nan,nan,0.9905946066473701,2.2753635641202234,8.0,-0.12228429718443623,10.0,-3.3333333333333335,5.0,3.3333333333333335,1.3732791246757623,1.5797015884099017
77.0,6.444703108559195,1.6926398355658545,2.1484096048588004,0.9909431792155952,0.0894984862253928,6.397531571335706,1.688004214124402,2.1444713851122925,0.9937244076481372,0.0802414700430356,0.02861614294976475,0.16021437578253725,0.1676642205777101,0.013506516515429848,6.180830962400985,1.8306240358110428,0.24195791107763687,0.9908815518187161,2.2796182656489066,8.0,-0.13082778554320607,10.0,-3.3333333333333335,5.0,3.3333333333333335,1.3720879903071177,1.586710608108533
77.051,6.423410617831001,1.7260779543843727,2.1520010921342005,0.9909711049309265,0.08981358736706502,6.343979670968543,1.7538590275137944,2.1498937478962006,0.9947980764976063,0.08443100138505959,0.028611891132878615,0.1547583161222925,0.1613522813696538,0.013809090257781273,nan,nan,nan,0.9908815518187161,2.2796182656489066,8.0,-0.13082778554320607,10.0,-3.3333333333333335,5.0,3.3333333333333335,1.3720879903071177,1.586710608108533
77.10000000000001,6.402004697972667,1.7594462220875589,2.1555835712233002,0.9910553162996676,0.08917790495352065,6.321182683442715,1.7865786263987313,2.1541952502103285,0.994515765364072,0.0972366022059701,0.02850449130319081,0.1562022695231315,0.16294731651254327,0.013504438300118306,nan,nan,nan,0.9918106092282456,2.2779608625925056,8.0,-0.12749915328311134,10.0,-3.3333333333333335,5.0,3.3333333333333335,1.3857580757370678,1.5770704420908994
77.15,6.3696776647283295,1.8093706685550075,2.1608627950367145,0.9913110913370504,0.08687643163562708,6.288238868896278,1.8363239502543174,2.158305424866425,0.9942671500224858,0.06197224768611001,0.028500331220794532,0.15839160722680026,0.16533358763645498,0.013810871086631255,nan,nan,nan,0.9922648661973944,2.2786550949186903,8.0,-0.1288933225934108,10.0,-3.3333333333333335,5.0,3.3333333333333335,1.3978459100952663,1.5693365842756235
77.2,6.347978263967354,1.8425696963686047,2.164311152016104,0.9915326913124936,0.08610252318697993,6.2625264574760005,1.8673018105063466,2.166566192854689,0.9942108980478626,0.07560752668086339,0.02812359969623188,0.15981328546063772,0.16690224938185047,0.01350601966517251,6.787486270686262,1.3785544148622806,1.8471390982762315,0.9924360523228449,2.2813785942291727,8.0,-0.1323854652696137,10.0,-3.3333333333333335,5.0,3.3333333333333335,1.3862140865401387,1.5829869499931688
77.25,6.3152043350662135,1.8922444436446824,2.169437399809118,0.9920033583798027,0.08441515655134618,6.2808348026509675,1.8641361320285477,2.1710093687052225,0.9900699827517673,0.07947619266688441,0.028133877884918765,0.15442811992387798,0.16069679484767965,0.013808669449517547,nan,nan,nan,0.9933737970522689,2.2817489490870795,8.0,-0.13040225228460844,10.0,-3.3333333333333335,5.0,3.3333333333333335,1.4067290266681967,1.5700742550966764
77.30000000000001,6.293202382506109,1.925284496126867,2.1727742570967568,0.9925137078817317,0.08289200709191441,6.257201968790804,1.8960821563978325,2.174827822774958,0.99100815873507,0.05812908898854065,0.027994967563129407,0.15588417712855634,0.16228823436902864,0.013504079614555138,nan,nan,nan,0.9931869439933965,2.2878066835849293,8.0,-0.14314952133790326,10.0,-3.3333333333333335,5.0,3.3333333333333335,1.4108150644235702,1.5770770091539796
77.35000000000001,6.259965319507143,1.9747381056506093,2.1776972610866756,0.9933057017861131,0.08170289895279534,6.223312093966692,1.9449693642499721,2.179924580303693,0.9921835538947157,0.05275612523245829,0.027994912985605695,0.15809110233560345,0.1646698883986363,0.01381053718515279,nan,nan,nan,0.9934356067334699,2.2894715120170743,8.0,-0.14341086887134358,10.0,-3.3333333333333335,5.0,3.3333333333333335,1.404578189674516,1.58260337732725
77.4,6.226455551439882,2.0240558917259173,2.1825807414627545,0.9938899104577551,0.0811897308211757,6.201104209677267,1.977823332646317,2.1822666877917687,0.9927878406716808,0.08325203641413989,0.028054101643195495,0.15952481854460898,0.16623574776875927,0.013505741527768416,nan,nan,nan,0.9936046698331121,2.2930807425237862,8.0,-0.1456312937233375,10.0,-3.3333333333333335,5.0,3.3333333333333335,1.4030410104405633,1.5820335496542952
77.45,6.203969775193952,2.0568543716212764,2.185798284206575,0.9941647304860728,0.07988611002730518,6.149209173548263,2.136101999443039,2.1882968567446035,0.9998467573243993,0.06401826959916365,0.028073987397845345,0.15406805256101216,0.15998450764491648,0.013808282156646099,6.07703007036131,3.0766816612264556,4.257507427140724,0.9935537267827758,2.2958731214746413,8.0,-0.1475773673296037,10.0,-3.3333333333333335,5.0,3.3333333333333335,1.4129055345270845,1.5699882235206377
77.5,6.170046518383422,2.1058950753865764,2.1906971424671804,0.9930889590710882,0.08459187831490746,6.129022657980376,2.170498324508065,2.1878164252119277,0.9980108012691025,0.10606865376252929,0.028410968632751693,0.15553459787546012,0.16157265322301248,0.013503747899532079,nan,nan,nan,0.9891512028477965,2.3357313857193165,8.0,-0.20102853850443392,10.0,-3.3333333333333335,5.0,3.3333333333333335,1.3253429945988084,1.6007713282096108
77.55000000000001,6.147325377849196,2.1384505221166474,2.1941786868640913,0.9920250766675849,0.08830943359830803,6.094315544730008,2.219234505662227,2.193240471878388,0.9956177897847194,0.08156577010917715,0.0284075789167814,0.15775489802900278,0.16395056994275017,0.013810223762557052,nan,nan,nan,0.9882227340197477,2.3414423096908723,8.0,-0.20551712108914044,10.0,-3.3333333333333335,5.0,3.3333333333333335,1.3309243502692487,1.5928227019068433
77.60000000000001,6.124516801156508,2.1708981332370785,2.1978000372720086,0.9911703424670526,0.09200779263643483,6.072227001227043,2.2522735456876783,2.1962279541117393,0.9944111425425176,0.10448234779411397,0.02853536994886642,0.1591980900428379,0.16551335663706895,0.013505466828325022,nan,nan,nan,0.9881660121617949,2.3472365907951587,8.0,-0.20699313918134266,10.0,-3.3333333333333335,5.0,3.3333333333333335,1.3229755391849607,1.607126862247882
77.65,6.090124169391217,2.219378516222797,2.2034954425534394,0.9902175386741296,0.09660737353218594,6.0003467905338175,2.343094262051439,2.203057252551382,0.9967310317383491,0.11088370589890069,0.028532929517520202,0.15367073326827496,0.15922478424535258,0.01380789436222084,5.6832339253067214,2.6838846268664955,1.0512315614860732,0.987889661129401,2.354146824989192,8.0,-0.20950532595424676,10.0,-3.3333333333333335,5.0,3.3333333333333335,1.3221469735722498,1.6026610788424163
77.7,6.067070457504312,2.2515715640328895,2.207418753737952,0.9895192418520198,0.0989526565335997,5.976573179114205,2.3751016206889077,2.2062202347396846,0.9951503004962247,0.09145269068306425,0.028506472360188335,0.15514674763066885,0.1608085436282124,0.013503410069058622,nan,nan,nan,0.9875101005499726,2.3612722075497494,8.0,-0.20613398965791774,10.0,-3.3333333333333335,5.0,3.3333333333333335,1.3221469735722498,1.5986404800871805
77.75,6.032301075955834,2.299658699173857,2.2134868890719566,0.9885142380747853,0.1029298112865507,5.941040811999808,2.4230358660335627,2.212708661586758,0.9932127910490172,0.07941503170968972,0.028505256802071825,0.15738165176597604,0.16318033778715313,0.013809899920339468,nan,nan,nan,0.9873141681946035,2.365673956134815,8.0,-0.2063195157047093,10.0,-3.3333333333333335,5.0,3.3333333333333335,1.3131155461582884,1.6104647012501279
77.80000000000001,6.008987189037924,2.331584381991363,2.217677130200521,0.9880321439695425,0.10593102850748948,5.918543052673838,2.455670374674087,2.214932114482716,0.9922614787843701,0.10216923780599912,0.028651166428905618,0.15883578361013653,0.1647390059549109,0.013505189705008186,nan,nan,nan,0.9872128907000323,2.372798975491931,8.0,-0.2066541692199837,10.0,-3.3333333333333335,5.0,3.3333333333333335,1.3088988787538045,1.619388841693524
77.85000000000001,5.9738008873749395,2.3792774139174786,2.2241773298211274,0.9874342799797867,0.10982956793375143,5.882698726744433,2.503173621358177,2.2221178321759343,0.9909898491780532,0.120508220984309,0.02865456907611195,0.1610390477538131,0.16707203514547803,0.013811659977895546,7.578226278225458,1.7890314912767704,12.18970220192521,0.9865792437896777,2.378949696230543,8.0,-0.20823666694352339,10.0,-3.3333333333333335,5.0,3.3333333333333335,1.310056502933301,1.6157650803414125
77.9,5.938346708118171,2.4267314548218066,2.230855296217235,0.9869624655333211,0.11211905957659547,6.018701839113265,2.44853290176255,2.2315268564913637,0.9799189985508687,0.10667993169350863,0.028207166782002798,0.15473152147317756,0.15999972420714997,0.013503069453288679,nan,nan,nan,0.9864609718057592,2.386858172459943,8.0,-0.20806315421045252,10.0,-3.3333333333333335,5.0,3.3333333333333335,1.3168085798256142,1.6116616497024627
77.95,5.914556030197866,2.4582293587485657,2.2354719540794052,0.9865141711291718,0.1179166668900152,5.982491648974427,2.4948778880697637,2.2395555096367126,0.9807046659389563,0.13959933585922313,0.028212495508674915,0.1569848102019397,0.16236433447925055,0.013809570776530463,nan,nan,nan,0.981067679525328,2.426423560998882,8.0,-0.2840812123481422,10.0,-3.3333333333333335,5.0,3.3333333333333335,1.260305185569017,1.6586389465941094
78.0,5.878635384903384,2.505254192866218,2.2428124974384374,0.9858023665314131,0.12490194056194075,5.95517522011298,2.523656136698796,2.24828752386071,0.98098715094686,0.12436841463903535,0.02788107966184664,0.15845423793683994,0.16391746957477507,0.013504896236368252,nan,nan,nan,0.9809362397714969,2.435129747260108,8.0,-0.28292005202139947,10.0,-3.3333333333333335,5.0,3.3333333333333335,1.2697852998172217,1.6457718792336082
78.05000000000001,5.8545255250432,2.536454458767282,2.2478938121528667,0.9855137222182346,0.12822610799560075,5.918145590995866,2.5694198990308306,2.255873602587478,0.9815352939982376,0.11834991055790547,0.02788031492683322,0.16068204436655303,0.16624180355632143,0.013811373732797767,6.333483211077258,1.9386420082397327,2.0446387237755257,0.9819734416609457,2.4384505048739604,8.0,-0.27833385810966194,10.0,-3.3333333333333335,5.0,3.3333333333333335,1.274570268504591,1.6484094448768258
78.101,5.830277622832243,2.5675342396066494,2.2531022972367687,0.9852167195018655,0.13144961563717922,5.938529025109083,2.535488981105012,2.258668172579325,0.9768095853201207,0.14730067077981016,0.028126322735190265,0.15444014796883396,0.15928560455664284,0.013502885318202186,nan,nan,nan,0.9816707641773474,2.4476312861955,8.0,-0.27616841221519106,10.0,-3.3333333333333335,5.0,3.3333333333333335,1.266793490885251,1.6521491551427845
78.15100000000001,5.793631666294212,2.6139321297753395,2.261076424846428,0.9855191744140137,0.1328043801429781,5.901166642709455,2.5806888599430677,2.267793954466626,0.9789019601711978,0.15774498041650062,0.028129875271480614,0.1567170306218539,0.1616441920025519,0.013809388670451762,nan,nan,nan,0.9841338752186504,2.4370400249402517,8.0,-0.27211660875027377,10.0,-3.3333333333333335,5.0,3.3333333333333335,1.3146005700424364,1.638421850904769
78.2,5.768997441377025,2.6447314711242345,2.266372589084208,0.9859382627456167,0.13211033330252214,5.87695132143391,2.611364767194388,2.271740127280646,0.9802145417974634,0.14060884372501772,0.028237924721803837,0.15820303731215818,0.1631930485238892,0.013504736277650524,nan,nan,nan,0.9842057556830919,2.445760224760132,8.0,-0.2693466301334051,10.0,-3.3333333333333335,5.0,3.3333333333333335,1.3157761143536884,1.6318048640073428
78.25,5.731744028977059,2.6907131164636318,2.274292011252118,0.9862002561398052,0.13236755462965638,5.8388791041482095,2.656234799042275,2.2795423381554585,0.9816788753561547,0.1155299954827904,0.028235369888812166,0.1604533287840433,0.16551233063942175,0.01381121781838576,nan,nan,nan,0.9836493787923651,2.4528222834793025,8.0,-0.26837991746376133,10.0,-3.3333333333333335,5.0,3.3333333333333335,1.2992517956212768,1.6401479339055554
78.30000000000001,5.6941371372762575,2.7364101219807044,2.282315909843131,0.986120113752991,0.13501028274534557,5.833460821684508,2.799991344012286,2.279795627422951,0.987426212081064,0.11551852599721121,0.028654711572532236,0.15412840343940581,0.15852078231721906,0.013502650278564966,6.090976122943464,3.8112531723063894,4.952658708679272,0.9833082239761863,2.4625091096189524,8.0,-0.26484416274393263,10.0,-3.3333333333333335,5.0,3.3333333333333335,1.2819693862555146,1.6504121166427217
78.35000000000001,5.669733075616334,2.7654103308483657,2.2904295109726585,0.9171320586271895,0.25269552842704013,5.795327507608877,2.844205758331482,2.288968365154645,0.9045030610409671,0.2663129931720072,0.028654935259612307,0.1564241690979225,0.1608724923034925,0.013809165642745461,nan,nan,nan,0.5195970144660998,-2.9789725832065383,9.0,0.9060882405317456,5.0,3.3333333333333335,0.0,0.0,-1.6299859345964012,1.2730611176045805
78.586,5.636504682738227,2.8045509587340978,2.311333976361157,0.8148309531230511,0.4055829306551016,5.7600233499602425,2.8827496102590904,2.308476751527585,0.8035978118577258,0.41727300052110644,0.028565054101986505,0.15868178340094471,0.16318840187282715,0.01360709183784119,5.664246464837392,2.4251231538095417,0.9336546880025568,0.5066158478201492,-2.954675710500864,9.0,0.8481470672830127,5.0,3.3333333333333335,0.0,0.0,-1.522398283586906,1.3157810121114213
78.601,5.542524971599056,2.9084342961182332,2.4174634055091975,0.6269686888491199,0.5869974762651398,5.663509531412991,2.9365659336052645,2.4072774400766725,0.6232923213410941,0.5952458171368682,0.02904350189457043,0.15851909114105733,0.16239074289697272,0.013606633081163444,nan,nan,nan,0.5361166433709033,-2.906135513031386,9.0,0.735831638236467,5.0,3.3333333333333335,0.0,0.0,-0.9355987861958439,1.6149236665928004
78.65,5.525036748426702,2.925934235072898,2.4410384302864356,0.6113516977347494,0.5910571073918136,5.645011791074613,2.953073295497185,2.4303988996698545,0.6096860221830281,0.5802650151117676,0.02904192337681838,0.16012069602888374,0.16393847394238248,0.01381042063068301,nan,nan,nan,0.551650760644925,-2.8894536366648507,9.0,0.6981792989994968,5.0,3.3333333333333335,0.0,0.0,-0.8012698067077255,1.6655977864938643
78.7,5.507579248954661,2.9427072570143586,2.4647120817790293,0.599288330229971,0.5929419442431383,5.625928355340233,2.968354161035152,2.45535933920452,0.5998755574016893,0.5908741356853834,0.028973327414412005,0.16171841530941117,0.16546515466649825,0.013505528062035144,5.235966289775383,2.9233146796379765,0.5590543365260289,0.561940066510709,-2.8787194213604845,9.0,0.6741836434831616,5.0,3.3333333333333335,0.0,0.0,-0.7422991078084926,1.709132064008221
78.75,5.4812685927573135,2.9666675554521396,2.5002770482776038,0.5865148597915251,0.5926764580775249,5.561318739930003,2.989169209624803,2.4911422461343102,0.5914214523537978,0.5827662527988892,0.02896490570281213,0.15634301985839438,0.15939616960190317,0.01380873971745322,nan,nan,nan,0.5738439531140039,-2.8682214943984277,9.0,0.6508836092680466,5.0,3.3333333333333335,0.0,0.0,-0.6697667886411628,1.739385593734597
78.80000000000001,5.463540160100597,2.98193284728548,2.523934994513082,0.5812391067215347,0.5911845840267758,5.542111488695607,3.0030987248333325,2.514470612139215,0.5879439971124713,0.563913815468851,0.028916900392813714,0.15803251489507683,0.16094291626610266,0.013504035209304764,nan,nan,nan,0.5832763446210393,-2.8440031584078413,9.0,0.5977254756162798,5.0,3.3333333333333335,0.0,0.0,-0.6181465603385796,1.77227881455514
78.85000000000001,5.43651388879958,3.0038879653486377,2.559298337807914,0.5770527927912982,0.5885105322630135,5.513380769179827,3.0234289762096527,2.5501763900863326,0.585257138529143,0.5953307222829736,0.028931689225996128,0.16062695485801384,0.16325234147299783,0.013810327501257541,nan,nan,nan,0.5938565415993133,-2.833762067567399,9.0,0.5754811523583726,5.0,3.3333333333333335,0.0,0.0,-0.5717526974247413,1.803842328114351
78.9,5.418131016792498,3.0179545901410756,2.582749727373785,0.577053747518425,0.5846105832940134,5.492437015576649,3.0351747067584816,2.5766295491355784,0.5871819695290831,0.5878691130217337,0.028734936578149364,0.1623667477681607,0.16476107442063637,0.013505426950585757,nan,nan,nan,0.6102006274057233,-2.818526395011418,9.0,0.542628424963648,5.0,3.3333333333333335,0.0,0.0,-0.4760319288270275,1.8221640803081738
78.95100000000001,5.389843169283852,3.0383024134575463,2.617557248956501,0.5806479301144183,0.5771060303487602,5.4745352748917515,2.996331063033236,2.6104458131377317,0.587139828367165,0.5575185742605958,0.02872091311732644,0.15695029580337438,0.15861169973986755,0.013809003242430904,5.558845920174979,2.4670168970989255,1.2079192107841068,0.6231613104898739,-2.808537771141032,9.0,0.5212378821699063,5.0,3.3333333333333335,0.0,0.0,-0.41889104330021976,1.8448608275764249
79.0,5.37042098740859,3.051421088838882,2.640480335429323,0.5870139489782991,0.5700851332592556,5.456957929372369,3.0106806724699657,2.6283094725810177,0.5967041809242853,0.5656824579354343,0.029175619199608906,0.15877753128027006,0.1601256727228158,0.01350425612752032,nan,nan,nan,0.6571628674615327,-2.8189916923772538,9.0,0.5436276482939653,5.0,3.3333333333333335,0.0,0.0,-0.25554480281307457,1.9082144213740015
79.052,5.340193572495476,3.070535820327798,2.6743080750949044,0.5991933651100639,0.5597809779346238,5.425339270514813,3.02803125456412,2.6628005771152186,0.6098536420518903,0.5572630553520233,0.02918337174189901,0.16157186995900574,0.16237622693063503,0.01381052296349141,nan,nan,nan,0.6774211961561796,-2.793839616238838,9.0,0.4899624613187425,5.0,3.3333333333333335,0.0,0.0,-0.18637741124903817,1.9127037191504823
79.10000000000001,5.319329783847766,3.082885462903612,2.6965489262468654,0.6075022477789983,0.5535616092826948,5.400755552193475,3.0365568289389535,2.690843469978307,0.6193085281628781,0.5385607373841106,0.028739268067588322,0.16344497368667893,0.16383896924342756,0.01350559222799955,nan,nan,nan,0.6774211961561796,-2.793839616238838,9.0,0.4899624613187425,5.0,3.3333333333333335,0.0,0.0,-0.18637741124903817,1.9127037191504823
79.15,5.286940871004262,3.1008104133731913,2.729470102151576,0.6209096709271913,0.545104571275134,5.417243075734172,2.945060535344634,2.7256706348226745,0.6218534708029826,0.5527774793735848,0.028737807182141403,0.15788451107815182,0.15760958928728241,0.013809421450781869,5.794085749835638,1.993923421795915,4.593984296216741,0.6907260596472872,-2.7840381523352646,9.0,0.46923216127397094,5.0,3.3333333333333335,0.0,0.0,-0.13812186484421873,1.9292798698997475
79.2,5.264545588691318,3.112418699823658,2.7510352565765674,0.6350114323140128,0.5336418977730575,5.396325857237945,2.957158590314549,2.743190736577029,0.6409611714511803,0.5405363141566668,0.02911326653376883,0.15982245962973987,0.15906739498210037,0.013504618055443283,nan,nan,nan,0.7428596219301387,-2.824050257328974,9.0,0.5545073118332386,5.0,3.3333333333333335,0.0,0.0,0.1543692074355928,1.993214383224028
79.25,5.229350050176733,3.1293471306026532,2.78242521284226,0.6586770162836019,0.5166477286991371,5.360243055899802,2.971892347093568,2.775690384829387,0.6659809163098773,0.5278384554793712,0.029122251357048413,0.1627657717258261,0.16122821096328113,0.013810870805546802,nan,nan,nan,0.7478138643529814,-2.813961360535876,9.0,0.5328383364302625,5.0,3.3333333333333335,0.0,0.0,0.14829279176066146,1.9818976169395284
79.30000000000001,5.192415605037458,3.1455965626271096,2.812982033327479,0.6792036383047093,0.5041989524086555,5.335021941889484,2.9811806842333093,2.7969108663336595,0.6808590714769606,0.512766322243773,0.02909715042172086,0.16472867087142745,0.16262990621040593,0.01350590067788472,nan,nan,nan,0.7592341133533862,-2.7988340945115606,9.0,0.5005639727829536,5.0,3.3333333333333335,0.0,0.0,0.17058199129242957,1.9693145650073907
79.35000000000001,5.166913288662999,3.156013508324127,2.832994297863134,0.691621789268558,0.4978412973924911,5.296044064312262,2.9947127984912996,2.8273552339899037,0.7008358918605362,0.4805834623178625,0.029098310466622222,0.16769163374336798,0.16470542988353581,0.013812136044961664,5.991507347169266,3.271077148457554,2.0288797610802343,0.7663312977965129,-2.7885891254540733,9.0,0.47884545224138064,5.0,3.3333333333333335,0.0,0.0,0.18236914098801205,1.9672097371050135
79.4,5.127452399338664,3.1709515911075528,2.862628008855494,0.7084717446273073,0.4909448173800303,5.338006301836534,3.024849742076197,2.8451222296296237,0.7069539798274758,0.483948129297325,0.029287784011423602,0.16090713660509914,0.15776389003344848,0.013505020361318067,nan,nan,nan,0.7757795941143631,-2.772983386903644,9.0,0.4459650162494787,5.0,3.3333333333333335,0.0,0.0,0.1937149825233807,1.9666144461265267
79.45100000000001,5.100376235505998,3.1804268598657917,2.8821516488110475,0.7197653754152367,0.4858836028449546,5.296971084111744,3.036936649430069,2.8746113932905493,0.7253065887664348,0.47280611062643013,0.029292526550151594,0.1639069366546634,0.15984140225914792,0.013811269632410472,nan,nan,nan,0.786338413339291,-2.7721263332619515,9.0,0.4441660248579846,5.0,3.3333333333333335,0.0,0.0,0.24751531757671585,1.9736525890450904
79.5,5.072700695946218,3.1894914265816703,2.9014853358094315,0.7303394133174794,0.4812478965960995,5.26990901552607,3.045877082065378,2.8916844430846034,0.7367715019848806,0.48960778754661116,0.029524049261388834,0.16589610157667103,0.16118953203773428,0.01350625559547819,nan,nan,nan,0.7947874367250654,-2.7564348349280343,9.0,0.41134686671247556,5.0,3.3333333333333335,0.0,0.0,0.26495943654918674,1.9651387177628634
79.55000000000001,5.0301588698383295,3.2022681662690062,2.93016086661783,0.7443683150165755,0.47498086164817693,5.226674107055725,3.0564789907421783,2.92018466421168,0.7517488553226913,0.4665973638100948,0.029525441452653088,0.16887663660812777,0.16319171449501357,0.013812483534035828,4.571144440413036,2.8652062105903187,1.6841883283284085,0.7985830058216109,-2.745641802777724,9.0,0.38889664235202515,5.0,3.3333333333333335,0.0,0.0,0.27585764204870944,1.9502141194081801
79.601,4.986512870211329,3.2139993559576125,2.958496109927022,0.7566718929931726,0.4699067686527088,5.1324513961562594,3.0516819424815576,2.936405619059034,0.7669878123927787,0.46198366978532723,0.029714362071451398,0.1619230355712395,0.15642478226551554,0.013505429473866062,nan,nan,nan,0.8061318777747106,-2.729790108746853,9.0,0.35609290890467027,5.0,3.3333333333333335,0.0,0.0,0.2885652871655916,1.9497166275678701
79.65,4.956894250356367,3.221199819824136,2.9772794432429732,0.7624015740197176,0.469001654363728,5.087109256945719,3.060654022177355,2.9659528117558267,0.7759735716084389,0.47918925788589356,0.029726285983699075,0.1649088609432783,0.15844360138007527,0.013811660619782038,nan,nan,nan,0.8018099325496666,-2.706301229115931,9.0,0.3078189380970659,5.0,3.3333333333333335,0.0,0.0,0.23503432060473306,1.9280851751675745
79.7,4.911838003416948,3.231035020687373,3.0053531768384936,0.7703690761821627,0.465979552819341,5.055302012789734,3.064091032626058,2.9882537586182227,0.7814177973643097,0.4619994583909751,0.029446009599754366,0.16688209512892255,0.15975358944274248,0.013506591050833778,nan,nan,nan,0.8098500004551025,-2.6903325446664716,9.0,0.27520242302799647,5.0,3.3333333333333335,0.0,0.0,0.27555608147254906,1.9203759403205116
79.751,4.881385093466786,3.236934576651914,3.0239451030357505,0.7759972744919341,0.4634947883767239,5.00874863808053,3.0708493635669196,3.0153641798869897,0.7894872999390838,0.4373097368871267,0.02944565020073273,0.1698261644317525,0.16170533387610303,0.013951041057461462,nan,nan,nan,0.8169616431034484,-2.6802578106239006,9.0,0.25469917289780214,5.0,3.3333333333333335,0.0,0.0,0.31990316134124885,1.9388989067642992
79.80000000000001,4.850606129377927,3.2422970560616595,3.0424456609387884,0.7815877609338312,0.4613564201549941,4.9699476961133815,3.092632691304821,3.0313859182231226,0.7963520992540426,0.47237583885006196,0.029691805717232213,0.16254989283247553,0.15500627026559768,0.013582226663414234,4.927763336227544,3.239775305279455,0.11540310879881074,0.8236011617431497,-2.664756215442575,9.0,0.22325273556308403,5.0,3.3333333333333335,0.0,0.0,0.31990316134124885,1.9388989067642992
79.85000000000001,4.803880050327779,3.249311739150251,3.0700493211274664,0.7885683092514746,0.45854398267196317,4.922273225600402,3.097472470826825,3.0585449441605306,0.8026445362212696,0.4461584652897471,0.029691507692016422,0.1654846553720467,0.15699086506926496,0.01388668603572479,nan,nan,nan,0.8215548660913521,-2.64513596220889,9.0,0.1836050211842043,5.0,3.3333333333333335,0.0,0.0,0.3083723159149694,1.9161773587278044
79.9,4.772421480020062,3.2532913384836393,3.088363259599905,0.7927734400004223,0.45685367037483127,4.889961570488114,3.099467418701161,3.0779344301483462,0.8068225199605316,0.4516785257139404,0.029621162469619083,0.16742310442455396,0.1582810491063957,0.013572581780233583,nan,nan,nan,0.8283542117545538,-2.6300074736534755,9.0,0.15313304305990708,5.0,3.3333333333333335,0.0,0.0,0.3289790880140292,1.927612746422792
79.95,4.7247801396973585,3.258202121485952,3.1156881871942597,0.7995847605767235,0.4534116506920478,4.841504926294879,3.1021312998380624,3.104923140433205,0.8132710141626055,0.4647846833207517,0.029629019958303696,0.17031049505812088,0.16021190213318473,0.013877214283287139,nan,nan,nan,0.8360618736797517,-2.615392555797237,9.0,0.12376262414706034,5.0,3.3333333333333335,0.0,0.0,0.3669427654768136,1.9292090773355295
80.0,4.692718353172615,3.260762377590383,3.1337583868445673,0.8042932109903171,0.4500685048065394,4.809593002545764,3.104643713147364,3.120427834866298,0.8178432637294776,0.4205415125323132,0.029822100761665634,0.17221337340753484,0.1614671324922548,0.01356421838166938,3.2026731584696106,3.015616935963034,9.271199753113617,0.84055344234699,-2.6057698769082824,9.0,0.10445447153628537,5.0,3.3333333333333335,0.0,0.0,0.3940575352958118,1.9229006526349024
80.05000000000001,4.6442106246742325,3.2635178878011875,-3.1225335598836064,0.8109256216673708,0.4470352516452428,4.589752681268308,3.108734523622148,-3.1356682061775016,0.8387695600617069,0.44082928082511175,0.029812902285926732,0.1656541157939661,0.1555816553689695,0.013866995218169581,nan,nan,nan,0.8435904898235284,-2.5958960257454127,9.0,0.08466246693722412,5.0,3.3333333333333335,0.0,0.0,0.3869464509873777,1.9399601896122274
80.10000000000001,4.611687917364816,3.2646183325585842,-3.1046011663307502,0.8116331971605254,0.449401099023123,4.555535340092496,3.1065493728307345,-3.1146595691019257,0.8355718551774101,0.442077757465982,0.029564158583855544,0.16755218934409472,0.15686869062201253,0.013555200629217662,nan,nan,nan,0.8239674833903559,-2.533249474499831,9.0,-0.04068676247322228,5.0,3.3333333333333335,0.0,0.0,0.2349855268638792,1.8844650935006522
80.15,4.562937235706586,3.26518894878606,-3.0774672584775717,0.8110686985139444,0.4527567616742728,4.505505115116157,3.104758537388745,-3.0881818980567086,0.8329561710270242,0.4339320038494382,0.029566184275495976,0.17037576628486048,0.15880161878716537,0.013860141419756916,nan,nan,nan,0.8309484996343932,-2.524673625831282,9.0,-0.05784897297858266,5.0,3.3333333333333335,0.0,0.0,0.2817734995486503,1.898069123387796
80.2,4.530408408345237,3.2648427699919473,-3.059336509937623,0.8123181201907617,0.452637584227234,4.473562239133446,3.106863278864794,-3.0761554877744843,0.833506970760273,0.43700647693699424,0.03008881962610374,0.17223738174756056,0.16005954689683577,0.013549153943299733,4.64052768651872,3.931487472042094,2.5737974766559097,0.8383088686555431,-2.511559475799224,9.0,-0.0841106834335324,5.0,3.3333333333333335,0.0,0.0,0.3296249115522508,1.9123465752451536
80.25,4.4815077024338,3.263212017398105,-3.0322043389109323,0.8150017546234132,0.45129028098045393,4.436348918190315,3.178744212710367,-3.049161505581794,0.8334700623427372,0.4419921461200193,0.030122963514941946,0.1656308400140562,0.15439179030784686,0.013852165354604675,nan,nan,nan,0.8395676016009406,-2.501845953437963,9.0,-0.10358065377379219,5.0,3.3333333333333335,0.0,0.0,0.33827881312207553,1.9116022345820436
80.30000000000001,4.448867202290004,3.261379943078434,-3.01414156193171,0.8158650392253852,0.4516308248231641,4.402788449153084,3.174121933434665,-3.029281095374654,0.8328250459378149,0.4297272377916404,0.029939102916885476,0.16749392878486344,0.1556866805326361,0.013542113302102012,nan,nan,nan,0.832423868638416,-2.4618327132493207,9.0,-0.18403144236662758,5.0,3.3333333333333335,0.0,0.0,0.29454167508099494,1.9029343351823993
80.35000000000001,4.399937459938148,3.2575273832565803,-2.9870005127201225,0.8172496194800933,0.45183941321790877,4.353190226319762,3.168092056380526,-3.0028407277234184,0.833330484921246,0.440227312740467,0.02994555252065557,0.17026705430972439,0.1576376459083251,0.013847300734695823,nan,nan,nan,0.839319356220967,-2.4545147632345934,9.0,-0.19880147229513068,5.0,3.3333333333333335,0.0,0.0,0.3349277442160583,1.915444950402928
80.4,4.367302252944551,3.25421526697568,-2.9689552832846036,0.8194650960357226,0.4497606598998768,4.319635993708438,3.1609400849675517,-2.9810517516537294,0.8355464075012433,0.44607632332960334,0.02965441679147252,0.17209750860852907,0.15890856004331022,0.013537825064585993,nan,nan,nan,0.8475467971418246,-2.4433900906301615,9.0,-0.22129645525547975,5.0,3.3333333333333335,0.0,0.0,0.39203203955606447,1.918202100643461
80.45,4.318252810970209,3.2481098811995426,-2.9421482091300764,0.8245016089335941,0.44374072831601125,4.346837497810506,3.1576954761632217,-2.953693373066054,0.8333469747120187,0.424944190419896,0.029663968329401654,0.16532030620320648,0.15331800172762172,0.013978928380946255,5.022113739889587,3.252099367178988,1.8812168299864158,0.8556910549075558,-2.4371401989723864,9.0,-0.23395819474990673,5.0,3.3333333333333335,0.0,0.0,0.4450201263596546,1.9198937257400006
80.501,4.285438807715153,3.2432708121107328,-2.9245381956265737,0.8301231241077011,0.4371346236925948,4.313993218945171,3.150980642316803,-2.9351882518305543,0.8405791177337101,0.4140510802461011,0.029627429641752533,0.16715295507528122,0.1546316961790466,0.013608457015108518,nan,nan,nan,0.8738308395825097,-2.4459231007939852,9.0,-0.21616983737621404,5.0,3.3333333333333335,0.0,0.0,0.5627431637218583,1.9460986282021475
80.55000000000001,4.23590808588273,3.234815024478087,-2.8986694739152528,0.8400126279240651,0.42673027880227465,4.26452583652718,3.1401738133742674,-2.9098448497294003,0.8505841654435846,0.4013539198783259,0.02963144491224246,0.16988016795118288,0.15661665759153165,0.013912094394986836,nan,nan,nan,0.8797292995530462,-2.439684498787836,9.0,-0.2288014858293492,5.0,3.3333333333333335,0.0,0.0,0.5890564627370051,1.9443268576682788
80.60000000000001,4.202705171050463,3.228382499183653,-2.8817516115410307,0.8464165974817913,0.42020677128258643,4.231062816006676,3.129750055964083,-2.8894247759611766,0.8572632231582982,0.4101459304171252,0.02933975899106775,0.17168017161748697,0.15791194904021977,0.013594783299482209,nan,nan,nan,0.8873385456456577,-2.430589510477229,9.0,-0.24724922736086202,5.0,3.3333333333333335,0.0,0.0,0.6229260534976355,1.9396089353514891
80.65,4.152659092364408,3.217546944020109,-2.856873506203961,0.8559635952972922,0.40994497633355886,4.213235234949306,3.033770523184367,-2.863660687244246,0.8654394045870681,0.41261850784235504,0.029317612065130078,0.16477595048697993,0.15238788988863275,0.013896397920152147,4.468244033068302,2.2326079334038202,3.1213151973755715,0.8944027332348362,-2.4257224807256317,9.0,-0.25713808098862434,5.0,3.3333333333333335,0.0,0.0,0.6673972547256897,1.9303873960986242
80.7,4.10225258350283,3.2052717260228247,-2.832852244881746,0.8691904921515532,0.3916927501690245,4.179719386117063,3.022056031843609,-2.844392254849835,0.8756665256723851,0.3761139222350951,0.029059329639918044,0.1665730564298713,0.15373064652887275,0.013580937499387359,nan,nan,nan,0.9197385246273981,-2.4602781992714076,9.0,-0.18716724519959696,5.0,3.3333333333333335,0.0,0.0,0.8445934896986563,1.924646147343287
80.75,4.068377845988355,3.196261055868961,-2.8174678844574386,0.8782588464794643,0.38038624075509164,4.129340189834131,3.0061943287877693,-2.821423352562043,0.8892876314325229,0.3561281469597102,0.029063641986206114,0.16924239881698366,0.15576361336363118,0.013885099688348128,nan,nan,nan,0.9254798401207774,-2.455896316048962,9.0,-0.19601144715540164,5.0,3.3333333333333335,0.0,0.0,0.8603027422198902,1.9248994208344326
80.80000000000001,4.034329187482404,3.1866028011772283,-2.8024853514103065,0.8864769342553785,0.3707233776894562,4.095669446784779,2.9988323474259904,-2.8118286653992417,0.8973727175544874,0.37206675779644105,0.02954584132736114,0.17100254010052193,0.15709115089719247,0.013570994057706476,nan,nan,nan,0.9313019400161533,-2.448598014664815,9.0,-0.21075906252290255,5.0,3.3333333333333335,0.0,0.0,0.8788876013382105,1.9124610974621254
80.85000000000001,3.9830207658016,3.1709390653731027,-2.780662398620479,0.8969959176192915,0.358521632423947,4.0446542659997835,2.9809632601295837,-2.790312639516941,0.9074410123489595,0.3460850702438996,0.029547552942654202,0.1736103900411191,0.15910433548401065,0.013875366176326391,4.072395634089092,3.2020009320138203,0.1802999453501267,0.9325320865144002,-2.442395263379477,9.0,-0.2233106915404494,5.0,3.3333333333333335,0.0,0.0,0.8838553864276928,1.8945021862498332
80.9,3.9487189501396647,3.15974011052879,-2.7664843145874984,0.9031316825724248,0.35150069188321925,4.013197582777217,2.9856849518571926,-2.7727960173151063,0.9127278573148551,0.3083090983474378,0.029188973631519267,0.1657560054895454,0.15298516251313743,0.013560250328957272,nan,nan,nan,0.937804628188604,-2.4357678780692047,9.0,-0.2367408429878281,5.0,3.3333333333333335,0.0,0.0,0.9018588320904743,1.888625060238563
80.95,3.8971870372181177,3.1418395983003182,-2.7456724423419154,0.9113537302677959,0.343610732391231,3.962100049564197,2.9655465164329327,-2.7516712696199725,0.9205882328893971,0.3484959677886731,0.02920244602231593,0.16835832722826974,0.15506772071507563,0.013864844029484468,nan,nan,nan,0.9402080262517448,-2.425240244843376,9.0,-0.2581185563357104,5.0,3.3333333333333335,0.0,0.0,0.8993090716729946,1.8953291104102357
81.0,3.84562833702625,3.122655626677697,-2.7253508313752803,0.918794884390619,0.33406140360809883,3.9282613637248396,2.947609032776692,-2.733241640229317,0.9255327313572141,0.3301668097063247,0.02875579905726838,0.17007203714558833,0.15642839997738758,0.013553154148903358,nan,nan,nan,0.9453514005450383,-2.419545606903005,9.0,-0.2697061769133383,5.0,3.3333333333333335,0.0,0.0,0.947342386382062,1.864922600302026
81.05000000000001,3.8112603474953017,3.1091684594693683,-2.712154365777879,0.923748966489881,0.3269812800604507,3.78887209907151,2.873449531832851,-2.712216992541227,0.940741323961307,0.3215506076829943,0.028746288134301256,0.16330941759567458,0.15120474503679682,0.013852631210612204,3.0543478127718933,2.357077142082784,3.732210842302046,0.9506153062949865,-2.4176577121664473,9.0,-0.2735516140325785,5.0,3.3333333333333335,0.0,0.0,0.9785416433517294,1.861159979775279
81.10000000000001,3.776912858795695,3.0951337464481408,-2.6992312174901127,0.9280799651141238,0.3201555519156655,3.7543677705260343,2.860699503464147,-2.7031930504944106,0.9436662428644769,0.32492323787515776,0.029121364330579335,0.16502055143576758,0.1526115030852341,0.01362001726619625,nan,nan,nan,0.9546795276465962,-2.4100018540847454,9.0,-0.28916643189920027,5.0,3.3333333333333335,0.0,0.0,0.9885558957864092,1.8379608250094588
81.15,3.7254942121608527,3.0730974147962344,-2.68033868818696,0.9335626062401129,0.3108266813545218,3.7031871699242473,2.8363031010254995,-2.6845917736740574,0.9474694903457843,0.2921508324076364,0.029120947337524322,0.16755917521551478,0.15474214945602224,0.013923276820381287,nan,nan,nan,0.9561113529562162,-2.4058262946858995,9.0,-0.2976973248569996,5.0,3.3333333333333335,0.0,0.0,0.9987008405962472,1.8308625177216542
81.2,3.6913045176850856,3.05776889274665,-2.668031822331651,0.9370772775090662,0.30535281158199834,3.669483814121428,2.817602239062019,-2.6691663823692253,0.9502018329092234,0.2972701493507311,0.028912622927483745,0.16923030343811538,0.15613356197763265,0.013604515254668395,nan,nan,nan,0.9602999544546912,-2.4018709051736726,9.0,-0.3057881802238746,5.0,3.3333333333333335,0.0,0.0,1.0185808860230554,1.8330228255981007
81.25,3.640160835821818,3.03383676091364,-2.649986922291587,0.9424044064047378,0.2966691471811503,3.618803462932058,2.791320077977582,-2.6514865584753844,0.954258561147219,0.2777260474845578,0.028914310363316893,0.17170453909009498,0.15824521979423445,0.01390804334005079,nan,nan,nan,0.9640831332856998,-2.4003394729428145,9.0,-0.3089233806000618,5.0,3.3333333333333335,0.0,0.0,1.052564713097815,1.8212293218964628
81.30000000000001,3.606163380702249,3.0172666603869556,-2.6382620005312853,0.945949963520999,0.29054048621438555,3.6764692929676173,2.808097313687449,-2.6382168051438555,0.9496886779690336,0.2895156318303399,0.028780201329019872,0.16391681187773868,0.15218271759313917,0.013588623961248155,4.454018043554252,3.16699292283048,3.132650965330292,0.967866027894212,-2.3972915115848363,9.0,-0.31516770148342865,5.0,3.3333333333333335,0.0,0.0,1.0758241097495929,1.816228412433591
81.35000000000001,3.5553076561296693,2.9915011388205692,-2.621180113626263,0.9519957254103353,0.27939169451975115,3.626610438351037,2.7802680556699046,-2.620254079489866,0.9561855089713899,0.2963933157909561,0.028788313880585416,0.16639416353093564,0.15435775294990212,0.013892463689397862,nan,nan,nan,0.973181388039982,-2.4060989484427298,9.0,-0.29713995815778327,5.0,3.3333333333333335,0.0,0.0,1.1420459576583375,1.8067870222974425
81.4,3.5214793719519912,2.973716294841722,-2.610211035104447,0.9561773181864723,0.27056686572222055,3.5929494772744333,2.763278749969619,-2.6120282106774226,0.9605501428396298,0.2901382288699643,0.029039048329524458,0.16802692917668363,0.15577827064357566,0.013577380477584507,nan,nan,nan,0.9766860922782609,-2.4038975917519902,9.0,-0.30164133227246387,5.0,3.3333333333333335,0.0,0.0,1.1730494700655076,1.7850042806463695
81.45,3.470879566656559,2.946162930090745,-2.5944012091300124,0.9616576365333691,0.25851798949288185,3.5432728886021354,2.73383410167211,-2.5948528060408194,0.966059767914561,0.2711856894512393,0.029042521070040194,0.17044935779261972,0.15793284660670814,0.013881464164313928,nan,nan,nan,0.9779584521296827,-2.4016808843891226,9.0,-0.3061771171782676,5.0,3.3333333333333335,0.0,0.0,1.1784811653463148,1.7774125611152434
81.5,3.4372635095535182,2.9272362139475416,-2.584233605146896,0.9649118588046981,0.25119121247996784,3.5113087340059845,2.7098869019270815,-2.5794424569102574,0.9693869063187949,0.25885712004252365,0.028632239541814587,0.1720419697576574,0.15933861522188483,0.013567704576170816,3.9863935459703583,3.10761508972312,1.378724900292204,0.9811125882892674,-2.4001881265611913,9.0,-0.3092333023799747,5.0,3.3333333333333335,0.0,0.0,1.1990234518157536,1.7660689386936461
81.55000000000001,3.3870307962564317,2.8980433165530552,-2.56953259573846,0.9695556058710537,0.24011050315044508,3.513481753428011,2.716324015143245,-2.5646089747446283,0.9699133822407724,0.21530288779385115,0.02863861495466159,0.16510728938367053,0.15402898712821705,0.013869340549785957,nan,nan,nan,0.984167471804261,-2.4012600579796084,9.0,-0.3070385506102149,5.0,3.3333333333333335,0.0,0.0,1.2263077200944343,1.7537692208523625
81.601,3.3370326644657946,2.8679189336416684,-2.5554639542187143,0.9741006014644606,0.23057301904755376,3.4798071388533343,2.698824906870856,-2.5605724516398243,0.9735768722193991,0.22988539839858405,0.029075310962128554,0.1667094499931411,0.1554764762419073,0.013557035044610097,nan,nan,nan,0.9863565577297255,-2.399233162970407,9.0,-0.3111891782566104,5.0,3.3333333333333335,0.0,0.0,1.2364090917036363,1.7602942167912188
81.65,3.303839879213474,2.8473395384804254,-2.546379626377327,0.9766649962284284,0.2248357684053357,3.431052863035414,2.666479378904076,-2.545988045142923,0.9780385500684321,0.23860062462047738,0.029082034252533546,0.1690906960268027,0.1576699768783705,0.013861580172327923,nan,nan,nan,0.9866881000092315,-2.3972228894674052,9.0,-0.31530835538030144,5.0,3.3333333333333335,0.0,0.0,1.241431248357444,1.7475716161558337
81.7,3.2707722235909094,2.826384423293472,-2.5375296967049277,0.9789666932121989,0.21848501110333074,3.396108359341714,2.6518275128170123,-2.5466309939169745,0.9806380552445447,0.2054303379984529,0.029894798630896495,0.17065856610076532,0.15909946341377362,0.013550210942552298,3.2710658637346235,3.850500806486889,5.278301548826371,0.9889453893762132,-2.397159027262452,9.0,-0.31543925567804854,5.0,3.3333333333333335,0.0,0.0,1.2692524646958747,1.7248590186409059
81.751,3.2214214427247163,2.7942791060470857,-2.524706004098645,0.9817528245375987,0.21112548841491585,3.3379505929445163,2.728626457880646,-2.5346626661833453,0.9803175393077951,0.21476133881471748,0.02994443697015724,0.16390524801288528,0.15384717955938187,0.013852164411189742,nan,nan,nan,0.9883215090129618,-2.3936519545895156,9.0,-0.3226318892435972,5.0,3.3333333333333335,0.0,0.0,1.2435708077393097,1.738163655322924
81.80000000000001,3.18871551055015,2.77245670961591,-2.5162823413036843,0.9825829105017896,0.21110551650270087,3.3065922554996554,2.7040911158738243,-2.5243873183395307,0.9811682818137916,0.16088213366662235,0.029694648218383572,0.16548869487010567,0.15531390404202625,0.013541927933990807,nan,nan,nan,0.9824758223398081,-2.3471761280030594,9.0,-0.41879259852117623,5.0,3.3333333333333335,0.0,0.0,1.172864653725817,1.7635151972149006
81.85000000000001,3.1400051435304053,2.739154669867451,-2.503502071781129,0.983280765099477,0.21410740381514626,3.25869427605263,2.6698218583020625,-2.512084694497989,0.9826202283645102,0.2195860077221396,0.029704652090484184,0.16784455234431897,0.1575356132042529,0.013846847162358972,nan,nan,nan,0.9845932149541071,-2.348623215650864,9.0,-0.4157724359166818,5.0,3.3333333333333335,0.0,0.0,1.1761059771535014,1.7746925782862029
81.9,3.1077549395350106,2.716576919008587,-2.4949458670360536,0.9840092552429921,0.21272384399785826,3.2246154815765524,2.652167524584923,-2.509771613469786,0.9839013313600435,0.2555978501119205,0.03033019245255052,0.16939556149224735,0.15898358774254928,0.01353726508384958,nan,nan,nan,0.9868211759802175,-2.3495554781533805,9.0,-0.4138277086654151,5.0,3.3333333333333335,0.0,0.0,1.2262151166376452,1.738133959493759
81.95,3.059704389488308,2.6821485259775844,-2.4823201053830015,0.9851801444728443,0.20894229653988586,3.1464747215806734,2.6520824624168844,-2.4973155862196355,0.9858178114414726,0.2178336494600523,0.03034679413014539,0.16266547005248502,0.1536434124518316,0.013839293772719745,2.9001227519987745,3.030772576898204,0.8976974083073912,0.9875638625167633,-2.347952667687842,9.0,-0.417171684817465,5.0,3.3333333333333335,0.0,0.0,1.2228939977877076,1.7419426583973205
82.001,3.0120666729236802,2.647070890865071,-2.4698438974530474,0.985610782329854,0.20739638186644535,3.1145297428348817,2.629351230113563,-2.4902060098780643,0.9861975817633571,0.20315241344317314,0.030466179000795568,0.1642331417651637,0.1551276082352992,0.013530617489650655,nan,nan,nan,0.9855138434047904,-2.3268968834718717,9.0,-0.4613158479836792,5.0,3.3333333333333335,0.0,0.0,1.2037599793829237,1.740749168058173
82.05000000000001,2.9805506532012265,2.6233420582115765,-2.461571962414882,0.9859159621934424,0.20627971913447118,3.0676179702864994,2.593268502440982,-2.477319556213978,0.9869036762023531,0.20285648592821542,0.03046929392822116,0.16656878612613146,0.1573746460694611,0.013835816920454639,nan,nan,nan,0.9867866605939523,-2.3274636300403246,9.0,-0.46012220543374005,5.0,3.3333333333333335,0.0,0.0,1.2139030531911519,1.7396082619498323
82.10000000000001,2.933626477924802,2.587231166695601,-2.4493167783469088,0.986800451300323,0.20224579278735338,3.0363531112757745,2.5693162180172573,-2.4698651756774206,0.9877799657085027,0.2247281485098007,0.030523185549167726,0.1681050749805866,0.15884073484717207,0.013527585367747017,nan,nan,nan,0.9890745651128562,-2.329364243770651,9.0,-0.4561215306911176,5.0,3.3333333333333335,0.0,0.0,1.2440568047058862,1.7256375532932944
82.15,2.9025687563044733,2.562811005009144,-2.4413331381571624,0.9875527966365618,0.19772884760337459,2.967745849665274,2.60372637069577,-2.4576485530701295,0.9872169899587625,0.2094825911832746,0.030558646498518405,0.16140687678894147,0.15341388099948947,0.013829643824800512,2.7556695931466995,3.3231722007353564,2.4290619342974566,0.9903174468567512,-2.3305940809025016,9.0,-0.453534648814497,5.0,3.3333333333333335,0.0,0.0,1.2695267126940926,1.707557478211009
82.2,2.8716953650849857,2.538120535919282,-2.433486384880757,0.9879406312455989,0.19594722880634158,2.933762749295215,2.585291970030872,-2.4588977718398723,0.987725186457568,0.1794641184418608,0.03133804210375899,0.16296085795584025,0.1549151410352241,0.013522148360788603,nan,nan,nan,0.9874603241865506,-2.2991179815835396,9.0,-0.520222087956684,5.0,3.3333333333333335,0.0,0.0,1.224024822629613,1.732030464142763
82.25,2.8257587472766192,2.5006087677645064,-2.4216957804375636,0.9880365771093975,0.1973245815128129,2.887914494099321,2.5477237613428754,-2.4470808607500767,0.9882191861989288,0.2070508096461566,0.03134406945591426,0.16528101232385123,0.1571854962932335,0.013827590189739876,nan,nan,nan,0.9869994380530313,-2.2974739252999044,9.0,-0.5237341719011271,5.0,3.3333333333333335,0.0,0.0,1.2050653091020118,1.7457655539684271
82.30000000000001,2.7953844507338377,2.475290630272179,-2.413802570472531,0.9882748990243648,0.19654328675119254,2.856950453983421,2.523514823080723,-2.4408069510429855,0.9888690296067091,0.18383942928922956,0.031474577993677616,0.1668067701379056,0.1586677133979856,0.013520367568012798,nan,nan,nan,0.9892327091492038,-2.300202210504576,9.0,-0.5179075689582808,5.0,3.3333333333333335,0.0,0.0,1.2460821228131658,1.7210774258327421
82.35000000000001,2.7501809794452075,2.4368407138634205,-2.402120515065351,0.9889672933004116,0.19336746335692112,2.811731641512213,2.485074110033775,-2.4285421475378497,0.9898643121545238,0.2038432689630114,0.031480792870046244,0.16908216118720237,0.16091177880123808,0.01382588554414762,2.914326039662668,2.8992994037807227,0.6580344624709747,0.9903253948104361,-2.301593121091354,9.0,-0.514940273879866,5.0,3.3333333333333335,0.0,0.0,1.2517048512078586,1.72227479763137
82.40100000000001,2.7053972315718937,2.397822960111806,-2.390707500430987,0.9900040741566366,0.18727511923625234,2.7926394108511348,2.5017108256187854,-2.425799065092393,0.9885521992771686,0.17929559246066168,0.031873995571673086,0.16169464472317385,0.15466897645209673,0.013515822969750436,nan,nan,nan,0.9923576700270427,-2.304832131282756,9.0,-0.5080385514254472,5.0,3.3333333333333335,0.0,0.0,1.2896254258355369,1.697680859430409
82.45,2.6757719144226404,2.3714982720966717,-2.3832749289311774,0.9905881199519152,0.18528080117705964,2.7480200863979793,2.46258322298003,-2.4143617194108407,0.9900486898165166,0.16812796021979448,0.03187514151202718,0.16400163206448595,0.1569624979690116,0.01382145328989204,nan,nan,nan,0.9912467147362652,-2.2933899630170247,9.0,-0.5324715996188476,5.0,3.3333333333333335,0.0,0.0,1.2643676523390788,1.7181584845966538
82.5,2.6463333517927854,2.3449302657108526,-2.375913747246606,0.9912440914743519,0.18289375114402126,2.717754152133486,2.437373798049142,-2.4090529168763912,0.9911242401332232,0.15986960378392803,0.03201291519294139,0.16551801044084372,0.15846119614687562,0.013515000813509767,nan,nan,nan,0.9931254689853941,-2.2970380473292504,9.0,-0.5246658143561392,5.0,3.3333333333333335,0.0,0.0,1.2878465842738769,1.7053152323428118
82.551,2.6025172421228957,2.304624961969369,-2.365094950553585,0.9923086524927852,0.17832584166060536,2.6736559061315086,2.3974278360046726,-2.3983133512598966,0.992682733200306,0.17842557287890046,0.03201830613225436,0.16778221696667253,0.16072866871562627,0.01382069684669741,3.5975033601909265,2.1765679935283115,3.2541039182355163,0.9939500405113593,-2.2989977517581877,9.0,-0.5204788245977605,5.0,3.3333333333333335,0.0,0.0,1.2971909506160075,1.699460762943476
82.60000000000001,2.5735324841484037,2.2774584449444073,-2.3580604828482423,0.9930762401354029,0.1737846122015302,2.7370838985573203,2.3545349471055474,-2.3902407882747707,0.9899704542290162,0.1687489932020002,0.03195032501857582,0.1605765001998297,0.15452376825995656,0.01351124404531669,nan,nan,nan,0.9954717427806083,-2.3031116824605524,9.0,-0.5117030808315367,5.0,3.3333333333333335,0.0,0.0,1.3306962805517961,1.6735608286467083
82.65,2.5303750519469648,2.2362649710273828,-2.3480231354828693,0.9948795439124394,0.16102928695487995,2.693794206572368,2.3137917336949076,-2.379298235969108,0.9927853502552705,0.1609578990722181,0.031954099518682166,0.1628717902581291,0.15684167123757917,0.013817031978897446,nan,nan,nan,0.9985640193465667,-2.3366436902469396,9.0,-0.4408305201532492,5.0,3.3333333333333335,0.0,0.0,1.4058664256140045,1.6316585251358977
82.7,2.501798273795673,2.2085016002840785,-2.3418352875010946,0.9962057428543781,0.15067163135413944,2.6666448121498565,2.284023393493972,-2.368916804343627,0.9945693866965701,0.1501400670232985,0.031685245941811525,0.16437830752718305,0.15835836936899067,0.013511138796295256,nan,nan,nan,0.9992805567884042,-2.3413633049800477,9.0,-0.4309429180812394,5.0,3.3333333333333335,0.0,0.0,1.4250478799696424,1.6100863536790493
82.924,2.4592254845107915,2.166434327109107,-2.3333196864811887,0.9978606486343752,0.13555853374671828,2.6666448121498565,2.284023393493972,-2.368916804343627,0.9945693866965701,0.1501400670232985,0.031685245941811525,0.16437830752718305,0.15835836936899067,0.013511138796295256,nan,nan,nan,0.9992805567884042,-2.3413633049800477,9.0,-0.4309429180812394,5.0,3.3333333333333335,0.0,0.0,1.4250478799696424,1.6100863536790493
82.95,2.3197711955812887,2.0231313870940912,-2.311239617436932,1.0004779758025975,0.08513821122100093,2.5064623598730806,2.065148459571039,-2.3340519993930333,1.0005941847163833,0.0947750505064033,0.031286524530831854,0.16546541940962828,0.16052712540631361,0.013884976781742449,2.833697640911943,1.8783303335870447,0.6309269090625129,0.9989966376237605,-2.3848013040606513,9.0,-0.3408202717278326,5.0,3.3333333333333335,0.0,0.0,1.5219827860381818,1.489273998671557
83.00200000000001,2.278618020365225,1.9794126483874215,-2.306727424193609,1.00052688259852,0.06838713963329922,2.538796961171763,2.0534463678968073,-2.328990935648274,0.9956341482614509,0.07894284969807702,0.03132719302674721,0.15906809201037564,0.15489977233993438,0.013669436726955569,3.199619174587857,2.3191711496582643,2.150594868595563,0.9979428663340617,-2.3950536786968546,9.0,-0.3197561357446457,5.0,3.3333333333333335,0.0,0.0,1.5349118230502983,1.466148771397973
83.05000000000001,2.2513374806227078,1.9501257182850391,-2.304253822648348,1.0004519597787889,0.05796476214230002,2.5114296624218224,2.0245055250047006,-2.326389939004943,0.9962084928718731,0.05157484105932768,0.03132586548155598,0.16058121955775262,0.15646949030735285,0.013872074576297948,nan,nan,nan,0.9979428663340617,-2.3950536786968546,9.0,-0.3197561357446457,5.0,3.3333333333333335,0.0,0.0,1.5349118230502983,1.466148771397973
83.10000000000001,2.2241684755850724,1.9207395434192056,-2.302182245035679,1.0004242945165482,0.04798548705457256,2.4828277982601223,1.9971088217194737,-2.3264996237272797,0.9967777667123794,0.04150833136878082,0.03153037028251632,0.16207324803512999,0.1580123709459458,0.013559612411802357,nan,nan,nan,0.9965973027340969,-2.4089081641870957,9.0,-0.291399891417506,5.0,3.3333333333333335,0.0,0.0,1.547670426260767,1.4559555838758949
83.15,2.18359791848168,1.8764955954602835,-2.299783296994374,1.0003603033331843,0.03456103727043809,2.441857943345242,1.9535203962702858,-2.3228519385659387,0.9973983353666371,0.03962598122280141,0.03153327641017354,0.1643102380365075,0.16033989848764066,0.01386436908882041,nan,nan,nan,0.9963211662135587,-2.412302789615597,9.0,-0.28446991604804883,5.0,3.3333333333333335,0.0,0.0,1.5470323328871989,1.4526578444773879
83.2,2.156660410436283,1.846909103941045,-2.298614634596355,1.0001390383345983,0.02581045902335674,2.415767685360206,1.9229683329293061,-2.3186083692405464,0.9974789709188415,0.04529785800009581,0.03136657570484455,0.16577535587015282,0.1618611218047762,0.013552838516228394,1.788246184502056,1.9988855251197235,1.4424635612050225,0.9953865571155294,-2.4189455862669496,9.0,-0.27092814038393187,5.0,3.3333333333333335,0.0,0.0,1.5574837499937908,1.4327827597856724
83.251,2.1163999961038167,1.8024313338446452,-2.2975399975670987,0.9995748022703269,0.011997880666361368,2.313326262749464,1.8822269556454128,-2.3177851390680506,0.9997220819874879,-0.005994471378124573,0.03138354788256432,0.15959196121322103,0.1563262068240735,0.013854307229436431,nan,nan,nan,0.9944171891140035,-2.4243250969894614,9.0,-0.2599795583123077,5.0,3.3333333333333335,0.0,0.0,1.570650618457919,1.4114857194067632
83.30000000000001,2.0762872133785386,1.7578695730987697,-2.2971565649416963,0.999032575954199,0.003625028346599712,2.285791768548866,1.8533230380982209,-2.3177522673853868,0.9993441240876367,0.022595191198635626,0.031443075850842,0.16108432161741218,0.15787668920987852,0.013543980089013516,nan,nan,nan,0.9954638469961548,-2.4130698346455537,9.0,-0.28290496057528536,5.0,3.3333333333333335,0.0,0.0,1.5356669798849383,1.4478791938948194
83.35000000000001,2.049609736516616,1.7281273871453053,-2.2971490657854607,0.9986850972352267,-0.0020181103377016354,2.2450778243408993,1.8093186291371242,-2.317219021965109,0.9988018322270457,-0.008313160165925261,0.03144107900865426,0.16332435161951844,0.16021331674731187,0.013849095443206495,nan,nan,nan,0.9950418168560012,-2.4173744118445826,9.0,-0.27412883680866185,5.0,3.3333333333333335,0.0,0.0,1.5528823944648642,1.4282143103236673
83.40100000000001,2.009667511281601,1.6834854746445016,-2.2975500691332487,0.9981029342009196,-0.009827710854510955,2.2188295662354833,1.778984990283119,-2.315266498252295,0.9983579432294356,0.0031808524177357033,0.03131943724963982,0.16479139530975886,0.161740277709042,0.013539405684862902,nan,nan,nan,0.9942759013670753,-2.4242663747406272,9.0,-0.2600989882216804,5.0,3.3333333333333335,0.0,0.0,1.5498369124461548,1.4265494109198842
83.45,1.9830782918738876,1.6537184220864425,-2.298090295219531,0.997637077189532,-0.015830313740331704,2.1884275297205336,1.7523941757600858,-2.3154172489782288,0.9964120323258865,-0.0036941228347816745,0.03132293137624198,0.15862076872751174,0.15609332073026413,0.01384100608964793,2.2964652557746326,1.9403853371445496,0.14130772793332408,0.9934800850008157,-2.4295207080222574,9.0,-0.2494197890065124,5.0,3.3333333333333335,0.0,0.0,1.563186439582234,1.4079406149080016
83.5,1.9432312554705968,1.609076393086248,-2.2993392859074735,0.9971009730696606,-0.02420812492110522,2.162080870108776,1.7223421910152987,-2.3145365506711375,0.9962218886205783,0.003662524553620477,0.031226558486526747,0.16011592557996202,0.15764744102201234,0.013532280201332937,nan,nan,nan,0.9924821438971744,-2.4372336959208774,9.0,-0.23376864408061349,5.0,3.3333333333333335,0.0,0.0,1.5762929747107255,1.3929390899725025
83.55000000000001,1.916678481740735,1.5793284491594275,-2.300458298142545,0.996702371442798,-0.030258821449701833,2.1216022197540667,1.67836988277571,-2.315123399165154,0.9958479534708821,-0.011994947960164938,0.031226455106749016,0.16236255189119358,0.1599884833263928,0.013837679717272847,nan,nan,nan,0.9924821438971744,-2.4372336959208774,9.0,-0.23376864408061349,5.0,3.3333333333333335,0.0,0.0,1.5762929747107255,1.3929390899725025
83.60000000000001,1.8901280451587725,1.5496010029799399,-2.3018128471475015,0.9962524005394053,-0.03601826456399711,2.097117053306533,1.6463274054137653,-2.31295381694827,0.9954553418219751,-0.036612702114279555,0.030876463040051094,0.1638335984323673,0.16151922315082426,0.013529367410465553,nan,nan,nan,0.9916797782081714,-2.444210851237169,9.0,-0.21963498736183928,5.0,3.3333333333333335,0.0,0.0,1.5775208267162315,1.3862311250014907
83.65,1.8502952651875768,1.5050669754965647,-2.3042548897124324,0.9954315038035867,-0.043969908735242536,2.0038571418554554,1.6232507978603399,-2.3163119511323442,0.9960750091276697,-0.05634704497892087,0.030900962327319766,0.15767474188222652,0.15577302699141402,0.013831039333274507,1.516255043939116,1.8733103906727766,1.3517006663827236,0.9905311521900272,-2.4506769365537084,9.0,-0.20655596127457376,5.0,3.3333333333333335,0.0,0.0,1.5772075836009156,1.3783278514131427
83.7,1.8237245066292158,1.475423839940676,-2.3060901256810076,0.9951427687356192,-0.046214112722153936,1.9774080290406453,1.5933549901403001,-2.3165910938323293,0.9958950359586227,-0.03809600869171381,0.030819346271004407,0.15917487740100247,0.15732915105625234,0.013523519589102353,nan,nan,nan,0.9930107667626643,-2.4346114862900174,9.0,-0.23908635434928738,5.0,3.3333333333333335,0.0,0.0,1.549641509034479,1.4236370091301376
83.75,1.7838143925926964,1.4310200869329062,-2.3089227590750303,0.9949309093311243,-0.04846122632374529,1.9368261835867826,1.5495037005349315,-2.320110081709645,0.9955622440127783,-0.08450853325748588,0.030813821844114724,0.16143142076240893,0.15967173905807663,0.013829140310417877,nan,nan,nan,0.9924384986701134,-2.439644334143132,9.0,-0.22888286680471936,5.0,3.3333333333333335,0.0,0.0,1.5625905483528804,1.406493571556276
83.80000000000001,1.7571653996609875,1.4014678078864888,-2.310896849356151,0.9947231512621064,-0.04961807804440434,1.911033951848047,1.5189389810971723,-2.3194064919846666,0.9952770085034568,-0.03713991609573183,0.030637330159144653,0.16290960376791144,0.16120339995122812,0.013521866502914402,nan,nan,nan,0.9920174705991907,-2.4465471980564693,9.0,-0.21490714601791772,5.0,3.3333333333333335,0.0,0.0,1.5484665389353467,1.418083582519828
83.85000000000001,1.7171208579315669,1.3572275725684644,-2.3139592781829066,0.9943148190692728,-0.053055943618571466,1.870353750618571,1.4752341032272664,-2.3220429768815882,0.9947723496115506,-0.039747923652350636,0.030637476437693347,0.16513355651647302,0.16350867521113466,0.013827558311486108,2.121459307382268,1.3966427625125133,0.25082664346037464,0.9912158573426335,-2.452049117566333,9.0,-0.20378271821993943,5.0,3.3333333333333335,0.0,0.0,1.574518774625543,1.3862979705202785
83.9,1.6903732768346595,1.327801956341623,-2.3161750222824344,0.9939710999501472,-0.056854859940098215,1.862185041393406,1.4457244390261816,-2.332981111101331,0.9936279541167331,-0.054554614730973894,0.03135692640523201,0.15827003190236724,0.15692253194018024,0.013516969134695349,nan,nan,nan,0.9906520672269373,-2.4588825410569215,9.0,-0.18998337732875714,5.0,3.3333333333333335,0.0,0.0,1.5788642208146366,1.3787706113319125
83.95,1.6501656427658855,1.2837734586739045,-2.3197576891628895,0.993579632166149,-0.06136673011734748,1.820959223026494,1.4026678795287104,-2.3373737926189615,0.9933517079492624,-0.07179556471732881,0.03135453522860922,0.16054325180305692,0.15925953633980539,0.013822768056628494,nan,nan,nan,0.9907889947445115,-2.4688132172299175,9.0,-0.16996103715453947,5.0,3.3333333333333335,0.0,0.0,1.5743003059426144,1.3877161024017433
84.0,1.6232950423567662,1.2544951559720139,-2.322264804406858,0.9933728353237585,-0.06336745523580184,1.7970145771095982,1.3703049493211714,-2.3342534117490548,0.9931888705186859,-0.08688563545965906,0.030864257793363492,0.1620326760415777,0.16078811818896846,0.013516280107863841,nan,nan,nan,0.990510285382232,-2.4752488217566446,9.0,-0.15700378368916557,5.0,3.3333333333333335,0.0,0.0,1.5703913939110277,1.390092431040574
84.05000000000001,1.5828856555430957,1.2106998038605652,-2.3261722937115934,0.9928628082213266,-0.06664449489997336,1.7557712073666458,1.3273018496212652,-2.337877844734449,0.9927112629416435,-0.0732982453004064,0.030866289266929203,0.1642747195023374,0.16308828630431102,0.013822131205437682,1.0066164425847957,0.8813269435767392,2.7270963978191967,0.9886847106516968,-2.4884546906859932,9.0,-0.1304552613996519,5.0,3.3333333333333335,0.0,0.0,1.5838283049133703,1.3636424688841633
84.10000000000001,1.5558773601837552,1.18159508249793,-2.32890949882317,0.9924243010989031,-0.06966194326157041,1.6540934006285868,1.2484213036371994,-2.3376535181225537,0.9977978729651028,-0.0687066126530011,0.03058383183510413,0.15754451273771936,0.15655953375398232,0.013512224970803167,nan,nan,nan,0.9886847106516968,-2.4884546906859932,9.0,-0.1304552613996519,5.0,3.3333333333333335,0.0,0.0,1.5838283049133703,1.3636424688841633
84.15,1.5152611070904463,1.1380913735972604,-2.3332681461465605,0.9913707940793641,-0.07495627153108551,1.6125310725411208,1.2053832456699318,-2.340778040974691,0.9957396772950576,-0.05467282108317885,0.030586459877991586,0.15983165205196975,0.15889571956917353,0.01381817260478794,nan,nan,nan,0.9879498693712381,-2.493052421845613,9.0,-0.12122337924543247,5.0,3.3333333333333335,0.0,0.0,1.582876728776484,1.3429974242775773
84.2,1.4745251380109217,1.0947985987100728,-2.3379760686988127,0.9902408878301188,-0.0810850414266485,1.5876949592433114,1.1738599187271108,-2.339644068897389,0.9944530128480086,-0.08629873263221059,0.030194036931701036,0.1613297243912377,0.16042403132514235,0.013512257076565995,nan,nan,nan,0.9874444651369493,-2.4994090389749823,9.0,-0.10846818199173303,5.0,3.3333333333333335,0.0,0.0,1.5950022738817493,1.3326133433152858
84.25,1.4472932982637434,1.0660566964847504,-2.341308654825941,0.9895024330566742,-0.08456091403708685,1.5461610050254653,1.1310711950132535,-2.3443407291498715,0.9926932227193451,-0.0805586546900926,0.030195130299720485,0.1635853377969193,0.16272287082099018,0.013818235970194093,nan,nan,nan,0.9863691425617757,-2.504943416790655,9.0,-0.09601578545021794,5.0,3.3333333333333335,0.0,0.0,1.5906356992725916,1.3318894547874978
84.30000000000001,1.4199964644976424,1.0374134770090175,-2.344770752485521,0.9888983693112199,-0.08776295849825463,1.4645483735197384,0.9797137384098513,-2.3464776598521153,1.0003261499351066,-0.07815822766780402,0.03006611870262915,0.1568287586734069,0.15611131106345624,0.013508669181378856,1.0616105362804984,-0.11380631829846566,6.2408221839183415,0.9863075240303139,-2.5100141300615473,9.0,-0.08345230784441093,5.0,3.3333333333333335,0.0,0.0,1.596556429205214,1.3304392293020786
84.351,1.3789406081667264,0.9946601299005702,-2.3503181498377352,0.9864609178243462,-0.09771895987842058,1.422508035164235,0.9369871065511177,-2.351193177698766,0.9955346968734421,-0.0807504432356567,0.03006707632288726,0.15912897045917782,0.15844404458289382,0.013814731207537763,nan,nan,nan,0.9789526807980838,-2.5520090103694097,9.0,-0.0027858342380067125,5.0,3.3333333333333335,0.0,0.0,1.6171835864415627,1.2275168825985676
84.4,1.33780336242332,0.952251041367073,-2.3566122511468417,0.9834708710662898,-0.1096820192554685,1.3908883006448756,0.9123771738437919,-2.3609816542362174,0.9924346759308971,-0.11564694631743234,0.030544998401251154,0.1606373276474435,0.15996875135333202,0.01350924941117048,nan,nan,nan,0.9784578870340764,-2.5591350164143734,9.0,0.00944508844094405,5.0,3.3333333333333335,0.0,0.0,1.6256042989814017,1.2287004846105936
84.45,1.3103059784913642,0.9241567385802134,-2.3611139214077803,0.9822893604719086,-0.1138863241536836,1.3485506175709643,0.8706146080783065,-2.367200224876396,0.9890293068479359,-0.11223311549159305,0.030545995776755822,0.16291169213690926,0.16225919901838756,0.013815329086662761,nan,nan,nan,0.9800561847420413,-2.561033961043873,9.0,0.012382317251231179,5.0,3.3333333333333335,0.0,0.0,1.6114791145227645,1.264160575273156
84.5,1.2827292841695825,0.8961934373776511,-2.365756449361769,0.9814451789701403,-0.11738964091000667,1.3145009715068483,0.8488107705918001,-2.3816832694529038,0.9874806089057503,-0.14438096131068318,0.03127821961881734,0.16440204253952787,0.1637525303434277,0.01350979082809669,1.5387961544630644,-0.15531596419129523,3.8370782268900943,0.9798431265162606,-2.5683218618945185,9.0,0.023646151279886674,5.0,3.3333333333333335,0.0,0.0,1.6194889603485139,1.2642201494366525
84.55000000000001,1.2411833992143615,0.8544850099651589,-2.372903171489275,0.9809796296435799,-0.11907413946316017,1.2860392502445794,0.7123273911068392,-2.387884144973357,0.9896297907073215,-0.09245794733353875,0.031247223119012516,0.15845585265605994,0.15789155945145644,0.013812134559105375,nan,nan,nan,0.9826512840058236,-2.568226092191775,9.0,0.022900695325064113,5.0,3.3333333333333335,0.0,0.0,1.5990239368627344,1.3113444172165107
84.60000000000001,1.2133633935940014,0.8268440096479968,-2.3777869447716924,0.9793627708644742,-0.12621585960490023,1.260611206033629,0.6818008312479926,-2.387388724003728,0.9858598678674872,-0.09959935299871571,0.030782488741549374,0.15998127679445143,0.15940688588891416,0.01350697711687961,nan,nan,nan,0.9694343014574548,-2.635765933905212,9.0,0.1206740090286611,5.0,3.3333333333333335,0.0,0.0,1.6570776945413959,1.141364047245186
84.65,1.171534958833011,0.7857562160600738,-2.385944569524756,0.9754531707127068,-0.1427469916742866,1.21748605128064,0.6414652994152318,-2.394516108032817,0.9808051955291138,-0.13103912587375122,0.03078030437896189,0.16228039279079604,0.16168529828889192,0.013813141831496236,nan,nan,nan,0.9667966825734601,-2.6458019794012193,9.0,0.1319687010308983,5.0,3.3333333333333335,0.0,0.0,1.6661064257029223,1.121927370987971
84.7,1.1295614997528254,0.745121818435307,-2.3949747938239296,0.9722363996768257,-0.15536983332163867,1.1866505132194622,0.6169474254164212,-2.402531645698139,0.9780423666167559,-0.12023624832619755,0.03104741961593642,0.16378763927722007,0.16317135422240575,0.013507885774923291,0.18697784049212596,0.907111369684936,3.9311481347162887,0.9658326093103358,-2.656675416857766,9.0,0.14160836036089375,5.0,3.3333333333333335,0.0,0.0,1.6638767443362261,1.1309897545506793
84.75,1.1014690439571768,0.7182754877187835,-2.4013606979093165,0.9707082582836778,-0.16207445600122936,1.0482533233468738,0.5982973948302515,-2.41295356618405,0.9781753014238592,-0.17045558981203138,0.031081363164972908,0.15795308066152822,0.1573834754560053,0.013810342337106039,nan,nan,nan,0.9664888197918954,-2.662146890065009,9.0,0.1449039856248966,5.0,3.3333333333333335,0.0,0.0,1.672115710126517,1.1356224592334958
84.80000000000001,1.059079067779454,0.6783205593552335,-2.411073857153039,0.9711909054798117,-0.1592930850607297,1.022264714948416,0.5689410338519302,-2.4139347686532617,0.9783398493158827,-0.15294615919021695,0.030638663734926467,0.15949594521957747,0.1588922294792823,0.013505413977340909,nan,nan,nan,0.9780309646423134,-2.6229533267222003,9.0,0.08365280068418413,5.0,3.3333333333333335,0.0,0.0,1.62397995467888,1.2744086308553044
84.85000000000001,1.0306058674307725,0.6518596366084901,-2.417401185933792,0.9716720268384755,-0.157869588248487,0.978318472327389,0.5300255994057854,-2.4232127643978405,0.9781189192765175,-0.16216696798940985,0.030635609643683892,0.16182230431088365,0.16116036974753692,0.013808763848541182,nan,nan,nan,0.9754864070956879,-2.6450884300689363,9.0,0.10166549257859403,5.0,3.3333333333333335,0.0,0.0,1.637216478008437,1.240969783777066
84.9,1.001967071206161,0.6255568256649762,-2.4236995863805157,0.9719753648219795,-0.1572783560048983,0.9496308189181872,0.5034838817045251,-2.4277823443475217,0.9777827650046873,-0.137421364859986,0.030532023092769128,0.16334839380650015,0.16263950045239536,0.013580085402214358,nan,nan,nan,0.9754864070956879,-2.6450884300689363,9.0,0.10166549257859403,5.0,3.3333333333333335,0.0,0.0,1.637216478008437,1.240969783777066
84.95,0.9587024995402832,0.586415546782942,-2.433154551049986,0.9721761471534993,-0.1584318008363699,0.9606298850422653,0.47547559645701454,-2.4365082707509087,0.9741134765058935,-0.14714047337051178,0.03051409158834781,0.1574663190327939,0.1567859119237353,0.013880852143053173,1.4994311646566123,0.5541418453489364,1.1635709510071077,0.9745023177615514,-2.65408647767644,9.0,0.10783648962883374,5.0,3.3333333333333335,0.0,0.0,1.6514240198661607,1.2198323988244932
85.0,0.9296634321326211,0.5605442560522661,-2.439558799240924,0.9718531070486787,-0.16159156549721987,0.929269741620596,0.45201630456061576,-2.4459927851986363,0.9734797136840614,-0.14678394769683448,0.03074255666757971,0.15902684157630573,0.1582870492458886,0.013567459334050928,nan,nan,nan,0.9700219931618034,-2.681983304152978,9.0,0.13724197575024322,5.0,3.3333333333333335,0.0,0.0,1.6652489980987415,1.1814652133120211
85.05000000000001,0.8858294702149268,0.5221016576717032,-2.4494411416049773,0.971242353067504,-0.16660568933610784,0.884340648635254,0.41471829440604063,-2.455192244683921,0.9728414369996747,-0.1724289595908119,0.0307386158791896,0.16138112188530238,0.16054216014769362,0.01387223442327118,nan,nan,nan,0.9706507196603459,-2.68886714787358,9.0,0.1393658087679479,5.0,3.3333333333333335,0.0,0.0,1.6660624988296888,1.1873667620586539
85.101,0.8438337155892792,0.4853218399821097,-2.443250865353263,0.8834309008610836,0.41817600215714973,0.8592040407857234,0.3859754231299378,-2.452588775710761,0.8919004633610871,0.2390854503160338,0.030124634935779087,0.16292587113490412,0.1620124822765422,0.013559871992298316,nan,nan,nan,0.3,0.6606134504797794,0.0,-0.14547745240008714,0.0,0.0,5.0,3.3333333333333335,-5.0,4.6490185032117175
85.15,0.8187248328876358,0.46315479689338207,-2.416301610018991,0.8094229316941091,0.8066671732419092,0.7632207765454427,0.3482607543085728,-2.427478921676532,0.7836545099304999,0.8605404561606798,0.03012774309956222,0.15699027593306897,0.15610878683332893,0.013860902183266669,0.2535098355540919,0.3570930016624477,1.2091046803991663,0.3,0.6655714953897918,0.0,-0.1554496855989121,0.0,0.0,5.0,3.3333333333333335,-5.0,4.358052305807803
85.2,0.795948854736843,0.4428175622063496,-2.3776941101912072,0.7344138057988612,1.0401426213204301,0.7435535660824506,0.3245582885919837,-2.387236317944308,0.706184030811627,1.0351188086369392,0.02963507455644051,0.1585597583264805,0.15761790138682624,0.013549724971857679,nan,nan,nan,0.3,0.6546976612966545,0.0,-0.13358825138416136,0.0,0.0,5.0,3.3333333333333335,-4.904770425076116,3.853326958914901
85.25,0.7661470886268331,0.41551191231659446,-2.308586343715241,0.6317540846102323,1.209093787400747,0.7147707234343696,0.2963397136925756,-2.3212338586710453,0.6093129662084653,1.1823176990198017,0.02961950942900724,0.16091094750188398,0.15992325981337063,0.013854449786133654,nan,nan,nan,0.3,0.6590828969694124,0.0,-0.14240048945715733,0.0,0.0,5.0,3.3333333333333335,-4.675101914088393,3.8357606837432163
85.30000000000001,0.7408771598624988,0.3910611008566059,-2.233644249946665,0.5510766996550126,1.2675788309583065,0.7008071253312335,0.2764307243905725,-2.268554853334956,0.5606412562178166,1.2588915786750756,0.02933469177367709,0.16244429370597802,0.16146333413197986,0.013543866986116098,nan,nan,nan,0.3,0.6628196491536227,0.0,-0.14991391454319394,0.0,0.0,5.0,3.3333333333333335,-4.385250024552138,3.821056339706023
85.35000000000001,0.7262050557287767,0.37590448786158115,-2.18266514238809,0.5064381157303246,1.277703246715803,0.6806446532283222,0.2511727033379797,-2.193361297507444,0.4984814251967377,1.2662472472453272,0.02933746851699607,0.1647298395806275,0.16384323540534984,0.013848542632979237,-0.039484189109590395,1.1378692455102208,4.750274474022592,0.3,0.667203376602622,0.0,-0.15873358434407475,0.0,0.0,5.0,3.3333333333333335,-4.215686022278867,3.7844754045938065
85.4,0.7070803135562004,0.3544883511220835,-2.106061111999951,0.4506675466172719,1.275035858980441,0.6069834916806535,0.3142313886439396,-2.1408171719914955,0.46568838747113517,1.2628209218437578,0.029188924215455044,0.1579395201970557,0.15729912223097786,0.01353555235501503,nan,nan,nan,0.3,0.6720865808754967,0.0,-0.16856540096340547,0.0,0.0,5.0,3.3333333333333335,-4.019000516617111,3.7643453207354507
85.45,0.6960439484097918,0.3409122821526318,-2.055409016848461,0.4195613022996188,1.2615803628259488,0.5929338938857307,0.2910989488308186,-2.063647296140555,0.42464566791723785,1.2594546515890748,0.02921771877039118,0.16021341827815455,0.15987233358831104,0.013840321909553414,nan,nan,nan,0.3,0.625603644188293,0.0,-0.07523754252935388,0.0,0.0,5.0,3.3333333333333335,-3.826783106571384,3.662222604492975
85.501,0.6817587356534427,0.3213959277380146,-1.980598316895801,0.3809595821267137,1.2377971671890984,0.5848609425278587,0.2765570861203353,-2.014074443678846,0.40338646814403806,1.2242711370144153,0.029273475156971707,0.16168356477963228,0.16162920875274414,0.013531316185991538,nan,nan,nan,0.3,0.6313212778695211,0.0,-0.0866915812308845,0.0,0.0,5.0,3.3333333333333335,-3.6625033137857734,3.6148386869731945
85.55000000000001,0.6735940113621006,0.3088537060428,-1.9314825189139981,0.3594285655809758,1.2233543852396696,0.5752543880950676,0.25498859321511863,-1.9397723051184406,0.37563320931313465,1.1942747228638906,0.029288056646000375,0.1638513142173678,0.16437301926905581,0.013836170004924753,0.7232805676458448,0.5931910303620564,0.4888893169341767,0.3,0.6351242328394812,0.0,-0.09431307467703429,0.0,0.0,5.0,3.3333333333333335,-3.578617735421816,3.5895613845216343
85.601,0.6631648712733539,0.2906401223106442,-1.8588572613291583,0.3325278317227035,1.201432160145974,0.5884485496949815,0.2741081965799807,-1.8872617088533472,0.35690413039563496,1.2144644994277425,0.02910332531110854,0.157094160283712,0.1580082285275472,0.01352526953869141,nan,nan,nan,0.3,0.6414169408038884,0.0,-0.10693038791832593,0.0,0.0,5.0,3.3333333333333335,-3.4488630971745016,3.539284862301373
85.65,0.6573044499267962,0.27883339652108013,-1.811226395191166,0.31788201752948425,1.1842583764615493,0.58238081147076,0.25398592264972464,-1.814568307102295,0.33858785966495797,1.1805058220583298,0.029118841961745245,0.15921646492681862,0.16100155677743058,0.013830229632941966,nan,nan,nan,0.3,0.6371333943103561,0.0,-0.09834072033946928,0.0,0.0,5.0,3.3333333333333335,-3.328924957294664,3.472688752654253
85.70100000000001,0.6499845451054754,0.2615520690362692,-1.7409991498403097,0.29969192777632603,1.1600018843953221,0.5793586209439913,0.24083698436571305,-1.7666091222313014,0.3290958170796921,1.1617334793843026,0.0291196490890457,0.1605778734284186,0.16306012879904028,0.013522415546001402,nan,nan,nan,0.3,0.6438034593046118,0.0,-0.11171768870226659,0.0,0.0,5.0,3.3333333333333335,-3.2169637135028433,3.413746928071215
85.75,0.6460023830373247,0.25028360321824,-1.6949487889216386,0.28959703207404425,1.1451384352007898,0.5760032586082083,0.22165260458246905,-1.6969751917328615,0.3165952341565523,1.1386761859532628,0.029132348636471104,0.16257042570769847,0.16626640027671022,0.013827457425781613,nan,nan,nan,0.3,0.6484199117668557,0.0,-0.12098185699347991,0.0,0.0,5.0,3.3333333333333335,-3.1459478835084216,3.369752434978607
85.80000000000001,0.642681915869086,0.239201796035721,-1.6494711804128084,0.28094415822765717,1.1299377003472686,0.6325962307039381,0.2270643901776339,-1.6522822372116608,0.30437059263283395,1.1275869698607488,0.02923600883364975,0.15575732868798436,0.15975360570242425,0.013518151517381565,1.1734461431091,0.3375030256571887,1.3425699073775592,0.3,0.6554416817572672,0.0,-0.1350830056927515,0.0,0.0,5.0,3.3333333333333335,-3.042916566588,3.303393105119777
85.85000000000001,0.6388489955212993,0.2228848031058284,-1.5823327176258648,0.2705130831171983,1.1102147493138568,0.6315262927075463,0.2090047422337077,-1.5852865066480784,0.29662857568595674,1.087383327119895,0.029237331680253734,0.15771794834716463,0.16318194677631678,0.013823282913591334,nan,nan,nan,0.3,0.668812371354357,0.0,-0.1619722606218715,0.0,0.0,5.0,3.3333333333333335,-2.9821411581690818,3.279073091640372
85.9,0.6370077672705359,0.2121873788893686,-1.5381978132548197,0.26495096385893213,1.0971805226515037,0.6314239218021866,0.1972360450843318,-1.5401630129860322,0.29272980804610144,1.0805559452434934,0.029263209108360912,0.1589797263172476,0.16552678794361947,0.013516300936886046,nan,nan,nan,0.3,0.6759775856431584,0.0,-0.17640530119270578,0.0,0.0,5.0,3.3333333333333335,-2.8967795298250847,3.217106085352709
85.95200000000001,0.6352417450656626,0.19639473557954526,-1.472960797272042,0.25798020923672843,1.0786619886953241,0.6323405768694775,0.17981019566147452,-1.474620801904901,0.2875926970507562,1.0584525323861016,0.02927176643855889,0.1608369975327817,0.1691364589156301,0.013821484914100415,nan,nan,nan,0.3,0.6882396968540543,0.0,-0.20114831584559864,0.0,0.0,5.0,3.3333333333333335,-2.7467007020948007,3.095118768273184
86.0,0.6346911668434414,0.18603547694504843,-1.430085024218044,0.25412858118203135,1.065691928210462,0.6319228189711329,0.16964796119102193,-1.435140547047677,0.28492325369567273,1.072616351935728,0.02959497783707389,0.16204064344787708,0.17158556652876636,0.013514740777413797,0.9696444198390661,0.15325307714783248,0.41420052057176737,0.3,0.6882396968540543,0.0,-0.20114831584559864,0.0,0.0,5.0,3.3333333333333335,-2.7467007020948007,3.095118768273184
86.05000000000001,0.6347504485256831,0.17074492095123894,-1.366773242015055,0.24935932549957468,1.0464226729192059,0.6665277640210883,0.15381656530603438,-1.3702893263680875,0.2804356872226461,1.039555048827571,0.02959803049542674,0.15597992658713,0.16598148743988902,0.013818605127078684,nan,nan,nan,0.3,0.6923087125708834,0.0,-0.20937207563968246,0.0,0.0,5.0,3.3333333333333335,-2.683537231874124,3.0407174654329734
86.10000000000001,0.6353530645422448,0.1607203734241333,-1.32517653293965,0.24674378862118745,1.0344017392129652,0.6669790301117425,0.14417570989336695,-1.333745363711295,0.2787706487213587,1.0093344341975565,0.029985714600372904,0.15721732158214516,0.1685085992007884,0.013512200855050857,nan,nan,nan,0.3,0.7082890727330077,0.0,-0.24173996305513884,0.0,0.0,5.0,3.3333333333333335,-2.6162350048122165,2.987856153429014
86.15,0.63706305534629,0.1459348734105702,-1.2636436326732001,0.24363521580713185,1.0185491993862905,0.6712256529210122,0.1280483686718965,-1.2732746328305204,0.2765540698912701,0.9891804241772321,0.029986050570373166,0.1590757008021017,0.17234315862027405,0.013817508519603703,nan,nan,nan,0.3,0.712363484626836,0.0,-0.2500119570279531,0.0,0.0,5.0,3.3333333333333335,-2.576590632985878,2.9542683646704693
86.2,0.638719574212103,0.13625074820354835,-1.2231493759719156,0.24196392675935324,1.0070823208809403,0.6728948846544494,0.1185672178336228,-1.2373770294170088,0.27544669257592164,0.9979246942047172,0.03034018069213157,0.1603091080373658,0.17491229934399227,0.013511256740392228,1.8911974855575506,0.1495432471220474,5.385513834846433,0.3,0.7201216254990608,0.0,-0.2657863185437608,0.0,0.0,5.0,3.3333333333333335,-2.501672335483333,2.8871721001636264
86.25,0.6419465923302715,0.12199196977780026,-1.1632644074669223,0.2399589297552335,0.9906969658821361,0.7922837989348602,0.11364261354323907,-1.1763135651033254,0.2730164429868141,0.9857500202586383,0.030330465233508387,0.1545976683585592,0.1689280895044293,0.013815598679127216,nan,nan,nan,0.3,0.7244499802753732,0.0,-0.27460103605949093,0.0,0.0,5.0,3.3333333333333335,-2.448545855857914,2.838595417855457
86.30000000000001,0.646030964945516,0.10806955873251681,-1.1042929100195202,0.2385041221676588,0.9769915811027466,0.7960396645495034,0.10390302989029385,-1.1389116981549128,0.2724294915923743,0.9649352183256226,0.03045043415147776,0.15592478058635992,0.17149948572363474,0.013509572206375716,nan,nan,nan,0.3,0.763726661465334,0.0,-0.3551108115258623,0.0,0.0,5.0,3.3333333333333335,-2.367069017990509,2.7688978862097344
86.35000000000001,0.6492137028587379,0.09898254053696535,-1.065423136565348,0.23777223277862033,0.9680888027038861,0.8031610838628056,0.08921460147085393,-1.0798793785366787,0.2716692371932287,0.9631341992861202,0.03046248667968332,0.1579633165694957,0.17534461308545313,0.013814950672353355,nan,nan,nan,0.3,0.763726661465334,0.0,-0.3551108115258623,0.0,0.0,5.0,3.3333333333333335,-2.289133850104162,2.7688978862097344
86.4,0.652751615005836,0.09005877599307283,-1.0269274189841135,0.23718728053791818,0.9574216771670514,0.808168533878109,0.07978296839230739,-1.0423099612472964,0.27132084877403506,0.9380716124307811,0.030508022802299316,0.15935024223351807,0.17788565515630805,0.01350900865733174,nan,nan,nan,0.3,0.7715543645280613,0.0,-0.3712825754061086,0.0,0.0,5.0,3.3333333333333335,-2.289133850104162,2.694660019661163
86.45,0.6587025277550015,0.07699153852332724,-0.9700107269827851,0.23658121877713117,0.9419196593623862,0.9149821699578067,0.11739027503745333,-0.9861344357022825,0.2653127529013368,0.919025014316147,0.030493935434013904,0.15393329723602597,0.171141767274351,0.013813699832469708,1.8595809022797298,0.5045216441162362,4.63533708275335,0.3,0.7766850537702906,0.0,-0.3819078019912766,0.0,0.0,5.0,3.3333333333333335,-2.2492612313661273,2.6572665237420074
86.5,0.6630886799682237,0.06849820701554257,-0.9325680414574958,0.23660711679732435,0.9315012682114105,0.9211959572168801,0.10848363243395406,-0.947667806922595,0.26585908297406385,0.9282139059343445,0.030436278873389275,0.15546828427557313,0.17361368517934672,0.01350791807984551,nan,nan,nan,0.3,0.7901369863086042,0.0,-0.40986617632086786,0.0,0.0,5.0,3.3333333333333335,-2.1829151561154165,2.6106790984643244
86.551,0.6702862209510424,0.05608521829247953,-0.877188698071056,0.23695446422176145,0.9159955735225541,0.930749131447353,0.09569305225952679,-0.8922509334120942,0.26663996050368816,0.9101602590459391,0.03044106739996778,0.15786286898195326,0.17726243918790033,0.013813363525959578,nan,nan,nan,0.3,0.7953413580736354,0.0,-0.4207237399325813,0.0,0.0,5.0,3.3333333333333335,-2.1293121861295967,2.5571441841116203
86.60000000000001,0.6754821316521114,0.048039788531483524,-0.8408109839561363,0.2372495415412809,0.9044057687793874,0.9371539916048263,0.08756710772779322,-0.8562636158032283,0.26711945173953594,0.9122576389877802,0.0305446269008872,0.15951618058223233,0.1796464522976452,0.013507627303918317,nan,nan,nan,0.3,0.8029619743379814,0.0,-0.4366652935516824,0.0,0.0,5.0,3.3333333333333335,-2.065176574322755,2.4923339416907213
86.65,0.6838448333590251,0.03633897478639487,-0.7871026727149634,0.2376723401700195,0.8879456206542045,0.8949370884888608,0.08093252653140112,-0.8029997722835107,0.2612081334868568,0.8676133616381528,0.03054808415147149,0.15433665770321356,0.17215782251534084,0.013812560295367069,0.3838444207644332,0.11312517401069636,1.1414772938638107,0.3,0.8078789923388573,0.0,-0.44697926527722986,0.0,0.0,5.0,3.3333333333333335,-2.017629396081294,2.4449923171547403
86.70100000000001,0.6928696117163085,0.025091148454192403,-0.7344427668849104,0.23871594227437737,0.8696759820661141,0.9017745468530995,0.07358584496053763,-0.769923942583576,0.26249429569513016,0.853181888588871,0.03068868453409533,0.1561650259346763,0.1744290421169479,0.013506937015177047,nan,nan,nan,0.3,0.7993399284716693,0.0,-0.4290818460720487,0.0,0.0,5.0,3.3333333333333335,-1.9329459718989381,2.379982441056079
86.75,0.6992480841931927,0.0178470902423889,-0.6999301233929441,0.23949852920365267,0.8585228521786906,0.9132933556303335,0.06280117819227063,-0.7167618893065919,0.2642163817424919,0.869838756947818,0.030708093323982267,0.1590260998071731,0.17775004858082163,0.01381243755020838,nan,nan,nan,0.3,0.8040699280846125,0.0,-0.4389873941318172,0.0,0.0,5.0,3.3333333333333335,-1.8971914166929515,2.342244684440516
86.80000000000001,0.7059025693950041,0.01081702442872948,-0.6658590825430021,0.2402188022662423,0.846412957807293,0.9222545220636207,0.05577712648896542,-0.6801678797729775,0.26515375697300014,0.8334915230995066,0.03043872354820505,0.16100848283060393,0.17989704383663543,0.013506838138043164,nan,nan,nan,0.3,0.8113864013100839,0.0,-0.45435026477970186,0.0,0.0,5.0,3.3333333333333335,-1.8234488378867089,2.265125028405063
86.85000000000001,0.7163739763714976,0.0006904494962221571,-0.6156642297681441,0.24122762934164363,0.8295731121266682,0.9348094993444275,0.04596400797810097,-0.6304078091147733,0.2664882798969467,0.8087792106357244,0.03043957967207345,0.16410578590187333,0.1830111964512296,0.01381236638390292,0.6292030103089601,-0.4466349538839909,1.2018111438253158,0.3,0.816522538204485,0.0,-0.4651653898458325,0.0,0.0,5.0,3.3333333333333335,-1.7913358292373014,2.2319422062154812
86.9,0.7273998307678484,-0.008911930589008826,-0.5664228756140762,0.24215972665878954,0.813865348857693,0.9187076153234847,-0.01649239439488364,-0.5925771512285842,0.2742163192225801,0.8193403367096141,0.030070762942293525,0.1580287898699499,0.17383395831443532,0.013506438436839078,nan,nan,nan,0.3,0.8236868791342954,0.0,-0.48029464635243624,0.0,0.0,5.0,3.3333333333333335,-1.7384911510135672,2.17676954522506
86.95100000000001,0.7350315815018791,-0.015006663926265986,-0.5341026160967579,0.2423227586356204,0.804270355866851,0.9325054901125271,-0.025459721322708944,-0.5439544469618353,0.27417371817459335,0.8011468631415564,0.030074057251881153,0.16138455312629182,0.176746487192102,0.013811989776192208,nan,nan,nan,0.3,0.8439295061634355,0.0,-0.523329796104148,0.0,0.0,5.0,3.3333333333333335,-1.718832121267452,2.1352155815409155
87.0,0.7468522748283998,-0.023665477525781714,-0.48635408576933653,0.24248795593709702,0.7893053856484352,0.9431763297135063,-0.031008571687056022,-0.5063416412211743,0.2739496098030169,0.8040071306968053,0.029679610165737814,0.16369826664436338,0.17861344469530951,0.01350646349377015,nan,nan,nan,0.3,0.850989506901357,0.0,-0.5384447469668417,0.0,0.0,5.0,3.3333333333333335,-1.6630558967838192,2.0808584742925134
87.05000000000001,0.75496876833551,-0.029112837238022316,-0.45504259299734157,0.24268338024317843,0.7784644773641463,0.9576709797907407,-0.03874599329240243,-0.45852281866403954,0.2737635209465221,0.7796774973148839,0.029683861564604352,0.16728735835528427,0.18129739772291775,0.013812025639498082,0.797129315974288,0.11840361480371113,0.17787820202992397,0.3,0.8558949753520978,0.0,-0.5489807863662844,0.0,0.0,5.0,3.3333333333333335,-1.6118633615145492,2.0316407836478216
87.10000000000001,0.7632643870499878,-0.03429809074779262,-0.42416694250744036,0.2429422504978219,0.7671794095003154,0.9497312201740485,-0.02339188713262435,-0.4264398044113844,0.26729462525077613,0.7463173532219827,0.029581412909685176,0.16099260126285214,0.17208783189969193,0.013506238397269863,nan,nan,nan,0.3,0.8626143018511717,0.0,-0.5634588955324868,0.0,0.0,5.0,3.3333333333333335,-1.5590109255191482,1.9806584381745789
87.15,0.7760343248289522,-0.041585643729944166,-0.3786929527598115,0.24386197208259133,0.7507559260009292,0.9644400373703962,-0.029810310916047408,-0.3803305601836424,0.2682685092827891,0.7696533135578272,0.029598287685332493,0.1647858338563573,0.17460055141678127,0.013811834543111084,nan,nan,nan,0.3,0.854638450243469,0.0,-0.5462793207655887,0.0,0.0,5.0,3.3333333333333335,-1.5017457064534225,1.9444351749335524
87.20100000000001,0.7892837764534899,-0.048326771738929505,-0.33426299091345374,0.2485526196816914,0.7325997894350609,0.973981555146814,-0.033857947658150964,-0.3524125660641517,0.2722454342840134,0.7366856580480907,0.029782858143364458,0.1673812146087963,0.17620872450354053,0.013506347479513764,nan,nan,nan,0.32362394025079394,0.8609087239167215,0.0,-0.559778755948826,0.0,0.0,5.0,3.3333333333333335,-1.2920555705148171,1.937245729898698
87.25,0.7985118190889616,-0.05256088791404781,-0.3052258202109516,0.25475404484669895,0.7221039055345858,0.9895244219996135,-0.03932322779377422,-0.30966087760108607,0.2806513050953152,0.7107628614571795,0.02978106326505875,0.17136830054396743,0.1785240255203826,0.013811964285628026,nan,nan,nan,0.3461496253321355,0.8649198731068577,0.0,-0.5684392750743313,0.0,0.0,5.0,3.3333333333333335,-1.2920555705148171,1.9705932205597394
87.30000000000001,0.808143421242151,-0.056607146728895004,-0.2765734068413487,0.263399909837378,0.712277097028958,0.9840054322866297,-0.08903813703799106,-0.2838755926021763,0.294028170119753,0.6792442363512095,0.02996181948334947,0.1644350809518071,0.16935196392701118,0.013506264250152297,0.7892445238686054,-0.47181103695958837,0.8187145855530179,0.3803121817422044,0.8710016306067947,0.0,-0.581608294312966,0.0,0.0,5.0,3.3333333333333335,-1.1643941717231938,2.0089830637347057
87.35000000000001,0.8235281932025551,-0.06234698661671101,-0.23426336865644656,0.2784831123035999,0.7010197178160935,1.0012883597453528,-0.09381736713037724,-0.24108650226154496,0.3084954486366291,0.7133716099406213,0.029978470311851187,0.16853535480689932,0.17155084026634754,0.013811900680831797,nan,nan,nan,0.38790037165371105,0.8885682286196691,0.0,-0.6199122145058387,0.0,0.0,5.0,3.3333333333333335,-1.1613863612142512,2.012549713370318
87.4,0.8400946306921709,-0.06766518320137195,-0.19263554663285837,0.29662341282707305,0.687822115566114,1.012576908187333,-0.09715371433671811,-0.21693671994721697,0.3214060649461761,0.7083528753997165,0.030363630544844544,0.17131209546215032,0.1729602132231471,0.013506431327177215,nan,nan,nan,0.42137978935265086,0.894743579947569,0.0,-0.633475617563617,0.0,0.0,5.0,3.3333333333333335,-1.0176405485731268,2.0191524101017198
87.45100000000001,0.8518994524544354,-0.07096834308616155,-0.16534473550002338,0.3103170161962008,0.6789756471724278,1.0318405011108003,-0.10111254985436037,-0.1749060905557367,0.34111600155930233,0.6872794687457788,0.03036807734523042,0.17552813443128568,0.1749934336125542,0.013812065558833743,nan,nan,nan,0.439475350962212,0.8988450930234827,0.0,-0.6425133862745306,0.0,0.0,5.0,3.3333333333333335,-0.9542210503981888,2.0264420881941376
87.501,0.8708458058272709,-0.0755216132750245,-0.12505521076002427,0.3334310220814804,0.6658861921362321,1.0458191205907754,-0.10316380646746696,-0.14467255598123427,0.3572314411049821,0.6785820418332272,0.030203771861902335,0.17835998252950003,0.1762937275924058,0.013506582897423016,0.6158394493395134,0.427619650688705,1.6315626568223731,0.47126303789068935,0.9051679776023153,0.0,-0.6564928553068701,0.0,0.0,5.0,3.3333333333333335,-0.8428743842166394,2.0475242452608917
87.55000000000001,0.884388219441181,-0.07826495109393318,-0.09864733658863101,0.35062964611344105,0.6567920000902022,1.0100887512045305,-0.0408956804611864,-0.10384992584262111,0.3646657655179803,0.6563247359857225,0.030206633845731745,0.17202172589797998,0.1680353422804706,0.013812025850546797,nan,nan,nan,0.4940062882583005,0.9094322197499547,0.0,-0.6659535469440679,0.0,0.0,5.0,3.3333333333333335,-0.7607133417890495,2.0587353519379366
87.60000000000001,0.8987743966244605,-0.08076145947829935,-0.07266702176613006,0.3730307349187333,0.643726157198639,1.025120872980679,-0.04211103186801674,-0.07633646041613851,0.39111560646571564,0.635834298956059,0.03007288405265455,0.17484752062500072,0.16929869073960496,0.013503700997784071,nan,nan,nan,0.5564381682250019,0.8768535571281872,0.0,-0.5943236914629263,0.0,0.0,5.0,3.3333333333333335,-0.4754265193870464,2.1416241407368006
87.65,0.9223222651953399,-0.08397756961710288,-0.03471660371475708,0.410178034220702,0.625161375348631,1.0492979096463706,-0.04364054762338414,-0.038521296587400666,0.42888180222119243,0.5974992413935294,0.030071771975327365,0.17908691795219092,0.1711351757657064,0.013901863890441844,nan,nan,nan,0.5755825413813093,0.8811435202852097,0.0,-0.6036732458576145,0.0,0.0,5.0,3.3333333333333335,-0.4238899556454486,2.139882547293748
87.7,0.9481543216403463,-0.08644204731757056,0.002267521736891569,0.44593298384883984,0.6105609885200501,1.0668476293170948,-0.04401712115628441,-0.012308917729142001,0.4537306004478509,0.6045440214262758,0.029991643380177603,0.18189749903644703,0.17232320428250952,0.013585638207625896,0.7592553324403172,-0.41076404330405464,0.8281381170982185,0.6007320276553112,0.8878585725184212,0.0,-0.6183568868746661,0.0,0.0,5.0,3.3333333333333335,-0.36504416961863484,2.1360960445840074
87.75,0.9665880114270733,-0.0876056645870105,0.026460731272203466,0.4689468274147896,0.601341209271778,1.0638309218610078,-0.07849995130530975,0.024142629997013554,0.4845989225672507,0.5822912884353532,0.029999594453777215,0.1749021471955414,0.16458208620493192,0.01388928863792431,nan,nan,nan,0.6178847688122622,0.8924377731074901,0.0,-0.628405047938604,0.0,0.0,5.0,3.3333333333333335,-0.2614878549884575,2.1143064093033677
87.801,0.9959528791765253,-0.0885388187127143,0.06211939645443701,0.5017341357390448,0.5894444528690329,1.0829385876011492,-0.07871983843335456,0.043500382473037114,0.507517595790743,0.5823253956232269,0.030353963729415966,0.17762909880933753,0.16578166878312994,0.01357455168057227,nan,nan,nan,0.6367329772989658,0.904685061677049,0.0,-0.6554231286958568,0.0,0.0,5.0,3.3333333333333335,-0.2614878549884575,2.1143064093033677
87.85000000000001,1.0165918501364648,-0.08856984926990795,0.08552950636241599,0.5219986221873596,0.5825683032992748,1.1139814879706385,-0.07700495615500051,0.07860529966432094,0.5388770001551795,0.5792951383937652,0.03035996596797646,0.18166165416690527,0.1675526540981935,0.013878635759367368,nan,nan,nan,0.6478443703463341,0.9095454438678982,0.0,-0.6662051117809301,0.0,0.0,5.0,3.3333333333333335,-0.23410176725272547,2.098173100433277
87.9,1.0380150841372382,-0.08809510027532713,0.10866562113810678,0.5415682556313863,0.5751325537658322,1.1353783877175596,-0.07578780524691453,0.09958481529606411,0.5591574799665654,0.5738888825127039,0.030588233371820917,0.18430047770642005,0.16871381996060755,0.013565155265790019,nan,nan,nan,0.6689278028149228,0.9166362061913148,0.0,-0.6819977464028267,0.0,0.0,5.0,3.3333333333333335,-0.1671515321963305,2.083505076669639
87.95,1.0715433235387866,-0.08636586268553009,0.14282016591494506,0.5695825579607857,0.564664048781693,1.024311665835769,-0.052191408829374716,0.13400113381294343,0.560875574959849,0.5668977580546368,0.030597982183600398,0.17643196334189085,0.1614321944948999,0.0138691196523692,-0.037614015491464814,-0.02231760664298099,4.934013267753543,0.6872035028909708,0.9238310156920735,0.0,-0.6981003780364061,0.0,0.0,5.0,3.3333333333333335,-0.1228704061105339,2.078465982295304
88.0,1.0948421137369286,-0.0845209391114627,0.16516573439395624,0.5918257131569232,0.5532754195499723,1.047171636074145,-0.047942361846108575,0.16181579993510023,0.5887661065791648,0.5650593975982151,0.030244974482403965,0.17894643325243767,0.1626371033899664,0.01355676623652125,nan,nan,nan,0.7311595528637392,0.8847773450139212,0.0,-0.6116117591132804,0.0,0.0,5.0,3.3333333333333335,0.14458770893087092,2.1433981360900947
88.05000000000001,1.1314834384934673,-0.08050072903884284,0.19772448078236923,0.6273131152465116,0.5349443102635107,1.082737106388242,-0.04171792203252422,0.1945311086416397,0.6271426117792558,0.5203434236344919,0.030244252973315976,0.18263731115429752,0.16443488933440617,0.013861201991008862,nan,nan,nan,0.7470801639304009,0.888953446151874,0.0,-0.6207567682971286,0.0,0.0,5.0,3.3333333333333335,0.1968079679571103,2.12617338852886
88.10000000000001,1.1569394428953137,-0.07696037157273046,0.21886654024644275,0.6489206433177886,0.5245090611526896,1.107387403950024,-0.03743249979277359,0.21248224912744715,0.6505241573859902,0.48023350180097457,0.0304531200579341,0.18503747797918663,0.1656248777123571,0.013549800520418114,nan,nan,nan,0.7641692382072025,0.8955750607660778,0.0,-0.6353058946802197,0.0,0.0,5.0,3.3333333333333335,0.2239270292081913,2.110784146673913
88.15100000000001,1.1964532579301017,-0.07035208622461979,0.24993144243190715,0.6778414603102108,0.5132796039104593,1.1850755160621702,0.02171208046573278,0.24434419607800706,0.6880965109913219,0.5192893926972035,0.030459917754332745,0.1765476684554501,0.15878913929465302,0.013853949901938226,1.4903378759474597,0.5052283171214047,1.5005098306450368,0.772722737741232,0.9001590456636038,0.0,-0.6454137327388039,0.0,0.0,5.0,3.3333333333333335,0.22616924382417358,2.105012831991864
88.2,1.237337335795485,-0.06217941725001168,0.28029319906677963,0.7040898536191154,0.4995138224177843,1.212048811506917,0.02941335076053718,0.2680962912893951,0.7068932698317494,0.5034937008531277,0.030232948248058465,0.17881508676902716,0.16004255630150574,0.01354341082861885,nan,nan,nan,0.7942391096046619,0.8973862476814303,0.0,-0.6392960783592007,0.0,0.0,5.0,3.3333333333333335,0.3167868296692631,2.0604814703217693
88.25,1.2652709016799784,-0.055843939471156956,0.3000532542260303,0.7205683316521057,0.49029991412404766,1.253332986927648,0.041203651072723835,0.2982641027858275,0.7326188997966812,0.47813142186311924,0.030236361732974414,0.18212377400145127,0.1619267283167882,0.01384814400009442,nan,nan,nan,0.8061583766391088,0.9012620425726666,0.0,-0.6478503264196755,0.0,0.0,5.0,3.3333333333333335,0.3574835918900934,2.0541858850574064
88.30000000000001,1.293685353176313,-0.04879008078691558,0.3194734645807132,0.7360862514881449,0.48188585953894314,1.2813699999779378,0.04828683887804415,0.3128247240972568,0.7487054257898442,0.4788191917477692,0.03064187782909286,0.18426681616660642,0.16317766855210375,0.013538311320117378,nan,nan,nan,0.8202719046050664,0.9071741932382652,0.0,-0.6609405437814652,0.0,0.0,5.0,3.3333333333333335,0.39850677690408776,2.0427319107709057
88.35000000000001,1.3370827562143628,-0.036858736013077056,0.3480242384672494,0.7569519339350606,0.47111287949196406,1.324377391525307,0.06269266447039758,0.34368374848213756,0.769773278514306,0.4812647914079866,0.03065480412898577,0.18738539483350278,0.16506244987384597,0.013843158748056195,1.5707307847411744,0.11250346235385415,0.22245767812989672,0.8260706493248317,0.9115217132528842,0.0,-0.6705991119237633,0.0,0.0,5.0,3.3333333333333335,0.4130500880328498,2.0260857021015166
88.4,1.3812365582007746,-0.02332033080921029,0.3759221774720257,0.7759667530103229,0.4596205258987515,1.3836100887148648,0.07638448742378903,0.3612968593228639,0.786839916434612,0.44504053672974864,0.030700993958384173,0.17746535173341837,0.15802097786030073,0.013533316091265131,nan,nan,nan,0.8401896382871159,0.916847250289528,0.0,-0.6824689490299269,0.0,0.0,5.0,3.3333333333333335,0.47425107736057415,2.008729749656356
88.45,1.4110114357414123,-0.013404750135946884,0.39417647708223463,0.7869966333160965,0.45400460906107876,1.4279364976703417,0.09360580638276067,0.3888430826402947,0.8033176208110157,0.4441113258493153,0.03070817838047384,0.18043188474766378,0.16000450792875795,0.013838294182096485,nan,nan,nan,0.8445182369650263,0.9264282640452965,0.0,-0.7039330524655333,0.0,0.0,5.0,3.3333333333333335,0.4636011438868193,2.0029629286703177
88.501,1.4560559909295274,0.002778692407024843,0.42112220960173424,0.8026143842106596,0.4446561591026838,1.4577345341347874,0.10571362278515738,0.40587026604427123,0.8138100424533882,0.4184802565453025,0.030757878694454205,0.18235634875675863,0.16132014246131077,0.013529649057239123,nan,nan,nan,0.8566055037736194,0.9309849498519376,0.0,-0.7141919167023978,0.0,0.0,5.0,3.3333333333333335,0.5190658764562164,1.9902024174116928
88.551,1.4863003383084457,0.01444090483522109,0.43877874981271564,0.8124669536018793,0.4389356297576773,1.5026845415698669,0.12550894699043688,0.4330884679050788,0.8280989983166841,0.4330306943701043,0.030768958141077482,0.1851645119856423,0.16330450059558174,0.013834723002740688,1.6406892139504197,0.048960058333474256,0.0878509795944433,0.863829465376543,0.9338443538113818,0.0,-0.7206465811749496,0.0,0.0,5.0,3.3333333333333335,0.542453250374245,1.9915913084393342
88.60000000000001,1.5166825657615748,0.026796611716897775,0.45619420993270876,0.8220852670105154,0.4320246147460554,1.5497517696904588,0.13182231077879142,0.45105752721487136,0.8391336257541954,0.4245706002748031,0.030752683155085603,0.17547781965110773,0.1565974786136507,0.013525690801969425,nan,nan,nan,0.8754181551766469,0.9375845652122226,0.0,-0.7291096537879979,0.0,0.0,5.0,3.3333333333333335,0.6065729370810384,1.9736366735063862
88.65100000000001,1.5624622031863395,0.04662548434575717,0.4817786423822381,0.8353380852324961,0.4220321999699207,1.5951120777213301,0.15424844498093832,0.47575283619135383,0.8513923102981902,0.40338858890998563,0.030753926568848577,0.17818968405446914,0.15867214688443051,0.013830866858513284,nan,nan,nan,0.8796358178230427,0.946757851598059,0.0,-0.7499648182639055,0.0,0.0,5.0,3.3333333333333335,0.6166807233514273,1.9641252162811478
88.7,1.5930636905254598,0.060688409352098384,0.49852269065391286,0.8436328806376221,0.4156497127803358,1.6256265240588854,0.16882512618191792,0.4895676541795448,0.8595084388738774,0.39123356300189027,0.03096769298514865,0.17995652679097468,0.16004526649103623,0.013523129442707369,nan,nan,nan,0.8898171334409267,0.9496048944909843,0.0,-0.7564665184657103,0.0,0.0,5.0,3.3333333333333335,0.6619309018969954,1.9607762056678981
88.75,1.6390428568464959,0.08303825010576583,0.5231633369709895,0.8554626488618793,0.4066051624870754,1.6711333714588212,0.19355221967565117,0.5141800283065608,0.8704482343768216,0.3982885235633705,0.030975970977331662,0.18254704694470705,0.16211630196790436,0.013828382946130586,nan,nan,nan,0.8951029597576127,0.9517019074783674,0.0,-0.7612643559531125,0.0,0.0,5.0,3.3333333333333335,0.6833676994287136,1.956783608923669
88.80000000000001,1.6697136348448345,0.09876137460285334,0.5392779651438493,0.863177377962503,0.39954707021740493,1.6673420014504807,0.19434616287854464,0.5317571003446783,0.8743842651206484,0.3904721459353212,0.030873546492454756,0.1730336189185399,0.15551335918603285,0.013519826576568706,1.398269811269617,0.019842640264064557,0.4137763735908639,0.9049393543483559,0.9537391697528191,0.0,-0.7659328277158683,0.0,0.0,5.0,3.3333333333333335,0.7418836518400918,1.94193025732817
88.851,1.7157319481799014,0.12357927806850698,0.5628490499546002,0.8751303464540972,0.38684561423553093,1.7125408320913458,0.22142821377300856,0.5559311643563012,0.8862725208839802,0.3870918724788916,0.030881544720632398,0.17556926021386346,0.1576657728783561,0.013825160597353892,nan,nan,nan,0.9159361875697991,0.9529634930232314,0.0,-0.7641544755963183,0.0,0.0,5.0,3.3333333333333335,0.8129195101465763,1.9340948262117716
88.9,1.7617460505359759,0.14987321352532976,0.5856410743534137,0.886709901046765,0.37447321904990283,1.7430537159104285,0.23892862153087524,0.5690661577215899,0.8941643261332375,0.38539971984710103,0.031112387877236164,0.1772278129056427,0.1590880836386424,0.013518123834985931,nan,nan,nan,0.9219504732748081,0.9536408361565251,0.0,-0.765707325160252,0.0,0.0,5.0,3.3333333333333335,0.843382173429859,1.926837690847417
88.95,1.7923846575813904,0.16820045258277141,0.6004294892305204,0.8938771586695351,0.36649688179197343,1.7882024739248064,0.26830380428386885,0.5916944927088333,0.9046664384069727,0.34573221172321195,0.031112517152400494,0.17967004356250746,0.16123380992006298,0.013823518680911001,nan,nan,nan,0.9347507532468596,0.9549339061167638,0.0,-0.7686740038501739,0.0,0.0,5.0,3.3333333333333335,0.9018819491408926,1.9150144199861137
89.0,1.822969196205873,0.18714823300580846,0.6149173288446846,0.9008267133070529,0.35902306895987673,1.8181363340952488,0.28888502182968323,0.606938522843879,0.9116041962851795,0.35577768434475465,0.031081202823380418,0.18126567850759032,0.16264941941793715,0.013516697628808765,2.0310332638808997,0.10686615519669294,0.2802414012608366,0.9347507532468596,0.9549339061167638,0.0,-0.7686740038501739,0.0,0.0,5.0,3.3333333333333335,0.9018819491408926,1.9150144199861137
89.05000000000001,1.8687195503093783,0.21671242041709923,0.6360908558370324,0.9107403148626698,0.3476574751337268,1.8876751030941967,0.3032479581837424,0.6290272092652396,0.9219939392235857,0.3453344512238823,0.03109521864613602,0.1728289283994597,0.15688958818597193,0.013820714931433883,nan,nan,nan,0.9401354816302105,0.954707222942832,0.0,-0.7681537138436708,0.0,0.0,5.0,3.3333333333333335,0.9402780633604894,1.8989620161815441
89.10000000000001,1.9142567861567599,0.2475954657370379,0.6565976293973742,0.9193120496892785,0.3372813016683285,1.9171924048407165,0.3257674447105933,0.6446196762112604,0.9273946863349948,0.3080300962773806,0.030989144353599778,0.17441276050318974,0.15835387663165945,0.013514228428221168,nan,nan,nan,0.9436754333364945,0.9662553155715007,0.0,-0.7947761972316976,0.0,0.0,5.0,3.3333333333333335,0.9506175868217119,1.8860343447613896
89.15,1.94446199327805,0.26888400163364723,0.6699452531828858,0.9247534389966235,0.33112951441445587,1.9615620747053741,0.3595946514972691,0.6640564770810219,0.9349925716452097,0.29013241192513023,0.03099102969944131,0.17675231574729103,0.16056319371893776,0.013819758746867339,nan,nan,nan,0.9490419732494595,0.9652340634811771,0.0,-0.7924121049095281,0.0,0.0,5.0,3.3333333333333335,0.9739469082357133,1.8893659930235585
89.20200000000001,1.9895241346998493,0.30184391846655084,0.689493224942698,0.9327375268784174,0.3213587190435794,2.0997796905464985,0.3885104831838242,0.68604273362735,0.9482838076203814,0.2948466337077036,0.030752097127996536,0.16870734315981087,0.15488452905309014,0.013613999653626712,2.8329185097741854,0.2840379716052877,2.558140923113599,0.960656948661822,0.9615927180789874,0.0,-0.783998284492183,0.0,0.0,5.0,3.3333333333333335,1.0594496184770943,1.8582264449471286
89.25,2.019395355250019,0.32448882684414393,0.70215057484747,0.9380493574167719,0.3129682885251083,2.129090486330589,0.41265445670913464,0.6987209535290232,0.952584685517186,0.30888608896064657,0.03075893083216445,0.17025971766825623,0.1564006006124951,0.013817314803300226,nan,nan,nan,0.960656948661822,0.9615927180789874,0.0,-0.783998284492183,0.0,0.0,5.0,3.3333333333333335,1.0594496184770943,1.8582264449471286
89.30000000000001,2.0638907758957825,0.35940706383339543,0.7205961962279005,0.9438363916468397,0.30367649817375253,2.1574598306682296,0.4388286566977016,0.7127964085188112,0.9551914623283815,0.27240052354736816,0.03052330033306939,0.17179145520988534,0.15790082536213101,0.013666246017391089,nan,nan,nan,0.9594043680635953,0.9846346197766322,0.0,-0.8376576483841877,0.0,0.0,5.0,3.3333333333333335,1.0548352691627585,1.8447110352088116
89.35000000000001,2.093308482927938,0.3832739990818912,0.732618305091576,0.9474509903862897,0.2983194728914828,2.2006389140489158,0.4766293786811834,0.7302715738973142,0.959240078864668,0.2530283808531385,0.030524389012683114,0.17406059302677032,0.16016318897305845,0.013914041639059018,nan,nan,nan,0.963966578558784,0.9820618034801272,0.0,-0.8316158784505133,0.0,0.0,5.0,3.3333333333333335,1.0548352691627585,1.8447110352088116
89.4,2.1370720086760655,0.4199450530456344,0.7502312855954973,0.9530666857257769,0.28949663601789893,2.2272992977044757,0.5058597694123625,0.746968512724949,0.9625071799866778,0.2554638549572676,0.030026133242936088,0.17554719751629336,0.1616520533240333,0.013596491568166872,nan,nan,nan,0.9692606694657091,0.9788600642235047,0.0,-0.8241152226220665,0.0,0.0,5.0,3.3333333333333335,1.0931022216069874,1.8364449879030484
89.45,2.16601350237325,0.4449684846449341,0.7616213113073919,0.957117721800325,0.2815216999207113,2.24183907773959,0.5819167581458425,0.7646897996326328,0.967635045200276,0.2643562521091355,0.030016610267417657,0.16775984698719773,0.15599705368486064,0.013898307256406195,1.9799943319212796,0.9100365447347374,0.7991916657674352,0.974163280806748,0.9747787326827306,0.0,-0.8145825874557576,0.0,0.0,5.0,3.3333333333333335,1.1399676426198697,1.8190272185274003
89.5,2.209093187857154,0.48336268725313347,0.7779793069500082,0.963839018855672,0.26479118637291305,2.269775489146364,0.6087368830344684,0.7751520082226886,0.9719561851694543,0.2459682991919957,0.0300300265150648,0.16925447312483752,0.15752679939667533,0.013724464251672652,nan,nan,nan,0.9827181101397843,0.9508719568195885,0.0,-0.7593645664321653,0.0,0.0,5.0,3.3333333333333335,1.2325024194305614,1.7795638893041195
89.55000000000001,2.2376021043558434,0.5095273632697119,0.7882922204959673,0.9681946326437,0.25353591202443554,2.3113243404963315,0.6498238611842362,0.7896322191534885,0.9776322807915435,0.22865685425168802,0.030032025180556768,0.17147493440559247,0.15983335688212233,0.01397086718979028,nan,nan,nan,0.9851181088050541,0.9478885137150909,0.0,-0.7525452065135726,0.0,0.0,5.0,3.3333333333333335,1.248685855572135,1.7701207326957449
89.601,2.280031368996487,0.5495776904697295,0.8029587295468195,0.9740981495540891,0.2377984490079486,2.3395026411280613,0.676586981517167,0.7973478053117384,0.9811069833929363,0.22837464300530624,0.030188234694455262,0.17293150607162228,0.1613493595184992,0.013646387058426227,nan,nan,nan,0.9882620899893215,0.9430006986305155,0.0,-0.7414059302473657,0.0,0.0,5.0,3.3333333333333335,1.2750571509988355,1.752237106028566
89.65,2.308086956737507,0.5767830700087343,0.8122257771463226,0.9775864262649028,0.22784203410205342,2.4594238115464404,0.6732279863240153,0.8119119728530727,0.987253583469674,0.23772701820060746,0.030228813389748508,0.16538187969658164,0.15563410305208333,0.013946643421600723,3.113791105605821,0.1958614453173368,2.9385067712480444,0.9898310915767121,0.9400796501198483,0.0,-0.7347681769866654,0.0,0.0,5.0,3.3333333333333335,1.2921469018228282,1.7376427218429131
89.7,2.349790450193858,0.6182765246441971,0.8255333044489236,0.9811396510639941,0.2181681697558243,2.487234167009924,0.7009178899900746,0.8188690276893301,0.9886668184695078,0.20735285037671136,0.03037792067146257,0.16685388172856214,0.15718532145706002,0.013625035854708136,nan,nan,nan,0.9874878962959353,0.9702677952082913,0.0,-0.8040833266884407,0.0,0.0,5.0,3.3333333333333335,1.253918208203308,1.7388040607084787
89.75,2.377319619673934,0.6463502066644229,0.8341431180311821,0.9831158327972138,0.2133155092287878,2.527580312138633,0.7444565830308839,0.8323557530065306,0.9906667766473137,0.20435873970661111,0.030381989775767497,0.16904640476194538,0.15952276250098288,0.013928056544783107,nan,nan,nan,0.9890506247204108,0.9669866518812127,0.0,-0.7964703438255971,0.0,0.0,5.0,3.3333333333333335,1.26122983075309,1.7397004230273687
89.801,2.4182140574703688,0.6890509226229777,0.8466459702710197,0.9861251783695112,0.204179396852263,2.5544056615403297,0.77354577068615,0.8408569925217697,0.9922473696581547,0.2204742258235936,0.030427016895498767,0.17048442114030177,0.1610585529959547,0.013608667312487548,nan,nan,nan,0.9917371254087853,0.9609969510266413,0.0,-0.7826239760857333,0.0,0.0,5.0,3.3333333333333335,1.296968036226031,1.7194046385210735
89.85000000000001,2.4452190355770593,0.7178993325088443,0.8546280643902403,0.9881116846436881,0.19644247430497733,2.5939389185290715,0.8181178446762231,0.8536789208580111,0.9944444061244655,0.19757261065074966,0.030428647776695093,0.17262659741032874,0.16337271781462712,0.013912010584701397,2.186693400544115,0.9066989566773228,0.6224978893275891,0.9932690271754885,0.9569477966931997,0.0,-0.7733003355120519,0.0,0.0,5.0,3.3333333333333335,1.3259991113329832,1.6978921431883984
89.9,2.472020985618997,0.7470394414197906,0.8622911030921978,0.9900305187528428,0.1882621637808986,2.576768337846018,0.8550701277595982,0.8634647615937023,0.9944581731475058,0.20398024370087187,0.030369161148380005,0.16461236416747174,0.15684121425883438,0.013592123053979298,nan,nan,nan,0.995332135302232,0.9503381234037229,0.0,-0.758143233638441,0.0,0.0,5.0,3.3333333333333335,1.3509414217050477,1.6828609408215829
89.95200000000001,2.511857052590954,0.7912772290858129,0.8731213959215395,0.9930131060276166,0.17376794423865197,2.6153752619847657,0.9006301720606401,0.8766172248898697,0.9971609353687677,0.1932656455129915,0.030374722572815066,0.16678581623770633,0.1592059393555727,0.013895784381478272,nan,nan,nan,0.997609993110552,0.9326161826756589,0.0,-0.7178725511482725,0.0,0.0,5.0,3.3333333333333335,1.4039196464906196,1.648189714775792
90.0,2.551276340036232,0.8361214495216065,0.8829609457652345,0.9958543819003788,0.15680035107685578,2.6404960124110852,0.9317866438739728,0.883913142486688,0.9988667522840472,0.1438815785659422,0.03030909732677573,0.16821040040893512,0.1607605190885171,0.013580240807585325,nan,nan,nan,0.9988156267775427,0.9252917990803506,0.0,-0.7013795712729611,0.0,0.0,5.0,3.3333333333333335,1.4311545267809684,1.6225657329420184
90.05000000000001,2.57732916563491,0.8663285901583091,0.8889916656248303,0.9974788972307953,0.14725611107250963,2.6783936053036594,0.9782719613046054,0.8931612016791375,1.001013070225521,0.15468571499705008,0.030314839555417143,0.17033777863432606,0.16310185841851557,0.013884175925955106,1.8066763182182433,0.6506434155465696,3.099823527618579,0.9993509694568076,0.9199437062380468,0.0,-0.6893903049209534,0.0,0.0,5.0,3.3333333333333335,1.4299606849350077,1.62294711333633
90.101,2.6160766134487012,0.9120629931961312,0.8973198201562415,0.9995100623104769,0.13229660495451206,2.6098926592537275,0.9746056767088314,0.9013375327979426,0.9966399554357043,0.1164408163469391,0.030108893060118574,0.16266205946694878,0.1566221794811955,0.013567454959677885,nan,nan,nan,0.9998219571401806,0.9120317153594933,0.0,-0.6717339850843823,0.0,0.0,5.0,3.3333333333333335,1.4586567210667172,1.5915196901101443
90.15,2.6416989904485564,0.9428154387006602,0.9023464174312523,1.00096128196428,0.12156143472531833,2.6468984595159255,1.0216468080957586,0.9098637399754361,0.9994502892316773,0.11812919184827102,0.030113780003802257,0.16482591240661185,0.15901150588182442,0.01387165349979456,nan,nan,nan,0.9999870463599363,0.8962476078417332,0.0,-0.6367870300459112,0.0,0.0,5.0,3.3333333333333335,1.4866285439916922,1.5781552167959507
90.2,2.679839651304036,0.9893076221658261,0.9090575581916999,1.0026467986552905,0.10472658671173714,2.6716273756584483,1.0530011844597027,0.9147339803109729,1.0008898686870054,0.11891385154574038,0.030152366509851057,0.16624397945318928,0.1605819638565701,0.01355900598309327,nan,nan,nan,0.9997560516712878,0.8877749080542154,0.0,-0.6181735674963462,0.0,0.0,5.0,3.3333333333333335,1.5077809227547752,1.5467392859437212
90.25,2.7050768945376924,1.0205148320338642,0.9129652852971628,1.0034324200262827,0.09345343060930278,2.7081786396972753,1.100695492376616,0.9211409968557884,1.0025483779926578,0.10664891443112423,0.03015428348268216,0.16836630477633704,0.1629455028107895,0.013863412342742574,nan,nan,nan,0.9994681743189928,0.8821188664079714,0.0,-0.6058022840506416,0.0,0.0,5.0,3.3333333333333335,1.5207010875523446,1.5271267258989434
90.30000000000001,2.7301687257649037,1.0518704176505,0.9164337909809543,1.003960902758056,0.0824103404057678,2.738091644939543,1.0631065175622691,0.9244230793420288,0.999644078121989,0.07272812950718797,0.03012812664883633,0.16084815898872795,0.15636313112779895,0.013548915888737637,2.818534564538504,0.389883896223976,1.9481829073484902,0.9988513440193718,0.873206125420243,0.0,-0.5863932144447518,0.0,0.0,5.0,3.3333333333333335,1.533967948928204,1.503766915654508
90.35000000000001,2.7675523454623967,1.099149578637299,0.9209293248821802,1.0048110924046152,0.07134746986290522,2.774172204393899,1.1110615389691083,0.9281971243201862,1.0014490981589135,0.06352799591006332,0.030128647818650486,0.163011632364251,0.15876840792473496,0.013853550047151442,nan,nan,nan,0.9995701335749373,0.8951008275145365,0.0,-0.6342618818804587,0.0,0.0,5.0,3.3333333333333335,1.4998559415948571,1.5523361725661953
90.4,2.7923236326463585,1.130824704671299,0.9236523149613903,1.0053052958808437,0.06581187264473798,2.798993920548469,1.142293309466306,0.9299277666845923,1.0023486959474128,0.0882462930124764,0.030257271837280268,0.16442950972693557,0.16034891125218712,0.013543091776358858,nan,nan,nan,0.999111529435307,0.8860402231248501,0.0,-0.6143747856131682,0.0,0.0,5.0,3.3333333333333335,1.5110388654765523,1.5319536862101057
90.45,2.8292700401743898,1.178531474296092,0.9272669816028591,1.0057080680196644,0.05573224089668157,2.834913115280597,1.19055823139672,0.9328006047492252,1.003348587181268,0.03801143170699016,0.030252635044126175,0.16655640885721879,0.16272528284851429,0.0138478839277876,nan,nan,nan,0.9987761532847634,0.8804485502356123,0.0,-0.6021569925998695,0.0,0.0,5.0,3.3333333333333335,1.529377546849577,1.508055991975778
90.501,2.853769963499539,1.210445942719716,0.9293298993498653,1.0057595416120004,0.04918816092852579,2.855587355041301,1.226011057554632,0.940298527765143,1.0036468095991486,0.04480116866701311,0.029807829252981127,0.167946933622583,0.16428448737830098,0.01368171686346388,3.141817089361457,0.5210216974188917,2.0984187419085334,0.9980999872591833,0.8711464934412269,0.0,-0.5819225344676391,0.0,0.0,5.0,3.3333333333333335,1.5235206114689275,1.5052457199493827
90.551,2.890335847581958,1.2584484763892527,0.931927989683605,1.0055024472041956,0.03838727183115581,2.915850849244351,1.2075459084693723,0.9423020807624134,1.001424749515808,0.055133164560026496,0.029840132101963297,0.16134431572252075,0.15845990135501287,0.013921613992887945,nan,nan,nan,0.9969996468847907,0.8628149208546741,0.0,-0.5638920048799103,0.0,0.0,5.0,3.3333333333333335,1.5453586855693455,1.4733886816052655
90.60000000000001,2.914602625040758,1.2905231692433883,0.9333049124822859,1.0055019061940815,0.0327022827788357,2.941016162832459,1.2384006419263591,0.9417692927924222,1.0021590403328697,0.04613998593171431,0.03007203413799479,0.16276492065008594,0.16004763690680965,0.013602992976070758,nan,nan,nan,0.9983739744658161,0.8852675932097653,0.0,-0.6126841096709426,0.0,0.0,5.0,3.3333333333333335,1.527850750240667,1.5083921627601133
90.80300000000001,2.93879748641346,1.3226596930408208,0.9345153938104989,1.0056471902256,0.02874868152917224,2.964589963720186,1.270830591911544,0.9440095924618844,1.0027372437389446,0.05345360941380072,0.03007438029612481,0.1641902015626376,0.16164044371226108,0.013805704260924838,2.8846478972874414,1.0572504961988067,0.2950833233038962,0.9980869888341352,0.8799045789000397,0.0,-0.6009706240017338,0.0,0.0,5.0,3.3333333333333335,1.5294579774813042,1.5020846067452727
90.85000000000001,3.070820988002809,1.5000928537350429,0.9381566872391163,1.0046120244212733,0.0034691009291881194,3.0796185339949904,1.4242309834700921,0.9498327024017933,1.0019749818228498,0.01565424633858216,0.02996703185694624,0.16351658009408745,0.16220813818807098,0.013879448909461843,nan,nan,nan,0.9955401829932542,0.8537899379049279,0.0,-0.5444561112111799,0.0,0.0,5.0,3.3333333333333335,1.55883434363973,1.4521938864291632
90.9,3.1065949742057297,1.5485769905100293,0.9380216523159008,1.0038837975112143,-0.006501078769330116,3.102904226107459,1.4568521551133822,0.9500517883171468,1.0017525723234246,-0.025379857907706277,0.02996104785328472,0.16491810079803257,0.1637789010287248,0.013565886256342342,nan,nan,nan,0.9943927162144366,0.843884300740665,0.0,-0.5232331961045069,0.0,0.0,5.0,3.3333333333333335,1.5703418721556188,1.4306910071715278
90.95,3.1304047696268906,1.580894761758189,0.9376194421518003,1.0033031539564117,-0.012031369800127426,3.1413126864823373,1.5338989276891488,0.949693825832216,1.002902740995121,-0.017569159779095136,0.029955612659817984,0.1586473544700762,0.15790017672492715,0.013866770061342402,3.1310954666546342,1.759759244553,0.29723262554038193,0.9936407366729835,0.8372154925736471,0.0,-0.5090073186210888,0.0,0.0,5.0,3.3333333333333335,1.561956151850053,1.433340525058443
91.001,3.1660674487346756,1.6293362651433065,0.9365326749501327,1.0018916089956373,-0.023075235914932712,3.166141593520378,1.5652250463521373,0.9483934750493388,1.0018334564844418,0.016632661456373474,0.030158972502043885,0.16008105797967076,0.15949595390359383,0.013554722957457372,nan,nan,nan,0.9912111943936533,0.8170159473843036,0.0,-0.46620570932829497,0.0,0.0,5.0,3.3333333333333335,1.5838072866343784,1.3880915744421622
91.051,3.1898138773193034,1.6615888151207245,0.935387845942395,1.0009139377065002,-0.03205649789782058,3.2011735840024365,1.6140360597197267,0.9474103720279353,1.0004178884227926,-0.03167963987924727,0.030155439148595302,0.16224017211862718,0.161892187929408,0.014006585882342578,nan,nan,nan,0.9906008111715808,0.811178680142345,0.0,-0.4539134026803524,0.0,0.0,5.0,3.3333333333333335,1.603872143183276,1.3658120766763708
91.10000000000001,3.2135479387407653,1.6938029211573753,0.9339038246499766,0.9999432654619971,-0.03988271809502285,3.224555056009302,1.6464970933332947,0.9461854631675317,0.9994387744799361,-0.03010936384485697,0.0301583311550773,0.16365034117032987,0.16346465310493957,0.013622392594381276,nan,nan,nan,0.9893134214754723,0.8010842514612597,0.0,-0.43273243663547944,0.0,0.0,5.0,3.3333333333333335,1.595667881585669,1.3674604179625485
91.15,3.249143626659311,1.7420386800774432,0.9311446465029415,0.998527992044823,-0.05039141287768382,3.3138795403675445,1.6466771010965289,0.9433095749250419,0.9975061935830848,-0.04263342880572844,0.030193400241466474,0.15757547034057112,0.15763142390869503,0.014061639168785514,3.826883856325609,1.1278877257091502,2.307939730224105,0.9884979654175399,0.7943687847001206,0.0,-0.4186929311730425,0.0,0.0,5.0,3.3333333333333335,1.6032423325378364,1.355788807600322
91.2,3.2847774078659366,1.7901796044731932,0.927936128082337,0.9982205966222303,-0.054335393325262785,3.338657666149758,1.677855368136215,0.9374395190050081,0.9976603950532973,-0.10525072349304644,0.030355960280121837,0.15901914419277363,0.15922784401260306,0.013674308008447416,nan,nan,nan,0.9921477768444451,0.8179100457198621,0.0,-0.468091464661895,0.0,0.0,5.0,3.3333333333333335,1.5765274975495471,1.417090677075372
91.25,3.3085823497971414,1.8222376641720421,0.9257804238886282,0.9982255578518651,-0.053349653212026484,3.374156522692347,1.7260573194152682,0.9344017899557073,0.9978374585507706,-0.03415989731896425,0.0303647186550662,0.16119689483155616,0.1616228546236876,0.01397609453508611,nan,nan,nan,0.9921578145042153,0.8121202709692625,0.0,-0.4558940096280677,0.0,0.0,5.0,3.3333333333333335,1.5516578805455472,1.4413025468491725
91.30000000000001,3.332433035466203,1.8542598254218463,0.9236262384859387,0.9981169315292135,-0.05497683903525315,3.3999271771300696,1.7564731098885404,0.9296401685042195,0.9977401768179128,-0.046489578780503305,0.030608568823366523,0.16262004627109417,0.16319358739700804,0.013805909203029583,nan,nan,nan,0.9912998334273454,0.8023956430813756,0.0,-0.4354787845686183,0.0,0.0,5.0,3.3333333333333335,1.586937822850698,1.398329070230555
91.35000000000001,3.3683030678744945,1.9022072434218218,0.9201743453526234,0.9978606367935952,-0.059118207062615634,3.4358066475583673,1.804390463969992,0.9264203141797953,0.997600420837574,-0.040037751402085556,0.030609919100546078,0.16476806697295898,0.16554906542658865,0.0140463590914684,3.2267368229419926,2.4292453018388622,1.5720943164805756,0.991233718598696,0.7971326639995926,0.0,-0.4244663042262711,0.0,0.0,5.0,3.3333333333333335,1.5831404808544718,1.401566325467629
91.4,3.3922845464981823,1.9341093905966762,0.9177392853608696,0.9976176033602385,-0.062161029560546324,3.437575603479027,1.901502143877345,0.9341783001663124,0.9998518527700399,-0.04923433196948861,0.029837297594965034,0.15790745614909474,0.15871393606667566,0.013709210428517667,nan,nan,nan,0.9903744171733433,0.7875602078811363,0.0,-0.40449900494594293,0.0,0.0,5.0,3.3333333333333335,1.5925519973610176,1.3853699736263576
91.45100000000001,3.4283461522240084,1.9818269230716326,0.9136936690882012,0.9957546730531099,-0.07323339066140601,3.4733195622161728,1.9496400030847705,0.9291679270501918,0.997387969461337,-0.057687200892479085,0.029837301995696234,0.16010125321419294,0.16110637011880571,0.014010218529682284,nan,nan,nan,0.9828919944649404,0.7489378620734458,0.0,-0.32467844329169115,0.0,0.0,5.0,3.3333333333333335,1.6258392618345292,1.2850211027902398
91.501,3.464483406703765,2.029295331613681,0.9088236383561006,0.9932574149637633,-0.08649372425719096,3.49832253628849,1.9806697706083727,0.924949818721875,0.9954620072944731,-0.07455467550096143,0.02997108079446979,0.16153412975005985,0.16267635770864308,0.013680767466198557,nan,nan,nan,0.9819855660666069,0.7390691005943804,0.0,-0.30445250429472015,0.0,0.0,5.0,3.3333333333333335,1.628374306838194,1.2798810609441453
91.55000000000001,3.4886326079596026,2.060803028528285,0.9051845628614725,0.9918921672697161,-0.09347388157536535,3.5343191704113277,2.028268225402097,0.9206579483274568,0.9930816681889474,-0.07105297975595226,0.029973232401600214,0.16369810177719518,0.1650308595459687,0.013982336487555496,3.7170304164735817,2.9219315619254855,2.9929429369138587,0.9816797813291473,0.7332394539854378,0.0,-0.2925033317176009,0.0,0.0,5.0,3.3333333333333335,1.628374306838194,1.284584550776449
91.60000000000001,3.5249736495339157,2.107863098916863,0.8992537638667615,0.9902683463224589,-0.10251625573902763,3.585376483332299,2.1463190241836587,0.9117338593491553,0.9972781549905012,-0.11427340155751602,0.03036963359119029,0.15700149314395997,0.1582684144643551,0.013652836427345105,nan,nan,nan,0.9814018884814585,0.7274945592622984,0.0,-0.27286636340784165,0.0,0.0,5.0,3.3333333333333335,1.6350975406893595,1.2822157211547918
91.65,3.5492819204555794,2.1390857080887704,0.8949933119438056,0.9883964626607489,-0.10894371992828122,3.6220841996789224,2.1934913117992183,0.9054941937196004,0.9935938210387588,-0.09247713488604217,0.03037320347193499,0.1592175895887482,0.1606543135408826,0.013954940422181306,nan,nan,nan,0.9772740381759439,0.6981334588566583,0.0,-0.20296366303082158,0.0,0.0,5.0,3.3333333333333335,1.6263972363562238,1.2446447159759666
91.7,3.573653708818193,2.1701649643380536,0.8904778577027403,0.9867038618409175,-0.11535461606199342,3.6476280137952672,2.22392283076413,0.9002043300240469,0.9913804202389276,-0.10041215033333896,0.030491900365003103,0.1606659269685651,0.16221935723676592,0.013632121494037894,nan,nan,nan,0.9771098502348381,0.6911206260561812,0.0,-0.18407572469615752,0.0,0.0,5.0,3.3333333333333335,1.641812501128049,1.238159730221212
91.75,3.610366165904607,2.216529371901741,0.8832548307244328,0.9848295209554836,-0.12355595926175882,3.684664949254788,2.270395411977945,0.8922528289247831,0.9887663428995498,-0.15577853334099218,0.030484248610380595,0.1628549890196709,0.16456537270399132,0.013934667821644103,nan,nan,nan,0.9773628760249468,0.6870234214844302,0.0,-0.17292432908693267,0.0,0.0,5.0,3.3333333333333335,1.6418856569865472,1.2460270667235585
91.80000000000001,3.634964611522345,2.247275500592523,0.8782281648702716,0.9839598284644211,-0.12641410034145142,3.7037572691958522,2.23803352451559,0.8805559956102061,0.9839418505147689,-0.14198849935124658,0.030949508804440168,0.15616444056251666,0.15772606095110828,0.013610707333531692,3.642718383102175,1.678640740506427,1.326192860571806,0.9774887503157773,0.6796676940451465,0.0,-0.15480119957631566,0.0,0.0,5.0,3.3333333333333335,1.624045359306192,1.27214134508047
91.85000000000001,3.6720954309750606,2.2931787030730493,0.8706512874221101,0.9843300720221976,-0.12471820682564909,3.741452777828708,2.2834670100872043,0.872500648659555,0.984730076580335,-0.14993115774159288,0.030946690617733457,0.15840793702114925,0.16009965024093303,0.013913691244391317,nan,nan,nan,0.9840252130129487,0.701572748287345,0.0,-0.1923184311824,0.0,0.0,5.0,3.3333333333333335,1.6131865686887892,1.3492663574683674
91.9,3.697044450830455,2.323675313041416,0.8657342858500485,0.9852108216285739,-0.12185590077425301,3.766102864417032,2.314189277653511,0.8683430623719488,0.9856946761100962,-0.08915377530735767,0.030865441508834343,0.1598760173517981,0.16165643715318437,0.01359582214292526,nan,nan,nan,0.9843309691773695,0.6952430822624306,0.0,-0.17542519217519859,0.0,0.0,5.0,3.3333333333333335,1.6083283043579295,1.3541666869630251
91.95,3.7347660324341962,2.369249858014524,0.8584980822121143,0.9862447574911215,-0.1207754005995845,3.8044318962408075,2.3592612381016838,0.860643872041134,0.9868220502182093,-0.1352459423909842,0.030857756514898724,0.16209554595958076,0.16399050285742228,0.013899158934246758,nan,nan,nan,0.9842042492901375,0.6903682829471474,0.0,-0.16353612827143893,0.0,0.0,5.0,3.3333333333333335,1.6326178984697621,1.32590298825019
92.0,3.7601097784836295,2.3995077284299127,0.8536698103606573,0.9867574222465137,-0.12027042884103305,3.831410888459878,2.388191006322102,0.85413281344836,0.9873741431870925,-0.13711477728768848,0.0309968740666396,0.16354552633065478,0.16551814722708016,0.013583063163920377,3.321174001914761,2.1253355938240084,1.1825439409550806,0.9843795103989038,0.6836618025110447,0.0,-0.14729511178792487,0.0,0.0,5.0,3.3333333333333335,1.6125202908741967,1.343887423310361
92.051,3.798413969112416,2.4446964761412526,0.8465255955783421,0.9874332705185944,-0.11815360019305235,3.8192124456131435,2.4031829448061806,0.8466189850032553,0.9848716782184908,-0.12470373757120208,0.030986189482738492,0.15767082217885312,0.15945342172784213,0.01388303360761041,nan,nan,nan,0.9848905457535542,0.6800773190185202,0.0,-0.13818934190287768,0.0,0.0,5.0,3.3333333333333335,1.6093913796789754,1.3492927503889538
92.10000000000001,3.837062912454895,2.489641438746226,0.8394582332325176,0.9880323370317876,-0.11794819211329503,3.8429914570261983,2.434596859221261,0.8459608101708977,0.9857228446606385,-0.11384771171872582,0.030701571429138458,0.15915710930108007,0.1610031722239353,0.013568879159221774,nan,nan,nan,0.9839509049499726,0.6672188253753161,0.0,-0.11894881643377953,0.0,0.0,5.0,3.3333333333333335,1.6232711869120213,1.335415728658233
92.15,3.8630147729519715,2.519460973344403,0.8347024349176354,0.9881320862769426,-0.11957262542135949,3.8823331147613866,2.4787834517254788,0.8380037868183141,0.9865158875666213,-0.12846631240845105,0.030698035437281727,0.16140292906704265,0.16332766572717,0.013872848019218788,nan,nan,nan,0.9828363840452403,0.6604186844491554,0.0,-0.10600108199527147,0.0,0.0,5.0,3.3333333333333335,1.6319842784855072,1.3151626800111114
92.2,3.8891095722923903,2.549157322292769,0.8298855501857877,0.9881466871525217,-0.12076826105853997,3.912574286777002,2.5049452194373143,0.827155005616539,0.9868203024332505,-0.11977859183557867,0.031142172982683448,0.16287130516703194,0.16484821917549777,0.013559938651503647,3.879073978009036,2.6855034620344993,0.12201626715371736,0.9828931326478757,0.6527695284627012,0.0,-0.09105843996188545,0.0,0.0,5.0,3.3333333333333335,1.6255461248287606,1.3194906664209771
92.25,3.928520984879988,2.59347118375753,0.822619695400135,0.9883938135555917,-0.12097362687491933,3.950845139529371,2.565925579181282,0.8191682840891633,0.9883594782839019,-0.11710018429934398,0.031134569968364785,0.1571180708877525,0.15886886238889592,0.013860500897985623,nan,nan,nan,0.9845253100224624,0.6510029888675443,0.0,-0.08606531748799684,0.0,0.0,5.0,3.3333333333333335,1.622240144239158,1.3347197140254408
92.30000000000001,3.9549762601681056,2.622861516686517,0.817764823407933,0.9883303991969271,-0.121990856800208,3.9755648775977144,2.5967060218761597,0.8187475525137877,0.9881958209583296,-0.09477033997392471,0.030853869142957333,0.15862263874055296,0.16041064628798474,0.013549089240284043,nan,nan,nan,0.982446623195392,0.6315251544187486,0.0,-0.056555440745647,0.0,0.0,5.0,3.3333333333333335,1.6307837148300064,1.304770788526337
92.351,3.994909123077682,2.6666880811598794,0.8103159653507254,0.9877129073066777,-0.12628240049926368,4.016163801793034,2.6399069677124545,0.8115738167813338,0.98769873975529,-0.1284349067741062,0.030849296855876226,0.16089483464699542,0.1627233772684708,0.013853572568017376,nan,nan,nan,0.9805364392659321,0.6139528215880526,0.0,-0.031231479417586527,0.0,0.0,5.0,3.3333333333333335,1.6362431014567154,1.2854346887771557
92.4,4.021692857060894,2.6957240941116334,0.8051933952306385,0.9872033384068271,-0.1288566336828886,4.042542059980747,2.669247236825983,0.8079309170892989,0.9872684178894069,-0.11045080931131918,0.030750072992686804,0.16238013780904414,0.1642364953799221,0.013543022946628078,nan,nan,nan,0.9805364392659321,0.6139528215880526,0.0,-0.031231479417586527,0.0,0.0,5.0,3.3333333333333335,1.6362431014567154,1.2854346887771557
92.45,4.06211155440317,2.739000474310016,0.7973386020995203,0.9864161182909539,-0.13272409989214634,4.069713378604263,2.728862433684816,0.800312432807766,0.9867947261402721,-0.12189643893843262,0.030737443001530754,0.15658501172194775,0.1582007275190878,0.01384390012417737,3.898684338960955,2.8669146455385297,0.21262879954514954,0.9797638831048998,0.6064129889691109,0.0,-0.021450924858526843,0.0,0.0,5.0,3.3333333333333335,1.647688044488417,1.2687863757767062
92.5,4.089214051740282,2.767655216416494,0.7919255327339176,0.9853644186314352,-0.137411111052926,4.092043356612465,2.7615973767933046,0.8023009577411906,0.9854198631538785,-0.1642453015481057,0.030081891059671375,0.15810320982293488,0.15973649728240008,0.013534526331226478,nan,nan,nan,0.9749945071953494,0.5762124292941905,0.0,0.013079981462710943,0.0,0.0,5.0,3.3333333333333335,1.6596572085005101,1.2199248172751906
92.55000000000001,4.130070099178793,2.8102933084881965,0.7833940415036031,0.9829244312533205,-0.14555543896009826,4.133225997227807,2.8039611414973513,0.7943413179925525,0.9830138823156019,-0.12291459666508121,0.03008838157531476,0.16039480360224448,0.16204160958573408,0.013839410047836538,nan,nan,nan,0.9712589020917858,0.5619685293945428,0.0,0.027930657328406383,0.0,0.0,5.0,3.3333333333333335,1.6552345889253322,1.1982806890050677
92.60000000000001,4.157436589931191,2.8384739793840876,0.7774178927134482,0.9812127407987001,-0.1520629354686718,4.157262390249397,2.835047077901072,0.7934303349884502,0.9813437985876525,-0.15507267567614114,0.02965580907929566,0.1618932752184256,0.16355010669590714,0.01353061053097625,nan,nan,nan,0.9698788646606316,0.5482780106090323,0.0,0.04033542138926416,0.0,0.0,5.0,3.3333333333333335,1.679435184147355,1.1697634501362186
92.65,4.19734395757463,2.8792313688506046,0.7652637881170543,0.8944586287311411,-0.28977628159048535,4.1826265836786805,3.034001443687738,0.7828430371114612,0.8753545775456278,-0.31125184946861456,0.029601886013311113,0.15605083292702285,0.15747278281509217,0.013831714207338025,3.9057292553058227,4.490427973349849,9.86133328605378,0.3,-0.47444038740502775,1.0,-0.9731618410598395,5.0,3.3333333333333335,10.0,-3.3333333333333335,1.000671217860409,-2.5613750051956874
92.7,4.231825930916218,2.9135630459208035,0.7406603646567427,0.7559395698432145,-0.4840078834300199,4.207256877252365,3.057585128884152,0.768570328197745,0.7825209965826301,-0.4493713186266626,0.029656458208728805,0.1575818730544929,0.15900162944882357,0.013523828435201678,nan,nan,nan,0.3,-0.5324340032320952,1.0,-0.8334978668444128,5.0,3.3333333333333335,10.0,-3.3333333333333335,1.160485377594651,-2.4319892306811375
92.75,4.252208010329941,2.933330332929381,0.7191548539620483,0.6826482454814572,-0.5659355485883566,4.23950879005893,3.0882548037882747,0.7402387549203424,0.6677292636930597,-0.5786622826742075,0.029659253107926564,0.15990555183777808,0.16129651445549165,0.01382895572753739,nan,nan,nan,0.3,-0.546942548239725,1.0,-0.7996434208676169,5.0,3.3333333333333335,10.0,-3.3333333333333335,1.3434679402158944,-2.2564854150110447
92.80000000000001,4.279721167019042,2.9592638471948702,0.6823828755622355,0.5946569229705045,-0.63930129177398,4.261880424941492,3.1030921150521333,0.7128335159944821,0.610642550604117,-0.6302572506043532,0.030042632947245684,0.16144430192438114,0.16279991939726188,0.013518493822403959,nan,nan,nan,0.3,-0.5661419877804336,1.0,-0.7554400856798912,5.0,3.3333333333333335,10.0,-3.3333333333333335,1.3434679402158944,-2.0346083647584603
92.85000000000001,4.296452805763071,2.9745078170624786,0.6560980483688793,0.5471948903022082,-0.6662855128172179,4.288715580190735,3.125725091557604,0.674717136789465,0.5382532914461098,-0.6599069338180517,0.030043740349240587,0.1638026045052256,0.16505780993793037,0.013916082819150492,4.3891418145547085,4.157451745394157,3.8700343918542046,0.3,-0.5779203788132281,1.0,-0.7286403910155261,5.0,3.3333333333333335,10.0,-3.3333333333333335,1.3837074565465872,-1.9191198693525309
92.9,4.3121361766939,2.9883473914544516,0.6290159917217745,0.5069349639580037,-0.6823821596572522,4.324609854827478,3.2394514414300897,0.6456171200872786,0.5080014341417156,-0.6532863572473038,0.03027170105988533,0.15723780649872549,0.15822043365441082,0.01359487301632798,nan,nan,nan,0.3,-0.5934773735798431,1.0,-0.6935924809128495,5.0,3.3333333333333335,10.0,-3.3333333333333335,1.446977035606209,-1.7771343355104365
92.95,4.334105087737111,3.006859867618718,0.5875277671605691,0.456622264505081,-0.6987466098033811,4.348364503168092,3.2568673386363645,0.6040911595370226,0.45929661963563956,-0.7063032630545267,0.030256576717019115,0.15974138233221255,0.1605161185477049,0.013898323051835337,nan,nan,nan,0.3,-0.6373798451908752,1.0,-0.5966412512799639,5.0,3.3333333333333335,10.0,-3.3333333333333335,1.518421683527216,-1.768223483225347
93.0,4.347894674376944,3.0178764561636098,0.5594617914257096,0.42957939829381625,-0.7029996841130204,4.366707172109703,3.2639140876957904,0.5690764729008646,0.4353914418202188,-0.7098713559090551,0.03073468492181139,0.16143247113070577,0.16201967103831902,0.013582353664874506,nan,nan,nan,0.31052781351501413,-0.6509569217888735,1.0,-0.5671879942837076,5.0,3.3333333333333335,10.0,-3.3333333333333335,1.558387987285112,-1.6145474837781588
93.05000000000001,4.367717942533547,3.032785317020375,0.5173752050817768,0.39983222666581586,-0.700446788739077,4.38837912091716,3.2773534861634577,0.525887393469052,0.40770422170843296,-0.7045083180976294,0.030725783014034332,0.16405316361533015,0.1642668532382391,0.013886051418756378,4.545567866796539,2.765768055518534,1.0391795106085064,0.3353661278930019,-0.6597260161156632,1.0,-0.5482858096947631,5.0,3.3333333333333335,10.0,-3.3333333333333335,1.6228130535267868,-1.4808191912149211
93.101,4.387013788445838,3.0461503545850515,0.47565099411126477,0.38276913220689524,-0.6924585737850787,4.415690285291267,3.2348183448467123,0.4929365183562875,0.3963534371296602,-0.7095765419540299,0.031062983505449285,0.15764049287150617,0.1575246394839614,0.013569039529434852,nan,nan,nan,0.3647201926503824,-0.6715766550751979,1.0,-0.5228846115681972,5.0,3.3333333333333335,10.0,-3.3333333333333335,1.703652666330637,-1.3222293277288208
93.15100000000001,4.399870618315421,3.0544008567285608,0.4481884060371081,0.3783468673530291,-0.6838567837639773,4.436611737096566,3.2456938660511794,0.45081265701053,0.3893463410981837,-0.6940231559828167,0.031056036517670586,0.16046260097488332,0.15978564796288486,0.013873021290999262,nan,nan,nan,0.39677519554776103,-0.6698588222868008,1.0,-0.5265567648589593,5.0,3.3333333333333335,10.0,-3.3333333333333335,1.7609927551379507,-1.168456489539333
93.2,4.412884554604327,3.0622270841448995,0.4210714885506974,0.37784112380963586,-0.6748541607400063,4.452464390147456,3.2506165217027085,0.41966328528993335,0.3914730962109586,-0.6818314702485082,0.03135197108917332,0.16238805414312757,0.1612594067004808,0.013560091354275952,nan,nan,nan,0.4252307036052861,-0.680766902261337,1.0,-0.5032942906920396,5.0,3.3333333333333335,10.0,-3.3333333333333335,1.8177576999775882,-1.0418027049557201
93.25,4.4329523455524775,3.073307489855126,0.38105221413228446,0.38250128202437506,-0.662069543080911,4.474121459722344,3.2599348483064445,0.3791721379386854,0.39745827808580997,-0.664120239026716,0.031346715230236244,0.16537225369676517,0.16344640337259964,0.013864297804103918,nan,nan,nan,0.4466346009020596,-0.6881326634621238,1.0,-0.4876585748604104,5.0,3.3333333333333335,10.0,-3.3333333333333335,1.852155953211315,-0.9568849282375318
93.30000000000001,4.45391035037737,3.0836972565661935,0.34177497020688213,0.39261674972544724,-0.649734625934679,4.453288551377076,3.2269200134544476,0.34184649722990423,0.4017701587950353,-0.6186568415709165,0.031240236480041702,0.15988359924368034,0.15736972829354534,0.013652307441447274,4.089790399229667,2.864092166817614,1.1161665311930362,0.4729606781391996,-0.6989761601646,1.0,-0.46474192323825814,5.0,3.3333333333333335,10.0,-3.3333333333333335,1.8899309892236777,-0.8551174082373199
93.351,4.468565809255241,3.0902996286450577,0.31604838259255946,0.40529604713414163,-0.6390884864955804,4.468604579755295,3.232261230494855,0.3159779891563064,0.4167474399345618,-0.6272693317305303,0.031231699026171726,0.1620075112118356,0.1588191547171281,0.013854859514889009,nan,nan,nan,0.5203032122908836,-0.6817438600848094,1.0,-0.5012171508256706,5.0,3.3333333333333335,10.0,-3.3333333333333335,1.9696015920409602,-0.6583796045921084
93.4,4.483916712383202,3.096692114470154,0.29073354751601455,0.41936360306221515,-0.629191819858952,4.4843592977465425,3.2376897970606047,0.29105030045655056,0.4321795171265845,-0.6301812702602592,0.03117042730900707,0.16416325080132535,0.16023626107075714,0.013544139398554056,nan,nan,nan,0.5360822592832057,-0.68902906566689,1.0,-0.4857595978988507,5.0,3.3333333333333335,10.0,-3.3333333333333335,1.972050976271,-0.6033403913080592
93.45,4.5082566834368025,3.105847432168268,0.25342937278647654,0.4407072012578885,-0.616604786603034,4.509722347151322,3.2449289980839886,0.2534787160585954,0.4546122903747251,-0.592469684740461,0.0311711011152918,0.16747065317063992,0.16232972408244278,0.013848750085593668,nan,nan,nan,0.5507101279804524,-0.6965312651691541,1.0,-0.46989868356640324,5.0,3.3333333333333335,10.0,-3.3333333333333335,1.9746542181108648,-0.5560069467081921
93.5,4.525360027928539,3.1116313516716727,0.22893880876560094,0.4553766386073187,-0.6094507399777831,4.527186230089691,3.249802960469585,0.23021579003102574,0.4704966039984467,-0.5793117574090689,0.031102649816993573,0.1697029307845747,0.16368551049019858,0.013538787155899235,4.598681577297,2.6817192674317005,1.1873853434067767,0.5721148996002028,-0.7082354672800946,1.0,-0.44526472342854934,5.0,3.3333333333333335,10.0,-3.3333333333333335,1.991878111687186,-0.5009673165200521
93.55000000000001,4.552341750113511,3.119781872118473,0.19266971009251257,0.4772725597141186,-0.6009140583278617,4.557145587910672,3.2016953429370942,0.19479816684326412,0.49040238198915076,-0.5720063443467577,0.031113326351369812,0.16403814270758785,0.15757059674356017,0.013841919674968433,nan,nan,nan,0.5845148456358996,-0.7162985429495443,1.0,-0.42836923964649637,5.0,3.3333333333333335,10.0,-3.3333333333333335,1.997240102848423,-0.4699972594793749
93.60000000000001,4.571210567342926,3.12482855824877,0.16877456150476133,0.4929117111378972,-0.5941666692528436,4.576914042039572,3.2049923547906514,0.1699858497633837,0.5081183715345858,-0.5868380800703432,0.031183000328505173,0.16633403696910387,0.1589224211595986,0.013532793446023232,nan,nan,nan,0.6147268291484899,-0.713958578449893,1.0,-0.4332663239092056,5.0,3.3333333333333335,10.0,-3.3333333333333335,2.0179745511929994,-0.3509219459753413
93.65,4.600933724064445,3.1317904691681613,0.13350606575667398,0.517313049356251,-0.5829382516410556,4.607515954166729,3.209876170969496,0.1355108894228767,0.5330790643445259,-0.5614391569003631,0.03118336840918546,0.16980815151867815,0.16091888120845213,0.013837734255225298,nan,nan,nan,0.6275004087404348,-0.7224717341429641,1.0,-0.4154733534939515,5.0,3.3333333333333335,10.0,-3.3333333333333335,2.009880817033222,-0.30717738323488464
93.7,4.632288298633123,3.137938420670475,0.09884575931989949,0.54052158105268,-0.5737961246228488,4.628669717298765,3.212874653484911,0.11282143136872014,0.5493515126758899,-0.5688415756574271,0.031138363255671972,0.1721253205792094,0.16221305715727538,0.013529134379621591,4.099680320927671,4.160449090870633,4.287336619519889,0.643941995599075,-0.7356458382636476,1.0,-0.38806153408491934,5.0,3.3333333333333335,10.0,-3.3333333333333335,2.011563124120352,-0.2706232133011346
93.751,4.654048654698305,3.1415376619113506,0.07602574172015403,0.5552516065457823,-0.56818224276891,4.614341521623749,3.3015603260301973,0.07802426986793876,0.5685224429209198,-0.5760622373724279,0.03110080361491388,0.16616928727287653,0.1562253793501482,0.013832766461940753,nan,nan,nan,0.6543268159818152,-0.7446828237294612,1.0,-0.3693394340700417,5.0,3.3333333333333335,10.0,-3.3333333333333335,2.0048786082783665,-0.23900341892342114
93.80000000000001,4.676450053403556,3.144706607208258,0.05341051983688252,0.5691690407195543,-0.5630490877366602,4.636641372663479,3.304063186659458,0.05794047203493147,0.583039432153227,-0.5471630621345733,0.030949346647123007,0.16849032954942417,0.15752815709767493,0.01352477847847575,nan,nan,nan,0.665251376457493,-0.764941603217455,1.0,-0.3275905870828824,5.0,3.3333333333333335,10.0,-3.3333333333333335,1.9943243606265257,-0.20859564989575263
93.85000000000001,4.711165981608229,3.148600608126259,0.01982757656950685,0.5885213209251431,-0.5573083764829458,4.67198802012996,3.305708621896359,0.024360569487694494,0.602885093449084,-0.5377983038971349,0.030945131473719314,0.17196064720027335,0.15946146484374693,0.013829969146180246,nan,nan,nan,0.6731660358007575,-0.7743739955283498,1.0,-0.3082489898735423,5.0,3.3333333333333335,10.0,-3.3333333333333335,2.0009686125826893,-0.20143966623916765
93.9,4.747107812886821,3.1513927709321656,-0.013461307750780183,0.6067451345416527,-0.5522443496637207,4.696184035333574,3.3062611804719513,0.0035716053920791246,0.6158187191593415,-0.5365291833164173,0.03092945734275575,0.17425323316516758,0.16071977755167266,0.013522350691453465,nan,nan,nan,0.6872804049198618,-0.7886973443767072,1.0,-0.2789844107582169,5.0,3.3333333333333335,10.0,-3.3333333333333335,1.999666947210962,-0.16059405624285106
93.95100000000001,4.771705982953623,3.1526106071949744,-0.035476611462755554,0.6183109360265688,-0.5487566155913364,4.686991437658268,3.2053636321240924,-0.029375582620320365,0.6250008466144038,-0.5332306690789805,0.030944328353500448,0.16772007357541224,0.15479430655697526,0.013826273812169228,4.3669922722587575,2.2690261937156575,4.289797237960567,0.6953151989768271,-0.7983663483802982,1.0,-0.25929606344997014,5.0,3.3333333333333335,10.0,-3.3333333333333335,1.9972697775594317,-0.13866602162060604
94.001,4.796832401981898,3.153258961148023,-0.05728830804550385,0.6330520447760842,-0.5408138668306116,4.712680280496944,3.203409050874335,-0.053954421793512175,0.6439446651482961,-0.5247319772781892,0.03112903155031684,0.16997601755847047,0.15607849807124544,0.013516232554992956,nan,nan,nan,0.7413197288666425,-0.7651373171108664,1.0,-0.3271886705989305,5.0,3.3333333333333335,10.0,-3.3333333333333335,2.0502392181361833,0.10283564806678469
94.05000000000001,4.8357982424459145,3.153205868633367,-0.08921726347332293,0.6579230847831062,-0.5262012732309291,4.751756259731068,3.20086923571399,-0.08714596038097522,0.6696883811876498,-0.5357886861469197,0.03111520807517379,0.17332521155384786,0.1579952745502156,0.013912516612248429,nan,nan,nan,0.7513876507757921,-0.7745882360190746,1.0,-0.30781034507784405,5.0,3.3333333333333335,10.0,-3.3333333333333335,2.0439846355197515,0.1279595346624146
94.10000000000001,4.862553911316462,3.152454802576737,-0.11007686562417326,0.6730268122905312,-0.5179926436711341,4.77899835251802,3.1973670868573834,-0.11035564026191878,0.6853552157463434,-0.5060047402958063,0.03128298145717357,0.17552485878810828,0.1592488380919927,0.013595014505566876,nan,nan,nan,0.7635533865920447,-0.7891441585765023,1.0,-0.27807345078675155,5.0,3.3333333333333335,10.0,-3.3333333333333335,2.0216114140645858,0.16331854641038346
94.15,4.903709650051859,3.1501959415735428,-0.14081618326408885,0.6937292650287803,-0.5082851637706374,4.85018178019347,3.20978049248176,-0.14139044703191406,0.7106824669803206,-0.49342353965969515,0.03127513173941732,0.16847697925010416,0.15343379292578643,0.01389731717760104,5.062193387568173,3.3617091365824976,0.33180101257731964,0.7722249414361939,-0.7988163105875908,1.0,-0.2583810658711543,5.0,3.3333333333333335,10.0,-3.3333333333333335,2.025993190944333,0.17760114351554956
94.2,4.931733217218609,3.1479181128199794,-0.16106257475499872,0.7051385687425975,-0.5046503554989361,4.879195575949223,3.203229088528904,-0.16735735718529154,0.7209533800672445,-0.5110326948572183,0.03166878916010963,0.1706171948856906,0.15472929828036142,0.013581631907920605,nan,nan,nan,0.7717460407673324,-0.8306045322096469,1.0,-0.19398628035616808,5.0,3.3333333333333335,10.0,-3.3333333333333335,1.9974403663226648,0.1298309729770315
94.25,4.974412654189229,3.143322519133543,-0.19120642100409246,0.7199650839358573,-0.49932778663895394,4.922058431098639,3.1955296121513252,-0.19788845675167496,0.7356876025522902,-0.46987577045392953,0.031670981406280344,0.1737764253773901,0.15667432692135608,0.013885594515732931,nan,nan,nan,0.7820761019116412,-0.8401633472604079,1.0,-0.17470608612327948,5.0,3.3333333333333335,10.0,-3.3333333333333335,1.9912644752652318,0.18167266092565681
94.30000000000001,5.003261976294555,3.139462911895991,-0.21110519526402158,0.7295803508060936,-0.4956103480343896,4.950848753153552,3.1900785772797517,-0.21735673946646372,0.7453838262007034,-0.49919835449214406,0.03158136552438147,0.1758440172940608,0.15795156879627353,0.013571321169561215,nan,nan,nan,0.7918184129124571,-0.8549041938190761,1.0,-0.14503548783029352,5.0,3.3333333333333335,10.0,-3.3333333333333335,1.9981617938939364,0.2030151990548763
94.35000000000001,5.047058345292146,3.13246777014922,-0.24067169755490367,0.7430263671336474,-0.48947739022185255,4.994678974329735,3.179934364779726,-0.247246504643559,0.7585170175696001,-0.47666599196298376,0.031578525026004806,0.17888604087183088,0.15987608515135357,0.013875519138243793,4.756314435718615,3.904453272255243,2.1136095074051093,0.7976646764832668,-0.8647400163987828,1.0,-0.12527385110930772,5.0,3.3333333333333335,10.0,-3.3333333333333335,1.9797318200840437,0.23694067288080078
94.4,5.076555405211444,3.1269956687423135,-0.26015892869600327,0.7515292068913194,-0.48499769270640447,5.000356736219522,3.240074137949837,-0.26352310445680155,0.7635983939620798,-0.49808007203344745,0.031270991426590025,0.17041787439638983,0.1535844324239558,0.013561134249786846,nan,nan,nan,0.8068843666289153,-0.8791842717793538,1.0,-0.09629620166837691,5.0,3.3333333333333335,10.0,-3.3333333333333335,1.9803187223663468,0.2658382145293495
94.45100000000001,5.121164685907561,3.1175745681943665,-0.2890928193224634,0.7625122559632656,-0.4798288744066264,5.04469572244922,3.2276417180904096,-0.29261832064393367,0.7745185308763775,-0.45939836518563076,0.031272382188981825,0.17338242668970696,0.15558580970357855,0.01386555682535375,nan,nan,nan,0.8045112387759903,-0.8994673393181593,1.0,-0.05567012825448056,5.0,3.3333333333333335,10.0,-3.3333333333333335,1.9625932449590167,0.2532245980017013
94.5,5.151067394569343,3.110489763088368,-0.3082366811105397,0.7691061511125404,-0.47712719541303994,5.07422922825612,3.2197663544473207,-0.309769693795106,0.7814757504625586,-0.4937397286994911,0.031078898146159308,0.1753239369042813,0.15690222156723266,0.013553698040545889,nan,nan,nan,0.8133851069772202,-0.9134669039030555,1.0,-0.027658391186378056,5.0,3.3333333333333335,10.0,-3.3333333333333335,1.9721186446637897,0.2770915870349284
94.55000000000001,5.196118306828771,3.0986522676211807,-0.336722038434838,0.7785596242772959,-0.47183672621060735,5.118918703511118,3.2049926748683273,-0.3390348034512143,0.7906862320424303,-0.4903549112647289,0.03107122796150283,0.17818225640631533,0.15889090827764557,0.013858305259387964,5.758184318010292,3.2159384647004785,1.4507135159665379,0.8178410619770252,-0.9229168436165198,1.0,-0.008756804726711927,5.0,3.3333333333333335,10.0,-3.3333333333333335,1.9534838329132476,0.3090341664085994
94.60000000000001,5.2262496132774405,3.08995453499627,-0.3555061489697331,0.7847766495198208,-0.4673182924859831,5.221160699895668,3.1966282013916576,-0.3590401706048159,0.8043511436179895,-0.46133429796043157,0.031176680723303457,0.1697313145870368,0.1527887769204078,0.013543045000042218,nan,nan,nan,0.8268428256786828,-0.9363602535523573,1.0,0.018130567729890412,5.0,3.3333333333333335,10.0,-3.3333333333333335,1.9510019859017609,0.35130956461011476
94.65,5.271508886726442,3.0757221332672473,-0.3834346104468453,0.7910914465297554,-0.46510629442444484,5.266298604789012,3.179206545577144,-0.387751916125775,0.808925886282013,-0.4793311683794339,0.0311654564833823,0.17253124184792853,0.15485792986384725,0.013937698877817296,nan,nan,nan,0.8163854202651217,-0.9747123889864568,1.0,0.09490548075152878,5.0,3.3333333333333335,10.0,-3.3333333333333335,1.9318351584150943,0.25388594163851697
94.7,5.3015976611818365,3.0654713645886877,-0.40203505192705297,0.7943946783985815,-0.46365689957888173,5.296220603330357,3.166993258306881,-0.407186611431372,0.8119928097491038,-0.48008138765819386,0.031133238204578754,0.1743658980844696,0.15622027424089696,0.013617154780255637,nan,nan,nan,0.8254757064099152,-0.9875037645607935,1.0,0.12056281117749572,5.0,3.3333333333333335,10.0,-3.3333333333333335,1.9274130465757982,0.3116224359742896
94.75,5.346618724562856,3.048942553535597,-0.4297340536206225,0.8002291125212582,-0.45921551749083206,5.340871626376366,3.147274744720566,-0.43388318606165033,0.816933517074171,-0.4544413370784651,0.031134318738355038,0.17706891130945687,0.1582820133362944,0.01392034300973051,nan,nan,nan,0.8317256636978786,-0.995774194570459,1.0,0.1371724376484142,5.0,3.3333333333333335,10.0,-3.3333333333333335,1.9291168494251347,0.34741921013442945
94.801,5.391513323998963,3.0310177733536277,-0.4571380535552376,0.8069645980573166,-0.45432510579872776,5.439853829577883,3.1448178089781944,-0.44933922146833094,0.8273043828223217,-0.43306305591526223,0.030912971744099002,0.16855148204020115,0.15219503926414094,0.013600316372824531,5.969753302551086,3.240782195062211,1.373264254133422,0.8398607514017061,-1.0076528780964955,1.0,0.16106214793343215,5.0,3.3333333333333335,10.0,-3.3333333333333335,1.9401768303702678,0.3824208239285052
94.85000000000001,5.421311191873034,3.018322481897865,-0.4753529518472021,0.8085081884176581,-0.45581146725184984,5.484421723102324,3.122820252373119,-0.47595979204668476,0.8288200898722936,-0.41977873321457376,0.030911535256160107,0.17121536820162991,0.15433604271963564,0.013903843886523546,nan,nan,nan,0.827149225015467,-1.0461196784498572,1.0,0.238773749049223,5.0,3.3333333333333335,10.0,-3.3333333333333335,1.9210708186143444,0.2771798924019755
94.9,5.45091937693682,3.0050531549319097,-0.4936227188929021,0.8103899381064416,-0.4562716067736486,5.513634441737893,3.105572380028513,-0.49659717060596664,0.8301934112555149,-0.4153794606874106,0.031179393746476772,0.17296348860802874,0.15574647936818814,0.013587356410639864,nan,nan,nan,0.8357962217445066,-1.0571747225578074,1.0,0.26122952990573056,5.0,3.3333333333333335,10.0,-3.3333333333333335,1.9326105780076457,0.32478877304593734
94.95,5.495036007640084,2.984047706301746,-0.5209631969411143,0.8148020421236725,-0.45407947774693846,5.557254110283712,3.0814220605446723,-0.5240996377712532,0.833338168860902,-0.4475686855101583,0.03116659341714018,0.17554276108261935,0.15788317521932893,0.013891166020719867,nan,nan,nan,0.8435302428141497,-1.063570801819101,1.0,0.2742509814074222,5.0,3.3333333333333335,10.0,-3.3333333333333335,1.9397377651846544,0.3711204400951803
95.0,5.538849817188072,2.9616863709425,-0.5480182525970442,0.820957964117212,-0.4474321741607711,5.586318620127188,3.0661573085074876,-0.5392917916034455,0.837095410723322,-0.4357598751108999,0.03095694005902359,0.17723337585057913,0.15928978366085628,0.013576199450943613,4.918079370300746,2.815651499925783,1.8152612964390675,0.852800610369483,-1.073571200611321,1.0,0.2946565245537731,5.0,3.3333333333333335,10.0,-3.3333333333333335,1.9306447429407203,0.44028500282864447
95.05000000000001,5.5679056935111895,2.946013776623134,-0.5658095188216336,0.8253870818349227,-0.44285216807916344,5.554537346383693,3.0173171225679076,-0.5650975242759122,0.8378786605533237,-0.4387054215097025,0.030963887667407635,0.1696042096119113,0.15398762663098856,0.013878538575944557,nan,nan,nan,0.8571070801782446,-1.0804607727593343,1.0,0.30874928120624295,5.0,3.3333333333333335,10.0,-3.3333333333333335,1.9337554289795351,0.4588563856005884
95.10000000000001,5.611324488085002,2.9212980487962947,-0.5919843219657043,0.836288501752213,-0.4294971982123784,5.582297082661905,2.996629926090961,-0.5878722469467568,0.8465618677250607,-0.43964012329414737,0.03131168456477532,0.17128298596094366,0.15544787810061325,0.013565081582505899,nan,nan,nan,0.8830230927876029,-1.05362887154548,1.0,0.25402015064769895,5.0,3.3333333333333335,10.0,-3.3333333333333335,1.9505037563746113,0.63587405177367
95.15,5.640253324785586,2.9039614772510918,-0.6089077116071067,0.8447746949111006,-0.41899264570100836,5.624517635366703,2.9679570068884504,-0.6135719941562869,0.8588106192067083,-0.40506726751656513,0.03130960457397138,0.17376265819842993,0.15766204411524354,0.013869386033614395,nan,nan,nan,0.8913083568219278,-1.0584458671140726,1.0,0.2638156217841007,5.0,3.3333333333333335,10.0,-3.3333333333333335,1.9425584690903421,0.6825497072237132
95.2,5.669150704992722,2.8859441508223442,-0.6254496935962682,0.8528781513303768,-0.4100145164878108,5.653112474143823,2.9499994797629974,-0.6269029704413454,0.8667808688810457,-0.4035941223423903,0.031042245849710114,0.1753889342913926,0.15912020872774765,0.013557048128126302,4.955858494529759,2.3749869352259196,2.9385046188308417,0.8991339610098235,-1.066581578309625,1.0,0.2803883124264327,5.0,3.3333333333333335,10.0,-3.3333333333333335,1.9423390149794164,0.7073640765326547
95.25,5.712380743019997,2.857673398980533,-0.649670163899457,0.8638736904266452,-0.39899472436036953,5.6196757600206295,2.867561046793269,-0.6515090862462499,0.874261565886056,-0.4094055382569989,0.031058086647345367,0.16796650470346608,0.15391119273442053,0.013859739189556035,nan,nan,nan,0.902348929715827,-1.0725106235181638,1.0,0.29248966717285674,5.0,3.3333333333333335,10.0,-3.3333333333333335,1.9329808519737612,0.7190331906172187
95.30000000000001,5.7411108275134,2.8379976319738045,-0.6653817672381,0.8729474284589338,-0.38702565740697226,5.647054621629132,2.8448113287127184,-0.669548287297173,0.8848681638110721,-0.38753624510702567,0.031246018560379615,0.16958680634254866,0.15541962962775893,0.013548564255719318,nan,nan,nan,0.9273584236358507,-1.0350152462128481,1.0,0.2162772360924649,5.0,3.3333333333333335,10.0,-3.3333333333333335,1.9233894646479364,0.9003954153537405
95.35000000000001,5.784186725563776,2.807173217782182,-0.6879436612357153,0.8872692909545927,-0.36842158291183724,5.6886637932401065,2.8113771506392826,-0.6919434901258477,0.8988122668829891,-0.3773933609694029,0.031240216303089527,0.17198215951184154,0.15770362183472744,0.013853288281623587,nan,nan,nan,0.9324921206319783,-1.0390923556077303,1.0,0.22453049453093643,5.0,3.3333333333333335,10.0,-3.3333333333333335,1.9162900496014714,0.9176868407554196
95.4,5.8271392127091355,2.774854797598834,-0.7095282369646583,0.8995679195903754,-0.35332614770158627,5.716846981360187,2.7896845223467674,-0.7047364658804138,0.9069550061264245,-0.3621129012664256,0.031051504294620502,0.1735520848116985,0.15920651568496486,0.013542908555339635,nan,nan,nan,0.9381061922863739,-1.0456185783448884,1.0,0.23775732497565466,5.0,3.3333333333333335,10.0,-3.3333333333333335,1.8983397429205615,0.9392291670389613
95.45,5.855650383609126,2.7525292554041987,-0.7234637003221152,0.9066643805408867,-0.34510987564902945,5.792116868256324,2.739908288278016,-0.7261259563728228,0.9201851630219917,-0.3370985365969961,0.03104816692968854,0.16619046551398478,0.15391258043306866,0.013845742583222053,6.038489864663974,2.637824138459253,0.4080633717817532,0.9408796371427527,-1.0503149990198142,1.0,0.2472882984962101,5.0,3.3333333333333335,10.0,-3.3333333333333335,1.891699254389143,0.9446539759840826
95.5,5.898146690052915,2.717956325728162,-0.7438561517098082,0.9152844424364547,-0.33603968092821346,5.819373224770309,2.714816746890763,-0.7406150001330465,0.9252456736471687,-0.33179766639807645,0.03111819498894505,0.16775749927751832,0.15545892640748815,0.013536283944037634,nan,nan,nan,0.9430521109395248,-1.0652329041344542,1.0,0.27763846757186844,5.0,3.3333333333333335,10.0,-3.3333333333333335,1.8811618004960082,0.9335197864887119
95.55000000000001,5.926256447202622,2.694227720976963,-0.7571679060791564,0.9204288485407431,-0.33031094127172017,5.860186490685144,2.6769824605377113,-0.7610072536704324,0.9321004496681836,-0.32096535193780923,0.031113718664606875,0.17007688209041155,0.15779591603000803,0.013841339856402058,nan,nan,nan,0.9467118453936368,-1.068542640109674,1.0,0.2843886279507046,5.0,3.3333333333333335,10.0,-3.3333333333333335,1.873694578423323,0.9553497916119015
95.60000000000001,5.954176410746389,2.6699750703478187,-0.7702523445245809,0.9253250480618502,-0.32443450794391193,5.886652488936963,2.6501468645149164,-0.7761430903296693,0.9365748025193783,-0.327904599077079,0.03124136398909856,0.1715958854784035,0.1593325722828387,0.013532432888480075,nan,nan,nan,0.9515961079205837,-1.073415645547451,1.0,0.2943386688707416,5.0,3.3333333333333335,10.0,-3.3333333333333335,1.8639942189376755,0.9835413248568675
95.65,5.99568529678249,2.6326432157794364,-0.7894108762119778,0.9323004407524469,-0.31484671985673945,6.042957771653477,2.5253761292652066,-0.795124273559825,0.9541122286842988,-0.29698176136195054,0.031248033373655663,0.1643266421303644,0.153928550422806,0.013835305408099718,6.964681827025894,1.767329654240927,6.575959509029939,0.955409273949404,-1.0758966983007323,1.0,0.29941010985851985,5.0,3.3333333333333335,10.0,-3.3333333333333335,1.850893736928557,1.0139565922770322
95.7,6.023086657377123,2.607155390654482,-0.8018948459473452,0.9355509290058122,-0.3105891166716148,6.0694820170724135,2.497828938930372,-0.8085978519090667,0.9547335499256052,-0.3003136658372826,0.03127231829679155,0.16584757521228763,0.1555036274359845,0.013527132171349338,nan,nan,nan,0.9537812812139401,-1.100342888454793,1.0,0.34959189488190506,5.0,3.3333333333333335,10.0,-3.3333333333333335,1.8387818356409766,0.9607114000456336
95.75,6.063687806653522,2.5681256381947777,-0.8203787300736769,0.939300172110699,-0.30536554727118237,6.108787227234357,2.456128203806786,-0.8277840243516988,0.9561347392470342,-0.3036101400045891,0.03126578247049484,0.1681027892781038,0.15788135136075948,0.013832456439263863,nan,nan,nan,0.9570865706336815,-1.102617980405354,1.0,0.35428297701615374,5.0,3.3333333333333335,10.0,-3.3333333333333335,1.8327047380412838,0.9908952852222486
95.80000000000001,6.090426761982042,2.541579166528835,-0.8324884339913052,0.9421713767049296,-0.30036541649861553,6.134305501843867,2.4274063121046314,-0.8408259100948124,0.9579122261866126,-0.2551089820243785,0.031331314440536814,0.16957932758195443,0.15944449014938533,0.013524646837357069,nan,nan,nan,0.9616209426251857,-1.1057303978584037,1.0,0.36070670407155725,5.0,3.3333333333333335,10.0,-3.3333333333333335,1.8230797645833159,1.032128756066873
95.85000000000001,6.1300592689517845,2.500971834698391,-0.8502699582012991,0.9467210469098966,-0.29354832229934946,6.17241567725769,2.384317021760114,-0.8585717792227823,0.9606684400168637,-0.2897654369978561,0.03132078772879792,0.1717696063883697,0.16180344035561298,0.013830077661605484,6.472681226014331,2.877710176123464,1.2101360670782757,0.9647131166114337,-1.1072705984416678,1.0,0.36388818873787254,5.0,3.3333333333333335,10.0,-3.3333333333333335,1.8348723999261698,1.0396255205051061
95.9,6.156163577039992,2.473383367154498,-0.8618913722299049,0.9498621598929928,-0.2878015285928503,6.228285549666172,2.4030259882236082,-0.86518701038774,0.9620479093151032,-0.2718218194486582,0.03092130001866326,0.16391396883517978,0.15551624767377295,0.01352028880610527,nan,nan,nan,0.9686792027772374,-1.1095127102193267,1.0,0.3685227548622201,5.0,3.3333333333333335,10.0,-3.3333333333333335,1.8244029790330845,1.0281775978991514
95.95,6.194830731018027,2.431261926393498,-0.8789399104198445,0.9532919386878357,-0.2828262176956432,6.26551415667393,2.3588451295483197,-0.8816176925796118,0.9640064502101939,-0.2666078532139689,0.030918595882748763,0.1661243932726931,0.15792452542786853,0.013825838049905358,nan,nan,nan,0.9634427274574779,-1.136414622618693,1.0,0.4244440326671022,5.0,3.3333333333333335,10.0,-3.3333333333333335,1.8244029790330845,1.0281775978991514
96.0,6.220248176224153,2.402731678075783,-0.8902094525614553,0.9551973006559805,-0.28042637415591676,6.288138318838934,2.326400941384581,-0.8971033284360708,0.9653769960158186,-0.26030732962212977,0.0312765172062843,0.16757169779627018,0.15950875979969562,0.013518868694599158,nan,nan,nan,0.9673185775229763,-1.1379807278085183,1.0,0.427718403068136,5.0,3.3333333333333335,10.0,-3.3333333333333335,1.8165717333254405,1.0607689102098967
96.05000000000001,6.257847656460584,2.359264353071801,-0.9068586437880468,0.9585652995333195,-0.27459060293831067,6.324028595142589,2.280883866302427,-0.9144939257616285,0.9678234805846836,-0.25940466452689803,0.031271311600559605,0.16972339751750343,0.16189905813603417,0.01382448712516618,6.126619147453685,3.0152940626096982,2.086079613284283,0.9712847970056377,-1.1373269421280485,1.0,0.4263512199018956,5.0,3.3333333333333335,10.0,-3.3333333333333335,1.8085960522116227,1.0961710748333942
96.10000000000001,6.282572118158277,2.329836992298326,-0.9177252106730321,0.9610934813297142,-0.26928215660262445,6.326675074094586,2.3259956467877014,-0.9161111462494489,0.9652026288070825,-0.2341609416847277,0.030531112467733827,0.16215178895871762,0.1556147059393416,0.013515282912837009,nan,nan,nan,0.9751269079232532,-1.1379973633224796,1.0,0.42775319589552707,5.0,3.3333333333333335,10.0,-3.3333333333333335,1.7955522643801052,1.1325656833190703
96.15,6.319148753971544,2.285037157894595,-0.9336685531175699,0.964438838795132,-0.2642451706905621,6.361756225267044,2.2798287934841515,-0.9311187148693478,0.9684971601365578,-0.24692689089045425,0.03052606208857709,0.16433277984068256,0.15805181752839575,0.013821013144959267,nan,nan,nan,0.9723283088585434,-1.1519087787314501,1.0,0.4569374473482898,5.0,3.3333333333333335,10.0,-3.3333333333333335,1.8171531210887173,1.0970889769904957
96.2,6.34317701048346,2.2547575541606446,-0.9441865287436066,0.9664135134306668,-0.26141672259626747,6.384729998696841,2.248569913745504,-0.9421379263973289,0.9706792392996627,-0.250815448202117,0.030535984181754162,0.1657607067336954,0.15965559365999754,0.013514660678657324,nan,nan,nan,0.9756867512848993,-1.1520821275301887,1.0,0.4573022563041258,5.0,3.3333333333333335,10.0,-3.3333333333333335,1.7982925357370596,1.1329438104669007
96.25,6.378691366064636,2.2087304893037487,-0.9596489290013508,0.9695300516185531,-0.2545027764237671,6.418789872281517,2.2012528721760622,-0.9573223089285565,0.973781350610282,-0.2610963611485844,0.03053023504666608,0.16788985738936646,0.16207237015805148,0.013820445556852941,nan,nan,nan,0.9780797951034068,-1.1519033139052788,1.0,0.456925947204775,5.0,3.3333333333333335,10.0,-3.3333333333333335,1.786313506827151,1.1576697028649943
96.301,6.413578200732365,2.1619892165450136,-0.9746129596805087,0.9727574632197504,-0.2452400864835536,6.408479788389937,2.217971140146753,-0.966360149592572,0.9718408022059639,-0.23096552175841528,0.03045619993709647,0.16044098224474118,0.15564273270050505,0.01351152384553044,6.134917862957603,2.6685811166065165,1.150469872863614,0.9812335981795365,-1.1513604167769353,1.0,0.45578362113085047,5.0,3.3333333333333335,10.0,-3.3333333333333335,1.7666302561416067,1.1933930215153374
96.35000000000001,6.43649286365722,2.1304378260207106,-0.9842902147861307,0.9750786210332418,-0.23991823662599612,6.4414100435451775,2.169753836682397,-0.9818568170140085,0.9759351040890287,-0.24602840787871808,0.030448614427763275,0.162599741438054,0.15810553959209184,0.013817392849373496,nan,nan,nan,0.9827799957744213,-1.1522076884890655,1.0,0.4575665148000011,5.0,3.3333333333333335,10.0,-3.3333333333333335,1.7757109820033161,1.2029407827205678
96.4,6.4703584833658745,2.0825374534312666,-0.9983674828430776,0.9784975637474727,-0.23021535167614832,6.465180571195107,2.139555990954344,-0.9879610600063504,0.978693178263452,-0.2320362513316677,0.03010053483586165,0.16401196912530575,0.15972734091760205,0.013511509132764103,nan,nan,nan,0.9857329705570662,-1.1509785707531235,1.0,0.45498033684558015,5.0,3.3333333333333335,10.0,-3.3333333333333335,1.7504195623704073,1.2398770274560362
96.45,6.492598577769794,2.0502381531388303,-1.007427221387655,0.9805192739379663,-0.22423097239859396,6.497292685984018,2.0903065100928018,-1.002430752119022,0.9821864829476803,-0.2172793401921792,0.03009759606081384,0.1661224506322523,0.16216880234344697,0.01381742028931842,nan,nan,nan,0.98667269861594,-1.151405300472625,1.0,0.4558780515286921,5.0,3.3333333333333335,10.0,-3.3333333333333335,1.7472955128956948,1.2425917925622054
96.5,6.51456759850061,2.017661420597114,-1.0162532196153387,0.9824588754161366,-0.2181034109497369,6.517972943254683,2.056716241526509,-1.0123743237084217,0.9844045135134987,-0.21834832437804128,0.030153509714380394,0.1674998230321711,0.16377406084432525,0.013511564599106345,7.248072503617666,0.6602509323662844,8.910892706921816,0.989194557421465,-1.1495698593892463,1.0,0.45201805484289515,5.0,3.3333333333333335,10.0,-3.3333333333333335,1.733702398242153,1.2661085485852248
96.55000000000001,6.547021137363323,1.9682945113566475,-1.02900635749527,0.9852519084616223,-0.20820594612057194,6.6318445206851,1.8660126703905626,-1.0249930482048457,0.9974451201353566,-0.1867816606911434,0.030169743640416934,0.1609331085867818,0.15808567495082515,0.013814661049610941,nan,nan,nan,0.9908369364124218,-1.1478519344357132,1.0,0.4484080995196513,5.0,3.3333333333333335,10.0,-3.3333333333333335,1.7191530445859744,1.2873988719065323
96.60000000000001,6.568325262814338,1.935068600914501,-1.0371619102989085,0.9866828087597476,-0.20084575070661853,6.654317132787155,1.8336408013511505,-1.030435531779382,0.997533480277509,-0.18462381349933193,0.029893102485993535,0.16233316070489404,0.15972110829726352,0.013509144589498465,nan,nan,nan,0.993764986968543,-1.1367204222648286,1.0,0.42508321878241784,5.0,3.3333333333333335,10.0,-3.3333333333333335,1.6881685576754908,1.3024117640484563
96.65,6.599778123214108,1.8848073792110187,-1.0488372892615803,0.9884254295806943,-0.19010867570663717,6.684904730142828,1.7821923921310012,-1.0425358056590586,0.9977621208206652,-0.193633935417348,0.029887167825428742,0.1644292885272536,0.1621797773804944,0.013815174303435363,nan,nan,nan,0.9944301844065425,-1.1360290331054388,1.0,0.42363818704041445,5.0,3.3333333333333335,10.0,-3.3333333333333335,1.6822737020515641,1.313192248872859
96.7,6.620419197340467,1.8510301560711193,-1.0562614210986683,0.9896355332719349,-0.18238947698655755,6.703203627050546,1.7460817097584589,-1.0536211863963443,0.9982046478369334,-0.18619907561611906,0.03012421825888338,0.16579533152520967,0.16379679968492958,0.01350962280821115,6.305571412332952,2.183806407364262,1.2532045033259398,0.9959140695719589,-1.1329649595310414,1.0,0.41723921939286335,5.0,3.3333333333333335,10.0,-3.3333333333333335,1.6614551826506783,1.3450748693686077
96.75,6.6509119892103294,1.7999724141794686,-1.0667829469730041,0.9915564546829397,-0.1700250645348656,6.690393344885504,1.739043688566665,-1.0631298197095702,0.9953190067724902,-0.14374921099654742,0.03012887949984664,0.15946471269768542,0.15811961094486482,0.013812718668178105,nan,nan,nan,0.9971153395552532,-1.1295955029806939,1.0,0.41021192749551183,5.0,3.3333333333333335,10.0,-3.3333333333333335,1.6468525537798708,1.3678888645197178
96.80000000000001,6.680869079941786,1.7484585220863755,-1.0765829465519423,0.9937535895239782,-0.15865382076005974,6.707851463601936,1.7026107271443018,-1.0726828014262493,0.9967177240090376,-0.14829648514120083,0.030382680334820913,0.16085477539338525,0.1597665649011605,0.013507476024486533,nan,nan,nan,0.9982296554029417,-1.1226422923036328,1.0,0.39574088904840243,5.0,3.3333333333333335,10.0,-3.3333333333333335,1.64799303769956,1.384454988714611
96.85000000000001,6.70055922277537,1.7138704185197537,-1.0827256328377821,0.9951628321894983,-0.15037544740836145,6.736268626782783,1.6499481227581643,-1.081548762349405,0.9985388938016169,-0.1263303503178941,0.030382659996486695,0.16293921240676093,0.16224219270033632,0.013813603097547734,nan,nan,nan,0.9989348758051245,-1.1188415130675207,1.0,0.3878476071681298,5.0,3.3333333333333335,10.0,-3.3333333333333335,1.6269197215308826,1.4070807747200291
96.9,6.729687245865666,1.6616512168397926,-1.0913363750264684,0.9969610200252467,-0.1386429476413384,6.7589711946149755,1.6179237147911516,-1.0821111028452197,0.99955053443809,-0.15216889930785368,0.029861294316270232,0.164297503553618,0.16387058801441798,0.013508279980465384,nan,nan,nan,0.9994549570806814,-1.1145667101499601,1.0,0.3789837750811249,5.0,3.3333333333333335,10.0,-3.3333333333333335,1.6153656642767005,1.4173761011293493
96.95,6.748842520995542,1.6266330976130448,-1.096690834522781,0.9979310077716196,-0.13094865611235557,6.856981597198896,1.5597216361825836,-1.0891463483441122,1.0031671560615483,-0.1095741438336842,0.029839964139534426,0.15805112005791333,0.15805568250139995,0.013811226035600139,7.480472389815537,1.5948728894349433,1.8292842658142303,0.9994897218363819,-1.1140586087517885,1.0,0.3779311845666711,5.0,3.3333333333333335,10.0,-3.3333333333333335,1.6020446229048058,1.4279372246313824
97.0,6.777189406232705,1.573837019283664,-1.1043242780138833,0.9987660110645097,-0.12571695407741773,6.8770483579598505,1.5253324218811954,-1.0923739816153222,1.003138935253319,-0.12328982388739164,0.02963431947751076,0.1594377360169938,0.15970967239363215,0.013506193990951113,nan,nan,nan,0.9989504408077063,-1.1349664932466736,1.0,0.4214182594686666,5.0,3.3333333333333335,10.0,-3.3333333333333335,1.6322048503479212,1.3824037307071841
97.051,6.795834116393723,1.5384812553128568,-1.1092770980369444,0.9991902467213372,-0.12249016310797241,6.904642422981696,1.4718426799603925,-1.0990978908424847,1.003142700225198,-0.10867580414101122,0.02963484745983209,0.16152215314564136,0.1621926741964647,0.013812403497872132,nan,nan,nan,0.9991840796929701,-1.132772775792924,1.0,0.41683813949659765,5.0,3.3333333333333335,10.0,-3.3333333333333335,1.6194641317548375,1.396899608331946
97.10000000000001,6.814285545240427,1.5030059105401223,-1.1140870071151499,0.9996210612400231,-0.11865997920755542,6.91917234050872,1.4333401398954342,-1.1092533380926985,1.0032293997923967,-0.09924885811708108,0.030085110216286213,0.16287805918819806,0.1638276609749381,0.01350725532618557,nan,nan,nan,0.9995833091164229,-1.1279672457137608,1.0,0.406819546361592,5.0,3.3333333333333335,10.0,-3.3333333333333335,1.6095173740575204,1.4098499527565007
97.15100000000001,6.841616363035422,1.4495787773936357,-1.1209713216495363,1.0002707685915033,-0.11139336870732815,6.907411540955529,1.3739492733354006,-1.117006598019914,1.0025717713384799,-0.12333101940660007,0.030095742369914236,0.1567078183664242,0.15788842841281012,0.013810038223370435,6.536965374868672,1.3164499158728196,0.6030656301068323,0.9999129209124967,-1.1224503340635439,1.0,0.39534195634423663,5.0,3.3333333333333335,10.0,-3.3333333333333335,1.5908849339294204,1.43069303251055
97.2,6.868553969282036,1.3959107495473175,-1.1272305346862583,1.0008947493238545,-0.09809318507672407,6.925587679412792,1.3383366325381734,-1.1198248318603155,1.0028286767052,-0.08746770908219388,0.030018720543367627,0.15809172268280552,0.1595486909205066,0.013505176758777491,nan,nan,nan,0.9998668193816656,-1.1006858397888166,1.0,0.35029879676566344,5.0,3.3333333333333335,10.0,-3.3333333333333335,1.5376282572324835,1.4854185550333665
97.25,6.886306462340663,1.3600091142141058,-1.130944323512056,1.0012301553745302,-0.08989189756652642,6.951716882322183,1.284130113295833,-1.1257828884778813,1.00310576271093,-0.10217555119279463,0.030013695466544,0.16017495421904407,0.1620408588997726,0.013811453445140382,nan,nan,nan,0.9997479499874714,-1.0973721882991738,1.0,0.34347212305313746,5.0,3.3333333333333335,10.0,-3.3333333333333335,1.5417256821467058,1.479445514113808
97.30000000000001,6.903902051144942,1.324018379019371,-1.1343376506920637,1.001472187486026,-0.08143128844316654,6.970630711415649,1.2490468389060494,-1.1271546522353144,1.0031576664558326,-0.08163389561898304,0.029814974912845252,0.16152954531771804,0.16368276935511206,0.013506446341022313,nan,nan,nan,0.9994200164681806,-1.0917229529531398,1.0,0.33185157383524566,5.0,3.3333333333333335,10.0,-3.3333333333333335,1.5164420737893032,1.5010906546909326
97.35000000000001,6.93001928294333,1.2698843219879747,-1.1387990851893703,1.0017126562159817,-0.06971278227870527,6.996390584989106,1.194647687450984,-1.131890054941298,1.0031808490345728,-0.08606633638769215,0.02981178742886657,0.16357265276765282,0.16614370729277372,0.013812731174912787,6.614989752377705,0.7814769505869343,1.1485319020002018,0.9992661381938518,-1.088841427819292,1.0,0.32593267247614865,5.0,3.3333333333333335,10.0,-3.3333333333333335,1.5172967818108614,1.4986550371714444
97.4,6.955831425600894,1.2155954073515831,-1.1425865436303284,1.0017963998751243,-0.05825028379743197,6.979486537673367,1.1197932836603648,-1.133844231519653,1.0043839864619204,-0.057391146352451336,0.029801189212527293,0.15681492693178772,0.15929675581166594,0.013504356517318562,nan,nan,nan,0.9988039329894695,-1.0829757315586854,1.0,0.3139010804618749,5.0,3.3333333333333335,10.0,-3.3333333333333335,1.497385459872955,1.5145821079821025
97.45,6.972883329630651,1.1793380289606734,-1.144669789427529,1.001419074584888,-0.04816157140728296,7.004916891545086,1.0651977636300765,-1.137019911275592,1.0030184706188185,-0.0539212920956848,0.029799087857458204,0.15890331037846608,0.16179395405561445,0.013810694903330513,nan,nan,nan,0.9968411919988001,-1.0543398616423838,1.0,0.25546520033491205,5.0,3.3333333333333335,10.0,-3.3333333333333335,1.4527372518220976,1.5395589310857953
97.5,6.998245307654119,1.1248882523131924,-1.1470343518181054,1.0007768791476326,-0.03320916911091452,7.0247456061080955,1.0306917437864627,-1.135465050353078,1.0023862240725756,-0.05821324107124435,0.029451230606250014,0.16026080106754145,0.1634399349912909,0.013505806564842843,nan,nan,nan,0.9960606134764288,-1.048228293370161,1.0,0.24305217141411495,5.0,3.3333333333333335,10.0,-3.3333333333333335,1.438507917337836,1.5513033734596609
97.55000000000001,7.015027234328375,1.0885521779576777,-1.1481348984948359,1.0004269291304924,-0.02418676616543266,7.050056022147,0.9761521845185546,-1.1384643412914173,1.001603611252519,-0.053412962587668214,0.029448844335361657,0.16231150353237636,0.16590552460141328,0.013812144496357056,6.741256927965491,1.2677692545711194,0.6471228582272968,0.995986587653614,-1.045842510743578,1.0,0.23821153115835392,5.0,3.3333333333333335,10.0,-3.3333333333333335,1.4355895068235724,1.5552075126341462
97.60000000000001,7.031723363775957,1.0521921714261233,-1.1488875798764102,1.0000600129348665,-0.01545305085226675,7.037843846222517,0.9720727605537397,-1.1361544816022555,0.9984793514022736,0.0022280818039861795,0.029186986190448773,0.15573707566391373,0.1590986873848554,0.013503823127742587,nan,nan,nan,0.9951255458269606,-1.0396876296718385,1.0,0.22573612842873292,5.0,3.3333333333333335,10.0,-3.3333333333333335,1.420859929756442,1.5650879959265869
97.65,7.0566331516934255,0.9976188710524757,-1.149416882195786,0.9996615707131038,-0.004924201211794902,7.063044456574515,0.9177257425297556,-1.136428932415958,0.9983996664008721,0.023388042775703173,0.02918798716081379,0.1578352456681155,0.1615998528758178,0.013810213341634524,nan,nan,nan,0.994751191790196,-1.0336517371302931,1.0,0.21351873331025706,5.0,3.3333333333333335,10.0,-3.3333333333333335,1.4401143438343145,1.552032700493007
97.7,7.073169063595292,0.9612168762737314,-1.1494753001097058,0.9994134867170944,0.0005849820054647789,7.082580039188199,0.8831316217548061,-1.1323099698590813,0.9982706686739894,0.017452755521507626,0.02887879892715012,0.1591989070723558,0.16324893599555546,0.013505408577515598,nan,nan,nan,0.9940724604550293,-1.027494045688211,1.0,0.20107101077746492,5.0,3.3333333333333335,10.0,-3.3333333333333335,1.4356894481559095,1.5510656116718586
97.75,7.097892901374392,0.90660019887212,-1.1491684108557192,0.9990298446586803,0.008329474383381183,7.108017448911811,0.8289089048472702,-1.1307760611819504,0.9981078419717241,0.05441910214647065,0.02888241933131879,0.16126208811263654,0.16571741153719008,0.013811794154001649,nan,nan,nan,0.994053357764595,-1.0229419048504238,1.0,0.19187885191047105,5.0,3.3333333333333335,10.0,-3.3333333333333335,1.4318193568347333,1.5551418390324572
97.801,7.122551204687994,0.8519784507192587,-1.1484581861020549,0.998654997129387,0.013918283271890413,7.132384890928433,0.8041168725274322,-1.1294593605126018,0.9974714496795261,0.017946933166699278,0.02876445576171349,0.1547194061922621,0.15879919463368522,0.013503353283368357,7.19175247448281,0.923479847386053,0.06657137658034228,0.9941464517211328,-1.021207174567312,1.0,0.1883780362592058,5.0,3.3333333333333335,10.0,-3.3333333333333335,1.4342823688253312,1.5552555284177791
97.85000000000001,7.1389693658518,0.8155654727812298,-1.1478046021424713,0.9985301997984461,0.017850694009806142,7.157969474560522,0.7500179415353365,-1.1288872435544617,0.9974123064402572,-0.009923797176719273,0.028760067845817024,0.15683179804501493,0.16129953035838598,0.013809779371952442,nan,nan,nan,0.9941464517211328,-1.021207174567312,1.0,0.1883780362592058,5.0,3.3333333333333335,10.0,-3.3333333333333335,1.4342823688253312,1.5552555284177791
97.9,7.155382502327038,0.7791558533970135,-1.1469735821535283,0.9983663734410296,0.02287926932463122,7.172277088802336,0.7123829285203834,-1.1326777076464765,0.9973518974104203,0.00017225478347055682,0.029066747402037064,0.1582036306786294,0.1629494503600658,0.013505043610985581,nan,nan,nan,0.9935514576475788,-1.0152607949471149,1.0,0.17638634456961944,5.0,3.3333333333333335,10.0,-3.3333333333333335,1.4121240874677292,1.5726528838071572
97.95,7.180007131447243,0.7245639944532705,-1.1453022053966364,0.9979037561910797,0.0315527811003715,7.197680672256829,0.6582056574431766,-1.1307179263691252,0.9970571330672832,0.05060379587623746,0.029071611634873512,0.16027912492803287,0.1654199972525722,0.013811461234474924,nan,nan,nan,0.9924518965737593,-1.0097336697263397,1.0,0.1652514281540991,5.0,3.3333333333333335,10.0,-3.3333333333333335,1.397156663488443,1.57879082657729
98.0,7.196435026757062,0.6881953804889913,-1.1439205354777293,0.9974979752037472,0.03598124282189099,7.219916361874595,0.6250588336445603,-1.1230600981272179,0.9967387904418197,0.03814818491232698,0.028514063569826116,0.16162550586190966,0.16704622210162573,0.01350653855175564,6.4307400870664955,1.083340749665369,2.993997667057082,0.991941564062318,-1.003680275879844,1.0,0.15306793227136883,5.0,3.3333333333333335,10.0,-3.3333333333333335,1.4088345645876315,1.5636747090145913
98.05000000000001,7.221112142981449,0.6336873476262684,-1.1415936332171968,0.9970815242971172,0.04052244680495701,7.168323986959979,0.6221971009203866,-1.1205648898170124,0.9919123450510604,0.043381188961970255,0.028536739016763724,0.15588382070292817,0.16090485947572894,0.013809355599921613,nan,nan,nan,0.9927578410931353,-1.002636534770357,1.0,0.1509683896864118,5.0,3.3333333333333335,10.0,-3.3333333333333335,1.4168019418875308,1.562968549321927
98.10000000000001,7.237600713859255,0.5973776251321161,-1.1398799306986749,0.996829184501592,0.044753053838978325,7.185399887647677,0.5863641863777663,-1.1186132432642655,0.9922883989578551,0.06139092526220246,0.028561673175320303,0.1572652553435192,0.16255398471917626,0.013504677741099187,nan,nan,nan,0.9903088080945353,-0.98123157947919,1.0,0.10797745012021465,5.0,3.3333333333333335,10.0,-3.3333333333333335,1.3872787744869992,1.5873815527279427
98.15100000000001,7.262405240031987,0.5429690543035263,-1.1369467675790923,0.9963807171496566,0.051508525548166685,7.211485079676809,0.5328353747270388,-1.114732279175619,0.9926805719561774,0.06885330295235217,0.028562586046405013,0.15935779814027445,0.16502216870422082,0.013811113218863604,nan,nan,nan,0.9900350784538459,-0.9773226518615902,1.0,0.10013842194480072,5.0,3.3333333333333335,10.0,-3.3333333333333335,1.3891303424781216,1.5821100807874657
98.2,7.278997400164668,0.5067396864912131,-1.1347937432085828,0.9960405648040824,0.05516189026266961,7.223599537148142,0.4942637423336461,-1.119388402319631,0.9927896875613517,0.04162904541067628,0.029128201320149236,0.16071439094167517,0.1666484268952183,0.013506238229933111,6.87805643849278,-0.006868240975627327,1.345196655903003,0.9897898263889633,-0.9717106326989359,1.0,0.0888892885776702,5.0,3.3333333333333335,10.0,-3.3333333333333335,1.3871670142983392,1.5808002321423529
98.25,7.303982335340277,0.4524752787547425,-1.1312520467495286,0.9952567016855239,0.06260153396174434,7.220324804601109,0.39253715017595403,-1.1145694130158756,0.994445014120275,0.08160685035135092,0.029156619289685916,0.15511339794500328,0.16056814074234219,0.013949562157555362,nan,nan,nan,0.9881051929050257,-0.9649962830080954,1.0,0.07543787511870104,5.0,3.3333333333333335,10.0,-3.3333333333333335,1.3514675605135718,1.602535524088599
98.301,7.320705640660637,0.4163761327592741,-1.128577555553083,0.9940069035946701,0.06978751010929389,7.235629251519015,0.3556517564869375,-1.1146090866676168,0.9929450039672186,0.09249479315175976,0.029401910551883646,0.15650351638837592,0.16221853247019294,0.013576671678465187,nan,nan,nan,0.9835951186686912,-0.9331862167470848,1.0,0.011782133786459426,5.0,3.3333333333333335,10.0,-3.3333333333333335,1.3053982505982695,1.6072710330552114
98.35000000000001,7.345886006013102,0.3623939236538548,-1.12401411704302,0.9918439956776662,0.08032965088251573,7.261917933052084,0.3022340915804801,-1.109992253309068,0.9909598389382003,0.11488314444569685,0.02940350922693178,0.15860905516541865,0.16468837480810636,0.013881472415207636,nan,nan,nan,0.9826839438420333,-0.9282424452720027,1.0,0.0018944551073740712,5.0,3.3333333333333335,10.0,-3.3333333333333335,1.2997259419104148,1.6097023719214552
98.4,7.362750351706597,0.32651485028898525,-1.1206565999308942,0.9906424773074363,0.08584934681385599,7.274313322159828,0.263958037861773,-1.1129048467957048,0.989918968505013,0.09804678756228513,0.02995173522675947,0.15997382564629592,0.16631581345583737,0.013568138320296004,nan,nan,nan,0.9825180955140755,-0.9227326503565463,1.0,-0.009125198610044905,5.0,3.3333333333333335,10.0,-3.3333333333333335,1.3085146239075482,1.6051318535836872
98.45,7.388189467057959,0.2728564865943125,-1.115223554748339,0.9889073528945975,0.09442266018545634,7.278071685230174,0.25573139421306557,-1.1074577960825347,0.9851168824517965,0.11786821054915189,0.029953459032671156,0.15436437192754998,0.16014264823106933,0.0138693668585716,7.069864237229146,0.6801327052024256,0.8379637766241648,0.9807175458389379,-0.9162084124996478,1.0,-0.02217451955507399,5.0,3.3333333333333335,10.0,-3.3333333333333335,1.280836619403997,1.621200392960432
98.5,7.405256556143865,0.23719331776397135,-1.1113189692302323,0.9881166646336453,0.09914611446623897,7.291894077432076,0.2184791827768664,-1.1079554183683848,0.9850419332882513,0.09879376673917424,0.03037121919984828,0.1557628335033689,0.1617929236213154,0.01355744888949987,nan,nan,nan,0.981583713744019,-0.915243893813835,1.0,-0.024103815288021746,5.0,3.3333333333333335,10.0,-3.3333333333333335,1.30507473517188,1.618055913279436
98.55000000000001,7.431053075480634,0.1838407227823046,-1.1051515749456258,0.987196297783219,0.10584591362172727,7.318387838394089,0.16565252344730882,-1.1015506025608557,0.9847120134367574,0.11734056211507003,0.03037361524484314,0.15788163071726335,0.16426340193927283,0.013862597245273937,nan,nan,nan,0.9803916751017961,-0.9095984514371376,1.0,-0.03539722838821935,5.0,3.3333333333333335,10.0,-3.3333333333333335,1.2825119153470272,1.6311654121595216
98.60000000000001,7.448390520684604,0.1483755956809175,-1.100808630108637,0.9865931057915004,0.10995369969205138,7.3381394595393195,0.1315422384671463,-1.0939503649381057,0.9845174660998871,0.13927137050178837,0.03017829676692902,0.15925636326144313,0.16589093754713966,0.013551485872484968,nan,nan,nan,0.9806189183485251,-0.9043501379249478,1.0,-0.04589821521634385,5.0,3.3333333333333335,10.0,-3.3333333333333335,1.2919720499248337,1.624290608196952
98.65100000000001,7.4746272100024465,0.09532891007177889,-1.0940851673966645,0.9860527347980996,0.11292935501579793,7.359774115044494,0.0565947422813462,-1.0872577114477382,0.985697391912455,0.10720139028890693,0.030182038483119622,0.15363866266603457,0.15963646451735714,0.01385287227224216,7.2818397396837495,-0.13092548924345848,0.20702714795331117,0.9816376593587823,-0.9020190575806777,1.0,-0.0505630892882567,5.0,3.3333333333333335,10.0,-3.3333333333333335,1.311944791766104,1.6128305445669813
98.7,7.5011621350576,0.04246728478063736,-1.087176115118995,0.9853252268736951,0.1173397225076325,7.378117440047417,0.021699292586645786,-1.0830328119287915,0.9852223115096402,0.10398688758462009,0.030184101332672592,0.15504970998016937,0.16128325939159152,0.013542903777444638,nan,nan,nan,0.9802539817302476,-0.8882032121551019,1.0,-0.07822386259559755,5.0,3.3333333333333335,10.0,-3.3333333333333335,1.2800487844778146,1.6299506422475494
98.75,7.519023080912027,0.007340898481600502,-1.0824012883956586,0.9848713709943443,0.12053278140321008,7.4059116220491745,-0.03045858234083873,-1.0764616673727563,0.984691043740207,0.12889074588095673,0.03018731552722581,0.15718873801560113,0.16374748431717742,0.013848336892622725,nan,nan,nan,0.980470663552741,-0.8850770824852212,1.0,-0.08448647241007934,5.0,3.3333333333333335,10.0,-3.3333333333333335,1.2808734059623155,1.6320301136427169
98.80000000000001,7.5370282253824605,-0.027694980141718024,-1.0775231324787762,0.9845454713933387,0.12250695736025392,7.4296738665254995,-0.0624587919311127,-1.0659585912591347,0.9845304807459163,0.1034717966265455,0.02965496518120955,0.15857793195675352,0.16537022736881254,0.013538912631141226,nan,nan,nan,0.9808718484779244,-0.8805563558967496,1.0,-0.0935458517651635,5.0,3.3333333333333335,10.0,-3.3333333333333335,1.2952217023467232,1.6222631226021242
98.85000000000001,7.564322040109042,-0.08008784666363562,-1.070126973825575,0.9845281117837352,0.12346148030848472,7.458375141077531,-0.11408929036802493,-1.0580205129754583,0.9847669322945118,0.12173691607602165,0.02965859387104857,0.16068839657704156,0.16779378613803575,0.013844434210641084,8.037570653696749,-0.3659298208052965,1.4373214501488651,0.9830132069751166,-0.8791030601139154,1.0,-0.0964590021723919,5.0,3.3333333333333335,10.0,-3.3333333333333335,1.3134839111118461,1.6216065843596335
98.9,7.582721609354932,-0.11492005560579309,-1.0651943146616678,0.9847731468974663,0.12310111934391213,7.533260618763856,-0.17762004993141717,-1.0532445817615104,0.9884020480444891,0.10835635059721999,0.029669357759699876,0.15437593510034922,0.16068323672894333,0.013531915317695275,nan,nan,nan,0.9835635352625973,-0.8764623164237165,1.0,-0.10175346135879049,5.0,3.3333333333333335,10.0,-3.3333333333333335,1.3225411478892153,1.6159256808685853
98.95,7.610636613612636,-0.16702757950093755,-1.0578735057329132,0.9853491796980618,0.12074403258105222,7.5627323820376615,-0.22908208715780387,-1.0457073023102126,0.9885259251502305,0.11130310369067181,0.029671390377616177,0.1565387671628802,0.16313570478748374,0.013837569842363166,nan,nan,nan,0.9862685025097094,-0.8873347342922508,1.0,-0.07996353494776542,5.0,3.3333333333333335,10.0,-3.3333333333333335,1.3450641494594475,1.6038671860491036
99.001,7.638939614673752,-0.21897358648346502,-1.050744225560558,0.986086913018305,0.11741331208314583,7.579964918405765,-0.2646807106937162,-1.0443232836969445,0.9887929295054234,0.1200013698636605,0.02995165654492252,0.1579436232155397,0.16475123577805953,0.013529426092121497,nan,nan,nan,0.9869040755145474,-0.8836912006254566,1.0,-0.0872633466645536,5.0,3.3333333333333335,10.0,-3.3333333333333335,1.3535722681998095,1.5999568259780423
99.05000000000001,7.658023413459257,-0.25351145014195753,-1.0460935997803318,0.9864534495108342,0.11562768808834942,7.609891618163966,-0.31591414644092836,-1.0376101619735258,0.9890321991457014,0.10684279849532737,0.029951160582139504,0.16007555174957785,0.16716571308998585,0.013835152176186343,8.11553658363585,-0.342224011070444,0.9295214054548891,0.9865149583865224,-0.8799124641039369,1.0,-0.09483649169161756,5.0,3.3333333333333335,10.0,-3.3333333333333335,1.350633862494989,1.598888069255516
99.10000000000001,7.6772763981097745,-0.2879711843731162,-1.0415040580356099,0.9868173580984283,0.1142528788879319,7.674828984728237,-0.35700173287100556,-1.0372855894381132,0.990994041613264,0.07261913925428803,0.030193888741193435,0.15386003100829562,0.1601425020029621,0.013523770588509574,nan,nan,nan,0.9870532223048528,-0.8765212979435726,1.0,-0.10163519333338389,5.0,3.3333333333333335,10.0,-3.3333333333333335,1.3512783724693418,1.601704458275671
99.15,7.706473379277851,-0.3395189421593936,-1.0347194560813961,0.9875638500763502,0.11207173230564645,7.705195460663047,-0.40812340184547624,-1.0303131204903817,0.99119333295792,0.09787934808498812,0.030198332006231735,0.15604111671063772,0.16258832250760966,0.013829610022093016,nan,nan,nan,0.9891941047387317,-0.8901433945077258,1.0,-0.07433785194001397,5.0,3.3333333333333335,10.0,-3.3333333333333335,1.363298117379641,1.6007345452294084
99.2,7.72615094293995,-0.3737956403483974,-1.0302908818885723,0.9881569346191028,0.1096213242194427,7.724466216896828,-0.44273733076058475,-1.0274984438405808,0.991484978845743,0.09535243744075556,0.030323954708286124,0.15745827192662112,0.16419923498881825,0.013522419161246099,nan,nan,nan,0.9897422787810182,-0.8869582729601568,1.0,-0.08071767257684836,5.0,3.3333333333333335,10.0,-3.3333333333333335,1.3802123840444616,1.587512151104484
99.25,7.755981158378578,-0.42507795182088765,-1.0238493805087674,0.9889525282817134,0.10592443137552685,7.755327911080266,-0.4936032309462008,-1.0205079116938014,0.9918355869104283,0.13331515703024707,0.030330796554459926,0.15960795787572607,0.166607060756976,0.013828309846144351,nan,nan,nan,0.9897627619612683,-0.8842870426191238,1.0,-0.08606942493888825,5.0,3.3333333333333335,10.0,-3.3333333333333335,1.3783017209090234,1.5886247915703418
99.30000000000001,7.7861771227358,-0.47619743500251666,-1.0176607530352426,0.9896960895318683,0.100742023731663,7.788909730737578,-0.4244306433402101,-1.0144022518661342,0.9864933907060623,0.07179552324336284,0.030031603834383233,0.15334309195646398,0.15951930306339202,0.0135176118081802,7.945883489157945,0.5087296995267669,3.8634394354085684,0.9903369961937829,-0.8813777114794609,1.0,-0.0918996097035083,5.0,3.3333333333333335,10.0,-3.3333333333333335,1.4006350919194346,1.5697356858899538
99.35000000000001,7.806516437705315,-0.5102105866366833,-1.0137893422656494,0.9912898537506823,0.09416075604274353,7.82030557254156,-0.47465718628539755,-1.007376730925674,0.9892353692691404,0.10374766396376758,0.030038711982187813,0.15554275895885222,0.16195501968799297,0.013823597426835805,nan,nan,nan,0.9951161648903861,-0.9155304601094959,1.0,-0.02353060141406349,5.0,3.3333333333333335,10.0,-3.3333333333333335,1.4631965087828394,1.5617263023273265
99.40100000000001,7.837354377552219,-0.5611725112207846,-1.0085175191756965,0.9935048695990965,0.08320236825805237,7.840434966033408,-0.5086924128193163,-1.0053753702947459,0.9910977265929964,0.07053475019949156,0.030148903021669223,0.15697319474435398,0.16355943443770243,0.013514203394201365,nan,nan,nan,0.9955518242413304,-0.9130212606315314,1.0,-0.02854985373799046,5.0,3.3333333333333335,10.0,-3.3333333333333335,1.463328831801079,1.5404262565525582
99.45100000000001,7.858115275259988,-0.5950976636972657,-1.0053251704792248,0.9946161574882704,0.07804727779866809,7.872404558635661,-0.5588903753257441,-1.0007156571403666,0.9933267759914275,0.06009880345688128,0.030149446402113998,0.15914209099459592,0.16595882450135058,0.013904973515081505,nan,nan,nan,0.9955370257716242,-0.9108629597368684,1.0,-0.032867474864863855,5.0,3.3333333333333335,10.0,-3.3333333333333335,1.463328831801079,1.5516777789929004
99.50200000000001,7.889532297348843,-0.6458973417602889,-1.0008554257582587,0.9958819481093866,0.07214929928289543,7.903328026441432,-0.6714032721455052,-0.9998938140318874,0.9984776106153156,0.0708466680114038,0.030482913116305948,0.15356665506683864,0.15963374534166067,0.013686869998409575,7.869039551139447,-1.1952752009400358,1.3023200024826345,0.9936597946908002,-0.8872269035370675,1.0,-0.08017954213415779,5.0,3.3333333333333335,10.0,-3.3333333333333335,1.4165798022973541,1.5611906196269778
99.55000000000001,7.910640044372297,-0.6796880021119637,-0.9979951600857042,0.9959004588419009,0.07139692545539413,7.924926305771111,-0.704994049857378,-0.9973271251110489,0.9981101268867651,0.07171016093887075,0.03048333760396828,0.15504132728580636,0.16125125113851016,0.013889438376497766,nan,nan,nan,0.9936597946908002,-0.8872269035370675,1.0,-0.08017954213415779,5.0,3.3333333333333335,10.0,-3.3333333333333335,1.4165798022973541,1.5611906196269778
99.60000000000001,7.942511146031222,-0.7302346027734545,-0.9937333084697658,0.9958142512526829,0.07068404447834238,7.939982203726752,-0.7423276494338419,-1.003428419171458,0.9978380742308054,0.026445206507839207,0.031200953828120107,0.15648070782817686,0.16285249348841796,0.01357505451774223,nan,nan,nan,0.9937863336111071,-0.8857913728658059,1.0,-0.08305538529753864,5.0,3.3333333333333335,10.0,-3.3333333333333335,1.4190119559702719,1.5606538617316434
99.65,7.96389227756703,-0.7638393599252906,-0.9908406696784795,0.9955683917646041,0.073533238784422,7.972204732452865,-0.7927749078858108,-0.9993393749605377,0.9972399907166998,0.08467845084495948,0.03120809498342785,0.15865953597101648,0.16525008963308482,0.013879723829719729,nan,nan,nan,0.9924689748405574,-0.8806237212768142,1.0,-0.09341082667890399,5.0,3.3333333333333335,10.0,-3.3333333333333335,1.378411055341229,1.5912998085745749
99.7,7.985374939817866,-0.7973679779682932,-0.9878601089968239,0.995374463303927,0.07451271004770846,7.995401444127084,-0.8253776279376964,-0.9949123715856336,0.9969093410169692,0.07587938023141923,0.03103856579363454,0.1600737015331773,0.16682658349060395,0.01356650230960439,7.695572754859332,-1.1772591979663436,0.777166434696221,0.9926937741615565,-0.8783836802963922,1.0,-0.09790115876919447,5.0,3.3333333333333335,10.0,-3.3333333333333335,1.4055524111858304,1.567517116204626
99.75,8.017788860426014,-0.8475281635312482,-0.983406220248916,0.9952681494717378,0.07396178730837229,8.002424203473302,-0.9088911357184292,-0.9906724567716846,0.9974550225984492,0.06262658434904686,0.031056736410107578,0.15464010012617016,0.1606435796623269,0.013867620518269128,nan,nan,nan,0.9931598473947214,-0.8778827615858917,1.0,-0.09890542146095083,5.0,3.3333333333333335,10.0,-3.3333333333333335,1.4095966987803812,1.5679927023967961
99.80000000000001,8.050425553989635,-0.8975226718994751,-0.9788772940774639,0.9946987220278457,0.07732319422799132,8.026843919569059,-0.9407475371622894,-0.9847816400364096,0.9967100787022223,0.0653774870012766,0.030778880137301307,0.15608742774103665,0.16224256358085012,0.013555827392588734,nan,nan,nan,0.9909077338362797,-0.8557200363730441,1.0,-0.1433953186524164,5.0,3.3333333333333335,10.0,-3.3333333333333335,1.3805769110296595,1.5908980212413737
99.85000000000001,8.072300892262254,-0.930752751432486,-0.9757394895733397,0.9944428787061828,0.07897352056307295,8.059976891026924,-0.9905112624301725,-0.9800752905367484,0.9959757150490128,0.08762119223194043,0.030782021632448083,0.15828029544640476,0.16463503979070687,0.013860876767744106,nan,nan,nan,0.9917100971080757,-0.8559299265977334,1.0,-0.14297338664212678,5.0,3.3333333333333335,10.0,-3.3333333333333335,1.3805769110296595,1.5854787808853648
99.9,8.105298776366968,-0.9804616633387445,-0.9709803153016098,0.9942857546276006,0.07920125851842016,8.078420135522956,-1.025832908219132,-0.9816641320009484,0.9957560463111218,0.08115544724765737,0.031179259568032414,0.1597039698645854,0.1662084121318002,0.01354989140761026,nan,nan,nan,0.9920960325286057,-0.8542627189061929,1.0,-0.14632524463656482,5.0,3.3333333333333335,10.0,-3.3333333333333335,1.3833045180923078,1.5751936942498266
99.95100000000001,8.127422589783556,-1.013510861102523,-0.9677938221356264,0.9941287489439914,0.08001656114289028,8.08825981742165,-1.0912470219440715,-0.9773631125591398,0.9953845540426207,0.06402488527976645,0.031191630920774482,0.15420695500122478,0.15997231784954183,0.013851201917445268,7.826378683597224,-1.2166650917596824,0.3627190926545757,0.9914835820553575,-0.8510614237439453,1.0,-0.15276363651311442,5.0,3.3333333333333335,10.0,-3.3333333333333335,1.3833045180923078,1.5834011570047644
100.0,8.149645094338009,-1.046482996509925,-0.964546974093536,0.9938201502107787,0.08235158520483009,8.109353455463925,-1.1249550651529665,-0.9753291351705151,0.9948418125236936,0.07899349502902689,0.03132682215348332,0.15566256161234454,0.16156874666378182,0.013541359649084199,nan,nan,nan,0.9899520139596659,-0.835483880268294,1.0,-0.18414035922912353,5.0,3.3333333333333335,10.0,-3.3333333333333335,1.3531516962597037,1.6022011491709094
100.05000000000001,8.183159286963582,-1.0957845359700504,-0.9594555426765249,0.9932823309254679,0.08627866514268874,8.142892374725148,-1.1743151962179879,-0.9708485881574767,0.9941970840286739,0.08737164593969877,0.03132769043435099,0.15786661430843676,0.16395943452071754,0.013846716539074419,nan,nan,nan,0.9900047386377995,-0.8338232571191914,1.0,-0.18749027472063995,5.0,3.3333333333333335,10.0,-3.3333333333333335,1.3598946694984437,1.5972642306721883
100.10000000000001,8.216898891754965,-1.1449039090204922,-0.9542071850343635,0.9930055587529839,0.08806435369801671,8.164124127015668,-1.2078820245213855,-0.9692408412461004,0.993978609087286,0.0715306139537797,0.03145923290114729,0.15929866049417996,0.16553151139510214,0.013537420401299254,nan,nan,nan,0.9904372398667153,-0.8324430956184429,1.0,-0.1902752179506746,5.0,3.3333333333333335,10.0,-3.3333333333333335,1.3697991233542641,1.5925490621879916
100.15,8.239523474954108,-1.1775514157160532,-0.9506492207446061,0.9928872678209281,0.08952666436500575,8.211067231337534,-1.2746239766083682,-0.9637479252314485,0.995194146626791,0.11109110079650189,0.031463623227808886,0.15374228105523072,0.15925339122700188,0.013838868648766569,8.314925263741493,-1.4076144721037183,0.15885737721749907,0.9904434171542541,-0.8308801305288757,1.0,-0.19342991310029678,5.0,3.3333333333333335,10.0,-3.3333333333333335,1.3631020033972563,1.5997740294614644
100.2,8.273662213315783,-1.2263732514086392,-0.945273925373632,0.9927551198342297,0.08901863302815852,8.236082209956589,-1.3058810275870316,-0.957737315125173,0.9948817112579876,0.05600090734215773,0.031201172969735413,0.1552072284344086,0.16084680305105356,0.01353049910549649,nan,nan,nan,0.9910218672841614,-0.8296464751929988,1.0,-0.19592060089499386,5.0,3.3333333333333335,10.0,-3.3333333333333335,1.3850200477204975,1.5786069167745864
100.25,8.296560091794117,-1.2588238234284173,-0.9417061789410988,0.9928492321446664,0.0894153522535974,8.270503949350886,-1.3546414653891332,-0.9519360163547996,0.9946793168091314,0.10225818763433439,0.03120803865032102,0.15742582112912729,0.16323299788089282,0.013836100999389044,nan,nan,nan,0.99188696084151,-0.8302694118045632,1.0,-0.19466284858694793,5.0,3.3333333333333335,10.0,-3.3333333333333335,1.3761363239584274,1.5951693866556784
100.302,8.33112397455688,-1.3073609655506457,-0.9363996206075863,0.9931493161444248,0.08714579566603597,8.305086066042234,-1.4032744173002274,-0.9466237367320307,0.9947986376492142,0.08039390422497834,0.03121981409342915,0.15959989580588277,0.1655866153487967,0.013630385425387038,nan,nan,nan,0.9925040652031515,-0.829418112346071,1.0,-0.19638171975277174,5.0,3.3333333333333335,10.0,-3.3333333333333335,1.4125446869494662,1.5668338148914378
100.35000000000001,8.35431295422506,-1.3396291646435934,-0.9329734384854806,0.9934081906244078,0.08472390634448308,8.328373913897865,-1.4355414793855685,-0.942388940136432,0.9949326341914961,0.09880907776234711,0.031223642816732126,0.16105607831743046,0.1671487684427377,0.013833753805590245,8.46403916694478,-1.61103263895454,0.17625076729227557,0.9928801185646678,-0.8288734105108551,1.0,-0.1974816857889201,5.0,3.3333333333333335,10.0,-3.3333333333333335,1.4125446869494662,1.5668338148914378
100.4,8.389316500032567,-1.3878988675150736,-0.92801129430308,0.9938679811454796,0.08130108907234046,8.364593818838681,-1.4870394437727377,-0.9411988364382368,0.9966203535526308,0.06340917135047597,0.03135006897452674,0.15473534045263934,0.16007581315032138,0.013522357269574016,nan,nan,nan,0.9934997020551463,-0.8283069302498504,1.0,-0.19862575651304937,5.0,3.3333333333333335,10.0,-3.3333333333333335,1.41777219941264,1.565961058538381
100.45,8.412796799189115,-1.419988873052071,-0.9247765917900296,0.9940427638314608,0.08075907803254403,8.399873291866275,-1.5353192903173432,-0.936815500521293,0.9965168532259889,0.0808862866488408,0.031352593224775474,0.15696883146133622,0.1624568850640109,0.013828160097042585,nan,nan,nan,0.9935267843730722,-0.8273549831936683,1.0,-0.20054861119269773,5.0,3.3333333333333335,10.0,-3.3333333333333335,1.400899312192382,1.577832065054026
100.5,8.4482274003269,-1.467986769498362,-0.9199876461470886,0.9943589961644896,0.07885487650511983,8.427607544341395,-1.5647570677022955,-0.9286807728693236,0.9965124194803767,0.0718312373310768,0.03090179615497984,0.1584230183339717,0.16402162659091124,0.013521102079046263,nan,nan,nan,0.9939748595026338,-0.8269865369119659,1.0,-0.20129294069738668,5.0,3.3333333333333335,10.0,-3.3333333333333335,1.4152417489091287,1.5672464302624507
100.55000000000001,8.471988511501102,-1.4998998722345762,-0.9168927155516206,0.9947509294882515,0.0764179529056002,8.463491207589598,-1.6125848983288023,-0.9232636504536602,0.9967246311650866,0.10365459933849361,0.030907479134335766,0.16062670999931278,0.16636318759271504,0.013826959126704928,8.50521061742663,-1.022131695926534,1.263227145572602,0.9950585206185375,-0.829226718594639,1.0,-0.19676820514826154,5.0,3.3333333333333335,10.0,-3.3333333333333335,1.4309778864235656,1.5600964197699172
100.60000000000001,8.495862518326428,-1.5317489346565354,-0.91391639162423,0.9951707470007845,0.07283479185371385,8.489102131463515,-1.5846432362789076,-0.9189118503811445,0.9940180479109535,0.046729999390003205,0.030695668681365914,0.15437651955723347,0.15940095624582062,0.013516428991678715,nan,nan,nan,0.9955822607759419,-0.8292317856621848,1.0,-0.19675797292560304,5.0,3.3333333333333335,10.0,-3.3333333333333335,1.453113538171587,1.5414471321102932
100.65,8.53188547793237,-1.579415104065814,-0.9097722473140923,0.9962470853696559,0.06620744198410157,8.525370958315028,-1.632019586577768,-0.9138099608859118,0.9954951300283059,0.07933125922534265,0.03070181537950058,0.15662756064898894,0.1617757988461257,0.013822388443372613,nan,nan,nan,0.9974663287162705,-0.8477115424853049,1.0,-0.15950423659653312,5.0,3.3333333333333335,10.0,-3.3333333333333335,1.4759042887291347,1.541994895018684
100.7,8.556046691516327,-1.6111349265871369,-0.9072531434262723,0.9970623582078337,0.06070781276996003,8.54924881048228,-1.6638561106692555,-0.9122172500160043,0.9964760079091782,0.03264825538188022,0.030750053777312405,0.1580939611370668,0.16333648759017322,0.01351603500119331,nan,nan,nan,0.9978355895743252,-0.8480043128702004,1.0,-0.15891498529463854,5.0,3.3333333333333335,10.0,-3.3333333333333335,1.4960259511705414,1.5205096264315916
100.75,8.592491637906873,-1.6586276541227232,-0.9038668985532627,0.9980752149387712,0.05421090494526848,8.58593429628319,-1.7110987782512819,-0.9080705235195635,0.9976701720461548,0.04016504789872494,0.030752469059412486,0.16031375681294938,0.16567404194998717,0.013822035336080311,nan,nan,nan,0.9979390693647421,-0.848004495357525,1.0,-0.15891461801572904,5.0,3.3333333333333335,10.0,-3.3333333333333335,1.478399767535053,1.5360932933457614
100.80000000000001,8.616913568785753,-1.69022979012129,-0.9017818361913439,0.9986041773826217,0.05072662524909456,8.570355272989447,-1.8036049876298275,-0.906406586837583,0.9999141324993676,0.017560438853348265,0.030716369351527197,0.15398886998350433,0.1586717888442401,0.013511990570384165,8.117768420189176,-2.3753558761360205,2.367998084193763,0.9982263655227279,-0.8485027634150775,1.0,-0.1579118299242177,5.0,3.3333333333333335,10.0,-3.3333333333333335,1.487446879179827,1.5257876649161246
100.85000000000001,8.653711254082463,-1.737532918810715,-0.898789432199823,0.9987049304599097,0.051278496469765046,8.607388030305016,-1.8508107533265339,-0.9041502249473621,0.999753263347076,0.023216871870561057,0.03071667753705243,0.15625281017723208,0.1610429943042847,0.013818085712533854,nan,nan,nan,0.9958100117031048,-0.8148323811797155,1.0,-0.22587877418633884,5.0,3.3333333333333335,10.0,-3.3333333333333335,1.4168179474477653,1.570177499137088
100.9,8.67833490674587,-1.7689867215469843,-0.8966778575072382,0.9985434806563351,0.05348406777639414,8.63125535507568,-1.8828317001021768,-0.9035318620613255,0.9995176963637022,0.08604496392215259,0.030820006021298377,0.15772749223313662,0.1626018566888367,0.013512275167688858,nan,nan,nan,0.9960709807621922,-0.8154755972089975,1.0,-0.2245760277519082,5.0,3.3333333333333335,10.0,-3.3333333333333335,1.4241775184856214,1.565199936280048
100.95,8.715402429529451,-1.816052189806013,-0.8934420433944416,0.9983820043107381,0.05334364301144536,8.668402663990134,-1.9299047638253672,-0.9005223454821385,0.999223129489049,0.07008672763769162,0.030818091654073402,0.15995787736913608,0.1649380855174449,0.013818392641615338,nan,nan,nan,0.9960294614512222,-0.8143896289304119,1.0,-0.2246947360007625,5.0,3.3333333333333335,10.0,-3.3333333333333335,1.4482620313943448,1.5413162140564542
101.00200000000001,8.752624886368123,-1.8629851201126622,-0.890284290552538,0.9982767738558109,0.052337722607429374,8.694932011015517,-1.9600292571187534,-0.8956827805277383,0.9990814573406108,0.063798936901529,0.030634587331266123,0.1614088922579942,0.16647042461805753,0.013512556609132972,8.951152171411788,-1.9341779260073055,0.24059715084953429,0.9960539472794278,-0.8116555836759913,1.0,-0.22322072710311325,5.0,3.3333333333333335,10.0,-3.3333333333333335,1.4423079802839462,1.5481910056173878
101.05000000000001,8.777525815772032,-1.8942031948934814,-0.8882060378014152,0.998282403203522,0.05168413797159627,8.756493087175024,-2.005992810405552,-0.8915874500579887,0.9998169131510068,0.05434262231249968,0.030624759489312835,0.15583505647279952,0.160272803734606,0.013814861126243277,nan,nan,nan,0.9964054969561378,-0.8108693556581503,1.0,-0.22007194545883912,5.0,3.3333333333333335,10.0,-3.3333333333333335,1.446997959309917,1.5465993406713059
101.10000000000001,8.802496037816294,-1.9253686614201144,-0.8861711578936559,0.9983775105135235,0.05014395519134831,8.776848724444505,-2.0405028110656542,-0.8961337442626633,0.9998010261650654,0.04421161452393563,0.031166912235806834,0.1573165419239248,0.16183065367705057,0.013665855706720225,nan,nan,nan,0.9972933667780437,-0.8179959412920974,1.0,-0.19840121650331266,5.0,3.3333333333333335,10.0,-3.3333333333333335,1.4620599624099926,1.5362965622191735
101.15,8.840080001797391,-1.972021474716235,-0.8832192002581388,0.9984253079293668,0.04923184878116955,8.814366432773674,-2.087308324068102,-0.8939634009982691,0.9996259543754981,0.020659154910698762,0.031164216042866337,0.15955631148563038,0.1641665682876535,0.013909641097867478,nan,nan,nan,0.9965534961008176,-0.8130857406475364,1.0,-0.20282270708378825,5.0,3.3333333333333335,10.0,-3.3333333333333335,1.4403952890467675,1.551936659670659
101.2,8.865217301609837,-2.0030562041576205,-0.8812289186621726,0.9983958558235845,0.050276539598313796,8.843415668311836,-2.1155864987517234,-0.8857191747423184,0.9994767360309509,0.08267404693904441,0.03072985864430998,0.16101428873730758,0.16569863767337958,0.013592959824401426,8.48443451094318,-2.7007369040039846,1.7127390390382038,0.9964962855413275,-0.8102285531157025,1.0,-0.20089184822192152,5.0,3.3333333333333335,10.0,-3.3333333333333335,1.429481285912318,1.562762505507943
101.25,8.903043823074704,-2.049511217065084,-0.8782205933112565,0.9984820386059319,0.04867593065427894,8.851758624436862,-2.217482273794114,-0.8832780751248565,1.0008827496617576,0.0345425823229341,0.030752276227297277,0.15550479681520785,0.15961365176969433,0.013893629056701749,nan,nan,nan,0.997221182619859,-0.8111523549674668,1.0,-0.19461936460156526,5.0,3.3333333333333335,10.0,-3.3333333333333335,1.4707289235930487,1.5276398134406002
101.30000000000001,8.928339007179664,-2.0804140176818873,-0.876251455099535,0.9981099674323863,0.05114988402135784,8.879581666311939,-2.2466411823727586,-0.8772371675118755,0.9999110339909283,0.07965359359270416,0.03047716395292966,0.15699501245293698,0.16116960142651934,0.013578829944100746,nan,nan,nan,0.9937138566898532,-0.7710930466630526,1.0,-0.24908246472697915,5.0,3.3333333333333335,10.0,-3.3333333333333335,1.3782023468550197,1.5875948847409345
101.35100000000001,8.966374745880605,-2.1266350227533866,-0.8729618713169208,0.9973311740000812,0.05633490798459993,8.917979110292732,-2.292708174625354,-0.8743427012973584,0.9988566214185665,0.028717256044922593,0.030470468042262458,0.15924866024652298,0.16350191545180176,0.013883534693210322,nan,nan,nan,0.9942682961755949,-0.7701186573135941,1.0,-0.24431937637410428,5.0,3.3333333333333335,10.0,-3.3333333333333335,1.4068385360420619,1.566013895223577
101.4,9.004534397513678,-2.172708821348726,-0.8694179248923778,0.996840027425498,0.06149223707056263,8.941822846666984,-2.3246757055538323,-0.8741130818883311,0.9983635309150974,0.0652235744153725,0.030673896674033394,0.16071579116693202,0.1650320674710448,0.013725665089453776,nan,nan,nan,0.9941257082415734,-0.765898688074827,1.0,-0.24124161654102672,5.0,3.3333333333333335,10.0,-3.3333333333333335,1.3848281755884262,1.5898135540131415
101.45,9.030048448278832,-2.2033425223052703,-0.8668881072310322,0.9965129504890964,0.0641608199387084,9.014340514000207,-2.3800028487460088,-0.8700423670779234,0.99949331854744,0.08170334598533344,0.030665192640525925,0.15512984079970538,0.15890531334765642,0.013964855078009656,9.309592750123558,-2.4097518177338477,0.47257798931404044,0.9936595094709543,-0.7614436345265866,1.0,-0.24134714599871243,5.0,3.3333333333333335,10.0,-3.3333333333333335,1.3912921391440871,1.5808754597636987
101.5,9.055624705165744,-2.2339104606907445,-0.8642935124396538,0.996309978151511,0.06478022519263442,9.04392786299606,-2.4076883837085106,-0.8622250371234266,0.9990075259199294,0.05504332767895462,0.030214895625605476,0.15662858960867962,0.16045879403719895,0.013641483763471443,nan,nan,nan,0.9948719458729239,-0.7687265938381223,1.0,-0.21652929804744003,5.0,3.3333333333333335,10.0,-3.3333333333333335,1.4174336050502707,1.5607852437804817
101.55000000000001,9.09411785304217,-2.2796463324939054,-0.8604298905508998,0.9962898767863109,0.06411646306990082,9.082984721732098,-2.4531430359456916,-0.8588251007678123,0.998588098362078,0.044502052229041356,0.030213927194531573,0.15889503172774777,0.16278806034224483,0.013944821169383604,nan,nan,nan,0.9956790459338936,-0.7692296670165633,1.0,-0.2094707398282587,5.0,3.3333333333333335,10.0,-3.3333333333333335,1.4226514764669957,1.5632998741445658
101.60000000000001,9.119872910080284,-2.3100624396500935,-0.8578675472430454,0.9963639738706025,0.06416316474848954,9.110508508867047,-2.4822884408242354,-0.8538791445798051,0.9984225176087039,0.06302843617974663,0.030057117838469455,0.1603724966953212,0.1643148547090524,0.013623828910698984,nan,nan,nan,0.9955933015155758,-0.7649108974577542,1.0,-0.20549804418173734,5.0,3.3333333333333335,10.0,-3.3333333333333335,1.4167991875555233,1.5695762472357075
101.65100000000001,9.158648503963674,-2.3555733320453522,-0.8540226186739314,0.9965118871121575,0.06361134522547049,9.133348171561222,-2.5708120514884234,-0.8507960986510872,0.9997688419338362,0.040350714041042665,0.030074819357316637,0.1547190652233704,0.15815137392930229,0.013923430488247427,8.928043922278084,-2.9652696541014567,0.9022536641681258,0.995901672675208,-0.7633128178421084,1.0,-0.20096625740090301,5.0,3.3333333333333335,10.0,-3.3333333333333335,1.4301949363012396,1.5590129223711535
101.7,9.197584508722104,-2.4009254285266675,-0.8500347444561747,0.9956846348826597,0.07028301110166013,9.158320897064318,-2.601941860573999,-0.8501088723809223,0.998566043158235,0.07857362558700942,0.030247047836751407,0.1562272686581965,0.1597014801505724,0.01360496862397289,nan,nan,nan,0.9916617653876846,-0.7215687939520293,1.0,-0.23580869364407686,5.0,3.3333333333333335,10.0,-3.3333333333333335,1.3433571812983645,1.6075925520103147
101.75,9.223614463243996,-2.431047037255361,-0.8470939780702955,0.9949186076108653,0.07523580019324935,9.197896154541676,-2.646881333519011,-0.8451988320930321,0.9969744884229023,0.10235014432332037,0.03024999281855648,0.15850602087058735,0.16202799202590012,0.013908971209554023,nan,nan,nan,0.9909408641972728,-0.7154029190427303,1.0,-0.23450839869294482,5.0,3.3333333333333335,10.0,-3.3333333333333335,1.3484973489041319,1.5999373958300929
101.80000000000001,9.249705829331681,-2.4610780331360975,-0.8439884967154637,0.9942565489276827,0.07889257375096351,9.227791834999605,-2.6740024662463115,-0.837726313198578,0.996097443678455,0.05016506289107621,0.029850139161107347,0.15999322231784838,0.1635522568724258,0.013592222768586718,nan,nan,nan,0.9905838285966493,-0.7078599373663322,1.0,-0.2298118764780659,5.0,3.3333333333333335,10.0,-3.3333333333333335,1.3541778693895143,1.5958689144392182
101.85000000000001,9.288973542823582,-2.5059586683752384,-0.8390758105507772,0.9936248237473715,0.08426387204791487,9.267810140165789,-2.7183643145589214,-0.8340586224177337,0.9952150215323178,0.08555303547120749,0.029853585453822388,0.16224223542017466,0.1658381708254335,0.013896485375436323,8.893384943836024,-3.106033079554526,1.0572740249504662,0.9914297188993644,-0.7067106593649198,1.0,-0.2221680117481024,5.0,3.3333333333333335,10.0,-3.3333333333333335,1.3467008405293122,1.6124803845840217
101.9,9.314690273528678,-2.534885547788107,-0.8337990111347744,0.9304951727546633,0.19615644854371467,9.261041009778289,-2.782572214510064,-0.8300482876553361,0.8797960103597958,0.2080529015290183,0.02984911813158387,0.15579299582176195,0.15890729045614527,0.013577511204306556,nan,nan,nan,0.3,0.48191767982661377,2.0,0.9547332991320159,10.0,-3.3333333333333335,15.0,3.3333333333333335,-2.7150138922005955,1.090496982044522
101.95,9.348364536572236,-2.5724523290774797,-0.8132219240095828,0.7828915111521495,0.4318083519489721,9.294805484111476,-2.819141070740873,-0.8127025924743201,0.7386767151246707,0.43219600865256225,0.029843302274909913,0.15808651631027817,0.16122745635011768,0.0138820115852599,nan,nan,nan,0.3,0.4954865520560505,2.0,0.9216238634713305,10.0,-3.3333333333333335,15.0,3.3333333333333335,-2.528345809676799,1.2210961325203011
102.0,9.377311466707107,-2.604286188821082,-0.7818683571660232,0.6739293421397204,0.5741949149584871,9.315907807091108,-2.8390358232363258,-0.7926800360786994,0.6694087126096624,0.5391243135995689,0.029700259827230718,0.1595932381809094,0.16275094945540222,0.01356840384687043,nan,nan,nan,0.3,0.5158626231163695,2.0,0.8726709702662951,10.0,-3.3333333333333335,15.0,3.3333333333333335,-2.2491649317497178,1.343339304542362
102.05000000000001,9.39468795859553,-2.6229562288148203,-0.757396111240565,0.6155460213499636,0.6308495417578424,9.343082829305914,-2.866048039267687,-0.7585653241173373,0.5823248026341085,0.6394394361613486,0.02970221962177892,0.16189451487124482,0.16504262755217725,0.013872983256015596,9.622196896415442,-3.7363869707181516,3.0005550838714656,0.3,0.5280310441913116,2.0,0.8438522603853182,10.0,-3.3333333333333335,15.0,3.3333333333333335,-2.106549176233977,1.390057120941163
102.10000000000001,9.410841744191556,-2.639876708760084,-0.7312074462998701,0.5661201905810153,0.6662506394637898,9.393585570329698,-2.968552732070803,-0.731019268915685,0.5448065207776314,0.6532218843706921,0.0295949239055447,0.1555531404776377,0.15823554283827362,0.013557035036140367,nan,nan,nan,0.3,0.5442462138749633,2.0,0.8059049129946569,10.0,-3.3333333333333335,15.0,3.3333333333333335,-1.9225201265851821,1.4531635610873248
102.15100000000001,9.433296466500181,-2.6624785632036496,-0.6900471932889634,0.5048776531616972,0.6991748351990771,9.417289843949588,-2.989261278918297,-0.6901192284683443,0.48721625483471154,0.6891674271587008,0.02960055045090677,0.15797928954505533,0.1605751467510211,0.013861762306968188,nan,nan,nan,0.3,0.5888398162047702,2.0,0.7039999044937599,10.0,-3.3333333333333335,15.0,3.3333333333333335,-1.8990205036540047,1.529978457686697
102.2,9.447290777311304,-2.6759189254889857,-0.6617797635059625,0.47114531039045005,0.7104549154588607,9.431096468634093,-3.0022740230999716,-0.663339020846061,0.45746438217133883,0.7100044501032581,0.029752146840380383,0.1596074198679492,0.16211470032508635,0.013550465654258312,nan,nan,nan,0.3,0.6028719423797959,2.0,0.6726113574893517,10.0,-3.3333333333333335,15.0,3.3333333333333335,-1.7691003784410562,1.5634683175607726
102.25,9.467167830400395,-2.6940200503398595,-0.6189449382335308,0.42912503708068145,0.7157859099763664,9.452308237898858,-3.018382607359592,-0.6213445017698493,0.4189039909390509,0.6908792973406688,0.029749760208464548,0.1621248652492828,0.16442533554471905,0.013855312090111207,nan,nan,nan,0.3,0.6113645817153307,2.0,0.6537584112327424,10.0,-3.3333333333333335,15.0,3.3333333333333335,-1.6990165354051423,1.5747668734064098
102.30000000000001,9.479831703935348,-2.70489630577056,-0.5903486725857527,0.4077450081288697,0.7146115397366035,9.406426141980283,-2.914547726368256,-0.5927248961576086,0.3889679950363584,0.6957152302986722,0.029735194403125262,0.15576876702878376,0.1575748018136223,0.013542023449986224,8.931118905701592,-1.913671143862853,5.412304943405217,0.3202644505490559,0.6234431967944003,2.0,0.6271238452651583,10.0,-3.3333333333333335,15.0,3.3333333333333335,-1.5595438612850039,1.6522398347308362
102.35000000000001,9.498439593488907,-2.7198622887925534,-0.547807137970193,0.391009908057279,0.7029549933643608,9.425677067566662,-2.9271199400532852,-0.549508579626302,0.37813874612455345,0.684893780984473,0.029744021123947605,0.15847022982444617,0.1599154942905958,0.013847023924301819,nan,nan,nan,0.38853642095175606,0.5790287429724212,2.0,0.7261304505948198,10.0,-3.3333333333333335,15.0,3.3333333333333335,-1.224088789718287,1.7764415180197906
102.40100000000001,9.51735677209477,-2.7337683510963235,-0.506256925883055,0.3890415038772695,0.6861803431257507,9.439341093878522,-2.9343274410623104,-0.5201758134199411,0.3805001903510099,0.6896012214494235,0.0296446004361194,0.16031033608825565,0.16144996325438904,0.01353747365178212,nan,nan,nan,0.4187659663627353,0.5892017804917243,2.0,0.7031863819146994,10.0,-3.3333333333333335,15.0,3.3333333333333335,-0.9962492072800423,1.8650074959204352
102.45,9.530347046408254,-2.7425911637455114,-0.4790971899236116,0.3915744089866372,0.6756182169919938,9.459385910521114,-2.9454463910660085,-0.47830637322768865,0.38662771929877127,0.6783875277832083,0.029654213959478974,0.16316860259424357,0.16373571018392513,0.013839790500367493,nan,nan,nan,0.4391154930641085,0.5960065793282018,2.0,0.6879306602597965,10.0,-3.3333333333333335,15.0,3.3333333333333335,-0.9962492072800423,1.8650074959204352
102.5,9.543723630805605,-2.751108819129906,-0.4523343124874681,0.3967866338807378,0.665415344291682,9.475036817075193,-2.950849929758712,-0.448040553409351,0.3951297568886478,0.6497367784052147,0.029363264895224287,0.165115815253309,0.16522578109640132,0.013613041014995114,9.696559073117752,-2.88437756591899,0.19396634759412087,0.4673542376242495,0.6061942575160288,2.0,0.6652234369435039,10.0,-3.3333333333333335,15.0,3.3333333333333335,-0.8837326190604233,1.9022947593671866
102.55000000000001,9.56468590830554,-2.763394985350867,-0.412891465836105,0.4081731218027539,0.6523922514573423,9.518066981748577,-2.956409868759045,-0.4098878598324612,0.41132274238471345,0.6445204008337635,0.02935971554959853,0.15977223681478933,0.15909718122544067,0.013914383627771398,nan,nan,nan,0.4876958501410072,0.6133072778874581,2.0,0.6494605884846187,10.0,-3.3333333333333335,15.0,3.3333333333333335,-0.8160988789983166,1.9340041789039315
102.60000000000001,9.579319771904604,-2.771278779961204,-0.3869873238089814,0.41727731999944406,0.644757667519581,9.531520907466673,-2.964645937234843,-0.3877011204434772,0.4223942281655628,0.6429479271269976,0.02969179224640537,0.16184950504186066,0.16058440731458723,0.013596698625870396,nan,nan,nan,0.5059030617645107,0.6304799041837148,2.0,0.6117004933457116,10.0,-3.3333333333333335,15.0,3.3333333333333335,-0.7593370492806791,1.9424025864769945
102.65,9.60231166070286,-2.7826422365033077,-0.3486522315617654,0.4318759489887065,0.6349443727425117,9.555404476181213,-2.974043209608205,-0.3495164045854619,0.4388439121944572,0.6199710332790627,0.02969302890283972,0.16504790330155825,0.1627845587438151,0.013900409162321332,nan,nan,nan,0.5187762942962643,0.6376762636973469,2.0,0.5959957116857559,10.0,-3.3333333333333335,15.0,3.3333333333333335,-0.7178676322045024,1.9504126167339342
102.7,9.618355060392203,-2.78990209367387,-0.3234053073247997,0.4428191319296057,0.6285969649841074,9.572376124658613,-2.9796653669106408,-0.3234155785595405,0.4516803662414528,0.628966036184302,0.02963944825357759,0.16721296586860096,0.16421114091278732,0.013584394723407653,9.221566422350573,-2.5324585873061527,1.153122608868736,0.5414846403240348,0.6490778800719653,2.0,0.5712504932901067,10.0,-3.3333333333333335,15.0,3.3333333333333335,-0.6444917555433448,1.9718066528698248
102.75,9.643572882651945,-2.800306135641857,-0.2859981859093952,0.4604493669431606,0.6194130613992997,9.558549913352048,-2.9410993074291327,-0.2855299379349585,0.4625431090420388,0.6218317593291991,0.0296432928593372,0.16183542865851552,0.15811389604602807,0.013886636645847935,nan,nan,nan,0.5567344102230706,0.6569313256479992,2.0,0.5542998801267256,10.0,-3.3333333333333335,15.0,3.3333333333333335,-0.5878056205807561,1.9763581132006354
